{
"type": "FeatureCollection",
"name": "bancos_materiales",
"crs": { "type": "name", "properties": { "name": "urn:ogc:def:crs:OGC:1.3:CRS84" } },
"features": [
{"type":"Feature","properties":{"capa_cad":"C3D-Eje Horizontal","color":"#FF00FF"},"geometry":{"type":"LineString","coordinates":[[-78.136706683969265,-0.143284791668332],[-78.136564740309197,-0.143284808184143]]}},
{"type":"Feature","properties":{"capa_cad":"C3D-Eje Horizontal","color":"#FF00FF"},"geometry":{"type":"LineString","coordinates":[[-78.136280093985405,-0.143284841301385],[-78.136137391321867,-0.143284857902807]]}},
{"type":"Feature","properties":{"capa_cad":"C3D-Eje Horizontal","color":"#FF00FF"},"geometry":{"type":"LineString","coordinates":[[-78.136920752285334,-0.143408562371385],[-78.136778049540681,-0.143408578961345]]}},
{"type":"Feature","properties":{"capa_cad":"C3D-Eje Horizontal","color":"#FF00FF"},"geometry":{"type":"LineString","coordinates":[[-78.136493403161992,-0.143408612050305],[-78.136351459527759,-0.143408628549315]]}},
{"type":"Feature","properties":{"capa_cad":"C3D-Eje Horizontal","color":"#FF00FF"},"geometry":{"type":"LineString","coordinates":[[-78.136066054199162,-0.143408661721119],[-78.135924110618248,-0.143408678217459]]}},
{"type":"Feature","properties":{"capa_cad":"C3D-Eje Horizontal","color":"#FF00FF"},"geometry":{"type":"LineString","coordinates":[[-78.137071818872656,-0.143532340437117],[-78.136991358801197,-0.143532349782916]]}},
{"type":"Feature","properties":{"capa_cad":"C3D-Eje Horizontal","color":"#FF00FF"},"geometry":{"type":"LineString","coordinates":[[-78.136706712367598,-0.143532382843599],[-78.136564768705981,-0.143532399328523]]}},
{"type":"Feature","properties":{"capa_cad":"C3D-Eje Horizontal","color":"#FF00FF"},"geometry":{"type":"LineString","coordinates":[[-78.136280122379119,-0.143532432383823],[-78.136137419714046,-0.143532448954189]]}},
{"type":"Feature","properties":{"capa_cad":"C3D-Eje Horizontal","color":"#FF00FF"},"geometry":{"type":"LineString","coordinates":[[-78.135852773494094,-0.143532482004096],[-78.135789771807026,-0.143532489318661]]}},
{"type":"Feature","properties":{"capa_cad":"C3D-Eje Horizontal","color":"#FF00FF"},"geometry":{"type":"LineString","coordinates":[[-78.136920780746905,-0.143656917763643],[-78.136778078000702,-0.143656934322459]]}},
{"type":"Feature","properties":{"capa_cad":"C3D-Eje Horizontal","color":"#FF00FF"},"geometry":{"type":"LineString","coordinates":[[-78.136493431618916,-0.14365696734929],[-78.136351487983134,-0.143656983817316]]}},
{"type":"Feature","properties":{"capa_cad":"C3D-Eje Horizontal","color":"#FF00FF"},"geometry":{"type":"LineString","coordinates":[[-78.136066082651453,-0.143657016926817],[-78.13592413906899,-0.143657033392168]]}},
{"type":"Feature","properties":{"capa_cad":"C3D-Eje Horizontal","color":"#FF00FF"},"geometry":{"type":"LineString","coordinates":[[-78.137134090010591,-0.143780688645937],[-78.136991387236861,-0.143780705190563]]}},
{"type":"Feature","properties":{"capa_cad":"C3D-Eje Horizontal","color":"#FF00FF"},"geometry":{"type":"LineString","coordinates":[[-78.136706740800179,-0.143780738189122],[-78.136564797137027,-0.143780754643065]]}},
{"type":"Feature","properties":{"capa_cad":"C3D-Eje Horizontal","color":"#FF00FF"},"geometry":{"type":"LineString","coordinates":[[-78.136280150807053,-0.143780787636232],[-78.136137448140445,-0.143780804175446]]}},
{"type":"Feature","properties":{"capa_cad":"C3D-Eje Horizontal","color":"#FF00FF"},"geometry":{"type":"LineString","coordinates":[[-78.13585280191738,-0.143780837163211],[-78.135710858360781,-0.143780853611771]]}},
{"type":"Feature","properties":{"capa_cad":"C3D-Eje Horizontal","color":"#FF00FF"},"geometry":{"type":"LineString","coordinates":[[-78.13734739939062,-0.143905223743327],[-78.137205455646779,-0.143905240185757]]}},
{"type":"Feature","properties":{"capa_cad":"C3D-Eje Horizontal","color":"#FF00FF"},"geometry":{"type":"LineString","coordinates":[[-78.136920809155001,-0.143905273155867],[-78.136778106407249,-0.143905289683537]]}},
{"type":"Feature","properties":{"capa_cad":"C3D-Eje Horizontal","color":"#FF00FF"},"geometry":{"type":"LineString","coordinates":[[-78.136493460022365,-0.143905322648241],[-78.136351516385034,-0.143905339085283]]}},
{"type":"Feature","properties":{"capa_cad":"C3D-Eje Horizontal","color":"#FF00FF"},"geometry":{"type":"LineString","coordinates":[[-78.136066111050226,-0.14390537213248],[-78.135924167466229,-0.143905388566843]]}},
{"type":"Feature","properties":{"capa_cad":"C3D-Eje Horizontal","color":"#FF00FF"},"geometry":{"type":"LineString","coordinates":[[-78.137434705149744,-0.144029009297997],[-78.137418764941017,-0.144029011142845]]}},
{"type":"Feature","properties":{"capa_cad":"C3D-Eje Horizontal","color":"#FF00FF"},"geometry":{"type":"LineString","coordinates":[[-78.137134118394343,-0.144029044084692],[-78.136991415619065,-0.144029060598175]]}},
{"type":"Feature","properties":{"capa_cad":"C3D-Eje Horizontal","color":"#FF00FF"},"geometry":{"type":"LineString","coordinates":[[-78.136706769179284,-0.144029093534611],[-78.136564825514583,-0.144029109957572]]}},
{"type":"Feature","properties":{"capa_cad":"C3D-Eje Horizontal","color":"#FF00FF"},"geometry":{"type":"LineString","coordinates":[[-78.136280179181512,-0.144029142888606],[-78.136137476513341,-0.144029159396668]]}},
{"type":"Feature","properties":{"capa_cad":"C3D-Eje Horizontal","color":"#FF00FF"},"geometry":{"type":"LineString","coordinates":[[-78.135852830287178,-0.14402919232229],[-78.135710886729029,-0.14402920873986]]}},
{"type":"Feature","properties":{"capa_cad":"C3D-Eje Horizontal","color":"#FF00FF"},"geometry":{"type":"LineString","coordinates":[[-78.137347427662689,-0.144152815057888],[-78.137205483917313,-0.144152831469439]]}},
{"type":"Feature","properties":{"capa_cad":"C3D-Eje Horizontal","color":"#FF00FF"},"geometry":{"type":"LineString","coordinates":[[-78.136920837422451,-0.14415286437762],[-78.136778134673136,-0.144152880874242]]}},
{"type":"Feature","properties":{"capa_cad":"C3D-Eje Horizontal","color":"#FF00FF"},"geometry":{"type":"LineString","coordinates":[[-78.136493488285168,-0.144152913777008],[-78.136351544646303,-0.144152930183161]]}},
{"type":"Feature","properties":{"capa_cad":"C3D-Eje Horizontal","color":"#FF00FF"},"geometry":{"type":"LineString","coordinates":[[-78.136066139308383,-0.144152963168247],[-78.135924195722851,-0.144152979571717]]}},
{"type":"Feature","properties":{"capa_cad":"C3D-Eje Horizontal","color":"#FF00FF"},"geometry":{"type":"LineString","coordinates":[[-78.135639549548529,-0.14415301246366],[-78.13560539201238,-0.144153016410444]]}},
{"type":"Feature","properties":{"capa_cad":"C3D-Eje Horizontal","color":"#FF00FF"},"geometry":{"type":"LineString","coordinates":[[-78.137560737047153,-0.144277350246298],[-78.137418793274406,-0.14427736664368]]}},
{"type":"Feature","properties":{"capa_cad":"C3D-Eje Horizontal","color":"#FF00FF"},"geometry":{"type":"LineString","coordinates":[[-78.13713414672462,-0.144277399523412],[-78.136991443947792,-0.144277416005753]]}},
{"type":"Feature","properties":{"capa_cad":"C3D-Eje Horizontal","color":"#FF00FF"},"geometry":{"type":"LineString","coordinates":[[-78.1367067975049,-0.144277448880064],[-78.136564853838664,-0.144277465272044]]}},
{"type":"Feature","properties":{"capa_cad":"C3D-Eje Horizontal","color":"#FF00FF"},"geometry":{"type":"LineString","coordinates":[[-78.13628020750248,-0.144277498140944],[-78.136137504832746,-0.144277514617855]]}},
{"type":"Feature","properties":{"capa_cad":"C3D-Eje Horizontal","color":"#FF00FF"},"geometry":{"type":"LineString","coordinates":[[-78.135852858603485,-0.144277547481335],[-78.135710915043788,-0.144277563867913]]}},
{"type":"Feature","properties":{"capa_cad":"C3D-Eje Horizontal","color":"#FF00FF"},"geometry":{"type":"LineString","coordinates":[[-78.137657151477953,-0.144401134800551],[-78.13763210257332,-0.144401137691658]]}},
{"type":"Feature","properties":{"capa_cad":"C3D-Eje Horizontal","color":"#FF00FF"},"geometry":{"type":"LineString","coordinates":[[-78.137347455968651,-0.144401170543136],[-78.137205512221726,-0.144401186923712]]}},
{"type":"Feature","properties":{"capa_cad":"C3D-Eje Horizontal","color":"#FF00FF"},"geometry":{"type":"LineString","coordinates":[[-78.136920865723738,-0.144401219769774],[-78.136778162972874,-0.144401236235251]]}},
{"type":"Feature","properties":{"capa_cad":"C3D-Eje Horizontal","color":"#FF00FF"},"geometry":{"type":"LineString","coordinates":[[-78.136493516581794,-0.144401269075888],[-78.136351572941379,-0.144401285451058]]}},
{"type":"Feature","properties":{"capa_cad":"C3D-Eje Horizontal","color":"#FF00FF"},"geometry":{"type":"LineString","coordinates":[[-78.136066167600347,-0.14440131837384],[-78.135924224013266,-0.144401334746321]]}},
{"type":"Feature","properties":{"capa_cad":"C3D-Eje Horizontal","color":"#FF00FF"},"geometry":{"type":"LineString","coordinates":[[-78.135639577835832,-0.144401367576118],[-78.13556822653851,-0.144401375804875]]}},
{"type":"Feature","properties":{"capa_cad":"C3D-Eje Horizontal","color":"#FF00FF"},"geometry":{"type":"LineString","coordinates":[[-78.137560765241687,-0.144524941607205],[-78.137418821467378,-0.14452495797371]]}},
{"type":"Feature","properties":{"capa_cad":"C3D-Eje Horizontal","color":"#FF00FF"},"geometry":{"type":"LineString","coordinates":[[-78.137134174914507,-0.144524990791518],[-78.136991472136131,-0.144525007242812]]}},
{"type":"Feature","properties":{"capa_cad":"C3D-Eje Horizontal","color":"#FF00FF"},"geometry":{"type":"LineString","coordinates":[[-78.136706825690126,-0.144525040055191],[-78.136564882022327,-0.144525056416285]]}},
{"type":"Feature","properties":{"capa_cad":"C3D-Eje Horizontal","color":"#FF00FF"},"geometry":{"type":"LineString","coordinates":[[-78.13628023568306,-0.144525089223243],[-78.136137533011777,-0.144525105669098]]}},
{"type":"Feature","properties":{"capa_cad":"C3D-Eje Horizontal","color":"#FF00FF"},"geometry":{"type":"LineString","coordinates":[[-78.135852886779404,-0.144525138470626],[-78.135710943218157,-0.14452515482631]]}},
{"type":"Feature","properties":{"capa_cad":"C3D-Eje Horizontal","color":"#FF00FF"},"geometry":{"type":"LineString","coordinates":[[-78.137774833688425,-0.144649476799204],[-78.137632130828919,-0.14464949323898]]}},
{"type":"Feature","properties":{"capa_cad":"C3D-Eje Horizontal","color":"#FF00FF"},"geometry":{"type":"LineString","coordinates":[[-78.137347484221138,-0.144649526028348],[-78.13720554047265,-0.144649542377949]]}},
{"type":"Feature","properties":{"capa_cad":"C3D-Eje Horizontal","color":"#FF00FF"},"geometry":{"type":"LineString","coordinates":[[-78.136920893971549,-0.144649575161892],[-78.136778191219136,-0.144649591596224]]}},
{"type":"Feature","properties":{"capa_cad":"C3D-Eje Horizontal","color":"#FF00FF"},"geometry":{"type":"LineString","coordinates":[[-78.13649354482493,-0.144649624374733],[-78.13635160118298,-0.144649640718919]]}},
{"type":"Feature","properties":{"capa_cad":"C3D-Eje Horizontal","color":"#FF00FF"},"geometry":{"type":"LineString","coordinates":[[-78.136066195838822,-0.144649673579397],[-78.135924252250177,-0.144649689920891]]}},
{"type":"Feature","properties":{"capa_cad":"C3D-Eje Horizontal","color":"#FF00FF"},"geometry":{"type":"LineString","coordinates":[[-78.135639606069631,-0.14464972268854],[-78.135531061011534,-0.144649735182984]]}},
{"type":"Feature","properties":{"capa_cad":"C3D-Eje Horizontal","color":"#FF00FF"},"geometry":{"type":"LineString","coordinates":[[-78.137869729984374,-0.144773261582036],[-78.137845440132537,-0.144773264377819]]}},
{"type":"Feature","properties":{"capa_cad":"C3D-Eje Horizontal","color":"#FF00FF"},"geometry":{"type":"LineString","coordinates":[[-78.137560793469859,-0.144773297138942],[-78.137418849693987,-0.144773313474474]]}},
{"type":"Feature","properties":{"capa_cad":"C3D-Eje Horizontal","color":"#FF00FF"},"geometry":{"type":"LineString","coordinates":[[-78.137134203138004,-0.144773346230168],[-78.13699150035805,-0.144773362650319]]}},
{"type":"Feature","properties":{"capa_cad":"C3D-Eje Horizontal","color":"#FF00FF"},"geometry":{"type":"LineString","coordinates":[[-78.136706853908947,-0.144773395400574],[-78.136564910239599,-0.144773411730686]]}},
{"type":"Feature","properties":{"capa_cad":"C3D-Eje Horizontal","color":"#FF00FF"},"geometry":{"type":"LineString","coordinates":[[-78.136280263897206,-0.144773444475511],[-78.136137561224345,-0.144773460890214]]}},
{"type":"Feature","properties":{"capa_cad":"C3D-Eje Horizontal","color":"#FF00FF"},"geometry":{"type":"LineString","coordinates":[[-78.135852914988874,-0.1447734936296],[-78.135710971426079,-0.144773509954293]]}},
{"type":"Feature","properties":{"capa_cad":"C3D-Eje Horizontal","color":"#FF00FF"},"geometry":{"type":"LineString","coordinates":[[-78.137774861892112,-0.144897832377643],[-78.137632159031057,-0.144897848786267]]}},
{"type":"Feature","properties":{"capa_cad":"C3D-Eje Horizontal","color":"#FF00FF"},"geometry":{"type":"LineString","coordinates":[[-78.137347512420149,-0.144897881513525],[-78.137205568670112,-0.144897897832168]]}},
{"type":"Feature","properties":{"capa_cad":"C3D-Eje Horizontal","color":"#FF00FF"},"geometry":{"type":"LineString","coordinates":[[-78.136920922165899,-0.144897930553992],[-78.136778219411909,-0.144897946957162]]}},
{"type":"Feature","properties":{"capa_cad":"C3D-Eje Horizontal","color":"#FF00FF"},"geometry":{"type":"LineString","coordinates":[[-78.13649357301459,-0.144897979673542],[-78.136351629371077,-0.144897995986762]]}},
{"type":"Feature","properties":{"capa_cad":"C3D-Eje Horizontal","color":"#FF00FF"},"geometry":{"type":"LineString","coordinates":[[-78.136066224023793,-0.14489802878492],[-78.135924280433599,-0.144898045095424]]}},
{"type":"Feature","properties":{"capa_cad":"C3D-Eje Horizontal","color":"#FF00FF"},"geometry":{"type":"LineString","coordinates":[[-78.135639634249927,-0.144898077800927],[-78.135496931656647,-0.144898094195915]]}},
{"type":"Feature","properties":{"capa_cad":"C3D-Eje Horizontal","color":"#FF00FF"},"geometry":{"type":"LineString","coordinates":[[-78.137988171198941,-0.145021603577158],[-78.13784546831036,-0.145021619971642]]}},
{"type":"Feature","properties":{"capa_cad":"C3D-Eje Horizontal","color":"#FF00FF"},"geometry":{"type":"LineString","coordinates":[[-78.137560821644556,-0.145021652670659],[-78.137418877867148,-0.145021668975203]]}},
{"type":"Feature","properties":{"capa_cad":"C3D-Eje Horizontal","color":"#FF00FF"},"geometry":{"type":"LineString","coordinates":[[-78.137134231308011,-0.145021701668781],[-78.136991528526508,-0.145021718057807]]}},
{"type":"Feature","properties":{"capa_cad":"C3D-Eje Horizontal","color":"#FF00FF"},"geometry":{"type":"LineString","coordinates":[[-78.136706882074279,-0.145021750745938],[-78.136564938403367,-0.145021767045052]]}},
{"type":"Feature","properties":{"capa_cad":"C3D-Eje Horizontal","color":"#FF00FF"},"geometry":{"type":"LineString","coordinates":[[-78.136280292057862,-0.145021799727744],[-78.136137589383438,-0.145021816111312]]}},
{"type":"Feature","properties":{"capa_cad":"C3D-Eje Horizontal","color":"#FF00FF"},"geometry":{"type":"LineString","coordinates":[[-78.135852943144855,-0.145021848788556],[-78.135710999580482,-0.145021865082241]]}},
{"type":"Feature","properties":{"capa_cad":"C3D-Eje Horizontal","color":"#FF00FF"},"geometry":{"type":"LineString","coordinates":[[-78.135426353448636,-0.145021897754046],[-78.135417244773592,-0.14502189879949]]}},
{"type":"Feature","properties":{"capa_cad":"C3D-Eje Horizontal","color":"#FF00FF"},"geometry":{"type":"LineString","coordinates":[[-78.138073199721092,-0.145145389545941],[-78.138059536676693,-0.145145391114214]]}},
{"type":"Feature","properties":{"capa_cad":"C3D-Eje Horizontal","color":"#FF00FF"},"geometry":{"type":"LineString","coordinates":[[-78.137774889955807,-0.145145423785006],[-78.137632187093189,-0.145145440162606]]}},
{"type":"Feature","properties":{"capa_cad":"C3D-Eje Horizontal","color":"#FF00FF"},"geometry":{"type":"LineString","coordinates":[[-78.137347540479169,-0.145145472827945],[-78.137205596727583,-0.145145489115693]]}},
{"type":"Feature","properties":{"capa_cad":"C3D-Eje Horizontal","color":"#FF00FF"},"geometry":{"type":"LineString","coordinates":[[-78.136920950220244,-0.145145521775588],[-78.136778247464704,-0.145145538147726]]}},
{"type":"Feature","properties":{"capa_cad":"C3D-Eje Horizontal","color":"#FF00FF"},"geometry":{"type":"LineString","coordinates":[[-78.136493601064274,-0.145145570802169],[-78.136351657419198,-0.145145587084483]]}},
{"type":"Feature","properties":{"capa_cad":"C3D-Eje Horizontal","color":"#FF00FF"},"geometry":{"type":"LineString","coordinates":[[-78.136066252068801,-0.145145619820546],[-78.135924308477058,-0.145145636100158]]}},
{"type":"Feature","properties":{"capa_cad":"C3D-Eje Horizontal","color":"#FF00FF"},"geometry":{"type":"LineString","coordinates":[[-78.135639662290274,-0.145145668743704],[-78.135496959695431,-0.145145685107629]]}},
{"type":"Feature","properties":{"capa_cad":"C3D-Eje Horizontal","color":"#FF00FF"},"geometry":{"type":"LineString","coordinates":[[-78.137988199324866,-0.145269959202062],[-78.137845496434721,-0.145269975565413]]}},
{"type":"Feature","properties":{"capa_cad":"C3D-Eje Horizontal","color":"#FF00FF"},"geometry":{"type":"LineString","coordinates":[[-78.137560849765791,-0.145270008202325],[-78.137418905986806,-0.145270024475896]]}},
{"type":"Feature","properties":{"capa_cad":"C3D-Eje Horizontal","color":"#FF00FF"},"geometry":{"type":"LineString","coordinates":[[-78.13713425942457,-0.14527005710736],[-78.13699155664149,-0.145270073465243]]}},
{"type":"Feature","properties":{"capa_cad":"C3D-Eje Horizontal","color":"#FF00FF"},"geometry":{"type":"LineString","coordinates":[[-78.136706910186135,-0.14527010609125],[-78.13656496651366,-0.145270122359383]]}},
{"type":"Feature","properties":{"capa_cad":"C3D-Eje Horizontal","color":"#FF00FF"},"geometry":{"type":"LineString","coordinates":[[-78.136280320165028,-0.145270154979941],[-78.136137617489041,-0.145270171332358]]}},
{"type":"Feature","properties":{"capa_cad":"C3D-Eje Horizontal","color":"#FF00FF"},"geometry":{"type":"LineString","coordinates":[[-78.135852971247317,-0.145270203947459],[-78.135711027681396,-0.145270220210154]]}},
{"type":"Feature","properties":{"capa_cad":"C3D-Eje Horizontal","color":"#FF00FF"},"geometry":{"type":"LineString","coordinates":[[-78.135426381546424,-0.145270252819807],[-78.135326186123862,-0.145270264297539]]}},
{"type":"Feature","properties":{"capa_cad":"C3D-Eje Horizontal","color":"#FF00FF"},"geometry":{"type":"LineString","coordinates":[[-78.138201508636385,-0.145393730492451],[-78.138059564776754,-0.145393746754683]]}},
{"type":"Feature","properties":{"capa_cad":"C3D-Eje Horizontal","color":"#FF00FF"},"geometry":{"type":"LineString","coordinates":[[-78.137774918052742,-0.145393779363374],[-78.13763221518856,-0.145393795709822]]}},
{"type":"Feature","properties":{"capa_cad":"C3D-Eje Horizontal","color":"#FF00FF"},"geometry":{"type":"LineString","coordinates":[[-78.1373475685714,-0.145393828313051],[-78.13720562481825,-0.145393844569841]]}},
{"type":"Feature","properties":{"capa_cad":"C3D-Eje Horizontal","color":"#FF00FF"},"geometry":{"type":"LineString","coordinates":[[-78.136920978307785,-0.145393877167617],[-78.136778275550682,-0.145393893508593]]}},
{"type":"Feature","properties":{"capa_cad":"C3D-Eje Horizontal","color":"#FF00FF"},"geometry":{"type":"LineString","coordinates":[[-78.136493629147111,-0.145393926100907],[-78.136351685500486,-0.145393942352254]]}},
{"type":"Feature","properties":{"capa_cad":"C3D-Eje Horizontal","color":"#FF00FF"},"geometry":{"type":"LineString","coordinates":[[-78.136066280146949,-0.145393975025997],[-78.135924336553643,-0.145393991274621]]}},
{"type":"Feature","properties":{"capa_cad":"C3D-Eje Horizontal","color":"#FF00FF"},"geometry":{"type":"LineString","coordinates":[[-78.135639690363732,-0.14539402385602],[-78.135496987767326,-0.145394040188786]]}},
{"type":"Feature","properties":{"capa_cad":"C3D-Eje Horizontal","color":"#FF00FF"},"geometry":{"type":"LineString","coordinates":[[-78.137988227397329,-0.145518314826931],[-78.137845524505607,-0.145518331159148]]}},
{"type":"Feature","properties":{"capa_cad":"C3D-Eje Horizontal","color":"#FF00FF"},"geometry":{"type":"LineString","coordinates":[[-78.13756087783355,-0.145518363733954],[-78.137418934053017,-0.145518379976553]]}},
{"type":"Feature","properties":{"capa_cad":"C3D-Eje Horizontal","color":"#FF00FF"},"geometry":{"type":"LineString","coordinates":[[-78.13713428748764,-0.145518412545902],[-78.136991584702997,-0.145518428872643]]}},
{"type":"Feature","properties":{"capa_cad":"C3D-Eje Horizontal","color":"#FF00FF"},"geometry":{"type":"LineString","coordinates":[[-78.136706938244501,-0.145518461436526],[-78.136564994570463,-0.145518477673677]]}},
{"type":"Feature","properties":{"capa_cad":"C3D-Eje Horizontal","color":"#FF00FF"},"geometry":{"type":"LineString","coordinates":[[-78.136280348218705,-0.145518510232103],[-78.13613764554114,-0.145518526553367]]}},
{"type":"Feature","properties":{"capa_cad":"C3D-Eje Horizontal","color":"#FF00FF"},"geometry":{"type":"LineString","coordinates":[[-78.13585299929629,-0.145518559106326],[-78.135711055728805,-0.14551857533803]]}},
{"type":"Feature","properties":{"capa_cad":"C3D-Eje Horizontal","color":"#FF00FF"},"geometry":{"type":"LineString","coordinates":[[-78.135426409590707,-0.145518607885532],[-78.135321659829799,-0.145518619862107]]}},
{"type":"Feature","properties":{"capa_cad":"C3D-Eje Horizontal","color":"#FF00FF"},"geometry":{"type":"LineString","coordinates":[[-78.138201536684562,-0.145642086163833],[-78.138059592823367,-0.1456421023951]]}},
{"type":"Feature","properties":{"capa_cad":"C3D-Eje Horizontal","color":"#FF00FF"},"geometry":{"type":"LineString","coordinates":[[-78.137774946096201,-0.14564213494169],[-78.137632243230456,-0.145642151257002]]}},
{"type":"Feature","properties":{"capa_cad":"C3D-Eje Horizontal","color":"#FF00FF"},"geometry":{"type":"LineString","coordinates":[[-78.137347596610169,-0.145642183798121],[-78.137205652855457,-0.145642200023936]]}},
{"type":"Feature","properties":{"capa_cad":"C3D-Eje Horizontal","color":"#FF00FF"},"geometry":{"type":"LineString","coordinates":[[-78.136921006341865,-0.145642232559593],[-78.136778303583171,-0.145642248869425]]}},
{"type":"Feature","properties":{"capa_cad":"C3D-Eje Horizontal","color":"#FF00FF"},"geometry":{"type":"LineString","coordinates":[[-78.136493657176473,-0.14564228139961],[-78.136351713528285,-0.145642297619973]]}},
{"type":"Feature","properties":{"capa_cad":"C3D-Eje Horizontal","color":"#FF00FF"},"geometry":{"type":"LineString","coordinates":[[-78.136066308171607,-0.145642330231413],[-78.135924364576738,-0.145642346449048]]}},
{"type":"Feature","properties":{"capa_cad":"C3D-Eje Horizontal","color":"#FF00FF"},"geometry":{"type":"LineString","coordinates":[[-78.135639718383672,-0.1456423789683],[-78.135497015785703,-0.145642395269908]]}},
{"type":"Feature","properties":{"capa_cad":"C3D-Eje Horizontal","color":"#FF00FF"},"geometry":{"type":"LineString","coordinates":[[-78.138392074252806,-0.145765860146805],[-78.138272902112249,-0.145765873762244]]}},
{"type":"Feature","properties":{"capa_cad":"C3D-Eje Horizontal","color":"#FF00FF"},"geometry":{"type":"LineString","coordinates":[[-78.1379882553302,-0.145765906280612],[-78.137845552436914,-0.145765922581792]]}},
{"type":"Feature","properties":{"capa_cad":"C3D-Eje Horizontal","color":"#FF00FF"},"geometry":{"type":"LineString","coordinates":[[-78.137560905761731,-0.145765955094684],[-78.137418961979634,-0.145765971306406]]}},
{"type":"Feature","properties":{"capa_cad":"C3D-Eje Horizontal","color":"#FF00FF"},"geometry":{"type":"LineString","coordinates":[[-78.137134315411132,-0.145766003813832],[-78.136991612624911,-0.145766020109526]]}},
{"type":"Feature","properties":{"capa_cad":"C3D-Eje Horizontal","color":"#FF00FF"},"geometry":{"type":"LineString","coordinates":[[-78.136706966163288,-0.145766052611476],[-78.136565022487716,-0.145766068817741]]}},
{"type":"Feature","properties":{"capa_cad":"C3D-Eje Horizontal","color":"#FF00FF"},"geometry":{"type":"LineString","coordinates":[[-78.136280376132817,-0.145766101314225],[-78.136137673453675,-0.145766117604433]]}},
{"type":"Feature","properties":{"capa_cad":"C3D-Eje Horizontal","color":"#FF00FF"},"geometry":{"type":"LineString","coordinates":[[-78.135853027205698,-0.145766150095441],[-78.135711083636664,-0.14576616629625]]}},
{"type":"Feature","properties":{"capa_cad":"C3D-Eje Horizontal","color":"#FF00FF"},"geometry":{"type":"LineString","coordinates":[[-78.135426437495425,-0.145766198781791],[-78.135325483014455,-0.145766210302457]]}},
{"type":"Feature","properties":{"capa_cad":"C3D-Eje Horizontal","color":"#FF00FF"},"geometry":{"type":"LineString","coordinates":[[-78.138201564679278,-0.145890441835179],[-78.138059620816506,-0.145890458035481]]}},
{"type":"Feature","properties":{"capa_cad":"C3D-Eje Horizontal","color":"#FF00FF"},"geometry":{"type":"LineString","coordinates":[[-78.137774974086227,-0.14589049051997],[-78.137632271218891,-0.145890506804147]]}},
{"type":"Feature","properties":{"capa_cad":"C3D-Eje Horizontal","color":"#FF00FF"},"geometry":{"type":"LineString","coordinates":[[-78.137347624595463,-0.145890539283155],[-78.137205680839187,-0.145890555477996]]}},
{"type":"Feature","properties":{"capa_cad":"C3D-Eje Horizontal","color":"#FF00FF"},"geometry":{"type":"LineString","coordinates":[[-78.136921034322441,-0.145890587951533],[-78.136778331562184,-0.14589060423022]]}},
{"type":"Feature","properties":{"capa_cad":"C3D-Eje Horizontal","color":"#FF00FF"},"geometry":{"type":"LineString","coordinates":[[-78.136493685152359,-0.145890636698277],[-78.13635174150258,-0.145890652887657]]}},
{"type":"Feature","properties":{"capa_cad":"C3D-Eje Horizontal","color":"#FF00FF"},"geometry":{"type":"LineString","coordinates":[[-78.136066336142761,-0.145890685436793],[-78.135924392546315,-0.145890701623439]]}},
{"type":"Feature","properties":{"capa_cad":"C3D-Eje Horizontal","color":"#FF00FF"},"geometry":{"type":"LineString","coordinates":[[-78.135639746350137,-0.145890734080545],[-78.13549704375059,-0.145890750350993]]}},
{"type":"Feature","properties":{"capa_cad":"C3D-Eje Horizontal","color":"#FF00FF"},"geometry":{"type":"LineString","coordinates":[[-78.138364776125641,-0.146014218975803],[-78.138272930081101,-0.146014229449138]]}},
{"type":"Feature","properties":{"capa_cad":"C3D-Eje Horizontal","color":"#FF00FF"},"geometry":{"type":"LineString","coordinates":[[-78.137988283295925,-0.146014261905409],[-78.137845580401049,-0.146014278175456]]}},
{"type":"Feature","properties":{"capa_cad":"C3D-Eje Horizontal","color":"#FF00FF"},"geometry":{"type":"LineString","coordinates":[[-78.137560933722725,-0.146014310626243],[-78.137418989939064,-0.146014326806992]]}},
{"type":"Feature","properties":{"capa_cad":"C3D-Eje Horizontal","color":"#FF00FF"},"geometry":{"type":"LineString","coordinates":[[-78.137134343367421,-0.146014359252303],[-78.136991640579623,-0.146014375516855]]}},
{"type":"Feature","properties":{"capa_cad":"C3D-Eje Horizontal","color":"#FF00FF"},"geometry":{"type":"LineString","coordinates":[[-78.13670699411486,-0.146014407956681],[-78.13656505043771,-0.146014424131965]]}},
{"type":"Feature","properties":{"capa_cad":"C3D-Eje Horizontal","color":"#FF00FF"},"geometry":{"type":"LineString","coordinates":[[-78.13628040407967,-0.146014456566315],[-78.136137701398965,-0.146014472825372]]}},
{"type":"Feature","properties":{"capa_cad":"C3D-Eje Horizontal","color":"#FF00FF"},"geometry":{"type":"LineString","coordinates":[[-78.135853055147848,-0.146014505254237],[-78.135711111577223,-0.146014521424055]]}},
{"type":"Feature","properties":{"capa_cad":"C3D-Eje Horizontal","color":"#FF00FF"},"geometry":{"type":"LineString","coordinates":[[-78.135426465432857,-0.146014553847445],[-78.135283762859288,-0.146014570101006]]}},
{"type":"Feature","properties":{"capa_cad":"C3D-Eje Horizontal","color":"#FF00FF"},"geometry":{"type":"LineString","coordinates":[[-78.138201592620533,-0.146138797506489],[-78.138059648756197,-0.146138813675826]]}},
{"type":"Feature","properties":{"capa_cad":"C3D-Eje Horizontal","color":"#FF00FF"},"geometry":{"type":"LineString","coordinates":[[-78.137775002022764,-0.146138846098214],[-78.13763229915385,-0.146138862351255]]}},
{"type":"Feature","properties":{"capa_cad":"C3D-Eje Horizontal","color":"#FF00FF"},"geometry":{"type":"LineString","coordinates":[[-78.137347652527282,-0.146138894768154],[-78.137205708769443,-0.14613891093202]]}},
{"type":"Feature","properties":{"capa_cad":"C3D-Eje Horizontal","color":"#FF00FF"},"geometry":{"type":"LineString","coordinates":[[-78.136921062249556,-0.146138943343438],[-78.136778359487721,-0.14613895959098]]}},
{"type":"Feature","properties":{"capa_cad":"C3D-Eje Horizontal","color":"#FF00FF"},"geometry":{"type":"LineString","coordinates":[[-78.136493713074742,-0.146138991996908],[-78.136351769423399,-0.146139008155304]]}},
{"type":"Feature","properties":{"capa_cad":"C3D-Eje Horizontal","color":"#FF00FF"},"geometry":{"type":"LineString","coordinates":[[-78.136066364060426,-0.146139040642153],[-78.135924420462416,-0.146139056797795]]}},
{"type":"Feature","properties":{"capa_cad":"C3D-Eje Horizontal","color":"#FF00FF"},"geometry":{"type":"LineString","coordinates":[[-78.135639774263083,-0.146139089192753],[-78.135497071661959,-0.14613910543206]]}},
{"type":"Feature","properties":{"capa_cad":"C3D-Eje Horizontal","color":"#FF00FF"},"geometry":{"type":"LineString","coordinates":[[-78.135212425569577,-0.146139137821528],[-78.135070482078135,-0.1461391539717]]}},
{"type":"Feature","properties":{"capa_cad":"C3D-Eje Horizontal","color":"#FF00FF"},"geometry":{"type":"LineString","coordinates":[[-78.137988311208176,-0.14626261753017],[-78.137845608311736,-0.146262633769084]]}},
{"type":"Feature","properties":{"capa_cad":"C3D-Eje Horizontal","color":"#FF00FF"},"geometry":{"type":"LineString","coordinates":[[-78.137560961630257,-0.146262666157765],[-78.137419017845019,-0.146262682307542]]}},
{"type":"Feature","properties":{"capa_cad":"C3D-Eje Horizontal","color":"#FF00FF"},"geometry":{"type":"LineString","coordinates":[[-78.137134371270221,-0.146262714690738],[-78.136991668480846,-0.146262730924148]]}},
{"type":"Feature","properties":{"capa_cad":"C3D-Eje Horizontal","color":"#FF00FF"},"geometry":{"type":"LineString","coordinates":[[-78.136707022012942,-0.14626276330185],[-78.136565078334229,-0.146262779446152]]}},
{"type":"Feature","properties":{"capa_cad":"C3D-Eje Horizontal","color":"#FF00FF"},"geometry":{"type":"LineString","coordinates":[[-78.136280431973034,-0.146262811818369],[-78.136137729290766,-0.146262828046274]]}},
{"type":"Feature","properties":{"capa_cad":"C3D-Eje Horizontal","color":"#FF00FF"},"geometry":{"type":"LineString","coordinates":[[-78.13585308303648,-0.146262860412997],[-78.135711139464306,-0.146262876551824]]}},
{"type":"Feature","properties":{"capa_cad":"C3D-Eje Horizontal","color":"#FF00FF"},"geometry":{"type":"LineString","coordinates":[[-78.135426493316785,-0.146262908913062],[-78.135283790741624,-0.146262925135463]]}},
{"type":"Feature","properties":{"capa_cad":"C3D-Eje Horizontal","color":"#FF00FF"},"geometry":{"type":"LineString","coordinates":[[-78.134999144701055,-0.146262957491207],[-78.134982445468893,-0.146262959389299]]}},
{"type":"Feature","properties":{"capa_cad":"C3D-Eje Horizontal","color":"#FF00FF"},"geometry":{"type":"LineString","coordinates":[[-78.137775029820133,-0.146386437505414],[-78.137632326949642,-0.146386453727416]]}},
{"type":"Feature","properties":{"capa_cad":"C3D-Eje Horizontal","color":"#FF00FF"},"geometry":{"type":"LineString","coordinates":[[-78.137347680319934,-0.146386486082396],[-78.137205736560531,-0.146386502215383]]}},
{"type":"Feature","properties":{"capa_cad":"C3D-Eje Horizontal","color":"#FF00FF"},"geometry":{"type":"LineString","coordinates":[[-78.136921090037504,-0.146386534564873],[-78.136778387274092,-0.146386550781366]]}},
{"type":"Feature","properties":{"capa_cad":"C3D-Eje Horizontal","color":"#FF00FF"},"geometry":{"type":"LineString","coordinates":[[-78.136493740857972,-0.146386583125356],[-78.13635179720508,-0.146386599252864]]}},
{"type":"Feature","properties":{"capa_cad":"C3D-Eje Horizontal","color":"#FF00FF"},"geometry":{"type":"LineString","coordinates":[[-78.136066391838952,-0.146386631677584],[-78.135924448239365,-0.14638664780235]]}},
{"type":"Feature","properties":{"capa_cad":"C3D-Eje Horizontal","color":"#FF00FF"},"geometry":{"type":"LineString","coordinates":[[-78.135639802036891,-0.146386680135352],[-78.13549709943419,-0.14638669634358]]}},
{"type":"Feature","properties":{"capa_cad":"C3D-Eje Horizontal","color":"#FF00FF"},"geometry":{"type":"LineString","coordinates":[[-78.135212453338667,-0.146386728671083],[-78.13508569096706,-0.146386743066432]]}},
{"type":"Feature","properties":{"capa_cad":"C3D-Eje Horizontal","color":"#FF00FF"},"geometry":{"type":"LineString","coordinates":[[-78.137560989484328,-0.146511021689251],[-78.137419045697513,-0.146511037808073]]}},
{"type":"Feature","properties":{"capa_cad":"C3D-Eje Horizontal","color":"#FF00FF"},"geometry":{"type":"LineString","coordinates":[[-78.13713439911956,-0.146511070129155],[-78.136991696328607,-0.146511086331404]]}},
{"type":"Feature","properties":{"capa_cad":"C3D-Eje Horizontal","color":"#FF00FF"},"geometry":{"type":"LineString","coordinates":[[-78.136707049857549,-0.146511118646982],[-78.136565106177244,-0.14651113476032]]}},
{"type":"Feature","properties":{"capa_cad":"C3D-Eje Horizontal","color":"#FF00FF"},"geometry":{"type":"LineString","coordinates":[[-78.136280459812909,-0.146511167070404],[-78.136137757129049,-0.146511183267141]]}},
{"type":"Feature","properties":{"capa_cad":"C3D-Eje Horizontal","color":"#FF00FF"},"geometry":{"type":"LineString","coordinates":[[-78.135853110871636,-0.146511215571721],[-78.13571116729787,-0.146511231679574]]}},
{"type":"Feature","properties":{"capa_cad":"C3D-Eje Horizontal","color":"#FF00FF"},"geometry":{"type":"LineString","coordinates":[[-78.135426521147195,-0.146511263978661],[-78.135283818570471,-0.146511280169884]]}},
{"type":"Feature","properties":{"capa_cad":"C3D-Eje Horizontal","color":"#FF00FF"},"geometry":{"type":"LineString","coordinates":[[-78.137347708144986,-0.146634841567322],[-78.137205764383992,-0.146634857669335]]}},
{"type":"Feature","properties":{"capa_cad":"C3D-Eje Horizontal","color":"#FF00FF"},"geometry":{"type":"LineString","coordinates":[[-78.136921117857824,-0.146634889956705],[-78.13677841509282,-0.146634906142053]]}},
{"type":"Feature","properties":{"capa_cad":"C3D-Eje Horizontal","color":"#FF00FF"},"geometry":{"type":"LineString","coordinates":[[-78.13649376867356,-0.146634938423916],[-78.136351825019077,-0.146634954520439]]}},
{"type":"Feature","properties":{"capa_cad":"C3D-Eje Horizontal","color":"#FF00FF"},"geometry":{"type":"LineString","coordinates":[[-78.136066419649779,-0.146634986882873],[-78.135924476048629,-0.146635002976633]]}},
{"type":"Feature","properties":{"capa_cad":"C3D-Eje Horizontal","color":"#FF00FF"},"geometry":{"type":"LineString","coordinates":[[-78.135639829843001,-0.146635035247489],[-78.135497127238722,-0.146635051424574]]}},
{"type":"Feature","properties":{"capa_cad":"C3D-Eje Horizontal","color":"#FF00FF"},"geometry":{"type":"LineString","coordinates":[[-78.137134426915424,-0.146759425567518],[-78.136991724122893,-0.146759441738625]]}},
{"type":"Feature","properties":{"capa_cad":"C3D-Eje Horizontal","color":"#FF00FF"},"geometry":{"type":"LineString","coordinates":[[-78.136707077648666,-0.146759473992079],[-78.136565133966798,-0.146759490074435]]}},
{"type":"Feature","properties":{"capa_cad":"C3D-Eje Horizontal","color":"#FF00FF"},"geometry":{"type":"LineString","coordinates":[[-78.136280487599294,-0.146759522322386],[-78.136137784913856,-0.146759538487971]]}},
{"type":"Feature","properties":{"capa_cad":"C3D-Eje Horizontal","color":"#FF00FF"},"geometry":{"type":"LineString","coordinates":[[-78.13585313865326,-0.146759570730409],[-78.135711195077945,-0.146759586807272]]}},
{"type":"Feature","properties":{"capa_cad":"C3D-Eje Horizontal","color":"#FF00FF"},"geometry":{"type":"LineString","coordinates":[[-78.135426548924116,-0.146759619044206],[-78.135324076326171,-0.1467596306486]]}},
{"type":"Feature","properties":{"capa_cad":"C3D-Eje Horizontal","color":"#FF00FF"},"geometry":{"type":"LineString","coordinates":[[-78.136921145624655,-0.146883245348501],[-78.136778442858073,-0.146883261502705]]}},
{"type":"Feature","properties":{"capa_cad":"C3D-Eje Horizontal","color":"#FF00FF"},"geometry":{"type":"LineString","coordinates":[[-78.13649379643563,-0.146883293722439],[-78.136351852779597,-0.146883309787979]]}},
{"type":"Feature","properties":{"capa_cad":"C3D-Eje Horizontal","color":"#FF00FF"},"geometry":{"type":"LineString","coordinates":[[-78.136066447407131,-0.146883342088109],[-78.135924503804389,-0.146883358150881]]}},
{"type":"Feature","properties":{"capa_cad":"C3D-Eje Horizontal","color":"#FF00FF"},"geometry":{"type":"LineString","coordinates":[[-78.135639857595606,-0.146883390359589],[-78.13549715498975,-0.146883406505516]]}},
{"type":"Feature","properties":{"capa_cad":"C3D-Eje Horizontal","color":"#FF00FF"},"geometry":{"type":"LineString","coordinates":[[-78.136707105301028,-0.147007065166849],[-78.136565161617597,-0.14700708121832]]}},
{"type":"Feature","properties":{"capa_cad":"C3D-Eje Horizontal","color":"#FF00FF"},"geometry":{"type":"LineString","coordinates":[[-78.136280515246938,-0.147007113404328],[-78.136137812559923,-0.147007129538857]]}},
{"type":"Feature","properties":{"capa_cad":"C3D-Eje Horizontal","color":"#FF00FF"},"geometry":{"type":"LineString","coordinates":[[-78.135853166296187,-0.147007161719344],[-78.13571122271928,-0.147007177765311]]}},
{"type":"Feature","properties":{"capa_cad":"C3D-Eje Horizontal","color":"#FF00FF"},"geometry":{"type":"LineString","coordinates":[[-78.136466498091124,-0.147131652107863],[-78.136351880486615,-0.147131665055481]]}},
{"type":"Feature","properties":{"capa_cad":"C3D-Eje Horizontal","color":"#FF00FF"},"geometry":{"type":"LineString","coordinates":[[-78.136066475110979,-0.147131697293308],[-78.135924531506674,-0.147131713325092]]}},
{"type":"Feature","properties":{"capa_cad":"C3D-Eje Horizontal","color":"#FF00FF"},"geometry":{"type":"LineString","coordinates":[[-78.135639885294722,-0.147131745471653],[-78.135540448901466,-0.147131756700662]]}},
{"type":"Feature","properties":{"capa_cad":"C3D-Eje Horizontal","color":"#FF00FF"},"geometry":{"type":"LineString","coordinates":[[-78.136194769499824,-0.147255478335504],[-78.136137840237893,-0.147255484759615]]}},
{"type":"Feature","properties":{"capa_cad":"C3D-Eje Horizontal","color":"#FF00FF"},"geometry":{"type":"LineString","coordinates":[[-78.135853193970988,-0.147255516877959],[-78.135711250392518,-0.147255532892936]]}},
{"type":"Feature","properties":{"capa_cad":"C3D-Eje Horizontal","color":"#FF00FF"},"geometry":{"type":"LineString","coordinates":[[-78.138202351592795,-0.146138033248721],[-78.138272930081101,-0.146014229449138]]}},
{"type":"Feature","properties":{"capa_cad":"C3D-Eje Horizontal","color":"#FF00FF"},"geometry":{"type":"LineString","coordinates":[[-78.137988311208176,-0.14626261753017],[-78.138059648670307,-0.146138049504627]]}},
{"type":"Feature","properties":{"capa_cad":"C3D-Eje Horizontal","color":"#FF00FF"},"geometry":{"type":"LineString","coordinates":[[-78.138202323651356,-0.145889677577245],[-78.138272902112249,-0.145765873762244]]}},
{"type":"Feature","properties":{"capa_cad":"C3D-Eje Horizontal","color":"#FF00FF"},"geometry":{"type":"LineString","coordinates":[[-78.137775029820133,-0.146386437505414],[-78.137846367369647,-0.146262633682704]]}},
{"type":"Feature","properties":{"capa_cad":"C3D-Eje Horizontal","color":"#FF00FF"},"geometry":{"type":"LineString","coordinates":[[-78.137988283295925,-0.146014261905409],[-78.138059620730459,-0.145889693864282]]}},
{"type":"Feature","properties":{"capa_cad":"C3D-Eje Horizontal","color":"#FF00FF"},"geometry":{"type":"LineString","coordinates":[[-78.138202295742701,-0.145642086077027],[-78.138269838461369,-0.145522867622258]]}},
{"type":"Feature","properties":{"capa_cad":"C3D-Eje Horizontal","color":"#FF00FF"},"geometry":{"type":"LineString","coordinates":[[-78.13756174845642,-0.146510257432183],[-78.137632326949642,-0.146386453727416]]}},
{"type":"Feature","properties":{"capa_cad":"C3D-Eje Horizontal","color":"#FF00FF"},"geometry":{"type":"LineString","coordinates":[[-78.137775001936888,-0.146138081927206],[-78.13784633945896,-0.146014278088911]]}},
{"type":"Feature","properties":{"capa_cad":"C3D-Eje Horizontal","color":"#FF00FF"},"geometry":{"type":"LineString","coordinates":[[-78.1379882553302,-0.145765906280612],[-78.138059592823367,-0.1456421023951]]}},
{"type":"Feature","properties":{"capa_cad":"C3D-Eje Horizontal","color":"#FF00FF"},"geometry":{"type":"LineString","coordinates":[[-78.13820226769451,-0.14539373040548],[-78.138203026579859,-0.145392201975918]]}},
{"type":"Feature","properties":{"capa_cad":"C3D-Eje Horizontal","color":"#FF00FF"},"geometry":{"type":"LineString","coordinates":[[-78.137347708144986,-0.146634841567322],[-78.137419045611892,-0.146510273637288]]}},
{"type":"Feature","properties":{"capa_cad":"C3D-Eje Horizontal","color":"#FF00FF"},"geometry":{"type":"LineString","coordinates":[[-78.137561720687984,-0.146262666071395],[-78.137632299067988,-0.146138098180344]]}},
{"type":"Feature","properties":{"capa_cad":"C3D-Eje Horizontal","color":"#FF00FF"},"geometry":{"type":"LineString","coordinates":[[-78.13777497400018,-0.145889726348962],[-78.137846311494812,-0.145765922495082]]}},
{"type":"Feature","properties":{"capa_cad":"C3D-Eje Horizontal","color":"#FF00FF"},"geometry":{"type":"LineString","coordinates":[[-78.137988227311027,-0.14551755065578],[-78.138059564776754,-0.145393746754683]]}},
{"type":"Feature","properties":{"capa_cad":"C3D-Eje Horizontal","color":"#FF00FF"},"geometry":{"type":"LineString","coordinates":[[-78.137134426829988,-0.146758661396941],[-78.137205764383992,-0.146634857669335]]}},
{"type":"Feature","properties":{"capa_cad":"C3D-Eje Horizontal","color":"#FF00FF"},"geometry":{"type":"LineString","coordinates":[[-78.137347680319934,-0.146386486082396],[-78.137419017845019,-0.146262682307542]]}},
{"type":"Feature","properties":{"capa_cad":"C3D-Eje Horizontal","color":"#FF00FF"},"geometry":{"type":"LineString","coordinates":[[-78.137561692780437,-0.146014310539707],[-78.137632271132844,-0.145889742633235]]}},
{"type":"Feature","properties":{"capa_cad":"C3D-Eje Horizontal","color":"#FF00FF"},"geometry":{"type":"LineString","coordinates":[[-78.137774946096201,-0.14564213494169],[-78.137846283477202,-0.145517566901217]]}},
{"type":"Feature","properties":{"capa_cad":"C3D-Eje Horizontal","color":"#FF00FF"},"geometry":{"type":"LineString","coordinates":[[-78.137988199238407,-0.145269195030911],[-78.138059536676693,-0.145145391114214]]}},
{"type":"Feature","properties":{"capa_cad":"C3D-Eje Horizontal","color":"#FF00FF"},"geometry":{"type":"LineString","coordinates":[[-78.136921145624655,-0.146883245348501],[-78.136992483094801,-0.146758677482124]]}},
{"type":"Feature","properties":{"capa_cad":"C3D-Eje Horizontal","color":"#FF00FF"},"geometry":{"type":"LineString","coordinates":[[-78.137134399033954,-0.146510305958561],[-78.137205736560531,-0.146386502215383]]}},
{"type":"Feature","properties":{"capa_cad":"C3D-Eje Horizontal","color":"#FF00FF"},"geometry":{"type":"LineString","coordinates":[[-78.13734765244142,-0.146138130597433],[-78.137418989939064,-0.146014326806992]]}},
{"type":"Feature","properties":{"capa_cad":"C3D-Eje Horizontal","color":"#FF00FF"},"geometry":{"type":"LineString","coordinates":[[-78.13756166481943,-0.145765955007983],[-78.137632243230456,-0.145642151257002]]}},
{"type":"Feature","properties":{"capa_cad":"C3D-Eje Horizontal","color":"#FF00FF"},"geometry":{"type":"LineString","coordinates":[[-78.137774918052742,-0.145393779363374],[-78.137846255406146,-0.145269211307316]]}},
{"type":"Feature","properties":{"capa_cad":"C3D-Eje Horizontal","color":"#FF00FF"},"geometry":{"type":"LineString","coordinates":[[-78.137988171198941,-0.145021603577158],[-78.137997278075346,-0.145005554936313]]}},
{"type":"Feature","properties":{"capa_cad":"C3D-Eje Horizontal","color":"#FF00FF"},"geometry":{"type":"LineString","coordinates":[[-78.136707864358215,-0.147007065081006],[-78.136778442858073,-0.146883261502705]]}},
{"type":"Feature","properties":{"capa_cad":"C3D-Eje Horizontal","color":"#FF00FF"},"geometry":{"type":"LineString","coordinates":[[-78.136921117857824,-0.146634889956705],[-78.136992455300359,-0.146510322074738]]}},
{"type":"Feature","properties":{"capa_cad":"C3D-Eje Horizontal","color":"#FF00FF"},"geometry":{"type":"LineString","coordinates":[[-78.137134371270221,-0.146262714690738],[-78.137205708683581,-0.146138146761395]]}},
{"type":"Feature","properties":{"capa_cad":"C3D-Eje Horizontal","color":"#FF00FF"},"geometry":{"type":"LineString","coordinates":[[-78.137347624509431,-0.145889775112435],[-78.137418961979634,-0.145765971306406]]}},
{"type":"Feature","properties":{"capa_cad":"C3D-Eje Horizontal","color":"#FF00FF"},"geometry":{"type":"LineString","coordinates":[[-78.137561636804975,-0.145517599476224],[-78.13763221518856,-0.145393795709822]]}},
{"type":"Feature","properties":{"capa_cad":"C3D-Eje Horizontal","color":"#FF00FF"},"geometry":{"type":"LineString","coordinates":[[-78.137774889955807,-0.145145423785006],[-78.137846227368229,-0.145021619884435]]}},
{"type":"Feature","properties":{"capa_cad":"C3D-Eje Horizontal","color":"#FF00FF"},"geometry":{"type":"LineString","coordinates":[[-78.136503690011821,-0.147114836162773],[-78.136565161617597,-0.14700708121832]]}},
{"type":"Feature","properties":{"capa_cad":"C3D-Eje Horizontal","color":"#FF00FF"},"geometry":{"type":"LineString","coordinates":[[-78.136707836620417,-0.146758709735779],[-78.13677841509282,-0.146634906142053]]}},
{"type":"Feature","properties":{"capa_cad":"C3D-Eje Horizontal","color":"#FF00FF"},"geometry":{"type":"LineString","coordinates":[[-78.136921090037504,-0.146386534564873],[-78.136992427538203,-0.146262730837798]]}},
{"type":"Feature","properties":{"capa_cad":"C3D-Eje Horizontal","color":"#FF00FF"},"geometry":{"type":"LineString","coordinates":[[-78.137134343367421,-0.146014359252303],[-78.137205680753155,-0.145889791307371]]}},
{"type":"Feature","properties":{"capa_cad":"C3D-Eje Horizontal","color":"#FF00FF"},"geometry":{"type":"LineString","coordinates":[[-78.137347596610169,-0.145642183798121],[-78.137418933966742,-0.145517615805784]]}},
{"type":"Feature","properties":{"capa_cad":"C3D-Eje Horizontal","color":"#FF00FF"},"geometry":{"type":"LineString","coordinates":[[-78.13756160873703,-0.145269243944428],[-78.137632187093189,-0.145145440162606]]}},
{"type":"Feature","properties":{"capa_cad":"C3D-Eje Horizontal","color":"#FF00FF"},"geometry":{"type":"LineString","coordinates":[[-78.137774861805411,-0.144897068206618],[-78.137846199190392,-0.144773264290463]]}},
{"type":"Feature","properties":{"capa_cad":"C3D-Eje Horizontal","color":"#FF00FF"},"geometry":{"type":"LineString","coordinates":[[-78.136310899330809,-0.147202737498057],[-78.136351880401435,-0.14713090088543]]}},
{"type":"Feature","properties":{"capa_cad":"C3D-Eje Horizontal","color":"#FF00FF"},"geometry":{"type":"LineString","coordinates":[[-78.13649379643563,-0.146883293722439],[-78.136565133881376,-0.146758725904241]]}},
{"type":"Feature","properties":{"capa_cad":"C3D-Eje Horizontal","color":"#FF00FF"},"geometry":{"type":"LineString","coordinates":[[-78.136707808829115,-0.146510354390517],[-78.136778387274092,-0.146386550781366]]}},
{"type":"Feature","properties":{"capa_cad":"C3D-Eje Horizontal","color":"#FF00FF"},"geometry":{"type":"LineString","coordinates":[[-78.136921062163708,-0.146138179173004],[-78.136992399636966,-0.146014375430339]]}},
{"type":"Feature","properties":{"capa_cad":"C3D-Eje Horizontal","color":"#FF00FF"},"geometry":{"type":"LineString","coordinates":[[-78.137134315411132,-0.145766003813832],[-78.137205652855457,-0.145642200023936]]}},
{"type":"Feature","properties":{"capa_cad":"C3D-Eje Horizontal","color":"#FF00FF"},"geometry":{"type":"LineString","coordinates":[[-78.1373475685714,-0.145393828313051],[-78.137418905900375,-0.145269260305127]]}},
{"type":"Feature","properties":{"capa_cad":"C3D-Eje Horizontal","color":"#FF00FF"},"geometry":{"type":"LineString","coordinates":[[-78.13756158070224,-0.145021652583462],[-78.137632158944371,-0.144897084615355]]}},
{"type":"Feature","properties":{"capa_cad":"C3D-Eje Horizontal","color":"#FF00FF"},"geometry":{"type":"LineString","coordinates":[[-78.137774833688425,-0.144649476799204],[-78.137786976094205,-0.144627314440503]]}},
{"type":"Feature","properties":{"capa_cad":"C3D-Eje Horizontal","color":"#FF00FF"},"geometry":{"type":"LineString","coordinates":[[-78.136118108674239,-0.147290638801862],[-78.136138599294696,-0.147255484673956]]}},
{"type":"Feature","properties":{"capa_cad":"C3D-Eje Horizontal","color":"#FF00FF"},"geometry":{"type":"LineString","coordinates":[[-78.136280515246938,-0.147007113404328],[-78.136351852779597,-0.146883309787979]]}},
{"type":"Feature","properties":{"capa_cad":"C3D-Eje Horizontal","color":"#FF00FF"},"geometry":{"type":"LineString","coordinates":[[-78.13649376867356,-0.146634938423916],[-78.136565106091666,-0.146510370590108]]}},
{"type":"Feature","properties":{"capa_cad":"C3D-Eje Horizontal","color":"#FF00FF"},"geometry":{"type":"LineString","coordinates":[[-78.136707781070101,-0.146262763215509],[-78.136778359401873,-0.146138195420642]]}},
{"type":"Feature","properties":{"capa_cad":"C3D-Eje Horizontal","color":"#FF00FF"},"geometry":{"type":"LineString","coordinates":[[-78.136921034236437,-0.145889823781099],[-78.13699237168224,-0.145766020022845]]}},
{"type":"Feature","properties":{"capa_cad":"C3D-Eje Horizontal","color":"#FF00FF"},"geometry":{"type":"LineString","coordinates":[[-78.137134287401381,-0.145517648375325],[-78.13720562481825,-0.145393844569841]]}},
{"type":"Feature","properties":{"capa_cad":"C3D-Eje Horizontal","color":"#FF00FF"},"geometry":{"type":"LineString","coordinates":[[-78.137347540479169,-0.145145472827945],[-78.137418877867148,-0.145021668975203]]}},
{"type":"Feature","properties":{"capa_cad":"C3D-Eje Horizontal","color":"#FF00FF"},"geometry":{"type":"LineString","coordinates":[[-78.137561552527529,-0.144773297051596],[-78.137632130828919,-0.14464949323898]]}},
{"type":"Feature","properties":{"capa_cad":"C3D-Eje Horizontal","color":"#FF00FF"},"geometry":{"type":"LineString","coordinates":[[-78.136067234082574,-0.147130933037709],[-78.136138571616712,-0.147007129453033]]}},
{"type":"Feature","properties":{"capa_cad":"C3D-Eje Horizontal","color":"#FF00FF"},"geometry":{"type":"LineString","coordinates":[[-78.136280487513886,-0.146758758152383],[-78.136351825019077,-0.146634954520439]]}},
{"type":"Feature","properties":{"capa_cad":"C3D-Eje Horizontal","color":"#FF00FF"},"geometry":{"type":"LineString","coordinates":[[-78.136493740857972,-0.146386583125356],[-78.136565078334229,-0.146262779446152]]}},
{"type":"Feature","properties":{"capa_cad":"C3D-Eje Horizontal","color":"#FF00FF"},"geometry":{"type":"LineString","coordinates":[[-78.136707753172004,-0.146014407870175],[-78.136778331476179,-0.145889840059882]]}},
{"type":"Feature","properties":{"capa_cad":"C3D-Eje Horizontal","color":"#FF00FF"},"geometry":{"type":"LineString","coordinates":[[-78.136921006341865,-0.145642232559593],[-78.136992343674052,-0.145517664615315]]}},
{"type":"Feature","properties":{"capa_cad":"C3D-Eje Horizontal","color":"#FF00FF"},"geometry":{"type":"LineString","coordinates":[[-78.137134259338126,-0.145269292936782],[-78.137205596727583,-0.145145489115693]]}},
{"type":"Feature","properties":{"capa_cad":"C3D-Eje Horizontal","color":"#FF00FF"},"geometry":{"type":"LineString","coordinates":[[-78.137347512333463,-0.144897117342804],[-78.137418849693987,-0.144773313474474]]}},
{"type":"Feature","properties":{"capa_cad":"C3D-Eje Horizontal","color":"#FF00FF"},"geometry":{"type":"LineString","coordinates":[[-78.137561524299343,-0.144524941519694],[-78.13763210257332,-0.144401137691658]]}},
{"type":"Feature","properties":{"capa_cad":"C3D-Eje Horizontal","color":"#FF00FF"},"geometry":{"type":"LineString","coordinates":[[-78.135853193970988,-0.147255516877959],[-78.135924531421523,-0.147130949155327]]}},
{"type":"Feature","properties":{"capa_cad":"C3D-Eje Horizontal","color":"#FF00FF"},"geometry":{"type":"LineString","coordinates":[[-78.136067206463863,-0.146883342002204],[-78.136138543885238,-0.146758774232073]]}},
{"type":"Feature","properties":{"capa_cad":"C3D-Eje Horizontal","color":"#FF00FF"},"geometry":{"type":"LineString","coordinates":[[-78.136280459727331,-0.146510402900384],[-78.13635179720508,-0.146386599252864]]}},
{"type":"Feature","properties":{"capa_cad":"C3D-Eje Horizontal","color":"#FF00FF"},"geometry":{"type":"LineString","coordinates":[[-78.136493712988909,-0.146138227826761],[-78.13656505043771,-0.146014424131965]]}},
{"type":"Feature","properties":{"capa_cad":"C3D-Eje Horizontal","color":"#FF00FF"},"geometry":{"type":"LineString","coordinates":[[-78.136707725220433,-0.145766052524804],[-78.136778303583171,-0.145642248869425]]}},
{"type":"Feature","properties":{"capa_cad":"C3D-Eje Horizontal","color":"#FF00FF"},"geometry":{"type":"LineString","coordinates":[[-78.136920978307785,-0.145393877167617],[-78.136992315612375,-0.145269309207749]]}},
{"type":"Feature","properties":{"capa_cad":"C3D-Eje Horizontal","color":"#FF00FF"},"geometry":{"type":"LineString","coordinates":[[-78.137134231308011,-0.145021701668781],[-78.137205568583425,-0.144897133661526]]}},
{"type":"Feature","properties":{"capa_cad":"C3D-Eje Horizontal","color":"#FF00FF"},"geometry":{"type":"LineString","coordinates":[[-78.137347484221138,-0.144649526028348],[-78.137418821467378,-0.14452495797371]]}},
{"type":"Feature","properties":{"capa_cad":"C3D-Eje Horizontal","color":"#FF00FF"},"geometry":{"type":"LineString","coordinates":[[-78.137561496017724,-0.144276585987756],[-78.137572120647221,-0.144257480488231]]}},
{"type":"Feature","properties":{"capa_cad":"C3D-Eje Horizontal","color":"#FF00FF"},"geometry":{"type":"LineString","coordinates":[[-78.135670269249886,-0.147326605289813],[-78.135711250392518,-0.147255532892936]]}},
{"type":"Feature","properties":{"capa_cad":"C3D-Eje Horizontal","color":"#FF00FF"},"geometry":{"type":"LineString","coordinates":[[-78.135853166296187,-0.147007161719344],[-78.135924503804389,-0.146883358150881]]}},
{"type":"Feature","properties":{"capa_cad":"C3D-Eje Horizontal","color":"#FF00FF"},"geometry":{"type":"LineString","coordinates":[[-78.136067178706526,-0.146634986796803],[-78.13613851610026,-0.146510419011077]]}},
{"type":"Feature","properties":{"capa_cad":"C3D-Eje Horizontal","color":"#FF00FF"},"geometry":{"type":"LineString","coordinates":[[-78.136280431973034,-0.146262811818369],[-78.13635176933758,-0.146138243985252]]}},
{"type":"Feature","properties":{"capa_cad":"C3D-Eje Horizontal","color":"#FF00FF"},"geometry":{"type":"LineString","coordinates":[[-78.136493685066355,-0.14588987252813],[-78.136565022487716,-0.145766068817741]]}},
{"type":"Feature","properties":{"capa_cad":"C3D-Eje Horizontal","color":"#FF00FF"},"geometry":{"type":"LineString","coordinates":[[-78.136707697215371,-0.145517697179398],[-78.136778275550682,-0.145393893508593]]}},
{"type":"Feature","properties":{"capa_cad":"C3D-Eje Horizontal","color":"#FF00FF"},"geometry":{"type":"LineString","coordinates":[[-78.136920950220244,-0.145145521775588],[-78.136992287583809,-0.145021717970629]]}},
{"type":"Feature","properties":{"capa_cad":"C3D-Eje Horizontal","color":"#FF00FF"},"geometry":{"type":"LineString","coordinates":[[-78.137134203138004,-0.144773346230168],[-78.13720554047265,-0.144649542377949]]}},
{"type":"Feature","properties":{"capa_cad":"C3D-Eje Horizontal","color":"#FF00FF"},"geometry":{"type":"LineString","coordinates":[[-78.137347455968651,-0.144401170543136],[-78.137418793187308,-0.144276602472911]]}},
{"type":"Feature","properties":{"capa_cad":"C3D-Eje Horizontal","color":"#FF00FF"},"geometry":{"type":"LineString","coordinates":[[-78.135639885209571,-0.14713098130208],[-78.13571122271928,-0.147007177765311]]}},
{"type":"Feature","properties":{"capa_cad":"C3D-Eje Horizontal","color":"#FF00FF"},"geometry":{"type":"LineString","coordinates":[[-78.135853138567882,-0.146758806560692],[-78.135924476048629,-0.146635002976633]]}},
{"type":"Feature","properties":{"capa_cad":"C3D-Eje Horizontal","color":"#FF00FF"},"geometry":{"type":"LineString","coordinates":[[-78.13606715089567,-0.146386631591365],[-78.136138488347527,-0.146262827959953]]}},
{"type":"Feature","properties":{"capa_cad":"C3D-Eje Horizontal","color":"#FF00FF"},"geometry":{"type":"LineString","coordinates":[[-78.13628040407967,-0.146014456566315],[-78.13635174141659,-0.145889888717605]]}},
{"type":"Feature","properties":{"capa_cad":"C3D-Eje Horizontal","color":"#FF00FF"},"geometry":{"type":"LineString","coordinates":[[-78.136493657176473,-0.14564228139961],[-78.136564994484218,-0.145517713503482]]}},
{"type":"Feature","properties":{"capa_cad":"C3D-Eje Horizontal","color":"#FF00FF"},"geometry":{"type":"LineString","coordinates":[[-78.136707669156834,-0.145269341833956],[-78.136778247464704,-0.145145538147726]]}},
{"type":"Feature","properties":{"capa_cad":"C3D-Eje Horizontal","color":"#FF00FF"},"geometry":{"type":"LineString","coordinates":[[-78.136920922079227,-0.14489716638354],[-78.136992259415337,-0.144773362562992]]}},
{"type":"Feature","properties":{"capa_cad":"C3D-Eje Horizontal","color":"#FF00FF"},"geometry":{"type":"LineString","coordinates":[[-78.137134174914507,-0.144524990791518],[-78.137205512221726,-0.144401186923712]]}},
{"type":"Feature","properties":{"capa_cad":"C3D-Eje Horizontal","color":"#FF00FF"},"geometry":{"type":"LineString","coordinates":[[-78.137347427662689,-0.144152815057888],[-78.137418764941017,-0.144029011142845]]}},
{"type":"Feature","properties":{"capa_cad":"C3D-Eje Horizontal","color":"#FF00FF"},"geometry":{"type":"LineString","coordinates":[[-78.135639857595606,-0.146883390359589],[-78.135711194992538,-0.14675882263765]]}},
{"type":"Feature","properties":{"capa_cad":"C3D-Eje Horizontal","color":"#FF00FF"},"geometry":{"type":"LineString","coordinates":[[-78.135853110786059,-0.146510451402004],[-78.135924448239365,-0.14638664780235]]}},
{"type":"Feature","properties":{"capa_cad":"C3D-Eje Horizontal","color":"#FF00FF"},"geometry":{"type":"LineString","coordinates":[[-78.136067123031324,-0.146138276385892],[-78.136138460455726,-0.146014472738885]]}},
{"type":"Feature","properties":{"capa_cad":"C3D-Eje Horizontal","color":"#FF00FF"},"geometry":{"type":"LineString","coordinates":[[-78.136280376132817,-0.145766101314225],[-78.136351713528285,-0.145642297619973]]}},
{"type":"Feature","properties":{"capa_cad":"C3D-Eje Horizontal","color":"#FF00FF"},"geometry":{"type":"LineString","coordinates":[[-78.136493629147111,-0.145393926100907],[-78.136564966427258,-0.145269358189187]]}},
{"type":"Feature","properties":{"capa_cad":"C3D-Eje Horizontal","color":"#FF00FF"},"geometry":{"type":"LineString","coordinates":[[-78.13670764113138,-0.14502175065877],[-78.136778219325251,-0.144897182786823]]}},
{"type":"Feature","properties":{"capa_cad":"C3D-Eje Horizontal","color":"#FF00FF"},"geometry":{"type":"LineString","coordinates":[[-78.136920893971549,-0.144649575161892],[-78.136992231193403,-0.14452500715532]]}},
{"type":"Feature","properties":{"capa_cad":"C3D-Eje Horizontal","color":"#FF00FF"},"geometry":{"type":"LineString","coordinates":[[-78.137134146637536,-0.144276635352834],[-78.137205483917313,-0.144152831469439]]}},
{"type":"Feature","properties":{"capa_cad":"C3D-Eje Horizontal","color":"#FF00FF"},"geometry":{"type":"LineString","coordinates":[[-78.13734739930328,-0.143904459572606],[-78.137349676126405,-0.143901402625908]]}},
{"type":"Feature","properties":{"capa_cad":"C3D-Eje Horizontal","color":"#FF00FF"},"geometry":{"type":"LineString","coordinates":[[-78.135447066991986,-0.146970527490392],[-78.135497914046113,-0.146883406419631]]}},
{"type":"Feature","properties":{"capa_cad":"C3D-Eje Horizontal","color":"#FF00FF"},"geometry":{"type":"LineString","coordinates":[[-78.135639829843001,-0.146635035247489],[-78.135711167212321,-0.146510467509936]]}},
{"type":"Feature","properties":{"capa_cad":"C3D-Eje Horizontal","color":"#FF00FF"},"geometry":{"type":"LineString","coordinates":[[-78.13585308303648,-0.146262860412997],[-78.135924420376597,-0.14613829262803]]}},
{"type":"Feature","properties":{"capa_cad":"C3D-Eje Horizontal","color":"#FF00FF"},"geometry":{"type":"LineString","coordinates":[[-78.136067095113489,-0.145889921180382],[-78.13613843251045,-0.145766117517781]]}},
{"type":"Feature","properties":{"capa_cad":"C3D-Eje Horizontal","color":"#FF00FF"},"geometry":{"type":"LineString","coordinates":[[-78.136280348132459,-0.145517746062099],[-78.136351685500486,-0.145393942352254]]}},
{"type":"Feature","properties":{"capa_cad":"C3D-Eje Horizontal","color":"#FF00FF"},"geometry":{"type":"LineString","coordinates":[[-78.136493601064274,-0.145145570802169],[-78.136564938403367,-0.145021767045052]]}},
{"type":"Feature","properties":{"capa_cad":"C3D-Eje Horizontal","color":"#FF00FF"},"geometry":{"type":"LineString","coordinates":[[-78.136707612966049,-0.144773395313257],[-78.136778191219136,-0.144649591596224]]}},
{"type":"Feature","properties":{"capa_cad":"C3D-Eje Horizontal","color":"#FF00FF"},"geometry":{"type":"LineString","coordinates":[[-78.136920865723738,-0.144401219769774],[-78.136992202917995,-0.144276651747612]]}},
{"type":"Feature","properties":{"capa_cad":"C3D-Eje Horizontal","color":"#FF00FF"},"geometry":{"type":"LineString","coordinates":[[-78.137134118394343,-0.144029044084692],[-78.137205455559439,-0.143904476015131]]}},
{"type":"Feature","properties":{"capa_cad":"C3D-Eje Horizontal","color":"#FF00FF"},"geometry":{"type":"LineString","coordinates":[[-78.135426548838723,-0.146758854874776],[-78.135497886295084,-0.146635051338524]]}},
{"type":"Feature","properties":{"capa_cad":"C3D-Eje Horizontal","color":"#FF00FF"},"geometry":{"type":"LineString","coordinates":[[-78.135639802036891,-0.146386680135352],[-78.135711139464306,-0.146262876551824]]}},
{"type":"Feature","properties":{"capa_cad":"C3D-Eje Horizontal","color":"#FF00FF"},"geometry":{"type":"LineString","coordinates":[[-78.135853055147848,-0.146014505254237],[-78.135924392460339,-0.145889937453674]]}},
{"type":"Feature","properties":{"capa_cad":"C3D-Eje Horizontal","color":"#FF00FF"},"geometry":{"type":"LineString","coordinates":[[-78.136067067228311,-0.145642330144697],[-78.136138404511655,-0.145517762296641]]}},
{"type":"Feature","properties":{"capa_cad":"C3D-Eje Horizontal","color":"#FF00FF"},"geometry":{"type":"LineString","coordinates":[[-78.136280320078612,-0.145269390809937],[-78.136351657419198,-0.145145587084483]]}},
{"type":"Feature","properties":{"capa_cad":"C3D-Eje Horizontal","color":"#FF00FF"},"geometry":{"type":"LineString","coordinates":[[-78.136493572927932,-0.144897215503395],[-78.136564910239599,-0.144773411730686]]}},
{"type":"Feature","properties":{"capa_cad":"C3D-Eje Horizontal","color":"#FF00FF"},"geometry":{"type":"LineString","coordinates":[[-78.136707584747228,-0.144525039967708],[-78.136778162972874,-0.144401236235251]]}},
{"type":"Feature","properties":{"capa_cad":"C3D-Eje Horizontal","color":"#FF00FF"},"geometry":{"type":"LineString","coordinates":[[-78.136920837422451,-0.14415286437762],[-78.136992174676337,-0.144029060510352]]}},
{"type":"Feature","properties":{"capa_cad":"C3D-Eje Horizontal","color":"#FF00FF"},"geometry":{"type":"LineString","coordinates":[[-78.137134090010591,-0.143780688645937],[-78.137187972327709,-0.143686689411571]]}},
{"type":"Feature","properties":{"capa_cad":"C3D-Eje Horizontal","color":"#FF00FF"},"geometry":{"type":"LineString","coordinates":[[-78.135426521061646,-0.146510499809214],[-78.135497858490538,-0.14638669625738]]}},
{"type":"Feature","properties":{"capa_cad":"C3D-Eje Horizontal","color":"#FF00FF"},"geometry":{"type":"LineString","coordinates":[[-78.135639774177278,-0.14613832502318],[-78.135711111577223,-0.146014521424055]]}},
{"type":"Feature","properties":{"capa_cad":"C3D-Eje Horizontal","color":"#FF00FF"},"geometry":{"type":"LineString","coordinates":[[-78.135853027205698,-0.145766150095441],[-78.135924364576738,-0.145642346449048]]}},
{"type":"Feature","properties":{"capa_cad":"C3D-Eje Horizontal","color":"#FF00FF"},"geometry":{"type":"LineString","coordinates":[[-78.136067039203652,-0.145393974939116],[-78.136138376459385,-0.145269407075466]]}},
{"type":"Feature","properties":{"capa_cad":"C3D-Eje Horizontal","color":"#FF00FF"},"geometry":{"type":"LineString","coordinates":[[-78.136280292057862,-0.145021799727744],[-78.13635162928442,-0.144897231816692]]}},
{"type":"Feature","properties":{"capa_cad":"C3D-Eje Horizontal","color":"#FF00FF"},"geometry":{"type":"LineString","coordinates":[[-78.13649354482493,-0.144649624374733],[-78.136564882022327,-0.144525056416285]]}},
{"type":"Feature","properties":{"capa_cad":"C3D-Eje Horizontal","color":"#FF00FF"},"geometry":{"type":"LineString","coordinates":[[-78.136707556474917,-0.144276684622124],[-78.136778134673136,-0.144152880874242]]}},
{"type":"Feature","properties":{"capa_cad":"C3D-Eje Horizontal","color":"#FF00FF"},"geometry":{"type":"LineString","coordinates":[[-78.136920809067661,-0.143904508985432],[-78.136992146294133,-0.143780705102574]]}},
{"type":"Feature","properties":{"capa_cad":"C3D-Eje Horizontal","color":"#FF00FF"},"geometry":{"type":"LineString","coordinates":[[-78.135229177213461,-0.146606807533016],[-78.135283818484922,-0.14651051600055]]}},
{"type":"Feature","properties":{"capa_cad":"C3D-Eje Horizontal","color":"#FF00FF"},"geometry":{"type":"LineString","coordinates":[[-78.135426493316785,-0.146262908913062],[-78.135497830632502,-0.1461383411762]]}},
{"type":"Feature","properties":{"capa_cad":"C3D-Eje Horizontal","color":"#FF00FF"},"geometry":{"type":"LineString","coordinates":[[-78.135639746264161,-0.145889969910971],[-78.135711083636664,-0.14576616629625]]}},
{"type":"Feature","properties":{"capa_cad":"C3D-Eje Horizontal","color":"#FF00FF"},"geometry":{"type":"LineString","coordinates":[[-78.135852999210073,-0.145517794936609],[-78.135924336553643,-0.145393991274621]]}},
{"type":"Feature","properties":{"capa_cad":"C3D-Eje Horizontal","color":"#FF00FF"},"geometry":{"type":"LineString","coordinates":[[-78.13606701112549,-0.145145619733482],[-78.13613834844017,-0.145021816024163]]}},
{"type":"Feature","properties":{"capa_cad":"C3D-Eje Horizontal","color":"#FF00FF"},"geometry":{"type":"LineString","coordinates":[[-78.136280263897206,-0.144773444475511],[-78.13635160118298,-0.144649640718919]]}},
{"type":"Feature","properties":{"capa_cad":"C3D-Eje Horizontal","color":"#FF00FF"},"geometry":{"type":"LineString","coordinates":[[-78.136493516581794,-0.144401269075888],[-78.136564853751594,-0.144276701101848]]}},
{"type":"Feature","properties":{"capa_cad":"C3D-Eje Horizontal","color":"#FF00FF"},"geometry":{"type":"LineString","coordinates":[[-78.136707528236357,-0.144029093446797],[-78.136778106319923,-0.143904525513198]]}},
{"type":"Feature","properties":{"capa_cad":"C3D-Eje Horizontal","color":"#FF00FF"},"geometry":{"type":"LineString","coordinates":[[-78.136920780659409,-0.143656153593208],[-78.136992117858441,-0.143532349694744]]}},
{"type":"Feature","properties":{"capa_cad":"C3D-Eje Horizontal","color":"#FF00FF"},"geometry":{"type":"LineString","coordinates":[[-78.135213212394817,-0.146386728584893],[-78.135283790741624,-0.146262925135463]]}},
{"type":"Feature","properties":{"capa_cad":"C3D-Eje Horizontal","color":"#FF00FF"},"geometry":{"type":"LineString","coordinates":[[-78.135426465432857,-0.146014553847445],[-78.135497802720948,-0.145889986094985]]}},
{"type":"Feature","properties":{"capa_cad":"C3D-Eje Horizontal","color":"#FF00FF"},"geometry":{"type":"LineString","coordinates":[[-78.135639718383672,-0.1456423789683],[-78.135711055642588,-0.145517811168409]]}},
{"type":"Feature","properties":{"capa_cad":"C3D-Eje Horizontal","color":"#FF00FF"},"geometry":{"type":"LineString","coordinates":[[-78.135852971160929,-0.145269439777725],[-78.135924308477058,-0.145145636100158]]}},
{"type":"Feature","properties":{"capa_cad":"C3D-Eje Horizontal","color":"#FF00FF"},"geometry":{"type":"LineString","coordinates":[[-78.136066982993839,-0.14489726452783],[-78.136138320281077,-0.144773460802917]]}},
{"type":"Feature","properties":{"capa_cad":"C3D-Eje Horizontal","color":"#FF00FF"},"geometry":{"type":"LineString","coordinates":[[-78.13628023568306,-0.144525089223243],[-78.136351572941379,-0.144401285451058]]}},
{"type":"Feature","properties":{"capa_cad":"C3D-Eje Horizontal","color":"#FF00FF"},"geometry":{"type":"LineString","coordinates":[[-78.136493488285168,-0.144152913777008],[-78.136564825514583,-0.144029109957572]]}},
{"type":"Feature","properties":{"capa_cad":"C3D-Eje Horizontal","color":"#FF00FF"},"geometry":{"type":"LineString","coordinates":[[-78.136707499857252,-0.143780738101143],[-78.13677807791322,-0.143656170152102]]}},
{"type":"Feature","properties":{"capa_cad":"C3D-Eje Horizontal","color":"#FF00FF"},"geometry":{"type":"LineString","coordinates":[[-78.136920752285334,-0.143408562371385],[-78.136945796175937,-0.143365001743317]]}},
{"type":"Feature","properties":{"capa_cad":"C3D-Eje Horizontal","color":"#FF00FF"},"geometry":{"type":"LineString","coordinates":[[-78.135213184539936,-0.14613837356587],[-78.135283762859288,-0.146014570101006]]}},
{"type":"Feature","properties":{"capa_cad":"C3D-Eje Horizontal","color":"#FF00FF"},"geometry":{"type":"LineString","coordinates":[[-78.135426437495425,-0.145766198781791],[-78.135497774842037,-0.145642395183212]]}},
{"type":"Feature","properties":{"capa_cad":"C3D-Eje Horizontal","color":"#FF00FF"},"geometry":{"type":"LineString","coordinates":[[-78.135639690363732,-0.14539402385602],[-78.135711027595008,-0.145269456040532]]}},
{"type":"Feature","properties":{"capa_cad":"C3D-Eje Horizontal","color":"#FF00FF"},"geometry":{"type":"LineString","coordinates":[[-78.135852943144855,-0.145021848788556],[-78.135924280346956,-0.144897280925659]]}},
{"type":"Feature","properties":{"capa_cad":"C3D-Eje Horizontal","color":"#FF00FF"},"geometry":{"type":"LineString","coordinates":[[-78.136066954895497,-0.144649673492003],[-78.13613829206848,-0.144525105581634]]}},
{"type":"Feature","properties":{"capa_cad":"C3D-Eje Horizontal","color":"#FF00FF"},"geometry":{"type":"LineString","coordinates":[[-78.136280207415425,-0.14427673397094],[-78.136351544646303,-0.144152930183161]]}},
{"type":"Feature","properties":{"capa_cad":"C3D-Eje Horizontal","color":"#FF00FF"},"geometry":{"type":"LineString","coordinates":[[-78.136493459935053,-0.143904558478092],[-78.136564797137027,-0.143780754643065]]}},
{"type":"Feature","properties":{"capa_cad":"C3D-Eje Horizontal","color":"#FF00FF"},"geometry":{"type":"LineString","coordinates":[[-78.136707471424657,-0.143532382755437],[-78.136778049540681,-0.143408578961345]]}},
{"type":"Feature","properties":{"capa_cad":"C3D-Eje Horizontal","color":"#FF00FF"},"geometry":{"type":"LineString","coordinates":[[-78.134999144701055,-0.146262957491207],[-78.135070481992344,-0.146138389802509]]}},
{"type":"Feature","properties":{"capa_cad":"C3D-Eje Horizontal","color":"#FF00FF"},"geometry":{"type":"LineString","coordinates":[[-78.13542640950449,-0.145517843716102],[-78.135497746823631,-0.145394040101924]]}},
{"type":"Feature","properties":{"capa_cad":"C3D-Eje Horizontal","color":"#FF00FF"},"geometry":{"type":"LineString","coordinates":[[-78.135639662290274,-0.145145668743704],[-78.135710999580482,-0.145021865082241]]}},
{"type":"Feature","properties":{"capa_cad":"C3D-Eje Horizontal","color":"#FF00FF"},"geometry":{"type":"LineString","coordinates":[[-78.135852914988874,-0.1447734936296],[-78.135924252250177,-0.144649689920891]]}},
{"type":"Feature","properties":{"capa_cad":"C3D-Eje Horizontal","color":"#FF00FF"},"geometry":{"type":"LineString","coordinates":[[-78.136066926657008,-0.144401318286279],[-78.136138263802394,-0.144276750360317]]}},
{"type":"Feature","properties":{"capa_cad":"C3D-Eje Horizontal","color":"#FF00FF"},"geometry":{"type":"LineString","coordinates":[[-78.136280179181512,-0.144029142888606],[-78.136351516297736,-0.14390457491523]]}},
{"type":"Feature","properties":{"capa_cad":"C3D-Eje Horizontal","color":"#FF00FF"},"geometry":{"type":"LineString","coordinates":[[-78.136493431531434,-0.143656203179125],[-78.136564768705981,-0.143532399328523]]}},
{"type":"Feature","properties":{"capa_cad":"C3D-Eje Horizontal","color":"#FF00FF"},"geometry":{"type":"LineString","coordinates":[[-78.136707442938587,-0.143284027409713],[-78.136711996403577,-0.143276385176813]]}},
{"type":"Feature","properties":{"capa_cad":"C3D-Eje Horizontal","color":"#FF00FF"},"geometry":{"type":"LineString","coordinates":[[-78.13542638146005,-0.145269488650376],[-78.135497718751736,-0.145145685020585]]}},
{"type":"Feature","properties":{"capa_cad":"C3D-Eje Horizontal","color":"#FF00FF"},"geometry":{"type":"LineString","coordinates":[[-78.135639634163297,-0.144897313631353],[-78.135710971426079,-0.144773509954293]]}},
{"type":"Feature","properties":{"capa_cad":"C3D-Eje Horizontal","color":"#FF00FF"},"geometry":{"type":"LineString","coordinates":[[-78.135852886779404,-0.144525138470626],[-78.135924224013266,-0.144401334746321]]}},
{"type":"Feature","properties":{"capa_cad":"C3D-Eje Horizontal","color":"#FF00FF"},"geometry":{"type":"LineString","coordinates":[[-78.136066898365058,-0.144152963080521],[-78.13613823557003,-0.144029159308874]]}},
{"type":"Feature","properties":{"capa_cad":"C3D-Eje Horizontal","color":"#FF00FF"},"geometry":{"type":"LineString","coordinates":[[-78.136280150807053,-0.143780787636232],[-78.136351487895681,-0.143656219647263]]}},
{"type":"Feature","properties":{"capa_cad":"C3D-Eje Horizontal","color":"#FF00FF"},"geometry":{"type":"LineString","coordinates":[[-78.136493403161992,-0.143408612050305],[-78.136564740221459,-0.143284044013947]]}},
{"type":"Feature","properties":{"capa_cad":"C3D-Eje Horizontal","color":"#FF00FF"},"geometry":{"type":"LineString","coordinates":[[-78.135426353448636,-0.145021897754046],[-78.135497690626337,-0.144897329939226]]}},
{"type":"Feature","properties":{"capa_cad":"C3D-Eje Horizontal","color":"#FF00FF"},"geometry":{"type":"LineString","coordinates":[[-78.135639606069631,-0.14464972268854],[-78.135710943218157,-0.14452515482631]]}},
{"type":"Feature","properties":{"capa_cad":"C3D-Eje Horizontal","color":"#FF00FF"},"geometry":{"type":"LineString","coordinates":[[-78.135852858516444,-0.144276783311617],[-78.135924195722851,-0.144152979571717]]}},
{"type":"Feature","properties":{"capa_cad":"C3D-Eje Horizontal","color":"#FF00FF"},"geometry":{"type":"LineString","coordinates":[[-78.136066870019576,-0.143904607874727],[-78.136138207197135,-0.143780804087486]]}},
{"type":"Feature","properties":{"capa_cad":"C3D-Eje Horizontal","color":"#FF00FF"},"geometry":{"type":"LineString","coordinates":[[-78.136280122379119,-0.143532432383823],[-78.136351459527759,-0.143408628549315]]}},
{"type":"Feature","properties":{"capa_cad":"C3D-Eje Horizontal","color":"#FF00FF"},"geometry":{"type":"LineString","coordinates":[[-78.135639577835832,-0.144401367576118],[-78.135710914956732,-0.144276799698291]]}},
{"type":"Feature","properties":{"capa_cad":"C3D-Eje Horizontal","color":"#FF00FF"},"geometry":{"type":"LineString","coordinates":[[-78.135852830287178,-0.14402919232229],[-78.135924167378931,-0.143904624397077]]}},
{"type":"Feature","properties":{"capa_cad":"C3D-Eje Horizontal","color":"#FF00FF"},"geometry":{"type":"LineString","coordinates":[[-78.136066841620618,-0.143656252668898],[-78.136138178770722,-0.143532448866047]]}},
{"type":"Feature","properties":{"capa_cad":"C3D-Eje Horizontal","color":"#FF00FF"},"geometry":{"type":"LineString","coordinates":[[-78.136280093897682,-0.14328407713138],[-78.136337770717958,-0.1431839641438]]}},
{"type":"Feature","properties":{"capa_cad":"C3D-Eje Horizontal","color":"#FF00FF"},"geometry":{"type":"LineString","coordinates":[[-78.135639549548529,-0.14415301246366],[-78.135710886729029,-0.14402920873986]]}},
{"type":"Feature","properties":{"capa_cad":"C3D-Eje Horizontal","color":"#FF00FF"},"geometry":{"type":"LineString","coordinates":[[-78.13585280191738,-0.143780837163211],[-78.135924138981522,-0.143656269222386]]}},
{"type":"Feature","properties":{"capa_cad":"C3D-Eje Horizontal","color":"#FF00FF"},"geometry":{"type":"LineString","coordinates":[[-78.136066813255795,-0.143408661632896],[-78.136138150290819,-0.143284093644589]]}},
{"type":"Feature","properties":{"capa_cad":"C3D-Eje Horizontal","color":"#FF00FF"},"geometry":{"type":"LineString","coordinates":[[-78.135647869169205,-0.143890137162492],[-78.135710858360781,-0.143780853611771]]}},
{"type":"Feature","properties":{"capa_cad":"C3D-Eje Horizontal","color":"#FF00FF"},"geometry":{"type":"LineString","coordinates":[[-78.135852773494094,-0.143532482004096],[-78.135924110618248,-0.143408678217459]]}},
{"type":"Feature","properties":{"capa_cad":"C3D-Eje Horizontal","color":"#FF00FF"},"geometry":{"type":"LineString","coordinates":[[-78.138219729659141,-0.145425823600227],[-78.138201508636385,-0.145393730492451]]}},
{"type":"Feature","properties":{"capa_cad":"C3D-Eje Horizontal","color":"#FF00FF"},"geometry":{"type":"LineString","coordinates":[[-78.138059536676693,-0.145145391114214],[-78.137988171198941,-0.145021603577158]]}},
{"type":"Feature","properties":{"capa_cad":"C3D-Eje Horizontal","color":"#FF00FF"},"geometry":{"type":"LineString","coordinates":[[-78.137845440132537,-0.144773264377819],[-78.137774833601554,-0.144648712628196]]}},
{"type":"Feature","properties":{"capa_cad":"C3D-Eje Horizontal","color":"#FF00FF"},"geometry":{"type":"LineString","coordinates":[[-78.13763210257332,-0.144401137691658],[-78.137560736960054,-0.144276586075434]]}},
{"type":"Feature","properties":{"capa_cad":"C3D-Eje Horizontal","color":"#FF00FF"},"geometry":{"type":"LineString","coordinates":[[-78.137418764941017,-0.144029011142845],[-78.13734739930328,-0.143904459572606]]}},
{"type":"Feature","properties":{"capa_cad":"C3D-Eje Horizontal","color":"#FF00FF"},"geometry":{"type":"LineString","coordinates":[[-78.138272902112249,-0.145765873762244],[-78.138201536684562,-0.145642086163833]]}},
{"type":"Feature","properties":{"capa_cad":"C3D-Eje Horizontal","color":"#FF00FF"},"geometry":{"type":"LineString","coordinates":[[-78.138059564776754,-0.145393746754683],[-78.137988199238407,-0.145269195030911]]}},
{"type":"Feature","properties":{"capa_cad":"C3D-Eje Horizontal","color":"#FF00FF"},"geometry":{"type":"LineString","coordinates":[[-78.13784546831036,-0.145021619971642],[-78.137774861805411,-0.144897068206618]]}},
{"type":"Feature","properties":{"capa_cad":"C3D-Eje Horizontal","color":"#FF00FF"},"geometry":{"type":"LineString","coordinates":[[-78.137632130742062,-0.144648729068068],[-78.137560765241687,-0.144524941607205]]}},
{"type":"Feature","properties":{"capa_cad":"C3D-Eje Horizontal","color":"#FF00FF"},"geometry":{"type":"LineString","coordinates":[[-78.137418793187308,-0.144276602472911],[-78.137347427662689,-0.144152815057888]]}},
{"type":"Feature","properties":{"capa_cad":"C3D-Eje Horizontal","color":"#FF00FF"},"geometry":{"type":"LineString","coordinates":[[-78.137204696502039,-0.143904476103061],[-78.137134090010591,-0.143780688645937]]}},
{"type":"Feature","properties":{"capa_cad":"C3D-Eje Horizontal","color":"#FF00FF"},"geometry":{"type":"LineString","coordinates":[[-78.136991358801197,-0.143532349782916],[-78.136919993228133,-0.143408562459636]]}},
{"type":"Feature","properties":{"capa_cad":"C3D-Eje Horizontal","color":"#FF00FF"},"geometry":{"type":"LineString","coordinates":[[-78.138272930081101,-0.146014229449138],[-78.138201564593217,-0.145889677663885]]}},
{"type":"Feature","properties":{"capa_cad":"C3D-Eje Horizontal","color":"#FF00FF"},"geometry":{"type":"LineString","coordinates":[[-78.138059592823367,-0.1456421023951],[-78.137988227311027,-0.14551755065578]]}},
{"type":"Feature","properties":{"capa_cad":"C3D-Eje Horizontal","color":"#FF00FF"},"geometry":{"type":"LineString","coordinates":[[-78.137845496348262,-0.145269211394341],[-78.137774889955807,-0.145145423785006]]}},
{"type":"Feature","properties":{"capa_cad":"C3D-Eje Horizontal","color":"#FF00FF"},"geometry":{"type":"LineString","coordinates":[[-78.137632158944371,-0.144897084615355],[-78.137560793469859,-0.144773297138942]]}},
{"type":"Feature","properties":{"capa_cad":"C3D-Eje Horizontal","color":"#FF00FF"},"geometry":{"type":"LineString","coordinates":[[-78.137418821467378,-0.14452495797371],[-78.137347455968651,-0.144401170543136]]}},
{"type":"Feature","properties":{"capa_cad":"C3D-Eje Horizontal","color":"#FF00FF"},"geometry":{"type":"LineString","coordinates":[[-78.137204724859899,-0.144152831557203],[-78.137134118394343,-0.144029044084692]]}},
{"type":"Feature","properties":{"capa_cad":"C3D-Eje Horizontal","color":"#FF00FF"},"geometry":{"type":"LineString","coordinates":[[-78.136991387236861,-0.143780705190563],[-78.136920021602208,-0.143656153681294]]}},
{"type":"Feature","properties":{"capa_cad":"C3D-Eje Horizontal","color":"#FF00FF"},"geometry":{"type":"LineString","coordinates":[[-78.136778049540681,-0.143408578961345],[-78.136706683881528,-0.14328402749804]]}},
{"type":"Feature","properties":{"capa_cad":"C3D-Eje Horizontal","color":"#FF00FF"},"geometry":{"type":"LineString","coordinates":[[-78.138232720016106,-0.146192285953425],[-78.138201592534642,-0.146138033335195]]}},
{"type":"Feature","properties":{"capa_cad":"C3D-Eje Horizontal","color":"#FF00FF"},"geometry":{"type":"LineString","coordinates":[[-78.138059620730459,-0.145889693864282],[-78.1379882553302,-0.145765906280612]]}},
{"type":"Feature","properties":{"capa_cad":"C3D-Eje Horizontal","color":"#FF00FF"},"geometry":{"type":"LineString","coordinates":[[-78.137845524419319,-0.145517566988093],[-78.137774918052742,-0.145393779363374]]}},
{"type":"Feature","properties":{"capa_cad":"C3D-Eje Horizontal","color":"#FF00FF"},"geometry":{"type":"LineString","coordinates":[[-78.137632187093189,-0.145145440162606],[-78.137560821644556,-0.145021652670659]]}},
{"type":"Feature","properties":{"capa_cad":"C3D-Eje Horizontal","color":"#FF00FF"},"geometry":{"type":"LineString","coordinates":[[-78.137418849693987,-0.144773313474474],[-78.137347484134281,-0.144648761857627]]}},
{"type":"Feature","properties":{"capa_cad":"C3D-Eje Horizontal","color":"#FF00FF"},"geometry":{"type":"LineString","coordinates":[[-78.137204753164298,-0.144401187011311],[-78.137134146637536,-0.144276635352834]]}},
{"type":"Feature","properties":{"capa_cad":"C3D-Eje Horizontal","color":"#FF00FF"},"geometry":{"type":"LineString","coordinates":[[-78.136991415619065,-0.144029060598175],[-78.13692005001046,-0.143904509073352]]}},
{"type":"Feature","properties":{"capa_cad":"C3D-Eje Horizontal","color":"#FF00FF"},"geometry":{"type":"LineString","coordinates":[[-78.13677807791322,-0.143656170152102],[-78.136706712367598,-0.143532382843599]]}},
{"type":"Feature","properties":{"capa_cad":"C3D-Eje Horizontal","color":"#FF00FF"},"geometry":{"type":"LineString","coordinates":[[-78.136564740221459,-0.143284044013947],[-78.136522983753295,-0.143211452705166]]}},
{"type":"Feature","properties":{"capa_cad":"C3D-Eje Horizontal","color":"#FF00FF"},"geometry":{"type":"LineString","coordinates":[[-78.138059648670307,-0.146138049504627],[-78.137988283295925,-0.146014261905409]]}},
{"type":"Feature","properties":{"capa_cad":"C3D-Eje Horizontal","color":"#FF00FF"},"geometry":{"type":"LineString","coordinates":[[-78.137845552436914,-0.145765922581792],[-78.137774946096201,-0.14564213494169]]}},
{"type":"Feature","properties":{"capa_cad":"C3D-Eje Horizontal","color":"#FF00FF"},"geometry":{"type":"LineString","coordinates":[[-78.13763221518856,-0.145393795709822],[-78.137560849679332,-0.145269244031444]]}},
{"type":"Feature","properties":{"capa_cad":"C3D-Eje Horizontal","color":"#FF00FF"},"geometry":{"type":"LineString","coordinates":[[-78.137418877867148,-0.145021668975203],[-78.137347512333463,-0.144897117342804]]}},
{"type":"Feature","properties":{"capa_cad":"C3D-Eje Horizontal","color":"#FF00FF"},"geometry":{"type":"LineString","coordinates":[[-78.137204781328379,-0.144648778294757],[-78.137134174914507,-0.144524990791518]]}},
{"type":"Feature","properties":{"capa_cad":"C3D-Eje Horizontal","color":"#FF00FF"},"geometry":{"type":"LineString","coordinates":[[-78.136991443860722,-0.14427665183527],[-78.136920078365222,-0.144152864465375]]}},
{"type":"Feature","properties":{"capa_cad":"C3D-Eje Horizontal","color":"#FF00FF"},"geometry":{"type":"LineString","coordinates":[[-78.136778106319923,-0.143904525513198],[-78.136706740800179,-0.143780738189122]]}},
{"type":"Feature","properties":{"capa_cad":"C3D-Eje Horizontal","color":"#FF00FF"},"geometry":{"type":"LineString","coordinates":[[-78.136564768705981,-0.143532399328523],[-78.136493403161992,-0.143408612050305]]}},
{"type":"Feature","properties":{"capa_cad":"C3D-Eje Horizontal","color":"#FF00FF"},"geometry":{"type":"LineString","coordinates":[[-78.138033104380781,-0.146340557894412],[-78.137988311208176,-0.14626261753017]]}},
{"type":"Feature","properties":{"capa_cad":"C3D-Eje Horizontal","color":"#FF00FF"},"geometry":{"type":"LineString","coordinates":[[-78.137845580401049,-0.146014278175456],[-78.13777497400018,-0.145889726348962]]}},
{"type":"Feature","properties":{"capa_cad":"C3D-Eje Horizontal","color":"#FF00FF"},"geometry":{"type":"LineString","coordinates":[[-78.137632243230456,-0.145642151257002],[-78.137560877747276,-0.14551759956309]]}},
{"type":"Feature","properties":{"capa_cad":"C3D-Eje Horizontal","color":"#FF00FF"},"geometry":{"type":"LineString","coordinates":[[-78.137418905900375,-0.145269260305127],[-78.137347540479169,-0.145145472827945]]}},
{"type":"Feature","properties":{"capa_cad":"C3D-Eje Horizontal","color":"#FF00FF"},"geometry":{"type":"LineString","coordinates":[[-78.137204809525983,-0.144897133748794],[-78.137134203138004,-0.144773346230168]]}},
{"type":"Feature","properties":{"capa_cad":"C3D-Eje Horizontal","color":"#FF00FF"},"geometry":{"type":"LineString","coordinates":[[-78.136991472136131,-0.144525007242812],[-78.136920106666494,-0.144401219857363]]}},
{"type":"Feature","properties":{"capa_cad":"C3D-Eje Horizontal","color":"#FF00FF"},"geometry":{"type":"LineString","coordinates":[[-78.136778134673136,-0.144152880874242],[-78.136706769179284,-0.144029093534611]]}},
{"type":"Feature","properties":{"capa_cad":"C3D-Eje Horizontal","color":"#FF00FF"},"geometry":{"type":"LineString","coordinates":[[-78.136564797137027,-0.143780754643065],[-78.136493431531434,-0.143656203179125]]}},
{"type":"Feature","properties":{"capa_cad":"C3D-Eje Horizontal","color":"#FF00FF"},"geometry":{"type":"LineString","coordinates":[[-78.136350700470942,-0.143408628637547],[-78.136280093897682,-0.14328407713138]]}},
{"type":"Feature","properties":{"capa_cad":"C3D-Eje Horizontal","color":"#FF00FF"},"geometry":{"type":"LineString","coordinates":[[-78.137845608311736,-0.146262633769084],[-78.137775001936888,-0.146138081927206]]}},
{"type":"Feature","properties":{"capa_cad":"C3D-Eje Horizontal","color":"#FF00FF"},"geometry":{"type":"LineString","coordinates":[[-78.137632271132844,-0.145889742633235],[-78.137560905761731,-0.145765955094684]]}},
{"type":"Feature","properties":{"capa_cad":"C3D-Eje Horizontal","color":"#FF00FF"},"geometry":{"type":"LineString","coordinates":[[-78.137418933966742,-0.145517615805784],[-78.1373475685714,-0.145393828313051]]}},
{"type":"Feature","properties":{"capa_cad":"C3D-Eje Horizontal","color":"#FF00FF"},"geometry":{"type":"LineString","coordinates":[[-78.137204837670126,-0.145145489202795],[-78.137134231308011,-0.145021701668781]]}},
{"type":"Feature","properties":{"capa_cad":"C3D-Eje Horizontal","color":"#FF00FF"},"geometry":{"type":"LineString","coordinates":[[-78.13699150035805,-0.144773362650319],[-78.136920134827491,-0.144648811078882]]}},
{"type":"Feature","properties":{"capa_cad":"C3D-Eje Horizontal","color":"#FF00FF"},"geometry":{"type":"LineString","coordinates":[[-78.136778162972874,-0.144401236235251],[-78.13670679741783,-0.144276684709773]]}},
{"type":"Feature","properties":{"capa_cad":"C3D-Eje Horizontal","color":"#FF00FF"},"geometry":{"type":"LineString","coordinates":[[-78.136564825514583,-0.144029109957572],[-78.136493459935053,-0.143904558478092]]}},
{"type":"Feature","properties":{"capa_cad":"C3D-Eje Horizontal","color":"#FF00FF"},"geometry":{"type":"LineString","coordinates":[[-78.136350728838849,-0.143656219735331],[-78.136280122379119,-0.143532432383823]]}},
{"type":"Feature","properties":{"capa_cad":"C3D-Eje Horizontal","color":"#FF00FF"},"geometry":{"type":"LineString","coordinates":[[-78.136137391234158,-0.143284093732897],[-78.136108541290852,-0.143233661875526]]}},
{"type":"Feature","properties":{"capa_cad":"C3D-Eje Horizontal","color":"#FF00FF"},"geometry":{"type":"LineString","coordinates":[[-78.137832729615184,-0.146488065696775],[-78.137775029820133,-0.146386437505414]]}},
{"type":"Feature","properties":{"capa_cad":"C3D-Eje Horizontal","color":"#FF00FF"},"geometry":{"type":"LineString","coordinates":[[-78.137632299067988,-0.146138098180344],[-78.137560933722725,-0.146014310626243]]}},
{"type":"Feature","properties":{"capa_cad":"C3D-Eje Horizontal","color":"#FF00FF"},"geometry":{"type":"LineString","coordinates":[[-78.137418961979634,-0.145765971306406],[-78.137347596610169,-0.145642183798121]]}},
{"type":"Feature","properties":{"capa_cad":"C3D-Eje Horizontal","color":"#FF00FF"},"geometry":{"type":"LineString","coordinates":[[-78.137204865760793,-0.145393844656761],[-78.137134259338126,-0.145269292936782]]}},
{"type":"Feature","properties":{"capa_cad":"C3D-Eje Horizontal","color":"#FF00FF"},"geometry":{"type":"LineString","coordinates":[[-78.136991528526508,-0.145021718057807],[-78.136920163021969,-0.144897166470799]]}},
{"type":"Feature","properties":{"capa_cad":"C3D-Eje Horizontal","color":"#FF00FF"},"geometry":{"type":"LineString","coordinates":[[-78.136778191132308,-0.144648827425885],[-78.136706825690126,-0.144525040055191]]}},
{"type":"Feature","properties":{"capa_cad":"C3D-Eje Horizontal","color":"#FF00FF"},"geometry":{"type":"LineString","coordinates":[[-78.136564853751594,-0.144276701101848],[-78.136493488285168,-0.144152913777008]]}},
{"type":"Feature","properties":{"capa_cad":"C3D-Eje Horizontal","color":"#FF00FF"},"geometry":{"type":"LineString","coordinates":[[-78.136350757240891,-0.143904575003131],[-78.136280150807053,-0.143780787636232]]}},
{"type":"Feature","properties":{"capa_cad":"C3D-Eje Horizontal","color":"#FF00FF"},"geometry":{"type":"LineString","coordinates":[[-78.136137419714046,-0.143532448954189],[-78.136066054199162,-0.143408661721119]]}},
{"type":"Feature","properties":{"capa_cad":"C3D-Eje Horizontal","color":"#FF00FF"},"geometry":{"type":"LineString","coordinates":[[-78.137632326949642,-0.146386453727416],[-78.137560961630257,-0.146262666157765]]}},
{"type":"Feature","properties":{"capa_cad":"C3D-Eje Horizontal","color":"#FF00FF"},"geometry":{"type":"LineString","coordinates":[[-78.137418989939064,-0.146014326806992],[-78.137347624509431,-0.145889775112435]]}},
{"type":"Feature","properties":{"capa_cad":"C3D-Eje Horizontal","color":"#FF00FF"},"geometry":{"type":"LineString","coordinates":[[-78.137204893797986,-0.145642200110691],[-78.137134287401381,-0.145517648375325]]}},
{"type":"Feature","properties":{"capa_cad":"C3D-Eje Horizontal","color":"#FF00FF"},"geometry":{"type":"LineString","coordinates":[[-78.13699155655506,-0.145269309294744],[-78.136920191163,-0.145145521862681]]}},
{"type":"Feature","properties":{"capa_cad":"C3D-Eje Horizontal","color":"#FF00FF"},"geometry":{"type":"LineString","coordinates":[[-78.136778219325251,-0.144897182786823],[-78.136706853908947,-0.144773395400574]]}},
{"type":"Feature","properties":{"capa_cad":"C3D-Eje Horizontal","color":"#FF00FF"},"geometry":{"type":"LineString","coordinates":[[-78.136564882022327,-0.144525056416285],[-78.136493516581794,-0.144401269075888]]}},
{"type":"Feature","properties":{"capa_cad":"C3D-Eje Horizontal","color":"#FF00FF"},"geometry":{"type":"LineString","coordinates":[[-78.136350785589457,-0.144152930270897],[-78.136280179181512,-0.144029142888606]]}},
{"type":"Feature","properties":{"capa_cad":"C3D-Eje Horizontal","color":"#FF00FF"},"geometry":{"type":"LineString","coordinates":[[-78.136137448140445,-0.143780804175446],[-78.136066082563985,-0.143656252756956]]}},
{"type":"Feature","properties":{"capa_cad":"C3D-Eje Horizontal","color":"#FF00FF"},"geometry":{"type":"LineString","coordinates":[[-78.135924110618248,-0.143408678217459],[-78.135920314634575,-0.143402565300391]]}},
{"type":"Feature","properties":{"capa_cad":"C3D-Eje Horizontal","color":"#FF00FF"},"geometry":{"type":"LineString","coordinates":[[-78.137616411399108,-0.146606536759538],[-78.137560989398693,-0.146510257518388]]}},
{"type":"Feature","properties":{"capa_cad":"C3D-Eje Horizontal","color":"#FF00FF"},"geometry":{"type":"LineString","coordinates":[[-78.137419017845019,-0.146262682307542],[-78.13734765244142,-0.146138130597433]]}},
{"type":"Feature","properties":{"capa_cad":"C3D-Eje Horizontal","color":"#FF00FF"},"geometry":{"type":"LineString","coordinates":[[-78.137204921695684,-0.14588979139396],[-78.137134315411132,-0.145766003813832]]}},
{"type":"Feature","properties":{"capa_cad":"C3D-Eje Horizontal","color":"#FF00FF"},"geometry":{"type":"LineString","coordinates":[[-78.136991584616723,-0.145517664702162],[-78.136920219250527,-0.145393877254527]]}},
{"type":"Feature","properties":{"capa_cad":"C3D-Eje Horizontal","color":"#FF00FF"},"geometry":{"type":"LineString","coordinates":[[-78.136778247464704,-0.145145538147726],[-78.136706882074279,-0.145021750745938]]}},
{"type":"Feature","properties":{"capa_cad":"C3D-Eje Horizontal","color":"#FF00FF"},"geometry":{"type":"LineString","coordinates":[[-78.136564910239599,-0.144773411730686],[-78.136493544738116,-0.144648860204585]]}},
{"type":"Feature","properties":{"capa_cad":"C3D-Eje Horizontal","color":"#FF00FF"},"geometry":{"type":"LineString","coordinates":[[-78.136350813884519,-0.144401285538628],[-78.136280207415425,-0.14427673397094]]}},
{"type":"Feature","properties":{"capa_cad":"C3D-Eje Horizontal","color":"#FF00FF"},"geometry":{"type":"LineString","coordinates":[[-78.136137476513341,-0.144029159396668],[-78.136066110962929,-0.143904607962619]]}},
{"type":"Feature","properties":{"capa_cad":"C3D-Eje Horizontal","color":"#FF00FF"},"geometry":{"type":"LineString","coordinates":[[-78.135924138981522,-0.143656269222386],[-78.135852773494094,-0.143532482004096]]}},
{"type":"Feature","properties":{"capa_cad":"C3D-Eje Horizontal","color":"#FF00FF"},"geometry":{"type":"LineString","coordinates":[[-78.137419045611892,-0.146510273637288],[-78.137347680319934,-0.146386486082396]]}},
{"type":"Feature","properties":{"capa_cad":"C3D-Eje Horizontal","color":"#FF00FF"},"geometry":{"type":"LineString","coordinates":[[-78.137204949626096,-0.146138146847818],[-78.137134343367421,-0.146014359252303]]}},
{"type":"Feature","properties":{"capa_cad":"C3D-Eje Horizontal","color":"#FF00FF"},"geometry":{"type":"LineString","coordinates":[[-78.136991612624911,-0.145766020109526],[-78.136920247284593,-0.145642232646338]]}},
{"type":"Feature","properties":{"capa_cad":"C3D-Eje Horizontal","color":"#FF00FF"},"geometry":{"type":"LineString","coordinates":[[-78.136778275550682,-0.145393893508593],[-78.136706910099718,-0.145269341920942]]}},
{"type":"Feature","properties":{"capa_cad":"C3D-Eje Horizontal","color":"#FF00FF"},"geometry":{"type":"LineString","coordinates":[[-78.136564938403367,-0.145021767045052],[-78.136493572927932,-0.144897215503395]]}},
{"type":"Feature","properties":{"capa_cad":"C3D-Eje Horizontal","color":"#FF00FF"},"geometry":{"type":"LineString","coordinates":[[-78.136350842039292,-0.144648876636271],[-78.13628023568306,-0.144525089223243]]}},
{"type":"Feature","properties":{"capa_cad":"C3D-Eje Horizontal","color":"#FF00FF"},"geometry":{"type":"LineString","coordinates":[[-78.13613750474569,-0.144276750447946],[-78.136066139308383,-0.144152963168247]]}},
{"type":"Feature","properties":{"capa_cad":"C3D-Eje Horizontal","color":"#FF00FF"},"geometry":{"type":"LineString","coordinates":[[-78.135924167378931,-0.143904624397077],[-78.13585280191738,-0.143780837163211]]}},
{"type":"Feature","properties":{"capa_cad":"C3D-Eje Horizontal","color":"#FF00FF"},"geometry":{"type":"LineString","coordinates":[[-78.137390982808569,-0.146709725392731],[-78.137347708144986,-0.146634841567322]]}},
{"type":"Feature","properties":{"capa_cad":"C3D-Eje Horizontal","color":"#FF00FF"},"geometry":{"type":"LineString","coordinates":[[-78.137204977503032,-0.146386502301641],[-78.137134371270221,-0.146262714690738]]}},
{"type":"Feature","properties":{"capa_cad":"C3D-Eje Horizontal","color":"#FF00FF"},"geometry":{"type":"LineString","coordinates":[[-78.136991640579623,-0.146014375516855],[-78.136920275179151,-0.145889823867679]]}},
{"type":"Feature","properties":{"capa_cad":"C3D-Eje Horizontal","color":"#FF00FF"},"geometry":{"type":"LineString","coordinates":[[-78.136778303583171,-0.145642248869425],[-78.136706938158241,-0.145517697266235]]}},
{"type":"Feature","properties":{"capa_cad":"C3D-Eje Horizontal","color":"#FF00FF"},"geometry":{"type":"LineString","coordinates":[[-78.136564966427258,-0.145269358189187],[-78.136493601064274,-0.145145570802169]]}},
{"type":"Feature","properties":{"capa_cad":"C3D-Eje Horizontal","color":"#FF00FF"},"geometry":{"type":"LineString","coordinates":[[-78.13635087022756,-0.144897231903932],[-78.136280263897206,-0.144773444475511]]}},
{"type":"Feature","properties":{"capa_cad":"C3D-Eje Horizontal","color":"#FF00FF"},"geometry":{"type":"LineString","coordinates":[[-78.136137533011777,-0.144525105669098],[-78.136066167600347,-0.14440131837384]]}},
{"type":"Feature","properties":{"capa_cad":"C3D-Eje Horizontal","color":"#FF00FF"},"geometry":{"type":"LineString","coordinates":[[-78.135924195722851,-0.144152979571717],[-78.135852830287178,-0.14402919232229]]}},
{"type":"Feature","properties":{"capa_cad":"C3D-Eje Horizontal","color":"#FF00FF"},"geometry":{"type":"LineString","coordinates":[[-78.135710858360781,-0.143780853611771],[-78.135694915118151,-0.143754109522381]]}},
{"type":"Feature","properties":{"capa_cad":"C3D-Eje Horizontal","color":"#FF00FF"},"geometry":{"type":"LineString","coordinates":[[-78.137205005326493,-0.146634857755444],[-78.137134399033954,-0.146510305958561]]}},
{"type":"Feature","properties":{"capa_cad":"C3D-Eje Horizontal","color":"#FF00FF"},"geometry":{"type":"LineString","coordinates":[[-78.136991668480846,-0.146262730924148],[-78.136920303106422,-0.146138179259418]]}},
{"type":"Feature","properties":{"capa_cad":"C3D-Eje Horizontal","color":"#FF00FF"},"geometry":{"type":"LineString","coordinates":[[-78.136778331476179,-0.145889840059882],[-78.136706966163288,-0.145766052611476]]}},
{"type":"Feature","properties":{"capa_cad":"C3D-Eje Horizontal","color":"#FF00FF"},"geometry":{"type":"LineString","coordinates":[[-78.136564994484218,-0.145517713503482],[-78.136493629147111,-0.145393926100907]]}},
{"type":"Feature","properties":{"capa_cad":"C3D-Eje Horizontal","color":"#FF00FF"},"geometry":{"type":"LineString","coordinates":[[-78.136350898362323,-0.145145587171556],[-78.136280292057862,-0.145021799727744]]}},
{"type":"Feature","properties":{"capa_cad":"C3D-Eje Horizontal","color":"#FF00FF"},"geometry":{"type":"LineString","coordinates":[[-78.136137561224345,-0.144773460890214],[-78.136066195752008,-0.144648909409537]]}},
{"type":"Feature","properties":{"capa_cad":"C3D-Eje Horizontal","color":"#FF00FF"},"geometry":{"type":"LineString","coordinates":[[-78.135924224013266,-0.144401334746321],[-78.135852858516444,-0.144276783311617]]}},
{"type":"Feature","properties":{"capa_cad":"C3D-Eje Horizontal","color":"#FF00FF"},"geometry":{"type":"LineString","coordinates":[[-78.135710886729029,-0.14402920873986],[-78.13564255804414,-0.143910006186727]]}},
{"type":"Feature","properties":{"capa_cad":"C3D-Eje Horizontal","color":"#FF00FF"},"geometry":{"type":"LineString","coordinates":[[-78.137164795193897,-0.14681291406872],[-78.137134426829988,-0.146758661396941]]}},
{"type":"Feature","properties":{"capa_cad":"C3D-Eje Horizontal","color":"#FF00FF"},"geometry":{"type":"LineString","coordinates":[[-78.136991696243015,-0.146510322160923],[-78.136920330980203,-0.146386534651121]]}},
{"type":"Feature","properties":{"capa_cad":"C3D-Eje Horizontal","color":"#FF00FF"},"geometry":{"type":"LineString","coordinates":[[-78.136778359401873,-0.146138195420642],[-78.13670699411486,-0.146014407956681]]}},
{"type":"Feature","properties":{"capa_cad":"C3D-Eje Horizontal","color":"#FF00FF"},"geometry":{"type":"LineString","coordinates":[[-78.136565022487716,-0.145766068817741],[-78.136493657176473,-0.14564228139961]]}},
{"type":"Feature","properties":{"capa_cad":"C3D-Eje Horizontal","color":"#FF00FF"},"geometry":{"type":"LineString","coordinates":[[-78.136350926443598,-0.145393942439145],[-78.136280320078612,-0.145269390809937]]}},
{"type":"Feature","properties":{"capa_cad":"C3D-Eje Horizontal","color":"#FF00FF"},"geometry":{"type":"LineString","coordinates":[[-78.136137589383438,-0.145021816111312],[-78.136066223937163,-0.144897264615059]]}},
{"type":"Feature","properties":{"capa_cad":"C3D-Eje Horizontal","color":"#FF00FF"},"geometry":{"type":"LineString","coordinates":[[-78.135924252163377,-0.144648925751125],[-78.135852886779404,-0.144525138470626]]}},
{"type":"Feature","properties":{"capa_cad":"C3D-Eje Horizontal","color":"#FF00FF"},"geometry":{"type":"LineString","coordinates":[[-78.135710914956732,-0.144276799698291],[-78.135639549548529,-0.14415301246366]]}},
{"type":"Feature","properties":{"capa_cad":"C3D-Eje Horizontal","color":"#FF00FF"},"geometry":{"type":"LineString","coordinates":[[-78.136991724037443,-0.146758677568144],[-78.136920358800509,-0.146634890042805]]}},
{"type":"Feature","properties":{"capa_cad":"C3D-Eje Horizontal","color":"#FF00FF"},"geometry":{"type":"LineString","coordinates":[[-78.136778387274092,-0.146386550781366],[-78.136707022012942,-0.14626276330185]]}},
{"type":"Feature","properties":{"capa_cad":"C3D-Eje Horizontal","color":"#FF00FF"},"geometry":{"type":"LineString","coordinates":[[-78.13656505043771,-0.146014424131965],[-78.136493685066355,-0.14588987252813]]}},
{"type":"Feature","properties":{"capa_cad":"C3D-Eje Horizontal","color":"#FF00FF"},"geometry":{"type":"LineString","coordinates":[[-78.136350954471382,-0.145642297706699],[-78.136280348132459,-0.145517746062099]]}},
{"type":"Feature","properties":{"capa_cad":"C3D-Eje Horizontal","color":"#FF00FF"},"geometry":{"type":"LineString","coordinates":[[-78.136137617402639,-0.145269407162432],[-78.136066252068801,-0.145145619820546]]}},
{"type":"Feature","properties":{"capa_cad":"C3D-Eje Horizontal","color":"#FF00FF"},"geometry":{"type":"LineString","coordinates":[[-78.135924280346956,-0.144897280925659],[-78.135852914988874,-0.1447734936296]]}},
{"type":"Feature","properties":{"capa_cad":"C3D-Eje Horizontal","color":"#FF00FF"},"geometry":{"type":"LineString","coordinates":[[-78.135710943218157,-0.14452515482631],[-78.135639577835832,-0.144401367576118]]}},
{"type":"Feature","properties":{"capa_cad":"C3D-Eje Horizontal","color":"#FF00FF"},"geometry":{"type":"LineString","coordinates":[[-78.136939366584855,-0.146915338445032],[-78.136920386481975,-0.146882481264002]]}},
{"type":"Feature","properties":{"capa_cad":"C3D-Eje Horizontal","color":"#FF00FF"},"geometry":{"type":"LineString","coordinates":[[-78.13677841509282,-0.146634906142053],[-78.136707049771957,-0.146510354476692]]}},
{"type":"Feature","properties":{"capa_cad":"C3D-Eje Horizontal","color":"#FF00FF"},"geometry":{"type":"LineString","coordinates":[[-78.136565078334229,-0.146262779446152],[-78.136493712988909,-0.146138227826761]]}},
{"type":"Feature","properties":{"capa_cad":"C3D-Eje Horizontal","color":"#FF00FF"},"geometry":{"type":"LineString","coordinates":[[-78.136350982359687,-0.145889888804165],[-78.136280376132817,-0.145766101314225]]}},
{"type":"Feature","properties":{"capa_cad":"C3D-Eje Horizontal","color":"#FF00FF"},"geometry":{"type":"LineString","coordinates":[[-78.136137645454909,-0.145517762383459],[-78.136066280146949,-0.145393975025997]]}},
{"type":"Feature","properties":{"capa_cad":"C3D-Eje Horizontal","color":"#FF00FF"},"geometry":{"type":"LineString","coordinates":[[-78.135924308477058,-0.145145636100158],[-78.135852943144855,-0.145021848788556]]}},
{"type":"Feature","properties":{"capa_cad":"C3D-Eje Horizontal","color":"#FF00FF"},"geometry":{"type":"LineString","coordinates":[[-78.135710971426079,-0.144773509954293],[-78.135639605982831,-0.144648958518966]]}},
{"type":"Feature","properties":{"capa_cad":"C3D-Eje Horizontal","color":"#FF00FF"},"geometry":{"type":"LineString","coordinates":[[-78.136778442772737,-0.146882497332367],[-78.136707077563244,-0.146758709821789]]}},
{"type":"Feature","properties":{"capa_cad":"C3D-Eje Horizontal","color":"#FF00FF"},"geometry":{"type":"LineString","coordinates":[[-78.136565106091666,-0.146510370590108],[-78.136493740857972,-0.146386583125356]]}},
{"type":"Feature","properties":{"capa_cad":"C3D-Eje Horizontal","color":"#FF00FF"},"geometry":{"type":"LineString","coordinates":[[-78.136351010280677,-0.146138244071647],[-78.13628040407967,-0.146014456566315]]}},
{"type":"Feature","properties":{"capa_cad":"C3D-Eje Horizontal","color":"#FF00FF"},"geometry":{"type":"LineString","coordinates":[[-78.136137673453675,-0.145766117604433],[-78.136066308171607,-0.145642330231413]]}},
{"type":"Feature","properties":{"capa_cad":"C3D-Eje Horizontal","color":"#FF00FF"},"geometry":{"type":"LineString","coordinates":[[-78.135924336553643,-0.145393991274621],[-78.135852971160929,-0.145269439777725]]}},
{"type":"Feature","properties":{"capa_cad":"C3D-Eje Horizontal","color":"#FF00FF"},"geometry":{"type":"LineString","coordinates":[[-78.135710999580482,-0.145021865082241],[-78.135639634163297,-0.144897313631353]]}},
{"type":"Feature","properties":{"capa_cad":"C3D-Eje Horizontal","color":"#FF00FF"},"geometry":{"type":"LineString","coordinates":[[-78.136713938094587,-0.147018526948756],[-78.136707105301028,-0.147007065166849]]}},
{"type":"Feature","properties":{"capa_cad":"C3D-Eje Horizontal","color":"#FF00FF"},"geometry":{"type":"LineString","coordinates":[[-78.136565133881376,-0.146758725904241],[-78.13649376867356,-0.146634938423916]]}},
{"type":"Feature","properties":{"capa_cad":"C3D-Eje Horizontal","color":"#FF00FF"},"geometry":{"type":"LineString","coordinates":[[-78.136351038148163,-0.146386599339093],[-78.136280431973034,-0.146262811818369]]}},
{"type":"Feature","properties":{"capa_cad":"C3D-Eje Horizontal","color":"#FF00FF"},"geometry":{"type":"LineString","coordinates":[[-78.136137701398965,-0.146014472825372],[-78.136066336056771,-0.145889921266932]]}},
{"type":"Feature","properties":{"capa_cad":"C3D-Eje Horizontal","color":"#FF00FF"},"geometry":{"type":"LineString","coordinates":[[-78.135924364576738,-0.145642346449048],[-78.135852999210073,-0.145517794936609]]}},
{"type":"Feature","properties":{"capa_cad":"C3D-Eje Horizontal","color":"#FF00FF"},"geometry":{"type":"LineString","coordinates":[[-78.135711027595008,-0.145269456040532],[-78.135639662290274,-0.145145668743704]]}},
{"type":"Feature","properties":{"capa_cad":"C3D-Eje Horizontal","color":"#FF00FF"},"geometry":{"type":"LineString","coordinates":[[-78.135496931570046,-0.144897330026436],[-78.135476432978379,-0.14486141641604]]}},
{"type":"Feature","properties":{"capa_cad":"C3D-Eje Horizontal","color":"#FF00FF"},"geometry":{"type":"LineString","coordinates":[[-78.136565161617597,-0.14700708121832],[-78.136493796350294,-0.146882529552292]]}},
{"type":"Feature","properties":{"capa_cad":"C3D-Eje Horizontal","color":"#FF00FF"},"geometry":{"type":"LineString","coordinates":[[-78.136351065962145,-0.146634954606519],[-78.136280459727331,-0.146510402900384]]}},
{"type":"Feature","properties":{"capa_cad":"C3D-Eje Horizontal","color":"#FF00FF"},"geometry":{"type":"LineString","coordinates":[[-78.136137729290766,-0.146262828046274],[-78.136066363974621,-0.146138276472276]]}},
{"type":"Feature","properties":{"capa_cad":"C3D-Eje Horizontal","color":"#FF00FF"},"geometry":{"type":"LineString","coordinates":[[-78.135924392460339,-0.145889937453674],[-78.135853027205698,-0.145766150095441]]}},
{"type":"Feature","properties":{"capa_cad":"C3D-Eje Horizontal","color":"#FF00FF"},"geometry":{"type":"LineString","coordinates":[[-78.135711055642588,-0.145517811168409],[-78.135639690363732,-0.14539402385602]]}},
{"type":"Feature","properties":{"capa_cad":"C3D-Eje Horizontal","color":"#FF00FF"},"geometry":{"type":"LineString","coordinates":[[-78.135496959695431,-0.145145685107629],[-78.135425594392373,-0.145021897841171]]}},
{"type":"Feature","properties":{"capa_cad":"C3D-Eje Horizontal","color":"#FF00FF"},"geometry":{"type":"LineString","coordinates":[[-78.136351093637316,-0.146882545703842],[-78.136280487513886,-0.146758758152383]]}},
{"type":"Feature","properties":{"capa_cad":"C3D-Eje Horizontal","color":"#FF00FF"},"geometry":{"type":"LineString","coordinates":[[-78.136137757043485,-0.146510419097233],[-78.136066391838952,-0.146386631677584]]}},
{"type":"Feature","properties":{"capa_cad":"C3D-Eje Horizontal","color":"#FF00FF"},"geometry":{"type":"LineString","coordinates":[[-78.135924420376597,-0.14613829262803],[-78.135853055147848,-0.146014505254237]]}},
{"type":"Feature","properties":{"capa_cad":"C3D-Eje Horizontal","color":"#FF00FF"},"geometry":{"type":"LineString","coordinates":[[-78.135711083636664,-0.14576616629625],[-78.135639718383672,-0.1456423789683]]}},
{"type":"Feature","properties":{"capa_cad":"C3D-Eje Horizontal","color":"#FF00FF"},"geometry":{"type":"LineString","coordinates":[[-78.135496987767326,-0.145394040188786],[-78.135425622403787,-0.145269488737336]]}},
{"type":"Feature","properties":{"capa_cad":"C3D-Eje Horizontal","color":"#FF00FF"},"geometry":{"type":"LineString","coordinates":[[-78.136351121344489,-0.147130900971179],[-78.136280515246938,-0.147007113404328]]}},
{"type":"Feature","properties":{"capa_cad":"C3D-Eje Horizontal","color":"#FF00FF"},"geometry":{"type":"LineString","coordinates":[[-78.136137784828449,-0.146758774318063],[-78.136066419649779,-0.146634986882873]]}},
{"type":"Feature","properties":{"capa_cad":"C3D-Eje Horizontal","color":"#FF00FF"},"geometry":{"type":"LineString","coordinates":[[-78.135924448239365,-0.14638664780235],[-78.13585308303648,-0.146262860412997]]}},
{"type":"Feature","properties":{"capa_cad":"C3D-Eje Horizontal","color":"#FF00FF"},"geometry":{"type":"LineString","coordinates":[[-78.135711111577223,-0.146014521424055],[-78.135639746264161,-0.145889969910971]]}},
{"type":"Feature","properties":{"capa_cad":"C3D-Eje Horizontal","color":"#FF00FF"},"geometry":{"type":"LineString","coordinates":[[-78.135497015785703,-0.145642395269908],[-78.135425650448212,-0.145517843802895]]}},
{"type":"Feature","properties":{"capa_cad":"C3D-Eje Horizontal","color":"#FF00FF"},"geometry":{"type":"LineString","coordinates":[[-78.136137812559923,-0.147007129538857],[-78.136066447321795,-0.146882577918249]]}},
{"type":"Feature","properties":{"capa_cad":"C3D-Eje Horizontal","color":"#FF00FF"},"geometry":{"type":"LineString","coordinates":[[-78.135924476048629,-0.146635002976633],[-78.135853110786059,-0.146510451402004]]}},
{"type":"Feature","properties":{"capa_cad":"C3D-Eje Horizontal","color":"#FF00FF"},"geometry":{"type":"LineString","coordinates":[[-78.135711139464306,-0.146262876551824],[-78.135639774177278,-0.14613832502318]]}},
{"type":"Feature","properties":{"capa_cad":"C3D-Eje Horizontal","color":"#FF00FF"},"geometry":{"type":"LineString","coordinates":[[-78.135497043664614,-0.145889986181516],[-78.135425678439148,-0.145766198868419]]}},
{"type":"Feature","properties":{"capa_cad":"C3D-Eje Horizontal","color":"#FF00FF"},"geometry":{"type":"LineString","coordinates":[[-78.136137840237893,-0.147255484759615],[-78.136066475025814,-0.147130933123449]]}},
{"type":"Feature","properties":{"capa_cad":"C3D-Eje Horizontal","color":"#FF00FF"},"geometry":{"type":"LineString","coordinates":[[-78.135924503719082,-0.146882593981116],[-78.135853138567882,-0.146758806560692]]}},
{"type":"Feature","properties":{"capa_cad":"C3D-Eje Horizontal","color":"#FF00FF"},"geometry":{"type":"LineString","coordinates":[[-78.135711167212321,-0.146510467509936],[-78.135639802036891,-0.146386680135352]]}},
{"type":"Feature","properties":{"capa_cad":"C3D-Eje Horizontal","color":"#FF00FF"},"geometry":{"type":"LineString","coordinates":[[-78.135497071576168,-0.146138341262566],[-78.135425706376566,-0.146014553933907]]}},
{"type":"Feature","properties":{"capa_cad":"C3D-Eje Horizontal","color":"#FF00FF"},"geometry":{"type":"LineString","coordinates":[[-78.135924531421523,-0.147130949155327],[-78.135853166296187,-0.147007161719344]]}},
{"type":"Feature","properties":{"capa_cad":"C3D-Eje Horizontal","color":"#FF00FF"},"geometry":{"type":"LineString","coordinates":[[-78.135711194992538,-0.14675882263765],[-78.135639829843001,-0.146635035247489]]}},
{"type":"Feature","properties":{"capa_cad":"C3D-Eje Horizontal","color":"#FF00FF"},"geometry":{"type":"LineString","coordinates":[[-78.13549709943419,-0.14638669634358],[-78.135425734260494,-0.146262908999359]]}},
{"type":"Feature","properties":{"capa_cad":"C3D-Eje Horizontal","color":"#FF00FF"},"geometry":{"type":"LineString","coordinates":[[-78.135283762859288,-0.146014570101006],[-78.135236692098999,-0.145932045176041]]}},
{"type":"Feature","properties":{"capa_cad":"C3D-Eje Horizontal","color":"#FF00FF"},"geometry":{"type":"LineString","coordinates":[[-78.13592379992879,-0.147378540245307],[-78.135853193970988,-0.147255516877959]]}},
{"type":"Feature","properties":{"capa_cad":"C3D-Eje Horizontal","color":"#FF00FF"},"geometry":{"type":"LineString","coordinates":[[-78.13571122271928,-0.147007177765311],[-78.135639857510299,-0.146882626190016]]}},
{"type":"Feature","properties":{"capa_cad":"C3D-Eje Horizontal","color":"#FF00FF"},"geometry":{"type":"LineString","coordinates":[[-78.135497127238722,-0.146635051424574],[-78.13542576200534,-0.146510499895345]]}},
{"type":"Feature","properties":{"capa_cad":"C3D-Eje Horizontal","color":"#FF00FF"},"geometry":{"type":"LineString","coordinates":[[-78.135283790741624,-0.146262925135463],[-78.135212425483786,-0.146138373652225]]}},
{"type":"Feature","properties":{"capa_cad":"C3D-Eje Horizontal","color":"#FF00FF"},"geometry":{"type":"LineString","coordinates":[[-78.135711250392518,-0.147255532892936],[-78.135639885209571,-0.14713098130208]]}},
{"type":"Feature","properties":{"capa_cad":"C3D-Eje Horizontal","color":"#FF00FF"},"geometry":{"type":"LineString","coordinates":[[-78.135497154904442,-0.146882642336038],[-78.135425789782417,-0.146758854960725]]}},
{"type":"Feature","properties":{"capa_cad":"C3D-Eje Horizontal","color":"#FF00FF"},"geometry":{"type":"LineString","coordinates":[[-78.135283818484922,-0.14651051600055],[-78.135212453338667,-0.146386728671083]]}},
{"type":"Feature","properties":{"capa_cad":"C3D-Eje Horizontal","color":"#FF00FF"},"geometry":{"type":"LineString","coordinates":[[-78.135070481992344,-0.146138389802509],[-78.135009745752441,-0.146033705537516]]}},
{"type":"Feature","properties":{"capa_cad":"C3D-Eje Horizontal","color":"#FF00FF"},"geometry":{"type":"LineString","coordinates":[[-78.135024957575595,-0.146307276369211],[-78.134999144701055,-0.146262957491207]]}},
{"type":"Feature","properties":{"capa_cad":"C3D-Eje Horizontal","color":"#FF00FF"},"geometry":{"type":"LineString","coordinates":[[-78.132258028585042,-0.144770850125221],[-78.13236051388192,-0.144885463461503]]}},
{"type":"Feature","properties":{"capa_cad":"C3D-Eje Horizontal","color":"#FF00FF"},"geometry":{"type":"LineString","coordinates":[[-78.133396739736995,-0.145916971429151],[-78.133399776386099,-0.145920791923693]]}},
{"type":"Feature","properties":{"capa_cad":"C3D-Eje Horizontal","color":"#FF00FF"},"geometry":{"type":"LineString","coordinates":[[-78.132257898119178,-0.143624599169718],[-78.132360383524997,-0.14373921240269]]}},
{"type":"Feature","properties":{"capa_cad":"C3D-Eje Horizontal","color":"#FF00FF"},"geometry":{"type":"LineString","coordinates":[[-78.133396610354382,-0.144770719325893],[-78.133499095759674,-0.144885332771804]]}},
{"type":"Feature","properties":{"capa_cad":"C3D-Eje Horizontal","color":"#FF00FF"},"geometry":{"type":"LineString","coordinates":[[-78.132257766424161,-0.142477584046169],[-78.13236025202707,-0.142592961343132]]}},
{"type":"Feature","properties":{"capa_cad":"C3D-Eje Horizontal","color":"#FF00FF"},"geometry":{"type":"LineString","coordinates":[[-78.133396479831163,-0.143624467221879],[-78.133498965345353,-0.143739080564522]]}},
{"type":"Feature","properties":{"capa_cad":"C3D-Eje Horizontal","color":"#FF00FF"},"geometry":{"type":"LineString","coordinates":[[-78.132257633675451,-0.141331333089188],[-78.132360119299335,-0.141445946115469]]}},
{"type":"Feature","properties":{"capa_cad":"C3D-Eje Horizontal","color":"#FF00FF"},"geometry":{"type":"LineString","coordinates":[[-78.133396348079202,-0.142477450949055],[-78.133498833790497,-0.142592828356496]]}},
{"type":"Feature","properties":{"capa_cad":"C3D-Eje Horizontal","color":"#FF00FF"},"geometry":{"type":"LineString","coordinates":[[-78.13236051388192,-0.144885463461503],[-78.132622390208553,-0.144908358434461]]}},
{"type":"Feature","properties":{"capa_cad":"C3D-Eje Horizontal","color":"#FF00FF"},"geometry":{"type":"LineString","coordinates":[[-78.133499095759674,-0.144885332771804],[-78.133760972349819,-0.144908227754387]]}},
{"type":"Feature","properties":{"capa_cad":"C3D-Eje Horizontal","color":"#FF00FF"},"geometry":{"type":"LineString","coordinates":[[-78.132360383524997,-0.14373921240269],[-78.132622259861236,-0.143762107111475]]}},
{"type":"Feature","properties":{"capa_cad":"C3D-Eje Horizontal","color":"#FF00FF"},"geometry":{"type":"LineString","coordinates":[[-78.133498965345353,-0.143739080564522],[-78.133760841945119,-0.143761975283037]]}},
{"type":"Feature","properties":{"capa_cad":"C3D-Eje Horizontal","color":"#FF00FF"},"geometry":{"type":"LineString","coordinates":[[-78.131293782180947,-0.142599199188742],[-78.131483547487008,-0.142615988707437]]}},
{"type":"Feature","properties":{"capa_cad":"C3D-Eje Horizontal","color":"#FF00FF"},"geometry":{"type":"LineString","coordinates":[[-78.13236025202707,-0.142592961343132],[-78.132622128373043,-0.142615855787743]]}},
{"type":"Feature","properties":{"capa_cad":"C3D-Eje Horizontal","color":"#FF00FF"},"geometry":{"type":"LineString","coordinates":[[-78.133498833790497,-0.142592828356496],[-78.133760710399955,-0.142615722810941]]}},
{"type":"Feature","properties":{"capa_cad":"C3D-Eje Horizontal","color":"#FF00FF"},"geometry":{"type":"LineString","coordinates":[[-78.132360119299335,-0.141445946115469],[-78.132621995655128,-0.14146884029573]]}},
{"type":"Feature","properties":{"capa_cad":"C3D-Eje Horizontal","color":"#FF00FF"},"geometry":{"type":"LineString","coordinates":[[-78.133858248664367,-0.145947485595865],[-78.133886330273356,-0.145916915661328]]}},
{"type":"Feature","properties":{"capa_cad":"C3D-Eje Horizontal","color":"#FF00FF"},"geometry":{"type":"LineString","coordinates":[[-78.133760972349819,-0.144908227754387],[-78.133886200865888,-0.14477066306435]]}},
{"type":"Feature","properties":{"capa_cad":"C3D-Eje Horizontal","color":"#FF00FF"},"geometry":{"type":"LineString","coordinates":[[-78.133760841945119,-0.143761975283037],[-78.133886070318013,-0.143624410466617]]}},
{"type":"Feature","properties":{"capa_cad":"C3D-Eje Horizontal","color":"#FF00FF"},"geometry":{"type":"LineString","coordinates":[[-78.132622390208553,-0.144908358434461],[-78.132747618606047,-0.144770793888603]]}},
{"type":"Feature","properties":{"capa_cad":"C3D-Eje Horizontal","color":"#FF00FF"},"geometry":{"type":"LineString","coordinates":[[-78.133760710399955,-0.142615722810941],[-78.133885938629746,-0.142478157868158]]}},
{"type":"Feature","properties":{"capa_cad":"C3D-Eje Horizontal","color":"#FF00FF"},"geometry":{"type":"LineString","coordinates":[[-78.132622259861236,-0.143762107111475],[-78.132747488115527,-0.143624542439185]]}},
{"type":"Feature","properties":{"capa_cad":"C3D-Eje Horizontal","color":"#FF00FF"},"geometry":{"type":"LineString","coordinates":[[-78.132622128373043,-0.142615855787743],[-78.132747356484145,-0.14247829098904]]}},
{"type":"Feature","properties":{"capa_cad":"C3D-Eje Horizontal","color":"#FF00FF"},"geometry":{"type":"LineString","coordinates":[[-78.13151403713556,-0.143727847863041],[-78.131608148000225,-0.143624674442172]]}},
{"type":"Feature","properties":{"capa_cad":"C3D-Eje Horizontal","color":"#FF00FF"},"geometry":{"type":"LineString","coordinates":[[-78.132621995655128,-0.14146884029573],[-78.132747223623042,-0.141331275370496]]}},
{"type":"Feature","properties":{"capa_cad":"C3D-Eje Horizontal","color":"#FF00FF"},"geometry":{"type":"LineString","coordinates":[[-78.131482788433473,-0.142615988796035],[-78.131608016425787,-0.142478424141545]]}},
{"type":"Feature","properties":{"capa_cad":"C3D-Eje Horizontal","color":"#FF00FF"},"geometry":{"type":"LineString","coordinates":[[-78.131926998981456,-0.144048750241842],[-78.131938412190266,-0.144289461560018]]}},
{"type":"Feature","properties":{"capa_cad":"C3D-Eje Horizontal","color":"#FF00FF"},"geometry":{"type":"LineString","coordinates":[[-78.13192686781332,-0.142902499619787],[-78.131938281261213,-0.143143210926631]]}},
{"type":"Feature","properties":{"capa_cad":"C3D-Eje Horizontal","color":"#FF00FF"},"geometry":{"type":"LineString","coordinates":[[-78.131926735415433,-0.141755484829916],[-78.131938149102552,-0.141996196125418]]}},
{"type":"Feature","properties":{"capa_cad":"C3D-Eje Horizontal","color":"#FF00FF"},"geometry":{"type":"LineString","coordinates":[[-78.131930406254625,-0.140686414632239],[-78.131938015890384,-0.140849945490562]]}},
{"type":"Feature","properties":{"capa_cad":"C3D-Eje Horizontal","color":"#FF00FF"},"geometry":{"type":"LineString","coordinates":[[-78.133066469522149,-0.145194870418736],[-78.133077882515451,-0.145435581989036]]}},
{"type":"Feature","properties":{"capa_cad":"C3D-Eje Horizontal","color":"#FF00FF"},"geometry":{"type":"LineString","coordinates":[[-78.133066339437633,-0.144048618648022],[-78.133077752669905,-0.144289330206996]]}},
{"type":"Feature","properties":{"capa_cad":"C3D-Eje Horizontal","color":"#FF00FF"},"geometry":{"type":"LineString","coordinates":[[-78.133066208212384,-0.14290236687656],[-78.133077621683654,-0.143143078424206]]}},
{"type":"Feature","properties":{"capa_cad":"C3D-Eje Horizontal","color":"#FF00FF"},"geometry":{"type":"LineString","coordinates":[[-78.13306607575781,-0.141755350936515],[-78.133077489468207,-0.141996062472823]]}},
{"type":"Feature","properties":{"capa_cad":"C3D-Eje Horizontal","color":"#FF00FF"},"geometry":{"type":"LineString","coordinates":[[-78.134205052122681,-0.145194740003082],[-78.134216465139517,-0.145435451813919]]}},
{"type":"Feature","properties":{"capa_cad":"C3D-Eje Horizontal","color":"#FF00FF"},"geometry":{"type":"LineString","coordinates":[[-78.134204921980654,-0.144048487084181],[-78.134216335236374,-0.144289198883696]]}},
{"type":"Feature","properties":{"capa_cad":"C3D-Eje Horizontal","color":"#FF00FF"},"geometry":{"type":"LineString","coordinates":[[-78.131938015890384,-0.140849945490562],[-78.131846954836575,-0.141067743868304]]}},
{"type":"Feature","properties":{"capa_cad":"C3D-Eje Horizontal","color":"#FF00FF"},"geometry":{"type":"LineString","coordinates":[[-78.131938149102552,-0.141996196125418],[-78.131847087827396,-0.142213994411111]]}},
{"type":"Feature","properties":{"capa_cad":"C3D-Eje Horizontal","color":"#FF00FF"},"geometry":{"type":"LineString","coordinates":[[-78.131938281261213,-0.143143210926631],[-78.131847219764552,-0.143361009120213]]}},
{"type":"Feature","properties":{"capa_cad":"C3D-Eje Horizontal","color":"#FF00FF"},"geometry":{"type":"LineString","coordinates":[[-78.133031066716157,-0.140959856334793],[-78.132986295065265,-0.141067609289232]]}},
{"type":"Feature","properties":{"capa_cad":"C3D-Eje Horizontal","color":"#FF00FF"},"geometry":{"type":"LineString","coordinates":[[-78.131938412190266,-0.144289461560018],[-78.13185569789546,-0.144488154524966]]}},
{"type":"Feature","properties":{"capa_cad":"C3D-Eje Horizontal","color":"#FF00FF"},"geometry":{"type":"LineString","coordinates":[[-78.133077489468207,-0.141996062472823],[-78.132986428112474,-0.142213860981479]]}},
{"type":"Feature","properties":{"capa_cad":"C3D-Eje Horizontal","color":"#FF00FF"},"geometry":{"type":"LineString","coordinates":[[-78.133077621683654,-0.143143078424206],[-78.132986560106488,-0.143360876840787]]}},
{"type":"Feature","properties":{"capa_cad":"C3D-Eje Horizontal","color":"#FF00FF"},"geometry":{"type":"LineString","coordinates":[[-78.133077752669905,-0.144289330206996],[-78.132986690871419,-0.144507128531561]]}},
{"type":"Feature","properties":{"capa_cad":"C3D-Eje Horizontal","color":"#FF00FF"},"geometry":{"type":"LineString","coordinates":[[-78.133077882515451,-0.145435581989036],[-78.132986820495603,-0.145653380221566]]}},
{"type":"Feature","properties":{"capa_cad":"C3D-Eje Horizontal","color":"#FF00FF"},"geometry":{"type":"LineString","coordinates":[[-78.134192679880002,-0.143198732999216],[-78.134125142535368,-0.143360744592052]]}},
{"type":"Feature","properties":{"capa_cad":"C3D-Eje Horizontal","color":"#FF00FF"},"geometry":{"type":"LineString","coordinates":[[-78.134216335236374,-0.144289198883696],[-78.134125273357554,-0.144506997431045]]}},
{"type":"Feature","properties":{"capa_cad":"C3D-Eje Horizontal","color":"#FF00FF"},"geometry":{"type":"LineString","coordinates":[[-78.134216465139517,-0.145435451813919],[-78.134125403039434,-0.145653250269269]]}},
{"type":"Feature","properties":{"capa_cad":"C3D-Eje Horizontal","color":"#FF00FF"},"geometry":{"type":"LineString","coordinates":[[-78.131846954836575,-0.141067743868304],[-78.131759664194533,-0.141072339178652]]}},
{"type":"Feature","properties":{"capa_cad":"C3D-Eje Horizontal","color":"#FF00FF"},"geometry":{"type":"LineString","coordinates":[[-78.132986295065265,-0.141067609289232],[-78.132747194259878,-0.141079100051215]]}},
{"type":"Feature","properties":{"capa_cad":"C3D-Eje Horizontal","color":"#FF00FF"},"geometry":{"type":"LineString","coordinates":[[-78.131847087915688,-0.142214758578137],[-78.131607987326248,-0.142226249075306]]}},
{"type":"Feature","properties":{"capa_cad":"C3D-Eje Horizontal","color":"#FF00FF"},"geometry":{"type":"LineString","coordinates":[[-78.13298642820078,-0.142214625149271],[-78.132747327372144,-0.142226115669903]]}},
{"type":"Feature","properties":{"capa_cad":"C3D-Eje Horizontal","color":"#FF00FF"},"geometry":{"type":"LineString","coordinates":[[-78.133928416328658,-0.142223684810723],[-78.133885909505281,-0.142225982296391]]}},
{"type":"Feature","properties":{"capa_cad":"C3D-Eje Horizontal","color":"#FF00FF"},"geometry":{"type":"LineString","coordinates":[[-78.131847219764552,-0.143361009120213],[-78.131608119151778,-0.143372499376095]]}},
{"type":"Feature","properties":{"capa_cad":"C3D-Eje Horizontal","color":"#FF00FF"},"geometry":{"type":"LineString","coordinates":[[-78.132986560106488,-0.143360876840787],[-78.132747459254517,-0.143372367120227]]}},
{"type":"Feature","properties":{"capa_cad":"C3D-Eje Horizontal","color":"#FF00FF"},"geometry":{"type":"LineString","coordinates":[[-78.134125142535368,-0.143360744592052],[-78.133886041444441,-0.14337223489503]]}},
{"type":"Feature","properties":{"capa_cad":"C3D-Eje Horizontal","color":"#FF00FF"},"geometry":{"type":"LineString","coordinates":[[-78.132986690871419,-0.144507128531561],[-78.132747589996015,-0.14451861856981]]}},
{"type":"Feature","properties":{"capa_cad":"C3D-Eje Horizontal","color":"#FF00FF"},"geometry":{"type":"LineString","coordinates":[[-78.134125273357554,-0.144506997431045],[-78.133886172243209,-0.144518487492927]]}},
{"type":"Feature","properties":{"capa_cad":"C3D-Eje Horizontal","color":"#FF00FF"},"geometry":{"type":"LineString","coordinates":[[-78.132986820495603,-0.145653380221566],[-78.132888902966286,-0.145657976401108]]}},
{"type":"Feature","properties":{"capa_cad":"C3D-Eje Horizontal","color":"#FF00FF"},"geometry":{"type":"LineString","coordinates":[[-78.134125403039434,-0.145653250269269],[-78.133886301901569,-0.145664740090072]]}},
{"type":"Feature","properties":{"capa_cad":"C3D-Eje Horizontal","color":"#FF00FF"},"geometry":{"type":"LineString","coordinates":[[-78.132747194259878,-0.141079100051215],[-78.132496683630649,-0.140884266934794]]}},
{"type":"Feature","properties":{"capa_cad":"C3D-Eje Horizontal","color":"#FF00FF"},"geometry":{"type":"LineString","coordinates":[[-78.133885909416946,-0.142225218127994],[-78.133635398708719,-0.142030384576306]]}},
{"type":"Feature","properties":{"capa_cad":"C3D-Eje Horizontal","color":"#FF00FF"},"geometry":{"type":"LineString","coordinates":[[-78.132747327283838,-0.142225351502271],[-78.132496816836181,-0.142030518133284]]}},
{"type":"Feature","properties":{"capa_cad":"C3D-Eje Horizontal","color":"#FF00FF"},"geometry":{"type":"LineString","coordinates":[[-78.133886041444441,-0.14337223489503],[-78.133635530917729,-0.143177401090725]]}},
{"type":"Feature","properties":{"capa_cad":"C3D-Eje Horizontal","color":"#FF00FF"},"geometry":{"type":"LineString","coordinates":[[-78.131607987237985,-0.142225484908441],[-78.131357477051154,-0.14203065172237]]}},
{"type":"Feature","properties":{"capa_cad":"C3D-Eje Horizontal","color":"#FF00FF"},"geometry":{"type":"LineString","coordinates":[[-78.132747459254517,-0.143372367120227],[-78.132496948988432,-0.143177533498523]]}},
{"type":"Feature","properties":{"capa_cad":"C3D-Eje Horizontal","color":"#FF00FF"},"geometry":{"type":"LineString","coordinates":[[-78.133886172243209,-0.144518487492927],[-78.13363566189777,-0.144323653436142]]}},
{"type":"Feature","properties":{"capa_cad":"C3D-Eje Horizontal","color":"#FF00FF"},"geometry":{"type":"LineString","coordinates":[[-78.131608119151778,-0.143372499376095],[-78.131376587148495,-0.143192182899337]]}},
{"type":"Feature","properties":{"capa_cad":"C3D-Eje Horizontal","color":"#FF00FF"},"geometry":{"type":"LineString","coordinates":[[-78.132747589996015,-0.14451861856981],[-78.132497079911303,-0.144323784695525]]}},
{"type":"Feature","properties":{"capa_cad":"C3D-Eje Horizontal","color":"#FF00FF"},"geometry":{"type":"LineString","coordinates":[[-78.133886301901569,-0.145664740090072],[-78.133635791737333,-0.145469905780826]]}},
{"type":"Feature","properties":{"capa_cad":"C3D-Eje Horizontal","color":"#FF00FF"},"geometry":{"type":"LineString","coordinates":[[-78.133635398708719,-0.142030384576306],[-78.13354427890954,-0.141743832199265]]}},
{"type":"Feature","properties":{"capa_cad":"C3D-Eje Horizontal","color":"#FF00FF"},"geometry":{"type":"LineString","coordinates":[[-78.133635530917729,-0.143177401090725],[-78.133544411399328,-0.142890848621933]]}},
{"type":"Feature","properties":{"capa_cad":"C3D-Eje Horizontal","color":"#FF00FF"},"geometry":{"type":"LineString","coordinates":[[-78.13363566189777,-0.144323653436142],[-78.133544542659934,-0.144037100875697]]}},
{"type":"Feature","properties":{"capa_cad":"C3D-Eje Horizontal","color":"#FF00FF"},"geometry":{"type":"LineString","coordinates":[[-78.132496683630649,-0.140884266934794],[-78.132424547156717,-0.140658846076093]]}},
{"type":"Feature","properties":{"capa_cad":"C3D-Eje Horizontal","color":"#FF00FF"},"geometry":{"type":"LineString","coordinates":[[-78.133635791737333,-0.145469905780826],[-78.133544672780019,-0.145183353128712]]}},
{"type":"Feature","properties":{"capa_cad":"C3D-Eje Horizontal","color":"#FF00FF"},"geometry":{"type":"LineString","coordinates":[[-78.132496816836181,-0.142030518133284],[-78.13240569714236,-0.141743966038805]]}},
{"type":"Feature","properties":{"capa_cad":"C3D-Eje Horizontal","color":"#FF00FF"},"geometry":{"type":"LineString","coordinates":[[-78.132496948988432,-0.143177533498523],[-78.132405829575504,-0.142890981312257]]}},
{"type":"Feature","properties":{"capa_cad":"C3D-Eje Horizontal","color":"#FF00FF"},"geometry":{"type":"LineString","coordinates":[[-78.132497079911303,-0.144323784695525],[-78.132405960779067,-0.144037232417569]]}},
{"type":"Feature","properties":{"capa_cad":"C3D-Eje Horizontal","color":"#FF00FF"},"geometry":{"type":"LineString","coordinates":[[-78.132438741824458,-0.145286642387336],[-78.132406090841627,-0.145183483522134]]}},
{"type":"Feature","properties":{"capa_cad":"C3D-Eje Horizontal","color":"#FF00FF"},"geometry":{"type":"LineString","coordinates":[[-78.131357477051154,-0.14203065172237],[-78.13134760582065,-0.142000086211436]]}},
{"type":"Feature","properties":{"capa_cad":"C3D-Eje Horizontal","color":"#FF00FF"},"geometry":{"type":"LineString","coordinates":[[-78.133544672780019,-0.145183353128712],[-78.133669893524285,-0.144977013353679]]}},
{"type":"Feature","properties":{"capa_cad":"C3D-Eje Horizontal","color":"#FF00FF"},"geometry":{"type":"LineString","coordinates":[[-78.133544542659934,-0.144037100875697],[-78.1336697631926,-0.143830760974226]]}},
{"type":"Feature","properties":{"capa_cad":"C3D-Eje Horizontal","color":"#FF00FF"},"geometry":{"type":"LineString","coordinates":[[-78.132406090841627,-0.145183483522134],[-78.132531311470814,-0.144977143960207]]}},
{"type":"Feature","properties":{"capa_cad":"C3D-Eje Horizontal","color":"#FF00FF"},"geometry":{"type":"LineString","coordinates":[[-78.133544411399328,-0.142890848621933],[-78.133669631720423,-0.142684508594027]]}},
{"type":"Feature","properties":{"capa_cad":"C3D-Eje Horizontal","color":"#FF00FF"},"geometry":{"type":"LineString","coordinates":[[-78.132405960779067,-0.144037232417569],[-78.132531181196555,-0.143830892729155]]}},
{"type":"Feature","properties":{"capa_cad":"C3D-Eje Horizontal","color":"#FF00FF"},"geometry":{"type":"LineString","coordinates":[[-78.13354427890954,-0.141743832199265],[-78.133563251735623,-0.141713263240817]]}},
{"type":"Feature","properties":{"capa_cad":"C3D-Eje Horizontal","color":"#FF00FF"},"geometry":{"type":"LineString","coordinates":[[-78.132405829575504,-0.142890981312257],[-78.132531049781349,-0.142684641497357]]}},
{"type":"Feature","properties":{"capa_cad":"C3D-Eje Horizontal","color":"#FF00FF"},"geometry":{"type":"LineString","coordinates":[[-78.13240569714236,-0.141743966038805],[-78.132530917136464,-0.141537626097337]]}},
{"type":"Feature","properties":{"capa_cad":"C3D-Eje Horizontal","color":"#FF00FF"},"geometry":{"type":"LineString","coordinates":[[-78.131321890286017,-0.142800171746005],[-78.13139170992973,-0.142684774432083]]}},
{"type":"Feature","properties":{"capa_cad":"C3D-Eje Horizontal","color":"#FF00FF"},"geometry":{"type":"LineString","coordinates":[[-78.133669893524285,-0.144977013353679],[-78.133943150791112,-0.144954056946376]]}},
{"type":"Feature","properties":{"capa_cad":"C3D-Eje Horizontal","color":"#FF00FF"},"geometry":{"type":"LineString","coordinates":[[-78.132531311470814,-0.144977143960207],[-78.132804568465019,-0.144954187589801]]}},
{"type":"Feature","properties":{"capa_cad":"C3D-Eje Horizontal","color":"#FF00FF"},"geometry":{"type":"LineString","coordinates":[[-78.1336697631926,-0.143830760974226],[-78.133943020422834,-0.14380780429136]]}},
{"type":"Feature","properties":{"capa_cad":"C3D-Eje Horizontal","color":"#FF00FF"},"geometry":{"type":"LineString","coordinates":[[-78.132531181196555,-0.143830892729155],[-78.132804438154167,-0.143807936083076]]}},
{"type":"Feature","properties":{"capa_cad":"C3D-Eje Horizontal","color":"#FF00FF"},"geometry":{"type":"LineString","coordinates":[[-78.13155427718371,-0.14381725072603],[-78.131665857026334,-0.14380806781721]]}},
{"type":"Feature","properties":{"capa_cad":"C3D-Eje Horizontal","color":"#FF00FF"},"geometry":{"type":"LineString","coordinates":[[-78.133669631720423,-0.142684508594027],[-78.133942888914177,-0.142661551635597]]}},
{"type":"Feature","properties":{"capa_cad":"C3D-Eje Horizontal","color":"#FF00FF"},"geometry":{"type":"LineString","coordinates":[[-78.132531049781349,-0.142684641497357],[-78.132804306702482,-0.142661684575606]]}},
{"type":"Feature","properties":{"capa_cad":"C3D-Eje Horizontal","color":"#FF00FF"},"geometry":{"type":"LineString","coordinates":[[-78.13139170992973,-0.142684774432083],[-78.131665725631606,-0.142661817458486]]}},
{"type":"Feature","properties":{"capa_cad":"C3D-Eje Horizontal","color":"#FF00FF"},"geometry":{"type":"LineString","coordinates":[[-78.132530917225225,-0.141538390264823],[-78.132804174109964,-0.1415154330674]]}},
{"type":"Feature","properties":{"capa_cad":"C3D-Eje Horizontal","color":"#FF00FF"},"geometry":{"type":"LineString","coordinates":[[-78.131559326568549,-0.141523985440949],[-78.131665593095619,-0.141515567099027]]}},
{"type":"Feature","properties":{"capa_cad":"C3D-Eje Horizontal","color":"#FF00FF"},"geometry":{"type":"LineString","coordinates":[[-78.132803809410518,-0.144954187676882],[-78.133065710467449,-0.145194870505665]]}},
{"type":"Feature","properties":{"capa_cad":"C3D-Eje Horizontal","color":"#FF00FF"},"geometry":{"type":"LineString","coordinates":[[-78.131665097972629,-0.143808067905019],[-78.131926998981456,-0.144048750241842]]}},
{"type":"Feature","properties":{"capa_cad":"C3D-Eje Horizontal","color":"#FF00FF"},"geometry":{"type":"LineString","coordinates":[[-78.133942391735843,-0.144954057033496],[-78.134205052122681,-0.145194740003082]]}},
{"type":"Feature","properties":{"capa_cad":"C3D-Eje Horizontal","color":"#FF00FF"},"geometry":{"type":"LineString","coordinates":[[-78.132803679099695,-0.143807936170923],[-78.133065580382976,-0.144048618735716]]}},
{"type":"Feature","properties":{"capa_cad":"C3D-Eje Horizontal","color":"#FF00FF"},"geometry":{"type":"LineString","coordinates":[[-78.131664966577944,-0.142661817547061],[-78.13192686781332,-0.142902499619787]]}},
{"type":"Feature","properties":{"capa_cad":"C3D-Eje Horizontal","color":"#FF00FF"},"geometry":{"type":"LineString","coordinates":[[-78.133942261367608,-0.143807804379245],[-78.134204921980654,-0.144048487084181]]}},
{"type":"Feature","properties":{"capa_cad":"C3D-Eje Horizontal","color":"#FF00FF"},"geometry":{"type":"LineString","coordinates":[[-78.132803547648052,-0.142661684664218],[-78.133065449157783,-0.14290236696502]]}},
{"type":"Feature","properties":{"capa_cad":"C3D-Eje Horizontal","color":"#FF00FF"},"geometry":{"type":"LineString","coordinates":[[-78.131664834041999,-0.141515567188367],[-78.13192673550401,-0.141756248996996]]}},
{"type":"Feature","properties":{"capa_cad":"C3D-Eje Horizontal","color":"#FF00FF"},"geometry":{"type":"LineString","coordinates":[[-78.13394212985898,-0.142661551724248],[-78.134071182802913,-0.142779218606746]]}},
{"type":"Feature","properties":{"capa_cad":"C3D-Eje Horizontal","color":"#FF00FF"},"geometry":{"type":"LineString","coordinates":[[-78.132803415055577,-0.141515433156778],[-78.133065316791871,-0.141756115193586]]}},
{"type":"Feature","properties":{"capa_cad":"C3D-Eje Horizontal","color":"#FF00FF"},"geometry":{"type":"LineString","coordinates":[[-78.13421643925011,-0.145206201227942],[-78.134307516835989,-0.145125953081519]]}},
{"type":"Feature","properties":{"capa_cad":"C3D-Eje Horizontal","color":"#FF00FF"},"geometry":{"type":"LineString","coordinates":[[-78.133077856637598,-0.145206331632695],[-78.133168934136265,-0.145126083571294]]}},
{"type":"Feature","properties":{"capa_cad":"C3D-Eje Horizontal","color":"#FF00FF"},"geometry":{"type":"LineString","coordinates":[[-78.134216309118898,-0.144059948297568],[-78.134307386620364,-0.143979700059258]]}},
{"type":"Feature","properties":{"capa_cad":"C3D-Eje Horizontal","color":"#FF00FF"},"geometry":{"type":"LineString","coordinates":[[-78.133077726563911,-0.144060079850504],[-78.133168803978137,-0.143979831697179]]}},
{"type":"Feature","properties":{"capa_cad":"C3D-Eje Horizontal","color":"#FF00FF"},"geometry":{"type":"LineString","coordinates":[[-78.13193838609574,-0.14406021143339],[-78.132029463422654,-0.143979963365138]]}},
{"type":"Feature","properties":{"capa_cad":"C3D-Eje Horizontal","color":"#FF00FF"},"geometry":{"type":"LineString","coordinates":[[-78.133077595349505,-0.142913828067566],[-78.133168672679332,-0.142833579822317]]}},
{"type":"Feature","properties":{"capa_cad":"C3D-Eje Horizontal","color":"#FF00FF"},"geometry":{"type":"LineString","coordinates":[[-78.131938254938461,-0.142913960799855],[-78.13202933218092,-0.142833712639643]]}},
{"type":"Feature","properties":{"capa_cad":"C3D-Eje Horizontal","color":"#FF00FF"},"geometry":{"type":"LineString","coordinates":[[-78.133077462905788,-0.141766812116036],[-78.133168540151161,-0.141686563778803]]}},
{"type":"Feature","properties":{"capa_cad":"C3D-Eje Horizontal","color":"#FF00FF"},"geometry":{"type":"LineString","coordinates":[[-78.131938122551404,-0.141766945998495],[-78.132029199709407,-0.141686697746262]]}},
{"type":"Feature","properties":{"capa_cad":"C3D-Eje Horizontal","color":"#FF00FF"},"geometry":{"type":"LineString","coordinates":[[-78.134307516835989,-0.145125953081519],[-78.134510940187383,-0.145094598839691]]}},
{"type":"Feature","properties":{"capa_cad":"C3D-Eje Horizontal","color":"#FF00FF"},"geometry":{"type":"LineString","coordinates":[[-78.133168934136265,-0.145126083571294],[-78.133396646696482,-0.145091669914879]]}},
{"type":"Feature","properties":{"capa_cad":"C3D-Eje Horizontal","color":"#FF00FF"},"geometry":{"type":"LineString","coordinates":[[-78.132217076679055,-0.145097918426945],[-78.132258064911014,-0.145091800392625]]}},
{"type":"Feature","properties":{"capa_cad":"C3D-Eje Horizontal","color":"#FF00FF"},"geometry":{"type":"LineString","coordinates":[[-78.134307386620364,-0.143979700059258],[-78.134485002563181,-0.143952933610498]]}},
{"type":"Feature","properties":{"capa_cad":"C3D-Eje Horizontal","color":"#FF00FF"},"geometry":{"type":"LineString","coordinates":[[-78.133168803978137,-0.143979831697179],[-78.133396516492638,-0.143945417811076]]}},
{"type":"Feature","properties":{"capa_cad":"C3D-Eje Horizontal","color":"#FF00FF"},"geometry":{"type":"LineString","coordinates":[[-78.132030222476601,-0.143979963277449],[-78.132257934764638,-0.143945549437332]]}},
{"type":"Feature","properties":{"capa_cad":"C3D-Eje Horizontal","color":"#FF00FF"},"geometry":{"type":"LineString","coordinates":[[-78.133168672679332,-0.142833579822317],[-78.133396385148188,-0.142799165706526]]}},
{"type":"Feature","properties":{"capa_cad":"C3D-Eje Horizontal","color":"#FF00FF"},"geometry":{"type":"LineString","coordinates":[[-78.132030091234839,-0.142833712551188],[-78.132257803477231,-0.142799298481292]]}},
{"type":"Feature","properties":{"capa_cad":"C3D-Eje Horizontal","color":"#FF00FF"},"geometry":{"type":"LineString","coordinates":[[-78.133168540151161,-0.141686563778803],[-78.133396252574457,-0.141652149433172]]}},
{"type":"Feature","properties":{"capa_cad":"C3D-Eje Horizontal","color":"#FF00FF"},"geometry":{"type":"LineString","coordinates":[[-78.132029958763283,-0.141686697657041],[-78.132257670960101,-0.141652283357213]]}},
{"type":"Feature","properties":{"capa_cad":"C3D-Eje Horizontal","color":"#FF00FF"},"geometry":{"type":"LineString","coordinates":[[-78.132258064911014,-0.145091800392625],[-78.132371935990676,-0.145206412454436]]}},
{"type":"Feature","properties":{"capa_cad":"C3D-Eje Horizontal","color":"#FF00FF"},"geometry":{"type":"LineString","coordinates":[[-78.132257934764638,-0.143945549437332],[-78.132371805952658,-0.144060161384347]]}},
{"type":"Feature","properties":{"capa_cad":"C3D-Eje Horizontal","color":"#FF00FF"},"geometry":{"type":"LineString","coordinates":[[-78.133396646696482,-0.145091669914879],[-78.133510517895999,-0.145206282085727]]}},
{"type":"Feature","properties":{"capa_cad":"C3D-Eje Horizontal","color":"#FF00FF"},"geometry":{"type":"LineString","coordinates":[[-78.132257803477231,-0.142799298481292],[-78.132371674773637,-0.142913910313509]]}},
{"type":"Feature","properties":{"capa_cad":"C3D-Eje Horizontal","color":"#FF00FF"},"geometry":{"type":"LineString","coordinates":[[-78.133396516492638,-0.143945417811076],[-78.13351038780047,-0.144060029867174]]}},
{"type":"Feature","properties":{"capa_cad":"C3D-Eje Horizontal","color":"#FF00FF"},"geometry":{"type":"LineString","coordinates":[[-78.132257670960101,-0.141652283357213],[-78.132371542365036,-0.141766895074556]]}},
{"type":"Feature","properties":{"capa_cad":"C3D-Eje Horizontal","color":"#FF00FF"},"geometry":{"type":"LineString","coordinates":[[-78.133396385148188,-0.142799165706526],[-78.133510256564364,-0.142913777647872]]}},
{"type":"Feature","properties":{"capa_cad":"C3D-Eje Horizontal","color":"#FF00FF"},"geometry":{"type":"LineString","coordinates":[[-78.133396252574457,-0.141652149433172],[-78.133510124099104,-0.141766761259688]]}},
{"type":"Feature","properties":{"capa_cad":"C3D-Eje Horizontal","color":"#FF00FF"},"geometry":{"type":"LineString","coordinates":[[-78.13233775004106,-0.144954241136833],[-78.132417454625127,-0.144988619528821]]}},
{"type":"Feature","properties":{"capa_cad":"C3D-Eje Horizontal","color":"#FF00FF"},"geometry":{"type":"LineString","coordinates":[[-78.133476331899459,-0.144954110517203],[-78.133556036565111,-0.144988488939582]]}},
{"type":"Feature","properties":{"capa_cad":"C3D-Eje Horizontal","color":"#FF00FF"},"geometry":{"type":"LineString","coordinates":[[-78.132337619753741,-0.143807990101039],[-78.132417324368021,-0.143842368412642]]}},
{"type":"Feature","properties":{"capa_cad":"C3D-Eje Horizontal","color":"#FF00FF"},"geometry":{"type":"LineString","coordinates":[[-78.133476201554714,-0.143807858332931],[-78.133555906250564,-0.143842236674957]]}},
{"type":"Feature","properties":{"capa_cad":"C3D-Eje Horizontal","color":"#FF00FF"},"geometry":{"type":"LineString","coordinates":[[-78.132337488325405,-0.1426617390645],[-78.132417192969925,-0.142696117295716]]}},
{"type":"Feature","properties":{"capa_cad":"C3D-Eje Horizontal","color":"#FF00FF"},"geometry":{"type":"LineString","coordinates":[[-78.133476070069435,-0.142661606147914],[-78.133555774795497,-0.142695984409585]]}},
{"type":"Feature","properties":{"capa_cad":"C3D-Eje Horizontal","color":"#FF00FF"},"geometry":{"type":"LineString","coordinates":[[-78.132337355667318,-0.141514723859869],[-78.132417060342121,-0.141549102010646],[-78.132371530400206,-0.141663732478078]]}},
{"type":"Feature","properties":{"capa_cad":"C3D-Eje Horizontal","color":"#FF00FF"},"geometry":{"type":"LineString","coordinates":[[-78.132417192969925,-0.142696117295716],[-78.132371662911567,-0.142810747717097]]}},
{"type":"Feature","properties":{"capa_cad":"C3D-Eje Horizontal","color":"#FF00FF"},"geometry":{"type":"LineString","coordinates":[[-78.132417324368021,-0.143842368412642],[-78.132371794193261,-0.143956998788001]]}},
{"type":"Feature","properties":{"capa_cad":"C3D-Eje Horizontal","color":"#FF00FF"},"geometry":{"type":"LineString","coordinates":[[-78.133513906250386,-0.141653663927424],[-78.133510112129201,-0.141663598559849]]}},
{"type":"Feature","properties":{"capa_cad":"C3D-Eje Horizontal","color":"#FF00FF"},"geometry":{"type":"LineString","coordinates":[[-78.132417454625127,-0.144988619528821],[-78.132371924333981,-0.145103249858159]]}},
{"type":"Feature","properties":{"capa_cad":"C3D-Eje Horizontal","color":"#FF00FF"},"geometry":{"type":"LineString","coordinates":[[-78.133555774795497,-0.142695984409585],[-78.133510244697177,-0.142810614948098]]}},
{"type":"Feature","properties":{"capa_cad":"C3D-Eje Horizontal","color":"#FF00FF"},"geometry":{"type":"LineString","coordinates":[[-78.133555906250564,-0.143842236674957],[-78.133510376035915,-0.143956867167466]]}},
{"type":"Feature","properties":{"capa_cad":"C3D-Eje Horizontal","color":"#FF00FF"},"geometry":{"type":"LineString","coordinates":[[-78.133556036565111,-0.144988488939582],[-78.133510506234103,-0.145103119386088]]}},
{"type":"Feature","properties":{"capa_cad":"C3D-Eje Horizontal","color":"#FF00FF"},"geometry":{"type":"LineString","coordinates":[[-78.133510112129201,-0.141663598559849],[-78.133339312818734,-0.141560455966856]]}},
{"type":"Feature","properties":{"capa_cad":"C3D-Eje Horizontal","color":"#FF00FF"},"geometry":{"type":"LineString","coordinates":[[-78.132371530400206,-0.141663732478078],[-78.132200731265925,-0.141560589979943]]}},
{"type":"Feature","properties":{"capa_cad":"C3D-Eje Horizontal","color":"#FF00FF"},"geometry":{"type":"LineString","coordinates":[[-78.133510244697177,-0.142810614948098],[-78.133339445480956,-0.142707472182815]]}},
{"type":"Feature","properties":{"capa_cad":"C3D-Eje Horizontal","color":"#FF00FF"},"geometry":{"type":"LineString","coordinates":[[-78.132371662911567,-0.142810747717097],[-78.132200863871574,-0.142707605046605]]}},
{"type":"Feature","properties":{"capa_cad":"C3D-Eje Horizontal","color":"#FF00FF"},"geometry":{"type":"LineString","coordinates":[[-78.133510376035915,-0.143956867167466],[-78.133339576913784,-0.14385372423001]]}},
{"type":"Feature","properties":{"capa_cad":"C3D-Eje Horizontal","color":"#FF00FF"},"geometry":{"type":"LineString","coordinates":[[-78.134519281843239,-0.145024294350464],[-78.134478290070433,-0.144999845651679]]}},
{"type":"Feature","properties":{"capa_cad":"C3D-Eje Horizontal","color":"#FF00FF"},"geometry":{"type":"LineString","coordinates":[[-78.132371794193261,-0.143956998788001],[-78.132200995247416,-0.143853855945267]]}},
{"type":"Feature","properties":{"capa_cad":"C3D-Eje Horizontal","color":"#FF00FF"},"geometry":{"type":"LineString","coordinates":[[-78.133510506234103,-0.145103119386088],[-78.133339707206005,-0.144999976276458]]}},
{"type":"Feature","properties":{"capa_cad":"C3D-Eje Horizontal","color":"#FF00FF"},"geometry":{"type":"LineString","coordinates":[[-78.132371924333981,-0.145103249858159],[-78.132201125482197,-0.145000106843183]]}},
{"type":"Feature","properties":{"capa_cad":"C3D-Eje Horizontal","color":"#FF00FF"},"geometry":{"type":"LineString","coordinates":[[-78.134478290070433,-0.144999845651679],[-78.134520036486478,-0.144985321653349]]}},
{"type":"Feature","properties":{"capa_cad":"C3D-Eje Horizontal","color":"#FF00FF"},"geometry":{"type":"LineString","coordinates":[[-78.133339707206005,-0.144999976276458],[-78.133476331899459,-0.144954110517203]]}},
{"type":"Feature","properties":{"capa_cad":"C3D-Eje Horizontal","color":"#FF00FF"},"geometry":{"type":"LineString","coordinates":[[-78.132201125482197,-0.145000106843183],[-78.13233775004106,-0.144954241136833]]}},
{"type":"Feature","properties":{"capa_cad":"C3D-Eje Horizontal","color":"#FF00FF"},"geometry":{"type":"LineString","coordinates":[[-78.133339576913784,-0.14385372423001],[-78.133476201554714,-0.143807858332931]]}},
{"type":"Feature","properties":{"capa_cad":"C3D-Eje Horizontal","color":"#FF00FF"},"geometry":{"type":"LineString","coordinates":[[-78.132200995247416,-0.143853855945267],[-78.132337619753741,-0.143807990101039]]}},
{"type":"Feature","properties":{"capa_cad":"C3D-Eje Horizontal","color":"#FF00FF"},"geometry":{"type":"LineString","coordinates":[[-78.133339445480956,-0.142707472182815],[-78.133476070069435,-0.142661606147914]]}},
{"type":"Feature","properties":{"capa_cad":"C3D-Eje Horizontal","color":"#FF00FF"},"geometry":{"type":"LineString","coordinates":[[-78.132200863871574,-0.142707605046605],[-78.132337488325405,-0.1426617390645]]}},
{"type":"Feature","properties":{"capa_cad":"C3D-Eje Horizontal","color":"#FF00FF"},"geometry":{"type":"LineString","coordinates":[[-78.133339312818734,-0.141560455966856],[-78.133416733387435,-0.14153446513705]]}},
{"type":"Feature","properties":{"capa_cad":"C3D-Eje Horizontal","color":"#FF00FF"},"geometry":{"type":"LineString","coordinates":[[-78.132200731265925,-0.141560589979943],[-78.132337355667318,-0.141514723859869]]}},
{"type":"Feature","properties":{"capa_cad":"C3D-Eje Horizontal","color":"#FF00FF"},"geometry":{"type":"LineString","coordinates":[[-78.133077437629197,-0.141549024277041],[-78.132883872071346,-0.141491734483562]]}},
{"type":"Feature","properties":{"capa_cad":"C3D-Eje Horizontal","color":"#FF00FF"},"geometry":{"type":"LineString","coordinates":[[-78.131938097285556,-0.141549158377903],[-78.13174453192461,-0.141491868632255]]}},
{"type":"Feature","properties":{"capa_cad":"C3D-Eje Horizontal","color":"#FF00FF"},"geometry":{"type":"LineString","coordinates":[[-78.134036250504579,-0.142642436519482],[-78.134022587069822,-0.142638617272928]]}},
{"type":"Feature","properties":{"capa_cad":"C3D-Eje Horizontal","color":"#FF00FF"},"geometry":{"type":"LineString","coordinates":[[-78.133077570289814,-0.14269604022871],[-78.132884004779427,-0.1426387502399]]}},
{"type":"Feature","properties":{"capa_cad":"C3D-Eje Horizontal","color":"#FF00FF"},"geometry":{"type":"LineString","coordinates":[[-78.131938229889556,-0.142696173179402],[-78.131744664576104,-0.142638883238347]]}},
{"type":"Feature","properties":{"capa_cad":"C3D-Eje Horizontal","color":"#FF00FF"},"geometry":{"type":"LineString","coordinates":[[-78.134216284265065,-0.143842160240699],[-78.13402271860528,-0.143784870009068]]}},
{"type":"Feature","properties":{"capa_cad":"C3D-Eje Horizontal","color":"#FF00FF"},"geometry":{"type":"LineString","coordinates":[[-78.133077701720964,-0.143842292011789],[-78.1328841362579,-0.143785001827781]]}},
{"type":"Feature","properties":{"capa_cad":"C3D-Eje Horizontal","color":"#FF00FF"},"geometry":{"type":"LineString","coordinates":[[-78.131938361263678,-0.143842423813079],[-78.131744795997591,-0.143785133676747]]}},
{"type":"Feature","properties":{"capa_cad":"C3D-Eje Horizontal","color":"#FF00FF"},"geometry":{"type":"LineString","coordinates":[[-78.134216414612922,-0.144988413171215],[-78.134022849000388,-0.144931122744463]]}},
{"type":"Feature","properties":{"capa_cad":"C3D-Eje Horizontal","color":"#FF00FF"},"geometry":{"type":"LineString","coordinates":[[-78.133077832011381,-0.144988543794123],[-78.132884266595596,-0.144931253414916]]}},
{"type":"Feature","properties":{"capa_cad":"C3D-Eje Horizontal","color":"#FF00FF"},"geometry":{"type":"LineString","coordinates":[[-78.134022587069822,-0.142638617272928],[-78.133965639422655,-0.142478148547552]]}},
{"type":"Feature","properties":{"capa_cad":"C3D-Eje Horizontal","color":"#FF00FF"},"geometry":{"type":"LineString","coordinates":[[-78.13402271860528,-0.143784870009068],[-78.133965771114902,-0.143624401226394]]}},
{"type":"Feature","properties":{"capa_cad":"C3D-Eje Horizontal","color":"#FF00FF"},"geometry":{"type":"LineString","coordinates":[[-78.132883872071346,-0.141491734483562],[-78.13282692433215,-0.141331265973451]]}},
{"type":"Feature","properties":{"capa_cad":"C3D-Eje Horizontal","color":"#FF00FF"},"geometry":{"type":"LineString","coordinates":[[-78.134022849000388,-0.144931122744463],[-78.133965901666784,-0.144770653904492]]}},
{"type":"Feature","properties":{"capa_cad":"C3D-Eje Horizontal","color":"#FF00FF"},"geometry":{"type":"LineString","coordinates":[[-78.132884004779427,-0.1426387502399],[-78.132827057197218,-0.142478281672428]]}},
{"type":"Feature","properties":{"capa_cad":"C3D-Eje Horizontal","color":"#FF00FF"},"geometry":{"type":"LineString","coordinates":[[-78.133978939226907,-0.145954349366332],[-78.133966031078316,-0.145916906581835]]}},
{"type":"Feature","properties":{"capa_cad":"C3D-Eje Horizontal","color":"#FF00FF"},"geometry":{"type":"LineString","coordinates":[[-78.1328841362579,-0.143785001827781],[-78.132827188832565,-0.143624533202987]]}},
{"type":"Feature","properties":{"capa_cad":"C3D-Eje Horizontal","color":"#FF00FF"},"geometry":{"type":"LineString","coordinates":[[-78.13174453192461,-0.141491868632255],[-78.131687584250386,-0.141331400280239]]}},
{"type":"Feature","properties":{"capa_cad":"C3D-Eje Horizontal","color":"#FF00FF"},"geometry":{"type":"LineString","coordinates":[[-78.132884266595596,-0.144931253414916],[-78.132827319327106,-0.144770784732802]]}},
{"type":"Feature","properties":{"capa_cad":"C3D-Eje Horizontal","color":"#FF00FF"},"geometry":{"type":"LineString","coordinates":[[-78.131744664576104,-0.142638883238347],[-78.131687717058938,-0.142478414828947]]}},
{"type":"Feature","properties":{"capa_cad":"C3D-Eje Horizontal","color":"#FF00FF"},"geometry":{"type":"LineString","coordinates":[[-78.131744795997591,-0.143785133676747],[-78.131687848637341,-0.143624665210003]]}},
{"type":"Feature","properties":{"capa_cad":"C3D-Eje Horizontal","color":"#FF00FF"},"geometry":{"type":"LineString","coordinates":[[-78.132199945571486,-0.141331339889464],[-78.132131649367963,-0.141491823058438]]}},
{"type":"Feature","properties":{"capa_cad":"C3D-Eje Horizontal","color":"#FF00FF"},"geometry":{"type":"LineString","coordinates":[[-78.132200078405447,-0.142478354955505],[-78.132131782038684,-0.142638838055421]]}},
{"type":"Feature","properties":{"capa_cad":"C3D-Eje Horizontal","color":"#FF00FF"},"geometry":{"type":"LineString","coordinates":[[-78.132200210009472,-0.143624605853549],[-78.132131913479526,-0.143785088884418]]}},
{"type":"Feature","properties":{"capa_cad":"C3D-Eje Horizontal","color":"#FF00FF"},"geometry":{"type":"LineString","coordinates":[[-78.133315761870804,-0.141386228429298],[-78.133270989902883,-0.141491688890483]]}},
{"type":"Feature","properties":{"capa_cad":"C3D-Eje Horizontal","color":"#FF00FF"},"geometry":{"type":"LineString","coordinates":[[-78.132200340472437,-0.144770856750849],[-78.132132043779293,-0.144931339712687]]}},
{"type":"Feature","properties":{"capa_cad":"C3D-Eje Horizontal","color":"#FF00FF"},"geometry":{"type":"LineString","coordinates":[[-78.133339419057521,-0.142478221773295],[-78.133271122630191,-0.142638705037542]]}},
{"type":"Feature","properties":{"capa_cad":"C3D-Eje Horizontal","color":"#FF00FF"},"geometry":{"type":"LineString","coordinates":[[-78.133339550718475,-0.143624473820637],[-78.133271254128047,-0.143784957015882]]}},
{"type":"Feature","properties":{"capa_cad":"C3D-Eje Horizontal","color":"#FF00FF"},"geometry":{"type":"LineString","coordinates":[[-78.133339681238823,-0.144770725867236],[-78.133271384485255,-0.144931208993476]]}},
{"type":"Feature","properties":{"capa_cad":"C3D-Eje Horizontal","color":"#FF00FF"},"geometry":{"type":"LineString","coordinates":[[-78.133339810618537,-0.14591697791308],[-78.133339810618537,-0.14591697791308]]}},
{"type":"Feature","properties":{"capa_cad":"C3D-Eje Horizontal","color":"#FF00FF"},"geometry":{"type":"LineString","coordinates":[[-78.134415148767374,-0.143771833693384],[-78.134409836863171,-0.143784825177594]]}},
{"type":"Feature","properties":{"capa_cad":"C3D-Eje Horizontal","color":"#FF00FF"},"geometry":{"type":"LineString","coordinates":[[-78.134478264091712,-0.144770595012841],[-78.134409967277804,-0.144931078303294]]}},
{"type":"Feature","properties":{"capa_cad":"C3D-Eje Horizontal","color":"#FF00FF"},"geometry":{"type":"LineString","coordinates":[[-78.13213240842191,-0.141491822969083],[-78.131938097285556,-0.141549158377903]]}},
{"type":"Feature","properties":{"capa_cad":"C3D-Eje Horizontal","color":"#FF00FF"},"geometry":{"type":"LineString","coordinates":[[-78.133270989902883,-0.141491688890483],[-78.133077437629197,-0.141549024277041]]}},
{"type":"Feature","properties":{"capa_cad":"C3D-Eje Horizontal","color":"#FF00FF"},"geometry":{"type":"LineString","coordinates":[[-78.132132541092659,-0.142638837966816],[-78.131938229889556,-0.142696173179402]]}},
{"type":"Feature","properties":{"capa_cad":"C3D-Eje Horizontal","color":"#FF00FF"},"geometry":{"type":"LineString","coordinates":[[-78.133271122630191,-0.142638705037542],[-78.133077570289814,-0.14269604022871]]}},
{"type":"Feature","properties":{"capa_cad":"C3D-Eje Horizontal","color":"#FF00FF"},"geometry":{"type":"LineString","coordinates":[[-78.132132672533544,-0.143785088796596],[-78.131938361263678,-0.143842423813079]]}},
{"type":"Feature","properties":{"capa_cad":"C3D-Eje Horizontal","color":"#FF00FF"},"geometry":{"type":"LineString","coordinates":[[-78.133271254128047,-0.143784957015882],[-78.133077701720964,-0.143842292011789]]}},
{"type":"Feature","properties":{"capa_cad":"C3D-Eje Horizontal","color":"#FF00FF"},"geometry":{"type":"LineString","coordinates":[[-78.134409836863171,-0.143784825177594],[-78.134216284265065,-0.143842160240699]]}},
{"type":"Feature","properties":{"capa_cad":"C3D-Eje Horizontal","color":"#FF00FF"},"geometry":{"type":"LineString","coordinates":[[-78.132132802833354,-0.144931339625631],[-78.132063731164919,-0.144951215895263]]}},
{"type":"Feature","properties":{"capa_cad":"C3D-Eje Horizontal","color":"#FF00FF"},"geometry":{"type":"LineString","coordinates":[[-78.133271384485255,-0.144931208993476],[-78.133077832011381,-0.144988543794123]]}},
{"type":"Feature","properties":{"capa_cad":"C3D-Eje Horizontal","color":"#FF00FF"},"geometry":{"type":"LineString","coordinates":[[-78.134409967277804,-0.144931078303294],[-78.134216414612922,-0.144988413171215]]}},
{"type":"Feature","properties":{"capa_cad":"C3D-Eje Horizontal","color":"#FF00FF"},"geometry":{"type":"LineString","coordinates":[[-78.131938046630225,-0.141113583136642],[-78.13175588174191,-0.141182379670144]]}},
{"type":"Feature","properties":{"capa_cad":"C3D-Eje Horizontal","color":"#FF00FF"},"geometry":{"type":"LineString","coordinates":[[-78.133077386952507,-0.141113448599006],[-78.13289522188488,-0.141182245210526]]}},
{"type":"Feature","properties":{"capa_cad":"C3D-Eje Horizontal","color":"#FF00FF"},"geometry":{"type":"LineString","coordinates":[[-78.131938179668182,-0.142260597938418],[-78.131756014702319,-0.14232939428793]]}},
{"type":"Feature","properties":{"capa_cad":"C3D-Eje Horizontal","color":"#FF00FF"},"geometry":{"type":"LineString","coordinates":[[-78.133077520046896,-0.142260464550952],[-78.132895354901748,-0.142329260978554]]}},
{"type":"Feature","properties":{"capa_cad":"C3D-Eje Horizontal","color":"#FF00FF"},"geometry":{"type":"LineString","coordinates":[[-78.131938311475935,-0.143406848572375],[-78.131756146432508,-0.143475644738019]]}},
{"type":"Feature","properties":{"capa_cad":"C3D-Eje Horizontal","color":"#FF00FF"},"geometry":{"type":"LineString","coordinates":[[-78.133077651911506,-0.143406716334313],[-78.132895486688824,-0.143475512578119]]}},
{"type":"Feature","properties":{"capa_cad":"C3D-Eje Horizontal","color":"#FF00FF"},"geometry":{"type":"LineString","coordinates":[[-78.134216234433907,-0.143406584126912],[-78.134034069032154,-0.143475380448802]]}},
{"type":"Feature","properties":{"capa_cad":"C3D-Eje Horizontal","color":"#FF00FF"},"geometry":{"type":"LineString","coordinates":[[-78.131938442142527,-0.144553099205591],[-78.131892900903367,-0.144570680286761]]}},
{"type":"Feature","properties":{"capa_cad":"C3D-Eje Horizontal","color":"#FF00FF"},"geometry":{"type":"LineString","coordinates":[[-78.133077782635397,-0.144552968116931],[-78.132895617335095,-0.144621764176941]]}},
{"type":"Feature","properties":{"capa_cad":"C3D-Eje Horizontal","color":"#FF00FF"},"geometry":{"type":"LineString","coordinates":[[-78.134216365215053,-0.144552837057713],[-78.134034199735737,-0.144621633195879]]}},
{"type":"Feature","properties":{"capa_cad":"C3D-Eje Horizontal","color":"#FF00FF"},"geometry":{"type":"LineString","coordinates":[[-78.133077912218567,-0.145699219898797],[-78.132992142651204,-0.145731324730532]]}},
{"type":"Feature","properties":{"capa_cad":"C3D-Eje Horizontal","color":"#FF00FF"},"geometry":{"type":"LineString","coordinates":[[-78.134216494855949,-0.145699089987762],[-78.13403432929897,-0.145767885942203]]}},
{"type":"Feature","properties":{"capa_cad":"C3D-Eje Horizontal","color":"#FF00FF"},"geometry":{"type":"LineString","coordinates":[[-78.131756640795601,-0.141182379580579],[-78.131687584250386,-0.141331400280239]]}},
{"type":"Feature","properties":{"capa_cad":"C3D-Eje Horizontal","color":"#FF00FF"},"geometry":{"type":"LineString","coordinates":[[-78.131756773667831,-0.142328630032166],[-78.131687717058938,-0.142478414828947]]}},
{"type":"Feature","properties":{"capa_cad":"C3D-Eje Horizontal","color":"#FF00FF"},"geometry":{"type":"LineString","coordinates":[[-78.13175690548627,-0.143475644649986],[-78.131687848637341,-0.143624665210003]]}},
{"type":"Feature","properties":{"capa_cad":"C3D-Eje Horizontal","color":"#FF00FF"},"geometry":{"type":"LineString","coordinates":[[-78.13289522188488,-0.141182245210526],[-78.13282692433215,-0.141331265973451]]}},
{"type":"Feature","properties":{"capa_cad":"C3D-Eje Horizontal","color":"#FF00FF"},"geometry":{"type":"LineString","coordinates":[[-78.132895354813499,-0.142328496810823],[-78.132827057197218,-0.142478281672428]]}},
{"type":"Feature","properties":{"capa_cad":"C3D-Eje Horizontal","color":"#FF00FF"},"geometry":{"type":"LineString","coordinates":[[-78.132895486688824,-0.143475512578119],[-78.132827188832565,-0.143624533202987]]}},
{"type":"Feature","properties":{"capa_cad":"C3D-Eje Horizontal","color":"#FF00FF"},"geometry":{"type":"LineString","coordinates":[[-78.132895617335095,-0.144621764176941],[-78.132827319327106,-0.144770784732802]]}},
{"type":"Feature","properties":{"capa_cad":"C3D-Eje Horizontal","color":"#FF00FF"},"geometry":{"type":"LineString","coordinates":[[-78.13398385216172,-0.142438409656907],[-78.133965639422655,-0.142478148547552]]}},
{"type":"Feature","properties":{"capa_cad":"C3D-Eje Horizontal","color":"#FF00FF"},"geometry":{"type":"LineString","coordinates":[[-78.134034069032154,-0.143475380448802],[-78.133965771114902,-0.143624401226394]]}},
{"type":"Feature","properties":{"capa_cad":"C3D-Eje Horizontal","color":"#FF00FF"},"geometry":{"type":"LineString","coordinates":[[-78.134034199735737,-0.144621633195879],[-78.133965901666784,-0.144770653904492]]}},
{"type":"Feature","properties":{"capa_cad":"C3D-Eje Horizontal","color":"#FF00FF"},"geometry":{"type":"LineString","coordinates":[[-78.13403432929897,-0.145767885942203],[-78.133966031078316,-0.145916906581835]]}},
{"type":"Feature","properties":{"capa_cad":"C3D-Eje Horizontal","color":"#FF00FF"},"geometry":{"type":"LineString","coordinates":[[-78.134466878257541,-0.144770596321675],[-78.134398545043226,-0.144610128738566]]}},
{"type":"Feature","properties":{"capa_cad":"C3D-Eje Horizontal","color":"#FF00FF"},"geometry":{"type":"LineString","coordinates":[[-78.133328033235884,-0.142478223104515],[-78.133259699785512,-0.142317755816255]]}},
{"type":"Feature","properties":{"capa_cad":"C3D-Eje Horizontal","color":"#FF00FF"},"geometry":{"type":"LineString","coordinates":[[-78.13332816489627,-0.143624475140375],[-78.133259831602189,-0.143464007783318]]}},
{"type":"Feature","properties":{"capa_cad":"C3D-Eje Horizontal","color":"#FF00FF"},"geometry":{"type":"LineString","coordinates":[[-78.132189318815819,-0.141331341142129],[-78.132120985285354,-0.141170874080114]]}},
{"type":"Feature","properties":{"capa_cad":"C3D-Eje Horizontal","color":"#FF00FF"},"geometry":{"type":"LineString","coordinates":[[-78.13332829541605,-0.14477072717549],[-78.133259962278203,-0.144610259749639]]}},
{"type":"Feature","properties":{"capa_cad":"C3D-Eje Horizontal","color":"#FF00FF"},"geometry":{"type":"LineString","coordinates":[[-78.132189451649253,-0.142478356197441],[-78.132121118275265,-0.142317889066556]]}},
{"type":"Feature","properties":{"capa_cad":"C3D-Eje Horizontal","color":"#FF00FF"},"geometry":{"type":"LineString","coordinates":[[-78.133327665654448,-0.145916215128271],[-78.133260091813582,-0.145756511715207]]}},
{"type":"Feature","properties":{"capa_cad":"C3D-Eje Horizontal","color":"#FF00FF"},"geometry":{"type":"LineString","coordinates":[[-78.132189583252739,-0.143624607084763],[-78.132121250035098,-0.143464139885055]]}},
{"type":"Feature","properties":{"capa_cad":"C3D-Eje Horizontal","color":"#FF00FF"},"geometry":{"type":"LineString","coordinates":[[-78.132189713715164,-0.144770857971341],[-78.132121380653842,-0.144610390702811]]}},
{"type":"Feature","properties":{"capa_cad":"C3D-Eje Horizontal","color":"#FF00FF"},"geometry":{"type":"LineString","coordinates":[[-78.133148740754692,-0.141136365208848],[-78.133077386952507,-0.141113448599006]]}},
{"type":"Feature","properties":{"capa_cad":"C3D-Eje Horizontal","color":"#FF00FF"},"geometry":{"type":"LineString","coordinates":[[-78.132120985285354,-0.141170874080114],[-78.131938046630225,-0.141113583136642]]}},
{"type":"Feature","properties":{"capa_cad":"C3D-Eje Horizontal","color":"#FF00FF"},"geometry":{"type":"LineString","coordinates":[[-78.133259699697263,-0.142316991648279],[-78.133077519958604,-0.142259700383099]]}},
{"type":"Feature","properties":{"capa_cad":"C3D-Eje Horizontal","color":"#FF00FF"},"geometry":{"type":"LineString","coordinates":[[-78.132121118187044,-0.142317124899346],[-78.131938179579919,-0.142259833771331]]}},
{"type":"Feature","properties":{"capa_cad":"C3D-Eje Horizontal","color":"#FF00FF"},"geometry":{"type":"LineString","coordinates":[[-78.134281515476403,-0.143426444930563],[-78.134216234433907,-0.143406584126912]]}},
{"type":"Feature","properties":{"capa_cad":"C3D-Eje Horizontal","color":"#FF00FF"},"geometry":{"type":"LineString","coordinates":[[-78.133259831602189,-0.143464007783318],[-78.133077651911506,-0.143406716334313]]}},
{"type":"Feature","properties":{"capa_cad":"C3D-Eje Horizontal","color":"#FF00FF"},"geometry":{"type":"LineString","coordinates":[[-78.132121250035098,-0.143464139885055],[-78.131938311475935,-0.143406848572375]]}},
{"type":"Feature","properties":{"capa_cad":"C3D-Eje Horizontal","color":"#FF00FF"},"geometry":{"type":"LineString","coordinates":[[-78.134398545043226,-0.144610128738566],[-78.134216365215053,-0.144552837057713]]}},
{"type":"Feature","properties":{"capa_cad":"C3D-Eje Horizontal","color":"#FF00FF"},"geometry":{"type":"LineString","coordinates":[[-78.133259962278203,-0.144610259749639],[-78.133077782635397,-0.144552968116931]]}},
{"type":"Feature","properties":{"capa_cad":"C3D-Eje Horizontal","color":"#FF00FF"},"geometry":{"type":"LineString","coordinates":[[-78.132121380653842,-0.144610390702811],[-78.131938442142527,-0.144553099205591]]}},
{"type":"Feature","properties":{"capa_cad":"C3D-Eje Horizontal","color":"#FF00FF"},"geometry":{"type":"LineString","coordinates":[[-78.13433946623698,-0.145738048557705],[-78.134216494855949,-0.145699089987762]]}},
{"type":"Feature","properties":{"capa_cad":"C3D-Eje Horizontal","color":"#FF00FF"},"geometry":{"type":"LineString","coordinates":[[-78.133260091813582,-0.145756511715207],[-78.133077912218567,-0.145699219898797]]}},
{"type":"Feature","properties":{"capa_cad":"C3D-Eje Horizontal","color":"#FF00FF"},"geometry":{"type":"LineString","coordinates":[[-78.133885938629746,-0.142478157868158],[-78.13385177056459,-0.142386461657449]]}},
{"type":"Feature","properties":{"capa_cad":"C3D-Eje Horizontal","color":"#FF00FF"},"geometry":{"type":"LineString","coordinates":[[-78.133886070318013,-0.143624410466617],[-78.1338519023424,-0.143532714221542]]}},
{"type":"Feature","properties":{"capa_cad":"C3D-Eje Horizontal","color":"#FF00FF"},"geometry":{"type":"LineString","coordinates":[[-78.132747223623042,-0.141331275370496],[-78.132713055506997,-0.141239579284379]]}},
{"type":"Feature","properties":{"capa_cad":"C3D-Eje Horizontal","color":"#FF00FF"},"geometry":{"type":"LineString","coordinates":[[-78.133886200865888,-0.14477066306435],[-78.133852032979775,-0.144678966784891]]}},
{"type":"Feature","properties":{"capa_cad":"C3D-Eje Horizontal","color":"#FF00FF"},"geometry":{"type":"LineString","coordinates":[[-78.132747356484145,-0.14247829098904],[-78.132713188457757,-0.142386594868486]]}},
{"type":"Feature","properties":{"capa_cad":"C3D-Eje Horizontal","color":"#FF00FF"},"geometry":{"type":"LineString","coordinates":[[-78.133886330273356,-0.145916915661328],[-78.133852162476742,-0.145825219347488]]}},
{"type":"Feature","properties":{"capa_cad":"C3D-Eje Horizontal","color":"#FF00FF"},"geometry":{"type":"LineString","coordinates":[[-78.132747488115527,-0.143624542439185],[-78.132713320178681,-0.14353284628425]]}},
{"type":"Feature","properties":{"capa_cad":"C3D-Eje Horizontal","color":"#FF00FF"},"geometry":{"type":"LineString","coordinates":[[-78.132747618606047,-0.144770793888603],[-78.132713450758757,-0.144679097699272]]}},
{"type":"Feature","properties":{"capa_cad":"C3D-Eje Horizontal","color":"#FF00FF"},"geometry":{"type":"LineString","coordinates":[[-78.131608016425787,-0.142478424141545],[-78.13157384843818,-0.142386728111259]]}},
{"type":"Feature","properties":{"capa_cad":"C3D-Eje Horizontal","color":"#FF00FF"},"geometry":{"type":"LineString","coordinates":[[-78.131608148000225,-0.143624674442172],[-78.131573980102218,-0.143532978377475]]}},
{"type":"Feature","properties":{"capa_cad":"C3D-Eje Horizontal","color":"#FF00FF"},"geometry":{"type":"LineString","coordinates":[[-78.133396739736995,-0.145916971429151],[-78.133408119118968,-0.145859657526628]]}},
{"type":"Feature","properties":{"capa_cad":"C3D-Eje Horizontal","color":"#FF00FF"},"geometry":{"type":"LineString","coordinates":[[-78.133396610354382,-0.144770719325893],[-78.13340798967873,-0.144713405411848]]}},
{"type":"Feature","properties":{"capa_cad":"C3D-Eje Horizontal","color":"#FF00FF"},"geometry":{"type":"LineString","coordinates":[[-78.133396479831163,-0.143624467221879],[-78.133407859097915,-0.143567153296314]]}},
{"type":"Feature","properties":{"capa_cad":"C3D-Eje Horizontal","color":"#FF00FF"},"geometry":{"type":"LineString","coordinates":[[-78.133396348167366,-0.142478215117122],[-78.133407727376508,-0.142420901180038]]}},
{"type":"Feature","properties":{"capa_cad":"C3D-Eje Horizontal","color":"#FF00FF"},"geometry":{"type":"LineString","coordinates":[[-78.132258028585042,-0.144770850125221],[-78.132269407900878,-0.144713536269182]]}},
{"type":"Feature","properties":{"capa_cad":"C3D-Eje Horizontal","color":"#FF00FF"},"geometry":{"type":"LineString","coordinates":[[-78.132257898119178,-0.143624599169718],[-78.132269277377389,-0.143567285302154]]}},
{"type":"Feature","properties":{"capa_cad":"C3D-Eje Horizontal","color":"#FF00FF"},"geometry":{"type":"LineString","coordinates":[[-78.132257766512268,-0.142478348213471],[-78.132269145712854,-0.142421034334382]]}},
{"type":"Feature","properties":{"capa_cad":"C3D-Eje Horizontal","color":"#FF00FF"},"geometry":{"type":"LineString","coordinates":[[-78.132257633675451,-0.141331333089188],[-78.132269012818369,-0.141274019198568]]}},
{"type":"Feature","properties":{"capa_cad":"C3D-Eje Horizontal","color":"#FF00FF"},"geometry":{"type":"LineString","coordinates":[[-78.133408119118968,-0.145859657526628],[-78.133635829177479,-0.145802318960653]]}},
{"type":"Feature","properties":{"capa_cad":"C3D-Eje Horizontal","color":"#FF00FF"},"geometry":{"type":"LineString","coordinates":[[-78.13340798967873,-0.144713405411848],[-78.133635699668659,-0.144656066616189]]}},
{"type":"Feature","properties":{"capa_cad":"C3D-Eje Horizontal","color":"#FF00FF"},"geometry":{"type":"LineString","coordinates":[[-78.132269407900878,-0.144713536269182],[-78.132497117665523,-0.144656197542531]]}},
{"type":"Feature","properties":{"capa_cad":"C3D-Eje Horizontal","color":"#FF00FF"},"geometry":{"type":"LineString","coordinates":[[-78.133407859097915,-0.143567153296314],[-78.133635569019361,-0.143509814270971]]}},
{"type":"Feature","properties":{"capa_cad":"C3D-Eje Horizontal","color":"#FF00FF"},"geometry":{"type":"LineString","coordinates":[[-78.132269277377389,-0.143567285302154],[-78.132496987073523,-0.143509946345728]]}},
{"type":"Feature","properties":{"capa_cad":"C3D-Eje Horizontal","color":"#FF00FF"},"geometry":{"type":"LineString","coordinates":[[-78.133407727376508,-0.142420901180038],[-78.133635437229557,-0.142363561925011]]}},
{"type":"Feature","properties":{"capa_cad":"C3D-Eje Horizontal","color":"#FF00FF"},"geometry":{"type":"LineString","coordinates":[[-78.132269145712854,-0.142421034334382],[-78.132496855340577,-0.142363695148183]]}},
{"type":"Feature","properties":{"capa_cad":"C3D-Eje Horizontal","color":"#FF00FF"},"geometry":{"type":"LineString","coordinates":[[-78.131292238795467,-0.142379883535991],[-78.131357515539094,-0.142363828403108]]}},
{"type":"Feature","properties":{"capa_cad":"C3D-Eje Horizontal","color":"#FF00FF"},"geometry":{"type":"LineString","coordinates":[[-78.132269012818369,-0.141274019198568],[-78.132496722377709,-0.141216679782441]]}},
{"type":"Feature","properties":{"capa_cad":"C3D-Eje Horizontal","color":"#FF00FF"},"geometry":{"type":"LineString","coordinates":[[-78.133635829177479,-0.145802318960653],[-78.133852162476742,-0.145825219347488]]}},
{"type":"Feature","properties":{"capa_cad":"C3D-Eje Horizontal","color":"#FF00FF"},"geometry":{"type":"LineString","coordinates":[[-78.132497117665523,-0.144656197542531],[-78.132713450758757,-0.144679097699272]]}},
{"type":"Feature","properties":{"capa_cad":"C3D-Eje Horizontal","color":"#FF00FF"},"geometry":{"type":"LineString","coordinates":[[-78.133635699668659,-0.144656066616189],[-78.133852032979775,-0.144678966784891]]}},
{"type":"Feature","properties":{"capa_cad":"C3D-Eje Horizontal","color":"#FF00FF"},"geometry":{"type":"LineString","coordinates":[[-78.131422167550184,-0.143516948472251],[-78.131573980102218,-0.143532978377475]]}},
{"type":"Feature","properties":{"capa_cad":"C3D-Eje Horizontal","color":"#FF00FF"},"geometry":{"type":"LineString","coordinates":[[-78.132496987073523,-0.143509946345728],[-78.132713320178681,-0.14353284628425]]}},
{"type":"Feature","properties":{"capa_cad":"C3D-Eje Horizontal","color":"#FF00FF"},"geometry":{"type":"LineString","coordinates":[[-78.133635569019361,-0.143509814270971],[-78.1338519023424,-0.143532714221542]]}},
{"type":"Feature","properties":{"capa_cad":"C3D-Eje Horizontal","color":"#FF00FF"},"geometry":{"type":"LineString","coordinates":[[-78.131357515539094,-0.142363828403108],[-78.13157384843818,-0.142386728111259]]}},
{"type":"Feature","properties":{"capa_cad":"C3D-Eje Horizontal","color":"#FF00FF"},"geometry":{"type":"LineString","coordinates":[[-78.132496855340577,-0.142363695148183],[-78.132713188457757,-0.142386594868486]]}},
{"type":"Feature","properties":{"capa_cad":"C3D-Eje Horizontal","color":"#FF00FF"},"geometry":{"type":"LineString","coordinates":[[-78.133635437229557,-0.142363561925011],[-78.13385177056459,-0.142386461657449]]}},
{"type":"Feature","properties":{"capa_cad":"C3D-Eje Horizontal","color":"#FF00FF"},"geometry":{"type":"LineString","coordinates":[[-78.132496722466669,-0.141217443949904],[-78.132713055595957,-0.141240343451988]]}},
{"type":"Feature","properties":{"capa_cad":"C3D-Eje Horizontal","color":"#FF00FF"},"geometry":{"type":"LineString","coordinates":[[-78.13234636458624,-0.140658855339057],[-78.13228033849343,-0.140758204914573]]}},
{"type":"Feature","properties":{"capa_cad":"C3D-Eje Horizontal","color":"#FF00FF"},"geometry":{"type":"LineString","coordinates":[[-78.132371542365036,-0.141766895074556],[-78.1322804718138,-0.141904455894892]]}},
{"type":"Feature","properties":{"capa_cad":"C3D-Eje Horizontal","color":"#FF00FF"},"geometry":{"type":"LineString","coordinates":[[-78.132371674773637,-0.142913910313509],[-78.132280604080847,-0.1430514710418]]}},
{"type":"Feature","properties":{"capa_cad":"C3D-Eje Horizontal","color":"#FF00FF"},"geometry":{"type":"LineString","coordinates":[[-78.133510124099104,-0.141766761259688],[-78.133419053463371,-0.141904322222386]]}},
{"type":"Feature","properties":{"capa_cad":"C3D-Eje Horizontal","color":"#FF00FF"},"geometry":{"type":"LineString","coordinates":[[-78.132371805952658,-0.144060161384347],[-78.132280735118385,-0.144197722020651]]}},
{"type":"Feature","properties":{"capa_cad":"C3D-Eje Horizontal","color":"#FF00FF"},"geometry":{"type":"LineString","coordinates":[[-78.133510256564364,-0.142913777647872],[-78.133419185787133,-0.14305133851856]]}},
{"type":"Feature","properties":{"capa_cad":"C3D-Eje Horizontal","color":"#FF00FF"},"geometry":{"type":"LineString","coordinates":[[-78.132371935990676,-0.145206412454436],[-78.132362069925648,-0.145220932764131]]}},
{"type":"Feature","properties":{"capa_cad":"C3D-Eje Horizontal","color":"#FF00FF"},"geometry":{"type":"LineString","coordinates":[[-78.13351038780047,-0.144060029867174],[-78.133419316881785,-0.144197590645912]]}},
{"type":"Feature","properties":{"capa_cad":"C3D-Eje Horizontal","color":"#FF00FF"},"geometry":{"type":"LineString","coordinates":[[-78.133510517895999,-0.145206282085727],[-78.133419446835859,-0.145343842772515]]}},
{"type":"Feature","properties":{"capa_cad":"C3D-Eje Horizontal","color":"#FF00FF"},"geometry":{"type":"LineString","coordinates":[[-78.132279579439412,-0.14075820500444],[-78.131994938235337,-0.140792626221661]]}},
{"type":"Feature","properties":{"capa_cad":"C3D-Eje Horizontal","color":"#FF00FF"},"geometry":{"type":"LineString","coordinates":[[-78.13227971275974,-0.141904455983993],[-78.131995071507362,-0.141938876913996]]}},
{"type":"Feature","properties":{"capa_cad":"C3D-Eje Horizontal","color":"#FF00FF"},"geometry":{"type":"LineString","coordinates":[[-78.133419053463371,-0.141904322222386],[-78.133134411927273,-0.141938743201087]]}},
{"type":"Feature","properties":{"capa_cad":"C3D-Eje Horizontal","color":"#FF00FF"},"geometry":{"type":"LineString","coordinates":[[-78.132279844939021,-0.143050706962817],[-78.13199520363824,-0.143085127605602]]}},
{"type":"Feature","properties":{"capa_cad":"C3D-Eje Horizontal","color":"#FF00FF"},"geometry":{"type":"LineString","coordinates":[[-78.133419185699367,-0.143050574350478],[-78.133134544114881,-0.143084995042074]]}},
{"type":"Feature","properties":{"capa_cad":"C3D-Eje Horizontal","color":"#FF00FF"},"geometry":{"type":"LineString","coordinates":[[-78.132279975977269,-0.144196957940903],[-78.131995334627973,-0.144231378296453]]}},
{"type":"Feature","properties":{"capa_cad":"C3D-Eje Horizontal","color":"#FF00FF"},"geometry":{"type":"LineString","coordinates":[[-78.133419316794786,-0.14419682647783],[-78.133134675161799,-0.144231246882321]]}},
{"type":"Feature","properties":{"capa_cad":"C3D-Eje Horizontal","color":"#FF00FF"},"geometry":{"type":"LineString","coordinates":[[-78.134535128377692,-0.144199754349156],[-78.134273257782368,-0.14423111549796]]}},
{"type":"Feature","properties":{"capa_cad":"C3D-Eje Horizontal","color":"#FF00FF"},"geometry":{"type":"LineString","coordinates":[[-78.133419446749599,-0.145343078604434],[-78.133134805068011,-0.145377498721819]]}},
{"type":"Feature","properties":{"capa_cad":"C3D-Eje Horizontal","color":"#FF00FF"},"geometry":{"type":"LineString","coordinates":[[-78.134456317720407,-0.145355950829696],[-78.134273387746163,-0.145377368485618]]}},
{"type":"Feature","properties":{"capa_cad":"C3D-Eje Horizontal","color":"#FF00FF"},"geometry":{"type":"LineString","coordinates":[[-78.133134411927273,-0.141938743201087],[-78.133077470879286,-0.141835587223072]]}},
{"type":"Feature","properties":{"capa_cad":"C3D-Eje Horizontal","color":"#FF00FF"},"geometry":{"type":"LineString","coordinates":[[-78.134273257869381,-0.144231879666616],[-78.134216316958927,-0.144128723473407]]}},
{"type":"Feature","properties":{"capa_cad":"C3D-Eje Horizontal","color":"#FF00FF"},"geometry":{"type":"LineString","coordinates":[[-78.131994938235337,-0.140792626221661],[-78.13193799714962,-0.140689470401626]]}},
{"type":"Feature","properties":{"capa_cad":"C3D-Eje Horizontal","color":"#FF00FF"},"geometry":{"type":"LineString","coordinates":[[-78.133134544202633,-0.143085759209965],[-78.133077603254549,-0.142982603174557]]}},
{"type":"Feature","properties":{"capa_cad":"C3D-Eje Horizontal","color":"#FF00FF"},"geometry":{"type":"LineString","coordinates":[[-78.134273387832437,-0.145378132654273],[-78.134216447021728,-0.145274976403735]]}},
{"type":"Feature","properties":{"capa_cad":"C3D-Eje Horizontal","color":"#FF00FF"},"geometry":{"type":"LineString","coordinates":[[-78.131995071507362,-0.141938876913996],[-78.131938130521547,-0.141835721036583]]}},
{"type":"Feature","properties":{"capa_cad":"C3D-Eje Horizontal","color":"#FF00FF"},"geometry":{"type":"LineString","coordinates":[[-78.133134675248783,-0.144232011050212],[-78.133077734400501,-0.144128854957452]]}},
{"type":"Feature","properties":{"capa_cad":"C3D-Eje Horizontal","color":"#FF00FF"},"geometry":{"type":"LineString","coordinates":[[-78.13199520372595,-0.143085891772727],[-78.13193826284008,-0.142982735837899]]}},
{"type":"Feature","properties":{"capa_cad":"C3D-Eje Horizontal","color":"#FF00FF"},"geometry":{"type":"LineString","coordinates":[[-78.133134805154242,-0.14537826288971],[-78.133077864405735,-0.145275106739597]]}},
{"type":"Feature","properties":{"capa_cad":"C3D-Eje Horizontal","color":"#FF00FF"},"geometry":{"type":"LineString","coordinates":[[-78.131995334714915,-0.144232142463594],[-78.131938393928891,-0.14412898647139]]}},
{"type":"Feature","properties":{"capa_cad":"C3D-Eje Horizontal","color":"#FF00FF"},"geometry":{"type":"LineString","coordinates":[[-78.134216447021728,-0.145274976403735],[-78.13421643925011,-0.145206201227942]]}},
{"type":"Feature","properties":{"capa_cad":"C3D-Eje Horizontal","color":"#FF00FF"},"geometry":{"type":"LineString","coordinates":[[-78.134216316958927,-0.144128723473407],[-78.134216309118898,-0.144059948297568]]}},
{"type":"Feature","properties":{"capa_cad":"C3D-Eje Horizontal","color":"#FF00FF"},"geometry":{"type":"LineString","coordinates":[[-78.133077864405735,-0.145275106739597],[-78.133077856637598,-0.145206331632695]]}},
{"type":"Feature","properties":{"capa_cad":"C3D-Eje Horizontal","color":"#FF00FF"},"geometry":{"type":"LineString","coordinates":[[-78.133077734400501,-0.144128854957452],[-78.133077726563911,-0.144060079850504]]}},
{"type":"Feature","properties":{"capa_cad":"C3D-Eje Horizontal","color":"#FF00FF"},"geometry":{"type":"LineString","coordinates":[[-78.133077603254549,-0.142982603174557],[-78.133077595349505,-0.142913828067566]]}},
{"type":"Feature","properties":{"capa_cad":"C3D-Eje Horizontal","color":"#FF00FF"},"geometry":{"type":"LineString","coordinates":[[-78.133077470879286,-0.141835587223072],[-78.133077462905788,-0.141766812116036]]}},
{"type":"Feature","properties":{"capa_cad":"C3D-Eje Horizontal","color":"#FF00FF"},"geometry":{"type":"LineString","coordinates":[[-78.131938393928891,-0.14412898647139],[-78.13193838609574,-0.14406021143339]]}},
{"type":"Feature","properties":{"capa_cad":"C3D-Eje Horizontal","color":"#FF00FF"},"geometry":{"type":"LineString","coordinates":[[-78.13193826284008,-0.142982735837899],[-78.131938254938461,-0.142913960799855]]}},
{"type":"Feature","properties":{"capa_cad":"C3D-Eje Horizontal","color":"#FF00FF"},"geometry":{"type":"LineString","coordinates":[[-78.131938130521547,-0.141835721036583],[-78.131938122551404,-0.141766945998495]]}},
{"type":"Feature","properties":{"capa_cad":"C3D-Eje Horizontal","color":"#FF00FF"},"geometry":{"type":"LineString","coordinates":[[-78.13193799714962,-0.140689470401626],[-78.131937994738479,-0.14066883789019]]}},
{"type":"Feature","properties":{"capa_cad":"C3D-Eje Horizontal","color":"#FF00FF"},"geometry":{"type":"LineString","coordinates":[[-78.13365859696161,-0.145767928793475],[-78.133738282264503,-0.145630369410646]]}},
{"type":"Feature","properties":{"capa_cad":"C3D-Eje Horizontal","color":"#FF00FF"},"geometry":{"type":"LineString","coordinates":[[-78.133658467417433,-0.144621676426041],[-78.133738152579426,-0.144484116962733]]}},
{"type":"Feature","properties":{"capa_cad":"C3D-Eje Horizontal","color":"#FF00FF"},"geometry":{"type":"LineString","coordinates":[[-78.133658336732765,-0.143475424057837],[-78.133738021753899,-0.143337864514069]]}},
{"type":"Feature","properties":{"capa_cad":"C3D-Eje Horizontal","color":"#FF00FF"},"geometry":{"type":"LineString","coordinates":[[-78.132519126338906,-0.144621807475271],[-78.132599570482242,-0.144484248066545]]}},
{"type":"Feature","properties":{"capa_cad":"C3D-Eje Horizontal","color":"#FF00FF"},"geometry":{"type":"LineString","coordinates":[[-78.133658204819355,-0.142328407520648],[-78.133737889699546,-0.142190847896366]]}},
{"type":"Feature","properties":{"capa_cad":"C3D-Eje Horizontal","color":"#FF00FF"},"geometry":{"type":"LineString","coordinates":[[-78.132518995711578,-0.143475556256238],[-78.132599439713957,-0.143337996766254]]}},
{"type":"Feature","properties":{"capa_cad":"C3D-Eje Horizontal","color":"#FF00FF"},"geometry":{"type":"LineString","coordinates":[[-78.132518863855069,-0.142328540868986],[-78.132599307716433,-0.14219098129769]]}},
{"type":"Feature","properties":{"capa_cad":"C3D-Eje Horizontal","color":"#FF00FF"},"geometry":{"type":"LineString","coordinates":[[-78.13140925323593,-0.143426014126825],[-78.131460099761384,-0.143338129049158]]}},
{"type":"Feature","properties":{"capa_cad":"C3D-Eje Horizontal","color":"#FF00FF"},"geometry":{"type":"LineString","coordinates":[[-78.13251873094508,-0.141182289648478],[-78.132599174665557,-0.141044729995926]]}},
{"type":"Feature","properties":{"capa_cad":"C3D-Eje Horizontal","color":"#FF00FF"},"geometry":{"type":"LineString","coordinates":[[-78.131380283086713,-0.142328674071482],[-78.131459967820703,-0.142191114730955]]}},
{"type":"Feature","properties":{"capa_cad":"C3D-Eje Horizontal","color":"#FF00FF"},"geometry":{"type":"LineString","coordinates":[[-78.133737889699546,-0.142190847896366],[-78.133532918330232,-0.141961621464172]]}},
{"type":"Feature","properties":{"capa_cad":"C3D-Eje Horizontal","color":"#FF00FF"},"geometry":{"type":"LineString","coordinates":[[-78.132599174665557,-0.141044729995926],[-78.132394203294822,-0.140815503989785]]}},
{"type":"Feature","properties":{"capa_cad":"C3D-Eje Horizontal","color":"#FF00FF"},"geometry":{"type":"LineString","coordinates":[[-78.133738021753899,-0.143337864514069],[-78.133533050602608,-0.143108637875211]]}},
{"type":"Feature","properties":{"capa_cad":"C3D-Eje Horizontal","color":"#FF00FF"},"geometry":{"type":"LineString","coordinates":[[-78.132599307716433,-0.14219098129769],[-78.132394336563749,-0.141961755084938]]}},
{"type":"Feature","properties":{"capa_cad":"C3D-Eje Horizontal","color":"#FF00FF"},"geometry":{"type":"LineString","coordinates":[[-78.133738152579426,-0.144484116962733],[-78.133533181645959,-0.144254890117351]]}},
{"type":"Feature","properties":{"capa_cad":"C3D-Eje Horizontal","color":"#FF00FF"},"geometry":{"type":"LineString","coordinates":[[-78.132599439713957,-0.143337996766254],[-78.132394468779395,-0.143108770346755]]}},
{"type":"Feature","properties":{"capa_cad":"C3D-Eje Horizontal","color":"#FF00FF"},"geometry":{"type":"LineString","coordinates":[[-78.131459967820703,-0.142191114730955],[-78.131328634523257,-0.142043645937187]]}},
{"type":"Feature","properties":{"capa_cad":"C3D-Eje Horizontal","color":"#FF00FF"},"geometry":{"type":"LineString","coordinates":[[-78.133738282264503,-0.145630369410646],[-78.13353331154876,-0.145401142358741]]}},
{"type":"Feature","properties":{"capa_cad":"C3D-Eje Horizontal","color":"#FF00FF"},"geometry":{"type":"LineString","coordinates":[[-78.132599570482242,-0.144484248066545],[-78.13239459976559,-0.14425502144044]]}},
{"type":"Feature","properties":{"capa_cad":"C3D-Eje Horizontal","color":"#FF00FF"},"geometry":{"type":"LineString","coordinates":[[-78.131460099761384,-0.143338129049158],[-78.131384943832117,-0.143254079433141]]}},
{"type":"Feature","properties":{"capa_cad":"C3D-Eje Horizontal","color":"#FF00FF"},"geometry":{"type":"LineString","coordinates":[[-78.132394203294822,-0.140815503989785],[-78.132098172237036,-0.140815539020548]]}},
{"type":"Feature","properties":{"capa_cad":"C3D-Eje Horizontal","color":"#FF00FF"},"geometry":{"type":"LineString","coordinates":[[-78.133532918330232,-0.141961621464172],[-78.133236886961214,-0.141961656211043]]}},
{"type":"Feature","properties":{"capa_cad":"C3D-Eje Horizontal","color":"#FF00FF"},"geometry":{"type":"LineString","coordinates":[[-78.132394336563749,-0.141961755084938],[-78.132098305491354,-0.141961789817028]]}},
{"type":"Feature","properties":{"capa_cad":"C3D-Eje Horizontal","color":"#FF00FF"},"geometry":{"type":"LineString","coordinates":[[-78.133533050602608,-0.143108637875211],[-78.133237019218839,-0.143108672323328]]}},
{"type":"Feature","properties":{"capa_cad":"C3D-Eje Horizontal","color":"#FF00FF"},"geometry":{"type":"LineString","coordinates":[[-78.132394468779395,-0.143108770346755],[-78.132098437692235,-0.143108804779974]]}},
{"type":"Feature","properties":{"capa_cad":"C3D-Eje Horizontal","color":"#FF00FF"},"geometry":{"type":"LineString","coordinates":[[-78.134534375588501,-0.144254774592867],[-78.134375732971719,-0.144254792901082]]}},
{"type":"Feature","properties":{"capa_cad":"C3D-Eje Horizontal","color":"#FF00FF"},"geometry":{"type":"LineString","coordinates":[[-78.133533181645959,-0.144254890117351],[-78.133237150247311,-0.144254924266914]]}},
{"type":"Feature","properties":{"capa_cad":"C3D-Eje Horizontal","color":"#FF00FF"},"geometry":{"type":"LineString","coordinates":[[-78.13239459976559,-0.14425502144044],[-78.132098568663579,-0.144255055574986]]}},
{"type":"Feature","properties":{"capa_cad":"C3D-Eje Horizontal","color":"#FF00FF"},"geometry":{"type":"LineString","coordinates":[[-78.134446455087172,-0.145401037916621],[-78.134375862917139,-0.145401045992037]]}},
{"type":"Feature","properties":{"capa_cad":"C3D-Eje Horizontal","color":"#FF00FF"},"geometry":{"type":"LineString","coordinates":[[-78.13353331154876,-0.145401142358741],[-78.133237280135134,-0.145401176209749]]}},
{"type":"Feature","properties":{"capa_cad":"C3D-Eje Horizontal","color":"#FF00FF"},"geometry":{"type":"LineString","coordinates":[[-78.132098172237036,-0.140815539020548],[-78.131950168776029,-0.14091871909278]]}},
{"type":"Feature","properties":{"capa_cad":"C3D-Eje Horizontal","color":"#FF00FF"},"geometry":{"type":"LineString","coordinates":[[-78.132098305491354,-0.141961789817028],[-78.131950301920327,-0.14206496973983]]}},
{"type":"Feature","properties":{"capa_cad":"C3D-Eje Horizontal","color":"#FF00FF"},"geometry":{"type":"LineString","coordinates":[[-78.133236886961214,-0.141961656211043],[-78.133088883246955,-0.142064836244613]]}},
{"type":"Feature","properties":{"capa_cad":"C3D-Eje Horizontal","color":"#FF00FF"},"geometry":{"type":"LineString","coordinates":[[-78.132098437692235,-0.143108804779974],[-78.131950434011074,-0.143211984553279]]}},
{"type":"Feature","properties":{"capa_cad":"C3D-Eje Horizontal","color":"#FF00FF"},"geometry":{"type":"LineString","coordinates":[[-78.133237019218839,-0.143108672323328],[-78.133089015394475,-0.14321185220746]]}},
{"type":"Feature","properties":{"capa_cad":"C3D-Eje Horizontal","color":"#FF00FF"},"geometry":{"type":"LineString","coordinates":[[-78.132098568663579,-0.144255055574986],[-78.13195056487227,-0.144358235198876]]}},
{"type":"Feature","properties":{"capa_cad":"C3D-Eje Horizontal","color":"#FF00FF"},"geometry":{"type":"LineString","coordinates":[[-78.133237150247311,-0.144254924266914],[-78.133089146312855,-0.14435810400169]]}},
{"type":"Feature","properties":{"capa_cad":"C3D-Eje Horizontal","color":"#FF00FF"},"geometry":{"type":"LineString","coordinates":[[-78.134375732971719,-0.144254792901082],[-78.13422772889416,-0.144357972746703]]}},
{"type":"Feature","properties":{"capa_cad":"C3D-Eje Horizontal","color":"#FF00FF"},"geometry":{"type":"LineString","coordinates":[[-78.133237280135134,-0.145401176209749],[-78.13308927609053,-0.145504355795152]]}},
{"type":"Feature","properties":{"capa_cad":"C3D-Eje Horizontal","color":"#FF00FF"},"geometry":{"type":"LineString","coordinates":[[-78.134375862917139,-0.145401045992037],[-78.134227858729489,-0.145504225688343]]}},
{"type":"Feature","properties":{"capa_cad":"C3D-Eje Horizontal","color":"#FF00FF"},"geometry":{"type":"LineString","coordinates":[[-78.131949805818365,-0.144358235286309],[-78.131995367283864,-0.144518705136186]]}},
{"type":"Feature","properties":{"capa_cad":"C3D-Eje Horizontal","color":"#FF00FF"},"geometry":{"type":"LineString","coordinates":[[-78.131949674957198,-0.143211984641479],[-78.131995236580181,-0.143372454445505]]}},
{"type":"Feature","properties":{"capa_cad":"C3D-Eje Horizontal","color":"#FF00FF"},"geometry":{"type":"LineString","coordinates":[[-78.131949542866479,-0.142064969828813],[-78.131995104647061,-0.142225439586958]]}},
{"type":"Feature","properties":{"capa_cad":"C3D-Eje Horizontal","color":"#FF00FF"},"geometry":{"type":"LineString","coordinates":[[-78.13308927609053,-0.145504355795152],[-78.13313483745236,-0.145664825849457]]}},
{"type":"Feature","properties":{"capa_cad":"C3D-Eje Horizontal","color":"#FF00FF"},"geometry":{"type":"LineString","coordinates":[[-78.131949409722225,-0.140918719182512],[-78.131994971660319,-0.141079188894804]]}},
{"type":"Feature","properties":{"capa_cad":"C3D-Eje Horizontal","color":"#FF00FF"},"geometry":{"type":"LineString","coordinates":[[-78.133089146312855,-0.14435810400169],[-78.133134707832085,-0.144518574010149]]}},
{"type":"Feature","properties":{"capa_cad":"C3D-Eje Horizontal","color":"#FF00FF"},"geometry":{"type":"LineString","coordinates":[[-78.133089015394475,-0.14321185220746],[-78.133134577071104,-0.143372322170088]]}},
{"type":"Feature","properties":{"capa_cad":"C3D-Eje Horizontal","color":"#FF00FF"},"geometry":{"type":"LineString","coordinates":[[-78.133088883246955,-0.142064836244613],[-78.133134445081126,-0.142225306161394]]}},
{"type":"Feature","properties":{"capa_cad":"C3D-Eje Horizontal","color":"#FF00FF"},"geometry":{"type":"LineString","coordinates":[[-78.134227858729489,-0.145504225688343],[-78.134273420145021,-0.145664695901061]]}},
{"type":"Feature","properties":{"capa_cad":"C3D-Eje Horizontal","color":"#FF00FF"},"geometry":{"type":"LineString","coordinates":[[-78.13422772889416,-0.144357972746703],[-78.134273290467064,-0.144518442913592]]}},
{"type":"Feature","properties":{"capa_cad":"C3D-Eje Horizontal","color":"#FF00FF"},"geometry":{"type":"LineString","coordinates":[[-78.13313483745236,-0.145664825849457],[-78.13337395391315,-0.145790886293942]]}},
{"type":"Feature","properties":{"capa_cad":"C3D-Eje Horizontal","color":"#FF00FF"},"geometry":{"type":"LineString","coordinates":[[-78.131995367283864,-0.144518705136186],[-78.132234483611924,-0.144644765225341]]}},
{"type":"Feature","properties":{"capa_cad":"C3D-Eje Horizontal","color":"#FF00FF"},"geometry":{"type":"LineString","coordinates":[[-78.134273420145021,-0.145664695901061],[-78.134371344161792,-0.145716648195995]]}},
{"type":"Feature","properties":{"capa_cad":"C3D-Eje Horizontal","color":"#FF00FF"},"geometry":{"type":"LineString","coordinates":[[-78.133134707832085,-0.144518574010149],[-78.13337382440622,-0.144644634213566]]}},
{"type":"Feature","properties":{"capa_cad":"C3D-Eje Horizontal","color":"#FF00FF"},"geometry":{"type":"LineString","coordinates":[[-78.131995236580181,-0.143372454445505],[-78.13223435302173,-0.143498514293496]]}},
{"type":"Feature","properties":{"capa_cad":"C3D-Eje Horizontal","color":"#FF00FF"},"geometry":{"type":"LineString","coordinates":[[-78.134273290467064,-0.144518442913592],[-78.134512407287005,-0.144644503231145]]}},
{"type":"Feature","properties":{"capa_cad":"C3D-Eje Horizontal","color":"#FF00FF"},"geometry":{"type":"LineString","coordinates":[[-78.133134577071104,-0.143372322170088],[-78.133373693758685,-0.143498382132436]]}},
{"type":"Feature","properties":{"capa_cad":"C3D-Eje Horizontal","color":"#FF00FF"},"geometry":{"type":"LineString","coordinates":[[-78.131995104735338,-0.142226203754083],[-78.132234221290474,-0.142352263360908]]}},
{"type":"Feature","properties":{"capa_cad":"C3D-Eje Horizontal","color":"#FF00FF"},"geometry":{"type":"LineString","coordinates":[[-78.133134445169432,-0.142226070329286],[-78.133373561970544,-0.142352130050563]]}},
{"type":"Feature","properties":{"capa_cad":"C3D-Eje Horizontal","color":"#FF00FF"},"geometry":{"type":"LineString","coordinates":[[-78.131994971749364,-0.14107995306193],[-78.132234088418173,-0.141206012427588]]}},
{"type":"Feature","properties":{"capa_cad":"C3D-Eje Horizontal","color":"#FF00FF"},"geometry":{"type":"LineString","coordinates":[[-78.13337395391315,-0.145790886293942],[-78.13365859696161,-0.145767928793475]]}},
{"type":"Feature","properties":{"capa_cad":"C3D-Eje Horizontal","color":"#FF00FF"},"geometry":{"type":"LineString","coordinates":[[-78.134512407287005,-0.144644503231145],[-78.134526829170625,-0.144642973234005]]}},
{"type":"Feature","properties":{"capa_cad":"C3D-Eje Horizontal","color":"#FF00FF"},"geometry":{"type":"LineString","coordinates":[[-78.13337382440622,-0.144644634213566],[-78.133658467417433,-0.144621676426041]]}},
{"type":"Feature","properties":{"capa_cad":"C3D-Eje Horizontal","color":"#FF00FF"},"geometry":{"type":"LineString","coordinates":[[-78.132235242666042,-0.144644765138072],[-78.132519885393222,-0.144621807387994]]}},
{"type":"Feature","properties":{"capa_cad":"C3D-Eje Horizontal","color":"#FF00FF"},"geometry":{"type":"LineString","coordinates":[[-78.133373693758685,-0.143498382132436],[-78.133658336732765,-0.143475424057837]]}},
{"type":"Feature","properties":{"capa_cad":"C3D-Eje Horizontal","color":"#FF00FF"},"geometry":{"type":"LineString","coordinates":[[-78.132235112075804,-0.143498514205462],[-78.132519754765838,-0.143475556168196]]}},
{"type":"Feature","properties":{"capa_cad":"C3D-Eje Horizontal","color":"#FF00FF"},"geometry":{"type":"LineString","coordinates":[[-78.133373561882308,-0.142351365882511],[-78.133658204819355,-0.142328407520648]]}},
{"type":"Feature","properties":{"capa_cad":"C3D-Eje Horizontal","color":"#FF00FF"},"geometry":{"type":"LineString","coordinates":[[-78.132234980256314,-0.142351499104821],[-78.132519622909285,-0.142328540780177]]}},
{"type":"Feature","properties":{"capa_cad":"C3D-Eje Horizontal","color":"#FF00FF"},"geometry":{"type":"LineString","coordinates":[[-78.131293751876811,-0.142336325859108],[-78.131380283086713,-0.142328674071482]]}},
{"type":"Feature","properties":{"capa_cad":"C3D-Eje Horizontal","color":"#FF00FF"},"geometry":{"type":"LineString","coordinates":[[-78.132234847383216,-0.141205248170735],[-78.132519489999282,-0.141182289558904]]}},
{"type":"Feature","properties":{"capa_cad":"C3D-Eje Horizontal","color":"#FF00FF"},"geometry":{"type":"LineString","coordinates":[[-78.136493231385856,-0.141919244425798],[-78.136351287760817,-0.141919261110632]]}},
{"type":"Feature","properties":{"capa_cad":"C3D-Eje Horizontal","color":"#FF00FF"},"geometry":{"type":"LineString","coordinates":[[-78.13606588245068,-0.141919294656066],[-78.135926975104908,-0.141919310981393]]}},
{"type":"Feature","properties":{"capa_cad":"C3D-Eje Horizontal","color":"#FF00FF"},"geometry":{"type":"LineString","coordinates":[[-78.136706540826069,-0.142043779110314],[-78.136564597173646,-0.142043795780936]]}},
{"type":"Feature","properties":{"capa_cad":"C3D-Eje Horizontal","color":"#FF00FF"},"geometry":{"type":"LineString","coordinates":[[-78.136279950865216,-0.142043829208653],[-78.13613724820938,-0.142043845965738]]}},
{"type":"Feature","properties":{"capa_cad":"C3D-Eje Horizontal","color":"#FF00FF"},"geometry":{"type":"LineString","coordinates":[[-78.135852602007873,-0.142043879388117],[-78.135710658462003,-0.142043896053421]]}},
{"type":"Feature","properties":{"capa_cad":"C3D-Eje Horizontal","color":"#FF00FF"},"geometry":{"type":"LineString","coordinates":[[-78.136888728863568,-0.142167553321114],[-78.136777906526845,-0.142167566325578]]}},
{"type":"Feature","properties":{"capa_cad":"C3D-Eje Horizontal","color":"#FF00FF"},"geometry":{"type":"LineString","coordinates":[[-78.136493260163533,-0.142167599724991],[-78.136351316536974,-0.142167616378841]]}},
{"type":"Feature","properties":{"capa_cad":"C3D-Eje Horizontal","color":"#FF00FF"},"geometry":{"type":"LineString","coordinates":[[-78.136065911223781,-0.142167649861971],[-78.135923967650527,-0.14216766651314]]}},
{"type":"Feature","properties":{"capa_cad":"C3D-Eje Horizontal","color":"#FF00FF"},"geometry":{"type":"LineString","coordinates":[[-78.135639321500861,-0.142167699901877],[-78.13549661892462,-0.142167716639436]]}},
{"type":"Feature","properties":{"capa_cad":"C3D-Eje Horizontal","color":"#FF00FF"},"geometry":{"type":"LineString","coordinates":[[-78.135211972881905,-0.142167750022832],[-78.135070029415218,-0.142167766668678]]}},
{"type":"Feature","properties":{"capa_cad":"C3D-Eje Horizontal","color":"#FF00FF"},"geometry":{"type":"LineString","coordinates":[[-78.136706569490826,-0.142291370285752],[-78.136564625836897,-0.142291386925489]]}},
{"type":"Feature","properties":{"capa_cad":"C3D-Eje Horizontal","color":"#FF00FF"},"geometry":{"type":"LineString","coordinates":[[-78.136279979525412,-0.142291420291264],[-78.136137276868041,-0.142291437017293]]}},
{"type":"Feature","properties":{"capa_cad":"C3D-Eje Horizontal","color":"#FF00FF"},"geometry":{"type":"LineString","coordinates":[[-78.135852630663464,-0.142291470377721],[-78.135710687116074,-0.14229148701213]]}},
{"type":"Feature","properties":{"capa_cad":"C3D-Eje Horizontal","color":"#FF00FF"},"geometry":{"type":"LineString","coordinates":[[-78.135426041018263,-0.14229152036722],[-78.135283338468028,-0.142291537087893]]}},
{"type":"Feature","properties":{"capa_cad":"C3D-Eje Horizontal","color":"#FF00FF"},"geometry":{"type":"LineString","coordinates":[[-78.134998692477154,-0.142291570437637],[-78.134856749036331,-0.142291587066718]]}},
{"type":"Feature","properties":{"capa_cad":"C3D-Eje Horizontal","color":"#FF00FF"},"geometry":{"type":"LineString","coordinates":[[-78.136920637992588,-0.142415904972438],[-78.136777935254102,-0.142415921686865]]}},
{"type":"Feature","properties":{"capa_cad":"C3D-Eje Horizontal","color":"#FF00FF"},"geometry":{"type":"LineString","coordinates":[[-78.136493288887721,-0.142415955024149],[-78.136351345259627,-0.142415971647015]]}},
{"type":"Feature","properties":{"capa_cad":"C3D-Eje Horizontal","color":"#FF00FF"},"geometry":{"type":"LineString","coordinates":[[-78.136065939943364,-0.142416005067842],[-78.135923996368589,-0.142416021688023]]}},
{"type":"Feature","properties":{"capa_cad":"C3D-Eje Horizontal","color":"#FF00FF"},"geometry":{"type":"LineString","coordinates":[[-78.135639350215854,-0.142416055014613],[-78.135496647638078,-0.142416071721013]]}},
{"type":"Feature","properties":{"capa_cad":"C3D-Eje Horizontal","color":"#FF00FF"},"geometry":{"type":"LineString","coordinates":[[-78.135212001592294,-0.142416105042252],[-78.135070058124086,-0.142416121657101]]}},
{"type":"Feature","properties":{"capa_cad":"C3D-Eje Horizontal","color":"#FF00FF"},"geometry":{"type":"LineString","coordinates":[[-78.136706598190656,-0.142539725631449],[-78.136564654535192,-0.142539742240204]]}},
{"type":"Feature","properties":{"capa_cad":"C3D-Eje Horizontal","color":"#FF00FF"},"geometry":{"type":"LineString","coordinates":[[-78.136280008220638,-0.142539775543846],[-78.136137305561732,-0.142539792238723]]}},
{"type":"Feature","properties":{"capa_cad":"C3D-Eje Horizontal","color":"#FF00FF"},"geometry":{"type":"LineString","coordinates":[[-78.1358526593541,-0.142539825537009],[-78.135710715805175,-0.142539842140427]]}},
{"type":"Feature","properties":{"capa_cad":"C3D-Eje Horizontal","color":"#FF00FF"},"geometry":{"type":"LineString","coordinates":[[-78.13542606970428,-0.142539875433366],[-78.13528336715251,-0.142539892122878]]}},
{"type":"Feature","properties":{"capa_cad":"C3D-Eje Horizontal","color":"#FF00FF"},"geometry":{"type":"LineString","coordinates":[[-78.134998721158581,-0.142539925410461],[-78.134857536772017,-0.14253994191978]]}},
{"type":"Feature","properties":{"capa_cad":"C3D-Eje Horizontal","color":"#FF00FF"},"geometry":{"type":"LineString","coordinates":[[-78.136920666667905,-0.142664260364836],[-78.136777963927884,-0.142664277048118]]}},
{"type":"Feature","properties":{"capa_cad":"C3D-Eje Horizontal","color":"#FF00FF"},"geometry":{"type":"LineString","coordinates":[[-78.136493317558433,-0.142664310323273],[-78.136351373928804,-0.142664326915155]]}},
{"type":"Feature","properties":{"capa_cad":"C3D-Eje Horizontal","color":"#FF00FF"},"geometry":{"type":"LineString","coordinates":[[-78.136065968609472,-0.142664360273678],[-78.135924025033162,-0.142664376862871]]}},
{"type":"Feature","properties":{"capa_cad":"C3D-Eje Horizontal","color":"#FF00FF"},"geometry":{"type":"LineString","coordinates":[[-78.135639378877343,-0.142664410127314],[-78.135496676298047,-0.142664426802556]]}},
{"type":"Feature","properties":{"capa_cad":"C3D-Eje Horizontal","color":"#FF00FF"},"geometry":{"type":"LineString","coordinates":[[-78.135212030249178,-0.142664460061638],[-78.135070086779436,-0.142664476645489]]}},
{"type":"Feature","properties":{"capa_cad":"C3D-Eje Horizontal","color":"#FF00FF"},"geometry":{"type":"LineString","coordinates":[[-78.13699810477641,-0.142788046932287],[-78.136991273261359,-0.142788047730247]]}},
{"type":"Feature","properties":{"capa_cad":"C3D-Eje Horizontal","color":"#FF00FF"},"geometry":{"type":"LineString","coordinates":[[-78.136706626837011,-0.142788080977111],[-78.136564683180012,-0.142788097554885]]}},
{"type":"Feature","properties":{"capa_cad":"C3D-Eje Horizontal","color":"#FF00FF"},"geometry":{"type":"LineString","coordinates":[[-78.136280036862388,-0.142788130796393],[-78.136137334201933,-0.142788147460119]]}},
{"type":"Feature","properties":{"capa_cad":"C3D-Eje Horizontal","color":"#FF00FF"},"geometry":{"type":"LineString","coordinates":[[-78.135852687991232,-0.142788180696262],[-78.135710744440757,-0.142788197268689]]}},
{"type":"Feature","properties":{"capa_cad":"C3D-Eje Horizontal","color":"#FF00FF"},"geometry":{"type":"LineString","coordinates":[[-78.135426098336808,-0.142788230499477],[-78.135283395783489,-0.142788247157828]]}},
{"type":"Feature","properties":{"capa_cad":"C3D-Eje Horizontal","color":"#FF00FF"},"geometry":{"type":"LineString","coordinates":[[-78.13499874978649,-0.14278828038325],[-78.13496155604814,-0.142788284724436]]}},
{"type":"Feature","properties":{"capa_cad":"C3D-Eje Horizontal","color":"#FF00FF"},"geometry":{"type":"LineString","coordinates":[[-78.136920695201766,-0.142911851586763],[-78.13677799246021,-0.142911868238996]]}},
{"type":"Feature","properties":{"capa_cad":"C3D-Eje Horizontal","color":"#FF00FF"},"geometry":{"type":"LineString","coordinates":[[-78.136493346087676,-0.142911901452213],[-78.136351402456526,-0.142911918013207]]}},
{"type":"Feature","properties":{"capa_cad":"C3D-Eje Horizontal","color":"#FF00FF"},"geometry":{"type":"LineString","coordinates":[[-78.136002995436939,-0.142911958659126],[-78.135924053556266,-0.142911967867918]]}},
{"type":"Feature","properties":{"capa_cad":"C3D-Eje Horizontal","color":"#FF00FF"},"geometry":{"type":"LineString","coordinates":[[-78.135639407397392,-0.142912001070406],[-78.135496704816561,-0.142912017714584]]}},
{"type":"Feature","properties":{"capa_cad":"C3D-Eje Horizontal","color":"#FF00FF"},"geometry":{"type":"LineString","coordinates":[[-78.135212058764623,-0.142912050911702],[-78.135070115293345,-0.142912067464651]]}},
{"type":"Feature","properties":{"capa_cad":"C3D-Eje Horizontal","color":"#FF00FF"},"geometry":{"type":"LineString","coordinates":[[-78.136706655429876,-0.143036436322739],[-78.136564711771342,-0.143036452869531]]}},
{"type":"Feature","properties":{"capa_cad":"C3D-Eje Horizontal","color":"#FF00FF"},"geometry":{"type":"LineString","coordinates":[[-78.13585271657486,-0.143036535855481],[-78.135710773022865,-0.143036552396918]]}},
{"type":"Feature","properties":{"capa_cad":"C3D-Eje Horizontal","color":"#FF00FF"},"geometry":{"type":"LineString","coordinates":[[-78.135426126915817,-0.143036585565553],[-78.135283424360964,-0.143036602192743]]}},
{"type":"Feature","properties":{"capa_cad":"C3D-Eje Horizontal","color":"#FF00FF"},"geometry":{"type":"LineString","coordinates":[[-78.136920695201766,-0.142911851586763],[-78.136992032318588,-0.14278804764158]]}},
{"type":"Feature","properties":{"capa_cad":"C3D-Eje Horizontal","color":"#FF00FF"},"geometry":{"type":"LineString","coordinates":[[-78.136707414399027,-0.143035672063954],[-78.13677799246021,-0.142911868238996]]}},
{"type":"Feature","properties":{"capa_cad":"C3D-Eje Horizontal","color":"#FF00FF"},"geometry":{"type":"LineString","coordinates":[[-78.136920666579755,-0.1426634961944],[-78.136974548882193,-0.142570261095664]]}},
{"type":"Feature","properties":{"capa_cad":"C3D-Eje Horizontal","color":"#FF00FF"},"geometry":{"type":"LineString","coordinates":[[-78.136555604933562,-0.143052501505379],[-78.136564711683448,-0.143035688699335]]}},
{"type":"Feature","properties":{"capa_cad":"C3D-Eje Horizontal","color":"#FF00FF"},"geometry":{"type":"LineString","coordinates":[[-78.136707385894042,-0.142788080888453],[-78.136777963839748,-0.142663512877778]]}},
{"type":"Feature","properties":{"capa_cad":"C3D-Eje Horizontal","color":"#FF00FF"},"geometry":{"type":"LineString","coordinates":[[-78.136920637992588,-0.142415904972438],[-78.136935056987539,-0.142389157317485]]}},
{"type":"Feature","properties":{"capa_cad":"C3D-Eje Horizontal","color":"#FF00FF"},"geometry":{"type":"LineString","coordinates":[[-78.136493346087676,-0.142911901452213],[-78.136564683180012,-0.142788097554885]]}},
{"type":"Feature","properties":{"capa_cad":"C3D-Eje Horizontal","color":"#FF00FF"},"geometry":{"type":"LineString","coordinates":[[-78.136707357247701,-0.142539725542625],[-78.136777935254102,-0.142415921686865]]}},
{"type":"Feature","properties":{"capa_cad":"C3D-Eje Horizontal","color":"#FF00FF"},"geometry":{"type":"LineString","coordinates":[[-78.13632863532618,-0.142951657512061],[-78.136351402456526,-0.142911918013207]]}},
{"type":"Feature","properties":{"capa_cad":"C3D-Eje Horizontal","color":"#FF00FF"},"geometry":{"type":"LineString","coordinates":[[-78.136493317470297,-0.142663546153124],[-78.136564654535192,-0.142539742240204]]}},
{"type":"Feature","properties":{"capa_cad":"C3D-Eje Horizontal","color":"#FF00FF"},"geometry":{"type":"LineString","coordinates":[[-78.136707328547843,-0.142291370196763],[-78.136777906526845,-0.142167566325578]]}},
{"type":"Feature","properties":{"capa_cad":"C3D-Eje Horizontal","color":"#FF00FF"},"geometry":{"type":"LineString","coordinates":[[-78.136280036862388,-0.142788130796393],[-78.136351373840682,-0.142663562745102]]}},
{"type":"Feature","properties":{"capa_cad":"C3D-Eje Horizontal","color":"#FF00FF"},"geometry":{"type":"LineString","coordinates":[[-78.136493288887721,-0.142415955024149],[-78.136564625836897,-0.142291386925489]]}},
{"type":"Feature","properties":{"capa_cad":"C3D-Eje Horizontal","color":"#FF00FF"},"geometry":{"type":"LineString","coordinates":[[-78.136707299794523,-0.142043014850866],[-78.136749039515934,-0.141970413766838]]}},
{"type":"Feature","properties":{"capa_cad":"C3D-Eje Horizontal","color":"#FF00FF"},"geometry":{"type":"LineString","coordinates":[[-78.136094076686803,-0.142863805330651],[-78.136138093258594,-0.142788147371479]]}},
{"type":"Feature","properties":{"capa_cad":"C3D-Eje Horizontal","color":"#FF00FF"},"geometry":{"type":"LineString","coordinates":[[-78.136280008220638,-0.142539775543846],[-78.136351345259627,-0.142415971647015]]}},
{"type":"Feature","properties":{"capa_cad":"C3D-Eje Horizontal","color":"#FF00FF"},"geometry":{"type":"LineString","coordinates":[[-78.136493260163533,-0.142167599724991],[-78.136564597085098,-0.142043031610723]]}},
{"type":"Feature","properties":{"capa_cad":"C3D-Eje Horizontal","color":"#FF00FF"},"geometry":{"type":"LineString","coordinates":[[-78.135852716486994,-0.143035771685763],[-78.135924053556266,-0.142911967867918]]}},
{"type":"Feature","properties":{"capa_cad":"C3D-Eje Horizontal","color":"#FF00FF"},"geometry":{"type":"LineString","coordinates":[[-78.136066727577955,-0.142663596015097],[-78.136138064618379,-0.142539792149918]]}},
{"type":"Feature","properties":{"capa_cad":"C3D-Eje Horizontal","color":"#FF00FF"},"geometry":{"type":"LineString","coordinates":[[-78.136279979525412,-0.142291420291264],[-78.136351316536974,-0.142167616378841]]}},
{"type":"Feature","properties":{"capa_cad":"C3D-Eje Horizontal","color":"#FF00FF"},"geometry":{"type":"LineString","coordinates":[[-78.136493231385856,-0.141919244425798],[-78.136526623151084,-0.141861163566613]]}},
{"type":"Feature","properties":{"capa_cad":"C3D-Eje Horizontal","color":"#FF00FF"},"geometry":{"type":"LineString","coordinates":[[-78.135660685227919,-0.143122909398703],[-78.135710772934999,-0.143035788227295]]}},
{"type":"Feature","properties":{"capa_cad":"C3D-Eje Horizontal","color":"#FF00FF"},"geometry":{"type":"LineString","coordinates":[[-78.135852687991232,-0.142788180696262],[-78.135924024945041,-0.142663612693105]]}},
{"type":"Feature","properties":{"capa_cad":"C3D-Eje Horizontal","color":"#FF00FF"},"geometry":{"type":"LineString","coordinates":[[-78.136066698999954,-0.142416004978957],[-78.136138035924674,-0.142291436928322]]}},
{"type":"Feature","properties":{"capa_cad":"C3D-Eje Horizontal","color":"#FF00FF"},"geometry":{"type":"LineString","coordinates":[[-78.136279950776682,-0.142043065038631],[-78.136351287760817,-0.141919261110632]]}},
{"type":"Feature","properties":{"capa_cad":"C3D-Eje Horizontal","color":"#FF00FF"},"geometry":{"type":"LineString","coordinates":[[-78.135639407397392,-0.142912001070406],[-78.135710744440757,-0.142788197268689]]}},
{"type":"Feature","properties":{"capa_cad":"C3D-Eje Horizontal","color":"#FF00FF"},"geometry":{"type":"LineString","coordinates":[[-78.1358526593541,-0.142539825537009],[-78.135923996368589,-0.142416021688023]]}},
{"type":"Feature","properties":{"capa_cad":"C3D-Eje Horizontal","color":"#FF00FF"},"geometry":{"type":"LineString","coordinates":[[-78.136066670280357,-0.14216764977292],[-78.136138007177493,-0.142043081706692]]}},
{"type":"Feature","properties":{"capa_cad":"C3D-Eje Horizontal","color":"#FF00FF"},"geometry":{"type":"LineString","coordinates":[[-78.135426126827966,-0.143035821396122],[-78.135497463872781,-0.142912017626049]]}},
{"type":"Feature","properties":{"capa_cad":"C3D-Eje Horizontal","color":"#FF00FF"},"geometry":{"type":"LineString","coordinates":[[-78.135639378789236,-0.142663645957739],[-78.135710715805175,-0.142539842140427]]}},
{"type":"Feature","properties":{"capa_cad":"C3D-Eje Horizontal","color":"#FF00FF"},"geometry":{"type":"LineString","coordinates":[[-78.135852630663464,-0.142291470377721],[-78.135923967650527,-0.14216766651314]]}},
{"type":"Feature","properties":{"capa_cad":"C3D-Eje Horizontal","color":"#FF00FF"},"geometry":{"type":"LineString","coordinates":[[-78.13606664150727,-0.141919294566849],[-78.136080301778492,-0.141895603694928]]}},
{"type":"Feature","properties":{"capa_cad":"C3D-Eje Horizontal","color":"#FF00FF"},"geometry":{"type":"LineString","coordinates":[[-78.135229542180781,-0.143130601296059],[-78.135283424273112,-0.143035838023407]]}},
{"type":"Feature","properties":{"capa_cad":"C3D-Eje Horizontal","color":"#FF00FF"},"geometry":{"type":"LineString","coordinates":[[-78.135426098336808,-0.142788230499477],[-78.13549743526616,-0.142663662544375]]}},
{"type":"Feature","properties":{"capa_cad":"C3D-Eje Horizontal","color":"#FF00FF"},"geometry":{"type":"LineString","coordinates":[[-78.135639350215854,-0.142416055014613],[-78.135710687116074,-0.14229148701213]]}},
{"type":"Feature","properties":{"capa_cad":"C3D-Eje Horizontal","color":"#FF00FF"},"geometry":{"type":"LineString","coordinates":[[-78.135852601919353,-0.142043115218399],[-78.135923938967579,-0.14192007550799]]}},
{"type":"Feature","properties":{"capa_cad":"C3D-Eje Horizontal","color":"#FF00FF"},"geometry":{"type":"LineString","coordinates":[[-78.135212817820673,-0.142912050823176],[-78.135283395783489,-0.142788247157828]]}},
{"type":"Feature","properties":{"capa_cad":"C3D-Eje Horizontal","color":"#FF00FF"},"geometry":{"type":"LineString","coordinates":[[-78.13542606970428,-0.142539875433366],[-78.135497406694299,-0.142416071632147]]}},
{"type":"Feature","properties":{"capa_cad":"C3D-Eje Horizontal","color":"#FF00FF"},"geometry":{"type":"LineString","coordinates":[[-78.135639321500861,-0.142167699901877],[-78.135710658373483,-0.142043131883781]]}},
{"type":"Feature","properties":{"capa_cad":"C3D-Eje Horizontal","color":"#FF00FF"},"geometry":{"type":"LineString","coordinates":[[-78.135044312577961,-0.142957156455672],[-78.135070115293345,-0.142912067464651]]}},
{"type":"Feature","properties":{"capa_cad":"C3D-Eje Horizontal","color":"#FF00FF"},"geometry":{"type":"LineString","coordinates":[[-78.135212789217121,-0.142663695803659],[-78.13528336715251,-0.142539892122878]]}},
{"type":"Feature","properties":{"capa_cad":"C3D-Eje Horizontal","color":"#FF00FF"},"geometry":{"type":"LineString","coordinates":[[-78.135426041018263,-0.14229152036722],[-78.13549737798084,-0.142167716550404]]}},
{"type":"Feature","properties":{"capa_cad":"C3D-Eje Horizontal","color":"#FF00FF"},"geometry":{"type":"LineString","coordinates":[[-78.13499874978649,-0.14278828038325],[-78.135070086691343,-0.142663712476297]]}},
{"type":"Feature","properties":{"capa_cad":"C3D-Eje Horizontal","color":"#FF00FF"},"geometry":{"type":"LineString","coordinates":[[-78.135212760648329,-0.142416104953396],[-78.135283338468028,-0.142291537087893]]}},
{"type":"Feature","properties":{"capa_cad":"C3D-Eje Horizontal","color":"#FF00FF"},"geometry":{"type":"LineString","coordinates":[[-78.134998721158581,-0.142539925410461],[-78.135070058124086,-0.142416121657101]]}},
{"type":"Feature","properties":{"capa_cad":"C3D-Eje Horizontal","color":"#FF00FF"},"geometry":{"type":"LineString","coordinates":[[-78.135212731937912,-0.142167749933809],[-78.135246882560764,-0.142108140721491]]}},
{"type":"Feature","properties":{"capa_cad":"C3D-Eje Horizontal","color":"#FF00FF"},"geometry":{"type":"LineString","coordinates":[[-78.134998692477154,-0.142291570437637],[-78.135070029415218,-0.142167766668678]]}},
{"type":"Feature","properties":{"capa_cad":"C3D-Eje Horizontal","color":"#FF00FF"},"geometry":{"type":"LineString","coordinates":[[-78.134836258681133,-0.142327505412416],[-78.134856749036331,-0.142291587066718]]}},
{"type":"Feature","properties":{"capa_cad":"C3D-Eje Horizontal","color":"#FF00FF"},"geometry":{"type":"LineString","coordinates":[[-78.136953284073456,-0.142473213933836],[-78.13691987884711,-0.142415140890917]]}},
{"type":"Feature","properties":{"capa_cad":"C3D-Eje Horizontal","color":"#FF00FF"},"geometry":{"type":"LineString","coordinates":[[-78.136777906526845,-0.142167566325578],[-78.136706540737521,-0.142043014940021]]}},
{"type":"Feature","properties":{"capa_cad":"C3D-Eje Horizontal","color":"#FF00FF"},"geometry":{"type":"LineString","coordinates":[[-78.136991273261359,-0.142788047730247],[-78.136919907522582,-0.142663496283149]]}},
{"type":"Feature","properties":{"capa_cad":"C3D-Eje Horizontal","color":"#FF00FF"},"geometry":{"type":"LineString","coordinates":[[-78.136777935165796,-0.142415157516525],[-78.136706569490826,-0.142291370285752]]}},
{"type":"Feature","properties":{"capa_cad":"C3D-Eje Horizontal","color":"#FF00FF"},"geometry":{"type":"LineString","coordinates":[[-78.136564597085098,-0.142043031610723],[-78.136493231385856,-0.141919244425798]]}},
{"type":"Feature","properties":{"capa_cad":"C3D-Eje Horizontal","color":"#FF00FF"},"geometry":{"type":"LineString","coordinates":[[-78.136949545269061,-0.142963047641426],[-78.136919936144579,-0.142911851675346]]}},
{"type":"Feature","properties":{"capa_cad":"C3D-Eje Horizontal","color":"#FF00FF"},"geometry":{"type":"LineString","coordinates":[[-78.136777963839748,-0.142663512877778],[-78.136706598190656,-0.142539725631449]]}},
{"type":"Feature","properties":{"capa_cad":"C3D-Eje Horizontal","color":"#FF00FF"},"geometry":{"type":"LineString","coordinates":[[-78.136564625836897,-0.142291386925489],[-78.136493260163533,-0.142167599724991]]}},
{"type":"Feature","properties":{"capa_cad":"C3D-Eje Horizontal","color":"#FF00FF"},"geometry":{"type":"LineString","coordinates":[[-78.136350528704028,-0.141919261199858],[-78.136315605001656,-0.141858131701435]]}},
{"type":"Feature","properties":{"capa_cad":"C3D-Eje Horizontal","color":"#FF00FF"},"geometry":{"type":"LineString","coordinates":[[-78.13677799246021,-0.142911868238996],[-78.136706626837011,-0.142788080977111]]}},
{"type":"Feature","properties":{"capa_cad":"C3D-Eje Horizontal","color":"#FF00FF"},"geometry":{"type":"LineString","coordinates":[[-78.136564654535192,-0.142539742240204],[-78.136493288799429,-0.142415190854]]}},
{"type":"Feature","properties":{"capa_cad":"C3D-Eje Horizontal","color":"#FF00FF"},"geometry":{"type":"LineString","coordinates":[[-78.136350557480185,-0.142167616467901],[-78.136279950776682,-0.142043065038631]]}},
{"type":"Feature","properties":{"capa_cad":"C3D-Eje Horizontal","color":"#FF00FF"},"geometry":{"type":"LineString","coordinates":[[-78.136726394868049,-0.143070821685882],[-78.136706655341982,-0.143035672152447]]}},
{"type":"Feature","properties":{"capa_cad":"C3D-Eje Horizontal","color":"#FF00FF"},"geometry":{"type":"LineString","coordinates":[[-78.136564683180012,-0.142788097554885],[-78.136493317470297,-0.142663546153124]]}},
{"type":"Feature","properties":{"capa_cad":"C3D-Eje Horizontal","color":"#FF00FF"},"geometry":{"type":"LineString","coordinates":[[-78.136350586114546,-0.142415207565857],[-78.136279979525412,-0.142291420291264]]}},
{"type":"Feature","properties":{"capa_cad":"C3D-Eje Horizontal","color":"#FF00FF"},"geometry":{"type":"LineString","coordinates":[[-78.136137248120846,-0.142043081795828],[-78.13606588245068,-0.141919294656066]]}},
{"type":"Feature","properties":{"capa_cad":"C3D-Eje Horizontal","color":"#FF00FF"},"geometry":{"type":"LineString","coordinates":[[-78.136564711683448,-0.143035688699335],[-78.136493346087676,-0.142911901452213]]}},
{"type":"Feature","properties":{"capa_cad":"C3D-Eje Horizontal","color":"#FF00FF"},"geometry":{"type":"LineString","coordinates":[[-78.136350614783879,-0.142663562833831],[-78.136280008220638,-0.142539775543846]]}},
{"type":"Feature","properties":{"capa_cad":"C3D-Eje Horizontal","color":"#FF00FF"},"geometry":{"type":"LineString","coordinates":[[-78.136137276868041,-0.142291437017293],[-78.136065911223781,-0.142167649861971]]}},
{"type":"Feature","properties":{"capa_cad":"C3D-Eje Horizontal","color":"#FF00FF"},"geometry":{"type":"LineString","coordinates":[[-78.136350643399723,-0.142911918101771],[-78.136280036862388,-0.142788130796393]]}},
{"type":"Feature","properties":{"capa_cad":"C3D-Eje Horizontal","color":"#FF00FF"},"geometry":{"type":"LineString","coordinates":[[-78.136137305561732,-0.142539792238723],[-78.136065939855072,-0.14241524089798]]}},
{"type":"Feature","properties":{"capa_cad":"C3D-Eje Horizontal","color":"#FF00FF"},"geometry":{"type":"LineString","coordinates":[[-78.135923967650527,-0.14216766651314],[-78.135852601919353,-0.142043115218399]]}},
{"type":"Feature","properties":{"capa_cad":"C3D-Eje Horizontal","color":"#FF00FF"},"geometry":{"type":"LineString","coordinates":[[-78.136137334201933,-0.142788147460119],[-78.136065968521336,-0.142663596103817]]}},
{"type":"Feature","properties":{"capa_cad":"C3D-Eje Horizontal","color":"#FF00FF"},"geometry":{"type":"LineString","coordinates":[[-78.135923996280312,-0.142415257518256],[-78.135852630663464,-0.142291470377721]]}},
{"type":"Feature","properties":{"capa_cad":"C3D-Eje Horizontal","color":"#FF00FF"},"geometry":{"type":"LineString","coordinates":[[-78.135710658373483,-0.142043131883781],[-78.135675734787355,-0.141982766584586]]}},
{"type":"Feature","properties":{"capa_cad":"C3D-Eje Horizontal","color":"#FF00FF"},"geometry":{"type":"LineString","coordinates":[[-78.135924024945041,-0.142663612693105],[-78.1358526593541,-0.142539825537009]]}},
{"type":"Feature","properties":{"capa_cad":"C3D-Eje Horizontal","color":"#FF00FF"},"geometry":{"type":"LineString","coordinates":[[-78.135710687116074,-0.14229148701213],[-78.135639321500861,-0.142167699901877]]}},
{"type":"Feature","properties":{"capa_cad":"C3D-Eje Horizontal","color":"#FF00FF"},"geometry":{"type":"LineString","coordinates":[[-78.135924053556266,-0.142911967867918],[-78.135852687991232,-0.142788180696262]]}},
{"type":"Feature","properties":{"capa_cad":"C3D-Eje Horizontal","color":"#FF00FF"},"geometry":{"type":"LineString","coordinates":[[-78.135710715805175,-0.142539842140427],[-78.135639350127576,-0.142415290845038]]}},
{"type":"Feature","properties":{"capa_cad":"C3D-Eje Horizontal","color":"#FF00FF"},"geometry":{"type":"LineString","coordinates":[[-78.13549661892462,-0.142167716639436],[-78.13542828997825,-0.14204775005032]]}},
{"type":"Feature","properties":{"capa_cad":"C3D-Eje Horizontal","color":"#FF00FF"},"geometry":{"type":"LineString","coordinates":[[-78.135867141547351,-0.143061751775848],[-78.135852716486994,-0.143035771685763]]}},
{"type":"Feature","properties":{"capa_cad":"C3D-Eje Horizontal","color":"#FF00FF"},"geometry":{"type":"LineString","coordinates":[[-78.135710744440757,-0.142788197268689],[-78.135639378789236,-0.142663645957739]]}},
{"type":"Feature","properties":{"capa_cad":"C3D-Eje Horizontal","color":"#FF00FF"},"geometry":{"type":"LineString","coordinates":[[-78.135496647549814,-0.142415307551534],[-78.135425281962085,-0.142291520456151]]}},
{"type":"Feature","properties":{"capa_cad":"C3D-Eje Horizontal","color":"#FF00FF"},"geometry":{"type":"LineString","coordinates":[[-78.135710772934999,-0.143035788227295],[-78.135639407397392,-0.142912001070406]]}},
{"type":"Feature","properties":{"capa_cad":"C3D-Eje Horizontal","color":"#FF00FF"},"geometry":{"type":"LineString","coordinates":[[-78.135496676209939,-0.142663662633076],[-78.135425310648117,-0.14253987552213]]}},
{"type":"Feature","properties":{"capa_cad":"C3D-Eje Horizontal","color":"#FF00FF"},"geometry":{"type":"LineString","coordinates":[[-78.135283338468028,-0.142291537087893],[-78.135211972881905,-0.142167750022832]]}},
{"type":"Feature","properties":{"capa_cad":"C3D-Eje Horizontal","color":"#FF00FF"},"geometry":{"type":"LineString","coordinates":[[-78.135496704816561,-0.142912017714584],[-78.135425339280616,-0.142788230588076]]}},
{"type":"Feature","properties":{"capa_cad":"C3D-Eje Horizontal","color":"#FF00FF"},"geometry":{"type":"LineString","coordinates":[[-78.13528336715251,-0.142539892122878],[-78.135212001504044,-0.142415340872964]]}},
{"type":"Feature","properties":{"capa_cad":"C3D-Eje Horizontal","color":"#FF00FF"},"geometry":{"type":"LineString","coordinates":[[-78.135070029415218,-0.142167766668678],[-78.135069270182456,-0.142166238419311]]}},
{"type":"Feature","properties":{"capa_cad":"C3D-Eje Horizontal","color":"#FF00FF"},"geometry":{"type":"LineString","coordinates":[[-78.135484586012012,-0.143138977464632],[-78.135425367771774,-0.143035821484555]]}},
{"type":"Feature","properties":{"capa_cad":"C3D-Eje Horizontal","color":"#FF00FF"},"geometry":{"type":"LineString","coordinates":[[-78.135283395783489,-0.142788247157828],[-78.135212030161085,-0.14266369589235]]}},
{"type":"Feature","properties":{"capa_cad":"C3D-Eje Horizontal","color":"#FF00FF"},"geometry":{"type":"LineString","coordinates":[[-78.135070058035836,-0.142415357487908],[-78.134998692477154,-0.142291570437637]]}},
{"type":"Feature","properties":{"capa_cad":"C3D-Eje Horizontal","color":"#FF00FF"},"geometry":{"type":"LineString","coordinates":[[-78.135283424273112,-0.143035838023407],[-78.135212058764623,-0.142912050911702]]}},
{"type":"Feature","properties":{"capa_cad":"C3D-Eje Horizontal","color":"#FF00FF"},"geometry":{"type":"LineString","coordinates":[[-78.135070086691343,-0.142663712476297],[-78.134998721158581,-0.142539925410461]]}},
{"type":"Feature","properties":{"capa_cad":"C3D-Eje Horizontal","color":"#FF00FF"},"geometry":{"type":"LineString","coordinates":[[-78.134855989980537,-0.14229158715563],[-78.134830176783581,-0.14224574003697]]}},
{"type":"Feature","properties":{"capa_cad":"C3D-Eje Horizontal","color":"#FF00FF"},"geometry":{"type":"LineString","coordinates":[[-78.135070115293345,-0.142912067464651],[-78.13499874978649,-0.14278828038325]]}},
{"type":"Feature","properties":{"capa_cad":"C3D-Eje Horizontal","color":"#FF00FF"},"geometry":{"type":"LineString","coordinates":[[-78.135976138139824,-0.140413126498146],[-78.13602243709029,-0.140383318371448]]}},
{"type":"Feature","properties":{"capa_cad":"C3D-Eje Horizontal","color":"#FF00FF"},"geometry":{"type":"LineString","coordinates":[[-78.13604141206882,-0.140371089397986],[-78.13604141206882,-0.140371089397986]]}},
{"type":"Feature","properties":{"capa_cad":"C3D-Eje Horizontal","color":"#FF00FF"},"geometry":{"type":"LineString","coordinates":[[-78.136060387047507,-0.140358860424083],[-78.136097577948831,-0.140334402565299]]}},
{"type":"Feature","properties":{"capa_cad":"C3D-Eje Horizontal","color":"#FF00FF"},"geometry":{"type":"LineString","coordinates":[[-78.136116552928002,-0.140322173590152],[-78.136116552928002,-0.140322173590152]]}},
{"type":"Feature","properties":{"capa_cad":"C3D-Eje Horizontal","color":"#FF00FF"},"geometry":{"type":"LineString","coordinates":[[-78.136135527907356,-0.140309944614581],[-78.136173477956248,-0.140286250832085]]}},
{"type":"Feature","properties":{"capa_cad":"C3D-Eje Horizontal","color":"#FF00FF"},"geometry":{"type":"LineString","coordinates":[[-78.136192452936086,-0.140274021855256],[-78.136192452936086,-0.140274021855256]]}},
{"type":"Feature","properties":{"capa_cad":"C3D-Eje Horizontal","color":"#FF00FF"},"geometry":{"type":"LineString","coordinates":[[-78.136210668859491,-0.140261792968314],[-78.136248618820019,-0.140237335012538]]}},
{"type":"Feature","properties":{"capa_cad":"C3D-Eje Horizontal","color":"#FF00FF"},"geometry":{"type":"LineString","coordinates":[[-78.136267593800525,-0.140225106034024],[-78.136267593800525,-0.140225106034024]]}},
{"type":"Feature","properties":{"capa_cad":"C3D-Eje Horizontal","color":"#FF00FF"},"geometry":{"type":"LineString","coordinates":[[-78.136286568781202,-0.140212877055085],[-78.136324518743038,-0.140188419095921]]}},
{"type":"Feature","properties":{"capa_cad":"C3D-Eje Horizontal","color":"#FF00FF"},"geometry":{"type":"LineString","coordinates":[[-78.136342734667508,-0.140176190206084],[-78.136342734667508,-0.140176190206084]]}},
{"type":"Feature","properties":{"capa_cad":"C3D-Eje Horizontal","color":"#FF00FF"},"geometry":{"type":"LineString","coordinates":[[-78.136361709648853,-0.140163961225461],[-78.13639965961201,-0.140139503262926]]}},
{"type":"Feature","properties":{"capa_cad":"C3D-Eje Horizontal","color":"#FF00FF"},"geometry":{"type":"LineString","coordinates":[[-78.136418634593852,-0.140127274281032],[-78.136418634593852,-0.140127274281032]]}},
{"type":"Feature","properties":{"capa_cad":"C3D-Eje Horizontal","color":"#FF00FF"},"geometry":{"type":"LineString","coordinates":[[-78.136436850429263,-0.140114281219018],[-78.13647328210044,-0.140088295093699]]}},
{"type":"Feature","properties":{"capa_cad":"C3D-Eje Horizontal","color":"#FF00FF"},"geometry":{"type":"LineString","coordinates":[[-78.136491497846379,-0.140074537860245],[-78.136491497846379,-0.140074537860245]]}},
{"type":"Feature","properties":{"capa_cad":"C3D-Eje Horizontal","color":"#FF00FF"},"geometry":{"type":"LineString","coordinates":[[-78.1365089545356,-0.140060780716807],[-78.136543108587801,-0.140030974008549]]}},
{"type":"Feature","properties":{"capa_cad":"C3D-Eje Horizontal","color":"#FF00FF"},"geometry":{"type":"LineString","coordinates":[[-78.136559046983763,-0.140015688704378],[-78.136559046983763,-0.140015688704378]]}},
{"type":"Feature","properties":{"capa_cad":"C3D-Eje Horizontal","color":"#FF00FF"},"geometry":{"type":"LineString","coordinates":[[-78.13657574443657,-0.140000403309254],[-78.136606861991766,-0.13996830444876]]}},
{"type":"Feature","properties":{"capa_cad":"C3D-Eje Horizontal","color":"#FF00FF"},"geometry":{"type":"LineString","coordinates":[[-78.136622041150929,-0.139951490892885],[-78.136622041150929,-0.139951490892885]]}},
{"type":"Feature","properties":{"capa_cad":"C3D-Eje Horizontal","color":"#FF00FF"},"geometry":{"type":"LineString","coordinates":[[-78.136637220310035,-0.139934677336533],[-78.13666530136733,-0.139900286323938]]}},
{"type":"Feature","properties":{"capa_cad":"C3D-Eje Horizontal","color":"#FF00FF"},"geometry":{"type":"LineString","coordinates":[[-78.136679721289312,-0.13988194451628],[-78.136679721289312,-0.13988194451628]]}},
{"type":"Feature","properties":{"capa_cad":"C3D-Eje Horizontal","color":"#FF00FF"},"geometry":{"type":"LineString","coordinates":[[-78.136692623187287,-0.139864367059632],[-78.136718426712761,-0.139826919634216]]}},
{"type":"Feature","properties":{"capa_cad":"C3D-Eje Horizontal","color":"#FF00FF"},"geometry":{"type":"LineString","coordinates":[[-78.136730569373256,-0.139807813926352],[-78.136730569373256,-0.139807813926352]]}},
{"type":"Feature","properties":{"capa_cad":"C3D-Eje Horizontal","color":"#FF00FF"},"geometry":{"type":"LineString","coordinates":[[-78.136742712033538,-0.139788708218073],[-78.136764720092486,-0.139749732901967]]}},
{"type":"Feature","properties":{"capa_cad":"C3D-Eje Horizontal","color":"#FF00FF"},"geometry":{"type":"LineString","coordinates":[[-78.136775344548056,-0.13972986320352],[-78.136775344548056,-0.13972986320352]]}},
{"type":"Feature","properties":{"capa_cad":"C3D-Eje Horizontal","color":"#FF00FF"},"geometry":{"type":"LineString","coordinates":[[-78.136785209946382,-0.139709993595412],[-78.136804181504957,-0.139668726128154]]}},
{"type":"Feature","properties":{"capa_cad":"C3D-Eje Horizontal","color":"#FF00FF"},"geometry":{"type":"LineString","coordinates":[[-78.136813287755288,-0.13964809243939],[-78.136813287755288,-0.13964809243939]]}},
{"type":"Feature","properties":{"capa_cad":"C3D-Eje Horizontal","color":"#FF00FF"},"geometry":{"type":"LineString","coordinates":[[-78.136821634948276,-0.139627458841045],[-78.13683681103889,-0.139584663484256]]}},
{"type":"Feature","properties":{"capa_cad":"C3D-Eje Horizontal","color":"#FF00FF"},"geometry":{"type":"LineString","coordinates":[[-78.136844399083671,-0.139563265805437],[-78.136844399083671,-0.139563265805437]]}},
{"type":"Feature","properties":{"capa_cad":"C3D-Eje Horizontal","color":"#FF00FF"},"geometry":{"type":"LineString","coordinates":[[-78.136850469014021,-0.139541868307971],[-78.13686260878336,-0.139498309141949]]}},
{"type":"Feature","properties":{"capa_cad":"C3D-Eje Horizontal","color":"#FF00FF"},"geometry":{"type":"LineString","coordinates":[[-78.136867919565276,-0.139476147564241],[-78.136867919565276,-0.139476147564241]]}},
{"type":"Feature","properties":{"capa_cad":"C3D-Eje Horizontal","color":"#FF00FF"},"geometry":{"type":"LineString","coordinates":[[-78.136872471380016,-0.139454750247634],[-78.136880815770695,-0.139410427363966]]}},
{"type":"Feature","properties":{"capa_cad":"C3D-Eje Horizontal","color":"#FF00FF"},"geometry":{"type":"LineString","coordinates":[[-78.136883849289518,-0.139387501887871],[-78.136883849289518,-0.139387501887871]]}},
{"type":"Feature","properties":{"capa_cad":"C3D-Eje Horizontal","color":"#FF00FF"},"geometry":{"type":"LineString","coordinates":[[-78.13688688289821,-0.139365340582068],[-78.136890672852843,-0.139320254072603]]}},
{"type":"Feature","properties":{"capa_cad":"C3D-Eje Horizontal","color":"#FF00FF"},"geometry":{"type":"LineString","coordinates":[[-78.136892947403226,-0.139298092857462],[-78.136892947403226,-0.139298092857462]]}},
{"type":"Feature","properties":{"capa_cad":"C3D-Eje Horizontal","color":"#FF00FF"},"geometry":{"type":"LineString","coordinates":[[-78.136893703748669,-0.139275167653827],[-78.136893698414539,-0.139230081598943]]}},
{"type":"Feature","properties":{"capa_cad":"C3D-Eje Horizontal","color":"#FF00FF"},"geometry":{"type":"LineString","coordinates":[[-78.13689369579204,-0.139207920656718],[-78.13689369579204,-0.139207920656718]]}},
{"type":"Feature","properties":{"capa_cad":"C3D-Eje Horizontal","color":"#FF00FF"},"geometry":{"type":"LineString","coordinates":[[-78.136892934021603,-0.139184995635126],[-78.136889133398739,-0.139139910035742]]}},
{"type":"Feature","properties":{"capa_cad":"C3D-Eje Horizontal","color":"#FF00FF"},"geometry":{"type":"LineString","coordinates":[[-78.136886853603386,-0.139117749366926],[-78.136886853603386,-0.139117749366926]]}},
{"type":"Feature","properties":{"capa_cad":"C3D-Eje Horizontal","color":"#FF00FF"},"geometry":{"type":"LineString","coordinates":[[-78.13688381475059,-0.139095588789326],[-78.136876977896165,-0.139050503555192]]}},
{"type":"Feature","properties":{"capa_cad":"C3D-Eje Horizontal","color":"#FF00FF"},"geometry":{"type":"LineString","coordinates":[[-78.136872420928071,-0.139028343160288],[-78.136872420928071,-0.139028343160288]]}},
{"type":"Feature","properties":{"capa_cad":"C3D-Eje Horizontal","color":"#FF00FF"},"geometry":{"type":"LineString","coordinates":[[-78.136867864050132,-0.139006946935979],[-78.136857231997936,-0.138962626329458]]}},
{"type":"Feature","properties":{"capa_cad":"C3D-Eje Horizontal","color":"#FF00FF"},"geometry":{"type":"LineString","coordinates":[[-78.136850397947853,-0.138941230379347],[-78.136850397947853,-0.138941230379347]]}},
{"type":"Feature","properties":{"capa_cad":"C3D-Eje Horizontal","color":"#FF00FF"},"geometry":{"type":"LineString","coordinates":[[-78.136844322954431,-0.138919834338265],[-78.136829895795529,-0.13887704253056]]}},
{"type":"Feature","properties":{"capa_cad":"C3D-Eje Horizontal","color":"#FF00FF"},"geometry":{"type":"LineString","coordinates":[[-78.136822302687094,-0.13885564667277],[-78.136822302687094,-0.13885564667277]]}},
{"type":"Feature","properties":{"capa_cad":"C3D-Eje Horizontal","color":"#FF00FF"},"geometry":{"type":"LineString","coordinates":[[-78.136813191555035,-0.138835015168192],[-78.136794969290094,-0.138793752160034]]}},
{"type":"Feature","properties":{"capa_cad":"C3D-Eje Horizontal","color":"#FF00FF"},"geometry":{"type":"LineString","coordinates":[[-78.136785099100223,-0.138773120747793],[-78.136785099100223,-0.138773120747793]]}},
{"type":"Feature","properties":{"capa_cad":"C3D-Eje Horizontal","color":"#FF00FF"},"geometry":{"type":"LineString","coordinates":[[-78.136775988057792,-0.138753253414892],[-78.136753970687494,-0.13871351920689]]}},
{"type":"Feature","properties":{"capa_cad":"C3D-Eje Horizontal","color":"#FF00FF"},"geometry":{"type":"LineString","coordinates":[[-78.13674258256431,-0.138694416319471],[-78.13674258256431,-0.138694416319471]]}},
{"type":"Feature","properties":{"capa_cad":"C3D-Eje Horizontal","color":"#FF00FF"},"geometry":{"type":"LineString","coordinates":[[-78.136730435384024,-0.138675313523831],[-78.13670614102297,-0.138637107933738]]}},
{"type":"Feature","properties":{"capa_cad":"C3D-Eje Horizontal","color":"#FF00FF"},"geometry":{"type":"LineString","coordinates":[[-78.136693234876134,-0.138618769401026],[-78.136693234876134,-0.138618769401026]]}},
{"type":"Feature","properties":{"capa_cad":"C3D-Eje Horizontal","color":"#FF00FF"},"geometry":{"type":"LineString","coordinates":[[-78.136679569763118,-0.13860119513045],[-78.136652239445951,-0.138565282420265]]}},
{"type":"Feature","properties":{"capa_cad":"C3D-Eje Horizontal","color":"#FF00FF"},"geometry":{"type":"LineString","coordinates":[[-78.136637056309837,-0.138548472504139],[-78.136637056309837,-0.138548472504139]]}},
{"type":"Feature","properties":{"capa_cad":"C3D-Eje Horizontal","color":"#FF00FF"},"geometry":{"type":"LineString","coordinates":[[-78.136622632230527,-0.138531662496957],[-78.136591506992247,-0.13849880692861]]}},
{"type":"Feature","properties":{"capa_cad":"C3D-Eje Horizontal","color":"#FF00FF"},"geometry":{"type":"LineString","coordinates":[[-78.136575564890137,-0.138482761275961],[-78.136575564890137,-0.138482761275961]]}},
{"type":"Feature","properties":{"capa_cad":"C3D-Eje Horizontal","color":"#FF00FF"},"geometry":{"type":"LineString","coordinates":[[-78.136559622878977,-0.138467479793946],[-78.136526220743249,-0.138436917014277]]}},
{"type":"Feature","properties":{"capa_cad":"C3D-Eje Horizontal","color":"#FF00FF"},"geometry":{"type":"LineString","coordinates":[[-78.13650876070966,-0.138422399886823],[-78.13650876070966,-0.138422399886823]]}},
{"type":"Feature","properties":{"capa_cad":"C3D-Eje Horizontal","color":"#FF00FF"},"geometry":{"type":"LineString","coordinates":[[-78.136491300767133,-0.138408646929951],[-78.136455621825718,-0.138381141109007]]}},
{"type":"Feature","properties":{"capa_cad":"C3D-Eje Horizontal","color":"#FF00FF"},"geometry":{"type":"LineString","coordinates":[[-78.136437402917835,-0.138368152415082],[-78.136437402917835,-0.138368152415082]]}},
{"type":"Feature","properties":{"capa_cad":"C3D-Eje Horizontal","color":"#FF00FF"},"geometry":{"type":"LineString","coordinates":[[-78.136418425044425,-0.138355927983266],[-78.136380469389195,-0.138332243290868]]}},
{"type":"Feature","properties":{"capa_cad":"C3D-Eje Horizontal","color":"#FF00FF"},"geometry":{"type":"LineString","coordinates":[[-78.136361491607403,-0.138320783030278],[-78.136361491607403,-0.138320783030278]]}},
{"type":"Feature","properties":{"capa_cad":"C3D-Eje Horizontal","color":"#FF00FF"},"geometry":{"type":"LineString","coordinates":[[-78.136341754769191,-0.138309322861672],[-78.136301522309978,-0.138288695127351]]}},
{"type":"Feature","properties":{"capa_cad":"C3D-Eje Horizontal","color":"#FF00FF"},"geometry":{"type":"LineString","coordinates":[[-78.136281026689048,-0.138279527561534],[-78.136281026689048,-0.138279527561534]]}},
{"type":"Feature","properties":{"capa_cad":"C3D-Eje Horizontal","color":"#FF00FF"},"geometry":{"type":"LineString","coordinates":[[-78.136261290125006,-0.138270359904388],[-78.136219540010188,-0.13825355320594]]}},
{"type":"Feature","properties":{"capa_cad":"C3D-Eje Horizontal","color":"#FF00FF"},"geometry":{"type":"LineString","coordinates":[[-78.13619828542501,-0.13824514990297],[-78.13619828542501,-0.13824514990297]]}},
{"type":"Feature","properties":{"capa_cad":"C3D-Eje Horizontal","color":"#FF00FF"},"geometry":{"type":"LineString","coordinates":[[-78.136177789987784,-0.138237510678573],[-78.136135280910224,-0.138221468243996]]}},
{"type":"Feature","properties":{"capa_cad":"C3D-Eje Horizontal","color":"#FF00FF"},"geometry":{"type":"LineString","coordinates":[[-78.13611402641753,-0.138213829112085],[-78.13611402641753,-0.138213829112085]]}},
{"type":"Feature","properties":{"capa_cad":"C3D-Eje Horizontal","color":"#FF00FF"},"geometry":{"type":"LineString","coordinates":[[-78.136093530981654,-0.138206189888744],[-78.136051021998028,-0.138190911626227]]}},
{"type":"Feature","properties":{"capa_cad":"C3D-Eje Horizontal","color":"#FF00FF"},"geometry":{"type":"LineString","coordinates":[[-78.136030526472084,-0.138182508233827],[-78.136030526472084,-0.138182508233827]]}},
{"type":"Feature","properties":{"capa_cad":"C3D-Eje Horizontal","color":"#FF00FF"},"geometry":{"type":"LineString","coordinates":[[-78.136009271981152,-0.138174869103252],[-78.135966763000354,-0.138159590842884]]}},
{"type":"Feature","properties":{"capa_cad":"C3D-Eje Horizontal","color":"#FF00FF"},"geometry":{"type":"LineString","coordinates":[[-78.135946267566865,-0.138151951621381],[-78.135946267566865,-0.138151951621381]]}},
{"type":"Feature","properties":{"capa_cad":"C3D-Eje Horizontal","color":"#FF00FF"},"geometry":{"type":"LineString","coordinates":[[-78.135925012986249,-0.138143548322098],[-78.135883263064628,-0.138128269972139]]}},
{"type":"Feature","properties":{"capa_cad":"C3D-Eje Horizontal","color":"#FF00FF"},"geometry":{"type":"LineString","coordinates":[[-78.135862008576169,-0.138120630843433],[-78.135862008576169,-0.138120630843433]]}},
{"type":"Feature","properties":{"capa_cad":"C3D-Eje Horizontal","color":"#FF00FF"},"geometry":{"type":"LineString","coordinates":[[-78.135840753996959,-0.138112227545281],[-78.135799004078123,-0.138096949197453]]}},
{"type":"Feature","properties":{"capa_cad":"C3D-Eje Horizontal","color":"#FF00FF"},"geometry":{"type":"LineString","coordinates":[[-78.135777749591099,-0.138089310069822],[-78.135777749591099,-0.138089310069822]]}},
{"type":"Feature","properties":{"capa_cad":"C3D-Eje Horizontal","color":"#FF00FF"},"geometry":{"type":"LineString","coordinates":[[-78.135756495104431,-0.138081670942457],[-78.135714745097232,-0.138065628427105]]}},
{"type":"Feature","properties":{"capa_cad":"C3D-Eje Horizontal","color":"#FF00FF"},"geometry":{"type":"LineString","coordinates":[[-78.135693490611629,-0.138057989300549],[-78.135693490611629,-0.138057989300549]]}},
{"type":"Feature","properties":{"capa_cad":"C3D-Eje Horizontal","color":"#FF00FF"},"geometry":{"type":"LineString","coordinates":[[-78.135672995182574,-0.138050350082474],[-78.135630486121954,-0.138034307661096]]}},
{"type":"Feature","properties":{"capa_cad":"C3D-Eje Horizontal","color":"#FF00FF"},"geometry":{"type":"LineString","coordinates":[[-78.135609231637758,-0.138026668535615],[-78.135609231637758,-0.138026668535615]]}},
{"type":"Feature","properties":{"capa_cad":"C3D-Eje Horizontal","color":"#FF00FF"},"geometry":{"type":"LineString","coordinates":[[-78.135588736210082,-0.138019029318596],[-78.135546227243481,-0.138003751068939]]}},
{"type":"Feature","properties":{"capa_cad":"C3D-Eje Horizontal","color":"#FF00FF"},"geometry":{"type":"LineString","coordinates":[[-78.135525731725608,-0.137995347683201],[-78.135525731725608,-0.137995347683201]]}},
{"type":"Feature","properties":{"capa_cad":"C3D-Eje Horizontal","color":"#FF00FF"},"geometry":{"type":"LineString","coordinates":[[-78.135504477243202,-0.13798770855904],[-78.135461968279444,-0.13797243031155]]}},
{"type":"Feature","properties":{"capa_cad":"C3D-Eje Horizontal","color":"#FF00FF"},"geometry":{"type":"LineString","coordinates":[[-78.135441472762935,-0.137964026926925],[-78.135441472762935,-0.137964026926925]]}},
{"type":"Feature","properties":{"capa_cad":"C3D-Eje Horizontal","color":"#FF00FF"},"geometry":{"type":"LineString","coordinates":[[-78.135420218281936,-0.137956387803839],[-78.135378468377013,-0.13794110946665]]}},
{"type":"Feature","properties":{"capa_cad":"C3D-Eje Horizontal","color":"#FF00FF"},"geometry":{"type":"LineString","coordinates":[[-78.13535721389708,-0.137933470344375],[-78.13535721389708,-0.137933470344375]]}},
{"type":"Feature","properties":{"capa_cad":"C3D-Eje Horizontal","color":"#FF00FF"},"geometry":{"type":"LineString","coordinates":[[-78.13533595932627,-0.137925067052976],[-78.135294209424131,-0.13790978871792]]}},
{"type":"Feature","properties":{"capa_cad":"C3D-Eje Horizontal","color":"#FF00FF"},"geometry":{"type":"LineString","coordinates":[[-78.135272954945634,-0.137902149596704],[-78.135272954945634,-0.137902149596704]]}},
{"type":"Feature","properties":{"capa_cad":"C3D-Eje Horizontal","color":"#FF00FF"},"geometry":{"type":"LineString","coordinates":[[-78.135251700467492,-0.13789451047577],[-78.135209950476877,-0.137878467973529]]}},
{"type":"Feature","properties":{"capa_cad":"C3D-Eje Horizontal","color":"#FF00FF"},"geometry":{"type":"LineString","coordinates":[[-78.135188695999787,-0.137870828853388],[-78.135188695999787,-0.137870828853388]]}},
{"type":"Feature","properties":{"capa_cad":"C3D-Eje Horizontal","color":"#FF00FF"},"geometry":{"type":"LineString","coordinates":[[-78.135168200578917,-0.137863189641636],[-78.135116582500274,-0.137844091659326]]}},
{"type":"Feature","properties":{"capa_cad":"C3D-Eje Horizontal","color":"#FF00FF"},"geometry":{"type":"LineString","coordinates":[[-78.136980991967405,-0.139246882880548],[-78.136933171370828,-0.139246888615051]]}},
{"type":"Feature","properties":{"capa_cad":"C3D-Eje Horizontal","color":"#FF00FF"},"geometry":{"type":"LineString","coordinates":[[-78.136911158715932,-0.139246891254715],[-78.136911158715932,-0.139246891254715]]}},
{"type":"Feature","properties":{"capa_cad":"C3D-Eje Horizontal","color":"#FF00FF"},"geometry":{"type":"LineString","coordinates":[[-78.136888387004433,-0.139246893985385],[-78.1368436026398,-0.139246899355615]]}},
{"type":"Feature","properties":{"capa_cad":"C3D-Eje Horizontal","color":"#FF00FF"},"geometry":{"type":"LineString","coordinates":[[-78.136821589986653,-0.139246901995194],[-78.136821589986653,-0.139246901995194]]}},
{"type":"Feature","properties":{"capa_cad":"C3D-Eje Horizontal","color":"#FF00FF"},"geometry":{"type":"LineString","coordinates":[[-78.13679881827693,-0.139246904725775],[-78.136754033915821,-0.139246910095833]]}},
{"type":"Feature","properties":{"capa_cad":"C3D-Eje Horizontal","color":"#FF00FF"},"geometry":{"type":"LineString","coordinates":[[-78.136731262207462,-0.139246912826349],[-78.136731262207462,-0.139246912826349]]}},
{"type":"Feature","properties":{"capa_cad":"C3D-Eje Horizontal","color":"#FF00FF"},"geometry":{"type":"LineString","coordinates":[[-78.136709249556475,-0.139246915465821],[-78.136664465198876,-0.139246920835706]]}},
{"type":"Feature","properties":{"capa_cad":"C3D-Eje Horizontal","color":"#FF00FF"},"geometry":{"type":"LineString","coordinates":[[-78.136641693492322,-0.139246923566134],[-78.136641693492322,-0.139246923566134]]}},
{"type":"Feature","properties":{"capa_cad":"C3D-Eje Horizontal","color":"#FF00FF"},"geometry":{"type":"LineString","coordinates":[[-78.136619680843054,-0.139246926205522],[-78.136574896489009,-0.139246931575234]]}},
{"type":"Feature","properties":{"capa_cad":"C3D-Eje Horizontal","color":"#FF00FF"},"geometry":{"type":"LineString","coordinates":[[-78.136552124784231,-0.139246934305574],[-78.136552124784231,-0.139246934305574]]}},
{"type":"Feature","properties":{"capa_cad":"C3D-Eje Horizontal","color":"#FF00FF"},"geometry":{"type":"LineString","coordinates":[[-78.136530112136711,-0.139246936944861],[-78.136485327786176,-0.139246942314417]]}},
{"type":"Feature","properties":{"capa_cad":"C3D-Eje Horizontal","color":"#FF00FF"},"geometry":{"type":"LineString","coordinates":[[-78.136462556083202,-0.13924694504467],[-78.136462556083202,-0.13924694504467]]}},
{"type":"Feature","properties":{"capa_cad":"C3D-Eje Horizontal","color":"#FF00FF"},"geometry":{"type":"LineString","coordinates":[[-78.136440543437402,-0.139246947683871],[-78.136395000033687,-0.139246953144265]]}},
{"type":"Feature","properties":{"capa_cad":"C3D-Eje Horizontal","color":"#FF00FF"},"geometry":{"type":"LineString","coordinates":[[-78.136372987389208,-0.13924695578342],[-78.136372987389208,-0.13924695578342]]}},
{"type":"Feature","properties":{"capa_cad":"C3D-Eje Horizontal","color":"#FF00FF"},"geometry":{"type":"LineString","coordinates":[[-78.136350215688466,-0.139246958513545],[-78.136305431345008,-0.139246963882755]]}},
{"type":"Feature","properties":{"capa_cad":"C3D-Eje Horizontal","color":"#FF00FF"},"geometry":{"type":"LineString","coordinates":[[-78.136283418702277,-0.139246966521808],[-78.136283418702277,-0.139246966521808]]}},
{"type":"Feature","properties":{"capa_cad":"C3D-Eje Horizontal","color":"#FF00FF"},"geometry":{"type":"LineString","coordinates":[[-78.136260647003326,-0.139246969251862],[-78.136215862663391,-0.1392469746209]]}},
{"type":"Feature","properties":{"capa_cad":"C3D-Eje Horizontal","color":"#FF00FF"},"geometry":{"type":"LineString","coordinates":[[-78.13619385002238,-0.139246977259867],[-78.13619385002238,-0.139246977259867]]}},
{"type":"Feature","properties":{"capa_cad":"C3D-Eje Horizontal","color":"#FF00FF"},"geometry":{"type":"LineString","coordinates":[[-78.136171078325233,-0.139246979989834],[-78.136126293988838,-0.139246985358699]]}},
{"type":"Feature","properties":{"capa_cad":"C3D-Eje Horizontal","color":"#FF00FF"},"geometry":{"type":"LineString","coordinates":[[-78.136104281349546,-0.139246987997582],[-78.136104281349546,-0.139246987997582]]}},
{"type":"Feature","properties":{"capa_cad":"C3D-Eje Horizontal","color":"#FF00FF"},"geometry":{"type":"LineString","coordinates":[[-78.13608150965419,-0.139246990727461],[-78.136036725321318,-0.139246996096136]]}},
{"type":"Feature","properties":{"capa_cad":"C3D-Eje Horizontal","color":"#FF00FF"},"geometry":{"type":"LineString","coordinates":[[-78.136013953627312,-0.139246998825949],[-78.136013953627312,-0.139246998825949]]}},
{"type":"Feature","properties":{"capa_cad":"C3D-Eje Horizontal","color":"#FF00FF"},"geometry":{"type":"LineString","coordinates":[[-78.135991940990209,-0.139247001464742],[-78.135947156660862,-0.139247006833245]]}},
{"type":"Feature","properties":{"capa_cad":"C3D-Eje Horizontal","color":"#FF00FF"},"geometry":{"type":"LineString","coordinates":[[-78.135924384968646,-0.13924700956297],[-78.135924384968646,-0.13924700956297]]}},
{"type":"Feature","properties":{"capa_cad":"C3D-Eje Horizontal","color":"#FF00FF"},"geometry":{"type":"LineString","coordinates":[[-78.135902372333263,-0.139247012201679],[-78.135857588007454,-0.139247017570009]]}},
{"type":"Feature","properties":{"capa_cad":"C3D-Eje Horizontal","color":"#FF00FF"},"geometry":{"type":"LineString","coordinates":[[-78.135834816317029,-0.139247020299647],[-78.135834816317029,-0.139247020299647]]}},
{"type":"Feature","properties":{"capa_cad":"C3D-Eje Horizontal","color":"#FF00FF"},"geometry":{"type":"LineString","coordinates":[[-78.135812803683393,-0.13924702293827],[-78.135768019361095,-0.139247028306428]]}},
{"type":"Feature","properties":{"capa_cad":"C3D-Eje Horizontal","color":"#FF00FF"},"geometry":{"type":"LineString","coordinates":[[-78.135745247672475,-0.139247031035978],[-78.135745247672475,-0.139247031035978]]}},
{"type":"Feature","properties":{"capa_cad":"C3D-Eje Horizontal","color":"#FF00FF"},"geometry":{"type":"LineString","coordinates":[[-78.135723235040558,-0.139247033674516],[-78.135678450721798,-0.139247039042502]]}},
{"type":"Feature","properties":{"capa_cad":"C3D-Eje Horizontal","color":"#FF00FF"},"geometry":{"type":"LineString","coordinates":[[-78.135655679034954,-0.139247041771964],[-78.135655679034954,-0.139247041771964]]}},
{"type":"Feature","properties":{"capa_cad":"C3D-Eje Horizontal","color":"#FF00FF"},"geometry":{"type":"LineString","coordinates":[[-78.13563290734858,-0.139247044501403],[-78.135588123033372,-0.139247049869214]]}},
{"type":"Feature","properties":{"capa_cad":"C3D-Eje Horizontal","color":"#FF00FF"},"geometry":{"type":"LineString","coordinates":[[-78.135566110404497,-0.139247052507604],[-78.135566110404497,-0.139247052507604]]}},
{"type":"Feature","properties":{"capa_cad":"C3D-Eje Horizontal","color":"#FF00FF"},"geometry":{"type":"LineString","coordinates":[[-78.135543338719913,-0.139247055236939],[-78.135498554408215,-0.139247060604595]]}},
{"type":"Feature","properties":{"capa_cad":"C3D-Eje Horizontal","color":"#FF00FF"},"geometry":{"type":"LineString","coordinates":[[-78.135476541781088,-0.1392470632429],[-78.135476541781088,-0.1392470632429]]}},
{"type":"Feature","properties":{"capa_cad":"C3D-Eje Horizontal","color":"#FF00FF"},"geometry":{"type":"LineString","coordinates":[[-78.135453770098295,-0.139247065972147],[-78.135408985790136,-0.13924707133963]]}},
{"type":"Feature","properties":{"capa_cad":"C3D-Eje Horizontal","color":"#FF00FF"},"geometry":{"type":"LineString","coordinates":[[-78.135386973164742,-0.13924707397785],[-78.135386973164742,-0.13924707397785]]}},
{"type":"Feature","properties":{"capa_cad":"C3D-Eje Horizontal","color":"#FF00FF"},"geometry":{"type":"LineString","coordinates":[[-78.135364201483739,-0.13924707670701],[-78.135319417179105,-0.13924708207432]]}},
{"type":"Feature","properties":{"capa_cad":"C3D-Eje Horizontal","color":"#FF00FF"},"geometry":{"type":"LineString","coordinates":[[-78.135297404555445,-0.139247084712456],[-78.135297404555445,-0.139247084712456]]}},
{"type":"Feature","properties":{"capa_cad":"C3D-Eje Horizontal","color":"#FF00FF"},"geometry":{"type":"LineString","coordinates":[[-78.135274632876232,-0.139247087441527],[-78.135229848575136,-0.139247092808665]]}},
{"type":"Feature","properties":{"capa_cad":"C3D-Eje Horizontal","color":"#FF00FF"},"geometry":{"type":"LineString","coordinates":[[-78.135207076897274,-0.13924709553767],[-78.135207076897274,-0.13924709553767]]}},
{"type":"Feature","properties":{"capa_cad":"C3D-Eje Horizontal","color":"#FF00FF"},"geometry":{"type":"LineString","coordinates":[[-78.135185064275788,-0.1392470981757],[-78.135140279978202,-0.139247103542665]]}},
{"type":"Feature","properties":{"capa_cad":"C3D-Eje Horizontal","color":"#FF00FF"},"geometry":{"type":"LineString","coordinates":[[-78.135117508302145,-0.139247106271582],[-78.135117508302145,-0.139247106271582]]}},
{"type":"Feature","properties":{"capa_cad":"C3D-Eje Horizontal","color":"#FF00FF"},"geometry":{"type":"LineString","coordinates":[[-78.135095495682393,-0.139247108909527],[-78.135050711388331,-0.139247114276319]]}},
{"type":"Feature","properties":{"capa_cad":"C3D-Eje Horizontal","color":"#FF00FF"},"geometry":{"type":"LineString","coordinates":[[-78.135027939714064,-0.139247117005149],[-78.135027939714064,-0.139247117005149]]}},
{"type":"Feature","properties":{"capa_cad":"C3D-Eje Horizontal","color":"#FF00FF"},"geometry":{"type":"LineString","coordinates":[[-78.135005927096046,-0.139247119643009],[-78.134961142805523,-0.139247125009629]]}},
{"type":"Feature","properties":{"capa_cad":"C3D-Eje Horizontal","color":"#FF00FF"},"geometry":{"type":"LineString","coordinates":[[-78.13493837113306,-0.139247127738371],[-78.13493837113306,-0.139247127738371]]}},
{"type":"Feature","properties":{"capa_cad":"C3D-Eje Horizontal","color":"#FF00FF"},"geometry":{"type":"LineString","coordinates":[[-78.134915599461038,-0.139247130467108],[-78.134870815174068,-0.139247135833537]]}},
{"type":"Feature","properties":{"capa_cad":"C3D-Eje Horizontal","color":"#FF00FF"},"geometry":{"type":"LineString","coordinates":[[-78.134848802559091,-0.139247138471248],[-78.134848802559091,-0.139247138471248]]}},
{"type":"Feature","properties":{"capa_cad":"C3D-Eje Horizontal","color":"#FF00FF"},"geometry":{"type":"LineString","coordinates":[[-78.13482603088886,-0.139247141199897],[-78.134781246605428,-0.139247146566153]]}},
{"type":"Feature","properties":{"capa_cad":"C3D-Eje Horizontal","color":"#FF00FF"},"geometry":{"type":"LineString","coordinates":[[-78.13475923399217,-0.139247149203779],[-78.13475923399217,-0.139247149203779]]}},
{"type":"Feature","properties":{"capa_cad":"C3D-Eje Horizontal","color":"#FF00FF"},"geometry":{"type":"LineString","coordinates":[[-78.134736462323744,-0.13924715193234],[-78.134691678043822,-0.139247157298424]]}},
{"type":"Feature","properties":{"capa_cad":"C3D-Eje Horizontal","color":"#FF00FF"},"geometry":{"type":"LineString","coordinates":[[-78.134669665432313,-0.139247159935965],[-78.134669665432313,-0.139247159935965]]}},
{"type":"Feature","properties":{"capa_cad":"C3D-Eje Horizontal","color":"#FF00FF"},"geometry":{"type":"LineString","coordinates":[[-78.134646893765691,-0.139247162664439],[-78.134602109489308,-0.13924716803035]]}},
{"type":"Feature","properties":{"capa_cad":"C3D-Eje Horizontal","color":"#FF00FF"},"geometry":{"type":"LineString","coordinates":[[-78.134580096879517,-0.139247170667806],[-78.134580096879517,-0.139247170667806]]}},
{"type":"Feature","properties":{"capa_cad":"C3D-Eje Horizontal","color":"#FF00FF"},"geometry":{"type":"LineString","coordinates":[[-78.134557325214672,-0.139247173396192],[-78.134512540941827,-0.139247178761931]]}},
{"type":"Feature","properties":{"capa_cad":"C3D-Eje Horizontal","color":"#FF00FF"},"geometry":{"type":"LineString","coordinates":[[-78.134489769278332,-0.139247181490251],[-78.134489769278332,-0.139247181490251]]}},
{"type":"Feature","properties":{"capa_cad":"C3D-Eje Horizontal","color":"#FF00FF"},"geometry":{"type":"LineString","coordinates":[[-78.134467756670716,-0.1392471841276],[-78.134422972401396,-0.139247189493167]]}},
{"type":"Feature","properties":{"capa_cad":"C3D-Eje Horizontal","color":"#FF00FF"},"geometry":{"type":"LineString","coordinates":[[-78.134400200739691,-0.139247192221399],[-78.134400200739691,-0.139247192221399]]}},
{"type":"Feature","properties":{"capa_cad":"C3D-Eje Horizontal","color":"#FF00FF"},"geometry":{"type":"LineString","coordinates":[[-78.134378188133823,-0.139247194858663],[-78.134333403868027,-0.139247200224057]]}},
{"type":"Feature","properties":{"capa_cad":"C3D-Eje Horizontal","color":"#FF00FF"},"geometry":{"type":"LineString","coordinates":[[-78.134310632208127,-0.139247202952201],[-78.134310632208127,-0.139247202952201]]}},
{"type":"Feature","properties":{"capa_cad":"C3D-Eje Horizontal","color":"#FF00FF"},"geometry":{"type":"LineString","coordinates":[[-78.134288619603993,-0.139247205589381],[-78.134243835341721,-0.139247210954603]]}},
{"type":"Feature","properties":{"capa_cad":"C3D-Eje Horizontal","color":"#FF00FF"},"geometry":{"type":"LineString","coordinates":[[-78.134221063683611,-0.139247213682659],[-78.134221063683611,-0.139247213682659]]}},
{"type":"Feature","properties":{"capa_cad":"C3D-Eje Horizontal","color":"#FF00FF"},"geometry":{"type":"LineString","coordinates":[[-78.134199051081211,-0.139247216319754],[-78.134153507767238,-0.13924722177574]]}},
{"type":"Feature","properties":{"capa_cad":"C3D-Eje Horizontal","color":"#FF00FF"},"geometry":{"type":"LineString","coordinates":[[-78.134131495166145,-0.139247224412771],[-78.134131495166145,-0.139247224412771]]}},
{"type":"Feature","properties":{"capa_cad":"C3D-Eje Horizontal","color":"#FF00FF"},"geometry":{"type":"LineString","coordinates":[[-78.13410872351028,-0.139247227140701],[-78.134063939255114,-0.139247232505592]]}},
{"type":"Feature","properties":{"capa_cad":"C3D-Eje Horizontal","color":"#FF00FF"},"geometry":{"type":"LineString","coordinates":[[-78.13404192665574,-0.139247235142539],[-78.13404192665574,-0.139247235142539]]}},
{"type":"Feature","properties":{"capa_cad":"C3D-Eje Horizontal","color":"#FF00FF"},"geometry":{"type":"LineString","coordinates":[[-78.134019155001681,-0.13924723787038],[-78.133974370750025,-0.139247243235099]]}},
{"type":"Feature","properties":{"capa_cad":"C3D-Eje Horizontal","color":"#FF00FF"},"geometry":{"type":"LineString","coordinates":[[-78.133952358152399,-0.139247245871961],[-78.133952358152399,-0.139247245871961]]}},
{"type":"Feature","properties":{"capa_cad":"C3D-Eje Horizontal","color":"#FF00FF"},"geometry":{"type":"LineString","coordinates":[[-78.13392958650013,-0.139247248599715],[-78.133884802251998,-0.139247253964261]]}},
{"type":"Feature","properties":{"capa_cad":"C3D-Eje Horizontal","color":"#FF00FF"},"geometry":{"type":"LineString","coordinates":[[-78.133862789656092,-0.139247256601038],[-78.133862789656092,-0.139247256601038]]}},
{"type":"Feature","properties":{"capa_cad":"C3D-Eje Horizontal","color":"#FF00FF"},"geometry":{"type":"LineString","coordinates":[[-78.133840018005628,-0.139247259328704],[-78.133795233761035,-0.139247264693078]]}},
{"type":"Feature","properties":{"capa_cad":"C3D-Eje Horizontal","color":"#FF00FF"},"geometry":{"type":"LineString","coordinates":[[-78.133772462111907,-0.139247267420678],[-78.133772462111907,-0.139247267420678]]}},
{"type":"Feature","properties":{"capa_cad":"C3D-Eje Horizontal","color":"#FF00FF"},"geometry":{"type":"LineString","coordinates":[[-78.133750449518189,-0.139247270057348],[-78.13370566527712,-0.139247275421549]]}},
{"type":"Feature","properties":{"capa_cad":"C3D-Eje Horizontal","color":"#FF00FF"},"geometry":{"type":"LineString","coordinates":[[-78.133682893629796,-0.139247278149061],[-78.133682893629796,-0.139247278149061]]}},
{"type":"Feature","properties":{"capa_cad":"C3D-Eje Horizontal","color":"#FF00FF"},"geometry":{"type":"LineString","coordinates":[[-78.133660881037812,-0.139247280785647],[-78.133616096800267,-0.139247286149675]]}},
{"type":"Feature","properties":{"capa_cad":"C3D-Eje Horizontal","color":"#FF00FF"},"geometry":{"type":"LineString","coordinates":[[-78.133593325154735,-0.1392472888771],[-78.133593325154735,-0.1392472888771]]}},
{"type":"Feature","properties":{"capa_cad":"C3D-Eje Horizontal","color":"#FF00FF"},"geometry":{"type":"LineString","coordinates":[[-78.133571312564484,-0.139247291513601],[-78.133526528330478,-0.139247296877457]]}},
{"type":"Feature","properties":{"capa_cad":"C3D-Eje Horizontal","color":"#FF00FF"},"geometry":{"type":"LineString","coordinates":[[-78.133503756686736,-0.139247299604793],[-78.133503756686736,-0.139247299604793]]}},
{"type":"Feature","properties":{"capa_cad":"C3D-Eje Horizontal","color":"#FF00FF"},"geometry":{"type":"LineString","coordinates":[[-78.133481744098219,-0.139247302241209],[-78.133436200812994,-0.13924730769579]]}},
{"type":"Feature","properties":{"capa_cad":"C3D-Eje Horizontal","color":"#FF00FF"},"geometry":{"type":"LineString","coordinates":[[-78.133414188225785,-0.139247310332142],[-78.133414188225785,-0.139247310332142]]}},
{"type":"Feature","properties":{"capa_cad":"C3D-Eje Horizontal","color":"#FF00FF"},"geometry":{"type":"LineString","coordinates":[[-78.133391416584303,-0.139247313059385],[-78.133346632357387,-0.139247318422878]]}},
{"type":"Feature","properties":{"capa_cad":"C3D-Eje Horizontal","color":"#FF00FF"},"geometry":{"type":"LineString","coordinates":[[-78.133324619771912,-0.139247321059145],[-78.133324619771912,-0.139247321059145]]}},
{"type":"Feature","properties":{"capa_cad":"C3D-Eje Horizontal","color":"#FF00FF"},"geometry":{"type":"LineString","coordinates":[[-78.13330184813222,-0.139247323786301],[-78.133257063908829,-0.13924732914962]]}},
{"type":"Feature","properties":{"capa_cad":"C3D-Eje Horizontal","color":"#FF00FF"},"geometry":{"type":"LineString","coordinates":[[-78.133235051325087,-0.139247331785803],[-78.133235051325087,-0.139247331785803]]}},
{"type":"Feature","properties":{"capa_cad":"C3D-Eje Horizontal","color":"#FF00FF"},"geometry":{"type":"LineString","coordinates":[[-78.133212279687186,-0.139247334512871],[-78.133167495467319,-0.139247339876018]]}},
{"type":"Feature","properties":{"capa_cad":"C3D-Eje Horizontal","color":"#FF00FF"},"geometry":{"type":"LineString","coordinates":[[-78.133145482885311,-0.139247342512116],[-78.133145482885311,-0.139247342512116]]}},
{"type":"Feature","properties":{"capa_cad":"C3D-Eje Horizontal","color":"#FF00FF"},"geometry":{"type":"LineString","coordinates":[[-78.133122711249214,-0.139247345239096],[-78.133077927032886,-0.139247350602071]]}},
{"type":"Feature","properties":{"capa_cad":"C3D-Eje Horizontal","color":"#FF00FF"},"geometry":{"type":"LineString","coordinates":[[-78.133055155398125,-0.139247353328985],[-78.133055155398125,-0.139247353328985]]}},
{"type":"Feature","properties":{"capa_cad":"C3D-Eje Horizontal","color":"#FF00FF"},"geometry":{"type":"LineString","coordinates":[[-78.133033142818306,-0.139247355964976],[-78.132988358605502,-0.139247361327778]]}},
{"type":"Feature","properties":{"capa_cad":"C3D-Eje Horizontal","color":"#FF00FF"},"geometry":{"type":"LineString","coordinates":[[-78.132965586972546,-0.139247364054604],[-78.132965586972546,-0.139247364054604]]}},
{"type":"Feature","properties":{"capa_cad":"C3D-Eje Horizontal","color":"#FF00FF"},"geometry":{"type":"LineString","coordinates":[[-78.13294357439446,-0.139247366690494],[-78.132898790185166,-0.13924737205314]]}},
{"type":"Feature","properties":{"capa_cad":"C3D-Eje Horizontal","color":"#FF00FF"},"geometry":{"type":"LineString","coordinates":[[-78.132876018554015,-0.139247374779879],[-78.132876018554015,-0.139247374779879]]}},
{"type":"Feature","properties":{"capa_cad":"C3D-Eje Horizontal","color":"#FF00FF"},"geometry":{"type":"LineString","coordinates":[[-78.132854005977663,-0.139247377415684],[-78.132809221771907,-0.139247382778157]]}},
{"type":"Feature","properties":{"capa_cad":"C3D-Eje Horizontal","color":"#FF00FF"},"geometry":{"type":"LineString","coordinates":[[-78.132786450142547,-0.139247385504808],[-78.132786450142547,-0.139247385504808]]}},
{"type":"Feature","properties":{"capa_cad":"C3D-Eje Horizontal","color":"#FF00FF"},"geometry":{"type":"LineString","coordinates":[[-78.132764437567928,-0.139247388140528],[-78.132719653365697,-0.139247393502829]]}},
{"type":"Feature","properties":{"capa_cad":"C3D-Eje Horizontal","color":"#FF00FF"},"geometry":{"type":"LineString","coordinates":[[-78.132696881738141,-0.139247396229376],[-78.132696881738141,-0.139247396229376]]}},
{"type":"Feature","properties":{"capa_cad":"C3D-Eje Horizontal","color":"#FF00FF"},"geometry":{"type":"LineString","coordinates":[[-78.132674110111026,-0.139247398955916],[-78.132629325912362,-0.139247404318043]]}},
{"type":"Feature","properties":{"capa_cad":"C3D-Eje Horizontal","color":"#FF00FF"},"geometry":{"type":"LineString","coordinates":[[-78.132607313340785,-0.139247406953615],[-78.132607313340785,-0.139247406953615]]}},
{"type":"Feature","properties":{"capa_cad":"C3D-Eje Horizontal","color":"#FF00FF"},"geometry":{"type":"LineString","coordinates":[[-78.132584541715474,-0.139247409680068],[-78.132539757520348,-0.139247415042022]]}},
{"type":"Feature","properties":{"capa_cad":"C3D-Eje Horizontal","color":"#FF00FF"},"geometry":{"type":"LineString","coordinates":[[-78.132517744950505,-0.139247417677509],[-78.132517744950505,-0.139247417677509]]}},
{"type":"Feature","properties":{"capa_cad":"C3D-Eje Horizontal","color":"#FF00FF"},"geometry":{"type":"LineString","coordinates":[[-78.13249497332697,-0.139247420403874],[-78.132450189135383,-0.139247425765639]]}},
{"type":"Feature","properties":{"capa_cad":"C3D-Eje Horizontal","color":"#FF00FF"},"geometry":{"type":"LineString","coordinates":[[-78.132428176567274,-0.139247428401057],[-78.132428176567274,-0.139247428401057]]}},
{"type":"Feature","properties":{"capa_cad":"C3D-Eje Horizontal","color":"#FF00FF"},"geometry":{"type":"LineString","coordinates":[[-78.132405404945544,-0.139247431127335],[-78.13235758454141,-0.139247436852425]]}}
]
}
