{
"type": "FeatureCollection",
"name": "curvas_1m",
"crs": { "type": "name", "properties": { "name": "urn:ogc:def:crs:OGC:1.3:CRS84" } },
"features": [
{"type":"Feature","properties":{"capa_cad":"ACAD-TOP-BASE PRESA POROTOG-Model|C3D-Superficie_ConMen","color":"#B8A15C"},"geometry":{"type":"LineString","coordinates":[[-78.135212117944747,-0.136962992884803],[-78.135259191715093,-0.137065385839811],[-78.135210599833044,-0.136962993069795]]}},
{"type":"Feature","properties":{"capa_cad":"ACAD-TOP-BASE PRESA POROTOG-Model|C3D-Superficie_ConMen","color":"#B8A15C"},"geometry":{"type":"LineString","coordinates":[[-78.135132454157286,-0.137271726969088],[-78.135131695009818,-0.137270962892122],[-78.135133969977105,-0.137252622553493],[-78.135135488455447,-0.137255679045882],[-78.135132454157286,-0.137271726969088]]}},
{"type":"Feature","properties":{"capa_cad":"ACAD-TOP-BASE PRESA POROTOG-Model|C3D-Superficie_ConMen","color":"#B8A15C"},"geometry":{"type":"LineString","coordinates":[[-78.135222744726732,-0.136962991589922],[-78.135288042631458,-0.137121930859134],[-78.135267551058504,-0.137146386772166],[-78.135179509934034,-0.137224342752688],[-78.135226564059366,-0.137163203484815],[-78.135281969633581,-0.137117346582197],[-78.135215156189233,-0.136979804239344],[-78.13519921399535,-0.13696299445715]]}},
{"type":"Feature","properties":{"capa_cad":"ACAD-TOP-BASE PRESA POROTOG-Model|C3D-Superficie_ConMen","color":"#B8A15C"},"geometry":{"type":"LineString","coordinates":[[-78.135297891259199,-0.136962982433119],[-78.135304726436999,-0.136993548374881],[-78.135313090742486,-0.137115814455434],[-78.135303986751268,-0.13715478820124],[-78.13527741979442,-0.137154791434046],[-78.135268311857601,-0.13716090589708],[-78.135149912257674,-0.137270196508071],[-78.13514235018333,-0.13750785406646],[-78.135143119667902,-0.137594969268443],[-78.135143134202266,-0.137716472178651],[-78.135137050056059,-0.137618659251493],[-78.135110469290197,-0.137503272920358],[-78.135130932745398,-0.137244217061064],[-78.135131691342778,-0.137240396122558],[-78.135137005283539,-0.13724498049189],[-78.135168880768049,-0.13720447564424],[-78.135222009632429,-0.137162439869662],[-78.135253125050781,-0.137113529246411],[-78.13522807262737,-0.137083729692492],[-78.135168851762046,-0.136962998156776]]}},
{"type":"Feature","properties":{"capa_cad":"ACAD-TOP-BASE PRESA POROTOG-Model|C3D-Superficie_ConMen","color":"#B8A15C"},"geometry":{"type":"LineString","coordinates":[[-78.134848053348165,-0.139330432988379],[-78.134848053348165,-0.139330432988379]]}},
{"type":"Feature","properties":{"capa_cad":"ACAD-TOP-BASE PRESA POROTOG-Model|C3D-Superficie_ConMen","color":"#B8A15C"},"geometry":{"type":"LineString","coordinates":[[-78.134848053348165,-0.139330432988379],[-78.134826789131409,-0.139240263587644],[-78.134840441920602,-0.139153910848582],[-78.134848028498908,-0.139120286500313],[-78.134852582652115,-0.139118757615984],[-78.134873837477372,-0.139129453433738],[-78.134874597256456,-0.139135566695218],[-78.134860188394356,-0.139247137106915],[-78.134867788615523,-0.139328902286863],[-78.134848053348165,-0.139330432988379]]}},
{"type":"Feature","properties":{"capa_cad":"ACAD-TOP-BASE PRESA POROTOG-Model|C3D-Superficie_ConMen","color":"#B8A15C"},"geometry":{"type":"LineString","coordinates":[[-78.135376074020456,-0.136962972906089],[-78.135389754200204,-0.137105870921279],[-78.135350300811382,-0.137251832078864],[-78.135333602222332,-0.137257183295152],[-78.135237960810969,-0.137254138247388],[-78.135191662803379,-0.137290824002926],[-78.135174233456368,-0.137532303613717],[-78.135182610130769,-0.137758496705334],[-78.135201591915816,-0.137803580394202],[-78.135181101972549,-0.137841791339907],[-78.135165168553598,-0.137898341795215],[-78.135117369192301,-0.138075634843852],[-78.135107509575349,-0.138143647097329],[-78.135095366777151,-0.138161224456455],[-78.135071087643581,-0.138250635186601],[-78.134991412523618,-0.138466904675183],[-78.134967140358611,-0.138615156413356],[-78.134920082715482,-0.138647257180944],[-78.134901096156156,-0.138561672527546],[-78.134917020063966,-0.138424884339969],[-78.134967853147117,-0.138226194235613],[-78.135022490863079,-0.138106213078478],[-78.135094567051766,-0.137820405078808],[-78.135097599713859,-0.137790602111721],[-78.135093775003526,-0.137544540084688],[-78.135093014483957,-0.137532313469374],[-78.135086182249921,-0.137526200944687],[-78.135079343426654,-0.137465068237378],[-78.135085381694864,-0.137180032385607],[-78.135089175414336,-0.137167041047318],[-78.135108909580353,-0.137156340277055],[-78.135121808941122,-0.137118130245317],[-78.135091428070794,-0.136963007590645]]}},
{"type":"Feature","properties":{"capa_cad":"ACAD-TOP-BASE PRESA POROTOG-Model|C3D-Superficie_ConMen","color":"#B8A15C"},"geometry":{"type":"LineString","coordinates":[[-78.134945246394722,-0.139617748939418],[-78.134926266126016,-0.139584891935877],[-78.134920191697205,-0.139568080941634],[-78.134942204133608,-0.139566549971852],[-78.134964983106016,-0.139628444948684],[-78.134945246394722,-0.139617748939418]]}},
{"type":"Feature","properties":{"capa_cad":"ACAD-TOP-BASE PRESA POROTOG-Model|C3D-Superficie_ConMen","color":"#B8A15C"},"geometry":{"type":"LineString","coordinates":[[-78.135034167443749,-0.140566836437819],[-78.135034167443749,-0.140566836437819]]}},
{"type":"Feature","properties":{"capa_cad":"ACAD-TOP-BASE PRESA POROTOG-Model|C3D-Superficie_ConMen","color":"#B8A15C"},"geometry":{"type":"LineString","coordinates":[[-78.135034167443749,-0.140566836437819],[-78.135034167354249,-0.14056607226865],[-78.135034167175306,-0.140564543930311],[-78.135034166906863,-0.140562251422786],[-78.13503416663842,-0.140559958915277],[-78.135034925873228,-0.140561487163528],[-78.135034167443749,-0.140566836437819]]}},
{"type":"Feature","properties":{"capa_cad":"ACAD-TOP-BASE PRESA POROTOG-Model|C3D-Superficie_ConMen","color":"#B8A15C"},"geometry":{"type":"LineString","coordinates":[[-78.135412508707162,-0.136962968466211],[-78.13543833314111,-0.1371005158214],[-78.135408738032581,-0.137167766334672],[-78.135373078448737,-0.137301500320839],[-78.135326017804445,-0.137308383565902],[-78.1352144364037,-0.137306868789951],[-78.135206872400659,-0.137528478806518],[-78.135210686974716,-0.137689718066541],[-78.135214484721445,-0.137710350177469],[-78.135250927352104,-0.137776828492532],[-78.13521753638048,-0.137839494420601],[-78.135178097304745,-0.138106194274899],[-78.135128767327942,-0.138178796314609],[-78.135084760110828,-0.138330107134842],[-78.135017222509333,-0.138484477455547],[-78.134983847842975,-0.138684693794614],[-78.134973236206235,-0.138812311318323],[-78.134918613261874,-0.139057616167721],[-78.134894345087744,-0.139240255492198],[-78.13491714339149,-0.139465682646038],[-78.134886781793938,-0.139471035461993],[-78.134864768637243,-0.139466453081031],[-78.134808572608677,-0.139247143291831],[-78.134844982687724,-0.139039284945662],[-78.134849526159996,-0.138947584113267],[-78.134825204294302,-0.138677071192751],[-78.134844159987324,-0.138502838367062],[-78.134878298313595,-0.138341594578321],[-78.134916993137196,-0.138198690288058],[-78.134929893715082,-0.138170414473083],[-78.134986053818167,-0.138086349083465],[-78.135027792313821,-0.138006106275309],[-78.135074072819251,-0.137822700068117],[-78.135082412021617,-0.137735583767618],[-78.135080115475361,-0.137573580172243],[-78.135079355139041,-0.13756288189546],[-78.135064931249786,-0.137547600261228],[-78.13505125415206,-0.137429919864485],[-78.135058807862393,-0.137122722928336],[-78.135029944555015,-0.136963015082053]]}},
{"type":"Feature","properties":{"capa_cad":"ACAD-TOP-BASE PRESA POROTOG-Model|C3D-Superficie_ConMen","color":"#B8A15C"},"geometry":{"type":"LineString","coordinates":[[-78.135050139349445,-0.140838114605946],[-78.135019003675893,-0.140715087056783],[-78.135019755758648,-0.140655481772157],[-78.135031889202423,-0.140557666678026],[-78.135037961828175,-0.140559194295674],[-78.135041765248289,-0.140628733240355],[-78.135037221731281,-0.140721198250628],[-78.135044058774312,-0.140768575929901],[-78.135075961709035,-0.140961906959703],[-78.135085077337138,-0.141021511079948],[-78.135085077515498,-0.141023039418354],[-78.135050139349445,-0.140838114605946]]}},
{"type":"Feature","properties":{"capa_cad":"ACAD-TOP-BASE PRESA POROTOG-Model|C3D-Superficie_ConMen","color":"#B8A15C"},"geometry":{"type":"LineString","coordinates":[[-78.135465642627366,-0.136962961991305],[-78.135493743955578,-0.137098216567182],[-78.135415582100578,-0.137272456715309],[-78.13539509712011,-0.137351932826437],[-78.135387507018379,-0.137355754595869],[-78.135300215309087,-0.137353472694663],[-78.13526833908297,-0.137387864188344],[-78.13524253603623,-0.137428368297067],[-78.135241803055791,-0.137646156643426],[-78.135297985530656,-0.137749312694994],[-78.135279014064821,-0.137790580138463],[-78.135297992563409,-0.137808153734979],[-78.135276749768977,-0.137898328290695],[-78.135249444184154,-0.138069505525162],[-78.135200114115761,-0.138141343401888],[-78.13520011675719,-0.138163504311137],[-78.135172795389963,-0.13820248024454],[-78.135152310075171,-0.138279663813919],[-78.135045308209158,-0.138489823255409],[-78.135017260171622,-0.138801607657553],[-78.134925464836286,-0.139227260888077],[-78.13492622967415,-0.139276167619495],[-78.134953572654112,-0.139419828139952],[-78.134963450572414,-0.139506178070115],[-78.135024186934757,-0.139607041137033],[-78.135021161701601,-0.139700270137877],[-78.1350614104703,-0.139859976693775],[-78.135047749084151,-0.139873733368996],[-78.135024983523877,-0.139925699588583],[-78.134950577795721,-0.139770582127664],[-78.134930073386926,-0.139686525972835],[-78.134841243502279,-0.139513834376751],[-78.134785041883603,-0.139247146111398],[-78.13479035509242,-0.139245617136698],[-78.134793360930217,-0.138988855985259],[-78.134807766142586,-0.138846718816041],[-78.134784204853631,-0.138589196689239],[-78.134775850520597,-0.138549460906584],[-78.134803915043079,-0.138376755325969],[-78.134831232042004,-0.138301099296088],[-78.134875997483022,-0.138142910895649],[-78.135016397722353,-0.137932747412673],[-78.13503764653926,-0.137893008044072],[-78.135053578404495,-0.137823466718941],[-78.13506495026671,-0.137706547453588],[-78.135065695884904,-0.137594214489994],[-78.135043680523992,-0.137571292084498],[-78.135022404172915,-0.13738101654051],[-78.135023912389784,-0.137298486086113],[-78.134971523151066,-0.137178517898454],[-78.134976815798822,-0.137005815027557],[-78.134972256321021,-0.136963022110893]]}},
{"type":"Feature","properties":{"capa_cad":"ACAD-TOP-BASE PRESA POROTOG-Model|C3D-Superficie_ConMen","color":"#B8A15C"},"geometry":{"type":"LineString","coordinates":[[-78.135520294662172,-0.136962955331268],[-78.135544601721335,-0.137106616240334],[-78.135421667652793,-0.137381732206028],[-78.135416356825402,-0.137403129595602],[-78.135390548921649,-0.137403132730525],[-78.135271395902123,-0.137559801919398],[-78.135271399195048,-0.137587312015372],[-78.135347321883359,-0.137730202482347],[-78.13534125071476,-0.137740901589517],[-78.135376170212879,-0.137765350779481],[-78.135371617977796,-0.137782927227453],[-78.135394389931534,-0.13778521697721],[-78.135344305018165,-0.137892206759184],[-78.135316996333842,-0.138037402245698],[-78.13532459163325,-0.138077138135061],[-78.13531017558401,-0.13812757505601],[-78.135266917774729,-0.138197883862159],[-78.135229728313902,-0.138233804311234],[-78.135218347754318,-0.138278127505097],[-78.135105273708902,-0.138490580198655],[-78.135113626684387,-0.138518853453882],[-78.135112110207714,-0.138532608682835],[-78.135069633208545,-0.138786317976772],[-78.135043836095903,-0.138877257212263],[-78.13499528440542,-0.139112627146671],[-78.134976323920768,-0.139247123190438],[-78.134991514520266,-0.139327359131352],[-78.135009751983091,-0.139497766671402],[-78.135072006911102,-0.139602450406386],[-78.135053036371787,-0.139652123671543],[-78.135050008163986,-0.139720135091593],[-78.135154804896629,-0.140119783101675],[-78.13513660514144,-0.140269562442067],[-78.135129775162753,-0.140282554131621],[-78.13513508855408,-0.140282553499709],[-78.135084257433732,-0.140501111940789],[-78.135059974358569,-0.140558427513995],[-78.135072881350524,-0.140584407735249],[-78.13505392033457,-0.140715847086822],[-78.135057723566675,-0.140783857694622],[-78.13509722704643,-0.141062774781039],[-78.134972765223665,-0.141263001812075],[-78.134839172384559,-0.141271423443134],[-78.134697238756758,-0.141355498782507],[-78.13483689477232,-0.141267602866743],[-78.134970487433066,-0.141257652897012],[-78.13509115468834,-0.14106353966826],[-78.135060777200763,-0.140932870326856],[-78.135003825955138,-0.140744127284149],[-78.134964346829435,-0.140673828402595],[-78.135000010646877,-0.140572953844605],[-78.135043245393248,-0.140304725328778],[-78.13498096781376,-0.140006706766458],[-78.13495818463565,-0.139908895832517],[-78.134908834228767,-0.139808795565527],[-78.134893640782678,-0.139704106213494],[-78.134835940388498,-0.139600950282658],[-78.134798737196192,-0.139520716981349],[-78.134774436772702,-0.13943054794424],[-78.13469775166287,-0.139257090767125],[-78.134687123710378,-0.139247157844135],[-78.134728867340314,-0.139209708562451],[-78.134732639739099,-0.13901637335816],[-78.134759178063078,-0.138774892769265],[-78.134714372283639,-0.138593790110963],[-78.134712845364902,-0.13851966590491],[-78.134731049341909,-0.138407330871952],[-78.134779612711412,-0.138271302932802],[-78.134828931296056,-0.138103179790744],[-78.134962501298489,-0.137903715506342],[-78.134912389748209,-0.137787567866859],[-78.13502699994541,-0.137727184620629],[-78.135052036812894,-0.13762707542215],[-78.13502394845824,-0.137599568737728],[-78.135012550913103,-0.137501756466302],[-78.134882753853802,-0.137513998924534],[-78.134925241103929,-0.137348169071415],[-78.13492448058247,-0.137335942458038],[-78.134883480671206,-0.137245011319015],[-78.134885723975501,-0.13696303265388]]}},
{"type":"Feature","properties":{"capa_cad":"ACAD-TOP-BASE PRESA POROTOG-Model|C3D-Superficie_ConMen","color":"#B8A15C"},"geometry":{"type":"LineString","coordinates":[[-78.134247689673572,-0.139747740961647],[-78.134247689673572,-0.139747740961647]]}},
{"type":"Feature","properties":{"capa_cad":"ACAD-TOP-BASE PRESA POROTOG-Model|C3D-Superficie_ConMen","color":"#B8A15C"},"geometry":{"type":"LineString","coordinates":[[-78.134247689673572,-0.139747740961647],[-78.13419303679359,-0.139740105798816],[-78.134205178167477,-0.139710301773135],[-78.134234779432745,-0.139694250697411],[-78.134247689673572,-0.139747740961647]]}},
{"type":"Feature","properties":{"capa_cad":"ACAD-TOP-BASE PRESA POROTOG-Model|C3D-Superficie_ConMen","color":"#B8A15C"},"geometry":{"type":"LineString","coordinates":[[-78.135620490066103,-0.136962943120878],[-78.135631134668216,-0.137111190723296],[-78.135614444334323,-0.137185317203891],[-78.135587884524156,-0.137244925660878],[-78.135607620441704,-0.137248744108464],[-78.135615971067722,-0.137257148958229],[-78.135660016209329,-0.137422968406205],[-78.13569341907646,-0.137459644491027],[-78.13570101430723,-0.13749861621996],[-78.135709363559258,-0.137495558527812],[-78.135725307858166,-0.137529944226305],[-78.135689642645843,-0.137617063892342],[-78.135694215172379,-0.137769133093657],[-78.135665374508235,-0.13779817503316],[-78.135597823897854,-0.137843269220061],[-78.135502185658652,-0.137866970055443],[-78.13546803571046,-0.137930400256382],[-78.13545589820238,-0.137992299452015],[-78.135455902943988,-0.138032036263759],[-78.135444521114366,-0.138065661096288],[-78.135408108649941,-0.138252122840428],[-78.135376234485832,-0.138304090208567],[-78.135351951971387,-0.138365226690732],[-78.135263156696169,-0.138485211987413],[-78.135263927378674,-0.138583025569825],[-78.135225242108874,-0.138806931837051],[-78.13512281726517,-0.139209661342465],[-78.135106122464293,-0.139247107636041],[-78.135101595122592,-0.139475594777951],[-78.135186624439157,-0.139603200875878],[-78.135150960072622,-0.139698726296437],[-78.135155521250894,-0.13975680261575],[-78.135172235506985,-0.13988441688926],[-78.135231465685507,-0.1400869146928],[-78.135245904174312,-0.140226755959585],[-78.135239079397323,-0.14028406947065],[-78.135255781856785,-0.140311577580124],[-78.135239851539978,-0.140395638099669],[-78.135167001151075,-0.140557650642247],[-78.135173834265245,-0.140571404878226],[-78.135163976109368,-0.140653172160009],[-78.13518299697887,-0.141033726206652],[-78.135183009369001,-0.14113994573542],[-78.135131396860871,-0.141168226096903],[-78.134771651541811,-0.141573278170791],[-78.134678302782291,-0.141703197885263],[-78.134664640756512,-0.141711605350982],[-78.134607724264598,-0.141820888199237],[-78.134541694226414,-0.14188814282001],[-78.134567510617771,-0.141961499998143],[-78.134551588855373,-0.142120448990099],[-78.134596379235944,-0.142173171389958],[-78.134637379197173,-0.142267923528411],[-78.134543998653356,-0.142123506555741],[-78.134563715959601,-0.141966849625804],[-78.134531827035659,-0.141892728992372],[-78.134600892055118,-0.141814775651252],[-78.13466160196127,-0.141689444809496],[-78.134722316828729,-0.141606907416042],[-78.134663108090578,-0.141586281826393],[-78.13465703413604,-0.141573291669883],[-78.134647907432196,-0.141418166453511],[-78.134660803463589,-0.141350153898094],[-78.134671426239279,-0.141315765042706],[-78.13473138629648,-0.141269907828651],[-78.134801210161015,-0.141190426007682],[-78.134935555369012,-0.141124691595053],[-78.134971971413876,-0.140964975941046],[-78.134953746043308,-0.140896202875947],[-78.134899084473503,-0.140814443253977],[-78.134887692562913,-0.140762481105648],[-78.134898302001417,-0.140614231044786],[-78.134911199508252,-0.140559209339603],[-78.134951418723304,-0.140467504271295],[-78.134957488035397,-0.140440757630927],[-78.134960515389778,-0.140365104527161],[-78.134928619268109,-0.140230614554264],[-78.134945311945842,-0.140174828222421],[-78.13488153510238,-0.140037285378291],[-78.134817766516676,-0.139970046099872],[-78.134791949454808,-0.139892103936919],[-78.134775239436692,-0.13980040564862],[-78.134726648355056,-0.139702597818299],[-78.134714501934525,-0.139689608396371],[-78.134653015820518,-0.139667454840804],[-78.134586211005626,-0.139600215958839],[-78.134568742814423,-0.139516159470617],[-78.134552797960026,-0.139476424596554],[-78.134560383102936,-0.139430573557386],[-78.134495084382706,-0.139261700061045],[-78.134495841270194,-0.13924335991864],[-78.134516330075115,-0.13919521482715],[-78.134555034491967,-0.139132548341439],[-78.134575501209298,-0.138897946042447],[-78.134586835062123,-0.138460075910956],[-78.134679408820944,-0.13819948314449],[-78.134718098608118,-0.138014549581859],[-78.134730967144407,-0.137718050461553],[-78.134726401753255,-0.13762558656843],[-78.134733205988155,-0.13739786338673],[-78.134711939241996,-0.137287825638126],[-78.134711926315546,-0.137180077815188],[-78.134681544824346,-0.137019606031682],[-78.134677742750938,-0.136963057992745]]}},
{"type":"Feature","properties":{"capa_cad":"ACAD-TOP-BASE PRESA POROTOG-Model|C3D-Superficie_ConMen","color":"#B8A15C"},"geometry":{"type":"LineString","coordinates":[[-78.134344093479797,-0.139779824540843],[-78.134170267115849,-0.139756920225964],[-78.1341816492547,-0.139725587954495],[-78.134187715124796,-0.139669802921522],[-78.134207450561576,-0.139669800564573],[-78.134230219698324,-0.139648401123316],[-78.134301566213111,-0.139608655829131],[-78.134328903102414,-0.139701116976566],[-78.134344093479797,-0.139779824540843]]}},
{"type":"Feature","properties":{"capa_cad":"ACAD-TOP-BASE PRESA POROTOG-Model|C3D-Superficie_ConMen","color":"#B8A15C"},"geometry":{"type":"LineString","coordinates":[[-78.135298169393494,-0.139295991459886],[-78.135266286151904,-0.139271541860703],[-78.135245788749899,-0.139247090898343],[-78.135254894981401,-0.139226457235054],[-78.135286011485306,-0.139185952529656],[-78.135307272283242,-0.139247083529836],[-78.135298169393494,-0.139295991459886]]}},
{"type":"Feature","properties":{"capa_cad":"ACAD-TOP-BASE PRESA POROTOG-Model|C3D-Superficie_ConMen","color":"#B8A15C"},"geometry":{"type":"LineString","coordinates":[[-78.135648575143037,-0.136962939698186],[-78.135660736664605,-0.137101252914715],[-78.135641770538697,-0.137186842218217],[-78.135646331112596,-0.137238805195855],[-78.135683541638031,-0.137378643710678],[-78.135709353578903,-0.137412264038463],[-78.135723025106302,-0.137483330154881],[-78.1357404829415,-0.137479507186946],[-78.135770094005736,-0.137545222183983],[-78.135745811433452,-0.137605594534294],[-78.135750375463147,-0.137686595965206],[-78.135747352487328,-0.13779740093291],[-78.135732932519559,-0.137814978581771],[-78.135616806965103,-0.13789905130037],[-78.135566713275338,-0.137932680823745],[-78.135536352034606,-0.137941090362563],[-78.135527245368479,-0.137957903193851],[-78.135458213629022,-0.138313250348937],[-78.135367151270728,-0.138518058738859],[-78.135370960172068,-0.138632683691449],[-78.135364895074744,-0.13869458214351],[-78.135331507313296,-0.13878475814844],[-78.135314052017449,-0.138809977836761],[-78.135311017878394,-0.138827554097073],[-78.135292804432098,-0.138860415568961],[-78.135224524156072,-0.139153864790777],[-78.135184306213787,-0.139255504128684],[-78.135202547030175,-0.139454185959889],[-78.135243553634496,-0.139603194071173],[-78.13521320166727,-0.139690312999718],[-78.135244356790011,-0.139977636944065],[-78.135270176283029,-0.140076211711372],[-78.135292213585885,-0.140286355659322],[-78.135259595773832,-0.140470524348127],[-78.135220894123847,-0.14055764424574],[-78.135225481536253,-0.140840386346335],[-78.135238411453756,-0.141062758086852],[-78.135236908312706,-0.141191138710095],[-78.135230836755369,-0.14119878112049],[-78.135157971210944,-0.14123164900616],[-78.13514810464109,-0.141241584371724],[-78.134844521424696,-0.141577854602559],[-78.134795952775946,-0.141671853112441],[-78.134752693165495,-0.141728406709167],[-78.134656303647049,-0.141819354150678],[-78.134611519453998,-0.1418201235842],[-78.134600896752104,-0.141855276601901],[-78.134596346582569,-0.141891193074352],[-78.134600905167673,-0.141927872645508],[-78.134578906983961,-0.142052434756099],[-78.134572843030739,-0.142125795679356],[-78.134700382406947,-0.142281671188039],[-78.1347413823636,-0.142376423338877],[-78.134780106999287,-0.142487223311886],[-78.134784663714854,-0.142507855342239],[-78.134782395275195,-0.142583508339742],[-78.134777072011019,-0.142497922033021],[-78.134534131284681,-0.142126564388404],[-78.13454399184279,-0.142064665554916],[-78.134542461341141,-0.141957682095344],[-78.134501465256719,-0.14189655340357],[-78.134544718750988,-0.141787272176097],[-78.134581904759315,-0.141720785111383],[-78.134577323438393,-0.141488478312372],[-78.134628154641206,-0.141269155845244],[-78.13465471918434,-0.141248520148551],[-78.134770080236464,-0.141116305291136],[-78.134833837173247,-0.141084202656283],[-78.134864187990246,-0.140986385427787],[-78.134869492547807,-0.140910732062173],[-78.134824700761314,-0.140846547164399],[-78.134801927482812,-0.140832794818707],[-78.134860352970151,-0.140646330647274],[-78.134862626560192,-0.140615763614947],[-78.134829223188447,-0.140573738279898],[-78.134830735125504,-0.140521010436324],[-78.134864881620359,-0.140427013587462],[-78.134847420561968,-0.14040332642088],[-78.134819322147862,-0.140289468572516],[-78.134853465482763,-0.140168725800857],[-78.134852702298687,-0.140133574114891],[-78.134753253793207,-0.140029658970574],[-78.134690990289769,-0.139851615022317],[-78.134492100104225,-0.139701861658267],[-78.134480709770131,-0.139663654577836],[-78.134446553266017,-0.13967206451429],[-78.134429853326338,-0.139665953158643],[-78.134340276864265,-0.139598717010439],[-78.134379745761052,-0.139581900581684],[-78.134408572374909,-0.139433648396556],[-78.134422233297144,-0.139416070880358],[-78.134431335103756,-0.139357992964093],[-78.134418426016325,-0.139314436889593],[-78.134415381847447,-0.139247190402574],[-78.134473053790344,-0.139109633107804],[-78.1344927710457,-0.138956032810326],[-78.134485176054923,-0.138918589450319],[-78.134507185221167,-0.138889548391479],[-78.1344957747352,-0.138681695842639],[-78.134509406044174,-0.138414999280579],[-78.134604256953608,-0.138154406253458],[-78.13464750133808,-0.137971764657563],[-78.13466717584744,-0.137462061596655],[-78.134626162212996,-0.137256505138312],[-78.134607162253403,-0.137060116041361],[-78.134583619873496,-0.136963069459365]]}},
{"type":"Feature","properties":{"capa_cad":"ACAD-TOP-BASE PRESA POROTOG-Model|C3D-Superficie_ConMen","color":"#B8A15C"},"geometry":{"type":"LineString","coordinates":[[-78.134284293516174,-0.141192015395185],[-78.134338943634006,-0.141175961398374],[-78.134398145414679,-0.14113698179958],[-78.134404224270597,-0.141192001232026],[-78.134418647214616,-0.141199641216402],[-78.13440044421219,-0.141322674535748],[-78.134367047107162,-0.141334141006986],[-78.134258494090247,-0.141264614464638],[-78.134165893611708,-0.141301305486524],[-78.134139328722767,-0.141318884498276],[-78.134126424961067,-0.141320414357715],[-78.134115798009489,-0.141318887274269],[-78.134100615481159,-0.141306662368517],[-78.13408087684212,-0.141279154629837],[-78.134123379041654,-0.141237120342928],[-78.134221296907626,-0.141234816278087],[-78.134245586055286,-0.141229464230125],[-78.134264561815911,-0.141224112809238],[-78.134284293516174,-0.141192015395185]]}},
{"type":"Feature","properties":{"capa_cad":"ACAD-TOP-BASE PRESA POROTOG-Model|C3D-Superficie_ConMen","color":"#B8A15C"},"geometry":{"type":"LineString","coordinates":[[-78.135690323231643,-0.136962934610358],[-78.135682738917154,-0.137014899068861],[-78.135689580523476,-0.137098956894153],[-78.135678959519311,-0.137147100873198],[-78.135687322529591,-0.137258668620391],[-78.135709345150417,-0.137341960432763],[-78.135723009903032,-0.13735647799527],[-78.13574579523646,-0.137470336505978],[-78.135770083937189,-0.137461163520508],[-78.135815639211188,-0.137560500050646],[-78.13580197985776,-0.137591068496232],[-78.135801247490619,-0.137814206137418],[-78.135797454218334,-0.137831018330225],[-78.135784551814112,-0.137844010777569],[-78.135641861019707,-0.137942605934459],[-78.135672232205749,-0.138017490881369],[-78.135588745963915,-0.138100795459977],[-78.135550062418147,-0.138338456859525],[-78.135533365457732,-0.138357563112093],[-78.135473417662624,-0.138505819222929],[-78.135464317891405,-0.138580708927836],[-78.135477228200045,-0.138634199236631],[-78.135476472139189,-0.138659416920534],[-78.135461305894822,-0.138784742539298],[-78.135448404933513,-0.138809961683001],[-78.135443098157566,-0.138865746691537],[-78.135423367864405,-0.138909306721232],[-78.13539909409711,-0.139044567626559],[-78.135360390563221,-0.139114875857089],[-78.135359633677879,-0.139133216013553],[-78.135385447369899,-0.139182119760066],[-78.135387727973125,-0.139211157924596],[-78.13537103298799,-0.139247075888269],[-78.135393812257931,-0.139311263389888],[-78.135338408482056,-0.13937316774724],[-78.135333098339686,-0.139400678480899],[-78.135314878919488,-0.13938310476643],[-78.135303493260125,-0.139384634468326],[-78.13530957238666,-0.139441182273754],[-78.135325518426782,-0.139490851375021],[-78.135339190723002,-0.139569559186354],[-78.135354374457592,-0.139591718283455],[-78.135327062315397,-0.139709403632992],[-78.135343008074344,-0.13975678023063],[-78.135334659988402,-0.139769772106941],[-78.135334661518598,-0.139782762986294],[-78.135345314833131,-0.140008191685193],[-78.135358978201324,-0.140011246734399],[-78.135354428267405,-0.140048691577157],[-78.135340767055197,-0.140063976592578],[-78.135347601433566,-0.140088429198986],[-78.135335457345178,-0.140095308169915],[-78.135378742835528,-0.140259599438578],[-78.135372673167211,-0.140283289412329],[-78.13538406142932,-0.140303920632106],[-78.135374197645106,-0.140337545259202],[-78.135280097806259,-0.140534712138338],[-78.135274028401113,-0.140560694616528],[-78.135322636151201,-0.140801402200765],[-78.135316567543597,-0.140834262202774],[-78.135285456334799,-0.140920617024591],[-78.135293066339869,-0.141087205043415],[-78.135290807345967,-0.141243095858836],[-78.135278663695857,-0.141253795663723],[-78.135181509690412,-0.141298128953835],[-78.13511168570713,-0.141376846626697],[-78.135031993729186,-0.141453272945484],[-78.13491056087561,-0.141591601868324],[-78.134830119864858,-0.14175437934805],[-78.134668458992707,-0.141909524656177],[-78.134676055571177,-0.141961487251737],[-78.134660898522483,-0.142169342980813],[-78.13474971917222,-0.142265617859308],[-78.134739852419713,-0.142274024874193],[-78.134746693105313,-0.14235349764751],[-78.134792253214101,-0.142498684426373],[-78.134793784195764,-0.142610252924173],[-78.134921316492509,-0.142704994988588],[-78.134959289349197,-0.142879221115559],[-78.134993451612218,-0.142920482265238],[-78.134957771237453,-0.142879221292637],[-78.134918280533299,-0.142707287850476],[-78.134860587359128,-0.142664501120587],[-78.134764180933615,-0.142609492214791],[-78.134771002827748,-0.14252619699606],[-78.134765685822231,-0.142494866688794],[-78.134720134628409,-0.142426860978381],[-78.134572856024278,-0.142238128501923],[-78.134481757159278,-0.142132683881288],[-78.134469608910507,-0.142103646891469],[-78.134457441719363,-0.141911077782578],[-78.134450609068409,-0.141901144390915],[-78.134465027048094,-0.1418659909324],[-78.134471083004271,-0.141723854823355],[-78.134466512343351,-0.141583248301749],[-78.13448547203042,-0.14143958233227],[-78.134500646206448,-0.141379975375262],[-78.134501386844462,-0.141221792341335],[-78.134506698897638,-0.141210329181704],[-78.13452567341588,-0.141194279395436],[-78.134650147839935,-0.141102564423738],[-78.134711624571977,-0.14104448031658],[-78.134673651629569,-0.140871782626025],[-78.134751041436942,-0.140582153415668],[-78.134734339707535,-0.140560758665815],[-78.134737358294331,-0.140410217017936],[-78.134748740545774,-0.140379648906111],[-78.134722169207691,-0.140342207783797],[-78.134702431789748,-0.14032539841262],[-78.134683427142065,-0.140084687453405],[-78.134568035246986,-0.139953264148755],[-78.1344063406994,-0.139819553887975],[-78.134385085978849,-0.139809622230032],[-78.134201391350629,-0.139782134075855],[-78.134174066171056,-0.139789014853949],[-78.134169513009084,-0.139798949589074],[-78.13414294454644,-0.13978596189306],[-78.134133834624166,-0.139775264619993],[-78.134144446544795,-0.139649175537101],[-78.134152794531175,-0.139635419505367],[-78.134167975005383,-0.139630068511757],[-78.134199096630923,-0.139633121468412],[-78.134237801783229,-0.139576568364751],[-78.134295484578786,-0.139530711349754],[-78.134326587718718,-0.139377109720996],[-78.134359978120273,-0.139309094707482],[-78.134352379890288,-0.139244141275745],[-78.134369829398807,-0.139170014817662],[-78.134404734372666,-0.139072197032099],[-78.134412318141429,-0.139014883464905],[-78.134395607880094,-0.1389216568823],[-78.134403954772509,-0.138898730817094],[-78.134444938238033,-0.13885211159832],[-78.134432770777849,-0.138661835034204],[-78.134442631783131,-0.138605285357513],[-78.134428191568972,-0.138452453340409],[-78.134431977575488,-0.138374507668697],[-78.134528346216513,-0.138110857797497],[-78.134576145745314,-0.137935093181117],[-78.134594338066364,-0.137725708704892],[-78.13460571649756,-0.137663809645732],[-78.13461176854905,-0.137493399247332],[-78.134574551665892,-0.137300069038352],[-78.134545698761059,-0.137226712334534],[-78.134534298163473,-0.137103682536082],[-78.134496328502181,-0.136963080093402]]}},
{"type":"Feature","properties":{"capa_cad":"ACAD-TOP-BASE PRESA POROTOG-Model|C3D-Superficie_ConMen","color":"#B8A15C"},"geometry":{"type":"LineString","coordinates":[[-78.135735107546594,-0.136962929152405],[-78.135716148224262,-0.137105067016632],[-78.135729073462372,-0.137282352802192],[-78.135767805944425,-0.137454286270044],[-78.13580120332054,-0.13744511217778],[-78.135860425362026,-0.13757577801057],[-78.135851350045343,-0.137854701064463],[-78.135846796803108,-0.137863871652593],[-78.135791390258362,-0.137902086846105],[-78.135827835361255,-0.137989197782203],[-78.135803556137162,-0.13807784440468],[-78.135714767597719,-0.138254378325812],[-78.135653291507751,-0.138317047655333],[-78.135645706222377,-0.13836137040722],[-78.13561686645312,-0.138398054026033],[-78.135600931001591,-0.138437792765308],[-78.135576663280133,-0.138623488891515],[-78.135581981665524,-0.138665517576498],[-78.135559228937908,-0.138825231748357],[-78.135490185350307,-0.139082765167345],[-78.135541061551478,-0.139247055509887],[-78.13551222211683,-0.139286795780696],[-78.135471245729462,-0.13939378441723],[-78.135472011373892,-0.139449568697417],[-78.135514534750413,-0.139587114119464],[-78.135496320648059,-0.139614626398829],[-78.135469005168773,-0.13970403749249],[-78.13549937938771,-0.139805668407129],[-78.135487998944669,-0.139851519934817],[-78.135510013191919,-0.139865272359061],[-78.135513050945704,-0.139878262878191],[-78.135508502724235,-0.139930226946919],[-78.135480423670359,-0.139981429650787],[-78.135481187399577,-0.140021166372874],[-78.135469046364818,-0.140054027107187],[-78.135479676743429,-0.140084592619932],[-78.135484240058886,-0.140161009024892],[-78.135449324733784,-0.14017171155401],[-78.135468308943402,-0.140238192038413],[-78.135455410012241,-0.140280987063222],[-78.135478945683928,-0.14032301358528],[-78.135458459324738,-0.140392555442824],[-78.135427345638689,-0.140457513543507],[-78.135448602165198,-0.140482728610713],[-78.135424316667184,-0.140519411628336],[-78.135384091617084,-0.140561445722295],[-78.135397000044549,-0.140599652661452],[-78.135392448391812,-0.140622578284256],[-78.135421309778593,-0.140770059562519],[-78.135408412614254,-0.140828137967967],[-78.13535833044547,-0.140961109376291],[-78.135356055775404,-0.140982506388633],[-78.13536061198522,-0.140998553406968],[-78.135409197550871,-0.141049747010919],[-78.13534467359159,-0.141013838680428],[-78.135343947412622,-0.14129581727136],[-78.135318900520247,-0.14131263195426],[-78.135205048077708,-0.141363844734933],[-78.135155715931788,-0.141419634911375],[-78.135041870342079,-0.141529688699786],[-78.13497963602093,-0.141600763763143],[-78.134957628106761,-0.141641267318757],[-78.134937897447713,-0.141682534773889],[-78.134893887376961,-0.1418132128673],[-78.134882503756103,-0.141832318432679],[-78.134871878393184,-0.141844546386909],[-78.134850625363242,-0.141849133899404],[-78.134811917684345,-0.141885054393523],[-78.134729949143704,-0.141966830105679],[-78.134728432360362,-0.141978292818442],[-78.13473147336309,-0.142019557586188],[-78.134755017094619,-0.142131887664634],[-78.134748954019713,-0.142212890288674],[-78.134783115768798,-0.142249566397005],[-78.134775530600081,-0.14229618159532],[-78.134805905631339,-0.142406982546165],[-78.134819578692273,-0.142494096216013],[-78.134818826866592,-0.142556758164952],[-78.134809724807283,-0.142614071906399],[-78.134932700568967,-0.142689710276804],[-78.134966120412372,-0.142875399473128],[-78.135105046543941,-0.143039679652349],[-78.135105811308478,-0.14308935056314],[-78.135123281270097,-0.14319098303761],[-78.135141500544279,-0.143207792640981],[-78.135165792442137,-0.1432261298769],[-78.13523183645728,-0.143279614045101],[-78.135231836544961,-0.143280378214401],[-78.135117968755551,-0.143198625348192],[-78.1350875888715,-0.143045030870734],[-78.134950939558735,-0.142877693751212],[-78.134944863593702,-0.142847127695065],[-78.134899307395102,-0.142735564322621],[-78.134743688455444,-0.142627070496338],[-78.134721671610293,-0.142590392958377],[-78.13466852237093,-0.14245743377566],[-78.134676870130704,-0.142441385251243],[-78.134465823888519,-0.142192290916195],[-78.134400535125465,-0.142105947499854],[-78.134387611802893,-0.141938596060063],[-78.134367864668562,-0.141837728106277],[-78.134357219804883,-0.141681838937073],[-78.134355685272894,-0.141540467903346],[-78.134347327224035,-0.141467872859398],[-78.134281279449539,-0.14138229375145],[-78.13422814157326,-0.141347912428828],[-78.134210684278898,-0.14135632034286],[-78.13417652705661,-0.141358616877297],[-78.134115804323571,-0.141373143241617],[-78.134028503900439,-0.14129520834875],[-78.1341256505102,-0.14118821328621],[-78.134257722126094,-0.141153810100004],[-78.134263034444757,-0.14114463944852],[-78.134282010027064,-0.141137759688794],[-78.134506672699857,-0.140985663549467],[-78.134510467709859,-0.140983370594091],[-78.134511227568012,-0.140990248023678],[-78.134516540421529,-0.14098566238227],[-78.134577242463067,-0.140793848814471],[-78.134585586803837,-0.140748761862062],[-78.134599224947053,-0.14053632129454],[-78.134590103479127,-0.140427046226651],[-78.13456807725025,-0.140310895174726],[-78.134528602688164,-0.140279568944825],[-78.134524039297787,-0.140202388434596],[-78.134515687175508,-0.140180992700911],[-78.134440526772778,-0.140062555482718],[-78.134429898560001,-0.140050330048011],[-78.134416994527996,-0.140049567416137],[-78.134417751787296,-0.140034283950585],[-78.134401050771899,-0.14001900256479],[-78.134284144384964,-0.139918146225775],[-78.134196089565776,-0.139880712460454],[-78.134190015775019,-0.139869250655474],[-78.134109551154168,-0.139828759317069],[-78.134088295899687,-0.139814242650071],[-78.134085257789962,-0.139798195473039],[-78.134088281141771,-0.139688919010055],[-78.134100422513313,-0.139659114986643],[-78.13410345468138,-0.139624727039404],[-78.134117874027794,-0.139601800259809],[-78.134133054411279,-0.13959568509739],[-78.134152027097585,-0.139564351918145],[-78.134208189343781,-0.139497862535031],[-78.134210461820587,-0.139458125494563],[-78.134220325931196,-0.139427557569214],[-78.134300007511087,-0.139264780104937],[-78.134276474628805,-0.139246442875698],[-78.134277990481024,-0.139227338477217],[-78.134332621219372,-0.139047752283996],[-78.134306798405419,-0.138921667547571],[-78.134319698270716,-0.138887278406769],[-78.134382691166692,-0.138813910640345],[-78.134376606576424,-0.138711512760239],[-78.134400881468352,-0.138586186164167],[-78.134382640795266,-0.138389796992402],[-78.134384914324883,-0.1383592299684],[-78.134368208832782,-0.138306504340065],[-78.134516935225165,-0.137899948577184],[-78.134533614909714,-0.137736414425535],[-78.134551821184331,-0.137643947787883],[-78.134556361435301,-0.13752626523254],[-78.134545723769861,-0.137435330429293],[-78.13452597752412,-0.137345160903135],[-78.134466753241611,-0.137195391012505],[-78.134462193131682,-0.13714724893266],[-78.134417386746065,-0.136963089709992]]}},
{"type":"Feature","properties":{"capa_cad":"ACAD-TOP-BASE PRESA POROTOG-Model|C3D-Superficie_ConMen","color":"#B8A15C"},"geometry":{"type":"LineString","coordinates":[[-78.135815567506683,-0.136962919346398],[-78.135792810515369,-0.137085189271042],[-78.13580801347689,-0.137267059809518],[-78.135802706500144,-0.137320552333954],[-78.135793599016552,-0.137330487647109],[-78.135803474169663,-0.137392384192572],[-78.135812586966608,-0.137426770722223],[-78.135861923701626,-0.137410717164786],[-78.135896851646123,-0.137505469972309],[-78.135931772722273,-0.137542910052362],[-78.13594468454842,-0.137608627087701],[-78.135924194142376,-0.137643017213671],[-78.135922702253396,-0.137862334121853],[-78.135906763895932,-0.137877619447233],[-78.135894636694843,-0.138025869849449],[-78.135872633633241,-0.138106110334079],[-78.135826341948473,-0.138196287955995],[-78.135821031195334,-0.138218449519174],[-78.135793727917857,-0.138409495240228],[-78.135808154260644,-0.138445409476436],[-78.135806639238666,-0.138471391428997],[-78.135770988024532,-0.138676957370335],[-78.135812757796757,-0.138859588902511],[-78.135816559874513,-0.138916901173656],[-78.135826430958417,-0.138945174267046],[-78.135798364884835,-0.139105653275089],[-78.135837847932436,-0.139208047280365],[-78.135859865176513,-0.139247017297048],[-78.135834831854638,-0.139378457489838],[-78.135856112407154,-0.139606941692329],[-78.135852319919437,-0.139630631407449],[-78.135844730527396,-0.139640566521085],[-78.135776422664776,-0.139701708259911],[-78.13573697217079,-0.139875179484638],[-78.13573015217473,-0.139972994013631],[-78.135718768937082,-0.139995156290451],[-78.135711945876878,-0.140066989049793],[-78.135714234809257,-0.140167094999903],[-78.135723378185887,-0.140462827564237],[-78.13573401133236,-0.140517082346424],[-78.135717315674484,-0.140547651114645],[-78.135714283566301,-0.14058280327804],[-78.135635377556994,-0.140889244647348],[-78.135639936090328,-0.140925160078246],[-78.135632369609326,-0.141131486761724],[-78.135637686211297,-0.141158996238433],[-78.135607334115434,-0.14124611515608],[-78.135611131355603,-0.141262926438159],[-78.13560126531587,-0.141277446824905],[-78.135562567062522,-0.14139436933329],[-78.135504881369855,-0.141416537053814],[-78.135463892425278,-0.141417306057787],[-78.135290081465712,-0.14152813111358],[-78.135246816337798,-0.141537306243784],[-78.135224808421228,-0.1415778098104],[-78.135105649949921,-0.14169244923065],[-78.135082884038724,-0.141742122908856],[-78.135015351108251,-0.14194081483746],[-78.134978923067507,-0.141998131802297],[-78.134958431392107,-0.142022587620458],[-78.134901503355721,-0.142032528501413],[-78.13486659041719,-0.142063863531272],[-78.134851411867274,-0.142086026215184],[-78.134852941651715,-0.142186896351575],[-78.134858258754434,-0.142218990828842],[-78.134835493796217,-0.142277070344838],[-78.134822600356642,-0.142368007971117],[-78.134864367216181,-0.142530771092285],[-78.134850715229092,-0.142626293820973],[-78.134940290070645,-0.14268053936091],[-78.134969901085938,-0.142748546955263],[-78.134993446951967,-0.142879981300636],[-78.134988893671874,-0.142889151861528],[-78.135086065664197,-0.143000709233653],[-78.135096692447732,-0.143000707995247],[-78.135154387203698,-0.143057249796998],[-78.135179442023656,-0.143109210389293],[-78.135187037236491,-0.143149710476903],[-78.135274339739212,-0.143245985650984],[-78.135278899512798,-0.143293363619955],[-78.135264481391957,-0.143327752916703],[-78.135254621199209,-0.14339347262529],[-78.135298647592066,-0.143403401711113],[-78.13528953926911,-0.143406459446826],[-78.135291062549058,-0.143451545261676],[-78.135196196555654,-0.143591399260017],[-78.135190126206538,-0.143609740027168],[-78.135155213039411,-0.143639546678465],[-78.135132441271296,-0.143638785150212],[-78.13510284018561,-0.143657128644688],[-78.135023152417446,-0.143771763261063],[-78.135009492554843,-0.143799274933538],[-78.135023161324739,-0.143849708515692],[-78.135052774281732,-0.143935292036471],[-78.135080867900669,-0.144010177368404],[-78.135081627305439,-0.144013233957431],[-78.135081627392637,-0.144013998126631],[-78.134992792887672,-0.143795456022099],[-78.135013283117772,-0.143758009359483],[-78.135097525482138,-0.143645666722619],[-78.135151414348556,-0.143609744517901],[-78.135114220079103,-0.143605163817141],[-78.135133944335436,-0.143507347865303],[-78.135155193439147,-0.143468372766062],[-78.135203769960825,-0.143441621199609],[-78.135174909620815,-0.143300253235903],[-78.135079259971093,-0.143225375774841],[-78.135061034468308,-0.143154310159673],[-78.135026867381995,-0.143071019696514],[-78.134972208505573,-0.143011420869796],[-78.134890218168522,-0.142904446751532],[-78.134857571029286,-0.142837203681062],[-78.13472320293485,-0.142705018125209],[-78.134606296470665,-0.142601868976642],[-78.134497726035804,-0.142381036875359],[-78.134402072415156,-0.142271771939742],[-78.134261625771032,-0.142086859575971],[-78.134249469471513,-0.141988283245566],[-78.134235041222709,-0.141934793134169],[-78.134085503342007,-0.141900423110376],[-78.134046782754496,-0.141824774975176],[-78.134035390810766,-0.141772048686796],[-78.134011854158842,-0.141720852164857],[-78.134014886565993,-0.141687992562846],[-78.133988306501038,-0.141574898754927],[-78.133996652645465,-0.141545095201346],[-78.133992853106818,-0.141508415561666],[-78.133943508035941,-0.141452637077735],[-78.133884291158836,-0.141361708015556],[-78.133890357285608,-0.141307451342869],[-78.133907048579601,-0.141239438383955],[-78.134048969540643,-0.14104761533353],[-78.134045932161143,-0.14103768150184],[-78.134059588914312,-0.140984188090454],[-78.134074751281887,-0.140823710904407],[-78.134131657731615,-0.140629605347955],[-78.134070923654789,-0.140547082347929],[-78.134062570110899,-0.140513459923767],[-78.134056489076826,-0.140440100467017],[-78.13406711450655,-0.14042863667733],[-78.134051171123829,-0.14040112850386],[-78.134045849585931,-0.140331589800768],[-78.134054939151483,-0.140168820824839],[-78.134039750869633,-0.140107689150798],[-78.134040492234291,-0.139957147865102],[-78.134031380876635,-0.139934223895605],[-78.134027581826118,-0.139902129271127],[-78.133994180703041,-0.139879208198505],[-78.13399567803296,-0.139702685099932],[-78.13397668913781,-0.139596467949326],[-78.134113299323857,-0.139429098710877],[-78.134130754255679,-0.139400822385332],[-78.13414136441925,-0.139260214096388],[-78.13416564921809,-0.139218181914444],[-78.134187653867556,-0.139150932439694],[-78.134203567793421,-0.138929321630544],[-78.134227092801282,-0.138881176181281],[-78.134249851139913,-0.138768840654987],[-78.13425668064302,-0.138752028123381],[-78.134280208274049,-0.13872604355947],[-78.134295380128464,-0.13864809652878],[-78.134296134737568,-0.138610652172276],[-78.134312829415933,-0.138572441727904],[-78.134312059463795,-0.138480741576778],[-78.134320396713505,-0.13837681362855],[-78.13431507878046,-0.138338605834702],[-78.134274832292732,-0.138199531989895],[-78.134274827376771,-0.138158266882106],[-78.134286203187173,-0.138074206953405],[-78.134283163959324,-0.138048989754227],[-78.134301375908692,-0.138003901600381],[-78.134385616547291,-0.13788238858481],[-78.134400793182749,-0.137844942479162],[-78.134445548492621,-0.137602695555844],[-78.134411366573971,-0.137398666640064],[-78.134349105625546,-0.137245076286987],[-78.134324046807805,-0.137161784944172],[-78.134298974122188,-0.136963104134374]]}},
{"type":"Feature","properties":{"capa_cad":"ACAD-TOP-BASE PRESA POROTOG-Model|C3D-Superficie_ConMen","color":"#B8A15C"},"geometry":{"type":"LineString","coordinates":[[-78.135864147107981,-0.136962913425656],[-78.135839866218262,-0.137037040848385],[-78.135830763787197,-0.137089005498134],[-78.13584520695909,-0.137264762777253],[-78.13583838397777,-0.137335831391427],[-78.135823964107843,-0.137354173217327],[-78.135827762962506,-0.137383975374633],[-78.13583535691464,-0.137412248731659],[-78.135890007044594,-0.137396194527639],[-78.135912027829093,-0.137464202962052],[-78.135968205780358,-0.137529150573798],[-78.13598643466122,-0.137625433758931],[-78.135955318927657,-0.137672051891288],[-78.135953061768731,-0.137839405351554],[-78.135925740030828,-0.13787532464033],[-78.135906033752576,-0.138119861352722],[-78.135840788226346,-0.138399555358099],[-78.135841549556019,-0.138418659509431],[-78.135858252795487,-0.138452280963516],[-78.135857522349411,-0.138692994518738],[-78.135865896452287,-0.138899319341327],[-78.135912974520338,-0.139039156752279],[-78.13590387299314,-0.139099527256614],[-78.135924373667009,-0.139151488341644],[-78.135900854220509,-0.139247012383651],[-78.135901620144367,-0.139305089194075],[-78.135888724224273,-0.13937310184768],[-78.135913047764504,-0.139658898430044],[-78.135917619934432,-0.139810203499396],[-78.135890314592103,-0.139985965803404],[-78.135873637538779,-0.140174717719133],[-78.135882785394571,-0.140508658812021],[-78.135856236140015,-0.140659967572536],[-78.135815266134685,-0.140822740580328],[-78.135822099517995,-0.140838787334624],[-78.135863094457704,-0.140889217680747],[-78.135753811932375,-0.141074159681566],[-78.135751548132362,-0.141188785398898],[-78.135736372082718,-0.141232344862346],[-78.135716649348311,-0.141341623450584],[-78.135683254429338,-0.141372194176626],[-78.135644554652686,-0.141476125807466],[-78.135586111053286,-0.141508227819179],[-78.135571691117448,-0.141526569587887],[-78.135531463536523,-0.141547206905746],[-78.135329564548684,-0.141632817665956],[-78.135293893973085,-0.141676379519448],[-78.135162591475606,-0.141798662057543],[-78.135111746957222,-0.141904123390897],[-78.135073806558623,-0.142011111538065],[-78.135034342554405,-0.142070721367507],[-78.135000948872559,-0.14211199042089],[-78.134931116883891,-0.142121932811506],[-78.13491366054555,-0.142138746579381],[-78.134914424994747,-0.142185360804878],[-78.134906840269878,-0.142235796854481],[-78.134903805106973,-0.142244967239337],[-78.134880274907076,-0.142249555011359],[-78.134865856734152,-0.142283180139989],[-78.134846893936853,-0.142400864396168],[-78.134881828144572,-0.14255369412277],[-78.134870451208513,-0.142630876529139],[-78.134939530045969,-0.142672133589395],[-78.134956991501241,-0.142699641638222],[-78.134991918899431,-0.142793630364621],[-78.1350063507264,-0.142878451457226],[-78.134997243550544,-0.142891443395139],[-78.135076954971666,-0.142983134403567],[-78.135089099251857,-0.1429777838036],[-78.135181714449971,-0.143067944983562],[-78.135207528765108,-0.143123726335365],[-78.135286481391205,-0.143217709972596],[-78.135292563925503,-0.143305588740633],[-78.135261451915497,-0.143386594307568],[-78.135354058689998,-0.143403395272741],[-78.135335082549105,-0.143405689985803],[-78.135336602763786,-0.143424029874379],[-78.135294102801367,-0.143486696698898],[-78.135247817616431,-0.143637243430244],[-78.135053518324085,-0.143803854849122],[-78.135056560659962,-0.143857346340404],[-78.135073270363463,-0.143949044710515],[-78.135193241640494,-0.144303605378514],[-78.135191724050358,-0.144308190569347],[-78.135185652297764,-0.144314304624228],[-78.135182616334475,-0.144316597482385],[-78.135156812168717,-0.14434945973803],[-78.135149981620913,-0.14435786638779],[-78.135144669011282,-0.144364744523858],[-78.135140115283733,-0.144370094233834],[-78.135138597432515,-0.144372386916647],[-78.135140120065742,-0.144412123542113],[-78.13513783837648,-0.144372387004195],[-78.135142392017059,-0.144366273125],[-78.135143909955218,-0.144364744611412],[-78.135148463769724,-0.14436015907064],[-78.135168955500021,-0.144335703290369],[-78.135181857452395,-0.144318125908506],[-78.135186410918834,-0.14431048369029],[-78.135188687478049,-0.144305134242617],[-78.135187927899935,-0.14430054931457],[-78.135042907949995,-0.143947519885114],[-78.134971541679789,-0.143816091050417],[-78.134954081996725,-0.14380386636646],[-78.134962427768698,-0.143770241958007],[-78.134982920356464,-0.143753427862632],[-78.135054257892392,-0.143633445033203],[-78.135071706382575,-0.143547856058505],[-78.135114963733258,-0.143470669945533],[-78.135111917437129,-0.143382790837502],[-78.13509520724989,-0.143287271626521],[-78.13505345540139,-0.143254417206247],[-78.135031434708949,-0.143184116203049],[-78.135017010452628,-0.143165013652399],[-78.134992712061106,-0.143090127903442],[-78.134861375981572,-0.142921261834282],[-78.134850746826515,-0.142900630509038],[-78.134814308015663,-0.142864718813723],[-78.134664004689213,-0.142775328580099],[-78.13460934299907,-0.142691276381409],[-78.134544057522973,-0.142633207173088],[-78.134413468489925,-0.142360414181366],[-78.134358050024204,-0.142296230496058],[-78.134195587424074,-0.142082282310718],[-78.134187995543982,-0.142070820672089],[-78.134181159180386,-0.142028792200633],[-78.134131060202705,-0.142017335551152],[-78.134083239985756,-0.142019633668875],[-78.134077926156522,-0.14201581344978],[-78.134020986392002,-0.141924119911975],[-78.133961004199364,-0.141778934948514],[-78.13394126193846,-0.141720096298995],[-78.133943537241606,-0.141704048493971],[-78.13390708253857,-0.141531350718087],[-78.133882790110533,-0.141508428526927],[-78.133831925157423,-0.141437366859781],[-78.133809148172929,-0.14139151944267],[-78.133844043446501,-0.141208879085298],[-78.133884266599622,-0.141150797537505],[-78.133845539287606,-0.141017836812889],[-78.133837941960877,-0.140959760914343],[-78.13392445407348,-0.140787048615154],[-78.133959345049789,-0.140568492303331],[-78.133935810762949,-0.140537928357323],[-78.133926693421571,-0.140463805100616],[-78.133940344056327,-0.140358348234289],[-78.133938795190332,-0.14009623864115],[-78.133948640092783,-0.13990213868206],[-78.133903073221248,-0.139701931987347],[-78.133886361583222,-0.139596478741676],[-78.133924307939068,-0.139542218248833],[-78.134075338895769,-0.139364148926452],[-78.134088988075575,-0.139247229504902],[-78.134143629478132,-0.139157815234691],[-78.134167136672929,-0.138959128580542],[-78.13420963380598,-0.138875064929441],[-78.134222525331921,-0.1387703722774],[-78.13424453031854,-0.138706179465118],[-78.134254391415539,-0.138650393966885],[-78.134255145661783,-0.138609892937147],[-78.13426880302913,-0.138562512835815],[-78.13428548907649,-0.138451706368027],[-78.134284718296598,-0.138353128701161],[-78.134272562862023,-0.138264486600993],[-78.134256615057538,-0.138200298357792],[-78.134266470027839,-0.138093313554536],[-78.134254314117911,-0.13800085061531],[-78.134349172218293,-0.137801391110073],[-78.134346132710363,-0.137773881404105],[-78.134367365244699,-0.13759812002346],[-78.134366602440565,-0.137566789197792],[-78.134327866370171,-0.13736428918772],[-78.134280029763573,-0.137229801310627],[-78.13425343631819,-0.137008959800993],[-78.13424128592527,-0.136963111161429]]}},
{"type":"Feature","properties":{"capa_cad":"ACAD-TOP-BASE PRESA POROTOG-Model|C3D-Superficie_ConMen","color":"#B8A15C"},"geometry":{"type":"LineString","coordinates":[[-78.135893750303524,-0.136962909817655],[-78.135866439248744,-0.137087472814566],[-78.135879364217274,-0.137262466114035],[-78.135874061089822,-0.137348053770864],[-78.135868749436725,-0.137362573641606],[-78.135853570234872,-0.137378623050714],[-78.135854330207323,-0.137386264655728],[-78.135860404031803,-0.137397726463812],[-78.135920367923518,-0.137384728292122],[-78.135917332889136,-0.137394662868025],[-78.13592720410233,-0.137423700120471],[-78.136000842184387,-0.137503929007689],[-78.136028184135228,-0.137636891242434],[-78.136025908246268,-0.137647589896389],[-78.135985685205156,-0.137705671681324],[-78.135984938666482,-0.137810363037596],[-78.13595533985098,-0.137847046773679],[-78.135932602729881,-0.138136669876833],[-78.135884805397737,-0.138331538940721],[-78.135876463055297,-0.138392673527433],[-78.135877985623722,-0.138430117661574],[-78.135890133343594,-0.138453805459217],[-78.135890913567309,-0.138631856919105],[-78.135906123630321,-0.138875625244094],[-78.135968387900661,-0.139058254344834],[-78.135974464152952,-0.139090348747668],[-78.135952470055784,-0.139247006196309],[-78.135942616415804,-0.139366217865329],[-78.135945660225147,-0.139430407763603],[-78.135936575449321,-0.139632913845381],[-78.135944925700841,-0.139638262035803],[-78.135941894160837,-0.139677999227405],[-78.135951014996394,-0.13978116106038],[-78.135956348994668,-0.139956155308265],[-78.135947269332576,-0.140202983235242],[-78.135989026051504,-0.140276338567878],[-78.136035353773508,-0.140491828955383],[-78.135954926887436,-0.140774581335025],[-78.136009585655998,-0.140831887594009],[-78.135982262569769,-0.140857108435363],[-78.136000491532556,-0.140956448354054],[-78.135981521812425,-0.141013763335961],[-78.135939025796915,-0.141109289587915],[-78.135860858041511,-0.141238443515699],[-78.135835829561003,-0.14141344133807],[-78.135825205972893,-0.141440952700951],[-78.135759933169496,-0.141492923936656],[-78.13574855061259,-0.141521199556043],[-78.135640011511683,-0.141572411711317],[-78.135618001721923,-0.141596867730797],[-78.135602064914877,-0.141625908051462],[-78.135580813115524,-0.141641193945205],[-78.135580814447223,-0.141652656488282],[-78.135560320283801,-0.14165571557946],[-78.135540584111681,-0.14164960454701],[-78.135415346143603,-0.141703875322782],[-78.135350076986498,-0.141787177468221],[-78.135224086888002,-0.141901053513251],[-78.135156546578116,-0.142036319409469],[-78.135156552683895,-0.14208904708795],[-78.13513606401068,-0.142139484662596],[-78.135117097690241,-0.142226602180298],[-78.135102675627138,-0.142226603870827],[-78.135018416619374,-0.142193754472955],[-78.134964524889924,-0.142204459159191],[-78.134951629688501,-0.142280113414378],[-78.134897738049503,-0.142291582264828],[-78.134890149169564,-0.142306102366483],[-78.134880285859424,-0.142344311975739],[-78.134870428902076,-0.142437541756738],[-78.134900048128642,-0.142576617065206],[-78.134890946420285,-0.142636987486908],[-78.134948638716239,-0.142672132525324],[-78.134972175084201,-0.142721036600738],[-78.135011658576261,-0.142830308180671],[-78.135020014260419,-0.142883034878534],[-78.135008630092557,-0.142897555420464],[-78.135065566847416,-0.142963267331612],[-78.135081506055599,-0.142954859612256],[-78.135199931970448,-0.143069471200139],[-78.135226504112964,-0.143114554094268],[-78.135297104579408,-0.143186377792887],[-78.135305469282102,-0.143317813949836],[-78.1352864978752,-0.143361373808534],[-78.135364684337262,-0.143393459835868],[-78.135481576363318,-0.143370521167914],[-78.135502065009319,-0.143319319430377],[-78.135504342178081,-0.143319319165586],[-78.135508896515589,-0.143319318636038],[-78.135510414628101,-0.143319318459528],[-78.135501306303738,-0.143322376196568],[-78.135488408658176,-0.143377397899182],[-78.135409469089737,-0.143397275478855],[-78.135382144819332,-0.143412562042258],[-78.135318405899312,-0.143602847621343],[-78.135318409922576,-0.143637999411952],[-78.135305509028754,-0.14366474683598],[-78.135171927654639,-0.143774038531989],[-78.135135497157492,-0.143810722876712],[-78.135140819629285,-0.143890195862453],[-78.13518260284394,-0.144198151245566],[-78.135193237724735,-0.144269217761064],[-78.135205386450778,-0.144302839807757],[-78.135144670315668,-0.144376207062518],[-78.135153811821411,-0.144665061988643],[-78.135166729997181,-0.144790384262163],[-78.13514849773486,-0.144658949246097],[-78.135131007480794,-0.144377736976741],[-78.13513404248755,-0.144367038257261],[-78.135178061563082,-0.144312777161536],[-78.135178060606052,-0.144304371299613],[-78.134942703841205,-0.143871114566789],[-78.134884251650178,-0.143828327864939],[-78.134895630326895,-0.143765664682131],[-78.134911564733713,-0.143715227675569],[-78.134975320096899,-0.143668605968633],[-78.135001881895434,-0.143623516908566],[-78.135007950756986,-0.143592185268987],[-78.13502388778231,-0.143564673329842],[-78.135012470940339,-0.143294158769828],[-78.134894797979882,-0.143126055252765],[-78.13479610816843,-0.143016790571797],[-78.134738409650282,-0.142927389523214],[-78.13462606184693,-0.142861684095071],[-78.134602528571477,-0.1428395259421],[-78.134504592533958,-0.142684411095272],[-78.134480300202341,-0.14266225303686],[-78.134335284276332,-0.142347432466149],[-78.134175098589537,-0.142131191504817],[-78.134153842564913,-0.142109797276793],[-78.134113616170723,-0.142140368736975],[-78.134084014252579,-0.142151070567386],[-78.134074146268986,-0.142148779218694],[-78.134057442721385,-0.142111336919309],[-78.133959506196902,-0.141952401364904],[-78.133874466416771,-0.14173156668092],[-78.133848637692694,-0.141551990147857],[-78.133751467987977,-0.141460301391627],[-78.133734765667853,-0.141433557468905],[-78.133749936990384,-0.1413494971658],[-78.133753711534141,-0.141171445501771],[-78.133740033133492,-0.141039245998963],[-78.133711176472787,-0.140931501680567],[-78.133769600410503,-0.140732046834408],[-78.133811324568114,-0.140528008938843],[-78.133830295306808,-0.140479864080334],[-78.13385077161486,-0.140324735467209],[-78.133849236382034,-0.140178779487858],[-78.133883384079525,-0.140095481068849],[-78.133888679504309,-0.139942646755897],[-78.133905371346032,-0.139879982955871],[-78.133846135269167,-0.139627050283192],[-78.133850686807136,-0.139603360519492],[-78.133818046540654,-0.139595722735371],[-78.133855238614927,-0.13958196326075],[-78.133866618673451,-0.139533055123435],[-78.134025994263482,-0.13931295554259],[-78.13404875860364,-0.139251055166726],[-78.134106433965798,-0.139142536322271],[-78.134126151221608,-0.138988936075208],[-78.134182310625036,-0.138898757438618],[-78.134192933322694,-0.138864368574955],[-78.134205063253958,-0.138738279294352],[-78.134226307278254,-0.138658039032546],[-78.13422857936304,-0.138615245315191],[-78.134251342397519,-0.138542646553026],[-78.134264232893827,-0.138429548038109],[-78.134258902505508,-0.138286649140573],[-78.134238398459772,-0.138206413906134],[-78.134246736868505,-0.138112420155005],[-78.134231541366916,-0.137991683344732],[-78.134223188477378,-0.137964174283612],[-78.134227740073172,-0.137941248673923],[-78.134298312775357,-0.137778472207231],[-78.134280838061741,-0.137640923961268],[-78.134289936668438,-0.137556864303105],[-78.134249680840554,-0.137340609455652],[-78.134236771955216,-0.137299345916759],[-78.13420562061421,-0.137048702392109],[-78.134182838676111,-0.136963118280789]]}},
{"type":"Feature","properties":{"capa_cad":"ACAD-TOP-BASE PRESA POROTOG-Model|C3D-Superficie_ConMen","color":"#B8A15C"},"geometry":{"type":"LineString","coordinates":[[-78.135923353499862,-0.136962906209617],[-78.135896801225385,-0.1370851766081],[-78.135912763887248,-0.137272396259181],[-78.135908219540454,-0.137355691316938],[-78.135890005670433,-0.137384731981416],[-78.135949969746761,-0.137373262148201],[-78.135947694410078,-0.137388545820667],[-78.136031960475904,-0.137478707624426],[-78.136047907800659,-0.137538310937433],[-78.136061584629928,-0.13765369892841],[-78.136047167129078,-0.137691909170198],[-78.136018328103503,-0.137734706178129],[-78.136016056416551,-0.137780556644113],[-78.135984939945118,-0.137821061414964],[-78.135961446598927,-0.13813437388163],[-78.135925789253889,-0.138287976317293],[-78.135912896123074,-0.138378914076848],[-78.13591442141977,-0.138439283305091],[-78.13592201389261,-0.138455329954961],[-78.13592202597863,-0.1385569645343],[-78.135938758341595,-0.138835884492286],[-78.13599039311373,-0.138995589777574],[-78.136005586100325,-0.13909569420148],[-78.13597980981956,-0.139363156731412],[-78.135977561522267,-0.139607691342147],[-78.135971496550908,-0.139671118161748],[-78.135988979608271,-0.139881262774227],[-78.135984451068012,-0.140100580053279],[-78.136007987925211,-0.140152540798363],[-78.136079353596301,-0.140274799481594],[-78.136112776913606,-0.140486470569315],[-78.136040696785784,-0.140744768543963],[-78.136221373783513,-0.140928912087133],[-78.136130296449039,-0.141009924882542],[-78.13613333454893,-0.141025972091368],[-78.136124228902617,-0.14105195494583],[-78.135962581044353,-0.141319433499423],[-78.135936036037009,-0.141508186570733],[-78.135894289975496,-0.14152576739643],[-78.135844197048826,-0.141567038465963],[-78.135810040398766,-0.141574684187628],[-78.135716681794563,-0.141620545365537],[-78.135691635421892,-0.141641945064879],[-78.135624850093919,-0.141742059144056],[-78.135600563309296,-0.1417680437669],[-78.135589178529727,-0.141777215140878],[-78.135511755237502,-0.141781045095867],[-78.135458630259052,-0.141858232460918],[-78.135428269873728,-0.141874283588353],[-78.135407788114236,-0.141984326394096],[-78.135365287345167,-0.142039351582609],[-78.135353152445958,-0.142125704148913],[-78.135291676596012,-0.142192194094849],[-78.135296242067923,-0.142288478898562],[-78.135263612636578,-0.142374833856706],[-78.135211242359745,-0.142414576792517],[-78.135188471649997,-0.142422985320109],[-78.135113311334237,-0.142303783716829],[-78.135030570881128,-0.142274754980925],[-78.135004763599156,-0.142280107188944],[-78.134998695391857,-0.142316788019497],[-78.13491520110243,-0.142332845350469],[-78.134906854048921,-0.142355007231816],[-78.134895484271581,-0.142494087337211],[-78.134917508968613,-0.14259877592798],[-78.134910682224188,-0.142640041857216],[-78.134952433467063,-0.142667547067275],[-78.13501393310446,-0.142807382840242],[-78.135032918035165,-0.142881505035125],[-78.13501849834698,-0.142902139284605],[-78.135052660435292,-0.142941872098669],[-78.135075431146689,-0.142933463582592],[-78.135241683653859,-0.143100797278959],[-78.135305450335153,-0.143152753369618],[-78.13531837472641,-0.143330803328669],[-78.135453483306179,-0.143300985012023],[-78.135498269552727,-0.143317791532701],[-78.135567343059677,-0.143312434314256],[-78.135692584812134,-0.143290258831318],[-78.135570380073901,-0.14331931148698],[-78.135540777054089,-0.143320843268158],[-78.135548369370142,-0.143336125775891],[-78.135512700999271,-0.143399555991407],[-78.135448944129692,-0.14343318685635],[-78.135433005613336,-0.143447707927477],[-78.135383684029165,-0.143596726692556],[-78.135382172301505,-0.143652511235198],[-78.135366236318475,-0.143689193214755],[-78.135252388646535,-0.143783199241554],[-78.135217476084136,-0.143818355074304],[-78.135225837136659,-0.143918460285407],[-78.135272178689021,-0.144261566955714],[-78.135249414836522,-0.144330344822689],[-78.135221333674565,-0.14436473568127],[-78.135176553539381,-0.14440142097153],[-78.135170483351104,-0.144421290072541],[-78.135158359909425,-0.144610041278311],[-78.135169003090809,-0.144754468045113],[-78.135187996477569,-0.144904243040391],[-78.135159158147829,-0.144955445693617],[-78.135094649460001,-0.145053266760638],[-78.135080228000916,-0.14505861759971],[-78.135093890317449,-0.145052502678506],[-78.13512652410347,-0.145002827933635],[-78.135161434277165,-0.144946275401088],[-78.13517509347669,-0.144912650384535],[-78.135145463159134,-0.144673468811161],[-78.135098371201622,-0.144405250832601],[-78.135077873559396,-0.144377743104465],[-78.134913866611299,-0.143931487263956],[-78.134905515687976,-0.143920025693838],[-78.134815180537657,-0.143854317610371],[-78.134824282397162,-0.143794711371549],[-78.134859184111448,-0.143664798588283],[-78.134932047003247,-0.143608241626003],[-78.134932033353692,-0.143489031246126],[-78.134922154944135,-0.143395803762148],[-78.134783219848785,-0.14315281415757],[-78.134670114138231,-0.143097042989228],[-78.134586602206099,-0.1429595023142],[-78.134547884305164,-0.142906779175827],[-78.134421108835468,-0.142792168641522],[-78.134413512736543,-0.142744026895785],[-78.134427927220145,-0.142678306698595],[-78.134411982122515,-0.142635515110104],[-78.134318592646409,-0.142413152928606],[-78.134191809296183,-0.142230531465285],[-78.134149296454424,-0.142180865488526],[-78.134068843309493,-0.142238951727282],[-78.134034682554599,-0.142210681494726],[-78.133999759651587,-0.142155665456119],[-78.133897266683618,-0.141978390398482],[-78.133859302506409,-0.141879817132243],[-78.133831961902388,-0.141753732562214],[-78.133806148000446,-0.141701772149122],[-78.133789433794277,-0.141572629664746],[-78.133693023240241,-0.141481704990098],[-78.133677078999156,-0.141446555128105],[-78.133641380743256,-0.141251696432115],[-78.133642125644329,-0.141130193593022],[-78.133626936261109,-0.141059127741172],[-78.133636031370372,-0.14094297309345],[-78.133607176399622,-0.140849747983246],[-78.133603377465704,-0.140818417535861],[-78.133628415830273,-0.140729006887742],[-78.133676979616695,-0.140594507518741],[-78.13369442804175,-0.140510446938477],[-78.133752099031383,-0.140363719777217],[-78.133760441737806,-0.140304877824982],[-78.133759675512422,-0.140243744449945],[-78.133826453425272,-0.140082496983449],[-78.133832512216188,-0.13996634266913],[-78.13386210260056,-0.13985782723127],[-78.133817295861078,-0.13966679048302],[-78.133821089065179,-0.139649214157601],[-78.133794521329776,-0.139642339815396],[-78.133760358271687,-0.139594965459319],[-78.133831697365096,-0.139492558373797],[-78.133856745369329,-0.139485677863321],[-78.133867367631296,-0.139447468173225],[-78.134002457324328,-0.139260230734947],[-78.134072274313567,-0.139124200372656],[-78.134085165861336,-0.139019507736184],[-78.134143603245761,-0.138936206348188],[-78.134169404965633,-0.138884239785189],[-78.134185324463132,-0.138710007429191],[-78.134199739891315,-0.138654221385948],[-78.134201254372627,-0.138623654458771],[-78.134234640730298,-0.138522016010794],[-78.134246774622866,-0.138429550142194],[-78.13424144569008,-0.138298877945087],[-78.134219421168709,-0.138198774510614],[-78.134226245109247,-0.138135347689599],[-78.134220925164769,-0.138080328190235],[-78.134212568814547,-0.138023780721133],[-78.134185993130799,-0.137950423746507],[-78.134203440363322,-0.137857957232703],[-78.134247453334311,-0.13775555330633],[-78.134246692270011,-0.137738741688084],[-78.134226939015818,-0.137589731195574],[-78.134219343343091,-0.137546938672946],[-78.134212510474399,-0.137535476972251],[-78.134216303646667,-0.137517900633519],[-78.13420566351347,-0.137406333304745],[-78.134199588783119,-0.137387229826735],[-78.134192757286442,-0.137387230656307],[-78.13415704548855,-0.137085388397838],[-78.134128945760722,-0.136963124845288]]}},
{"type":"Feature","properties":{"capa_cad":"ACAD-TOP-BASE PRESA POROTOG-Model|C3D-Superficie_ConMen","color":"#B8A15C"},"geometry":{"type":"LineString","coordinates":[[-78.135086769176098,-0.142518518376102],[-78.135120172575895,-0.1425613079466],[-78.135136878153475,-0.142616326179328],[-78.135122460407231,-0.142653772157204],[-78.135035176195444,-0.142716444228483],[-78.135051133882342,-0.142868512034171],[-78.134961541344694,-0.14266066848107],[-78.134951672737557,-0.142653027942759],[-78.13495013814385,-0.142510128495716],[-78.134963040682408,-0.142497900280486],[-78.135017691206485,-0.142484903011884],[-78.135086769176098,-0.142518518376102]]}},
{"type":"Feature","properties":{"capa_cad":"ACAD-TOP-BASE PRESA POROTOG-Model|C3D-Superficie_ConMen","color":"#B8A15C"},"geometry":{"type":"LineString","coordinates":[[-78.135997741022237,-0.136962897143091],[-78.135969663286801,-0.137024034150356],[-78.135956007160189,-0.137081348549373],[-78.135979561121204,-0.137274680645456],[-78.135975016957474,-0.137359504047713],[-78.135984884415464,-0.13735721033902],[-78.136019802200693,-0.137367140303199],[-78.136091921813602,-0.13744431269786],[-78.136109407746872,-0.137675089885803],[-78.136075259986015,-0.137756860204186],[-78.1360661528619,-0.137769852195787],[-78.136041864243552,-0.137779789347204],[-78.136038843632576,-0.137910462759155],[-78.136013067354369,-0.138175632814532],[-78.135985004205821,-0.138359801132377],[-78.13598501757312,-0.138472134094697],[-78.136004028034634,-0.138758695491137],[-78.136045793727433,-0.138906939419939],[-78.136066308174549,-0.139075054327502],[-78.136048126255787,-0.139374611096801],[-78.136041320823153,-0.13959545700138],[-78.136031460209423,-0.139655827598826],[-78.136050463183437,-0.139881255438033],[-78.136060340451522,-0.139962256265952],[-78.136106661770384,-0.140122726421807],[-78.136130208591126,-0.140259510032636],[-78.136219802192429,-0.140471938625788],[-78.136242583384359,-0.140552937938577],[-78.136241069299217,-0.140587325768057],[-78.136212995476654,-0.140683614517428],[-78.136292705815023,-0.140763842914791],[-78.136324600938948,-0.140889927191561],[-78.136342820890036,-0.140912085965258],[-78.136345099667395,-0.140925840756514],[-78.136358004346206,-0.140931952588974],[-78.136373947483861,-0.140957168313857],[-78.13638533815471,-0.140998432150181],[-78.136348913421713,-0.141084023508467],[-78.136323108167858,-0.141106951662049],[-78.136321595046667,-0.141149745363624],[-78.136338301691111,-0.14121316950343],[-78.13630490506587,-0.141229221020387],[-78.136259370391002,-0.141304115060633],[-78.136217626635585,-0.141341564318539],[-78.136181207483858,-0.14147529835928],[-78.136162243066494,-0.141578463537525],[-78.136153136430195,-0.141596040519064],[-78.136090898850853,-0.141639605535517],[-78.136014996390998,-0.141667124589204],[-78.135984640254421,-0.141719855881203],[-78.135914047467807,-0.141715279171342],[-78.135883685919239,-0.141721396102976],[-78.135799439261262,-0.141795530478805],[-78.135782744897654,-0.141837561775164],[-78.135750106005332,-0.141842150631107],[-78.135633982970489,-0.141950676366032],[-78.135626397013041,-0.141990414075392],[-78.135590725706422,-0.142027862573114],[-78.135511791291663,-0.142092062079177],[-78.135435129093608,-0.142113467820259],[-78.135343294797039,-0.142212820615747],[-78.135351649805514,-0.142259433969281],[-78.135358497031703,-0.142395455319865],[-78.135366851327021,-0.142435955320198],[-78.135363058517157,-0.142457352507379],[-78.135369133877703,-0.142482569386827],[-78.135413177649355,-0.142643039815008],[-78.135435953387358,-0.142678188948056],[-78.135552115131475,-0.142905133726126],[-78.135548331717985,-0.143008297053483],[-78.135599961160551,-0.143126737317983],[-78.135613624349801,-0.14312826406608],[-78.135624254123172,-0.143154244593899],[-78.135688778389081,-0.143193209732224],[-78.13571990803554,-0.143265802224868],[-78.135732052323917,-0.143260451624552],[-78.135716113806069,-0.143274972701915],[-78.135713083718599,-0.143328464928961],[-78.135701702255588,-0.143366674733802],[-78.13563566461491,-0.143368974918774],[-78.135594682757855,-0.143431641586025],[-78.135588615474674,-0.143476728294564],[-78.135542316017407,-0.143502715435476],[-78.135510446593358,-0.143598240323545],[-78.135509697157218,-0.143682299055504],[-78.135482378124451,-0.143743435781797],[-78.135380674811657,-0.143832855390395],[-78.135385996411188,-0.143904686699237],[-78.135417142568969,-0.144122471383623],[-78.135417907636167,-0.144175198986423],[-78.135387558707578,-0.144292120413151],[-78.135348098050159,-0.144382296955565],[-78.135249434309472,-0.144501518749158],[-78.135243370719209,-0.144579464718517],[-78.135262359793401,-0.144691031254474],[-78.135259324609819,-0.144700201635657],[-78.135209232196445,-0.144746821725857],[-78.135216843813637,-0.144932513990972],[-78.135118181408401,-0.145063962430073],[-78.135116664593724,-0.145075425142601],[-78.135065056651811,-0.145144970459888],[-78.134996737375886,-0.145107534003998],[-78.134901859792194,-0.145146517507949],[-78.13495501702711,-0.145352837077959],[-78.134808524241961,-0.145397175648955],[-78.134803211541097,-0.145403289609005],[-78.134803212748722,-0.145413987975203],[-78.134803972494609,-0.145420101240493],[-78.134803972925866,-0.145423922085554],[-78.134803973098371,-0.145425450423596],[-78.134803973184617,-0.145426214592608],[-78.134802453606625,-0.145413223893034],[-78.134802452140192,-0.145400233019792],[-78.13480624698812,-0.145396411740484],[-78.134941353070701,-0.145344432781683],[-78.134879086559152,-0.145132765075332],[-78.135040750253168,-0.144998252763264],[-78.135075654102636,-0.144885915883565],[-78.135067300588275,-0.144851529229106],[-78.135023263206406,-0.144744550605167],[-78.135016400802783,-0.144472507170566],[-78.134952631673286,-0.144398390114015],[-78.134857720101365,-0.144138583576311],[-78.134690702460205,-0.143916229706214],[-78.134676279092716,-0.143904768841085],[-78.134711179068972,-0.143759572699297],[-78.134708121342626,-0.143571587489034],[-78.134698249856342,-0.14353872936924],[-78.134592722293391,-0.143374445305003],[-78.134481888168921,-0.143269767055177],[-78.134436336242103,-0.143194883811235],[-78.134326261349173,-0.143091733841557],[-78.134282230338968,-0.143041303835139],[-78.134274636623175,-0.143013794647407],[-78.134298912161668,-0.142889996492295],[-78.13428752079075,-0.142841855193715],[-78.134336080097924,-0.142666090725922],[-78.134291283141167,-0.142556055667853],[-78.134196383405197,-0.142401704699826],[-78.134137167910737,-0.142322238097221],[-78.134086314119386,-0.14234746161366],[-78.13405747081373,-0.142354342506966],[-78.133932219464953,-0.142291695356352],[-78.133919313054648,-0.142270300151707],[-78.133830477177625,-0.142041824213283],[-78.133799350345328,-0.141993685259047],[-78.133764413978241,-0.141822515653824],[-78.133676343027972,-0.141645238964835],[-78.133672544115242,-0.141613908512916],[-78.133647492372788,-0.141588693909086],[-78.133565491792382,-0.141393840671989],[-78.133519916024852,-0.141114924664608],[-78.133527492762298,-0.140996477703307],[-78.133488767766735,-0.140883385396529],[-78.133459910563431,-0.140771056096898],[-78.13347052723762,-0.140684703840748],[-78.133557794848031,-0.140482188928724],[-78.133588151851754,-0.140437863569577],[-78.133654169294445,-0.140264389537629],[-78.13377480677805,-0.13981962922407],[-78.1337611345228,-0.139740921517134],[-78.133752784738178,-0.139739394176989],[-78.133742915583852,-0.139727168661795],[-78.133687494040856,-0.139637767588153],[-78.133670788888409,-0.139587334477707],[-78.13371404970303,-0.139542243379535],[-78.133774760125263,-0.139423790031234],[-78.133854445649376,-0.139294636040725],[-78.133888597798133,-0.139249546014853],[-78.13391060840749,-0.1392327316729],[-78.134003195232935,-0.139081415219767],[-78.134126140811389,-0.138901056690526],[-78.134133724479824,-0.138842978967753],[-78.134139019012167,-0.138684031266528],[-78.134145845791949,-0.138644293678815],[-78.134201237395573,-0.138480754928112],[-78.134211099753443,-0.13843566779075],[-78.13420653278709,-0.13832944890188],[-78.134182987610558,-0.138207948932251],[-78.134186778062116,-0.138167447538133],[-78.134180699701758,-0.138117777312397],[-78.134111604356065,-0.137938970214417],[-78.134133602084702,-0.137814408075493],[-78.134141940369631,-0.137719650161592],[-78.134117634796056,-0.137587451943611],[-78.13409030204464,-0.137530906785127],[-78.134072077586509,-0.137471303849865],[-78.134083462132125,-0.137460604108645],[-78.134082699141771,-0.137427744953801],[-78.134053812799863,-0.137075466770046],[-78.134031027653393,-0.136963136771979]]}},
{"type":"Feature","properties":{"capa_cad":"ACAD-TOP-BASE PRESA POROTOG-Model|C3D-Superficie_ConMen","color":"#B8A15C"},"geometry":{"type":"LineString","coordinates":[[-78.136031139503274,-0.136962893072327],[-78.135986368863726,-0.137076759833033],[-78.136000808555437,-0.137223478682683],[-78.136012960519025,-0.137282318282175],[-78.136010691874475,-0.137353386353237],[-78.136014488164463,-0.137361791760107],[-78.136062310276358,-0.13737477683593],[-78.1361101373369,-0.137429027087167],[-78.13611849226956,-0.137473347927163],[-78.136132180264127,-0.137681964653643],[-78.136126111194628,-0.137710239676524],[-78.136094237768049,-0.137768320452722],[-78.136085130278218,-0.137778255764947],[-78.136064636484846,-0.137784371607207],[-78.136064653194396,-0.137924214692601],[-78.136041151258127,-0.138165695213283],[-78.136044191127581,-0.138196261640487],[-78.136020679311869,-0.138355211808874],[-78.136016898579285,-0.138477479440123],[-78.136037422617406,-0.138725832169679],[-78.136086024717741,-0.138915340453851],[-78.136098183388143,-0.139031492817285],[-78.136080773088224,-0.139437269117501],[-78.136061064403933,-0.139664229929166],[-78.136092978713151,-0.139952318165192],[-78.136118797062963,-0.140040958795813],[-78.136125636477843,-0.140108204933296],[-78.136153737550558,-0.140244223834181],[-78.136171202311274,-0.140299241991917],[-78.136241813132969,-0.140457416780795],[-78.136346609207422,-0.140852480251625],[-78.136371661384814,-0.140880751576415],[-78.136377736785903,-0.140905968469548],[-78.136395195716489,-0.140911315592493],[-78.136425566914539,-0.14098772900731],[-78.136428605104939,-0.141004540390309],[-78.136414951895276,-0.141088600718236],[-78.136430908042541,-0.14122538528259],[-78.136425606310951,-0.141325492194318],[-78.13640056046313,-0.141351476934807],[-78.136368681947516,-0.141367528269481],[-78.136301133192802,-0.141430198184761],[-78.136282918855514,-0.141456182114205],[-78.136246503330582,-0.141621247128463],[-78.13612126883865,-0.141706084740973],[-78.136094703011381,-0.141716022076903],[-78.136056757990346,-0.141783273491825],[-78.136027917211408,-0.141812315339173],[-78.136016531274507,-0.141811552508557],[-78.135955811008785,-0.14184823980099],[-78.135901918796108,-0.14185512366587],[-78.135863969784793,-0.141887987426629],[-78.135774402368526,-0.141898696330482],[-78.135696987213265,-0.14197282988318],[-78.135691677095551,-0.142001104782998],[-78.13565145144878,-0.142038553817357],[-78.135623366277201,-0.142037792945148],[-78.135609706981526,-0.142069889670696],[-78.135566444844713,-0.142105046547464],[-78.135448035879136,-0.142137919728597],[-78.135369103854131,-0.142222751792149],[-78.135381257235423,-0.142296110631183],[-78.135385821728292,-0.142383989579402],[-78.135398732832186,-0.142445885791132],[-78.135392663912327,-0.142476453278316],[-78.135430633385852,-0.142620876861053],[-78.135470870500967,-0.142682769885335],[-78.135542996955337,-0.14282260448119],[-78.135558182919866,-0.142864632033113],[-78.135583233536494,-0.142879912501274],[-78.135591584914863,-0.142895194918075],[-78.135615883245677,-0.142969316532112],[-78.135615884915751,-0.142983835753785],[-78.13565839839741,-0.143038851008983],[-78.135665990981522,-0.143056426025156],[-78.135681931604239,-0.143060245015952],[-78.135699391921037,-0.143077818883086],[-78.135698640328798,-0.143142773388959],[-78.135706234667168,-0.143175631798876],[-78.135738882866661,-0.143252044963717],[-78.135751786036138,-0.143245165935534],[-78.135734329580842,-0.143261215529276],[-78.135731298880231,-0.143309358569746],[-78.135703983543422,-0.143402590441268],[-78.135682729000919,-0.143394187045477],[-78.135672102386991,-0.143395716619675],[-78.135634915108284,-0.143452269490585],[-78.13562657275628,-0.143515696534683],[-78.135599248391557,-0.143530218928871],[-78.135590900259999,-0.14354321078047],[-78.135574207671368,-0.143601289603461],[-78.135573459546563,-0.143696810883118],[-78.135549935268841,-0.143753362155636],[-78.135533239088474,-0.143780110023682],[-78.135461894612433,-0.143839723508781],[-78.135490004821662,-0.144059801065314],[-78.135488496295523,-0.14414385988314],[-78.135452836063749,-0.144279121998283],[-78.135400475188774,-0.144402159319771],[-78.135301812484016,-0.144530551149559],[-78.135291188477083,-0.144555005792735],[-78.135317014699069,-0.144716242555145],[-78.135235804622241,-0.144794961336704],[-78.135235810775328,-0.144849217357368],[-78.135247967971935,-0.144957728004212],[-78.135154618348324,-0.145083826650644],[-78.135158416914862,-0.145112864646914],[-78.13512653906723,-0.145135029210708],[-78.134958055926049,-0.145376525973099],[-78.134938319781057,-0.14537041487881],[-78.134810802358444,-0.145405581247615],[-78.134810061664879,-0.145568349335477],[-78.134777433458794,-0.145667695034611],[-78.13480323007596,-0.145567585947065],[-78.134799415744254,-0.14539870502916],[-78.134810801064461,-0.145394118712328],[-78.134823703116069,-0.145377305517255],[-78.134878345472885,-0.145291712327837],[-78.134807735739471,-0.145136594100874],[-78.134880590141009,-0.145004384498105],[-78.134973186394291,-0.144928721126374],[-78.13499443207985,-0.144859179293673],[-78.134962543151076,-0.144783530213601],[-78.134960246207186,-0.144609299915988],[-78.134938217606688,-0.144468695334591],[-78.134890390393508,-0.144409859826672],[-78.134826610044044,-0.144237164976546],[-78.134639095219271,-0.14399112423146],[-78.13451076424596,-0.143548685320193],[-78.134507723123733,-0.143505892218757],[-78.134491780680946,-0.143486025679911],[-78.134382453296425,-0.143282005316421],[-78.134210888523796,-0.143123078187003],[-78.134257162794881,-0.142878538830301],[-78.134249568108118,-0.142842623789166],[-78.134266262841237,-0.142803649240005],[-78.134276878440815,-0.142706598580079],[-78.134290536067297,-0.142659982695856],[-78.134287498612665,-0.142649284689125],[-78.134163748524855,-0.142440681117286],[-78.134112124558484,-0.14236961948039],[-78.134056715553186,-0.142387201841925],[-78.133917041451767,-0.142318443028891],[-78.133896543166202,-0.142285586187],[-78.133810744487377,-0.142065515747535],[-78.133758360487363,-0.141986048386558],[-78.133731778952836,-0.141859963735899],[-78.13363611568748,-0.141667404577233],[-78.133511596585123,-0.141373978653146],[-78.133469058281918,-0.141105760654628],[-78.133475122167539,-0.141032399797395],[-78.133408300819184,-0.140822261470798],[-78.133423464857657,-0.140676303568628],[-78.133509973498008,-0.140474552922763],[-78.133564615778937,-0.140392016272188],[-78.133613939474188,-0.140265158488378],[-78.133666291479685,-0.140071053525911],[-78.133670080739108,-0.140019853800963],[-78.133732296461972,-0.139792124235448],[-78.133649536252022,-0.139594978699411],[-78.133654844591163,-0.139552184642892],[-78.133685203362944,-0.139523142620263],[-78.133769439162364,-0.139359600527769],[-78.133833945926824,-0.139250316729555],[-78.133872654119784,-0.139219745356924],[-78.133975866897927,-0.13906155011713],[-78.134107164612942,-0.138902587306679],[-78.13411624517984,-0.138665693960413],[-78.134192883154967,-0.138441783335022],[-78.134189076153817,-0.138343206042339],[-78.134164770740881,-0.138211771974259],[-78.134161727510772,-0.138152931359568],[-78.13409490906362,-0.13797183148141],[-78.134065300533905,-0.137926749118103],[-78.134075906956028,-0.137756338250728],[-78.134044012391115,-0.137637131824343],[-78.134026541599226,-0.137532442856447],[-78.13400072384664,-0.137449915791216],[-78.134013626226931,-0.137436923360752],[-78.134021209179679,-0.137373496454485],[-78.134001436256909,-0.13706095394303],[-78.133984725295505,-0.136963142411599]]}},
{"type":"Feature","properties":{"capa_cad":"ACAD-TOP-BASE PRESA POROTOG-Model|C3D-Superficie_ConMen","color":"#B8A15C"},"geometry":{"type":"LineString","coordinates":[[-78.136057706477501,-0.136962889834194],[-78.136014454133473,-0.137078284752376],[-78.136026613537354,-0.137199022108106],[-78.136045600586314,-0.137287663502048],[-78.136044849779381,-0.137356438881091],[-78.136051682661702,-0.137367900598633],[-78.136105577501681,-0.137383177446819],[-78.136126074683162,-0.137405335883644],[-78.136142024851623,-0.137488628467932],[-78.136156472723158,-0.137704122636199],[-78.136110938654951,-0.137782073487246],[-78.136087408817943,-0.137789718037233],[-78.136089704703963,-0.137946372587212],[-78.136069993490054,-0.138149644160817],[-78.136079868147263,-0.138207719878911],[-78.136054077249639,-0.138350622759803],[-78.136048019620929,-0.138475183178764],[-78.136069299631686,-0.138697554048176],[-78.136124736690334,-0.138916099971677],[-78.13613081548381,-0.138969591135589],[-78.13612399674065,-0.139077339912821],[-78.136127037219723,-0.139113255534002],[-78.136112628801854,-0.1392286469191],[-78.136111887724823,-0.139380716819524],[-78.136089907920663,-0.139658877292764],[-78.136140810781569,-0.140050126211254],[-78.136187897699315,-0.140266380697669],[-78.136267620611434,-0.140453592864219],[-78.136367099093448,-0.140812740979917],[-78.13639063280138,-0.140837955803891],[-78.136463520557854,-0.140994602046198],[-78.136465799423789,-0.141009121009213],[-78.13645138519469,-0.141076369686918],[-78.136468097193159,-0.141185644040888],[-78.136465082516679,-0.141370573571895],[-78.136453701113226,-0.141408783422013],[-78.13643853233819,-0.141515004859286],[-78.13633076262289,-0.141655624854972],[-78.136317858569427,-0.141654862204674],[-78.136163022011473,-0.141749637512357],[-78.1360734637978,-0.141839820097512],[-78.136020329483557,-0.141836769666674],[-78.135920140849393,-0.141895622521497],[-78.135877638737909,-0.141939185192999],[-78.135847277631783,-0.141949122967003],[-78.135806288939335,-0.14195218446169],[-78.135757714555737,-0.141997276179024],[-78.135756198125407,-0.142011795580789],[-78.135710659081624,-0.1420492452408],[-78.135645380149072,-0.142048488734857],[-78.135613508102836,-0.142120324416215],[-78.13552166477281,-0.142141731938569],[-78.13546018360816,-0.142162371726499],[-78.135423752802424,-0.14219599945493],[-78.135394153943977,-0.142233447227385],[-78.135410863958441,-0.142326673939566],[-78.135412387016061,-0.14236946724954],[-78.13543061416172,-0.142454287923725],[-78.135422269396202,-0.142496318219638],[-78.135447329625237,-0.142594893147901],[-78.135550581620905,-0.142771404237583],[-78.135577157215366,-0.142846289750158],[-78.135621944704226,-0.142873794628439],[-78.135664462059694,-0.142962433341948],[-78.135713804415175,-0.142994522713597],[-78.135748725051712,-0.143029670447294],[-78.135731272025694,-0.143075522660226],[-78.135725207829012,-0.143147355313347],[-78.135733561574938,-0.143183270314258],[-78.13575633940961,-0.143236759539419],[-78.135771519836197,-0.143230644415648],[-78.135752545531162,-0.143248986695483],[-78.135750272659749,-0.143286431273368],[-78.135732820762911,-0.143342217687718],[-78.135737377555671,-0.143363613908217],[-78.135707784519596,-0.143452261025717],[-78.135685013441147,-0.143457612858274],[-78.135675906165915,-0.14346984062997],[-78.135664530037985,-0.143554664777355],[-78.135649349873404,-0.143563072404914],[-78.135639485290881,-0.143590583655006],[-78.135635704525967,-0.143717436244785],[-78.135594725270096,-0.143803027985866],[-78.135543873562625,-0.14384735570947],[-78.135562867075222,-0.143997130738754],[-78.135564395214899,-0.144085010058682],[-78.135516596007193,-0.144272237112949],[-78.135444504362482,-0.144436541867888],[-78.135455890901667,-0.144442653910837],[-78.135440710558896,-0.144449533185975],[-78.135357994102193,-0.144631415037797],[-78.135371669086595,-0.144736868841724],[-78.135261617990636,-0.144843101037006],[-78.135278331516304,-0.14496918705792],[-78.135275297888469,-0.144992112486483],[-78.135194849791361,-0.145096812913641],[-78.135200169150011,-0.145149539984602],[-78.13514400366644,-0.145190811563692],[-78.135011949504204,-0.145381868989533],[-78.134973240755116,-0.145409383508274],[-78.134821448450538,-0.145576753893736],[-78.134773642913586,-0.145709724762633],[-78.134763779489944,-0.1457479343383],[-78.134769093655109,-0.145754811252942],[-78.134899656514619,-0.145801410669715],[-78.134894343725108,-0.145806760459312],[-78.134884492328638,-0.145951953707855],[-78.134885252243564,-0.14595959531207],[-78.134887530270291,-0.145967236743343],[-78.134892846495987,-0.145992453717499],[-78.134892846839477,-0.145995510393802],[-78.134882974560398,-0.145955010557087],[-78.134888271449711,-0.145808289490077],[-78.134781998722858,-0.14576474397758],[-78.134753152622224,-0.145747171381898],[-78.13477591474448,-0.145662346024968],[-78.134775152675161,-0.145635600196811],[-78.134768312645434,-0.145559948246927],[-78.134739455681014,-0.145446090366233],[-78.134732613050531,-0.145347513350827],[-78.13473260864869,-0.145308540733527],[-78.13476523699498,-0.145210723366014],[-78.13473942253033,-0.145152649481192],[-78.134737902517202,-0.145135837937856],[-78.134873745826027,-0.144891288260968],[-78.134903345627833,-0.144861482266407],[-78.134910933934435,-0.144841612998053],[-78.134902582066715,-0.144821745561387],[-78.1348980194104,-0.144748385853284],[-78.134850923834051,-0.144448072829518],[-78.134830426719049,-0.144425150120572],[-78.134798536810919,-0.144341095204189],[-78.134615577479067,-0.14410498811712],[-78.13456469799479,-0.143905545922184],[-78.134469779530491,-0.143586134346828],[-78.134389308269562,-0.143486801743748],[-78.134324774630997,-0.143365306410679],[-78.13422836442642,-0.14327667404946],[-78.134220771943944,-0.143259863222179],[-78.13418356525051,-0.143146770594038],[-78.134180522359458,-0.143088694133979],[-78.134184310788086,-0.143029088541378],[-78.134215413781249,-0.142870137843561],[-78.134210856371382,-0.14284339247304],[-78.134238933943635,-0.142778434863207],[-78.134241197730248,-0.142662280964506],[-78.134237400691973,-0.142646998035079],[-78.134087081204726,-0.142417000861442],[-78.13405747857864,-0.142421589336249],[-78.133910213133063,-0.142345953891721],[-78.13386618051932,-0.142281768900857],[-78.133793289581135,-0.142094556192241],[-78.133716611575835,-0.141978411603647],[-78.133699903070593,-0.141898175894912],[-78.133640683050913,-0.141779736771951],[-78.133595883025862,-0.141643720095727],[-78.133479717792625,-0.141386973269895],[-78.133459219489808,-0.141354116457046],[-78.133418200630302,-0.141097360813455],[-78.133421232662471,-0.141061444554647],[-78.133358967614441,-0.140868117394135],[-78.13337867901835,-0.140662553850822],[-78.133467464280628,-0.140456217933015],[-78.133547909496485,-0.140331648969781],[-78.13358129733561,-0.140241473154394],[-78.133617715825139,-0.140103918542766],[-78.133625294164901,-0.139999990760711],[-78.133685990782325,-0.13976385553339],[-78.133629041860189,-0.139595745316099],[-78.133638900563511,-0.139519327313764],[-78.133663945859553,-0.139489521757716],[-78.133797509842182,-0.139238094400218],[-78.133848360564713,-0.13918765319527],[-78.133941707610362,-0.139046270845623],[-78.134048719629504,-0.138921698538761],[-78.134083632272777,-0.138888835099054],[-78.13409195414458,-0.13865499852307],[-78.134142033269399,-0.138499102106567],[-78.134174666375017,-0.138446370541916],[-78.134170859556235,-0.138349321587958],[-78.134146552415274,-0.138203368318878],[-78.134094157938179,-0.138038314236301],[-78.134076696753908,-0.138013862953315],[-78.134057714815498,-0.137967250967611],[-78.134015200799709,-0.137909179302355],[-78.134018987225673,-0.137835054499625],[-78.133996964222064,-0.137747941957588],[-78.133981769601036,-0.137634846863172],[-78.133945312645722,-0.137448394179571],[-78.133967304821994,-0.137277981942095],[-78.133939941049491,-0.136963147866235]]}},
{"type":"Feature","properties":{"capa_cad":"ACAD-TOP-BASE PRESA POROTOG-Model|C3D-Superficie_ConMen","color":"#B8A15C"},"geometry":{"type":"LineString","coordinates":[[-78.136085791565236,-0.136962886410982],[-78.136041779980218,-0.137076753084814],[-78.136044821622576,-0.137121838736351],[-78.136078240562838,-0.13729224455231],[-78.136081286137539,-0.137370189510577],[-78.136145049262907,-0.137390050179599],[-78.136164797919776,-0.137500088251806],[-78.136180001555289,-0.137688072214545],[-78.136177727859433,-0.137717110948428],[-78.136132952115204,-0.13778894834921],[-78.13611018115148,-0.137795064467468],[-78.136114756213715,-0.137968530482789],[-78.136099595325661,-0.138138178035111],[-78.136114786931117,-0.13822605573879],[-78.136098099522357,-0.138325399841106],[-78.136083680360883,-0.1383498550178],[-78.136079901265092,-0.138485877713613],[-78.136098142870694,-0.13868990887754],[-78.136113327267665,-0.138717417166506],[-78.136158892784565,-0.138903869148005],[-78.136162689517093,-0.138916095410769],[-78.136168002550505,-0.138913038092492],[-78.136161931638412,-0.138926029711088],[-78.136152082285008,-0.139081157391352],[-78.136157401833586,-0.139133120308646],[-78.136140716063068,-0.139246983629749],[-78.136139211773482,-0.139363901808727],[-78.136117992651904,-0.139655817256478],[-78.136155977619467,-0.139928621383807],[-78.136151425618209,-0.139948490345072],[-78.136154465710774,-0.139981349289714],[-78.136197757717937,-0.140200660907482],[-78.136219779602399,-0.140279367793723],[-78.136291909349879,-0.140444419937715],[-78.136332916411106,-0.140598013245633],[-78.136365566050102,-0.140685124758776],[-78.136389866774394,-0.140778350627393],[-78.136501474380907,-0.141003003425808],[-78.136493889968619,-0.141055732064685],[-78.136508327205604,-0.14118563928598],[-78.136508351070404,-0.141390436889354],[-78.13649014562462,-0.141492837839292],[-78.136454486659431,-0.141636506029866],[-78.136399081727831,-0.141690004463159],[-78.136395289106972,-0.14171293001261],[-78.136340635155051,-0.14169688887547],[-78.136323177471155,-0.141702240121209],[-78.136208568249927,-0.141774085591338],[-78.136119769442089,-0.141867324768709],[-78.136031717814348,-0.141858165083246],[-78.135996803252212,-0.14187574509461],[-78.135939878179144,-0.141911667767081],[-78.135852597315321,-0.142003378392898],[-78.135832862467865,-0.142008729898713],[-78.135769866806029,-0.142060700834866],[-78.135667394109788,-0.142059948694569],[-78.135643869912329,-0.142116500005778],[-78.135617306038057,-0.142143249057776],[-78.135472331336814,-0.142186823724917],[-78.13541996309047,-0.14224414257407],[-78.13545490254765,-0.142442058369765],[-78.135462495403857,-0.142461925887271],[-78.135451875409757,-0.14252076817865],[-78.13547161854207,-0.142587248613556],[-78.135559684749012,-0.142723260494062],[-78.135596890567172,-0.142827947377963],[-78.135660655785244,-0.1428669125855],[-78.135669006988479,-0.142880666664028],[-78.135801853728225,-0.142983814073825],[-78.135755565431538,-0.143106850786349],[-78.135751775856548,-0.14315652225582],[-78.135757092060288,-0.143180975066196],[-78.135776073472869,-0.143224530528325],[-78.135791253548632,-0.143215358725548],[-78.135771520011659,-0.143232172754975],[-78.13577000514465,-0.143260447209232],[-78.135755588246965,-0.143305534896714],[-78.135763942163621,-0.143342978239064],[-78.135735107834577,-0.143428568592454],[-78.135720695133514,-0.143510336418714],[-78.135723733460154,-0.143528676137375],[-78.135707799402056,-0.143582169861628],[-78.135715389441032,-0.143577583962957],[-78.135718426454162,-0.143584461137263],[-78.135724504766756,-0.143635659798038],[-78.135720710971555,-0.143648651122049],[-78.135702488544595,-0.143604331397234],[-78.135699467009516,-0.143732712245236],[-78.135654693516642,-0.143827474465391],[-78.135625852431417,-0.143854223741396],[-78.135635729329621,-0.143934460403927],[-78.135636501121269,-0.144046029074009],[-78.135584149581859,-0.144250832567267],[-78.13554620686034,-0.144339480612858],[-78.135569739607035,-0.144357053797067],[-78.135709414067989,-0.144428105459038],[-78.135609980896888,-0.144456391198289],[-78.135506755579982,-0.144512187471129],[-78.135421005659794,-0.14471852310032],[-78.135425564680389,-0.144759787725745],[-78.135291985261588,-0.144887419369532],[-78.135307180843768,-0.145015033907391],[-78.135231286819774,-0.145117441305795],[-78.135241921385642,-0.14518621532492],[-78.135161468176918,-0.145245829749104],[-78.135059012443463,-0.14539485447998],[-78.134984630993557,-0.145448354831529],[-78.134853330606632,-0.145592797801099],[-78.13486092486913,-0.145625656203177],[-78.134797937433376,-0.145751751285759],[-78.134897377884712,-0.145788420055134],[-78.13491104200962,-0.145798352694629],[-78.134895878854792,-0.145958065763261],[-78.13492397972162,-0.146098669677076],[-78.134945240580393,-0.146163621632611],[-78.134917926824571,-0.14627290092089],[-78.134945259436165,-0.14633173883664],[-78.134916409055407,-0.146275957769784],[-78.134939168304129,-0.146165150661552],[-78.134914113023854,-0.146107840829127],[-78.134878420997936,-0.145961888597545],[-78.134732658889234,-0.145754051241143],[-78.134687094104706,-0.145563778372465],[-78.134677218279023,-0.145491947620628],[-78.134663525592543,-0.145229075074054],[-78.134664282575173,-0.145210734932999],[-78.134677182375924,-0.145174053345903],[-78.134665034113411,-0.145144252149852],[-78.134752307885392,-0.14498835167128],[-78.134813771749975,-0.144814878246607],[-78.134759076515323,-0.144434328373093],[-78.13458978186452,-0.14421273890993],[-78.134513841965713,-0.143911665157712],[-78.134446259473933,-0.143679365666837],[-78.134252672333147,-0.143434854135204],[-78.134160796133983,-0.143168934132847],[-78.134152436258105,-0.14307952738066],[-78.134159250892608,-0.142932806217418],[-78.134174423033102,-0.142854859251505],[-78.134172144635954,-0.142844161156797],[-78.134185803762463,-0.14281053614479],[-78.134188833737312,-0.142756279819789],[-78.134190342957652,-0.142679098613637],[-78.134180469866166,-0.142632485481554],[-78.134062037849489,-0.142464382240378],[-78.13403243187247,-0.142439932310898],[-78.133897311931321,-0.142369644622877],[-78.13387757376185,-0.142345957712479],[-78.133837336160056,-0.142279479773817],[-78.133775834585975,-0.142122832467719],[-78.133674862577323,-0.141970010652965],[-78.133668786685462,-0.141940208803866],[-78.133644491259929,-0.141891304888464],[-78.133584503854337,-0.141701034050207],[-78.133551095769704,-0.141617743647257],[-78.133464541494888,-0.141428240137819],[-78.133407601629287,-0.141335782509289],[-78.13336886117952,-0.141089724961608],[-78.133323294361844,-0.140887989984406],[-78.13333161682084,-0.140655681916161],[-78.133421919472084,-0.140443232481616],[-78.133518302684422,-0.140300321592833],[-78.133543343875701,-0.140235364321495],[-78.133565347140035,-0.140155888212939],[-78.133581265928498,-0.13997401428593],[-78.133613132753652,-0.139859385255355],[-78.133638926049102,-0.139735586924153],[-78.133597922231871,-0.139609504061787],[-78.133622197480321,-0.13948647007629],[-78.133631305147148,-0.139478063136704],[-78.133691256864623,-0.139362666557741],[-78.133745895188511,-0.139247270602858],[-78.133820272276608,-0.139160146500009],[-78.133928798789213,-0.139005007298423],[-78.133981166440108,-0.138944631704646],[-78.13405934051552,-0.138872026309063],[-78.134066145725228,-0.138650416617007],[-78.13410560161779,-0.138524324057357],[-78.134156448323353,-0.13844025938847],[-78.134153403559594,-0.138368427907738],[-78.134132894427225,-0.1382453992394],[-78.134093406808887,-0.138104796991084],[-78.134075945443797,-0.13807881737004],[-78.134043296414802,-0.13799781945178],[-78.133989394477638,-0.137922173288273],[-78.133961306157147,-0.137894666621011],[-78.133890660502502,-0.137446872475815],[-78.133914172253782,-0.137288686756804],[-78.133914925352713,-0.137239015717194],[-78.133889084365478,-0.136963154060365]]}},
{"type":"Feature","properties":{"capa_cad":"ACAD-TOP-BASE PRESA POROTOG-Model|C3D-Superficie_ConMen","color":"#B8A15C"},"geometry":{"type":"LineString","coordinates":[[-78.136144997968657,-0.136962879194388],[-78.136097949513044,-0.137071397054817],[-78.136097951074063,-0.137084387942909],[-78.136135165946087,-0.137260142493426],[-78.136149601860993,-0.137375530397649],[-78.136192868814774,-0.137381638499186],[-78.136195146625695,-0.137386987412131],[-78.136227058488657,-0.137649858009362],[-78.136217960871761,-0.137742323680341],[-78.136176978854238,-0.137801169733962],[-78.136155726093918,-0.13780804983827],[-78.136164857318278,-0.137996798708185],[-78.136158797540489,-0.138103019062925],[-78.136171709247094,-0.13816797194765],[-78.136173232825513,-0.138213821960522],[-78.136185382556349,-0.138254321500673],[-78.136167931720166,-0.138316985543523],[-78.13614288676763,-0.138349847873393],[-78.136148962949662,-0.138381178107419],[-78.136139867364747,-0.138491219674195],[-78.136147460838174,-0.138515672196654],[-78.136160377970526,-0.138626475281172],[-78.136157348189926,-0.138680731711661],[-78.136192271687847,-0.138738804424618],[-78.136213537606039,-0.138842728982398],[-78.136249211089847,-0.138824384612979],[-78.136272742842152,-0.138832787653249],[-78.136268950369498,-0.138856477379723],[-78.13624921625734,-0.138867942302347],[-78.136215822933025,-0.138911504005598],[-78.136221138775497,-0.138932135956227],[-78.136214311976701,-0.138971873615322],[-78.136208254823643,-0.139101019068257],[-78.136213575004888,-0.139158331177966],[-78.136193857794069,-0.139312695875714],[-78.136174916576095,-0.139610724425733],[-78.136174920992758,-0.139648168752728],[-78.136188590408807,-0.139702423185881],[-78.136209105643971,-0.139878179828273],[-78.136201523353179,-0.139948484370056],[-78.136244815458525,-0.140168560165562],[-78.136272912850046,-0.140273248111846],[-78.136338968266571,-0.140422253413651],[-78.136375419022798,-0.140559035526147],[-78.136424774445047,-0.140701929477509],[-78.136431610248323,-0.140738608832501],[-78.136505256541881,-0.140890669963091],[-78.136529551540264,-0.140934988956108],[-78.136579657505962,-0.141005286683031],[-78.136587251197938,-0.14103203174217],[-78.136599409931478,-0.141150476689626],[-78.136598661657032,-0.141242941376291],[-78.136605499759867,-0.141299489165981],[-78.136594887292404,-0.1414225218264],[-78.136550894606273,-0.141702977480727],[-78.136531921290782,-0.141729725671234],[-78.13652964669383,-0.141751886874391],[-78.136482590668834,-0.141799270962306],[-78.136456784155314,-0.141811500720721],[-78.136378598199002,-0.141784763965541],[-78.136364175854055,-0.141782473152265],[-78.136352031566702,-0.141787823771674],[-78.136305732652829,-0.141818396020486],[-78.136210862621297,-0.141922334295993],[-78.136051458691981,-0.141904777123832],[-78.136034001011339,-0.141910128364816],[-78.135983147767348,-0.14194070113464],[-78.135898143624686,-0.142028590645745],[-78.135863228621062,-0.142042349800962],[-78.135835147427414,-0.142075976565702],[-78.135810099273456,-0.142082092863516],[-78.135712180911597,-0.142081340186882],[-78.135695486007677,-0.142118786458072],[-78.135666645140148,-0.142147064117618],[-78.135621104680311,-0.142172287056026],[-78.135577084013931,-0.142212029035495],[-78.135497385937626,-0.142236491803809],[-78.135471581296613,-0.142264769099361],[-78.135495885403941,-0.142388561708544],[-78.135498168574799,-0.142440524966733],[-78.13550500263986,-0.142462685082261],[-78.13550653027886,-0.14254521520933],[-78.135586246698153,-0.142679699727128],[-78.13563484047846,-0.142802725352499],[-78.135651542093896,-0.142823355981925],[-78.135756298647706,-0.142882184819114],[-78.13581323298088,-0.142926500019369],[-78.135842080115822,-0.142952478425425],[-78.135855747352011,-0.142989156978839],[-78.135856510187679,-0.143022016188451],[-78.13580642818286,-0.143158808401772],[-78.135805671145334,-0.143176384392992],[-78.13581326407953,-0.14319701609109],[-78.135829962005175,-0.143185551601788],[-78.13580871053064,-0.143203894148402],[-78.135802640974674,-0.143229112454844],[-78.135817071467841,-0.143302471067448],[-78.135800377398624,-0.143347559021056],[-78.135785964264727,-0.143425506004715],[-78.135813305095581,-0.14355464750786],[-78.135804959324972,-0.143588271943369],[-78.135922623229646,-0.143676901982207],[-78.135928698917141,-0.143705175559477],[-78.135913525303067,-0.143770895919237],[-78.135825489420469,-0.143899286633647],[-78.135790585213229,-0.144007802770553],[-78.135785276352792,-0.14404754020831],[-78.135782243614329,-0.144078107346353],[-78.135793637392155,-0.144147645470827],[-78.135790614404002,-0.144263799612803],[-78.135820990150492,-0.144382242410543],[-78.135852115206831,-0.144415098118495],[-78.135830869708869,-0.144486168352173],[-78.135700325373676,-0.144603865521357],[-78.135635809746177,-0.144640553090531],[-78.135616079834293,-0.144689462214332],[-78.135572062979122,-0.144763591725014],[-78.135354996710063,-0.14497376327195],[-78.135367152772375,-0.14507233972929],[-78.135307955382075,-0.145151820134566],[-78.135324665247396,-0.145245811051775],[-78.135322390065539,-0.145263387208037],[-78.135196397191052,-0.145355866124949],[-78.135143271806115,-0.145431524962168],[-78.135078757818889,-0.145482731679574],[-78.134996785803466,-0.145536232893985],[-78.134917853976887,-0.145624885531682],[-78.134938358818232,-0.145716583483369],[-78.1349201455197,-0.145752501510066],[-78.134952786474315,-0.145766252829659],[-78.134947478157301,-0.145811339413444],[-78.134985463856481,-0.146104011863831],[-78.134933108029543,-0.146273663364636],[-78.134955122280914,-0.146288180076048],[-78.134973346049435,-0.146345490690442],[-78.135054573349564,-0.146419605875361],[-78.13510848344059,-0.146572433600665],[-78.135108484808512,-0.14658466030816],[-78.13505915257349,-0.146641978591325],[-78.135104700039477,-0.146678653552087],[-78.135184407594579,-0.146738249724641],[-78.135196553603123,-0.1467481825498],[-78.135206422101717,-0.146755058955879],[-78.135211736007179,-0.146759643369902],[-78.135214013346456,-0.146761171450637],[-78.135214772487998,-0.146761935533968],[-78.135055357720404,-0.146645799867382],[-78.135058392406521,-0.146632044477949],[-78.135100133994555,-0.146573962885904],[-78.13509178189797,-0.146551802925692],[-78.135041677526175,-0.146492203411843],[-78.135040913764158,-0.14645017419342],[-78.134931603878414,-0.14639822310047],[-78.134931601994907,-0.146381411380273],[-78.134864778763131,-0.146146819065454],[-78.134851873354378,-0.146133829659614],[-78.13485187060914,-0.146109376250118],[-78.134882989499332,-0.146087975974843],[-78.134857169751271,-0.145982523583158],[-78.134706859333974,-0.145828178573875],[-78.134681047395446,-0.145792265576999],[-78.134668900266774,-0.145772398570269],[-78.134650673980175,-0.145692927081698],[-78.134596009912727,-0.145585949677636],[-78.13456788457151,-0.145229086030284],[-78.13453219651214,-0.145119049805173],[-78.134607312478607,-0.144849289573962],[-78.134623241556426,-0.144751474124217],[-78.134540470466831,-0.144451929452304],[-78.134543499736978,-0.144390795595199],[-78.134482753627182,-0.14420052456496],[-78.134392386268374,-0.143852074048569],[-78.134335448637088,-0.143777956274477],[-78.134232951243675,-0.143560180082472],[-78.134220039602795,-0.143492934740558],[-78.134182077029209,-0.143407352262575],[-78.134112220539578,-0.143203327369687],[-78.13410690241588,-0.143162062886152],[-78.13410917291317,-0.143103985811487],[-78.1340970194249,-0.143029098708176],[-78.134105351020693,-0.142872443183689],[-78.134084090701265,-0.142813604684989],[-78.134086358100845,-0.142728781712083],[-78.134045360488585,-0.142653897983126],[-78.134011949195653,-0.142542333285241],[-78.133997524237685,-0.142517117411415],[-78.133996003482522,-0.142494192534707],[-78.133972470037662,-0.142470506064056],[-78.133877582408857,-0.142420846215049],[-78.133846457002321,-0.142384933942492],[-78.133774332910292,-0.142264967954046],[-78.133737128700517,-0.142174036282742],[-78.133624009787908,-0.142003640024346],[-78.133598194928481,-0.141943273764587],[-78.133538967032251,-0.141756823682817],[-78.133455447402312,-0.14155356478135],[-78.133425837427652,-0.141494727323766],[-78.133303606504171,-0.141296058035939],[-78.133279288267886,-0.141051527143642],[-78.133252707537721,-0.140933084247073],[-78.133247364967318,-0.140683201949064],[-78.133255708670916,-0.140632765873247],[-78.133339179909598,-0.140421081430505],[-78.133469712689475,-0.140210919696024],[-78.133489416521385,-0.139941930165962],[-78.133544796586747,-0.139679049712383],[-78.133516701563579,-0.139594230400539],[-78.133601685320386,-0.13933669555759],[-78.133638109210764,-0.139245755176652],[-78.133723113241743,-0.139160158145204],[-78.133846059528693,-0.13898591301739],[-78.134011515875869,-0.138836880303022],[-78.134013784523361,-0.13876504819164],[-78.134007702109145,-0.138680990388506],[-78.13402287422997,-0.138605335881562],[-78.134034256063359,-0.138571711097175],[-78.134119252620479,-0.138423452162255],[-78.134116210946758,-0.138377602414818],[-78.134091905903603,-0.138249225028503],[-78.134017496378434,-0.138063541061833],[-78.133978778191093,-0.138010053946979],[-78.133903624997018,-0.137953514567792],[-78.133880852344035,-0.137945111469046],[-78.133837580373822,-0.1378962099256],[-78.133793528806407,-0.13767537060127],[-78.133779081529767,-0.137464461889672],[-78.133811695894266,-0.137255839968825],[-78.133813967193447,-0.137206932917463],[-78.133785852894505,-0.136963166633198]]}},
{"type":"Feature","properties":{"capa_cad":"ACAD-TOP-BASE PRESA POROTOG-Model|C3D-Superficie_ConMen","color":"#B8A15C"},"geometry":{"type":"LineString","coordinates":[[-78.136174601171504,-0.136962875586035],[-78.136174601171504,-0.136962875586035]]}},
{"type":"Feature","properties":{"capa_cad":"ACAD-TOP-BASE PRESA POROTOG-Model|C3D-Superficie_ConMen","color":"#B8A15C"},"geometry":{"type":"LineString","coordinates":[[-78.136174601171504,-0.136962875586035],[-78.136128311128473,-0.137066044167533],[-78.136128313791431,-0.13708820509488],[-78.136156413932639,-0.137213525542805],[-78.136157938190848,-0.137264724743299],[-78.13617008712923,-0.137298346743381],[-78.136177685210399,-0.137361007755619],[-78.136183000163783,-0.137373997998899],[-78.136217158257125,-0.1373785788675],[-78.1362194359765,-0.137383163610584],[-78.136251344731591,-0.137620052433593],[-78.136237697804319,-0.137754548007952],[-78.136198992224337,-0.137807280426679],[-78.136178498428777,-0.13781339626911],[-78.136188385242633,-0.137973106592966],[-78.136188398557422,-0.13808467540545],[-78.136204348951665,-0.138170260513629],[-78.136205113564628,-0.13821687478945],[-78.136216504512319,-0.138259666932328],[-78.136205124307736,-0.138307046844705],[-78.136172489972168,-0.138349844301134],[-78.13618008599569,-0.138395693581739],[-78.136167192763523,-0.138485867190585],[-78.136181620563136,-0.138534008158432],[-78.136190737598966,-0.13860431069613],[-78.136186191612538,-0.138674614879803],[-78.136230225423844,-0.138746441557458],[-78.136240859563031,-0.138808338047439],[-78.136250726845418,-0.138804516010676],[-78.136293994704886,-0.138818265867093],[-78.136288686748202,-0.138864116707045],[-78.136253772772264,-0.138886281834648],[-78.136242389551285,-0.138908444132816],[-78.13625074261698,-0.13893748158895],[-78.136240123342304,-0.139000908974424],[-78.136234824880702,-0.139126997659148],[-78.136238623601258,-0.139156035663053],[-78.136217395322959,-0.139370005803652],[-78.136204514373162,-0.139564870688721],[-78.136208314795581,-0.139608427922576],[-78.136203003112172,-0.139622947787081],[-78.136220472407572,-0.13971617443611],[-78.136236429432756,-0.139859072317946],[-78.136228089345522,-0.139940075331727],[-78.136268344329181,-0.140152509793553],[-78.136296442530309,-0.14026407527177],[-78.13636249794952,-0.140413080576059],[-78.136390597292618,-0.140534580280891],[-78.136452860261727,-0.14070803950717],[-78.136459695796802,-0.140742426352699],[-78.136512842197419,-0.140848639704888],[-78.136578130108745,-0.14092581316098],[-78.136620644526332,-0.140987705916252],[-78.136650261039449,-0.141101563780357],[-78.136652564584224,-0.141327757907613],[-78.136640434266468,-0.141453083262716],[-78.136607817215364,-0.141645658010586],[-78.136599478065619,-0.141735831080431],[-78.136523583287698,-0.141829832946634],[-78.136484870411735,-0.141821431628617],[-78.136460582277635,-0.14183595371838],[-78.136417316304559,-0.141838251317622],[-78.13637556685039,-0.141826793676773],[-78.136355073913663,-0.141840551148481],[-78.136311054207326,-0.141888699038159],[-78.136225286913557,-0.141941436850197],[-78.136197961138947,-0.141943732571318],[-78.136048425390015,-0.141929995085857],[-78.135998331201364,-0.141960567766042],[-78.135932301254996,-0.142029350804499],[-78.135876133643066,-0.142051518322701],[-78.135851088320607,-0.142082088052364],[-78.135799473722614,-0.142092792486432],[-78.13573419478486,-0.1420920359782],[-78.135724329883544,-0.142116490564623],[-78.135706114654255,-0.142134832773214],[-78.135618070046846,-0.142186042464288],[-78.135549003175328,-0.142248712465306],[-78.135509533665171,-0.142260943803797],[-78.135497390356278,-0.142274700277934],[-78.13550878291349,-0.142332775824822],[-78.135521709375197,-0.142527637535362],[-78.135606739984667,-0.142668998958745],[-78.135651537869222,-0.142786675841819],[-78.135663684971121,-0.142805778663749],[-78.135681903115568,-0.142812654063629],[-78.135718341341175,-0.142843216595872],[-78.135804879226342,-0.142890585017851],[-78.135858018103477,-0.142933372323497],[-78.135886111545105,-0.143005965173537],[-78.135887632030915,-0.143026597579657],[-78.13583223873573,-0.143181730488175],[-78.135860324439719,-0.143187076406849],[-78.135831480118114,-0.14318555142506],[-78.135825408807349,-0.143195486338066],[-78.135843636076402,-0.143281835395327],[-78.135829977356792,-0.143319281300206],[-78.135818598697767,-0.143381944539433],[-78.135858090915775,-0.143567633194504],[-78.13585050385106,-0.143598200864305],[-78.136027379244979,-0.143731145891702],[-78.136030417219601,-0.143746428936487],[-78.136023589293146,-0.143777760691654],[-78.135932518397681,-0.143916850146743],[-78.13592265397898,-0.143945889740261],[-78.135921901029874,-0.143999381711778],[-78.135967450529051,-0.144052868328388],[-78.13587333457744,-0.144114776961965],[-78.135850565670552,-0.144139233025174],[-78.135848305831118,-0.144291303062028],[-78.135871087793518,-0.144381472461776],[-78.135896139790205,-0.144408979683178],[-78.135860477431564,-0.144525901765692],[-78.13583618996843,-0.144546537146716],[-78.135788376443386,-0.144608440399899],[-78.135697298261633,-0.144684103680615],[-78.135659353074658,-0.14475135497222],[-78.135386122861988,-0.145016553185524],[-78.135396759252032,-0.145101374770694],[-78.135345910093534,-0.145168627509406],[-78.135364138934406,-0.145270259949966],[-78.135364142388809,-0.145300826725617],[-78.135213861694723,-0.145410884315382],[-78.135188816810711,-0.145446038968104],[-78.13511291810002,-0.145507181188647],[-78.135009694063783,-0.14557443987667],[-78.134964155787145,-0.145619531059062],[-78.134949736135127,-0.145640929441616],[-78.134979354121626,-0.145772363151456],[-78.135006702744491,-0.145973336520346],[-78.135013544294537,-0.146062743533262],[-78.13494904786225,-0.146270604876557],[-78.135003703835551,-0.146305750445861],[-78.135023442204741,-0.146331729954882],[-78.135073550778259,-0.146428773751323],[-78.135118351084387,-0.146571668312481],[-78.135201103072333,-0.146704624385022],[-78.135157078669835,-0.146712271064863],[-78.135260319444782,-0.146794025488303],[-78.135294490284181,-0.146913232038964],[-78.135304362022808,-0.14694914688232],[-78.135304362363826,-0.146952203559728],[-78.135243619525525,-0.146787914024322],[-78.13517150329848,-0.146735194509024],[-78.135064470323286,-0.146680950617797],[-78.135033345009319,-0.146645038192872],[-78.135041693685935,-0.146636631385711],[-78.135030304939491,-0.146610650924498],[-78.135027255974606,-0.146496790063199],[-78.134954383003858,-0.14646470322795],[-78.134914908413364,-0.146431848436423],[-78.134915660535285,-0.14636995065404],[-78.134859468459169,-0.146174329755757],[-78.134835935238939,-0.146152171529981],[-78.134835170864463,-0.146104793136142],[-78.134848072927099,-0.14608797994875],[-78.134867048123525,-0.14607727942223],[-78.134849581253206,-0.146000864504838],[-78.134763797373921,-0.145906881487712],[-78.134632466278177,-0.145778516077916],[-78.13455426589654,-0.145621870382745],[-78.13453221594888,-0.145290987792419],[-78.134468433331264,-0.145096896220267],[-78.134491954629013,-0.14501359912233],[-78.134547334340667,-0.144736963643401],[-78.134505568062991,-0.144576492992705],[-78.134516173647128,-0.144390034576772],[-78.134371901453989,-0.143936899149434],[-78.134213220088341,-0.143597626634219],[-78.134199547032267,-0.14350974882866],[-78.134150196003489,-0.143401242616482],[-78.134089451510945,-0.143226255074433],[-78.134081854994335,-0.143174292497104],[-78.134084882441272,-0.143097875290603],[-78.134069690975352,-0.143007705172131],[-78.134075750413643,-0.142894607522838],[-78.134061325462284,-0.142869391643175],[-78.134038545009972,-0.14279297744833],[-78.134030186514806,-0.142715797404399],[-78.134011205556092,-0.142676062858564],[-78.133964128540896,-0.142540810538126],[-78.133961847232484,-0.142504894887159],[-78.133945905045749,-0.142487320876802],[-78.133866958635835,-0.142446829183445],[-78.133829000675803,-0.142401747689456],[-78.133740173931685,-0.142251981093621],[-78.13371739609731,-0.142198491980955],[-78.133601999583192,-0.142024275149127],[-78.13356175843326,-0.141927230510204],[-78.133517717129322,-0.141788157075657],[-78.133431160133512,-0.141574964347786],[-78.133355239648338,-0.141445828883835],[-78.133277043946677,-0.141333505401221],[-78.133257303278029,-0.141288421817831],[-78.133238300028012,-0.14105764533106],[-78.133216274519185,-0.140946843579438],[-78.133205619731172,-0.140706896102174],[-78.133220790190592,-0.140615958317235],[-78.133307297015932,-0.140398924343278],[-78.133405196978543,-0.14024455076399],[-78.133418095619817,-0.140199463312808],[-78.133438561647864,-0.139957219587835],[-78.133489388286122,-0.139701981371903],[-78.13348634450513,-0.139637791611237],[-78.13347419413509,-0.139591178806085],[-78.133534899050517,-0.139426111227973],[-78.133591806593515,-0.139243468217918],[-78.133629753284382,-0.139192264400736],[-78.13368212183633,-0.139139530514778],[-78.133720824234445,-0.13906005237216],[-78.133788368635066,-0.138962994890615],[-78.13387185997739,-0.138923248111971],[-78.133987224119508,-0.138820071515149],[-78.133980376035097,-0.138680229507035],[-78.13399554897228,-0.138611452518185],[-78.133993269810603,-0.13859464108583],[-78.134002377836438,-0.138589290810128],[-78.134075989565915,-0.138449439106634],[-78.134101033933504,-0.138411991829611],[-78.134088121360449,-0.138339397373876],[-78.134075214149476,-0.138311888862966],[-78.134040282510668,-0.138185041102589],[-78.134006874070735,-0.138100986601551],[-78.133980302588583,-0.138062781387552],[-78.133959046860369,-0.138044443912812],[-78.133927163723968,-0.138020758544119],[-78.133876304851057,-0.138002424649437],[-78.133786725516472,-0.137911499444462],[-78.133778373540977,-0.137891632077837],[-78.133761662562407,-0.137793056384975],[-78.133729767372131,-0.137668500812016],[-78.133716086011319,-0.13751490464174],[-78.133713800521861,-0.137445365603946],[-78.133748696902671,-0.137277244338245],[-78.13375476146075,-0.137211525125403],[-78.133739561103184,-0.137051051627241],[-78.133715260791064,-0.136963175230537]]}},
{"type":"Feature","properties":{"capa_cad":"ACAD-TOP-BASE PRESA POROTOG-Model|C3D-Superficie_ConMen","color":"#B8A15C"},"geometry":{"type":"LineString","coordinates":[[-78.136270954748142,-0.143018911200547],[-78.136270954748142,-0.143018911200547]]}},
{"type":"Feature","properties":{"capa_cad":"ACAD-TOP-BASE PRESA POROTOG-Model|C3D-Superficie_ConMen","color":"#B8A15C"},"geometry":{"type":"LineString","coordinates":[[-78.136270954748142,-0.143018911200547],[-78.136272472773754,-0.143018146853568],[-78.136273231830515,-0.143018146765094],[-78.136276268233317,-0.143019674751155],[-78.136270954748142,-0.143018911200547]]}},
{"type":"Feature","properties":{"capa_cad":"ACAD-TOP-BASE PRESA POROTOG-Model|C3D-Superficie_ConMen","color":"#B8A15C"},"geometry":{"type":"LineString","coordinates":[[-78.136203445318642,-0.136962872070174],[-78.136157915524834,-0.137075974770959],[-78.136178420974133,-0.137166908498031],[-78.136180707593098,-0.137245617725084],[-78.136200450031438,-0.137303692241138],[-78.136204249897347,-0.137341900277624],[-78.136214880079578,-0.137370173274614],[-78.136242966087991,-0.137377811561134],[-78.136274873198431,-0.137600945328732],[-78.136258193885055,-0.137767536413969],[-78.136221005594862,-0.137813391119595],[-78.136201270490062,-0.137816450190278],[-78.136212675234461,-0.137974631993718],[-78.136211168430478,-0.138069389252941],[-78.136229398455868,-0.138175606676757],[-78.136224089523253,-0.138213051647409],[-78.136240034537622,-0.138253550731029],[-78.136232448614749,-0.138292524316547],[-78.136202093177459,-0.138349840728837],[-78.136211206677672,-0.138390340637735],[-78.136205897738094,-0.138427785606776],[-78.13622107805098,-0.13842090624613],[-78.136227153140581,-0.13844306644297],[-78.136199073047635,-0.138485099177362],[-78.136211221224542,-0.138512607831935],[-78.136208946508347,-0.138533240695379],[-78.136220337444485,-0.13857603284154],[-78.136215794183201,-0.138669262126174],[-78.136252236794903,-0.13873574052888],[-78.13626970171893,-0.13879152283821],[-78.136315246839885,-0.138806036590484],[-78.136304628750395,-0.138879398191159],[-78.136276545467638,-0.138894684967468],[-78.136268197657245,-0.138909969371108],[-78.136275032609859,-0.138939007010309],[-78.136265933802434,-0.13902230263482],[-78.136267460062342,-0.13909107775261],[-78.136255333064611,-0.13924238486891],[-78.136257614392122,-0.139277536415649],[-78.136241687391987,-0.139389107143871],[-78.136234113973188,-0.139534300348855],[-78.136239432960991,-0.139581678252084],[-78.136231849426508,-0.139641284418065],[-78.136252354136886,-0.139727633177101],[-78.136262993265177,-0.139832323197276],[-78.136254655878005,-0.139936251312929],[-78.136285037827989,-0.140103600924013],[-78.136319971941802,-0.140252609921191],[-78.136365527094654,-0.140352710779915],[-78.136408053896631,-0.140520058975719],[-78.136463481779685,-0.140662952208915],[-78.136487781345963,-0.140746243873051],[-78.136554594344418,-0.140883022416791],[-78.136632028773604,-0.140973949504053],[-78.136678347395147,-0.14111225884246],[-78.1367034022485,-0.141163455289645],[-78.136700387754829,-0.141349913199566],[-78.136688260368814,-0.141500456179052],[-78.136663984054437,-0.141616612923901],[-78.136642747151413,-0.141760279435397],[-78.136626051536268,-0.141791612380659],[-78.13657216621047,-0.141858101529792],[-78.136550912617011,-0.141858104029341],[-78.136479559230921,-0.141840536507215],[-78.136462102785586,-0.141856586133351],[-78.136392270001508,-0.141860415196209],[-78.136231361493472,-0.141959776215977],[-78.136173673629258,-0.14196360384406],[-78.136060572776003,-0.141951390414697],[-78.136017309563712,-0.141977377272777],[-78.135965699918344,-0.142030875222164],[-78.135892074713993,-0.142059158148702],[-78.135867788181969,-0.14208743528036],[-78.135791884397378,-0.142103491752821],[-78.135756208746955,-0.142103495939547],[-78.135739512337878,-0.142127951327919],[-78.135613517477481,-0.142201326389603],[-78.135522440360234,-0.142284631545866],[-78.135536888559656,-0.142510824030404],[-78.135627233271421,-0.142658298189974],[-78.13566595888328,-0.142777504122896],[-78.1356955626092,-0.142782085684163],[-78.135798804047766,-0.142866896466068],[-78.135879270102038,-0.142919614789399],[-78.135911919554175,-0.143006726334927],[-78.135916477672026,-0.143039585103868],[-78.135863360402354,-0.143184783544235],[-78.135891446019343,-0.143189365293348],[-78.135855011132108,-0.143187841195081],[-78.135870200772914,-0.14326196389194],[-78.135851233042303,-0.143337618901902],[-78.135902117243589,-0.143576798121412],[-78.135896048291428,-0.143607365616198],[-78.136132135530048,-0.143787682320433],[-78.136025886111071,-0.143949698640958],[-78.136036516132393,-0.143977971695183],[-78.136084346208392,-0.144061260677844],[-78.136101046327042,-0.144068900445481],[-78.136098771336648,-0.144088004955937],[-78.136054751977284,-0.144139973596513],[-78.135987198464605,-0.14416214232887],[-78.135910539934841,-0.144216407240596],[-78.135907515982879,-0.144324155527005],[-78.135924222447812,-0.144387579690492],[-78.135940164723095,-0.144405917926422],[-78.135907537460312,-0.14451290545691],[-78.13589767650096,-0.144572511834601],[-78.135809637663698,-0.144675684885259],[-78.135757267451609,-0.144716956074708],[-78.135742089358303,-0.144743703758994],[-78.135420284805733,-0.14505552190588],[-78.13541724970537,-0.145065456456824],[-78.13542636564533,-0.145129645644122],[-78.135384623948738,-0.145186198967709],[-78.135405891172709,-0.145306935299695],[-78.135405135656285,-0.145338266332797],[-78.135344416595089,-0.145386415956175],[-78.135233602847109,-0.145461317231218],[-78.135234362679384,-0.14546819466814],[-78.135205520270873,-0.1454834813528],[-78.135121272629604,-0.145550737879988],[-78.135018048331531,-0.145615704057137],[-78.134981618294105,-0.145656973352404],[-78.13502490522184,-0.145841133179846],[-78.135044656833898,-0.145984794734419],[-78.13504694095711,-0.146046692178425],[-78.135045424304309,-0.146059683227275],[-78.135025690220814,-0.146071912180653],[-78.134965746836841,-0.14626831047124],[-78.135021921180126,-0.14630574837589],[-78.135053049929439,-0.146372227558444],[-78.135089491127005,-0.146430300280195],[-78.135128976159791,-0.146556383722776],[-78.135277018937501,-0.146796316105804],[-78.135301321790294,-0.146913231266276],[-78.135321823981997,-0.146982004190799],[-78.135458467491972,-0.147101963349126],[-78.135307402680368,-0.146988883345321],[-78.135280827357363,-0.14691399775365],[-78.135223129531795,-0.146828417317227],[-78.135223887137244,-0.146815426353289],[-78.135084972096735,-0.146745902678023],[-78.134999187743972,-0.14664733457133],[-78.13502195686138,-0.146624406915884],[-78.135015882703769,-0.146609124221049],[-78.135013598183292,-0.146543405931849],[-78.134974125474415,-0.146527362856827],[-78.134898212947547,-0.146465473771393],[-78.134898200450067,-0.146353905086061],[-78.134854158154567,-0.146201840445819],[-78.134819997123401,-0.146170513399839],[-78.134816194467163,-0.14610479529556],[-78.134835167775378,-0.146077283050857],[-78.134851865889573,-0.146067346952558],[-78.134836677989824,-0.146006979326716],[-78.134652965513411,-0.145820543030239],[-78.134644615126163,-0.145813666462244],[-78.134618048776701,-0.145819018674223],[-78.134575537184205,-0.145779286740798],[-78.13455428009776,-0.145747958242462],[-78.134516318536271,-0.145670017352944],[-78.134495028263373,-0.145344483867487],[-78.134434283348455,-0.145163382819618],[-78.134413779425856,-0.145080090774342],[-78.134471425135573,-0.144704877282065],[-78.134489607482749,-0.144396915158883],[-78.134369633442844,-0.144017137128842],[-78.134305102477086,-0.143918566828167],[-78.13432028184188,-0.143903281697987],[-78.134197285257983,-0.14364424276792],[-78.134180572835021,-0.143528855245775],[-78.13411451847594,-0.143384435051753],[-78.134064404352046,-0.143240777189311],[-78.134056807222336,-0.14318346543341],[-78.134060592584248,-0.143097113949567],[-78.134041602504581,-0.142977905871971],[-78.134045390312153,-0.142912951106759],[-78.13402792764613,-0.142874744717096],[-78.134007418025931,-0.142743310128069],[-78.133958827224006,-0.142645502236625],[-78.133930732844519,-0.142564503663412],[-78.133927690983327,-0.1425155972389],[-78.133915544602019,-0.142502607795655],[-78.133857093829249,-0.142472047894216],[-78.133803952563397,-0.142407863967104],[-78.133705255545649,-0.142235937649731],[-78.133583026128875,-0.142049494926081],[-78.13353063700535,-0.141925705827933],[-78.133496467314473,-0.14182025463544],[-78.133410669381107,-0.141607061819715],[-78.133255036605448,-0.141378593907583],[-78.133210240020688,-0.141272379842409],[-78.133201113030509,-0.141114962321464],[-78.133182121161667,-0.140981999343543],[-78.133173754614802,-0.140836808425679],[-78.133162358797904,-0.140751222966931],[-78.133166907588318,-0.14070384401673],[-78.133179043526937,-0.140627425785389],[-78.13319270123587,-0.140582338257666],[-78.133272378710018,-0.140383645129733],[-78.133341439876759,-0.140274360897559],[-78.133371789065663,-0.140163552920813],[-78.133386190014093,-0.139983971710047],[-78.13343094601808,-0.139744017593774],[-78.133424856836754,-0.139601883053541],[-78.13350453388216,-0.139400897310902],[-78.133534884524124,-0.139303080153441],[-78.133542468481366,-0.139247294968286],[-78.133559923039201,-0.139215961981855],[-78.133641130522491,-0.139119667054001],[-78.133721570804639,-0.138954597057035],[-78.133737508604767,-0.138934726767809],[-78.133874890402524,-0.138874340970229],[-78.133960654926383,-0.13880097049627],[-78.133952291632184,-0.138685582064442],[-78.133956085002922,-0.138669534070519],[-78.133941655426881,-0.138606109825044],[-78.133943931230846,-0.138594647024371],[-78.133961386683779,-0.138570955701048],[-78.134000095860401,-0.138548790154894],[-78.134051699801702,-0.138449442033423],[-78.134075985386261,-0.138414287354298],[-78.134017511949907,-0.138194213873604],[-78.13398865966316,-0.138125442193229],[-78.133972717138988,-0.138105575738464],[-78.133942352204528,-0.138082654352811],[-78.133868720770835,-0.138056681522649],[-78.133726000576516,-0.137906921779617],[-78.133666765727142,-0.137667744277412],[-78.133653845708494,-0.137533252229707],[-78.133647004519091,-0.137452251224686],[-78.133675064641338,-0.137244394049724],[-78.133682639420613,-0.137112956185565],[-78.133643909637215,-0.136963183920111]]}},
{"type":"Feature","properties":{"capa_cad":"ACAD-TOP-BASE PRESA POROTOG-Model|C3D-Superficie_ConMen","color":"#B8A15C"},"geometry":{"type":"LineString","coordinates":[[-78.136273990008306,-0.143010504976576],[-78.136308149935928,-0.143031133585176],[-78.136355973501878,-0.143057109793007],[-78.13627323244576,-0.143023495955115],[-78.136185943031393,-0.143041846209038],[-78.136273990008306,-0.143010504976576]]}},
{"type":"Feature","properties":{"capa_cad":"ACAD-TOP-BASE PRESA POROTOG-Model|C3D-Superficie_ConMen","color":"#B8A15C"},"geometry":{"type":"LineString","coordinates":[[-78.13622849418384,-0.136962869016887],[-78.136189035922882,-0.137068329281142],[-78.136199668957573,-0.137120291543855],[-78.136203477087165,-0.13722727487604],[-78.136246000848047,-0.137365584472329],[-78.136267255623039,-0.13737551609918],[-78.136298400201397,-0.137569611502683],[-78.136276411608492,-0.137770590886272],[-78.136243018691786,-0.137817209302779],[-78.136224043008468,-0.137823324961413],[-78.136233165381682,-0.13793794935483],[-78.136232421375951,-0.138064037493099],[-78.13625444796061,-0.138180952840094],[-78.136249897264648,-0.138211520189973],[-78.136262804778326,-0.138241321261142],[-78.136255218855737,-0.138280294847529],[-78.136231694472713,-0.138333789586976],[-78.136237774294415,-0.138395686622604],[-78.136254481177858,-0.138459874887476],[-78.136230195548549,-0.13849502963522],[-78.136234752523634,-0.138517190015614],[-78.13625069362071,-0.138524829794288],[-78.136242354717382,-0.138615002858769],[-78.136245396663824,-0.138663145202227],[-78.136282598605717,-0.138731916025113],[-78.136300062714156,-0.138780820805648],[-78.136336498884418,-0.138793043143337],[-78.136322847469458,-0.138890858551781],[-78.136297800322026,-0.138905380793133],[-78.136292488466026,-0.138918372322043],[-78.136298563546632,-0.13894053252292],[-78.136282654492405,-0.139203408922176],[-78.136284183362307,-0.139294344971579],[-78.136265979100102,-0.139405151804873],[-78.136262955328434,-0.139510607628172],[-78.136267514629452,-0.139552636433277],[-78.13625993416116,-0.139638224380792],[-78.136283476179884,-0.139733742819288],[-78.136290316964391,-0.139812451514848],[-78.13628198209733,-0.139937776393463],[-78.136326035509825,-0.140176956364566],[-78.136344260769278,-0.140244201159968],[-78.13638070553921,-0.14032978387227],[-78.136425510321573,-0.140504009329864],[-78.136494604898232,-0.140678231919356],[-78.136516626310282,-0.140753117984223],[-78.136594068696226,-0.140912056209294],[-78.136642655481367,-0.140973184075745],[-78.136690491058175,-0.141101559022159],[-78.136757304206768,-0.141239865951159],[-78.136758070211087,-0.141299471147183],[-78.136735328125454,-0.141553942551266],[-78.136685257003975,-0.141783199540895],[-78.13665793725086,-0.141837458845114],[-78.136621508103033,-0.141885605855786],[-78.136592664116606,-0.141887137587814],[-78.136474248049808,-0.141859641385633],[-78.136462863438396,-0.141870341106427],[-78.136403657360745,-0.141873404748817],[-78.136292842694942,-0.141939136401031],[-78.136242749292862,-0.141976586617758],[-78.136143313666622,-0.141983475829304],[-78.136068166087981,-0.14197507878863],[-78.136034010933599,-0.141995715387234],[-78.13599985763922,-0.142032399550749],[-78.135901943775821,-0.14207061953655],[-78.135879933881739,-0.142094311382526],[-78.1357782226209,-0.142114191731648],[-78.135620349779785,-0.142208203114612],[-78.135557355180126,-0.14226934406369],[-78.135542936733984,-0.142300676703967],[-78.135552067655837,-0.14249324635547],[-78.13557180796991,-0.142535273370636],[-78.135648485790981,-0.142649125671245],[-78.135684169807845,-0.142721717614519],[-78.135684173242197,-0.142751520229217],[-78.135716054137788,-0.142756101523919],[-78.135902040389723,-0.142907385417182],[-78.135918745085178,-0.142954761994584],[-78.135946081579547,-0.143045695012199],[-78.135894482245362,-0.143189364939912],[-78.135921808631053,-0.143192418438058],[-78.13588613271159,-0.143190130081598],[-78.135896765381915,-0.143241328217846],[-78.135883867912128,-0.143297878280214],[-78.13594690350466,-0.143593604658689],[-78.135941592821055,-0.143617294538493],[-78.136152628750011,-0.143776217396472],[-78.13615492330014,-0.143928286947258],[-78.13610787007508,-0.144000888535121],[-78.136132924179051,-0.144046735831403],[-78.136159492646172,-0.144059723647316],[-78.136153425597868,-0.144107102884781],[-78.136119275366582,-0.144171297105258],[-78.136044897741911,-0.144258421063624],[-78.136011500468896,-0.144269123297776],[-78.135968237636988,-0.144298930915443],[-78.135966726049958,-0.144356243825434],[-78.135975838556504,-0.144389866245761],[-78.135984189222825,-0.144399035320281],[-78.135959150874427,-0.14449150275433],[-78.135934876264415,-0.144625235264692],[-78.135868847022579,-0.144701659841615],[-78.135830897926496,-0.144734523506347],[-78.135805850622958,-0.144748281442455],[-78.135800538961988,-0.144763565447356],[-78.135579676850185,-0.144969152457298],[-78.135449134306725,-0.14510289710197],[-78.135455972125214,-0.14515868068845],[-78.135422578662386,-0.145203006344699],[-78.135445367278535,-0.145352780946089],[-78.135443851323771,-0.145371885356005],[-78.135263968283766,-0.145489588023379],[-78.135266251141772,-0.145540022938434],[-78.135169097729786,-0.145591233385058],[-78.135160749663299,-0.14560498938567],[-78.135083327752639,-0.145621045784415],[-78.135027161739984,-0.145657732320664],[-78.135013500453795,-0.145673017264046],[-78.135073494348788,-0.145925950420691],[-78.135082615990498,-0.146041338932097],[-78.135078824572915,-0.146075726978192],[-78.135030248504506,-0.146107063443868],[-78.134981686327194,-0.146262195306432],[-78.135027992514594,-0.146295813486746],[-78.135052288218631,-0.146348538400033],[-78.135106949930503,-0.146434883313614],[-78.13514263805817,-0.146546447973084],[-78.135245888411788,-0.14671378934334],[-78.135267144803649,-0.146739004523499],[-78.135286126843909,-0.146789437550592],[-78.135305864439729,-0.146808539550042],[-78.135338520321412,-0.146956020544322],[-78.135476685270262,-0.147105782138851],[-78.135530591211477,-0.147221929816214],[-78.135524529306565,-0.1473166875192],[-78.13554654661769,-0.14735871436022],[-78.135521492910925,-0.147315159522565],[-78.13551996391142,-0.147217345998413],[-78.135466818814919,-0.147117245795248],[-78.135310441888052,-0.147015628929502],[-78.135296019904672,-0.147016394728768],[-78.135267177216519,-0.147029388867087],[-78.135261104255576,-0.147024804537359],[-78.135254271812414,-0.147016399446877],[-78.135248195442614,-0.146981248344769],[-78.135232251085498,-0.146943805850911],[-78.13518821849344,-0.146878092271637],[-78.135193528986122,-0.14685210991515],[-78.135127487176916,-0.146816965602868],[-78.135105473867014,-0.146810854740569],[-78.135071312331405,-0.146774942654625],[-78.13496503065052,-0.146651159287837],[-78.135002219951616,-0.146611418277319],[-78.134999940561173,-0.146591550137673],[-78.1349247881179,-0.146538830989687],[-78.13488151748092,-0.146499099105345],[-78.134884537271802,-0.146352378299759],[-78.134851125445635,-0.146233171721942],[-78.1348086142862,-0.146197260610438],[-78.13480177995369,-0.146172043809832],[-78.134798735752938,-0.14610097643716],[-78.134835924514007,-0.146056650400504],[-78.134826052581076,-0.146019207241386],[-78.134741787504055,-0.14593133740353],[-78.134646895646497,-0.145843468790006],[-78.134602112474809,-0.14585340809154],[-78.134586930414656,-0.145845003964721],[-78.134500388348712,-0.145758662754745],[-78.134473815378414,-0.145705173970127],[-78.134459359981463,-0.145409442297054],[-78.134431265260915,-0.145323858608102],[-78.134368233670656,-0.145058699272882],[-78.134412984530627,-0.144763724997945],[-78.134440303162322,-0.14469876751114],[-78.134443337129824,-0.144678898773834],[-78.134461528334825,-0.144448881873944],[-78.134461521730145,-0.144390805046278],[-78.13437116174903,-0.144106544694109],[-78.134254246633901,-0.143926214398419],[-78.134280810608587,-0.143900229590405],[-78.134181350338508,-0.143690094731706],[-78.134160080002189,-0.143543376826851],[-78.134079600092221,-0.143368391568381],[-78.134041635323541,-0.143263704892295],[-78.134032520610816,-0.14321097832493],[-78.134035544023561,-0.143099409370889],[-78.134023394311555,-0.14305738151756],[-78.134020343158483,-0.142927473227916],[-78.133991486663604,-0.142819728835526],[-78.133984649624793,-0.142771587019076],[-78.133897337236675,-0.142588960955644],[-78.133893534735066,-0.142526299589964],[-78.13384722911033,-0.142498030772898],[-78.13379029204178,-0.142429262279066],[-78.133699187697857,-0.142275675111336],[-78.133675654255171,-0.142251988651084],[-78.133563293619375,-0.142074714791189],[-78.133434216930624,-0.14175225098862],[-78.133346909134787,-0.141610125995678],[-78.133330963394059,-0.141561985285874],[-78.133226955492631,-0.141412220608405],[-78.133163936620363,-0.141263215289881],[-78.133149486715212,-0.141024032437195],[-78.133119854419405,-0.140774153037599],[-78.133131988486355,-0.140681687284462],[-78.133147918176476,-0.140592277750921],[-78.133237460315456,-0.140367601749112],[-78.133277682777603,-0.140304171027608],[-78.133322447729,-0.140139869581261],[-78.133336852266055,-0.139990855099273],[-78.133372503841215,-0.139786817979243],[-78.133369450884658,-0.139644683083494],[-78.133391457437838,-0.139593481194325],[-78.133414218718215,-0.139505599144408],[-78.133477962544433,-0.139363456250992],[-78.133472644829681,-0.139326776816921],[-78.133486298878339,-0.1392511225364],[-78.133503752983884,-0.139215968710894],[-78.133520450743973,-0.139203740019903],[-78.133603175248425,-0.139098274894115],[-78.133683615072414,-0.138929384059946],[-78.133680577404476,-0.138917157732247],[-78.133686647399173,-0.13889652445995],[-78.133710176742966,-0.138885059109995],[-78.133755718589583,-0.138872826947355],[-78.13376179139135,-0.138875882891255],[-78.133857427427316,-0.138834606311331],[-78.133888546780526,-0.138818555035716],[-78.133928772710732,-0.138784926790632],[-78.1339325644513,-0.138755123765605],[-78.133927245807783,-0.138710802635499],[-78.13390598845794,-0.138678710118008],[-78.133888523479669,-0.138622163756187],[-78.133927224122601,-0.138528166380998],[-78.134007679147146,-0.138487655762314],[-78.134038793865855,-0.138432631881182],[-78.134009170624424,-0.138263754213597],[-78.133977278025469,-0.138160595317645],[-78.133958299919186,-0.138146078408406],[-78.133863414126253,-0.138113230625258],[-78.133753337675486,-0.138000147008416],[-78.133700201645595,-0.137981813392369],[-78.133663000025606,-0.137915335250814],[-78.133599969725182,-0.137674629884682],[-78.13360983405731,-0.137646354465146],[-78.133598423181496,-0.137436973755815],[-78.133612820038906,-0.137226825745464],[-78.133609771534566,-0.13712442757355],[-78.133598382869437,-0.137100739744063],[-78.133578637352088,-0.137016683643622],[-78.133577116672399,-0.136995287118983],[-78.133586980528307,-0.136963190853123]]}},
{"type":"Feature","properties":{"capa_cad":"ACAD-TOP-BASE PRESA POROTOG-Model|C3D-Superficie_ConMen","color":"#B8A15C"},"geometry":{"type":"LineString","coordinates":[[-78.136281628142157,-0.136962862540147],[-78.136244449161296,-0.137085898441743],[-78.136247497045048,-0.137182947660541],[-78.136294577994079,-0.137344945977351],[-78.136293821870154,-0.137369399510263],[-78.136312800117622,-0.137384680604531],[-78.136336346625114,-0.137516114993207],[-78.136336353306319,-0.137571899406729],[-78.136312087177274,-0.137769822392836],[-78.136290837155485,-0.137799627599186],[-78.136268067376065,-0.137815677928261],[-78.13627490819951,-0.137893622441334],[-78.136273407786973,-0.138041871606266],[-78.136303027583125,-0.138180946970461],[-78.136302271805803,-0.138208457183074],[-78.136309105227994,-0.138224503928442],[-78.136292412083009,-0.138275705336738],[-78.136309137162883,-0.138492727608804],[-78.136303066073182,-0.138504190891233],[-78.136308379651368,-0.138505718590799],[-78.136308380741937,-0.13851488863115],[-78.136297001797828,-0.138572966925132],[-78.136296246737686,-0.138606590497494],[-78.13635850726449,-0.138757124502497],[-78.136378243645353,-0.138764763828639],[-78.136358525942086,-0.138914543535374],[-78.136341828416874,-0.138929064773306],[-78.136345624968655,-0.138939762697988],[-78.136316075665135,-0.139395211595245],[-78.136321406659917,-0.139544224116178],[-78.136314582814776,-0.13960917938619],[-78.136325212943603,-0.139637452406992],[-78.136337369473864,-0.139736028891282],[-78.136335114175992,-0.139921722484552],[-78.13636777842089,-0.140132629529525],[-78.136455867038933,-0.140456627175249],[-78.136571278940735,-0.140757696525041],[-78.136754255590603,-0.14113364663444],[-78.136825622102137,-0.141263547160765],[-78.136851447224771,-0.141411028997527],[-78.136831737256159,-0.141630348225273],[-78.136779380074557,-0.141783188464616],[-78.136770276801442,-0.141829803927125],[-78.136708806923949,-0.141948257555837],[-78.136566101379074,-0.141923820881188],[-78.136465143623084,-0.141896322623164],[-78.136427190958685,-0.141897855425378],[-78.136340664687822,-0.141951357501778],[-78.13632852155159,-0.141966642329792],[-78.136259452614681,-0.142011736475545],[-78.136082593565504,-0.142021691456727],[-78.136067413938932,-0.142034684127299],[-78.135930789957897,-0.142088192055317],[-78.135916369742901,-0.142104241313155],[-78.135845779172925,-0.142118768822422],[-78.135776708312108,-0.142147051205606],[-78.135636292525703,-0.142230362163208],[-78.135617318416323,-0.142250232796587],[-78.135596069347059,-0.142289207934891],[-78.135584688184963,-0.142329710254787],[-78.13557938159073,-0.142388551931624],[-78.135582425583195,-0.142455798495554],[-78.135608999611065,-0.142516928950798],[-78.135631775621547,-0.142554370595891],[-78.135667456382407,-0.142598688260099],[-78.135726669564548,-0.142657522399875],[-78.135743372329188,-0.142688087234187],[-78.135744133059291,-0.142702606368806],[-78.13576462846288,-0.142710245671112],[-78.135843577817056,-0.142775190874609],[-78.135944543068319,-0.142868407799603],[-78.136003772689335,-0.143070141723758],[-78.13596203757443,-0.143183243717544],[-78.136018197663176,-0.14309535764782],[-78.136023510268771,-0.143088479500312],[-78.136026546055945,-0.143084658297414],[-78.136046280561246,-0.143076250129781],[-78.136097894654512,-0.143060960718149],[-78.136182135264576,-0.142933334519624],[-78.136267151991674,-0.142953957193053],[-78.136308903718628,-0.142985283295084],[-78.13635293173779,-0.143008967433279],[-78.136444787369641,-0.143093779608419],[-78.136503238439587,-0.143125867945002],[-78.136517659994013,-0.143121281243997],[-78.13650475681689,-0.143128160278635],[-78.136420497550006,-0.143093782438513],[-78.136293730845026,-0.143057117046833],[-78.136286900300647,-0.143065523713107],[-78.13624591316885,-0.14308234022927],[-78.135993917072312,-0.143175598308033],[-78.136118389886832,-0.143067071689156],[-78.136109281031295,-0.143065544410735],[-78.136026546143796,-0.143085422467249],[-78.135961279220041,-0.143189357164258],[-78.135956725582886,-0.143195471052738],[-78.135949134929632,-0.143194707766517],[-78.136036475156686,-0.143619576038499],[-78.136032681798198,-0.143636388215389],[-78.136176914806526,-0.143743355273907],[-78.136184509568793,-0.143780034551176],[-78.136189856484663,-0.144073475194864],[-78.136171646793997,-0.144140724255776],[-78.13605629725447,-0.144378394416363],[-78.136043411286309,-0.144536579063598],[-78.136013824054331,-0.144677189723057],[-78.136013828566476,-0.144716926554119],[-78.135858991082799,-0.144805588059613],[-78.135818014249239,-0.144913340699834],[-78.135737559717583,-0.144961492630947],[-78.13551366351588,-0.145186184175811],[-78.135515184998965,-0.145215986612013],[-78.1354992472356,-0.145237385184363],[-78.135510641976566,-0.145316093337108],[-78.135503823415661,-0.145430719542206],[-78.135321663363754,-0.145549950805971],[-78.135333822907029,-0.14567985821075],[-78.13528372812479,-0.145705845688888],[-78.135244264690712,-0.145772332925107],[-78.13517822826914,-0.145785331337855],[-78.135204810881405,-0.145924407116439],[-78.135191153713109,-0.145976372184293],[-78.135181288817719,-0.146001590894305],[-78.135148655071632,-0.14605202978221],[-78.135144866142241,-0.146108578738351],[-78.135040124124799,-0.146177365884816],[-78.135015084106129,-0.146256078156967],[-78.135039376041618,-0.14627517962524],[-78.135050764795579,-0.146301160083304],[-78.135138830800301,-0.146439464710059],[-78.135169202456879,-0.146523519882026],[-78.135228419524893,-0.14661903432786],[-78.135276246474191,-0.146676341606693],[-78.135318766432661,-0.146790962194054],[-78.135363555616777,-0.146834514779039],[-78.135377984340607,-0.146894118359959],[-78.135436439180353,-0.1469613586586],[-78.135503252839285,-0.14711112832464],[-78.13558600428685,-0.147239499462695],[-78.13557235130601,-0.147329673008869],[-78.135614109863383,-0.147423661157296],[-78.135596661755301,-0.1475153634699],[-78.135595912881996,-0.147607063900845],[-78.135589840769669,-0.147610121262226],[-78.135583768063583,-0.147607829436793],[-78.135575408004996,-0.147513837523758],[-78.135535171561372,-0.147455765170814],[-78.135519229848086,-0.147442011915408],[-78.135505557317003,-0.147356426472206],[-78.135470631116476,-0.147270079258989],[-78.135381806209239,-0.14713253878409],[-78.135324872730976,-0.147094336744066],[-78.135317281827767,-0.14709128092397],[-78.135302860355154,-0.147096631738365],[-78.135246687469248,-0.147072184664438],[-78.135198862244152,-0.147030160755988],[-78.135152553768364,-0.146975909971396],[-78.135121425561664,-0.146914015782038],[-78.135068285238006,-0.14685670910187],[-78.13502956732053,-0.146802457471131],[-78.134895956898049,-0.146654223791578],[-78.134922520780776,-0.146626710693744],[-78.134848126630814,-0.146567113939305],[-78.134853414094579,-0.14633557011544],[-78.134835949726451,-0.146281316097036],[-78.134774460629544,-0.146231652099314],[-78.134765344157287,-0.146162113756848],[-78.134763818411045,-0.146094102889637],[-78.13480176536828,-0.146042135077637],[-78.134731165103275,-0.145970311231616],[-78.134650697543222,-0.145902309363454],[-78.134561890169721,-0.145921423705767],[-78.134552022101886,-0.14591836815476],[-78.134445742706021,-0.145815217478907],[-78.134394877551941,-0.145740334741693],[-78.134378144740623,-0.145442310842889],[-78.134277901220273,-0.145015916187737],[-78.134298381005848,-0.144886005161656],[-78.134381853802239,-0.144680434183784],[-78.134404601164903,-0.144466464315294],[-78.134406870076546,-0.144393868021831],[-78.13436358904039,-0.144263200158533],[-78.13415101640733,-0.143937688869228],[-78.134201108479999,-0.143888776283268],[-78.134147202717259,-0.143776449739077],[-78.134119853917056,-0.143577004910683],[-78.134092522414889,-0.143528865462245],[-78.134067465451764,-0.143457800696165],[-78.134007485373218,-0.143329427352704],[-78.133994572232012,-0.143249191162594],[-78.133994553811291,-0.143088715783497],[-78.13398923313791,-0.14302529041916],[-78.133975564962029,-0.142980206071338],[-78.133977078503989,-0.142940469134539],[-78.133935312532174,-0.142784583639652],[-78.133888237910483,-0.14266996387044],[-78.133825981208233,-0.142546940032912],[-78.133750824353257,-0.142456776955517],[-78.133675663878549,-0.1423352829912],[-78.133606582548609,-0.142271865115327],[-78.133582285901582,-0.14221226284071],[-78.133524587654506,-0.142125154429766],[-78.133465364747778,-0.14198149776496],[-78.133381856059145,-0.141872231531371],[-78.133299861753741,-0.141730870078854],[-78.133234572585181,-0.141640705934413],[-78.133195846686576,-0.141519207787094],[-78.133174589427114,-0.141487115237129],[-78.133072848646094,-0.14125099935049],[-78.133059919968403,-0.1410385622122],[-78.133062189556711,-0.140973607676172],[-78.133046235320492,-0.140852871042787],[-78.133041671086488,-0.140768048952331],[-78.133072769897169,-0.140576239135999],[-78.133163070097169,-0.140343157210857],[-78.133226801638358,-0.140095559218494],[-78.133254858908458,-0.139859427971417],[-78.133253320381399,-0.139685962022021],[-78.133238889070483,-0.139607254443141],[-78.133244951418021,-0.139521666905237],[-78.133372455199336,-0.139374167229283],[-78.133430120607386,-0.139181589966941],[-78.133457438535373,-0.139113575730589],[-78.133581901449674,-0.138927103766466],[-78.133600872750648,-0.138884308068549],[-78.133625151183281,-0.138788784123297],[-78.133745833478713,-0.138726107817638],[-78.133809592099908,-0.138709288447414],[-78.133784540565856,-0.13868636640966],[-78.133780744021465,-0.138675668509517],[-78.133850555933748,-0.138497608877701],[-78.133854345395761,-0.138448701644268],[-78.133850547940398,-0.138430362060488],[-78.133710857464607,-0.138225581790182],[-78.133678215102023,-0.138200368176331],[-78.133539285031063,-0.138007050395048],[-78.133530174733536,-0.137993296469013],[-78.133511950400518,-0.137934457723443],[-78.133489922762564,-0.137808372642962],[-78.133451194629188,-0.137671591236835],[-78.133505828014648,-0.137516458481861],[-78.133501265453631,-0.137447683901386],[-78.133505800739727,-0.137288736374301],[-78.133483775048788,-0.137179463005839],[-78.133444288246125,-0.137046502554707],[-78.133448081041777,-0.137025869553918],[-78.133477676647203,-0.13696320416411]]}},
{"type":"Feature","properties":{"capa_cad":"ACAD-TOP-BASE PRESA POROTOG-Model|C3D-Superficie_ConMen","color":"#B8A15C"},"geometry":{"type":"LineString","coordinates":[[-78.136034896205544,-0.143089242343709],[-78.136034896205544,-0.143089242343709]]}},
{"type":"Feature","properties":{"capa_cad":"ACAD-TOP-BASE PRESA POROTOG-Model|C3D-Superficie_ConMen","color":"#B8A15C"},"geometry":{"type":"LineString","coordinates":[[-78.136034896205544,-0.143089242343709],[-78.13603413714894,-0.143089242432127],[-78.13603261921142,-0.143090770948674],[-78.136029583336381,-0.143093827981757],[-78.136018957598083,-0.143102999257704],[-78.136026546758657,-0.14309077165611],[-78.136032619035745,-0.143089242608996],[-78.136034896205544,-0.143089242343709]]}},
{"type":"Feature","properties":{"capa_cad":"ACAD-TOP-BASE PRESA POROTOG-Model|C3D-Superficie_ConMen","color":"#B8A15C"},"geometry":{"type":"LineString","coordinates":[[-78.136316544744687,-0.136962858283936],[-78.136268741909106,-0.137110348923654],[-78.136268746682461,-0.137150085763814],[-78.136313551934023,-0.13732431107967],[-78.136315076462751,-0.13737780279748],[-78.136336331513832,-0.137390026935255],[-78.136338609783152,-0.137399196699114],[-78.136353802089431,-0.1374924236017],[-78.136353810968188,-0.137566548097508],[-78.136329545479455,-0.137769820277105],[-78.136312090009596,-0.137793511663828],[-78.13629007892105,-0.137806505221306],[-78.136295399806073,-0.137869166519246],[-78.136294661098233,-0.138039576525632],[-78.136331875925094,-0.138216095307392],[-78.136322011740475,-0.138245899130866],[-78.136334946724674,-0.138506479558425],[-78.13632281063181,-0.138580605516133],[-78.136375201884022,-0.138718149819452],[-78.13638962759056,-0.138748714886982],[-78.136399495690526,-0.138751770379944],[-78.136377503355945,-0.138922947125528],[-78.13636687783081,-0.138933646783589],[-78.136347175574286,-0.139214099565219],[-78.136357047560224,-0.13925001437475],[-78.136341880521684,-0.139369226722765],[-78.136346458416511,-0.139568674561332],[-78.136341908855286,-0.139609176118765],[-78.136348742529094,-0.139627515383235],[-78.136359381577677,-0.139731441241247],[-78.136357885607239,-0.139919427257753],[-78.136391309987843,-0.140139504257439],[-78.136477120181326,-0.140452803798915],[-78.136599364492653,-0.140761514046008],[-78.136735268373627,-0.141041184270358],[-78.136852187496331,-0.141249788955071],[-78.136894722730688,-0.141490497615408],[-78.136881078632342,-0.141653267524637],[-78.136812786657643,-0.141852724037551],[-78.136793813955123,-0.141884821424404],[-78.136714883190123,-0.141981116165043],[-78.136701979752488,-0.141985702703053],[-78.13667541018819,-0.141963544886703],[-78.136575212720714,-0.141946744916679],[-78.136508413675401,-0.141929176853381],[-78.136469699559669,-0.141910077150173],[-78.136441614367953,-0.141909316281592],[-78.136368750142879,-0.141954410881649],[-78.136351294140439,-0.141974281354658],[-78.136272358438532,-0.142027782529945],[-78.136071969694996,-0.142046910310383],[-78.135943694980341,-0.142097360578099],[-78.13593231054864,-0.142109588630821],[-78.135876141784863,-0.142121821938497],[-78.135778228105451,-0.142161570251249],[-78.135668172272133,-0.142225009238432],[-78.135643885033332,-0.142247173004082],[-78.135621877172497,-0.142288440741026],[-78.135602908450196,-0.142354925715913],[-78.135597604855562,-0.142439749158263],[-78.135637844809068,-0.142526095611374],[-78.135690986512031,-0.142593336321706],[-78.135763104535641,-0.142659810650849],[-78.135774492584446,-0.14267891356194],[-78.13586938371192,-0.142757611957225],[-78.13596579445165,-0.142849301074605],[-78.136025784363895,-0.143061733290736],[-78.136042481588191,-0.143044155438368],[-78.136132033741944,-0.14290048105709],[-78.136144937177377,-0.142895894532077],[-78.136269426259744,-0.14292873931745],[-78.13633091522243,-0.142975346517774],[-78.136389366113548,-0.143005906505199],[-78.136510069073495,-0.143118225447587],[-78.136613295635456,-0.143073127377671],[-78.136566996762497,-0.143104463751915],[-78.136553339095045,-0.143151079725454],[-78.136505516312951,-0.14313198104101],[-78.136305118805339,-0.143075455800518],[-78.136291457452586,-0.143089976622863],[-78.135975703400973,-0.143207695560675],[-78.136006073823296,-0.143278759820278],[-78.136081260985208,-0.143632561729804],[-78.136078226245701,-0.143645552969895],[-78.136194371887299,-0.143732654870632],[-78.136198930597914,-0.143770862840234],[-78.136207313481748,-0.14406201062657],[-78.136198209857525,-0.144106333537249],[-78.136175445388815,-0.144169762274709],[-78.136080585849854,-0.144367693235867],[-78.136052540195408,-0.144714629590013],[-78.136013833857831,-0.144763540913625],[-78.135884802299458,-0.144834623542278],[-78.135827131414018,-0.144988228284207],[-78.135723147252932,-0.145046317116402],[-78.135544789751251,-0.145229738270466],[-78.135544791392832,-0.145244257491209],[-78.135537201952502,-0.14525419256456],[-78.13554252061553,-0.145300806295955],[-78.135533429976746,-0.145460518765741],[-78.135383147435078,-0.145554528794416],[-78.135350510946864,-0.145580514284188],[-78.135367229300016,-0.14575015798107],[-78.135340663880712,-0.145763916061928],[-78.135281467989898,-0.14585715147727],[-78.135282987477865,-0.145869378013538],[-78.135244290477928,-0.146001583718233],[-78.135181299977759,-0.146100932899156],[-78.135178266413206,-0.146124622491957],[-78.135044682405365,-0.146212517148911],[-78.135031782910232,-0.146252255412924],[-78.135044688234174,-0.146264480652884],[-78.135156289604552,-0.146444047743779],[-78.1351729945725,-0.146495245188782],[-78.13521626872739,-0.146566308023532],[-78.135280797308198,-0.146645010147919],[-78.135335465755517,-0.146791724472829],[-78.135390123696055,-0.146844445974546],[-78.135398476045552,-0.146868898450835],[-78.135415936387929,-0.146887236541647],[-78.135511601778219,-0.147105014025714],[-78.13561485157922,-0.147267770481816],[-78.135604232186665,-0.14733425443158],[-78.135638398820916,-0.147416016724794],[-78.135602741081399,-0.14757726051978],[-78.135602745068752,-0.147613176488647],[-78.135646017733265,-0.147671248509021],[-78.13570978602479,-0.147739252435115],[-78.135803909124078,-0.147740006025384],[-78.135705992097968,-0.147751479575611],[-78.135696883080627,-0.14774842392085],[-78.13556479233111,-0.147613944927971],[-78.135562512701725,-0.147591784267982],[-78.135510123973901,-0.147467230534604],[-78.135490377974051,-0.147372475742477],[-78.135468359729487,-0.147322043039142],[-78.13540838449876,-0.147234170317093],[-78.135328672354774,-0.147133308953089],[-78.135238340320768,-0.1470943465175],[-78.135160149698422,-0.147024051776301],[-78.13512067366662,-0.146978206082932],[-78.13509258279386,-0.146926245751527],[-78.135028812701634,-0.146842194353628],[-78.134862558778138,-0.146657284252308],[-78.134877738017281,-0.146640470812712],[-78.134876219392709,-0.146635885970385],[-78.134830672105892,-0.146600739356294],[-78.134838991432687,-0.146330222570426],[-78.134831398560905,-0.146309590868805],[-78.134758522599199,-0.146250758136002],[-78.13475396492143,-0.146220956063406],[-78.134746359697601,-0.146090284031536],[-78.134777476095607,-0.146046722856973],[-78.134713708107654,-0.145981775754575],[-78.134652977975392,-0.14593134752264],[-78.134549748972134,-0.145954284349884],[-78.134535326999767,-0.145955050161604],[-78.134522422108262,-0.145946645774465],[-78.134443471212577,-0.145865652877548],[-78.134405511038779,-0.145799938691457],[-78.134356164685059,-0.145731169133969],[-78.134350835544055,-0.145591326866292],[-78.134333358307131,-0.145423211746806],[-78.134232356075174,-0.144999873871543],[-78.134241458683647,-0.144946381021825],[-78.13435073269865,-0.144681966101],[-78.134381063404774,-0.144404569359201],[-78.134358284436587,-0.144340381811962],[-78.134132047608816,-0.144004173729297],[-78.134121415166859,-0.143954504001676],[-78.134103955847493,-0.143945335998265],[-78.134161637163601,-0.143884960007737],[-78.134131267793038,-0.14382230169895],[-78.134099361346955,-0.14359381899568],[-78.134069752242738,-0.143541858969258],[-78.134041658009579,-0.143461624534683],[-78.134006733763144,-0.1433943817617],[-78.133989267959677,-0.143328665301073],[-78.133977873630442,-0.143254542283426],[-78.133972536030313,-0.143043632407016],[-78.1339543119431,-0.142984793558149],[-78.133951269748096,-0.142932830457756],[-78.133909503952339,-0.142778473303465],[-78.133869262852457,-0.142681428612204],[-78.133802451469521,-0.142555348634943],[-78.13373260870749,-0.14247129828376],[-78.133665799958308,-0.142368143381119],[-78.133576981436661,-0.142289444450601],[-78.133536740839702,-0.142196984813391],[-78.133503336504191,-0.142145789461311],[-78.133470687862328,-0.1420655556346],[-78.133319612948384,-0.141866889665795],[-78.133258117733092,-0.14176526254632],[-78.13318220038559,-0.141662872966191],[-78.133130566479025,-0.141506224619853],[-78.133027307063486,-0.141265523912602],[-78.133015896231157,-0.141050794099812],[-78.133019680987516,-0.140960621848888],[-78.133007522826347,-0.140846762281304],[-78.13300447554046,-0.14075200583248],[-78.133031021987705,-0.140577008254314],[-78.133122838502743,-0.140328642799871],[-78.133136491270292,-0.14024152603649],[-78.133182774765942,-0.140081045267293],[-78.133200970703939,-0.139899171129329],[-78.133188797049144,-0.139654638838575],[-78.133172850059808,-0.139596563979764],[-78.133159186537185,-0.139591980604295],[-78.133207757381825,-0.139518614678673],[-78.133213064995701,-0.139469707294945],[-78.13329427274833,-0.139375704919852],[-78.133326144561835,-0.139303869311153],[-78.133345119033095,-0.139287819510658],[-78.133366366876189,-0.1392396743788],[-78.133375469119684,-0.139185417355764],[-78.13343162280843,-0.13904709620024],[-78.133509791605604,-0.138930169096065],[-78.133581884332756,-0.138782675977303],[-78.133592505934487,-0.138739117112539],[-78.133669924724529,-0.138698606887002],[-78.133682067789081,-0.138683322061198],[-78.133678244469536,-0.138447194524848],[-78.133671411522187,-0.138434968655793],[-78.133578797017762,-0.138352449648589],[-78.133514259717629,-0.138204208805566],[-78.133474022990242,-0.138146901051428],[-78.133406440336771,-0.137922243792505],[-78.133386674890332,-0.137670834885432],[-78.133389707089293,-0.137637211122589],[-78.133453445555972,-0.137452274713114],[-78.133428373679507,-0.13725970739296],[-78.133394957766257,-0.137113755349614],[-78.13339798233298,-0.137016705634899],[-78.133417711328008,-0.136963211466459]]}},
{"type":"Feature","properties":{"capa_cad":"ACAD-TOP-BASE PRESA POROTOG-Model|C3D-Superficie_ConMen","color":"#B8A15C"},"geometry":{"type":"LineString","coordinates":[[-78.136349943235061,-0.136962854212722],[-78.136321111303488,-0.137064492343851],[-78.136292276426488,-0.13714167702918],[-78.136336322990488,-0.137318959120761],[-78.136336330689176,-0.137383149404809],[-78.136359862910524,-0.137395373266159],[-78.136370497031606,-0.1374565055805],[-78.136369754543082,-0.137594820455493],[-78.136349279581154,-0.137758355334531],[-78.136337137781723,-0.137784338588128],[-78.136311331683814,-0.137799625116053],[-78.136316651108316,-0.137850059694559],[-78.136315154076442,-0.138026583156236],[-78.136355405770317,-0.13820845076434],[-78.136359995230848,-0.13850341985874],[-78.136349375161885,-0.138559969723923],[-78.13642074764519,-0.13873801276066],[-78.136391168369798,-0.13893975722541],[-78.136370702081422,-0.139178180750078],[-78.136388168523283,-0.139246953963307],[-78.136364653215807,-0.139377629865814],[-78.136366951233796,-0.139554152878726],[-78.136381393321571,-0.139723796910713],[-78.136379897352526,-0.139911782930869],[-78.136416360207562,-0.140150963825414],[-78.136500651032208,-0.140453565172744],[-78.136622894809733,-0.140757690404743],[-78.136707170948142,-0.140935732092899],[-78.136767908806434,-0.141049586281789],[-78.136883308213555,-0.141244436085081],[-78.136952412229263,-0.141500425027385],[-78.136937998588579,-0.141573022921056],[-78.136928143993273,-0.14168612130984],[-78.136879580400631,-0.141824441875516],[-78.136724754474784,-0.142011681817809],[-78.136695911548259,-0.142022383590363],[-78.136650363345609,-0.141981123746279],[-78.136558515417931,-0.141963558623595],[-78.136469700977756,-0.141922303872337],[-78.136453760695389,-0.141921541575895],[-78.136391522644033,-0.141961285736437],[-78.136365717902294,-0.14198879889141],[-78.136276156024266,-0.142047650504354],[-78.136125104985396,-0.142058366620004],[-78.136037815424245,-0.14207518860535],[-78.135953563953805,-0.142108057796989],[-78.135948251354591,-0.142114935948625],[-78.135911058559529,-0.14212334618075],[-78.135789615012769,-0.142170738951782],[-78.135696257268108,-0.142224241775995],[-78.13567121079565,-0.142244877292031],[-78.135657552112121,-0.142282323203594],[-78.135641614756764,-0.142306778498201],[-78.135623405001141,-0.142372499215489],[-78.135621893597857,-0.14243057628029],[-78.135631765301071,-0.142464962755918],[-78.135652264585801,-0.142506225515075],[-78.135728940564434,-0.142604030259122],[-78.135886839545336,-0.14273621316555],[-78.135987045747029,-0.142829430179048],[-78.136024254737194,-0.142961627219133],[-78.1360902809637,-0.142859984924165],[-78.136152524576787,-0.142868383529244],[-78.136272459759979,-0.142905049693195],[-78.136336985390585,-0.142955477388443],[-78.136425800578365,-0.143003609746967],[-78.136528283804324,-0.143095298220119],[-78.136617849098656,-0.14306548514456],[-78.136693001629368,-0.14311667579545],[-78.136616332302722,-0.143076947875],[-78.136607224233984,-0.143082298128072],[-78.136573074839276,-0.1431533699375],[-78.136554099205739,-0.143160249679347],[-78.136509312914853,-0.143143443151353],[-78.136500204583157,-0.143146500892888],[-78.136316506677659,-0.143093030384518],[-78.136302086619096,-0.143110607975332],[-78.136289942325533,-0.143115958580234],[-78.13600075411064,-0.143223740211353],[-78.136071365317079,-0.14338879268704],[-78.136126046815392,-0.143645547422043],[-78.136123770782461,-0.143655481894959],[-78.136208033247428,-0.143718134057292],[-78.136212592308198,-0.143759398707147],[-78.136224770304551,-0.144049017717975],[-78.136209597016204,-0.144117794770281],[-78.136183038221262,-0.144189629816048],[-78.136107150223623,-0.144344765073866],[-78.136078348035511,-0.144713862450348],[-78.136047232957566,-0.144768886260806],[-78.136017633736927,-0.144804041478076],[-78.135911372572622,-0.144863658938984],[-78.135835489517532,-0.145063115956866],[-78.135704181048752,-0.145136491309381],[-78.135575157102338,-0.145274820793484],[-78.135563036537889,-0.145490317990771],[-78.135535712923385,-0.145511717862165],[-78.135410476993357,-0.145585856617255],[-78.135380117500077,-0.145610313507805],[-78.135400635603901,-0.145819693586053],[-78.135304256603831,-0.146007690242617],[-78.135210908229354,-0.14614601551784],[-78.135047723001364,-0.146251489431752],[-78.135173748494623,-0.146449394946886],[-78.135183619647322,-0.146479960597602],[-78.135207913892771,-0.146519694644012],[-78.135285348141366,-0.146613678688877],[-78.135352165078629,-0.146792486751632],[-78.135409859671825,-0.146849028757598],[-78.135523746680434,-0.14710501265398],[-78.13564445809827,-0.147297569755886],[-78.13563763169121,-0.14734342070081],[-78.135660408910056,-0.147393089156757],[-78.135660413073111,-0.147430533466623],[-78.135625517950345,-0.147623872300645],[-78.13571661685566,-0.147733138310248],[-78.135817570871694,-0.147728541944205],[-78.135940538557563,-0.14773311313954],[-78.135942816490441,-0.147739990411561],[-78.135942060569263,-0.147768264778675],[-78.135936743613129,-0.147736170245277],[-78.135772030187937,-0.147753000493035],[-78.135765199187176,-0.147757586278784],[-78.135745468884252,-0.147804202845147],[-78.135684739870896,-0.1477637086779],[-78.135632360141869,-0.147720156897988],[-78.135570111408228,-0.14766514368861],[-78.135548854605702,-0.14763610763716],[-78.135532152141394,-0.147607071074407],[-78.13552835015642,-0.147546702110871],[-78.135497979835904,-0.147474109427777],[-78.135491143572466,-0.147431316706539],[-78.135479754413694,-0.147401515380004],[-78.135331714282671,-0.147184507957945],[-78.13529831155185,-0.147146303260245],[-78.135229234115712,-0.147116508455954],[-78.135133583585599,-0.14703169647074],[-78.135088793565771,-0.146980502194293],[-78.135064498571182,-0.146933890619388],[-78.135024262374642,-0.146878110819588],[-78.134835233875378,-0.146667221546082],[-78.134827642291086,-0.14665805237773],[-78.134834472939957,-0.146650409913314],[-78.134813976636124,-0.146634364686208],[-78.134819268221889,-0.146439500982822],[-78.134812424476209,-0.146330225588342],[-78.134800277783299,-0.146314179418697],[-78.134747139332234,-0.146273684499434],[-78.13473802697726,-0.146240826268853],[-78.134728901070233,-0.146087229342499],[-78.134753186823403,-0.146051310636087],[-78.134691696348014,-0.145989419951145],[-78.134654499436962,-0.145961149937308],[-78.134528499191262,-0.145987910199469],[-78.13451028168312,-0.145986383936498],[-78.134448791304123,-0.145925257436389],[-78.134391850961279,-0.145825921986717],[-78.134317451905488,-0.145722767695488],[-78.134313647247012,-0.145639473741876],[-78.134289331448116,-0.145408697577323],[-78.134191365783423,-0.144988416045547],[-78.134321128839659,-0.144675856156547],[-78.134348426971755,-0.144430554857644],[-78.134331723492167,-0.144393112515968],[-78.134116875128882,-0.144079828171216],[-78.134098645773619,-0.143974375017403],[-78.134080427312242,-0.143964442933094],[-78.134072835451107,-0.143952981283035],[-78.134105468724869,-0.143899485709918],[-78.134122166023076,-0.143882672069512],[-78.134115332954408,-0.143868917826076],[-78.134080387324687,-0.143614453746677],[-78.134037870870813,-0.143532692645846],[-78.133999147238214,-0.143429534393127],[-78.133972569357766,-0.143334016420708],[-78.133961174941433,-0.143259129235625],[-78.133956598328979,-0.143065030979729],[-78.133933818506733,-0.142993965966928],[-78.133932295564833,-0.142951936880111],[-78.133883695461037,-0.142773127135939],[-78.133825233252821,-0.142643225334777],[-78.133771329858746,-0.142552295598824],[-78.133724262099605,-0.142497280982061],[-78.133664286524223,-0.142408644476043],[-78.133639995529691,-0.142397948962525],[-78.133624052463858,-0.142372733276211],[-78.133543584432687,-0.142301675052091],[-78.133475251915968,-0.142149613593997],[-78.133346193231574,-0.141982275918861],[-78.133123754243485,-0.141672049855884],[-78.133066046128874,-0.141500118875146],[-78.133006065095742,-0.14136486823499],[-78.132981766638594,-0.141289982654757],[-78.132983278165327,-0.141233434059026],[-78.132970370323818,-0.14119981219915],[-78.132977957219708,-0.141168480423891],[-78.132971112639197,-0.14105614856602],[-78.132976412117074,-0.140936937763221],[-78.132965763850976,-0.140752774584614],[-78.132983206202823,-0.140616750649992],[-78.132980926715419,-0.140596882557341],[-78.133004452487185,-0.140554850538149],[-78.133007484770232,-0.140521226794447],[-78.133081089248421,-0.140317949409505],[-78.133103085338959,-0.14017733990539],[-78.133122812056598,-0.140103213273111],[-78.13314102425106,-0.140059653534988],[-78.133150881635601,-0.139971773051116],[-78.133123513764886,-0.139615674070268],[-78.133121235790824,-0.139608796831251],[-78.133088593924498,-0.139587404029285],[-78.133175868346015,-0.139444494200344],[-78.133180419517501,-0.139417747778315],[-78.13321609030271,-0.13937724260993],[-78.133270726892036,-0.139247327513359],[-78.133317783041889,-0.139203000132199],[-78.133399736269226,-0.138994372426893],[-78.133464242254419,-0.138878975299533],[-78.133535571656566,-0.138695566371049],[-78.13351658549179,-0.138613038492553],[-78.133470264815372,-0.138458682103362],[-78.133442172341205,-0.138396023702076],[-78.133400400872802,-0.138198873369985],[-78.133322185817875,-0.13792683898951],[-78.133343423475552,-0.137793871181058],[-78.133333540974377,-0.137670077154553],[-78.133341879610299,-0.137578375978694],[-78.133349464488461,-0.137530996639953],[-78.133379816612702,-0.137446934471081],[-78.133350947631982,-0.137239084263774],[-78.133351683029147,-0.137041928816512],[-78.133361541285041,-0.136963218306506]]}},
{"type":"Feature","properties":{"capa_cad":"ACAD-TOP-BASE PRESA POROTOG-Model|C3D-Superficie_ConMen","color":"#B8A15C"},"geometry":{"type":"LineString","coordinates":[[-78.136373473990233,-0.136962851344347],[-78.136368925899149,-0.137014815464296],[-78.136336297853234,-0.137109576527509],[-78.136336299505757,-0.137123331588386],[-78.136344664819262,-0.137254003650978],[-78.136356815869021,-0.137305201567807],[-78.136356825950998,-0.137389260274627],[-78.136382635342642,-0.137401483859597],[-78.136387192156064,-0.137422115898409],[-78.136387212754528,-0.137594054166938],[-78.136364462084629,-0.137769816045572],[-78.136358390727935,-0.137778986822254],[-78.136333343412204,-0.137791980748484],[-78.136336407114825,-0.138021995565058],[-78.136378936435747,-0.138207683751647],[-78.136385043737548,-0.138500360158877],[-78.136375182089253,-0.138551560743376],[-78.136441999781567,-0.138725783481057],[-78.136440487928212,-0.138778511401884],[-78.136416976207329,-0.138938989954133],[-78.136394990086998,-0.139162894434707],[-78.136407903545901,-0.139243130746689],[-78.136388183251171,-0.139371513686696],[-78.136391242401444,-0.13956561252438],[-78.136403405696399,-0.139721501770508],[-78.136401908918245,-0.139902610263474],[-78.136443689034678,-0.140174649844561],[-78.136496086652869,-0.140367978656714],[-78.136531015545401,-0.140472665819001],[-78.13663959209498,-0.140740876679117],[-78.136721590441212,-0.140913569446145],[-78.136804345239,-0.141064101207477],[-78.136907595724637,-0.141224564783851],[-78.136999460340874,-0.141385029732838],[-78.137021481185386,-0.141455330821029],[-78.136982792023943,-0.14165096303118],[-78.136978243985979,-0.141705219671595],[-78.136951685860979,-0.14178163984599],[-78.136941065093495,-0.141833604687399],[-78.136928161476618,-0.141836662887239],[-78.136912979624057,-0.141830551309675],[-78.136838601337104,-0.141910797951122],[-78.136764983257606,-0.142000978706983],[-78.136746010463,-0.142032311919654],[-78.136731589707736,-0.142043776168344],[-78.136689843342879,-0.14205906447728],[-78.136622280186884,-0.14199793879153],[-78.136594953516777,-0.141992592810379],[-78.136465907022853,-0.141933766870452],[-78.13641657213887,-0.141966631983696],[-78.136393044478282,-0.141993380701584],[-78.136284507684508,-0.142065225434136],[-78.136152432883136,-0.14207441098],[-78.135999865959533,-0.142104231513826],[-78.135799483984172,-0.142181436169925],[-78.135708403230467,-0.14223341038754],[-78.135691706023763,-0.14225098824643],[-78.13566059399146,-0.14233122970166],[-78.135648454565711,-0.142378609638613],[-78.135648457920624,-0.142407648082801],[-78.13565908815157,-0.142437449452638],[-78.135656813894826,-0.142462667315642],[-78.135667443242227,-0.142484826990234],[-78.135761580429914,-0.142607847291421],[-78.136004501319462,-0.142805738876679],[-78.136021965957227,-0.142860757066545],[-78.13604473351883,-0.142824838426124],[-78.136054600814546,-0.142821016424952],[-78.136259552012206,-0.142872191888973],[-78.136358237837825,-0.142945540698825],[-78.136458439408273,-0.142998256750535],[-78.136544221276296,-0.143071607087076],[-78.136595074664996,-0.143041798521717],[-78.136606460607496,-0.143042561364727],[-78.136644415302612,-0.143058604515972],[-78.136699832967054,-0.143115146658961],[-78.136727161129045,-0.143133483562676],[-78.136756005736913,-0.143137301054182],[-78.136729439354184,-0.143142653341107],[-78.136642142349203,-0.143095284953438],[-78.136624683511116,-0.143090701966254],[-78.136589015738025,-0.143159481442701],[-78.136554100171608,-0.143168655551444],[-78.136515386599612,-0.143154140826387],[-78.136500206339377,-0.143161784295998],[-78.136327894637645,-0.143111369138918],[-78.136306643770169,-0.143135060885608],[-78.136026563789542,-0.143239020604541],[-78.136136656804752,-0.143498825566234],[-78.136169315233545,-0.143664646650796],[-78.136217898886613,-0.143699792833902],[-78.136224733894494,-0.143730358840457],[-78.136239192470242,-0.144049780219832],[-78.13622629582899,-0.144113971989935],[-78.136193666583566,-0.144203383647322],[-78.136131438819717,-0.144334063892118],[-78.136104155789454,-0.144712331140733],[-78.136050273779972,-0.144809386913746],[-78.136024469667859,-0.144843013354095],[-78.135937183702509,-0.144891930254468],[-78.135866612652649,-0.145079159949798],[-78.135858265971763,-0.145105142678453],[-78.135859785901175,-0.145121190068494],[-78.135717091924448,-0.145197623399741],[-78.135617667886876,-0.145306911045481],[-78.135601731415477,-0.145339772161815],[-78.13559264309913,-0.145520117217329],[-78.135562283516478,-0.145543809944278],[-78.135427939595104,-0.14562406309384],[-78.135408965083215,-0.145640876989064],[-78.135427202401516,-0.145818162216646],[-78.135416579053526,-0.145848730205931],[-78.135336895162425,-0.146000044831185],[-78.135339174821596,-0.146022205483638],[-78.135329310009922,-0.146048188365965],[-78.13524734558429,-0.146169700621096],[-78.135136530762068,-0.146235431782058],[-78.135085678118259,-0.146272117685896],[-78.135108455369874,-0.146321786096895],[-78.135198040687357,-0.146470788929607],[-78.135289898973681,-0.146582347229598],[-78.135368105260341,-0.14679248494696],[-78.135417449296312,-0.146840622034905],[-78.135535132526357,-0.147105011367994],[-78.13567482409897,-0.147331189793872],[-78.135670272140189,-0.147352587056071],[-78.135682419848962,-0.147377803283843],[-78.135680911166062,-0.147462626280884],[-78.135651324768176,-0.147613935192786],[-78.135652846189018,-0.147643737635759],[-78.135723447771298,-0.147727788354951],[-78.135954959024303,-0.147718592292338],[-78.135975460504682,-0.147781251911846],[-78.135971691377449,-0.148017380805914],[-78.135976246309767,-0.148022729483687],[-78.135970932320717,-0.148017380891059],[-78.135968654051112,-0.148007446939127],[-78.135929155588698,-0.147759096191629],[-78.135857821369186,-0.147913466494455],[-78.135742434690727,-0.147822543257693],[-78.135643751581981,-0.147770590810209],[-78.135567838562523,-0.147704116590566],[-78.135501030319858,-0.147602489558814],[-78.135494946666924,-0.147501619870941],[-78.135480519925679,-0.147459592174053],[-78.135305149100617,-0.147200558512857],[-78.135274782766274,-0.147163881811464],[-78.135220127910287,-0.147138670394048],[-78.135103980908099,-0.147036284830989],[-78.135059949434449,-0.146980505454715],[-78.135019712046557,-0.146914027285258],[-78.13479500331448,-0.146661876921074],[-78.134771435201898,-0.146327937737514],[-78.134767638980421,-0.146319532309755],[-78.134727405508315,-0.146288205952505],[-78.134723607230271,-0.146261460470159],[-78.1347114423573,-0.146083410484593],[-78.134729657036672,-0.146059719173393],[-78.134727379268398,-0.146054370249861],[-78.134688662958283,-0.146014637871865],[-78.134656779953545,-0.145990952265621],[-78.134506490354056,-0.146021536134185],[-78.134494345634991,-0.14602306585454],[-78.13448523628027,-0.146016953541185],[-78.134451833710514,-0.145980277242461],[-78.134368321613564,-0.145838151369249],[-78.134279498268768,-0.145715130339547],[-78.134244545017694,-0.145389598483862],[-78.134200499258398,-0.145207731391221],[-78.134175430896079,-0.145035032158793],[-78.134160243213358,-0.144976957087904],[-78.134290766012668,-0.144670510468379],[-78.134309723393443,-0.144503155343895],[-78.134256575522031,-0.144380130311585],[-78.134104739300795,-0.144159303103216],[-78.134075119678627,-0.144014878670251],[-78.134076635610128,-0.143995774281594],[-78.134060694402379,-0.143986606102337],[-78.134047028791343,-0.143963682626907],[-78.134049304038882,-0.143946870656375],[-78.134095598649949,-0.143878854301065],[-78.134062172969507,-0.1436404375886],[-78.134011304198751,-0.143534988233621],[-78.13395435212,-0.143334782705899],[-78.133945236885538,-0.143277471131347],[-78.133939142517065,-0.143086429728565],[-78.133912565488515,-0.142998553453275],[-78.133913321381556,-0.14297104330183],[-78.133859405608462,-0.142772365801762],[-78.133810813671332,-0.142664623732964],[-78.133749318407439,-0.142562232359471],[-78.133709842081402,-0.142514858538728],[-78.133673401005026,-0.142459078515296],[-78.13360052775883,-0.142424699467962],[-78.133561808370132,-0.142358985532746],[-78.133510946484407,-0.142313905563944],[-78.133468428285752,-0.142217625357313],[-78.133188294802338,-0.141852385898668],[-78.133170832205124,-0.141814943721339],[-78.133068342548967,-0.141665943030416],[-78.132974951769242,-0.141432882836745],[-78.132937744768398,-0.141318262054643],[-78.132938492972016,-0.141225033498065],[-78.132920271037662,-0.141185298924754],[-78.132917990759069,-0.141158553322329],[-78.132930131357028,-0.141121871836123],[-78.132927087479828,-0.141056153767747],[-78.132929359653701,-0.141013360104304],[-78.132937705687851,-0.140982792406962],[-78.132935421303017,-0.140920895087525],[-78.13292858579959,-0.140886508346464],[-78.13292554021335,-0.14080627109146],[-78.132911871341804,-0.14075583763759],[-78.132915663042269,-0.140725270478251],[-78.132929322717672,-0.140696994652961],[-78.132933872041505,-0.140654200718848],[-78.132930831444909,-0.140616756858524],[-78.13294524954641,-0.140583131767166],[-78.132971052838116,-0.140544156150089],[-78.132973324545645,-0.140497541645008],[-78.133038581388988,-0.1403110769492],[-78.133069679764048,-0.140116210449426],[-78.133084096685593,-0.140072651165311],[-78.133080299259021,-0.140054311588431],[-78.133087869596821,-0.139882372915471],[-78.133065828682405,-0.139641662666685],[-78.133051405926693,-0.139635551045993],[-78.133032427313594,-0.139616449116255],[-78.133025594922842,-0.139608808253875],[-78.133022556363528,-0.139588940253166],[-78.132942846908634,-0.139514825499732],[-78.132942843844688,-0.139488843795667],[-78.132951191730839,-0.139474323609941],[-78.132987630309145,-0.139507942637376],[-78.132975482193658,-0.139480434048505],[-78.132978517780487,-0.139475084511016],[-78.133043790243562,-0.139422349126538],[-78.133120449337483,-0.139376489884547],[-78.133134867584602,-0.139344393107481],[-78.133150037122306,-0.139246577798803],[-78.133170530060212,-0.139233584489869],[-78.133197850876684,-0.13919002364462],[-78.133272986619474,-0.139099842818808],[-78.133350392376045,-0.138949292432411],[-78.133404255004621,-0.138694053826078],[-78.133341206797738,-0.138301279032038],[-78.133306272908868,-0.138155327152528],[-78.13324856235343,-0.137967348795305],[-78.133242484720867,-0.137923791955152],[-78.133279648919725,-0.13767696119552],[-78.13330391179133,-0.137452292857984],[-78.133273525071502,-0.137247499520773],[-78.133307664926491,-0.137100775111467],[-78.133308417192382,-0.137044226586131],[-78.133319034227341,-0.136963223482654]]}},
{"type":"Feature","properties":{"capa_cad":"ACAD-TOP-BASE PRESA POROTOG-Model|C3D-Superficie_ConMen","color":"#B8A15C"},"geometry":{"type":"LineString","coordinates":[[-78.136419017388732,-0.136962845792564],[-78.136408402539701,-0.137062189200586],[-78.136399334497369,-0.137400717660299],[-78.136422866719869,-0.137412941522627],[-78.136425168423983,-0.137617738834836],[-78.136406967704133,-0.137756820002478],[-78.136401655586766,-0.137767519027764],[-78.136376607904751,-0.137777456274479],[-78.136378150304552,-0.137980725330754],[-78.136384988108574,-0.138033452239674],[-78.136428276213337,-0.138216847832512],[-78.136434383150132,-0.138506467572024],[-78.136427555456578,-0.138538563540114],[-78.136438947121803,-0.138587469055374],[-78.136483745452082,-0.138705145862538],[-78.136479211156811,-0.138874028012497],[-78.136442052056296,-0.139166709639425],[-78.1364587607994,-0.139246945499698],[-78.136442827205357,-0.139302731829533],[-78.136436004908845,-0.139380677999924],[-78.136448970077197,-0.139899547967698],[-78.136489231454476,-0.140166238549571],[-78.136498346330541,-0.140218965205576],[-78.136562891811622,-0.14043751020175],[-78.136680579202391,-0.140724060072054],[-78.136754985555129,-0.140884527017858],[-78.136848368407357,-0.141045755909277],[-78.136914417166849,-0.141138212717392],[-78.13703664292548,-0.141288739857349],[-78.137104969739639,-0.141388838131111],[-78.137131555245276,-0.141547782475801],[-78.137077687849043,-0.14176863411711],[-78.137073899394878,-0.141827475695529],[-78.13705569239643,-0.14191688579078],[-78.136998005554517,-0.141929883471758],[-78.136923614759837,-0.141902382080892],[-78.136820395929462,-0.142013963093046],[-78.136771065809313,-0.142088093412062],[-78.136742224208533,-0.142110257737947],[-78.136677707017157,-0.142133190420204],[-78.136649618899625,-0.14210721192777],[-78.136625329076637,-0.142107214779143],[-78.136570668123596,-0.142030804174303],[-78.136470466060018,-0.141974267352364],[-78.136432517912624,-0.142014772827625],[-78.136301970061098,-0.142100375205395],[-78.136201016403589,-0.142108028754864],[-78.136011256673939,-0.142146259518042],[-78.135992281675641,-0.142158488461546],[-78.135930798362963,-0.142160788183802],[-78.135806318586731,-0.142208181307823],[-78.135753947142888,-0.142237990066007],[-78.135741044775443,-0.142251746632443],[-78.135707657957539,-0.142352620937807],[-78.135703874064276,-0.142451199263468],[-78.135800289750435,-0.142585681844651],[-78.135832933232265,-0.142620829834552],[-78.135929341864909,-0.142694178863024],[-78.135999939408009,-0.142740020803905],[-78.136071292752746,-0.142757588376524],[-78.136131261660665,-0.142787383999292],[-78.136262582254687,-0.142820227974911],[-78.136390874202689,-0.142918790938844],[-78.136542695252331,-0.143002831947425],[-78.136566224610874,-0.14299060248056],[-78.136664905974712,-0.143024978635551],[-78.136809138855483,-0.143129653160932],[-78.136853164432594,-0.143131940543183],[-78.136718813960499,-0.1431548813038],[-78.136647458998524,-0.143123558633718],[-78.136620897360544,-0.143170176113099],[-78.136555620217052,-0.143185467118897],[-78.136522979627387,-0.143175536707139],[-78.136504764192694,-0.143192350571962],[-78.136349911412566,-0.143147282567139],[-78.136324866137855,-0.14317861645594],[-78.136076665210751,-0.143271109909295],[-78.136249017502493,-0.143676099955115],[-78.136264991677095,-0.143973360235047],[-78.13626803680215,-0.14405130522356],[-78.136255140334896,-0.144117025335265],[-78.136183050673395,-0.144298906117737],[-78.136151217826324,-0.144716910744548],[-78.13613300558309,-0.144761998865468],[-78.136042694913044,-0.144912550715958],[-78.136030551738983,-0.144927835508167],[-78.13598804742513,-0.144953057995253],[-78.135917478091812,-0.145155571090558],[-78.135921280981734,-0.145222817594701],[-78.135857522649175,-0.145244221655063],[-78.135789970851164,-0.145281673710937],[-78.135758852471255,-0.145307659044541],[-78.135701171604438,-0.145373384239075],[-78.135659432991602,-0.145457447673084],[-78.135651856308002,-0.145580479844561],[-78.13546817801776,-0.145698947104924],[-78.135478056076934,-0.145790646314314],[-78.135475022088258,-0.145810515066856],[-78.135449222600869,-0.145885406616996],[-78.135396858544709,-0.14598169793452],[-78.135402181041158,-0.146062699287315],[-78.135369550804313,-0.146144469128755],[-78.135317943470696,-0.14622012776838],[-78.135166143291372,-0.146318722865417],[-78.135219288525548,-0.146419587174881],[-78.135301278403205,-0.14652503323736],[-78.135397706321328,-0.146773377360111],[-78.135399985453716,-0.146790952998791],[-78.135434147084567,-0.146827629264539],[-78.135561699926456,-0.147108829214912],[-78.135659635145629,-0.147260887903456],[-78.135719612598564,-0.147368629055995],[-78.135734039176612,-0.147409128421122],[-78.135724172036348,-0.147414478720523],[-78.135722665133713,-0.147515349282878],[-78.135702182317857,-0.147620806997622],[-78.135701428689003,-0.147669713938477],[-78.135708261723948,-0.147683468223392],[-78.13573331389604,-0.147713268022596],[-78.135759122158163,-0.147716321799847],[-78.135849449130632,-0.147709434117558],[-78.135961784854047,-0.147667392148267],[-78.13597696751458,-0.14768114549723],[-78.136011130747292,-0.147732341034069],[-78.136040748531926,-0.14786377491937],[-78.136039996839912,-0.147930257781042],[-78.136015711762155,-0.147973054017774],[-78.136037724492709,-0.147973815717646],[-78.136016480121953,-0.148057112613679],[-78.136019516856223,-0.1480616972922],[-78.13608478152841,-0.147933309433676],[-78.136160684755836,-0.147911139985735],[-78.13623810703281,-0.147897376233864],[-78.136275300313329,-0.147892787037601],[-78.136288963168653,-0.147891257163378],[-78.136292758453294,-0.147891256737197],[-78.136119698395376,-0.147935598024147],[-78.136103760571729,-0.147956996570153],[-78.136089344583368,-0.148012018419811],[-78.136041531700286,-0.148081563239912],[-78.136027110720576,-0.148091499064658],[-78.136006615004845,-0.148080802984633],[-78.135951198114626,-0.148028845651446],[-78.135805446462086,-0.147913472373552],[-78.135587585045272,-0.147803456412052],[-78.13554279614074,-0.147762196289359],[-78.135437268736297,-0.147594855037956],[-78.135432704639214,-0.147506976065233],[-78.135227725536012,-0.147202095588827],[-78.135044776236782,-0.147051574904056],[-78.134991632684901,-0.146965229793832],[-78.134805641454534,-0.146763510196029],[-78.134744907335246,-0.14667716597675],[-78.134697049785075,-0.146346286242164],[-78.134687938460459,-0.146322598039669],[-78.134690967144536,-0.146255350828184],[-78.134676525018051,-0.146076536938017],[-78.134681078323027,-0.146067366392493],[-78.134664377293376,-0.146051320745871],[-78.134649955147765,-0.146050558218695],[-78.134537617473441,-0.146073496071701],[-78.13446854683886,-0.146104070684435],[-78.134346315791234,-0.145898523206713],[-78.134277990220795,-0.145804538246134],[-78.13425597313946,-0.14576480398671],[-78.134236994945923,-0.145748758610006],[-78.134138245049044,-0.145104575764779],[-78.134099516878578,-0.144960152348481],[-78.134110139586156,-0.144924235207064],[-78.134229281826038,-0.144664404191862],[-78.134232316226303,-0.144648356301339],[-78.134110834884879,-0.144362571236161],[-78.134081986173754,-0.144322073629649],[-78.134075911557034,-0.14430297011683],[-78.13402882340479,-0.14406837581735],[-78.134030337681494,-0.144034752228129],[-78.13401363646075,-0.144017178283092],[-78.134027292656157,-0.143957571561215],[-78.134023492583196,-0.143915542733137],[-78.134053090854252,-0.143872745871865],[-78.13402042763812,-0.143664131651504],[-78.133987781443949,-0.14360453029413],[-78.133942975662734,-0.143416550051606],[-78.133918676788142,-0.143337079356368],[-78.133911840297188,-0.143293522550386],[-78.133909549805651,-0.143177369216021],[-78.133901953990403,-0.143131519994437],[-78.13386930004674,-0.143004671840253],[-78.133863981917557,-0.142963407366403],[-78.133806269902607,-0.142756324466264],[-78.133680242725319,-0.142547721234621],[-78.133521592219054,-0.142478200473037],[-78.133407712464418,-0.142291756774891],[-78.133381901952262,-0.142268834754806],[-78.133211087683321,-0.142035783530817],[-78.13311087955249,-0.141924226773523],[-78.133060009257946,-0.14180655089586],[-78.132946131221942,-0.141635390693703],[-78.132893742620283,-0.141516186688904],[-78.132867932727279,-0.141498613870213],[-78.132845914021402,-0.141445888891088],[-78.132859556913957,-0.141273185379117],[-78.132851202067172,-0.141228100469474],[-78.132853473535448,-0.141179193467603],[-78.13284436425954,-0.141173845368906],[-78.132843603781026,-0.141161618775317],[-78.132856503699941,-0.141127229705077],[-78.132870916560563,-0.141048518727118],[-78.132859524952607,-0.1409988491713],[-78.132856481157958,-0.14093389527501],[-78.132865585084502,-0.140893393308997],[-78.132863306048179,-0.140877346056406],[-78.132852678126852,-0.14086741313347],[-78.132848879999983,-0.140842960216005],[-78.132852657417217,-0.140690126225816],[-78.132842784796523,-0.140648098171418],[-78.132854166948519,-0.140616765946157],[-78.132905771562108,-0.140522003027864],[-78.132906521580736,-0.140444821995921],[-78.132917901937347,-0.140398206411825],[-78.132941426178064,-0.140343183538891],[-78.132948246290155,-0.140246133420673],[-78.132966452928272,-0.140155195289164],[-78.132958858168109,-0.140119280306508],[-78.132970230163977,-0.140001597112979],[-78.132969459433184,-0.139902255391417],[-78.13295579178029,-0.139862520295315],[-78.132961103543494,-0.139848764641915],[-78.132961098509071,-0.13980597124631],[-78.132952738656726,-0.139718857115892],[-78.132941352300492,-0.139714273467971],[-78.132918573828519,-0.139656199436366],[-78.132918570227616,-0.139625632726355],[-78.132882890529146,-0.139590485270988],[-78.132873779354881,-0.139569089662755],[-78.132894251921257,-0.139383394455153],[-78.1329215668719,-0.139290162720528],[-78.132925356908203,-0.139245840536407],[-78.13296254515619,-0.139199986015806],[-78.132980761920521,-0.139195398826844],[-78.133007323947879,-0.139154130582576],[-78.133033887601002,-0.13912661735724],[-78.133140892582048,-0.1389432042333],[-78.133185647997465,-0.138700193456405],[-78.133181084602072,-0.138623777211269],[-78.133192451724085,-0.138466357246916],[-78.133214456767149,-0.138402928655819],[-78.133212917657303,-0.13822640604257],[-78.133184054925053,-0.138069755097182],[-78.133196941174262,-0.137921504958478],[-78.13316806790138,-0.137676974712302],[-78.133155895606464,-0.13744772581023],[-78.133168017041413,-0.137252097349317],[-78.133161923612235,-0.137077103634628],[-78.13316723442496,-0.13705570628646],[-78.133186966905697,-0.137031250511155],[-78.133203657935908,-0.136963237531822]]}},
{"type":"Feature","properties":{"capa_cad":"ACAD-TOP-BASE PRESA POROTOG-Model|C3D-Superficie_ConMen","color":"#B8A15C"},"geometry":{"type":"LineString","coordinates":[[-78.136441030031975,-0.136962843109175],[-78.136430415825757,-0.13706753570991],[-78.136418311646921,-0.137406828715178],[-78.136441084721454,-0.137418288499933],[-78.136440341231136,-0.137548197512234],[-78.136448700553458,-0.137629198531781],[-78.136434291734119,-0.137740004947938],[-78.136422149751539,-0.137764459863526],[-78.136396342829713,-0.13777286886233],[-78.136398638173034,-0.137924938434245],[-78.136407000387351,-0.138030392896658],[-78.136452566574562,-0.138221429919036],[-78.136458669874784,-0.138480482859567],[-78.136454122078348,-0.138535503657814],[-78.136467032584193,-0.138590522352361],[-78.136502719148126,-0.138682218473507],[-78.136504998587625,-0.13870132245338],[-78.136498193285675,-0.138922168450899],[-78.136465583810491,-0.13917511268802],[-78.136479254608787,-0.139240829681345],[-78.136459530700364,-0.1393386458243],[-78.136461079319218,-0.139596935146702],[-78.136467919033265,-0.139666473812068],[-78.136472500747345,-0.139898780989807],[-78.136520358439796,-0.140214377564083],[-78.13658338554059,-0.140430630233968],[-78.136698035723754,-0.140708774595568],[-78.136779275558254,-0.140886052480948],[-78.136837735540297,-0.140993793580702],[-78.136874176348172,-0.141045752855374],[-78.137147476768789,-0.141387304772293],[-78.137161903573755,-0.141427804111675],[-78.137183937397822,-0.141609674120431],[-78.13712323829462,-0.141828998231692],[-78.137121729935046,-0.141913057173397],[-78.137112626565965,-0.14195890847844],[-78.137032168535242,-0.141976493857445],[-78.136932727434669,-0.141936768679966],[-78.136894020748514,-0.141981859285415],[-78.136865937761101,-0.142000202675345],[-78.136838615425418,-0.142032301042065],[-78.136783973054477,-0.14211636619981],[-78.136745264419162,-0.142144645045949],[-78.136676192973326,-0.142168342430991],[-78.136671639958337,-0.142179805519443],[-78.1366648074723,-0.142171400448036],[-78.136634445193181,-0.142171404010561],[-78.136544861959607,-0.142046090609261],[-78.136472746862424,-0.142005598060442],[-78.136310321720757,-0.142117950135953],[-78.136232898554283,-0.14212330841258],[-78.136039343712767,-0.142163067959485],[-78.136001393538166,-0.142185997506488],[-78.135892848987808,-0.142190595256256],[-78.135809356403783,-0.142221936006222],[-78.135766852338932,-0.142248686928484],[-78.135730430884834,-0.142363316645425],[-78.135725885375024,-0.142439734142423],[-78.135733477792073,-0.142455780816348],[-78.135845835517159,-0.14260630910143],[-78.135888346028977,-0.142635342581923],[-78.135984753432339,-0.142697993237614],[-78.136107724124003,-0.142728545665271],[-78.136220829908979,-0.142783552690365],[-78.136260302003308,-0.142793482290955],[-78.13641364485224,-0.142909618240995],[-78.136525232898492,-0.142967682155103],[-78.136540414300825,-0.142969972895092],[-78.136549522456434,-0.14296538681163],[-78.13669830378069,-0.143018861379475],[-78.136758274561956,-0.143064704607681],[-78.136858477305594,-0.143127354901801],[-78.136874417593674,-0.143128117215124],[-78.136882767837335,-0.143133465435252],[-78.13689643209608,-0.143144162229425],[-78.136897191328927,-0.143145690481854],[-78.136869104720603,-0.14313270285657],[-78.136709706153994,-0.143162524067669],[-78.136660364812187,-0.143139604705968],[-78.136643669246155,-0.143171701801723],[-78.136556380239668,-0.143193872902641],[-78.136528294255001,-0.143186234470856],[-78.136505524917439,-0.143206869716604],[-78.136361299284289,-0.143164857152544],[-78.136332459339286,-0.143201540673416],[-78.136162437473004,-0.143261165721012],[-78.13610171600962,-0.143287918732583],[-78.136261919893187,-0.143662343398418],[-78.136265718150597,-0.143688324738073],[-78.136282458881169,-0.144051303555424],[-78.136269562588126,-0.144118552007966],[-78.136208856600646,-0.144281327229322],[-78.136174748064605,-0.144712323017116],[-78.136145912582748,-0.144788743328154],[-78.136041182169819,-0.14495992942086],[-78.136014617611409,-0.144981329227409],[-78.135948601660331,-0.145175435935985],[-78.135951649034993,-0.145274013490229],[-78.135891685291554,-0.14528930375566],[-78.135802122404925,-0.145340513385357],[-78.135742923507422,-0.145407002924236],[-78.135691319312528,-0.145510171729053],[-78.135684490132306,-0.14553080508966],[-78.135681462869456,-0.145610279075656],[-78.135498543455455,-0.145727217908918],[-78.135502345965364,-0.145791407712305],[-78.135466682529184,-0.145899923846199],[-78.135426460880552,-0.145974052867524],[-78.135435580891254,-0.14607492219562],[-78.135396121719481,-0.146179617898783],[-78.135349067948354,-0.146248398496461],[-78.135206375751011,-0.146340879203618],[-78.135252687853338,-0.146427225076092],[-78.135305070091349,-0.146492937694056],[-78.135413646332907,-0.146771847216296],[-78.13541744417553,-0.146794771869328],[-78.135444773787796,-0.146826863892267],[-78.135570808092538,-0.147104243168962],[-78.135688482354411,-0.147288394755246],[-78.135739350363153,-0.14738925941166],[-78.135765166101933,-0.147459560111592],[-78.135744672084456,-0.147464147438081],[-78.135743163395333,-0.147548970439648],[-78.135727990579397,-0.147623860772712],[-78.135729516494038,-0.147694164208384],[-78.135743181207431,-0.147709446065025],[-78.135798591913726,-0.147705618986928],[-78.135968613650476,-0.147642937946439],[-78.136034660997851,-0.14772775336973],[-78.136071113935486,-0.147892045794568],[-78.136090851951522,-0.147914968674993],[-78.136291238815389,-0.147877501847442],[-78.136370190388703,-0.1479646083694],[-78.136392203633832,-0.147969955089476],[-78.136371709348836,-0.147972249899688],[-78.136305664537687,-0.147910359538766],[-78.13629351878015,-0.147902719202183],[-78.136285928380147,-0.147904248394466],[-78.136154620255667,-0.147982972640039],[-78.136077967271149,-0.148089200853809],[-78.136037740388787,-0.148117479648004],[-78.135974735044542,-0.148084627407752],[-78.13593222237354,-0.148034961137891],[-78.135836572860555,-0.147959319062622],[-78.135570129287586,-0.147826383459085],[-78.135535209303868,-0.147795820600512],[-78.135406147002172,-0.147591037692379],[-78.135403103733964,-0.147527611972457],[-78.135395511218476,-0.147510036930455],[-78.135201919922679,-0.147222731071773],[-78.135146503207196,-0.147172302153575],[-78.135021248309428,-0.147076795144654],[-78.134965067172971,-0.146978223672182],[-78.134805646404644,-0.146807831998916],[-78.134722137197159,-0.146690923597772],[-78.134681117574843,-0.146417355763224],[-78.134645432021202,-0.146328716219574],[-78.134654514030643,-0.146091058652685],[-78.134482976014993,-0.14616749505379],[-78.1344214823865,-0.146077330132518],[-78.134336451677072,-0.145930619416605],[-78.134273440271983,-0.145843511367044],[-78.134243831003403,-0.145789258768487],[-78.134215743198666,-0.145764808575637],[-78.134120791441902,-0.145145842868275],[-78.134069153366184,-0.144948693305282],[-78.134086605666837,-0.144895963672695],[-78.134167045958037,-0.144723252333069],[-78.134176905353485,-0.144649891013468],[-78.134054666528343,-0.14437786108249],[-78.134012916226553,-0.144357997514555],[-78.133989381774356,-0.144325140983402],[-78.133960534891656,-0.144300690919425],[-78.133955219591513,-0.144283879826504],[-78.133956734135538,-0.144252548745087],[-78.133962805011492,-0.144238793012323],[-78.133996206140154,-0.144262478380844],[-78.134044031929292,-0.144309087142113],[-78.134048585739379,-0.144304501605776],[-78.134005295217307,-0.144090539422212],[-78.134007568288553,-0.144054623240564],[-78.133997699350118,-0.144043926022257],[-78.134015907088482,-0.143959865383413],[-78.134010587160574,-0.143902553361711],[-78.134031836956993,-0.143869691657415],[-78.134031835997163,-0.143861285803946],[-78.133999175663604,-0.14367788914745],[-78.133972603223924,-0.14362974961355],[-78.133897421578354,-0.143322562626055],[-78.133890575004926,-0.143191126454742],[-78.133845007647309,-0.142981749618356],[-78.133794889178432,-0.142800647558519],[-78.133791092583579,-0.142789185476239],[-78.133727326943159,-0.142745635322134],[-78.133664312084122,-0.142630253268605],[-78.133638500074852,-0.142594340376005],[-78.13357701107256,-0.142546204962973],[-78.133482124450154,-0.142504950972694],[-78.133380391345867,-0.142333789217636],[-78.133341675403329,-0.142297877851175],[-78.133205782788806,-0.142109144276533],[-78.133076726963083,-0.141966260015524],[-78.133003079546469,-0.141801208410197],[-78.132864906361959,-0.141583436843937],[-78.132852754302164,-0.141521540689095],[-78.132817070930997,-0.141454298133566],[-78.132829197049787,-0.141293057320486],[-78.13280793000466,-0.14117690634051],[-78.13281855649906,-0.141174612583058],[-78.132829180323185,-0.141149393794886],[-78.13284738836802,-0.141069918203071],[-78.13282080836521,-0.140957588692058],[-78.132819286333529,-0.140923965493508],[-78.132830668760533,-0.14089492577474],[-78.132820040661286,-0.140883464516531],[-78.132800279449199,-0.140662622394548],[-78.132856435887234,-0.140546462247092],[-78.132874646574308,-0.140489911675254],[-78.132874638968545,-0.140424957419022],[-78.132893608435595,-0.140366114250972],[-78.132901950421328,-0.140301159001587],[-78.132901180075294,-0.140204873956755],[-78.132911802892096,-0.140171249312437],[-78.13290268903738,-0.140126928666851],[-78.132913302248681,-0.140011538072863],[-78.132906457376649,-0.139897677892755],[-78.132892789814349,-0.139858706966604],[-78.132897343601442,-0.139854121417294],[-78.132898098880418,-0.139822026281879],[-78.132892778125992,-0.139759365161342],[-78.132854050244902,-0.139622583759794],[-78.13282823861509,-0.139590491798554],[-78.132824437038423,-0.139537000513778],[-78.132849454088998,-0.139268010489041],[-78.132945834304039,-0.139101410373981],[-78.132984539480134,-0.139045621484418],[-78.133039178193471,-0.138934046426835],[-78.133110489991395,-0.138602389003024],[-78.133121859289815,-0.138463309077558],[-78.13317194126094,-0.138331866161193],[-78.133171928711988,-0.138226410988048],[-78.133154457899423,-0.13812095792291],[-78.133174169994248,-0.137925328551693],[-78.13315137491179,-0.137728940152903],[-78.133123278936239,-0.137637243407038],[-78.133114912518479,-0.137496637528235],[-78.133127810864991,-0.137450021721672],[-78.133120974433908,-0.137408757484636],[-78.133123970521638,-0.137074051580509],[-78.133094365196357,-0.13705571515329],[-78.1330951220488,-0.137037375032047],[-78.133113337612059,-0.137022853625284],[-78.133114095289955,-0.13701139101467],[-78.133141420332791,-0.137003746009523],[-78.133152042230364,-0.136963243816797]]}},
{"type":"Feature","properties":{"capa_cad":"ACAD-TOP-BASE PRESA POROTOG-Model|C3D-Superficie_ConMen","color":"#B8A15C"},"geometry":{"type":"LineString","coordinates":[[-78.136462283618982,-0.136962840518302],[-78.136452428377481,-0.137066768858412],[-78.136446389596344,-0.137347220032976],[-78.136437288796756,-0.137412939770246],[-78.136459302814927,-0.137424399647524],[-78.136458554198086,-0.137511515134593],[-78.136472232774807,-0.137641422399314],[-78.136460098108103,-0.137727010927276],[-78.136443402790604,-0.137759872266922],[-78.136416077937724,-0.137769809790188],[-78.136415320251629,-0.137781272433697],[-78.136429771540818,-0.138025805121446],[-78.136471541171019,-0.138206144223962],[-78.136482929572338,-0.138227539612531],[-78.136479145669057,-0.138323061338941],[-78.13648372201952,-0.138507989964699],[-78.136479928826105,-0.138525566335521],[-78.136495877739847,-0.138598924749098],[-78.13652549076059,-0.138681451561741],[-78.136517175594093,-0.138971837231223],[-78.136489873536561,-0.139174345604074],[-78.136499747333573,-0.139225543820848],[-78.136481543346605,-0.139338643186838],[-78.136483077803177,-0.139476957801351],[-78.136496031328036,-0.139897249841725],[-78.136548447132824,-0.140244941028156],[-78.13660919446049,-0.14043903303893],[-78.136794454733575,-0.140869238934649],[-78.136856710717481,-0.140983092948781],[-78.137161895029678,-0.141354443734009],[-78.13719530129444,-0.141420922634698],[-78.137230987574384,-0.141511854731318],[-78.137242383213135,-0.141595912160505],[-78.137224178362018,-0.141703662368272],[-78.137174099125232,-0.141863379925457],[-78.137167283387868,-0.141999403096538],[-78.137067090572501,-0.142023104156698],[-78.136937286031383,-0.14197344832616],[-78.136905410060649,-0.142011660594148],[-78.136875049901093,-0.142030004251032],[-78.136855317072829,-0.142052931681159],[-78.136799157027923,-0.142140817869132],[-78.136755894756917,-0.142175210611881],[-78.13674147320387,-0.142179797325991],[-78.136688353448264,-0.142302834975608],[-78.136662549663583,-0.14233875400326],[-78.136635224230659,-0.142344106397235],[-78.136639018013483,-0.142331115058265],[-78.136593458771358,-0.142194333926452],[-78.136520575149206,-0.142072075247598],[-78.136475788137588,-0.142049155401738],[-78.136465160101977,-0.142038458267824],[-78.136318673380217,-0.142135525066783],[-78.136254913233799,-0.142140881739003],[-78.136160792947521,-0.142164582051291],[-78.136071985003198,-0.142179111697619],[-78.136018095877276,-0.142212741491921],[-78.135854899524631,-0.142219638156939],[-78.135816189326007,-0.142234161920355],[-78.135791142408891,-0.142250976590076],[-78.135751685876329,-0.142375540870538],[-78.135748656183736,-0.142432089780305],[-78.135757766802115,-0.142448900446441],[-78.135858736479506,-0.142580325822101],[-78.135920225256015,-0.142625404648345],[-78.135975640172077,-0.142658257472111],[-78.136143396438982,-0.142699503040781],[-78.136260298128974,-0.142759858811203],[-78.136310397195714,-0.142771315510184],[-78.136303569118652,-0.142801118938962],[-78.136429583462544,-0.142895861319223],[-78.136500939119699,-0.142933297330946],[-78.136532061068891,-0.14293864289163],[-78.136718797002246,-0.143007396435443],[-78.136752957734771,-0.143034902584285],[-78.136870620111722,-0.14310901339718],[-78.136879726864734,-0.143092200586809],[-78.136893393232228,-0.143121237470521],[-78.136889598736971,-0.143128115446462],[-78.136938942196863,-0.143169374902594],[-78.136887323322185,-0.143143399120085],[-78.136863792111043,-0.143139581009164],[-78.136701357404547,-0.143170166743008],[-78.136670993542538,-0.143156415214062],[-78.136658851001016,-0.143177049225647],[-78.136578392715847,-0.14319234199926],[-78.136556381205295,-0.143202278774772],[-78.136533608882544,-0.143196932234672],[-78.136506285642014,-0.143221388861267],[-78.136372687243679,-0.143183195908344],[-78.136336257431793,-0.143225993673038],[-78.136182934021448,-0.143278739245044],[-78.136126766721119,-0.143303963386665],[-78.136270266631016,-0.143637124819778],[-78.136281659567175,-0.143699021269384],[-78.136296880960373,-0.144051301887279],[-78.136283226133386,-0.144123135448496],[-78.136227832236145,-0.144274447508539],[-78.136221018213931,-0.144428046460784],[-78.136197519680437,-0.144711556226609],[-78.136158819581965,-0.144815487791422],[-78.136044222898946,-0.144999665904244],[-78.135978207721209,-0.145200650145104],[-78.135982775970859,-0.145323680961898],[-78.135911426721449,-0.145342029208116],[-78.135832489845498,-0.145386360090897],[-78.135787711033188,-0.145435272076643],[-78.135755078590208,-0.145497173553384],[-78.135713340569552,-0.145586586174323],[-78.135711069430968,-0.14564007830828],[-78.135526632068519,-0.145758545652304],[-78.135528911216639,-0.145776121290943],[-78.135494006665596,-0.145883109002392],[-78.13547958932287,-0.145925139967559],[-78.135455304504447,-0.145969464564367],[-78.135467463230427,-0.146092494463661],[-78.135417380440643,-0.146225465646673],[-78.135384746335362,-0.146272847861337],[-78.135246608383,-0.146364563881948],[-78.135277736108591,-0.146421873046934],[-78.13530962092041,-0.146461606233744],[-78.135425030555325,-0.146757326707833],[-78.135434143499836,-0.146795534148151],[-78.135448567277166,-0.146810815904308],[-78.135582952995378,-0.147104241797186],[-78.13572112569625,-0.147323542876684],[-78.135777310752232,-0.147457266234507],[-78.135795534054367,-0.14751075605993],[-78.135764413668582,-0.147519165430494],[-78.135763660892707,-0.147575714070691],[-78.135751524131464,-0.147649075723954],[-78.135753047755955,-0.147698746580528],[-78.135878287602139,-0.147658231502298],[-78.135973165276283,-0.147618484000529],[-78.136000494541534,-0.147647519378952],[-78.136062746776204,-0.147733863571193],[-78.136093123957806,-0.147868354056703],[-78.136109066267352,-0.147887456513852],[-78.136301862479172,-0.147849226363281],[-78.136338299668623,-0.147871383201899],[-78.136399793696157,-0.147965369217104],[-78.136424084282154,-0.147972244021946],[-78.136420289843173,-0.147979886148865],[-78.136357288535308,-0.14798371406903],[-78.136317054877736,-0.147950859272012],[-78.136271511123155,-0.147947807703721],[-78.136255571520323,-0.147953158682777],[-78.136194851199605,-0.147991373995479],[-78.136157662065472,-0.148033407514275],[-78.136114402843162,-0.148096838468134],[-78.136047610999753,-0.148143460316892],[-78.135937541265577,-0.148084631577385],[-78.135888954789735,-0.148022739274193],[-78.135867699173602,-0.14800440158443],[-78.135545082541995,-0.147845490510225],[-78.135527622466057,-0.147829444911229],[-78.135376543805691,-0.14759104102314],[-78.135369705765356,-0.147532200748449],[-78.135221665418413,-0.147312900821786],[-78.135146509333211,-0.147227322339149],[-78.135035677271006,-0.147138691218422],[-78.134996961155636,-0.14710048713159],[-78.134938501661509,-0.146991217549876],[-78.134801855561705,-0.1468475692171],[-78.134697848349887,-0.14669933220754],[-78.134690255229401,-0.146676407999167],[-78.134665185788023,-0.146492246126904],[-78.134602925583479,-0.146334834398957],[-78.134608221835848,-0.146182000018886],[-78.134523971365553,-0.146224038885437],[-78.134497405187901,-0.146230919424743],[-78.134386564798788,-0.146068164081217],[-78.134231688952909,-0.145814477718345],[-78.134194491537542,-0.145781622709267],[-78.134101059198784,-0.14517411936615],[-78.134038789767985,-0.144936470094172],[-78.13404789479651,-0.14490437397132],[-78.134097980411411,-0.144798148792116],[-78.134117704409931,-0.144697276275169],[-78.134118456613777,-0.144636906872067],[-78.134047846151816,-0.144475675438918],[-78.134016718368883,-0.144418366387384],[-78.133955232110935,-0.144393920082558],[-78.133951435878714,-0.14438551466714],[-78.133939278561598,-0.144276239980966],[-78.133942312346875,-0.144254842914482],[-78.133964317726594,-0.144191414393165],[-78.133984055426197,-0.144211280494979],[-78.133998476170902,-0.144199816303229],[-78.133981767465272,-0.144116523868433],[-78.13398479898278,-0.144075258420625],[-78.133981002922411,-0.144068381342975],[-78.134003003584752,-0.143963687718077],[-78.133998440182552,-0.143884214723438],[-78.134010583060132,-0.143866637443042],[-78.13400830301461,-0.143841420146718],[-78.133987035409945,-0.143718391483673],[-78.133980960259763,-0.143694702964864],[-78.133957424653943,-0.143651912258509],[-78.133882242051797,-0.143336319421239],[-78.13387767729246,-0.143245383911603],[-78.133827552189885,-0.143006205039714],[-78.133796417224346,-0.142886998403727],[-78.133787305750218,-0.142862546078963],[-78.133777436979088,-0.14285337720962],[-78.133593731414962,-0.142729603379972],[-78.133563363056211,-0.142676115150747],[-78.133488209576271,-0.142614990473784],[-78.133440379341138,-0.142530173400357],[-78.133415326829848,-0.142498081268523],[-78.133335611084192,-0.142368182020813],[-78.133263492587702,-0.142296358668541],[-78.133171630278071,-0.142151941684539],[-78.133034223357512,-0.141996067549277],[-78.132946149749245,-0.141795101757164],[-78.13284517680205,-0.141633874234691],[-78.132843654967445,-0.141601779369925],[-78.132826946718396,-0.141523836230754],[-78.132795059330647,-0.141462706570915],[-78.132791259617619,-0.141424498634766],[-78.132799597129491,-0.14132057084796],[-78.132783647116156,-0.141235750117397],[-78.13278516086524,-0.141198305722963],[-78.132788193700904,-0.141169266993468],[-78.13280337416532,-0.141163916027685],[-78.132814756776398,-0.141136404647095],[-78.132823101032088,-0.141090553600076],[-78.132782091866957,-0.140917092383235],[-78.132760050551568,-0.140671033005545],[-78.132797993707058,-0.140589262568185],[-78.132842003030376,-0.140453999666017],[-78.132842756446465,-0.140405857010906],[-78.132857931535625,-0.140354655972064],[-78.132863994744667,-0.1402759459764],[-78.132851077643565,-0.140163614857288],[-78.132857147298452,-0.140139924936084],[-78.132851830778364,-0.140113179698464],[-78.132857892624372,-0.140023007186286],[-78.132838899110425,-0.139877053415548],[-78.132830546726495,-0.13985336521228],[-78.132830539534552,-0.139792231797001],[-78.132788014317853,-0.139637874998579],[-78.132765237106341,-0.139590499323247],[-78.132794047996626,-0.139309282176917],[-78.132805427041987,-0.139251968238638],[-78.1328312260394,-0.139177076714734],[-78.13285854675577,-0.139132751713837],[-78.132918497044201,-0.139005892680804],[-78.132932912564286,-0.138950870872056],[-78.132948089851567,-0.138918774003892],[-78.132975401413859,-0.13879726804539],[-78.132982225473981,-0.138734605465567],[-78.132997403752796,-0.138710914438914],[-78.132992846706742,-0.138687989952414],[-78.133039885038315,-0.138493885664333],[-78.133061134386296,-0.138458731384195],[-78.133076308118191,-0.138396831959318],[-78.133130942678861,-0.138250869306059],[-78.133124103910603,-0.138189736698997],[-78.133150638392621,-0.137917689717881],[-78.133137721423154,-0.137808415268804],[-78.133117215268527,-0.137710604259769],[-78.133084567067172,-0.137636483929834],[-78.133076971771388,-0.137596748120956],[-78.133073167815397,-0.137524152634717],[-78.133098208655625,-0.13745766699224],[-78.133089856312125,-0.137434742969279],[-78.133093648747888,-0.137411053304783],[-78.133086054359623,-0.137378959175739],[-78.133087562214087,-0.137293372190569],[-78.133079207210827,-0.137248287301106],[-78.133089068962448,-0.137198615190786],[-78.133089056585263,-0.137095452528863],[-78.133049582728262,-0.137070239791532],[-78.13305109542398,-0.137025153704238],[-78.1330837319192,-0.137001460528099],[-78.133085246723667,-0.136973950300227],[-78.133099668298968,-0.136970127704942],[-78.133101185581623,-0.136963250009231]]}},
{"type":"Feature","properties":{"capa_cad":"ACAD-TOP-BASE PRESA POROTOG-Model|C3D-Superficie_ConMen","color":"#B8A15C"},"geometry":{"type":"LineString","coordinates":[[-78.136485055319781,-0.136962837742353],[-78.136474440745943,-0.13706447366657],[-78.136469917420555,-0.137322763728034],[-78.136456265946876,-0.137419050825502],[-78.136478280240198,-0.137432803213495],[-78.136477526770221,-0.137479417684445],[-78.136495764905078,-0.137652882097176],[-78.136488939795214,-0.137706374836372],[-78.136463896956101,-0.137756813102398],[-78.136435054080764,-0.13776751498005],[-78.136435056365059,-0.137786619232915],[-78.136444183673547,-0.137942508833705],[-78.136458619799541,-0.138060189288062],[-78.136493553543161,-0.138203849054126],[-78.136514810775523,-0.138234413293098],[-78.136505719206852,-0.138378078383686],[-78.136506495358162,-0.138521742282558],[-78.136523204146854,-0.138601978137897],[-78.136545983750636,-0.138668458201076],[-78.136536911795346,-0.13897794822166],[-78.136513404749053,-0.139178163632115],[-78.136519480730428,-0.139207965540317],[-78.136518726284706,-0.139246938310011],[-78.136503555902934,-0.139337876379198],[-78.136506624259042,-0.139609920592943],[-78.136512702753038,-0.139661119267899],[-78.136519561999165,-0.139896482863707],[-78.13656970054528,-0.140243410158092],[-78.136624373447603,-0.140420691148812],[-78.136735986515305,-0.140691194176281],[-78.136814948469592,-0.140862358973039],[-78.136877203919781,-0.140971627966331],[-78.137184664790013,-0.141337629291694],[-78.137237810996368,-0.141442314396332],[-78.137283368400304,-0.141562283819264],[-78.137303867127144,-0.141598197425717],[-78.137297036143806,-0.141602783255061],[-78.137291725141253,-0.141623416489877],[-78.137261383623226,-0.141802236004021],[-78.137220408450204,-0.141922215618223],[-78.137219653293002,-0.141955839215594],[-78.137179431051337,-0.142023090958392],[-78.137089867072859,-0.142064366691215],[-78.136945639647053,-0.142007835015397],[-78.136919835157968,-0.142037640694641],[-78.136880367197477,-0.142063627124986],[-78.136850009339369,-0.142101839210212],[-78.136809028397735,-0.142172147695884],[-78.136787017688732,-0.142188962026507],[-78.13679005798565,-0.142224113506413],[-78.136777916167489,-0.142250860892905],[-78.136683048619801,-0.142376960115487],[-78.136625361966878,-0.142391486108415],[-78.136576023883151,-0.142396841079313],[-78.136589680989815,-0.142345640074453],[-78.136565385689252,-0.142298264368296],[-78.136544123697178,-0.142225670691985],[-78.13654488098544,-0.142210387199254],[-78.136497049873626,-0.142119456559993],[-78.136480349737525,-0.142111816818608],[-78.136451500885869,-0.142071319187737],[-78.136327025039463,-0.14215309999785],[-78.136286795385644,-0.142156161398288],[-78.136095517880335,-0.142197449014624],[-78.136031003021614,-0.142240250092939],[-78.135816191093866,-0.142249445314285],[-78.135774458097941,-0.142380123221624],[-78.135771426904597,-0.142423681248195],[-78.135775223157566,-0.142432086670225],[-78.135845067025514,-0.142524543030595],[-78.135905798333937,-0.142583376997721],[-78.135954381477134,-0.14261393810838],[-78.136160091808648,-0.142665877612716],[-78.136166163997629,-0.14266358439319],[-78.136261811750501,-0.142720885964114],[-78.136404518125687,-0.142752964435007],[-78.136382514634548,-0.142832440694299],[-78.136390865667877,-0.142844666440878],[-78.136474367993841,-0.142897384433688],[-78.136739290224028,-0.14299593149098],[-78.136862267319998,-0.143081504235711],[-78.136885793170279,-0.143038707950145],[-78.136919199946476,-0.143110536077522],[-78.136911611834321,-0.143131933734061],[-78.136943496101011,-0.143165553519887],[-78.136979934008693,-0.143193059413376],[-78.136927555987583,-0.143166319546923],[-78.136884288498749,-0.143155626200385],[-78.136828876799953,-0.143151047632293],[-78.136693008655115,-0.143177809418233],[-78.136683140386822,-0.14317322554568],[-78.136677827777817,-0.143180103696917],[-78.136592056092454,-0.143195397089299],[-78.136557141227811,-0.143210684558532],[-78.136538164453086,-0.143207630086959],[-78.13650704645417,-0.143236672176105],[-78.136384075115117,-0.143200770494448],[-78.136347645653203,-0.143246624939227],[-78.136176864725343,-0.143306250069288],[-78.136151817432989,-0.143320008041426],[-78.136170040667665,-0.143371205308255],[-78.136212557657998,-0.143456787402164],[-78.136283928165724,-0.143624132344307],[-78.136296840003382,-0.143692906148591],[-78.136311302952564,-0.144050536049116],[-78.136299165977604,-0.1441200769257],[-78.136243772515414,-0.144275209837953],[-78.136221808976416,-0.144706968411486],[-78.136174003317578,-0.144838411143832],[-78.136083692028208,-0.144983613804731],[-78.136073830350895,-0.145037106828685],[-78.13601540158318,-0.145201410050952],[-78.136006297138181,-0.145238855416505],[-78.136013902991891,-0.145374112606064],[-78.1359152286512,-0.145400869845135],[-78.135862857285204,-0.145432206798826],[-78.135823391520475,-0.145478061497539],[-78.135742950319866,-0.145644659684017],[-78.135740675992579,-0.145669877542414],[-78.135563070387619,-0.145790636613972],[-78.13556383021826,-0.145797514053093],[-78.135526642305138,-0.14584948182281],[-78.135483389330446,-0.145967168855861],[-78.135499345570253,-0.146110066732624],[-78.135437121476372,-0.146275134416023],[-78.135420424723037,-0.146297297227689],[-78.135286840930391,-0.146387484392528],[-78.135317208915112,-0.146438680291412],[-78.135444766788126,-0.14676420199781],[-78.135450842824397,-0.146796296427001],[-78.135594338756732,-0.147103476341603],[-78.13573934424339,-0.147334239197414],[-78.135812993544548,-0.147521452469765],[-78.135825902005465,-0.147561952010958],[-78.135784913967669,-0.147571126660682],[-78.135778852457662,-0.147669705231385],[-78.135874490028996,-0.147637599346397],[-78.135976957760022,-0.147593265970034],[-78.13601947028134,-0.147641403885617],[-78.136093869460439,-0.147746086790643],[-78.13611513406471,-0.147845426487808],[-78.136126521441284,-0.147859180267153],[-78.136180413629901,-0.147851532514901],[-78.136310967943743,-0.147820186879137],[-78.136380805758364,-0.147861444216925],[-78.136447613780774,-0.147960778829427],[-78.136464312781854,-0.147958484444771],[-78.136470385915246,-0.147964597124258],[-78.136466591899264,-0.147976060102178],[-78.136447617080734,-0.147990581464019],[-78.136446100489437,-0.148004336696465],[-78.136240395120268,-0.147995953905403],[-78.136194856950894,-0.148043337551933],[-78.136147043470146,-0.148107533187987],[-78.136058240667026,-0.14816944090118],[-78.13590793864627,-0.148089984084303],[-78.135863907272949,-0.148034968799184],[-78.135847206758385,-0.148023508126203],[-78.135519276486207,-0.147862305137217],[-78.135344662932127,-0.14758645959382],[-78.135339345210923,-0.147547487553608],[-78.135252798449827,-0.147418352678339],[-78.135115391433899,-0.14725789261922],[-78.135058457122554,-0.147212048889331],[-78.134968119154919,-0.147119594616958],[-78.134911936150473,-0.147004211426947],[-78.134798064632122,-0.146886542266009],[-78.134684188248372,-0.146725315498836],[-78.134665207327131,-0.146684816694963],[-78.134650013052266,-0.146567136402403],[-78.134559660005934,-0.146340188495151],[-78.134562688776768,-0.146273705460168],[-78.134517147918757,-0.146295871531237],[-78.134507279252475,-0.146287466795378],[-78.134363794246539,-0.146078100866141],[-78.134311409198872,-0.145987170752888],[-78.134268895476595,-0.145928334606935],[-78.134219546815999,-0.145838932499038],[-78.134173239876546,-0.145798436842231],[-78.134082086701596,-0.145208509124302],[-78.134007666595849,-0.144919661959917],[-78.134028914863649,-0.144873045241847],[-78.134059259575352,-0.144718679715001],[-78.134059248127585,-0.14461780947108],[-78.134020526673154,-0.144532991223317],[-78.133981047809243,-0.144462692269502],[-78.133949924979945,-0.144448940822759],[-78.13393017789889,-0.144346544527165],[-78.133924096848034,-0.144270892553352],[-78.13395217249446,-0.14418835912139],[-78.133963546132534,-0.14408137422392],[-78.133990099645231,-0.143963689210317],[-78.133985529087482,-0.143821554402394],[-78.133965023069891,-0.143720686539316],[-78.133942246171074,-0.143674839071299],[-78.133863265322304,-0.143333264952535],[-78.133860981848002,-0.143278245093603],[-78.133786555747591,-0.142941255505687],[-78.13378048225249,-0.142932086193362],[-78.133514792165798,-0.142751009301239],[-78.133471529907538,-0.142784637747092],[-78.133484425394457,-0.142711276101384],[-78.133421410282509,-0.14259360156949],[-78.133388005791474,-0.142540877874654],[-78.133328032001671,-0.142467524752178],[-78.133291590407069,-0.142407159740407],[-78.133255152075108,-0.14237506894752],[-78.133229340332832,-0.14234144857704],[-78.133133681786774,-0.142188626191417],[-78.132993997269992,-0.142028931484814],[-78.132912758880622,-0.141860059939893],[-78.132856579284763,-0.141777536424269],[-78.132846706437363,-0.14173321585722],[-78.132831523398934,-0.141716405952602],[-78.132824689249716,-0.141693481725178],[-78.132826205319276,-0.141675905689861],[-78.132811021127452,-0.141649161606515],[-78.132809493881226,-0.141570452514461],[-78.132797342354152,-0.141513141368755],[-78.132773047197816,-0.14146653000199],[-78.13276544901494,-0.141400812478459],[-78.132769996764807,-0.141344263535694],[-78.132761642366205,-0.141302999467276],[-78.13277073500555,-0.141165448216106],[-78.13278819192071,-0.141153983640231],[-78.132799572839687,-0.141111953074192],[-78.132764636826735,-0.140944604483251],[-78.132749451905937,-0.140911747069969],[-78.13272285688987,-0.140671037412387],[-78.132807841825169,-0.140421908677384],[-78.132823010287666,-0.140314159231633],[-78.132800974764223,-0.140118534922991],[-78.132803246364745,-0.140071156256368],[-78.132769820132751,-0.139834268259702],[-78.132740963749725,-0.139729580733089],[-78.132718937406125,-0.139612665714191],[-78.132702235240856,-0.139587450177343],[-78.132679446584717,-0.139443025222659],[-78.132687031266528,-0.139393353421467],[-78.132739403124447,-0.139368893792955],[-78.132757606350168,-0.139249681461438],[-78.132787199353359,-0.139164091138748],[-78.132797060282755,-0.139106777381314],[-78.132865356091955,-0.138945529805017],[-78.132913156869904,-0.138779699665087],[-78.132935152224803,-0.138634505145401],[-78.132970820978102,-0.138577188270238],[-78.132975371039649,-0.138541271836112],[-78.132989789261345,-0.138509175052616],[-78.133041395973393,-0.138433516222697],[-78.133099815258845,-0.138198909644827],[-78.133127107064979,-0.137912343388063],[-78.133090650736023,-0.137730475841667],[-78.133042817154461,-0.137620441463797],[-78.133032183995653,-0.137566951003625],[-78.133068606538458,-0.137466076430239],[-78.133056457642368,-0.137432454518487],[-78.133062525777078,-0.137396537892749],[-78.133037460866561,-0.137262047394819],[-78.133053389554618,-0.137166524477885],[-78.133053383044853,-0.137112268561104],[-78.133030603707709,-0.137048081233315],[-78.133055642316009,-0.136963255554619]]}},
{"type":"Feature","properties":{"capa_cad":"ACAD-TOP-BASE PRESA POROTOG-Model|C3D-Superficie_ConMen","color":"#B8A15C"},"geometry":{"type":"LineString","coordinates":[[-78.136194957395446,-0.142224183300127],[-78.136342210332302,-0.142189014208906],[-78.136361185425059,-0.14217754943192],[-78.136366500503115,-0.142192068039835],[-78.136430266669535,-0.142238674937056],[-78.13643178734705,-0.142260835692227],[-78.136482655997554,-0.142363228528732],[-78.136474315291153,-0.142440410690943],[-78.136415116711817,-0.142508428762104],[-78.136408287317863,-0.142526769643834],[-78.136409048932961,-0.142548930487765],[-78.136332387282593,-0.142575685408263],[-78.136267874599568,-0.142637590724678],[-78.136254970458793,-0.142636063893261],[-78.13621018179289,-0.142598624800779],[-78.136021165401459,-0.142500833163325],[-78.136001430019036,-0.142501599642502],[-78.135936912595426,-0.142522239776212],[-78.135908067213251,-0.142511544774174],[-78.135817727668723,-0.142409156603099],[-78.135826073846104,-0.142379353007029],[-78.135960433199912,-0.142434357497001],[-78.135924742000526,-0.142299867794209],[-78.136056817220464,-0.142294503126969],[-78.136151692049822,-0.142231830073036],[-78.136194957395446,-0.142224183300127]]}},
{"type":"Feature","properties":{"capa_cad":"ACAD-TOP-BASE PRESA POROTOG-Model|C3D-Superficie_ConMen","color":"#B8A15C"},"geometry":{"type":"LineString","coordinates":[[-78.136529839666011,-0.136962832282893],[-78.136519982770906,-0.137053005566104],[-78.13651925078922,-0.137278435859081],[-78.136494979304743,-0.137431272844373],[-78.136516233900778,-0.137439676134068],[-78.136541311236172,-0.137677330018745],[-78.136504126231429,-0.137750694864962],[-78.136473006276375,-0.137762161189345],[-78.136473007190176,-0.137769802890736],[-78.136502644542901,-0.138055598942708],[-78.136532262431544,-0.138178626761225],[-78.136579332878711,-0.138253509755052],[-78.136570242490038,-0.138407109066339],[-78.136556592469532,-0.138516387052603],[-78.136586969186482,-0.138637886457005],[-78.136586226466619,-0.1387754371872],[-78.136575626681676,-0.139003161187822],[-78.136559708480419,-0.139188856460454],[-78.136562751579731,-0.139246933031423],[-78.136546822502069,-0.139340927875856],[-78.136552157656922,-0.139525092255535],[-78.136549131530771,-0.139610679680139],[-78.136559004317803,-0.139653472031171],[-78.136568904201894,-0.139926279614119],[-78.136609169797595,-0.140228886225669],[-78.13666688009728,-0.140416101074279],[-78.136771660405145,-0.140675906536964],[-78.136847584617072,-0.140834080801102],[-78.136906043714745,-0.140934180200202],[-78.137230204222149,-0.141303236234334],[-78.137338015998836,-0.14152330466922],[-78.137433676077464,-0.141685297595754],[-78.137398003306785,-0.141710519433205],[-78.137372965417654,-0.141805279555273],[-78.137325914678343,-0.141898513920446],[-78.137303902988677,-0.141906922386855],[-78.137203726288703,-0.142069702512971],[-78.137089873889906,-0.142123207823729],[-78.136958551855301,-0.142078901352445],[-78.136948685528537,-0.142091129238501],[-78.13690162725986,-0.142119409070058],[-78.13688872514706,-0.142135458163607],[-78.136862163279616,-0.142179783165064],[-78.136856857220906,-0.142243209931334],[-78.136785520702048,-0.142371598917682],[-78.136728600518836,-0.142450315129508],[-78.136708866007069,-0.142458723313618],[-78.136581346993353,-0.142480899180074],[-78.13661247256438,-0.142517575708132],[-78.136620824837891,-0.142540499838086],[-78.136626903027036,-0.142590170193218],[-78.136611726120051,-0.14262685213995],[-78.136538868286365,-0.142727731124582],[-78.136530524385321,-0.142777403161585],[-78.136531288020763,-0.14281713992211],[-78.136554065449872,-0.142866808325717],[-78.136776481206979,-0.142971473702751],[-78.136845561822724,-0.143027250084393],[-78.136897925949853,-0.142933251015935],[-78.136973091075234,-0.143093718047422],[-78.136955637854598,-0.143138041968719],[-78.137023961348348,-0.143210630208237],[-78.13706191763562,-0.143240428439868],[-78.137008780378792,-0.143212160316877],[-78.13690175032626,-0.143186190983849],[-78.136886569885164,-0.14319230611506],[-78.136771191093956,-0.143173979461936],[-78.136612551684337,-0.143204564745849],[-78.136560938619041,-0.143229024201409],[-78.136548793620065,-0.143228261444884],[-78.136507808933203,-0.143266474724018],[-78.136406091888503,-0.143236683926116],[-78.136362831965627,-0.143291709206247],[-78.136255050023621,-0.143327637735011],[-78.136202677826887,-0.143351333094783],[-78.136231530834792,-0.143428510908322],[-78.136315047919268,-0.143610373672386],[-78.136328721875685,-0.143705893341725],[-78.136329495877263,-0.14383656633063],[-78.13634090538379,-0.14404365509453],[-78.13631966347495,-0.144146056337543],[-78.136275653161675,-0.144277498666812],[-78.136268850004754,-0.144526618875443],[-78.136256726716695,-0.144716898602904],[-78.136206647351869,-0.14487890839904],[-78.136161871319871,-0.144952273859293],[-78.136133803099383,-0.145101290217507],[-78.136101930673632,-0.145171597504891],[-78.136066267539988,-0.145282406226024],[-78.136076156944043,-0.145474211732674],[-78.136049591253482,-0.14548567731985],[-78.135949398362257,-0.145508613874925],[-78.13592359216193,-0.145523900221899],[-78.135909930953645,-0.145539949349241],[-78.135856809143434,-0.145647703355333],[-78.135787745674889,-0.145742468286249],[-78.135732340573796,-0.145795966486418],[-78.135647333217321,-0.145857873923087],[-78.135646578029949,-0.145892261640781],[-78.135558539860796,-0.146002312091114],[-78.13555779093609,-0.146092484181052],[-78.135563869308356,-0.146145211186988],[-78.135525170296987,-0.146259841016922],[-78.135542634421299,-0.146311802558811],[-78.13550013702968,-0.146398922710454],[-78.135411335315183,-0.146469236382944],[-78.135405267741902,-0.146512794729008],[-78.135416664617864,-0.146611371293071],[-78.135481203200015,-0.146779481261196],[-78.135574583177103,-0.14692313456126],[-78.135609517841544,-0.147085134557542],[-78.135759838005086,-0.147327359359649],[-78.135816784327488,-0.147480951048638],[-78.135843352158005,-0.147488589753523],[-78.135932162634944,-0.147496221448944],[-78.135998205152575,-0.147537479181613],[-78.136029333522785,-0.147600901774163],[-78.136150800162198,-0.1477590712798],[-78.136164468184504,-0.147804155769798],[-78.13621304680683,-0.147794980271744],[-78.136321588131835,-0.1477605804226],[-78.136474927558524,-0.14784997109269],[-78.136498462053652,-0.147883591936039],[-78.136522750948615,-0.147875183336259],[-78.136557669014607,-0.147888170307813],[-78.136701885470245,-0.147848417255565],[-78.136720102589138,-0.147846122697985],[-78.13673376655089,-0.147854527036357],[-78.136741358478361,-0.147866752908646],[-78.136729974737207,-0.147885858445337],[-78.136720866219932,-0.147887387808967],[-78.136679885850342,-0.14796610195076],[-78.136645732169498,-0.148001257616193],[-78.136613094234391,-0.148015016342751],[-78.136491648141828,-0.148042540093883],[-78.136465083427908,-0.148063175667289],[-78.136456739718071,-0.148116668512332],[-78.136563783830638,-0.148271018893853],[-78.136558471274967,-0.148278661190701],[-78.136474967310804,-0.148209131056611],[-78.136199422872195,-0.148148028324425],[-78.136178928505657,-0.148149558960909],[-78.136103029241269,-0.148207644378005],[-78.136077222745342,-0.148220638156348],[-78.135847974184159,-0.148099160842824],[-78.135820645102655,-0.148071653796653],[-78.135690080269171,-0.148007478186025],[-78.135576976114976,-0.147964697377247],[-78.1354889193085,-0.147908158714727],[-78.13539630130937,-0.14778972284965],[-78.135279383499338,-0.14758111775326],[-78.135042526469761,-0.147297637635388],[-78.134917267764735,-0.147167743011761],[-78.134850455599548,-0.147030964291576],[-78.134801870311975,-0.14697977045628],[-78.134619667737184,-0.146718445285135],[-78.134531586414781,-0.146442590308294],[-78.134492863618107,-0.146344781094402],[-78.134303828513879,-0.146075051015265],[-78.134195262626875,-0.145888606227456],[-78.134139846423309,-0.145842762427769],[-78.134128458786947,-0.145826716185907],[-78.134105665705221,-0.145636440814284],[-78.134044900846561,-0.14527805271874],[-78.133994781167218,-0.145083195494113],[-78.133974272663096,-0.144959402553834],[-78.133949217521021,-0.144903621132373],[-78.133938576717085,-0.14477982706624],[-78.133946158949158,-0.144706466023832],[-78.133936289843632,-0.144694240463564],[-78.133919578050893,-0.144583437962884],[-78.133921847144137,-0.144512370037539],[-78.133911977255352,-0.144493266963452],[-78.133911207515396,-0.14439927433581],[-78.133892976801803,-0.144281594501353],[-78.133914222865926,-0.144215873565705],[-78.133930143258794,-0.144042405492785],[-78.133951388612161,-0.143970571202934],[-78.133946831839395,-0.143949175013259],[-78.133952134496738,-0.14385518168027],[-78.133927073452895,-0.143748200999603],[-78.133910370569993,-0.143716107860386],[-78.133836703647404,-0.143379118141267],[-78.133813167595434,-0.143332506604962],[-78.133756208912175,-0.143074988498359],[-78.13373495291242,-0.143053594260196],[-78.133523919025549,-0.1429091910466],[-78.133490523069966,-0.142930591646827],[-78.133407035203064,-0.143001669007441],[-78.133348591230302,-0.143029950031614],[-78.133315191941549,-0.143022312240147],[-78.133312137978038,-0.142867950655009],[-78.133347031892171,-0.142671555399137],[-78.133334124175235,-0.14263869768045],[-78.133284018282254,-0.142566871739203],[-78.133192919819678,-0.142463719710454],[-78.133066894959995,-0.142274984984463],[-78.132931005735813,-0.142115289831342],[-78.13288925499937,-0.142091605525421],[-78.132847501699956,-0.142045760357832],[-78.132830795869225,-0.141988449739512],[-78.13283458609817,-0.141944891735743],[-78.132824715204691,-0.141917382857181],[-78.132724509401726,-0.141825694504663],[-78.132706289351759,-0.141802007448767],[-78.132709319632966,-0.141750807862299],[-78.132748790281795,-0.141749274887918],[-78.132753341151471,-0.141719471814742],[-78.132753338935345,-0.141700367623784],[-78.132745746973285,-0.141688141834139],[-78.132743449937934,-0.141516968552449],[-78.132732060305102,-0.141484110685166],[-78.132722178740778,-0.141364901698973],[-78.132736576135883,-0.141153225566316],[-78.132753273016803,-0.141133355236221],[-78.132735042442121,-0.141019496410981],[-78.132686450487157,-0.140912518688783],[-78.132660611936842,-0.140649648094813],[-78.132666676685417,-0.140583928963317],[-78.132725862257033,-0.140407399223674],[-78.132738001038177,-0.140355434383155],[-78.132630895484866,-0.139683743811236],[-78.132624049953165,-0.139564534488408],[-78.13260582652687,-0.139512573271774],[-78.132585318994444,-0.139401771429491],[-78.132624021016525,-0.139319236704141],[-78.132669557230003,-0.139259626182553],[-78.132669551451826,-0.139210719457234],[-78.132687761256676,-0.139147291365028],[-78.132713549665368,-0.138982992235933],[-78.132736314688557,-0.138927205267224],[-78.132781079242164,-0.13876137551045],[-78.132800808944793,-0.13871323057562],[-78.132923752436724,-0.138516824680774],[-78.132933615967715,-0.138481671775829],[-78.133002678201507,-0.138383085810802],[-78.133057300109158,-0.138130903836151],[-78.133073222310045,-0.137980360844225],[-78.133073213103387,-0.137903179890863],[-78.133039799291339,-0.137774039566107],[-78.133026133025879,-0.137746531178289],[-78.132991202185721,-0.13762656106097],[-78.132976776314791,-0.137594467761343],[-78.133010916481823,-0.137450035904669],[-78.133009394987951,-0.137421761879803],[-78.132958518752758,-0.137258236146883],[-78.132970645291309,-0.137105401114038],[-78.132963047226127,-0.137042740279207],[-78.132968351062033,-0.136963266182995]]}},
{"type":"Feature","properties":{"capa_cad":"ACAD-TOP-BASE PRESA POROTOG-Model|C3D-Superficie_ConMen","color":"#B8A15C"},"geometry":{"type":"LineString","coordinates":[[-78.136206345632729,-0.142244814553812],[-78.136304261120031,-0.142220349631924],[-78.13636347241065,-0.142262372041901],[-78.136382454221902,-0.142308984191759],[-78.136352865315573,-0.14243278321049],[-78.136346042100939,-0.142504615995306],[-78.136271664769978,-0.142593268420854],[-78.13624357729006,-0.142572639115743],[-78.136012050810251,-0.142449634850706],[-78.135978639430576,-0.142338069968742],[-78.135977879225663,-0.142328135850209],[-78.135983192091359,-0.142323550208803],[-78.136068965306777,-0.142322011818775],[-78.13617674312961,-0.142250931384287],[-78.136206345632729,-0.142244814553812]]}},
{"type":"Feature","properties":{"capa_cad":"ACAD-TOP-BASE PRESA POROTOG-Model|C3D-Superficie_ConMen","color":"#B8A15C"},"geometry":{"type":"LineString","coordinates":[[-78.136551852311399,-0.136962829599401],[-78.136543512978548,-0.137048417678298],[-78.136543538862455,-0.137263913671187],[-78.136514715237709,-0.13743509129748],[-78.136536729165627,-0.137445787005697],[-78.136556486335195,-0.137626892944657],[-78.136557253439847,-0.137694139829853],[-78.136522343593285,-0.137750692656783],[-78.136493500442398,-0.137759102024757],[-78.136491983151387,-0.137765979740138],[-78.136521619411425,-0.138042605754664],[-78.136543643089112,-0.138135067684717],[-78.136554274440329,-0.138173274909909],[-78.136608176582328,-0.138249685420259],[-78.136611974142923,-0.138268789217692],[-78.136606668846738,-0.138336801009776],[-78.136578604117105,-0.13850797852682],[-78.136609740255722,-0.138632534522824],[-78.136609757772746,-0.138780019377448],[-78.136579446309256,-0.139208722518627],[-78.136584005442245,-0.139249222993739],[-78.136568835872708,-0.13934703859998],[-78.136570372314154,-0.139502164969603],[-78.136582536792403,-0.139667988452256],[-78.136589395678385,-0.139900295381671],[-78.136630423659909,-0.140231176206377],[-78.13668433688305,-0.140403108104111],[-78.136785321463123,-0.140659093168139],[-78.13691211286735,-0.140905905175001],[-78.137251455868281,-0.141286421969256],[-78.137371414614563,-0.141524064901147],[-78.137487573334028,-0.141721207275854],[-78.13744279373509,-0.141762477772492],[-78.137395740690309,-0.14183584370562],[-78.137354002019848,-0.141917614885766],[-78.137316050655599,-0.141930610250495],[-78.137215873951192,-0.142093390376313],[-78.137102021992476,-0.142150716538137],[-78.137079250539799,-0.142153011722516],[-78.136965387530722,-0.142114816562237],[-78.136910739397138,-0.142149210647617],[-78.136899355663544,-0.142167552074083],[-78.13688873434819,-0.142214931886958],[-78.136890255999916,-0.142245498525598],[-78.136794634598132,-0.142416683901333],[-78.13674454565998,-0.142493106800943],[-78.136676990996349,-0.142505341433018],[-78.136695970686489,-0.142533613512619],[-78.136695215511054,-0.142567237094055],[-78.136579857272835,-0.142726962165157],[-78.136572269786427,-0.14275370900921],[-78.136562402838862,-0.142760587693726],[-78.136616309616471,-0.142879791954746],[-78.136784829251965,-0.142957717662649],[-78.1368334135678,-0.142998213025955],[-78.136837968086425,-0.142999740835614],[-78.136846316395975,-0.142988277306094],[-78.136903233190864,-0.142879758466144],[-78.136960175411815,-0.142992084879434],[-78.137001175841419,-0.143090658092457],[-78.136979169243332,-0.143143388420753],[-78.137067989655066,-0.143236606880266],[-78.137102909450675,-0.143264112955545],[-78.137052049364257,-0.14323584456543],[-78.136913897084952,-0.14320223714864],[-78.136891126159639,-0.143209117333917],[-78.136743107298898,-0.143185445287419],[-78.136619383811706,-0.143209913142151],[-78.136554108247338,-0.143238959209083],[-78.136508569657025,-0.143280993868748],[-78.136418997873236,-0.143254258336578],[-78.13637042507743,-0.143313869255162],[-78.136227728539865,-0.143367377751589],[-78.136241396381791,-0.143409405512048],[-78.136328709891714,-0.143601202046243],[-78.136343902837211,-0.14370436324106],[-78.136345439389657,-0.143865602945791],[-78.136355327376521,-0.144042889256196],[-78.136328774335411,-0.144165159535721],[-78.136291593528682,-0.144279025166296],[-78.136277221250495,-0.144716896244408],[-78.136222589883801,-0.144899539156098],[-78.136200581395627,-0.144936221843477],[-78.136166445220852,-0.145124975740399],[-78.136126984213604,-0.145212859807274],[-78.136095873688248,-0.145308384610274],[-78.136106524818501,-0.145523879301888],[-78.135954718569394,-0.145568982680481],[-78.1359334694653,-0.145608721938338],[-78.135808244676255,-0.145782202770494],[-78.135689085019038,-0.145890728454904],[-78.13568984906091,-0.145935050205722],[-78.135606362818407,-0.146023703390945],[-78.135604100327072,-0.146154376643707],[-78.135591960485371,-0.146199464028709],[-78.13562840573853,-0.146293452741275],[-78.135544929573328,-0.146472277897568],[-78.135479656971924,-0.146528069678062],[-78.135478144076259,-0.146574684187802],[-78.13548879060437,-0.146751206131155],[-78.135647461377303,-0.147001835785753],[-78.135665687764572,-0.147082835703238],[-78.135771223938519,-0.147328122245411],[-78.135952650115755,-0.147432793048611],[-78.136047540020044,-0.147503085983396],[-78.136147760035968,-0.147723919804918],[-78.1361819233571,-0.147775879520398],[-78.136329175480356,-0.147731541107911],[-78.136515915623633,-0.147840796446182],[-78.136526542676904,-0.147843087762817],[-78.1367208580034,-0.147813263289753],[-78.136816505231323,-0.147867508637466],[-78.13684914410193,-0.147862155778165],[-78.136900762286487,-0.14788278258089],[-78.136903040220687,-0.147889659858914],[-78.136893932548858,-0.147898830927017],[-78.136821067026531,-0.147934755118284],[-78.136757305962362,-0.147932469766051],[-78.136729985910989,-0.147986728925894],[-78.136653329085135,-0.148058569533639],[-78.136484822800554,-0.148098325280555],[-78.136499247336218,-0.148120484598006],[-78.136605527413678,-0.148229749027228],[-78.136602495997977,-0.148273307069929],[-78.136561510626549,-0.148306935147942],[-78.136515204175637,-0.148271024333223],[-78.136168306778032,-0.148195410347526],[-78.136087852411237,-0.148246618742],[-78.135792561782935,-0.148087704508505],[-78.135612657773805,-0.148018949413177],[-78.135468426816843,-0.147926501082045],[-78.135327981413056,-0.147746172870153],[-78.135241432045007,-0.147593348732506],[-78.135017480849683,-0.147326678887763],[-78.13489677665666,-0.147198312087893],[-78.134815539708299,-0.147037081588647],[-78.134619673798241,-0.146772701276348],[-78.134598414602593,-0.146722268536388],[-78.134517926406588,-0.146469337767598],[-78.134472370570577,-0.146357774291387],[-78.134263596597307,-0.146057479714329],[-78.134183120488714,-0.145913061006553],[-78.134118594762356,-0.145859576558729],[-78.134107207126448,-0.145843530317005],[-78.134083652410254,-0.145630329979315],[-78.134025168860205,-0.145308621717846],[-78.133995552665809,-0.145193235666993],[-78.13396213106634,-0.144988442348712],[-78.133921891358611,-0.144902095932877],[-78.133917334516511,-0.144879935571616],[-78.133910492279497,-0.144785179472682],[-78.133912756703211,-0.144672846453831],[-78.133898323897029,-0.144578091230169],[-78.133892229136151,-0.144381700649642],[-78.133877795610772,-0.144280832084196],[-78.133898281923209,-0.144208997889788],[-78.133911166529771,-0.14403935101219],[-78.133924822202289,-0.143975159285483],[-78.133930121807921,-0.14385442005944],[-78.133911136087846,-0.143772656235191],[-78.133895192086385,-0.143739034671338],[-78.133833676619219,-0.143459356172092],[-78.133766864971051,-0.143330219479761],[-78.133721298434168,-0.143127720174948],[-78.133525446183768,-0.142987900189805],[-78.13350343569887,-0.143006242789209],[-78.133351633066951,-0.143078856432644],[-78.133304570967837,-0.143072748566055],[-78.133275725394796,-0.143059761067523],[-78.133269644704512,-0.14298792998383],[-78.133268852243958,-0.142697546238236],[-78.133277195420277,-0.142641761000395],[-78.133251383420756,-0.14260584811931],[-78.133149657494016,-0.142496583989198],[-78.133036538160866,-0.142321602776955],[-78.132892297845501,-0.142148917749302],[-78.132865730144147,-0.142142043353226],[-78.132842197777435,-0.142127526924627],[-78.132798159183125,-0.142011378599045],[-78.132804226487607,-0.141967056161729],[-78.132796633554577,-0.141946424525429],[-78.13271692425991,-0.141872309620717],[-78.132690353196509,-0.141836396863322],[-78.132695655148495,-0.141737818618932],[-78.132714631329506,-0.141736288053176],[-78.132716906719907,-0.141721004433238],[-78.132712325780318,-0.141491754685465],[-78.13270396063713,-0.141358026337828],[-78.132719876139546,-0.141146350029262],[-78.132732019317331,-0.141131829410518],[-78.132717587400052,-0.141047008508231],[-78.132656089296745,-0.140920928122946],[-78.132631769572555,-0.140664170696355],[-78.132643897547226,-0.140519741587567],[-78.132694735838854,-0.140363081197439],[-78.132591433752154,-0.139760929442488],[-78.132587619314108,-0.139598162211786],[-78.132567877151118,-0.139540852005023],[-78.132541292861262,-0.139393370852112],[-78.132563299118161,-0.139339876493619],[-78.132614903521556,-0.139244349374623],[-78.132630836435908,-0.139183214061492],[-78.132676346779164,-0.138905051604012],[-78.13275450654298,-0.138712471973885],[-78.132799284218521,-0.138657446518171],[-78.132901736047415,-0.138484732285721],[-78.132907806030786,-0.138464099025449],[-78.132950305900636,-0.138403724652173],[-78.132959410373914,-0.13836857183688],[-78.132983694661661,-0.138322718841813],[-78.132998870567775,-0.138279159446691],[-78.13302314302355,-0.138133964631316],[-78.133037559686301,-0.138088876988145],[-78.133047412362757,-0.137962788103218],[-78.133044367575579,-0.137890956693683],[-78.132970711006053,-0.137654073584651],[-78.132950211696226,-0.137613575175573],[-78.132979036929413,-0.137456153115008],[-78.13291297512589,-0.137255185009176],[-78.132928134854552,-0.137077132077132],[-78.132925094417402,-0.137041980729729],[-78.13293039834501,-0.136963270803933]]}},
{"type":"Feature","properties":{"capa_cad":"ACAD-TOP-BASE PRESA POROTOG-Model|C3D-Superficie_ConMen","color":"#B8A15C"},"geometry":{"type":"LineString","coordinates":[[-78.136217733781393,-0.142264681637941],[-78.13625416744253,-0.142255507326681],[-78.136279977404243,-0.142273080211064],[-78.136286051095524,-0.142283777879364],[-78.136292886671171,-0.142318928899358],[-78.136286826847154,-0.142428205922775],[-78.136272409888733,-0.142472529471644],[-78.136253435853163,-0.142493164282607],[-78.136197266274593,-0.142498520046001],[-78.136050759076369,-0.142418299355009],[-78.136032533947571,-0.142351054542004],[-78.136086426523846,-0.142347227379042],[-78.136207866221213,-0.142266211134687],[-78.136217733781393,-0.142264681637941]]}},
{"type":"Feature","properties":{"capa_cad":"ACAD-TOP-BASE PRESA POROTOG-Model|C3D-Superficie_ConMen","color":"#B8A15C"},"geometry":{"type":"LineString","coordinates":[[-78.136575383070749,-0.136962826730825],[-78.136567043370363,-0.13704535813068],[-78.136567826293899,-0.137244042291206],[-78.136535968826493,-0.137435088715363],[-78.1365564650077,-0.137448841288968],[-78.136571662987777,-0.137589446762708],[-78.136568634902218,-0.137657458279347],[-78.136573195277862,-0.137707892960585],[-78.136558776124318,-0.137732348155635],[-78.1365420787034,-0.137747633583828],[-78.136510958655975,-0.137758335738548],[-78.136539834767291,-0.138025791807088],[-78.136570211808163,-0.138149583707276],[-78.136582359906186,-0.138176328196844],[-78.136641576448994,-0.138261143940211],[-78.136600617764671,-0.138516381745659],[-78.136622640952496,-0.138605022839992],[-78.136638585687194,-0.138643229432266],[-78.136639349283655,-0.138681437853396],[-78.136638597668991,-0.138744099905341],[-78.136625701141213,-0.13880676341812],[-78.136599942290786,-0.139220946784208],[-78.136602222896954,-0.139249984979714],[-78.136590846714242,-0.139331752558212],[-78.136590852043824,-0.139376838601093],[-78.13661216675473,-0.139894943472745],[-78.136650917657931,-0.140226588745194],[-78.136703312231077,-0.140393935804485],[-78.13679138971348,-0.140623176440965],[-78.136928810873485,-0.140895204810622],[-78.137058625897865,-0.14103426847006],[-78.137276504315764,-0.141282598156644],[-78.137323574778804,-0.141359009667572],[-78.137369887783123,-0.141449176347633],[-78.13741240727343,-0.141554626897851],[-78.137517937144764,-0.14173419460445],[-78.137511867170218,-0.141755592102913],[-78.137455702948785,-0.141807562330411],[-78.137412444655823,-0.1418763427915],[-78.13738512523706,-0.141933658812025],[-78.137327439442018,-0.141955826545287],[-78.13722422659211,-0.142119371197689],[-78.137109615839293,-0.142178989958126],[-78.137071663241073,-0.142181286923369],[-78.136982091037126,-0.1421514947848],[-78.136967670808616,-0.142167544057327],[-78.13693123836434,-0.142187416764545],[-78.136922893423503,-0.14222791877752],[-78.136925172363661,-0.142243201919247],[-78.13677111574583,-0.142519849652944],[-78.136774914031079,-0.142545831000333],[-78.136770362511513,-0.142570284984027],[-78.136723322569097,-0.142757512214503],[-78.136639072964059,-0.142807193123403],[-78.136652740743742,-0.142848456721841],[-78.136676276175379,-0.14288895499938],[-78.136789381659497,-0.142940905383688],[-78.136828097178167,-0.142972231852801],[-78.136894879689265,-0.142846135942231],[-78.136910817777007,-0.142827793990823],[-78.136972315578106,-0.142950818257503],[-78.137028501023778,-0.143083013202728],[-78.137003457757388,-0.143131923033722],[-78.137001182254565,-0.143146442538371],[-78.137101390019609,-0.143252650573869],[-78.137144660324154,-0.143287797384531],[-78.137090004774294,-0.143258001093066],[-78.136962480169657,-0.143232034140156],[-78.136919212065479,-0.143215991597802],[-78.136895682433888,-0.143225928552908],[-78.136721095960866,-0.143196910405282],[-78.136619384865,-0.143219083184964],[-78.136559422874541,-0.143249656973381],[-78.136509330468385,-0.143296277183674],[-78.136429626774998,-0.143272597182516],[-78.136378018276545,-0.143336793474442],[-78.136276308610334,-0.143371192953484],[-78.136252779340865,-0.143384186579045],[-78.136285428332727,-0.143467477315878],[-78.136341612019777,-0.143585152977549],[-78.136359843467844,-0.143708182242716],[-78.136361382290374,-0.143889290371338],[-78.136369749456634,-0.144042887587914],[-78.136338644078222,-0.144182734306398],[-78.136307533895902,-0.144280551665794],[-78.136294681899926,-0.14473752682574],[-78.136237014561914,-0.144922462598087],[-78.136197569921094,-0.145154774798341],[-78.136153555434191,-0.145250301087843],[-78.136125479750405,-0.145333598825919],[-78.136133088613491,-0.145495601977015],[-78.136144481276659,-0.145555970097907],[-78.135978254409608,-0.145614066008918],[-78.135828743590665,-0.14582117308645],[-78.135762712810347,-0.14588460670225],[-78.13577030784559,-0.145924342659218],[-78.135840903455573,-0.145954137230607],[-78.1358856957835,-0.146025199912288],[-78.1358098082368,-0.146186448363398],[-78.135768816696014,-0.146164292106368],[-78.135704297922771,-0.146173469483095],[-78.135669380553139,-0.146166595929294],[-78.135705065897966,-0.146252943037181],[-78.135711901092279,-0.146285801554258],[-78.135589722028811,-0.146544868920809],[-78.135550255628289,-0.14658537438279],[-78.135557101664389,-0.146715282426478],[-78.135718816437631,-0.147035451183516],[-78.135744632878371,-0.147111865231356],[-78.135821316400566,-0.147280738074994],[-78.13592835035864,-0.147343387922539],[-78.136056641056854,-0.147434309670588],[-78.136093838916153,-0.147470985633761],[-78.13614166620313,-0.147531349669746],[-78.136236570705691,-0.147733079859488],[-78.136336762828194,-0.147702501792832],[-78.136450628752343,-0.147768971788594],[-78.136542475419802,-0.147775838996065],[-78.136590298729544,-0.147800287067642],[-78.136720854359481,-0.147780403966805],[-78.136785378292132,-0.147817076890733],[-78.136891646821596,-0.147821649970757],[-78.13699487608072,-0.147798713254855],[-78.137073066197445,-0.147863658962371],[-78.137068517950524,-0.147918679752549],[-78.137048786012798,-0.147950777130772],[-78.137051063777662,-0.14795612606877],[-78.13699641088148,-0.14794925467001],[-78.136848397829027,-0.14797754559185],[-78.136796022791543,-0.147976787299996],[-78.136780085804347,-0.148005827562052],[-78.13667003392348,-0.148109002898266],[-78.136591852979578,-0.148126587578636],[-78.136596408505653,-0.148137285451155],[-78.136647271081102,-0.148189243327759],[-78.136646517682919,-0.148240442819621],[-78.136634377496236,-0.148283237713454],[-78.136559995719068,-0.148335973785207],[-78.13615389018652,-0.148245083007876],[-78.136141745192546,-0.14824432019786],[-78.136106072476025,-0.148271070138642],[-78.136095445764994,-0.148271835498168],[-78.135928443315649,-0.148181682159144],[-78.135829003429365,-0.148150362339877],[-78.135770552606374,-0.148119037932182],[-78.135642266641227,-0.148070145454871],[-78.135443379479426,-0.147940258943037],[-78.135261938857681,-0.147704150978357],[-78.135208035607462,-0.147611692552808],[-78.134872489417702,-0.14722123990046],[-78.13478290149682,-0.147047783642045],[-78.134620439083136,-0.146828485519444],[-78.134576402071104,-0.146723035197984],[-78.13451337831593,-0.146525122608112],[-78.134444285254474,-0.146355484974292],[-78.134275747920043,-0.146114790981545],[-78.134249178660937,-0.146094161450516],[-78.134244621582482,-0.146069708572259],[-78.134174774228569,-0.145942864532941],[-78.134091270056842,-0.14587104220133],[-78.134085955466048,-0.145860344447436],[-78.134063158001268,-0.145631096487853],[-78.133997843127517,-0.145310917350958],[-78.133951508703817,-0.145027416158539],[-78.133888489898098,-0.144875353873424],[-78.13388542689907,-0.144639226187184],[-78.13387402961699,-0.144538357269525],[-78.133873250235439,-0.144359541953722],[-78.133862614854792,-0.144283890508968],[-78.133877789608178,-0.144228104465093],[-78.133889156804059,-0.144064571113418],[-78.133902050981817,-0.143978982760551],[-78.133908109730342,-0.143859007617528],[-78.133892161279505,-0.143786413464006],[-78.133880013602493,-0.143761961481666],[-78.133831408553107,-0.143538829946081],[-78.133722080721469,-0.143330224683115],[-78.133690943424924,-0.143190385505952],[-78.133654504924763,-0.143156766340874],[-78.133553542628874,-0.143087238781295],[-78.133488261185093,-0.143063557167082],[-78.13334784367143,-0.143130056132861],[-78.133283322611177,-0.143117836951473],[-78.133237018078276,-0.143098738139813],[-78.133227136058665,-0.142974179911282],[-78.133227104058065,-0.142696022775252],[-78.133221787594593,-0.142669277517104],[-78.133193697112418,-0.142621902383997],[-78.133095007675408,-0.14251493040648],[-78.133000867272941,-0.142362107846156],[-78.13285510841763,-0.142185602157886],[-78.132839926975493,-0.142182547265629],[-78.132764762470273,-0.142025901702119],[-78.132773866788924,-0.141988456418808],[-78.132769310958722,-0.141975466103121],[-78.132719208061687,-0.141929621924451],[-78.132674417040406,-0.141870786276901],[-78.132694114601719,-0.141544484395002],[-78.13268574297814,-0.141354971814842],[-78.132703175876358,-0.141137181989575],[-78.132710006474909,-0.141129539506877],[-78.132700132624734,-0.141076813107455],[-78.132651541478793,-0.140976712894165],[-78.132634077525552,-0.140927808234175],[-78.132618125880512,-0.140829232505495],[-78.132603685369745,-0.140671051531823],[-78.132605199011124,-0.140632842975008],[-78.132621118316564,-0.140454790046818],[-78.13265071015428,-0.14035850142007],[-78.132608931609866,-0.140097925246061],[-78.132552731249319,-0.139839643312837],[-78.13254131845045,-0.139610394421144],[-78.132529169802353,-0.139578300836837],[-78.132497266729743,-0.139384970275302],[-78.132532932621572,-0.139303200086782],[-78.132556452739081,-0.139213789672348],[-78.132590601866994,-0.139143482168949],[-78.132638390629367,-0.138876017792254],[-78.132708963197288,-0.138711713280873],[-78.132790928817329,-0.13860854079173],[-78.132955608012693,-0.13830896720777],[-78.132984441894848,-0.138223376936924],[-78.132998091223627,-0.13810875011785],[-78.133014785594796,-0.138068247207193],[-78.133020088134884,-0.137977310594928],[-78.133015522322012,-0.137881026000545],[-78.132993501534813,-0.137812253560819],[-78.132964649802346,-0.137748066957521],[-78.132938831362054,-0.137659426621215],[-78.132922128055654,-0.137625041095286],[-78.132943369970519,-0.137527989213426],[-78.132939569303787,-0.13748290377546],[-78.132928935773862,-0.137426356650359],[-78.13286667281298,-0.137255190634694],[-78.13288789130344,-0.136963275979322]]}},
{"type":"Feature","properties":{"capa_cad":"ACAD-TOP-BASE PRESA POROTOG-Model|C3D-Superficie_ConMen","color":"#B8A15C"},"geometry":{"type":"LineString","coordinates":[[-78.136094779502827,-0.142376264856424],[-78.136094779502827,-0.142376264856424]]}},
{"type":"Feature","properties":{"capa_cad":"ACAD-TOP-BASE PRESA POROTOG-Model|C3D-Superficie_ConMen","color":"#B8A15C"},"geometry":{"type":"LineString","coordinates":[[-78.136094779502827,-0.142376264856424],[-78.136136524437774,-0.142348749849634],[-78.13614791496839,-0.142389249521436],[-78.136128180643567,-0.14239918604162],[-78.136112999599206,-0.142399951989393],[-78.136090226399475,-0.142386963768192],[-78.136087189025019,-0.142377029915375],[-78.136094779502827,-0.142376264856424]]}},
{"type":"Feature","properties":{"capa_cad":"ACAD-TOP-BASE PRESA POROTOG-Model|C3D-Superficie_ConMen","color":"#B8A15C"},"geometry":{"type":"LineString","coordinates":[[-78.136598913830582,-0.136962823862226],[-78.136590573670787,-0.137041534412696],[-78.136592871956537,-0.137217293286005],[-78.136557222782102,-0.137438142814002],[-78.136557223331693,-0.137442727835184],[-78.136576200483717,-0.137448838891485],[-78.136583038954441,-0.137506914997846],[-78.136588363152001,-0.137597086438307],[-78.136582296826802,-0.137648286579489],[-78.136587618910951,-0.137720882105546],[-78.136562572779212,-0.137743810248518],[-78.1365306939487,-0.137756805006118],[-78.136561847687503,-0.138028081654742],[-78.13659298332999,-0.138148052614521],[-78.136643090009159,-0.138222935244171],[-78.136659793540289,-0.138258849229293],[-78.136655246391285,-0.138319219230032],[-78.136622630685537,-0.138518671602886],[-78.136640097170826,-0.138587444821047],[-78.136666672062475,-0.138653924433612],[-78.136667438018563,-0.138712001282731],[-78.136651503450352,-0.138759381757595],[-78.136646195495047,-0.138805232612312],[-78.136624988815967,-0.139201075353955],[-78.136612101299946,-0.139340155884017],[-78.13663569823801,-0.139901054026728],[-78.13667141174605,-0.140222765454079],[-78.136722287579346,-0.140384763504556],[-78.136810365512687,-0.14061782499589],[-78.136945508790419,-0.140883740275463],[-78.137093543065646,-0.141038849360953],[-78.137288646650262,-0.14126043577192],[-78.13738886110491,-0.141422428132037],[-78.137410879020507,-0.141467511609307],[-78.137450362992013,-0.141579075888239],[-78.137548300778633,-0.141745653592001],[-78.137537678677333,-0.141786155898476],[-78.137472406827555,-0.141847297247143],[-78.137410176704179,-0.141955816819147],[-78.13734641800481,-0.141974164411937],[-78.137335033383948,-0.141984864140219],[-78.137240169186654,-0.142140001933844],[-78.137109619289518,-0.142208792610173],[-78.137071666779647,-0.14221185374496],[-78.13700259000565,-0.142189700904101],[-78.136959328610089,-0.142231735356175],[-78.136957053207169,-0.142247019032527],[-78.136851568119141,-0.14245335741225],[-78.136841705319853,-0.142496152109267],[-78.136836397567521,-0.142545059635666],[-78.13688651491222,-0.142714699605655],[-78.136877410895778,-0.142755201701841],[-78.136715742916806,-0.142852270218504],[-78.136736242825393,-0.14289888221515],[-78.136801525165666,-0.142928677241086],[-78.136822021554948,-0.142944722427689],[-78.136898669252204,-0.142796464421618],[-78.136914606810691,-0.142773537446844],[-78.136919161682201,-0.142778121937452],[-78.136995085183671,-0.142932475509151],[-78.137055067149433,-0.143075368401061],[-78.137021676888182,-0.143147204321415],[-78.137094555695043,-0.143228197911321],[-78.137162878227045,-0.143292380288096],[-78.137186413216426,-0.14332905773936],[-78.137159083378961,-0.143296201582741],[-78.137130237357241,-0.143280157357117],[-78.136983735966297,-0.143251135927911],[-78.136927563450215,-0.143231274034522],[-78.136900238707923,-0.143242739772032],[-78.136693012166788,-0.143208376229632],[-78.136643674513479,-0.143217552016834],[-78.13656170118611,-0.14325959092092],[-78.136510091191852,-0.143310796328443],[-78.136441773702614,-0.14329017168205],[-78.136385611475276,-0.143359717694024],[-78.136278588936065,-0.143398702808966],[-78.136293016009574,-0.143442258823483],[-78.136353755353497,-0.143571396506771],[-78.136358312495162,-0.143595849419967],[-78.136375784098703,-0.143712001244485],[-78.13638417144972,-0.144042121749532],[-78.136349272703498,-0.144198780649569],[-78.13632347417628,-0.14428131399529],[-78.136312142462543,-0.144757393237682],[-78.13626358059706,-0.144914053675633],[-78.136261313299912,-0.145001169316621],[-78.13622793547826,-0.145183809774944],[-78.136174814725393,-0.145300733867805],[-78.136155085812831,-0.145358813042854],[-78.136160411982672,-0.145471909583478],[-78.136182437390531,-0.145585004216215],[-78.136153595215461,-0.14560258342165],[-78.136018488030956,-0.145646156544359],[-78.135991163799943,-0.145662207232463],[-78.13585151932989,-0.145857086465204],[-78.135931997549719,-0.146019081279632],[-78.1359373167857,-0.14607104421909],[-78.135884953551127,-0.146174977267936],[-78.135839416845769,-0.146234587687228],[-78.135828790482535,-0.14623840974429],[-78.135782486661,-0.146226188295134],[-78.135796912850722,-0.146262866799593],[-78.135793119368159,-0.146278914794377],[-78.135685359805066,-0.146515055456204],[-78.135622371801134,-0.14663732973534],[-78.135628446560276,-0.146657961625285],[-78.135790919990498,-0.146974309459545],[-78.135852426915477,-0.147183685010089],[-78.135874445344427,-0.147235646066857],[-78.136046763630404,-0.147347195419735],[-78.136099903469159,-0.147399917150435],[-78.136144693173492,-0.147448054807191],[-78.136265400025593,-0.147599346867405],[-78.136308675686095,-0.147684164870635],[-78.136344350090511,-0.147672698307316],[-78.136385341880768,-0.147697147139051],[-78.136562203614019,-0.14771011814098],[-78.136654813925844,-0.147758250452415],[-78.136720850714653,-0.147747544643839],[-78.136757287580664,-0.147766644805375],[-78.136959956983063,-0.147776556236203],[-78.136993355168897,-0.147773495799523],[-78.137051808352922,-0.147825452824041],[-78.137109500362712,-0.147858305674939],[-78.137116339671621,-0.147928608599513],[-78.137107237076648,-0.147983629902752],[-78.137120141900141,-0.14799127016001],[-78.137136845649522,-0.148031769326438],[-78.137099652509434,-0.148037886864196],[-78.136833980393973,-0.148019576581327],[-78.136810453086085,-0.148050910206333],[-78.136699642140954,-0.14815408562615],[-78.136688256705341,-0.148157907753656],[-78.136676125388249,-0.148280940528409],[-78.136598707970634,-0.148339026133725]]}},
{"type":"Feature","properties":{"capa_cad":"ACAD-TOP-BASE PRESA POROTOG-Model|C3D-Superficie_ConMen","color":"#B8A15C"},"geometry":{"type":"LineString","coordinates":[[-78.136346701024365,-0.148339054334629],[-78.136120496918892,-0.14829246528124],[-78.136111388996468,-0.148299343829799],[-78.136071915679267,-0.148277951491286],[-78.135866204383717,-0.148215312599396],[-78.135747784457195,-0.148151135609315],[-78.13567111628177,-0.14811981324505],[-78.135423646044373,-0.147958601223851],[-78.135176157537316,-0.147632328709031],[-78.134849720545787,-0.147246460047904],[-78.134749504145077,-0.147057721611547],[-78.134621204365331,-0.146884269762612],[-78.134555908078411,-0.146727622531852],[-78.134509589278281,-0.146580907362141],[-78.134418477705267,-0.146358544579972],[-78.134278789201915,-0.146159876587166],[-78.134228688279549,-0.146130843876461],[-78.134215776787315,-0.146063598505736],[-78.134158836297004,-0.145962734731754],[-78.134084441909152,-0.1459008455526],[-78.134063944750395,-0.145877158663726],[-78.134041904020734,-0.145627278072016],[-78.133992538453754,-0.145388098974519],[-78.133936329587456,-0.145044993773794],[-78.133861164256643,-0.144878413684887],[-78.13385427133467,-0.144337383258526],[-78.133846675391737,-0.144290005694703],[-78.133857297641157,-0.144250267713214],[-78.133870937649817,-0.144048525682222],[-78.133880797785011,-0.143982041891536],[-78.133885337463639,-0.143853661074086],[-78.133826103649028,-0.143612954893237],[-78.133672740829411,-0.143318767891705],[-78.133657551579262,-0.143247702008833],[-78.133638572837185,-0.143227071672666],[-78.133579362076858,-0.143188105978881],[-78.133442726578821,-0.143139215110757],[-78.133423750645832,-0.143143038158945],[-78.133349367569608,-0.143180491046764],[-78.133272701194983,-0.143164452435118],[-78.133199069904038,-0.143138479289024],[-78.133189953965811,-0.143075054410372],[-78.133183866163691,-0.142941325729912],[-78.133185363968082,-0.142764802761678],[-78.133177010671858,-0.142732708682987],[-78.133112477295285,-0.142613506022424],[-78.133041117001724,-0.142534040900989],[-78.132968992539119,-0.142410254146639],[-78.132953051071254,-0.142398793494457],[-78.132940903817612,-0.142378162385448],[-78.132835385187164,-0.14229105961162],[-78.132823231752511,-0.142216936767885],[-78.132789823376086,-0.142130589733845],[-78.132740473260952,-0.142030489556876],[-78.13274274759398,-0.142006035925606],[-78.132715418629687,-0.141980057432336],[-78.132659239937766,-0.14190517560039],[-78.132667562160691,-0.141669046837855],[-78.132675902178832,-0.141586515756646],[-78.132667525497197,-0.141353445627112],[-78.132687993632914,-0.141127249603287],[-78.132617378599477,-0.14093010271153],[-78.132577119633282,-0.140680988857143],[-78.132598339172333,-0.14039060267618],[-78.132606685366781,-0.140361563318366],[-78.132567943669841,-0.140106335965617],[-78.132500350490048,-0.139788450335795],[-78.13249273988599,-0.139618041896525],[-78.132479073490643,-0.139589005164587],[-78.132462361509198,-0.139480495381899],[-78.132458554790134,-0.139383446570505],[-78.132439569598162,-0.139308560432175],[-78.132440321793453,-0.139250483616751],[-78.132442598414073,-0.139245898339547],[-78.132510152152349,-0.139228314399411],[-78.132545819388199,-0.139158006717494],[-78.132581468082336,-0.138931044688738],[-78.132606505193195,-0.138832464069915],[-78.132660384089775,-0.138714775790693],[-78.132766636268371,-0.138584854516673],[-78.132926762219014,-0.138294451498152],[-78.132957114026254,-0.138207332710413],[-78.132963935323318,-0.138121745094596],[-78.132991251993587,-0.138043796679758],[-78.132995033141356,-0.137925350211893],[-78.132990474073779,-0.137885614036977],[-78.132894044781025,-0.137639563685328],[-78.132907700357933,-0.137577664442691],[-78.132886429646419,-0.137434003485696],[-78.132828722022438,-0.137271242767245],[-78.132818843505603,-0.137181072179194],[-78.132830203178159,-0.136963283002932]]}},
{"type":"Feature","properties":{"capa_cad":"ACAD-TOP-BASE PRESA POROTOG-Model|C3D-Superficie_ConMen","color":"#B8A15C"},"geometry":{"type":"LineString","coordinates":[[-78.136639143840469,-0.136962818957786],[-78.136634598688914,-0.137039236537885],[-78.136641447645843,-0.137184428053627],[-78.136607311550179,-0.137363248045024],[-78.136598971912477,-0.137446543614469],[-78.136614913387533,-0.137457240061279],[-78.136616432783327,-0.137467938260181],[-78.136619478532424,-0.137547411596165],[-78.136609620401785,-0.137627650668401],[-78.136616463617926,-0.137725463629816],[-78.13660432008011,-0.137736927655683],[-78.136574717870516,-0.137745337116714],[-78.136571683562607,-0.137761385059096],[-78.136596759921488,-0.137991397260109],[-78.136633970120016,-0.138128943404046],[-78.136655986778436,-0.138162564234578],[-78.136697745837466,-0.138254259623848],[-78.136689400400186,-0.138289412465414],[-78.136683344142341,-0.138425435508634],[-78.1366674156763,-0.138524015396291],[-78.136678047288754,-0.138564515140031],[-78.136712214658701,-0.138647041416272],[-78.136716772087212,-0.138673022658071],[-78.136696284539909,-0.138731866238118],[-78.136686427232874,-0.13881974700829],[-78.136677337674257,-0.138980988032244],[-78.136685694816705,-0.139044413162554],[-78.136670526711271,-0.139154455504692],[-78.136665222357152,-0.139230873169056],[-78.136669778687548,-0.139247684368874],[-78.136656124068935,-0.139318753841506],[-78.136655371877751,-0.139376830872353],[-78.136666784984541,-0.139607608929731],[-78.136675140650581,-0.139658807339623],[-78.136678965201611,-0.139907162226007],[-78.136711640686855,-0.140213590621199],[-78.136759479219549,-0.140366418993973],[-78.13685287279695,-0.140618584120385],[-78.136973589437531,-0.140845528424244],[-78.137317486464724,-0.141222987999048],[-78.137457178590751,-0.141442288509868],[-78.137473122534814,-0.141474381802784],[-78.137530829932032,-0.141637907558041],[-78.13760902751595,-0.141763986543392],[-78.137586265726853,-0.141849576363546],[-78.137505814759194,-0.141928295425758],[-78.137467110536321,-0.141994782837733],[-78.137366918315109,-0.14202383310102],[-78.137264464420852,-0.142186613493337],[-78.137126324829197,-0.142263046761907],[-78.137067119245557,-0.142270695410587],[-78.137042828882997,-0.142266113235791],[-78.137004884065206,-0.142335657201444],[-78.136969236452074,-0.142578667592485],[-78.136995054890576,-0.142669600861297],[-78.136995831039073,-0.142817849847329],[-78.137108198787132,-0.143054729602633],[-78.13710820001765,-0.143065427990525],[-78.137065702912693,-0.143153312557025],[-78.137094551305339,-0.143189989383599],[-78.137172743164754,-0.143267925680348],[-78.13720386284956,-0.143253402816089],[-78.137232721330221,-0.143377959273896],[-78.137269921456024,-0.143432975236671],[-78.137215261957721,-0.143368791256653],[-78.137140867757253,-0.143311487114373],[-78.137012584178251,-0.143286284413414],[-78.136945025276503,-0.14326183882029],[-78.136904796912219,-0.143276362740681],[-78.136662653133058,-0.143236654064321],[-78.136642917913932,-0.143238948872237],[-78.136562462611948,-0.143280223427907],[-78.136539694850754,-0.14331461373569],[-78.136510853668966,-0.143340598876483],[-78.136463790474508,-0.14332608511721],[-78.136400038727103,-0.143404802052248],[-78.136328690452245,-0.143431556297337],[-78.136379560397145,-0.143546175898244],[-78.136401588271468,-0.143679138937754],[-78.136407667197034,-0.143735686820245],[-78.13641301543646,-0.144040590072682],[-78.136372806950106,-0.144229344733625],[-78.136355354911842,-0.144284366994423],[-78.136340979681705,-0.144696256315441],[-78.13634706367435,-0.144797890233369],[-78.136317471379186,-0.144894179062096],[-78.136305356766641,-0.145161639966146],[-78.136287908313946,-0.145248757349782],[-78.136215056822735,-0.145407713053728],[-78.136256832281887,-0.145649950161852],[-78.136202183378401,-0.145678230694575],[-78.136077702978866,-0.145721802597022],[-78.136047342604627,-0.145738617800703],[-78.136006356900623,-0.145768425103539],[-78.135964615151693,-0.145824978433558],[-78.135963857643375,-0.14583873357646],[-78.135976005645915,-0.145866242303824],[-78.136060277353906,-0.146012189136809],[-78.136059526970726,-0.146089370378936],[-78.136017793439251,-0.146219284003591],[-78.135884213441344,-0.146343858866861],[-78.135850829337414,-0.146472243174553],[-78.135827306113313,-0.146539492779454],[-78.135844008779486,-0.146570057673305],[-78.135887292100961,-0.146722886713905],[-78.136035358637713,-0.147175258489327],[-78.13620388634763,-0.147328837623254],[-78.13631699959393,-0.147452620412382],[-78.136479449424186,-0.147557293417765],[-78.136512090660247,-0.147573337316178],[-78.136601660076764,-0.14757944059411],[-78.136679847376868,-0.147619168646471],[-78.136800542565837,-0.147665005284088],[-78.136914401415453,-0.147667284984557],[-78.136956152793246,-0.147696318764647],[-78.137029788568086,-0.147761264975139],[-78.13718009118513,-0.147844542672337],[-78.137189202925242,-0.147872051790928],[-78.137193004479926,-0.147928599990296],[-78.137211981680437,-0.14793547539493],[-78.137240071127422,-0.147974444944275],[-78.137328888735979,-0.148045502850227],[-78.137382787834156,-0.148099752926183],[-78.137441243222909,-0.148171578424578],[-78.137435930748651,-0.148179984898791],[-78.137425303687294,-0.14817769357762],[-78.137349393609412,-0.148138729378915],[-78.137206690189359,-0.148133396184073],[-78.137167976479645,-0.148117352941778],[-78.137134573467577,-0.148076855646109],[-78.137095101125112,-0.148064633344529],[-78.137080679371522,-0.148067691644486],[-78.136920517158586,-0.148057775393746],[-78.136905338464032,-0.148079938038983],[-78.136877261457954,-0.148153301547778],[-78.136802881952477,-0.148226670239708],[-78.136755063455908,-0.148245779854575],[-78.136751272391308,-0.148283988795719],[-78.136683722374741,-0.148339016619504]]}},
{"type":"Feature","properties":{"capa_cad":"ACAD-TOP-BASE PRESA POROTOG-Model|C3D-Superficie_ConMen","color":"#B8A15C"},"geometry":{"type":"LineString","coordinates":[[-78.135929219760314,-0.148339101046595],[-78.135697692889323,-0.14820692560388],[-78.135384179174324,-0.147995285783484],[-78.134957534193504,-0.147495567022357],[-78.134793554488468,-0.147283146495698],[-78.134687264375245,-0.147082946216849],[-78.134622734836455,-0.146995074080277],[-78.134366862608587,-0.146364663790826],[-78.134300055098862,-0.146269914459454],[-78.13418922562515,-0.146204208551773],[-78.134164920585874,-0.146068189304874],[-78.134145939823327,-0.146029218867159],[-78.134130756397241,-0.146008588044053],[-78.134023719197572,-0.145916135841333],[-78.133997877261493,-0.145613528066249],[-78.133966738850631,-0.145461462098017],[-78.13391128724794,-0.145102309277685],[-78.133806511850167,-0.14487459911881],[-78.133806482904106,-0.144619366891697],[-78.133814796031331,-0.144298415223853],[-78.133840568645184,-0.143988924058184],[-78.133841312176273,-0.143852902000836],[-78.133823086473441,-0.143779543946945],[-78.133645427721405,-0.14343110379765],[-78.133602153268669,-0.143358512840797],[-78.133552053451282,-0.143339414455535],[-78.133360006608456,-0.143287473337177],[-78.133120895952601,-0.143214141004602],[-78.133097327167192,-0.142882494885275],[-78.132904485334976,-0.142518009344186],[-78.132828573543236,-0.142462998141207],[-78.132793644782453,-0.14235678291785],[-78.13277997924466,-0.142334623654433],[-78.132764790302232,-0.14226661451048],[-78.132709362552092,-0.142121429152357],[-78.132661530283329,-0.142019036301925],[-78.13262736753282,-0.141973190255143],[-78.13262659909833,-0.14189218858363],[-78.132640233279758,-0.141643832521872],[-78.132606056847578,-0.141480304686173],[-78.132631852167748,-0.141372554021424],[-78.132642450642933,-0.141129547483666],[-78.132625742454977,-0.141052368532615],[-78.132580943550465,-0.140926286182282],[-78.132557395117345,-0.140774219630972],[-78.132533093060701,-0.140668767392794],[-78.132552039819771,-0.140415825700941],[-78.132520151040055,-0.140343233574314],[-78.132472292527609,-0.140018468087345],[-78.132389511590745,-0.139644035913465],[-78.132381152543047,-0.139563799334338],[-78.132381129291602,-0.139366644148007],[-78.132362144190324,-0.139292522182388],[-78.132377320397367,-0.13925125532663],[-78.132410712455453,-0.139197759609623],[-78.132428169344209,-0.13918629500742],[-78.13245397646017,-0.139180178576721],[-78.132470671856424,-0.139148081543567],[-78.132491142541156,-0.138947103045272],[-78.132543492829441,-0.138740771536224],[-78.132565500324432,-0.138697975510144],[-78.132607241594243,-0.138641422093422],[-78.132679344123474,-0.13857722334352],[-78.132733229260538,-0.138512262610679],[-78.132844027841344,-0.138315858170262],[-78.132871347523604,-0.138263127303199],[-78.132891076205695,-0.138206576510754],[-78.132896382033522,-0.138143149947547],[-78.13294342591908,-0.137996424055104],[-78.132944175403608,-0.13791618634771],[-78.132932784573157,-0.137874158497609],[-78.132834081774476,-0.137658675142872],[-78.13279306377396,-0.137415674790088],[-78.132749757284444,-0.137078682112101],[-78.132753538700371,-0.136963292336704]]}},
{"type":"Feature","properties":{"capa_cad":"ACAD-TOP-BASE PRESA POROTOG-Model|C3D-Superficie_ConMen","color":"#B8A15C"},"geometry":{"type":"LineString","coordinates":[[-78.136658120260705,-0.136962816644346],[-78.136654333247265,-0.137031592430602],[-78.136665727825232,-0.13710418721885],[-78.136666495052509,-0.137172198280439],[-78.136626288703411,-0.137369359100245],[-78.136616431684317,-0.137458768217341],[-78.136633133223697,-0.137477870445001],[-78.136633893287822,-0.137486276225537],[-78.136634657197192,-0.137526777156522],[-78.136623281686198,-0.137613129776162],[-78.136630885880294,-0.137726990221764],[-78.136595971095105,-0.137742277859457],[-78.136591418765008,-0.13775909015637],[-78.13661649430378,-0.137982224829182],[-78.136655222982469,-0.138122827472687],[-78.136715962929628,-0.138251964912663],[-78.136705342233412,-0.138303165605988],[-78.136697771952043,-0.13847357649724],[-78.136689428598459,-0.138526305253737],[-78.136730431207326,-0.138640161689461],[-78.136731954042574,-0.138679898362908],[-78.136717536953469,-0.13872192946611],[-78.136704648044329,-0.138848783288299],[-78.136699346791275,-0.138951182746309],[-78.136713020774934,-0.139043645710832],[-78.136688751855203,-0.139220171963294],[-78.136694827475026,-0.139246917195107],[-78.136678136086431,-0.139313402011535],[-78.13667662565156,-0.139378356666924],[-78.136687277537405,-0.139590794732598],[-78.136698676011292,-0.139697777211483],[-78.136699461717953,-0.139923971526892],[-78.136730616841618,-0.140211295850969],[-78.136778454927168,-0.14036030337445],[-78.136868052237659,-0.1406040630806],[-78.136997878909199,-0.1408424688636],[-78.137334183855899,-0.141206938440221],[-78.137475394191085,-0.141427002943814],[-78.13750804122644,-0.141491953612372],[-78.13757030359055,-0.14166082803295],[-78.137639391063274,-0.141774681361599],[-78.137613594993823,-0.141877083300941],[-78.13752024181656,-0.14197108729704],[-78.137495197879957,-0.142013883807624],[-78.137379066068974,-0.142048285137928],[-78.137273576029045,-0.142211830056753],[-78.137126328365667,-0.142293613584964],[-78.137069399953546,-0.142301261965085],[-78.137054237978049,-0.142467088749438],[-78.137036035075766,-0.142592414847104],[-78.137039832302321,-0.142609226154517],[-78.137037581300604,-0.142836185064287],[-78.137136283556472,-0.143051669646192],[-78.137087715925588,-0.143156366674983],[-78.137115805261402,-0.143193043590701],[-78.137180332334225,-0.143255698067054],[-78.137207656556569,-0.143239647302928],[-78.137234984290487,-0.143254163363955],[-78.137234226900603,-0.143268682694641],[-78.137273716304918,-0.143429153942074],[-78.137311675574878,-0.143484933990917],[-78.137259293600138,-0.143423806424073],[-78.137128724243397,-0.143323715256698],[-78.137029285455952,-0.143303858391869],[-78.136954135718057,-0.143277121169342],[-78.136909353185573,-0.143293173960139],[-78.136672523068285,-0.143255757172505],[-78.136632293221922,-0.143257290194992],[-78.136564740923262,-0.143290157375533],[-78.13653590167084,-0.143332954261492],[-78.136511614391878,-0.143355118021301],[-78.136474419375617,-0.143344423964502],[-78.136407631837031,-0.143426962102629],[-78.136353741167071,-0.143447600957547],[-78.13639550085361,-0.143548466557614],[-78.136422087091887,-0.143716580895463],[-78.136427437778963,-0.144042880914645],[-78.136371295192902,-0.144285129323971],[-78.13635616081892,-0.14469625456806],[-78.136364523889981,-0.144814699966849],[-78.136344037935871,-0.144890355158591],[-78.13633344627992,-0.145200609417184],[-78.136320550437176,-0.145272442879903],[-78.136267429498631,-0.145387838638348],[-78.136256051068102,-0.145453558561087],[-78.136294029685118,-0.145682041052755],[-78.136102756327034,-0.145761536570866],[-78.136018507400351,-0.145818094756257],[-78.136032172915307,-0.145840254122641],[-78.136111120833633,-0.145893737009175],[-78.136141496425083,-0.146012179883224],[-78.136042855169279,-0.146333906631333],[-78.135966198667433,-0.146407275644347],[-78.135926735769132,-0.146479112085675],[-78.13591155908631,-0.146518850636396],[-78.135943446223095,-0.146579216431188],[-78.136000398034312,-0.146780950805673],[-78.136005715956216,-0.146821451204453],[-78.136081651050418,-0.147085081216403],[-78.13611809224885,-0.147143154011785],[-78.13631319122004,-0.147334938655764],[-78.136616833917657,-0.147513720245121],[-78.136882515068095,-0.147613796642889],[-78.136893900927888,-0.147613795361276],[-78.137025231171322,-0.147733755349017],[-78.137215766211384,-0.147838425298289],[-78.137227156818795,-0.147881217574653],[-78.13723702609164,-0.147894971537744],[-78.137431366088137,-0.14808675657434],[-78.137457177940064,-0.148121905536017],[-78.137527014802956,-0.148153992880113],[-78.1375505474535,-0.148170802000805],[-78.137567251372815,-0.148212829526601],[-78.137541443915097,-0.148217417443889],[-78.137440486869536,-0.148196031974772],[-78.137378999816463,-0.148165472035745],[-78.137347118380688,-0.148156305560838],[-78.137218078081375,-0.148151735002737],[-78.137145205261433,-0.148121940518708],[-78.137120911616606,-0.148087555566606],[-78.137100416218885,-0.14807991615962],[-78.137079163117122,-0.148084503566698],[-78.136962267428217,-0.148076874972275],[-78.136955436588266,-0.148082989102158],[-78.136929635907876,-0.148148710654511],[-78.136727747693641,-0.148339011692366]]}},
{"type":"Feature","properties":{"capa_cad":"ACAD-TOP-BASE PRESA POROTOG-Model|C3D-Superficie_ConMen","color":"#B8A15C"},"geometry":{"type":"LineString","coordinates":[[-78.135854832205695,-0.148339109368971],[-78.135646077720864,-0.148213044740706],[-78.135446430840744,-0.148077044933023],[-78.135362927373038,-0.148011335724394],[-78.135233114200659,-0.147879913160083],[-78.135063063852499,-0.147683540764321],[-78.134814058686899,-0.147370259453135],[-78.134752565044963,-0.147279330272588],[-78.134651589347655,-0.147088299427981],[-78.134623500110607,-0.147050858323662],[-78.134339536607513,-0.146364666893563],[-78.134307651478863,-0.14632187706726],[-78.134167216701798,-0.146237070303343],[-78.13413303871296,-0.146054437898616],[-78.134122409963283,-0.146036863231237],[-78.134002467537556,-0.145932949969092],[-78.133977383112324,-0.145616587080341],[-78.133946243409625,-0.145453058588168],[-78.133934085934442,-0.14534149138588],[-78.133901423937147,-0.145141282997701],[-78.133884719277347,-0.145093142302419],[-78.133820943505825,-0.144959420150031],[-78.133792854483801,-0.144924271629556],[-78.133781462163995,-0.144866960311905],[-78.133781438420854,-0.14465757819009],[-78.133795059119009,-0.144285426638367],[-78.133792774211202,-0.144217415919159],[-78.133819315536627,-0.143992747357111],[-78.13381854078348,-0.143855197141287],[-78.13365303025877,-0.143535793965602],[-78.1335854608012,-0.143417355731654],[-78.133516383999194,-0.143392910370486],[-78.133374436446161,-0.143355482618113],[-78.133296250297988,-0.143324924978699],[-78.133135325177534,-0.143276801095178],[-78.13310344435618,-0.143272219792659],[-78.133054861880481,-0.143246243731472],[-78.133059409721767,-0.143189694781713],[-78.133043444479924,-0.142971144635149],[-78.13301914603673,-0.142895494850424],[-78.133022178476324,-0.14286263528039],[-78.13292272007952,-0.142669312430019],[-78.132883243435927,-0.142618881967678],[-78.132861223370583,-0.142553930282822],[-78.132833135272477,-0.142527187694832],[-78.132826303694415,-0.142526424325425],[-78.13279897288848,-0.142484398296804],[-78.132751137648043,-0.142356023723584],[-78.13273746778691,-0.142296420247255],[-78.132693429390528,-0.142181800260836],[-78.132611431550202,-0.142009107999947],[-78.13261444537541,-0.141815773255004],[-78.132622023247478,-0.141706496403729],[-78.132584803506177,-0.141481835524148],[-78.132609078407,-0.141354216684314],[-78.13261967910411,-0.141130314339962],[-78.132600692061374,-0.141038616476288],[-78.132562725625164,-0.140920939163927],[-78.132547533035051,-0.140822363351652],[-78.132511079685699,-0.140661892493478],[-78.132528512719702,-0.140446395193513],[-78.132479161578772,-0.140338653437489],[-78.132432820457439,-0.140007774442222],[-78.132340168037516,-0.139601248430813],[-78.132351554207958,-0.139604303740737],[-78.132352311551344,-0.139589784470091],[-78.13234243295075,-0.139497321397564],[-78.132342416905018,-0.139361299606979],[-78.132333304107675,-0.139326148998135],[-78.132367451521532,-0.139241322332034],[-78.132430442171014,-0.139149614698391],[-78.132453186217774,-0.13891654090169],[-78.132509330772677,-0.138701803099776],[-78.132585982727093,-0.138596338765353],[-78.132694516133157,-0.138500804756868],[-78.132730945016533,-0.138452657810078],[-78.132841743041055,-0.138251668358066],[-78.132857677724203,-0.138205816372813],[-78.132862226135799,-0.138156144921948],[-78.132919133628121,-0.137975030293364],[-78.13291912660975,-0.13791618937651],[-78.13291077400315,-0.137890972850489],[-78.132854588931167,-0.137764891971629],[-78.132799166099858,-0.137665556881602],[-78.132793850436641,-0.137646453333526],[-78.132758148468355,-0.137425613206557],[-78.132755100811579,-0.137330092619806],[-78.132723950083573,-0.137084034424839],[-78.132721669618988,-0.137056524667547],[-78.132733806411778,-0.136989276438751],[-78.132733044236886,-0.136963294831841]]}},
{"type":"Feature","properties":{"capa_cad":"ACAD-TOP-BASE PRESA POROTOG-Model|C3D-Superficie_ConMen","color":"#B8A15C"},"geometry":{"type":"LineString","coordinates":[[-78.136677096681268,-0.136962814330891],[-78.136674067897758,-0.137024712493328],[-78.136691539154825,-0.137132458376362],[-78.136692302526058,-0.137168374287443],[-78.136677126528312,-0.137211169671006],[-78.136631614835323,-0.137475578118648],[-78.136650593819866,-0.137496972581023],[-78.136636943428059,-0.137602429734805],[-78.13664530832564,-0.137730045154266],[-78.136617224228672,-0.137738454431816],[-78.136611913847034,-0.137763672693646],[-78.136636988016932,-0.137975344816794],[-78.136673439708972,-0.13811747607843],[-78.1367349389879,-0.138248905939408],[-78.136721283520572,-0.138312333725113],[-78.13671144152103,-0.138528595111234],[-78.136743332268836,-0.138615706685022],[-78.136746372038374,-0.13864550896187],[-78.136747135907342,-0.138686009897598],[-78.136740306573543,-0.138704350807773],[-78.136722112789698,-0.138903037280595],[-78.13674034682434,-0.139043642429357],[-78.13672897083643,-0.139126938360557],[-78.136708486249859,-0.13921099955285],[-78.136718358510805,-0.139249206884527],[-78.136700148104339,-0.139308050181337],[-78.13669788059984,-0.139389816675306],[-78.136721450782844,-0.139723756280419],[-78.13672526452568,-0.139880410740133],[-78.136719958864063,-0.139946130020496],[-78.13674807407476,-0.140202123728502],[-78.136794393510215,-0.140346546412277],[-78.136888546599778,-0.140602532306625],[-78.137007743703265,-0.140817250067692],[-78.13731444203421,-0.141152684653232],[-78.137391118242192,-0.141250489443485],[-78.137486017614293,-0.141397963198493],[-78.137511831265428,-0.141446867085334],[-78.137545996860624,-0.141515638431712],[-78.137617369780074,-0.141700559375133],[-78.137659884465378,-0.141764744726709],[-78.137669755321383,-0.141791489547864],[-78.137637888562381,-0.141909175622245],[-78.137532391965692,-0.142016171949525],[-78.137523285224034,-0.142032984778423],[-78.137391213733949,-0.142071973004598],[-78.137288759653785,-0.142233225054793],[-78.137099007341206,-0.142337174510671],[-78.137078539018731,-0.142564135564404],[-78.137084622676966,-0.142661184513504],[-78.137082369200996,-0.142866746656798],[-78.137162849684373,-0.143044024842943],[-78.137110488259708,-0.143161713216303],[-78.137133263404351,-0.143191513216414],[-78.137187162358444,-0.143242706371351],[-78.137209932499786,-0.143228948648976],[-78.137268383518929,-0.143260272841454],[-78.137268387643374,-0.143296188863005],[-78.137307874591286,-0.143435263336612],[-78.137314711279004,-0.143480348613864],[-78.137354188750606,-0.143536892660734],[-78.137302566184388,-0.14347882168388],[-78.137116580729526,-0.143335943398772],[-78.137046745878635,-0.143322196453034],[-78.136962487014543,-0.143291639436502],[-78.136913909458698,-0.143309985179731],[-78.1367097192324,-0.143276385441794],[-78.136617873420207,-0.143277160299514],[-78.136575368597931,-0.143297797841189],[-78.136512375202258,-0.143370401336299],[-78.136484289307305,-0.143363527070541],[-78.136415225034241,-0.143449886323415],[-78.136379550851487,-0.143462881360151],[-78.136406125198121,-0.143527068561135],[-78.136436508560593,-0.143711230032199],[-78.136441859511123,-0.144039822565848],[-78.136386477723107,-0.144297354292351],[-78.13637816252934,-0.144599966605197],[-78.136370582639117,-0.144693960397848],[-78.13638198453917,-0.144835330551212],[-78.136372120786973,-0.144870483508961],[-78.136363785368204,-0.144995808359062],[-78.136357743619186,-0.145267089427275],[-78.136351675051856,-0.145301477775646],[-78.136323597029133,-0.145364142936245],[-78.136302358452511,-0.145497110953783],[-78.136328944406117,-0.14566522532326],[-78.136319081748141,-0.145710312482553],[-78.136300868515988,-0.145746994724096],[-78.136288728684391,-0.145792082141456],[-78.136149065930837,-0.145824957388414],[-78.136195388769565,-0.146006060383223],[-78.136166552255375,-0.146074074793571],[-78.136152898761111,-0.146158899210731],[-78.136066398946497,-0.146450057776178],[-78.136045924263129,-0.146627347508144],[-78.136045171617013,-0.146684660332803],[-78.136049730144109,-0.146722104139317],[-78.136078582755516,-0.146797753688229],[-78.136083901104115,-0.146842074939209],[-78.136127183377738,-0.146985733983046],[-78.136169700786411,-0.147077429568104],[-78.136200067574634,-0.147117927144581],[-78.136365561471422,-0.147292903395365],[-78.136652504507012,-0.147467866011348],[-78.136884027240669,-0.147560304543238],[-78.136921224700174,-0.147593159683617],[-78.136932614379617,-0.147627546071743],[-78.137004732465812,-0.147696313299765],[-78.137255995923084,-0.147835364094591],[-78.137262830067783,-0.147859052617458],[-78.137329635267534,-0.147932405499996],[-78.137477666917022,-0.148071467964319],[-78.137497405293786,-0.148097447558237],[-78.13754446924257,-0.148118839063466],[-78.137561170796602,-0.148139469804038],[-78.137620381785695,-0.148179964223091],[-78.137750188033166,-0.148246432548916],[-78.137744119708728,-0.148283877607719],[-78.137709964383205,-0.148304514049796],[-78.137687192900003,-0.148306809112886],[-78.13758015814345,-0.148238045719462],[-78.137440488390496,-0.148209787048878],[-78.137394183420767,-0.14818763128579],[-78.137349397666597,-0.148175409573623],[-78.137230225030791,-0.148170073736675],[-78.137126229500183,-0.148128056011065],[-78.137103454224601,-0.148095963400787],[-78.137082201291804,-0.148102079148662],[-78.137003258726267,-0.148096738807742],[-78.136973661658502,-0.148152526571874],[-78.13677329112879,-0.148339006595241]]}},
{"type":"Feature","properties":{"capa_cad":"ACAD-TOP-BASE PRESA POROTOG-Model|C3D-Superficie_ConMen","color":"#B8A15C"},"geometry":{"type":"LineString","coordinates":[[-78.135790312391876,-0.148339116587174],[-78.135665819014775,-0.148265770232617],[-78.13553828807062,-0.148180197521353],[-78.135337120726845,-0.14802280115913],[-78.135074457913518,-0.147757663896305],[-78.134792049378234,-0.14740006452477],[-78.134727518836371,-0.147303022334879],[-78.134622747355607,-0.147107406907405],[-78.134317525622492,-0.146379188598029],[-78.13429323327658,-0.146356266295513],[-78.134176330165104,-0.146279862709335],[-78.134135336887169,-0.146241658937876],[-78.134110267736787,-0.146060553838595],[-78.133981974761241,-0.145948235672843],[-78.133956129133395,-0.145612768664964],[-78.133932584120757,-0.145485919392681],[-78.133916627749599,-0.145342257551967],[-78.133888523108382,-0.145168794538878],[-78.133882447988256,-0.145145106014388],[-78.133820949734272,-0.145014440271544],[-78.133773122338113,-0.144953312291156],[-78.13375641282471,-0.14486237817856],[-78.13376470908446,-0.144392413704944],[-78.133774563499671,-0.144275494814168],[-78.133770753517794,-0.14414635080575],[-78.13379123101943,-0.143997335613959],[-78.133790459582244,-0.143888823798224],[-78.133568768330875,-0.143476198620785],[-78.133503486980587,-0.143453281152105],[-78.133383552721156,-0.143421964181456],[-78.133328897622704,-0.14339446047709],[-78.133227939748821,-0.143363141312711],[-78.133146718180612,-0.143339461540018],[-78.133082956450863,-0.143329534763727],[-78.133004769358934,-0.143290571287072],[-78.13298503218779,-0.143275290224239],[-78.132995647470011,-0.143175183007554],[-78.132991083056027,-0.14308730424049],[-78.13297589248613,-0.143004775886081],[-78.13295387121039,-0.142929125839748],[-78.132939446450962,-0.142905438319346],[-78.132945511241644,-0.142838955016037],[-78.132896920761425,-0.14274343971284],[-78.132824799763895,-0.142649455500216],[-78.132817203584978,-0.142600549654827],[-78.132790629105514,-0.142534834338519],[-78.132767094365889,-0.142499685376205],[-78.132684329568903,-0.142258218087081],[-78.132625868079217,-0.142134429786785],[-78.132597774232494,-0.142058016324736],[-78.132593971533055,-0.141993826697169],[-78.132602299178515,-0.141804312168628],[-78.132598490969571,-0.14169274415454],[-78.132563550697895,-0.141487951367095],[-78.132584788759999,-0.141354983715008],[-78.132595388567012,-0.141123439700148],[-78.13256273195438,-0.140975195057148],[-78.132546786378484,-0.140928582723935],[-78.132491344992175,-0.14066800817145],[-78.132504226565075,-0.140476964774855],[-78.132435893523848,-0.140321846892573],[-78.132426776812622,-0.140253072906758],[-78.132433603549956,-0.140212571221447],[-78.132411573942989,-0.140067382030436],[-78.132350820431967,-0.139819034861878],[-78.132315121055697,-0.139616534768707],[-78.132302972770646,-0.13958749785994],[-78.132305248401892,-0.139574506743258],[-78.132328779976405,-0.13958214560652],[-78.132305981591529,-0.139355190626502],[-78.132346197016048,-0.139232919035584],[-78.132400079286199,-0.139143504996823],[-78.132419783857202,-0.138882921543706],[-78.13246682310934,-0.138696459037224],[-78.132508562743467,-0.138626150610994],[-78.132563964804518,-0.138551255530284],[-78.13268615972747,-0.1384434931925],[-78.132705893956569,-0.138433556636625],[-78.132812897340628,-0.138237916818894],[-78.132825037934097,-0.138201999472537],[-78.132826552676292,-0.138173725084866],[-78.132894841701912,-0.137956693203461],[-78.132894837873607,-0.137924598158573],[-78.132884207830855,-0.137897089405216],[-78.132810561226876,-0.137743500605633],[-78.132761972532933,-0.137666325554508],[-78.132753618917448,-0.137632703189718],[-78.132721714506417,-0.13743096680085],[-78.132717137661146,-0.137242982119933],[-78.132695862418885,-0.137061876980608],[-78.132711790719597,-0.136963297419359]]}},
{"type":"Feature","properties":{"capa_cad":"ACAD-TOP-BASE PRESA POROTOG-Model|C3D-Superficie_ConMen","color":"#B8A15C"},"geometry":{"type":"LineString","coordinates":[[-78.136696832158989,-0.136962811924876],[-78.136693803099845,-0.137022417577532],[-78.136717351585801,-0.137169899578767],[-78.136702173018378,-0.137191298195037],[-78.136647556035896,-0.137483982055386],[-78.136647556768466,-0.137490095417441],[-78.13666501177876,-0.137462583167475],[-78.13665060526148,-0.137592493863439],[-78.13665669509227,-0.137737685476516],[-78.136646826713545,-0.137732337480984],[-78.136638477362638,-0.137734631004013],[-78.136632408655259,-0.137765962720319],[-78.136652925564164,-0.137953181950123],[-78.136674949981568,-0.138051757251216],[-78.136693175825656,-0.138122822884458],[-78.136737971572373,-0.138218338759971],[-78.136748604379974,-0.138268772717565],[-78.136737983227647,-0.138316152560623],[-78.136730416035078,-0.13851254524729],[-78.136760031702963,-0.138617233014036],[-78.136761560167685,-0.138704348249159],[-78.136744122811962,-0.138880873695141],[-78.136766913817468,-0.139043639238992],[-78.136728220463908,-0.139200298801472],[-78.136741129947694,-0.13924691164312],[-78.136722160664831,-0.139307283372752],[-78.136719135458122,-0.139400512513794],[-78.136744987583455,-0.139774952880315],[-78.136747276547638,-0.139875058920639],[-78.136740455380632,-0.139962939322651],[-78.136765531397856,-0.140193715776074],[-78.136900688917081,-0.140580369922394],[-78.136956871493922,-0.140685818776459],[-78.136991034700657,-0.140733957464187],[-78.137030514971798,-0.140813426515761],[-78.137284831126564,-0.141086969475252],[-78.137357712318121,-0.141187067219555],[-78.137449571101158,-0.141297096954804],[-78.137503473978896,-0.141381149379286],[-78.137583952584578,-0.141540087423466],[-78.137665195027964,-0.141740290631099],[-78.137694803425177,-0.141784609060667],[-78.137700118870129,-0.141802184367311],[-78.137662182662552,-0.141945852970528],[-78.137552132777543,-0.142062019882165],[-78.13752936060763,-0.1420582017029],[-78.137404120456054,-0.142095660782624],[-78.137303184132492,-0.142253855971752],[-78.137190851066691,-0.142318059479935],[-78.13717643224723,-0.142346335483179],[-78.137134686568615,-0.142367737152453],[-78.137128615082034,-0.142376143740388],[-78.137116485441638,-0.142508346672018],[-78.137117260906422,-0.142650482309215],[-78.137129416752003,-0.142745238040773],[-78.137127157014476,-0.142896544081034],[-78.137190174870184,-0.143036379950814],[-78.137132501273456,-0.143164767334501],[-78.137193233237397,-0.143228950593252],[-78.137211449385518,-0.143218250083369],[-78.137301782660558,-0.143265618148555],[-78.137300270336951,-0.143316053590978],[-78.137338237503599,-0.143440609001935],[-78.137355706252478,-0.143531543289265],[-78.137395942868267,-0.143588851422481],[-78.137335970057094,-0.143525432216196],[-78.137104437215655,-0.143348171540578],[-78.137067242618215,-0.143341298332092],[-78.136971597455883,-0.14330692178602],[-78.136922261105312,-0.143327560128379],[-78.136730975111135,-0.143296251396662],[-78.136603453618307,-0.143297030403523],[-78.136568540067387,-0.143323780422822],[-78.136517689828054,-0.143381099100828],[-78.136512376867856,-0.14338492056941],[-78.136497195203461,-0.143380337313454],[-78.136425095051266,-0.143469753599502],[-78.136404601567079,-0.143478926021695],[-78.136422065830104,-0.143530887560489],[-78.136454728723862,-0.143735681363502],[-78.136457797961612,-0.144024537319311],[-78.136402418178704,-0.144299644962253],[-78.13639713208876,-0.144539594982583],[-78.136385005327341,-0.144699307928334],[-78.136399446055037,-0.144863602837056],[-78.136385807020247,-0.145075279519216],[-78.136382041905236,-0.145341975311006],[-78.136347908246194,-0.145553654327628],[-78.136363859300218,-0.145649937932798],[-78.136341857415232,-0.145745461704008],[-78.136305430947047,-0.145818826186298],[-78.136284945442924,-0.145899066375976],[-78.136215873420255,-0.145918178502254],[-78.136240930460289,-0.145990771794216],[-78.136242450721866,-0.146009875870749],[-78.136206783553675,-0.146085532761405],[-78.136182510554264,-0.146235312835715],[-78.13612484434708,-0.146432475231824],[-78.136143832150324,-0.146534107675373],[-78.136129423241471,-0.14665179147725],[-78.136130194773017,-0.146763360197343],[-78.136175750901216,-0.146877216358797],[-78.13620460811083,-0.1469941310974],[-78.136240291113268,-0.147059845681526],[-78.136427041768897,-0.147263093824643],[-78.136564441726506,-0.147358599594542],[-78.136729166818427,-0.147445696433793],[-78.136847584591962,-0.147489240800124],[-78.13688705854463,-0.147515982317387],[-78.13695006624782,-0.147569467152171],[-78.136975882601078,-0.147645117122898],[-78.137012321428202,-0.147681793206423],[-78.137291670782147,-0.147827718378342],[-78.137331906342638,-0.147877384953033],[-78.137536873505965,-0.148072225492936],[-78.137561923850498,-0.148085213587453],[-78.137593049617635,-0.148124946982407],[-78.137799527052209,-0.148248719533769],[-78.137860261655078,-0.148338884915578]]}},
{"type":"Feature","properties":{"capa_cad":"ACAD-TOP-BASE PRESA POROTOG-Model|C3D-Superficie_ConMen","color":"#B8A15C"},"geometry":{"type":"LineString","coordinates":[[-78.137776006221017,-0.148338894349388],[-78.137762342165189,-0.148329725827158],[-78.137696304887243,-0.148336610760091],[-78.137514879596708,-0.148241873887691],[-78.137341808949301,-0.148192222180248],[-78.137241612922509,-0.148188412556073],[-78.137103458198226,-0.148131879417014],[-78.137091311503298,-0.148115833197098],[-78.137043490968097,-0.148116602729679],[-78.137034384730313,-0.148138764695843],[-78.136997194973233,-0.148175449048846],[-78.136809725878209,-0.148339002517479]]}},
{"type":"Feature","properties":{"capa_cad":"ACAD-TOP-BASE PRESA POROTOG-Model|C3D-Superficie_ConMen","color":"#B8A15C"},"geometry":{"type":"LineString","coordinates":[[-78.13572275635542,-0.148339124144838],[-78.135602058015195,-0.148263484860816],[-78.135315109785168,-0.148038087014569],[-78.13509344058383,-0.147814210285641],[-78.135019046056129,-0.147750792599396],[-78.134784464339049,-0.147449736364903],[-78.134696398991181,-0.147316016715376],[-78.134608330487453,-0.14715402283754],[-78.134407125308144,-0.146657335853139],[-78.134271223062953,-0.146377665517422],[-78.134184684485831,-0.14632189103361],[-78.134102698017983,-0.146246247658369],[-78.134091303702021,-0.146170596267226],[-78.134093568946838,-0.146064376581664],[-78.133966035458258,-0.145955879172842],[-78.13393639369589,-0.145612770918525],[-78.13391664602824,-0.14550426125667],[-78.133875622192704,-0.145195541911052],[-78.133861195392413,-0.145153514302148],[-78.13381791913416,-0.14506411156271],[-78.133757945560887,-0.144991522448944],[-78.133732882462056,-0.144865437553995],[-78.133741178549585,-0.144393944753543],[-78.133753309608352,-0.144272440592674],[-78.133748732210805,-0.144069936516927],[-78.13376237829344,-0.143921686285152],[-78.133717585581195,-0.143847567141538],[-78.133552075857693,-0.143535041508155],[-78.133403296110316,-0.14349150118511],[-78.133313722741221,-0.143448718168799],[-78.133232500993188,-0.143423510052581],[-78.133155834016364,-0.143402122250461],[-78.133071577636215,-0.143390669514394],[-78.132983522399655,-0.143347886340902],[-78.132915202586091,-0.14330510088098],[-78.132931882415477,-0.143136217866602],[-78.13288404170838,-0.142959700684579],[-78.132860505837229,-0.142914617530458],[-78.132869603154205,-0.142816038833839],[-78.132829367376345,-0.142764844289513],[-78.132815705275817,-0.142772487560025],[-78.132803551960166,-0.142699128880111],[-78.13276179102759,-0.142586801108551],[-78.132753436408862,-0.142543244528409],[-78.132733697206518,-0.14251038762637],[-78.132677507787449,-0.142342277321473],[-78.132641823144908,-0.142263572236871],[-78.132584876674031,-0.142113037899574],[-78.13257651496555,-0.14200834792811],[-78.132582572799947,-0.141882259574485],[-78.132574959667252,-0.141687397748586],[-78.132542297357276,-0.141489482204813],[-78.132562772631942,-0.141324419609317],[-78.132573376973596,-0.141131848142056],[-78.132470091297421,-0.140666482354561],[-78.132480699374796,-0.140506770097388],[-78.132394904065578,-0.14031726675671],[-78.132390344993894,-0.140276766425762],[-78.132402482063398,-0.140210282418705],[-78.13238501028016,-0.140094895217965],[-78.13234324588332,-0.139955057557449],[-78.132309822613891,-0.139743387181668],[-78.132274887773264,-0.139587501213786],[-78.132280955612501,-0.139548527955229],[-78.132299173448459,-0.139553110783148],[-78.132281695471477,-0.139385760224975],[-78.13228321006234,-0.139355957517821],[-78.132314320809897,-0.139267310383136],[-78.132324181290073,-0.139206175813914],[-78.132371234329554,-0.139135866778877],[-78.132378056327241,-0.139055628384703],[-78.132377285698681,-0.138957815050234],[-78.132401555061463,-0.138785874470381],[-78.132420521355598,-0.138701049607646],[-78.132497929183515,-0.138568839329015],[-78.132538911208783,-0.138510757667416],[-78.13261329052547,-0.138443501968849],[-78.132685396132132,-0.138405284904214],[-78.132698298146124,-0.138389235829961],[-78.132785569476482,-0.138221872594256],[-78.132870549320188,-0.137934535275701],[-78.132796143759052,-0.137781710735038],[-78.132721741928435,-0.137660217086508],[-78.132718704067557,-0.137646462437202],[-78.132684519753241,-0.137421801302555],[-78.132677668767343,-0.137259034434941],[-78.132684491551004,-0.137186437683606],[-78.132669294697536,-0.137055002704408],[-78.132685223823557,-0.13696330065373]]}},
{"type":"Feature","properties":{"capa_cad":"ACAD-TOP-BASE PRESA POROTOG-Model|C3D-Superficie_ConMen","color":"#B8A15C"},"geometry":{"type":"LineString","coordinates":[[-78.137495394197856,-0.143717984744768],[-78.137495394197856,-0.143717984744768]]}},
{"type":"Feature","properties":{"capa_cad":"ACAD-TOP-BASE PRESA POROTOG-Model|C3D-Superficie_ConMen","color":"#B8A15C"},"geometry":{"type":"LineString","coordinates":[[-78.137495394197856,-0.143717984744768],[-78.137490839414937,-0.143714164419031],[-78.13749083915252,-0.143711871906561],[-78.137497671633056,-0.143720276993059],[-78.137495394197856,-0.143717984744768]]}},
{"type":"Feature","properties":{"capa_cad":"ACAD-TOP-BASE PRESA POROTOG-Model|C3D-Superficie_ConMen","color":"#B8A15C"},"geometry":{"type":"LineString","coordinates":[[-78.137596109504315,-0.148338914490761],[-78.137555877161475,-0.148318286381478],[-78.137525514681471,-0.148316761439522],[-78.137463266288677,-0.148265568965378],[-78.137448084374142,-0.148258693128784],[-78.137335740374709,-0.148227374713643],[-78.137265147763046,-0.148225090110899],[-78.137125474837902,-0.148167792965949],[-78.137095112284911,-0.148165503857439],[-78.137075377804777,-0.148174676115983],[-78.13688259538057,-0.148338994361756]]}},
{"type":"Feature","properties":{"capa_cad":"ACAD-TOP-BASE PRESA POROTOG-Model|C3D-Superficie_ConMen","color":"#B8A15C"},"geometry":{"type":"LineString","coordinates":[[-78.135578535616901,-0.148339140278466],[-78.135369014781588,-0.148146593025989],[-78.13527412438097,-0.148070950891258],[-78.135230094047401,-0.148025105667862],[-78.1350866194052,-0.147907439695652],[-78.134955289582408,-0.14778900821898],[-78.134723745385514,-0.147499414185421],[-78.134663769530619,-0.147405428158173],[-78.134581015452625,-0.147252603705057],[-78.134536975416438,-0.14711964329275],[-78.13442991942496,-0.146858309657897],[-78.134415487385809,-0.146768903545134],[-78.134325903454069,-0.146631363318744],[-78.134228721174509,-0.146424284629495],[-78.134193802140246,-0.14640212770253],[-78.134081450120348,-0.146296685196467],[-78.134067025840849,-0.146276818453212],[-78.134049561741037,-0.146224856978128],[-78.134058661748014,-0.146147674923038],[-78.134059412312226,-0.146072022153822],[-78.133937952386844,-0.145973458245301],[-78.133918969564064,-0.145916147774672],[-78.133915921570846,-0.145811457047347],[-78.133894643417563,-0.145592907307118],[-78.13384678267127,-0.145236046138874],[-78.133817172350462,-0.145172623555686],[-78.133723036634919,-0.145058773264143],[-78.133682783526396,-0.144853980783034],[-78.133691847786963,-0.144462725583924],[-78.133712317762402,-0.144247227767783],[-78.133703182719316,-0.144015685831246],[-78.133706215802007,-0.14398817542232],[-78.133615111841578,-0.143836116477279],[-78.133541466919624,-0.143690933046921],[-78.13351337716874,-0.143649671220869],[-78.133424564948527,-0.143625228134519],[-78.133293241120285,-0.143561053243511],[-78.133191524286161,-0.143530498321118],[-78.133040469959241,-0.143509119141377],[-78.132824884995728,-0.143391462322863],[-78.132790727370221,-0.143389937952948],[-78.132799832784571,-0.143361662691764],[-78.132793758247658,-0.143343323372932],[-78.132789952814846,-0.143254680364918],[-78.132799804128553,-0.143111779864144],[-78.132778543146827,-0.143046828086095],[-78.132770179851775,-0.14292761890473],[-78.132761066015604,-0.142882534074957],[-78.132761816456636,-0.142807645557466],[-78.132734476865409,-0.142689202761905],[-78.132665383283964,-0.142518801453194],[-78.132553765343999,-0.1421986283076],[-78.132528655852241,-0.141674412345554],[-78.13250586266679,-0.141488722327657],[-78.132506610352578,-0.141390908801816],[-78.132527074755956,-0.141132617776432],[-78.132427584087779,-0.140664959055729],[-78.132433645172014,-0.140567909073486],[-78.132359997874104,-0.140405150152088],[-78.132340253427031,-0.140327971591237],[-78.132334933420822,-0.140271423837847],[-78.132340998326143,-0.140207233057971],[-78.132337959600221,-0.140185836732837],[-78.132289356819271,-0.139987159003548],[-78.132266567954076,-0.13984044159104],[-78.132244543881654,-0.13974263080078],[-78.13222554989629,-0.13959285627656],[-78.132233887781155,-0.13949351353186],[-78.132239960392923,-0.139495041140813],[-78.132234641157893,-0.139445370901863],[-78.13223918412109,-0.139349085278463],[-78.132255118751161,-0.139302469166062],[-78.132283184879242,-0.139142754834676],[-78.132300640681379,-0.13912212022497],[-78.132299874398029,-0.139060986929174],[-78.132347651807336,-0.138698001697177],[-78.132387870155455,-0.138600947602379],[-78.132497911937463,-0.138423647510115],[-78.132645918409054,-0.138347212924292],[-78.13266868730831,-0.138324285152261],[-78.132725602098461,-0.138204303973133],[-78.132805271562148,-0.13794218484437],[-78.132796918410065,-0.137912383314628],[-78.132758957216765,-0.137841320312717],[-78.132679240920055,-0.137710657296394],[-78.132657225427224,-0.137686206599399],[-78.13265342860403,-0.13767321621029],[-78.132626840783217,-0.137498225057888],[-78.13260480048541,-0.137266684962636],[-78.132616919870216,-0.137054244908839],[-78.132632849087429,-0.136963307029987]]}},
{"type":"Feature","properties":{"capa_cad":"ACAD-TOP-BASE PRESA POROTOG-Model|C3D-Superficie_ConMen","color":"#B8A15C"},"geometry":{"type":"LineString","coordinates":[[-78.137896696439299,-0.148338880836002],[-78.137816983104017,-0.148228084959651],[-78.13763251986326,-0.148118065017694],[-78.137598354987304,-0.148052350151959],[-78.137596074937093,-0.148026368597256],[-78.137577852895078,-0.147984341243592],[-78.13737971816127,-0.147797905822984],[-78.137310640356461,-0.147765818419054],[-78.137281793200103,-0.147739075688767],[-78.137045714100054,-0.147629061682969],[-78.137012304367502,-0.147528194936505],[-78.136833150860724,-0.147384551083423],[-78.136516605307065,-0.147216469336705],[-78.136501420590548,-0.147184375904078],[-78.136389823706921,-0.147045309549291],[-78.136368566361497,-0.1470116884689],[-78.136288828595596,-0.146682340205317],[-78.136238699185753,-0.146399602992099],[-78.136279648888163,-0.146048844303076],[-78.136305451495787,-0.146001462821849],[-78.136317591335839,-0.145956375406058],[-78.136342633593699,-0.145897531456951],[-78.136389685144138,-0.145808882360487],[-78.136431414849667,-0.14564534519283],[-78.136427587738297,-0.145363366857586],[-78.136444241849901,-0.144964468144196],[-78.136421439450928,-0.144693954543952],[-78.136435072068437,-0.144426493432379],[-78.13643505614526,-0.144286650302046],[-78.13648512671476,-0.144048223432242],[-78.136488915805657,-0.143993966912747],[-78.136485850406885,-0.143738734435531],[-78.136447871487292,-0.143511016140308],[-78.136478230347464,-0.143481209978295],[-78.136526043573838,-0.143417014128175],[-78.136570826444071,-0.143404018029235],[-78.136652037739481,-0.143335997434712],[-78.136781836497022,-0.1433359823374],[-78.136926060250076,-0.143361183186296],[-78.136993613712107,-0.14333825021479],[-78.137068763363757,-0.143364223271614],[-78.13709457306588,-0.143379503681133],[-78.137433142990062,-0.143643867399762],[-78.137479451189208,-0.143693533128002],[-78.137436937052527,-0.143633168568241],[-78.137420985899581,-0.143537649071945],[-78.137366313687764,-0.1433626603219],[-78.137367821889242,-0.143276308851922],[-78.137225110487037,-0.14320143673832],[-78.137215242301906,-0.143197617034283],[-78.137206134140072,-0.143202203118835],[-78.137176527302216,-0.143170875571186],[-78.13724406618617,-0.143021090253843],[-78.137217492669706,-0.142964544724747],[-78.137218243632574,-0.142894240937506],[-78.137193932396187,-0.142708550311655],[-78.137192385701056,-0.142460959208033],[-78.137226539661825,-0.142429624211654],[-78.137319140336729,-0.142392168999865],[-78.13733051736142,-0.142315750594456],[-78.137342657771711,-0.14227677646382],[-78.137428415872847,-0.142143800689283],[-78.137461054194986,-0.142133862637227],[-78.137605280177624,-0.14217740344609],[-78.137626529100103,-0.142136899893186],[-78.137698631076432,-0.142063531014593],[-78.137760845792386,-0.141822045665761],[-78.137634049141099,-0.141529383122577],[-78.137542942210857,-0.14135745542254],[-78.137381999837871,-0.141167195908299],[-78.137284823720691,-0.141023543308532],[-78.137238515330992,-0.140973113526258],[-78.137178543731238,-0.140921157025222],[-78.137069224654383,-0.140794317663211],[-78.137024429280643,-0.140700330000321],[-78.136961417425113,-0.140613986212229],[-78.136937881193191,-0.140567374608215],[-78.136851321711575,-0.140337369596107],[-78.136801205191475,-0.140177663950356],[-78.13678068944715,-0.139997322189572],[-78.136791298882628,-0.139849836044283],[-78.136773819856245,-0.139674078950028],[-78.136761645175653,-0.139421904191911],[-78.136765429621718,-0.139330203297137],[-78.13677908315718,-0.139249963773629],[-78.13677832021223,-0.139217104539838],[-78.13676844749736,-0.139175076354758],[-78.136794243399009,-0.139073438601302],[-78.136779798669764,-0.138882397746522],[-78.13678735139392,-0.138563737797731],[-78.136779758734448,-0.138546162794528],[-78.136768364517835,-0.138475860495721],[-78.136772900756398,-0.138323790048668],[-78.136734166447241,-0.138135808824463],[-78.136685564461345,-0.137948592977688],[-78.136671121467813,-0.137773599730937],[-78.13667794950662,-0.137744560432415],[-78.136677928928506,-0.137572622119968],[-78.136696123123301,-0.137379284825456],[-78.136702951518828,-0.137353302205099],[-78.136721166316832,-0.1373319032218],[-78.136727994252922,-0.137302099749018],[-78.136741657185041,-0.137301333917046],[-78.136765185289192,-0.137279170115517],[-78.136779598380045,-0.137204279667327],[-78.136774255959523,-0.136962802485747]]}},
{"type":"Feature","properties":{"capa_cad":"ACAD-TOP-BASE PRESA POROTOG-Model|C3D-Superficie_ConMen","color":"#B8A15C"},"geometry":{"type":"LineString","coordinates":[[-78.13791491383185,-0.148338878796175],[-78.137825331643143,-0.148218149800398],[-78.137653773144535,-0.148115005950344],[-78.137623404572068,-0.148058460708512],[-78.137621122660221,-0.148015667393291],[-78.137583159780291,-0.147925499489303],[-78.137445755839977,-0.147794841715605],[-78.137418427728633,-0.147776504689319],[-78.137303045286231,-0.147725318225914],[-78.137249905741925,-0.147675653109819],[-78.137063167922406,-0.147588558679787],[-78.137041146425602,-0.147509087424497],[-78.136873379281539,-0.147370027309352],[-78.136790636255697,-0.147318073056201],[-78.136547723837609,-0.147191248207166],[-78.136493818265961,-0.147078921280637],[-78.13643232561266,-0.146997926197616],[-78.136401189091941,-0.146861907441367],[-78.136339683527837,-0.146665522699466],[-78.136316137797152,-0.146531795611885],[-78.136275131687768,-0.14637973043303],[-78.136316081470724,-0.146029735902032],[-78.136411702010989,-0.145846324182908],[-78.136439014979601,-0.145730167207995],[-78.136461021689257,-0.145677436955391],[-78.13645190559599,-0.145611719365532],[-78.136451119712333,-0.14537406254455],[-78.13646702135101,-0.145033240840289],[-78.136439656816904,-0.144693952447009],[-78.136454042228465,-0.144371470994663],[-78.136451754352549,-0.144277478332381],[-78.136498790350103,-0.144053571042817],[-78.136504853557994,-0.143972568303639],[-78.136501031370557,-0.14373720433497],[-78.136466849398332,-0.143524004828486],[-78.136519977689744,-0.143474327596646],[-78.136548817472985,-0.143436115736024],[-78.136606504050206,-0.143420825627014],[-78.136688474756895,-0.143355861624267],[-78.136803851433328,-0.143355848206305],[-78.136935929922757,-0.14337799378853],[-78.137002724065425,-0.143352768394612],[-78.137052064717153,-0.143369574407482],[-78.137087742689886,-0.143389438692722],[-78.137474897281137,-0.143697354510519],[-78.137489321387235,-0.143714928765965],[-78.137577380291447,-0.143786750613239],[-78.137477932024169,-0.143684363254418],[-78.137465018068013,-0.143597249280239],[-78.137399714936606,-0.143386345730554],[-78.137401221121522,-0.143282418330572],[-78.137288114447628,-0.143220533668548],[-78.13721979550472,-0.143187682285599],[-78.137212964163837,-0.143189211422508],[-78.137198540317243,-0.143173929689658],[-78.13727139137373,-0.14301344536052],[-78.137262280574262,-0.142995106326766],[-78.137232648375615,-0.142743697636559],[-78.137229589044651,-0.142543485282225],[-78.137250080417047,-0.142515972739953],[-78.137329014266186,-0.142445659793537],[-78.137384421662915,-0.142412793961338],[-78.137438294149632,-0.142234735854404],[-78.137459542540455,-0.142189647283866],[-78.137468650788321,-0.142185825360906],[-78.137616672677623,-0.142234714927661],[-78.137634130737766,-0.142232420366684],[-78.1376629684694,-0.142176632504194],[-78.137716855190902,-0.142121605868455],[-78.13778969220391,-0.141841146546635],[-78.137783615926523,-0.141808287907443],[-78.137655301153742,-0.141515625539121],[-78.137571788000599,-0.141371207092133],[-78.137397939509142,-0.141162608998838],[-78.137281024238632,-0.140987627735767],[-78.137186132160508,-0.140902816031258],[-78.137086682255259,-0.1407882022289],[-78.1370441635151,-0.140689629271527],[-78.13696293106328,-0.140575777508626],[-78.136875613869293,-0.140357235137351],[-78.136817902829534,-0.14016390689492],[-78.136801186054043,-0.140014895663849],[-78.136811793691763,-0.139852126108731],[-78.136794316197324,-0.13968935990733],[-78.136792029831852,-0.139611414803471],[-78.136785195523515,-0.139587726339642],[-78.136782898499959,-0.13941960913563],[-78.136797300162954,-0.139246904907806],[-78.136795776171297,-0.13919723401671],[-78.136788182254818,-0.13916896062425],[-78.136807908144505,-0.139087956197801],[-78.136794983253395,-0.138911434394798],[-78.136799505116514,-0.138637860858942],[-78.136807095504551,-0.138636331603954],[-78.136813922566745,-0.138598886433076],[-78.136820754624537,-0.138603470632242],[-78.13683897008444,-0.138587420859382],[-78.136847322799895,-0.138613401646608],[-78.136845795782037,-0.138538513131289],[-78.136829830938225,-0.13833142487987],[-78.136737938382311,-0.137940180764338],[-78.136741718234333,-0.137811035520775],[-78.136734128122157,-0.137814857292099],[-78.136732608729332,-0.137804159091638],[-78.136709837022778,-0.137804161850988],[-78.13670376639493,-0.137819445992715],[-78.136694651133809,-0.137764426835541],[-78.136704505982223,-0.137656677627837],[-78.136721206056592,-0.137663553134898],[-78.136744740843753,-0.137697173774839],[-78.136749257379307,-0.137381570878081],[-78.136785670284709,-0.137199693906174],[-78.136777292187091,-0.136962802115595]]}},
{"type":"Feature","properties":{"capa_cad":"ACAD-TOP-BASE PRESA POROTOG-Model|C3D-Superficie_ConMen","color":"#B8A15C"},"geometry":{"type":"LineString","coordinates":[[-78.137510335974312,-0.148338924093501],[-78.137420759479113,-0.148269394580638],[-78.137338778717066,-0.148246478641357],[-78.137277294711893,-0.148243428846352],[-78.137165708181499,-0.148197591110104],[-78.137112573818058,-0.148194540382031],[-78.137086007313187,-0.148199128382428],[-78.136921307305599,-0.148338990028923]]}},
{"type":"Feature","properties":{"capa_cad":"ACAD-TOP-BASE PRESA POROTOG-Model|C3D-Superficie_ConMen","color":"#B8A15C"},"geometry":{"type":"LineString","coordinates":[[-78.135520088270169,-0.148339146816575],[-78.135278683365854,-0.14811297969406],[-78.135101048154553,-0.147967807445012],[-78.134931761809241,-0.14781575678042],[-78.134687312571288,-0.147516230003183],[-78.134567357889708,-0.147301512052606],[-78.13451268733543,-0.147134929411159],[-78.134426131564638,-0.146924792769331],[-78.134397269709197,-0.146765848932233],[-78.13425378360526,-0.146545784601229],[-78.134208229413929,-0.146448740350988],[-78.13407234436724,-0.146322667960916],[-78.134054122841476,-0.146285225772835],[-78.134026787423238,-0.146201170342966],[-78.134035891458637,-0.146159904208655],[-78.134038159190766,-0.14607584541474],[-78.133923531108991,-0.145980337403348],[-78.133887083744597,-0.145867244628978],[-78.133890112316337,-0.145799233295337],[-78.133880227480105,-0.145647164910117],[-78.133835400555398,-0.145268906682364],[-78.133816419427177,-0.145226879595575],[-78.133705582170776,-0.145092398670172],[-78.133657733756294,-0.144845577809052],[-78.133667560890387,-0.144487945934114],[-78.1336918221443,-0.14423729594492],[-78.133688009546134,-0.14408522689806],[-78.13367737493428,-0.144016452982416],[-78.133565773005344,-0.143833829682962],[-78.133508831138215,-0.143722267722475],[-78.133496684687245,-0.143708514102776],[-78.133433681121275,-0.143690945534832],[-78.133264402720968,-0.143610727507113],[-78.133201399166808,-0.14359315894755],[-78.133024536545378,-0.143567961912523],[-78.132851461352828,-0.143473989350568],[-78.132752784273933,-0.143474000799],[-78.132782376720982,-0.14338076891039],[-78.132761115929711,-0.143317345463598],[-78.132758830444232,-0.143244749802206],[-78.132766408189539,-0.143133180443698],[-78.132749703554083,-0.143085803992742],[-78.132750457782493,-0.143043774684466],[-78.132724627098682,-0.142845094107646],[-78.13272689881164,-0.142797715449779],[-78.132703356604068,-0.142697612237588],[-78.132622114192159,-0.142492824812283],[-78.132540108106951,-0.142248300795096],[-78.132505124019332,-0.141664480935424],[-78.132487645100042,-0.141486431970425],[-78.132487627777493,-0.14133741931581],[-78.132502025255718,-0.141126507394109],[-78.132406330304903,-0.140662669071504],[-78.132410118070027,-0.140598478559599],[-78.132361526181654,-0.140492265052671],[-78.132331909652137,-0.140377643461005],[-78.132317478313283,-0.140298171769287],[-78.132315949453542,-0.140206471868274],[-78.132257474935898,-0.139973407787882],[-78.132202024895321,-0.139641001624258],[-78.132205813863763,-0.139587509462266],[-78.132193668370718,-0.139582161741698],[-78.132211112378542,-0.139461421227489],[-78.132217171106007,-0.139345267075315],[-78.132261928748576,-0.13912059652905],[-78.13231425325084,-0.138696477377057],[-78.132379513031822,-0.138537522713534],[-78.132456922109412,-0.138416010772817],[-78.13249107509165,-0.138378562452622],[-78.132534339539646,-0.138364802224591],[-78.132607963428669,-0.13832811330995],[-78.132644395392859,-0.13830594805868],[-78.132651984571126,-0.138294484629974],[-78.132696757401291,-0.138198958280035],[-78.132772632411061,-0.137943717125339],[-78.132762001731905,-0.137910859201187],[-78.132689876988238,-0.137788601104588],[-78.132635976932036,-0.137728238389187],[-78.132619269523289,-0.13765946533143],[-78.13260103714812,-0.13753337989434],[-78.132575956337632,-0.137265924298885],[-78.132585804796335,-0.137105447919424],[-78.132603245976782,-0.136963310633902]]}},
{"type":"Feature","properties":{"capa_cad":"ACAD-TOP-BASE PRESA POROTOG-Model|C3D-Superficie_ConMen","color":"#B8A15C"},"geometry":{"type":"LineString","coordinates":[[-78.137933131224699,-0.148338876756349],[-78.137933131224699,-0.148338876756349]]}},
{"type":"Feature","properties":{"capa_cad":"ACAD-TOP-BASE PRESA POROTOG-Model|C3D-Superficie_ConMen","color":"#B8A15C"},"geometry":{"type":"LineString","coordinates":[[-78.137933131224699,-0.148338876756349],[-78.137834439240194,-0.148208214555915],[-78.137675026510749,-0.148112711053782],[-78.137646935618676,-0.148060750581011],[-78.137645411325934,-0.148004966274037],[-78.137591503486746,-0.147872006589474],[-78.13750344303962,-0.147784136838173],[-78.13746245129434,-0.147760452152162],[-78.137303800442083,-0.147690166288659],[-78.137227127565993,-0.147617578703419],[-78.137084417370474,-0.147551111930057],[-78.137068470539134,-0.147491508423615],[-78.137060878945277,-0.147482339232534],[-78.137017607998985,-0.147440314730409],[-78.136904498250246,-0.147348627027716],[-78.136764062956573,-0.14726152744893],[-78.136578842453545,-0.147166791246407],[-78.136496845032696,-0.146994098050721],[-78.136372315622793,-0.146599800373285],[-78.136309288562018,-0.146373613191881],[-78.136352514139986,-0.146011391669739],[-78.136373006872404,-0.145995341763035],[-78.136435236303015,-0.145877652472723],[-78.136456480004171,-0.145789770484039],[-78.136490628614922,-0.145710292889728],[-78.136475435241607,-0.145601782464119],[-78.136473896686866,-0.145420674315291],[-78.136489799896864,-0.145093607667499],[-78.136457874009594,-0.144692422009786],[-78.136470751917585,-0.144463169483911],[-78.136473012299049,-0.144315684384977],[-78.136468452995359,-0.144272127213107],[-78.136513212780898,-0.144056626055224],[-78.136520027189889,-0.143906847912022],[-78.136516972527843,-0.143745608358504],[-78.136483550664138,-0.143541578802401],[-78.136573109398626,-0.143454452998011],[-78.136654325956158,-0.143432282622462],[-78.136725670832249,-0.143375725726786],[-78.136825107312603,-0.143375714164228],[-78.136939727137587,-0.143394805097108],[-78.13701183450631,-0.143368050745143],[-78.137071043692188,-0.143391733146161],[-78.137483249976157,-0.143724099520248],[-78.137554606638645,-0.143769941494731],[-78.137657088952054,-0.143853224242428],[-78.137556123529734,-0.143759242926569],[-78.137509811305549,-0.143674425334141],[-78.137503734469149,-0.143636217497393],[-78.137433875944907,-0.143416144418536],[-78.137434620267015,-0.143287763638751],[-78.13726002712778,-0.143201432672117],[-78.137222071447468,-0.143176983631427],[-78.137308586858552,-0.143027960266184],[-78.137269843950207,-0.142758976703632],[-78.137269827378802,-0.142615312617191],[-78.137455017455039,-0.142442588352154],[-78.137531663798356,-0.142282867664893],[-78.137568096705309,-0.14226681580366],[-78.137649319054177,-0.142294316430699],[-78.137656150573051,-0.142294315629577],[-78.137665258026999,-0.142283616168261],[-78.137699407838625,-0.14221636511767],[-78.137735838006549,-0.142176623951113],[-78.137816262507144,-0.141869417748865],[-78.137802590150955,-0.141789181398092],[-78.137727423365945,-0.141616487602699],[-78.13768946061505,-0.141531669100115],[-78.137605947995226,-0.141391835673154],[-78.137410083269188,-0.141152673342694],[-78.137281779992591,-0.140959353330684],[-78.137191443149618,-0.140882182795007],[-78.137107935678941,-0.140786671367764],[-78.137063898107641,-0.140681985224493],[-78.136972037331333,-0.140555143824194],[-78.136899146880467,-0.140376336599252],[-78.136835360063571,-0.140154734770956],[-78.136820922705141,-0.140024827525508],[-78.136830777316348,-0.139913257473651],[-78.136812525362586,-0.139619818226559],[-78.136801892702934,-0.139570148423944],[-78.136802639308101,-0.139464692823407],[-78.13681096355036,-0.139249959950935],[-78.136815517530678,-0.139246902723353],[-78.136813232220732,-0.139178127663324],[-78.136807916469792,-0.139158259871309],[-78.136821572890014,-0.139102473794641],[-78.13681016683978,-0.138932065169826],[-78.13681167008545,-0.138806741047209],[-78.136854936878194,-0.138811320864715],[-78.136858731346919,-0.138804442874572],[-78.136851121536097,-0.138642439664341],[-78.136854144954555,-0.138534691272883],[-78.136833625585965,-0.138326075229038],[-78.136740974518645,-0.137939416226464],[-78.136754589462456,-0.13753746097939],[-78.136752293606875,-0.137381570509033],[-78.136801611122252,-0.137205041158632],[-78.136788684382054,-0.137015528481765],[-78.136790955211296,-0.136962800449839]]}},
{"type":"Feature","properties":{"capa_cad":"ACAD-TOP-BASE PRESA POROTOG-Model|C3D-Superficie_ConMen","color":"#B8A15C"},"geometry":{"type":"LineString","coordinates":[[-78.137469346856051,-0.148338928682307],[-78.137394952784447,-0.148280860032657],[-78.137334985371425,-0.148264054992936],[-78.137288682602986,-0.148261767667199],[-78.137199868980971,-0.148226625765997],[-78.137111058913405,-0.148223579033548],[-78.137095118959664,-0.148225873331081],[-78.137081456938745,-0.148235044908312],[-78.136960019231935,-0.148338985696022]]}},
{"type":"Feature","properties":{"capa_cad":"ACAD-TOP-BASE PRESA POROTOG-Model|C3D-Superficie_ConMen","color":"#B8A15C"},"geometry":{"type":"LineString","coordinates":[[-78.135466195264826,-0.148339152845071],[-78.13530222120508,-0.148177167282679],[-78.135109403944611,-0.148023590861405],[-78.134930248353172,-0.147857786251297],[-78.134883183494878,-0.147827224771615],[-78.134655434856469,-0.147539922827544],[-78.134547625924512,-0.147332845199879],[-78.134484602869918,-0.147140281762839],[-78.134420824822342,-0.146984398533034],[-78.134384366531677,-0.146772727911479],[-78.134190014819595,-0.146473195813255],[-78.13407158916462,-0.146357055630607],[-78.134039701131897,-0.146288284085197],[-78.134004772160779,-0.146177483622425],[-78.134014636279531,-0.146145387424208],[-78.13401690615548,-0.146080432843978],[-78.133909869229953,-0.145990273148444],[-78.133855957495058,-0.145822926409705],[-78.13385973935641,-0.14570371570977],[-78.133821740237465,-0.14529259746558],[-78.133688127705895,-0.145126024075154],[-78.133642557849711,-0.14489142964666],[-78.13363344780393,-0.144879204000761],[-78.13362661223907,-0.144843288878645],[-78.133637226188156,-0.14473019075998],[-78.133643274775054,-0.144520043797309],[-78.133671326613523,-0.144228128290665],[-78.133666757659313,-0.144099748550043],[-78.133643977122318,-0.144021806020257],[-78.133566541394501,-0.143915595590776],[-78.133480751345132,-0.143768121063183],[-78.13345114733076,-0.143760482809851],[-78.133250746026732,-0.143665749184874],[-78.133014675827567,-0.143629096481673],[-78.13288107409771,-0.143558044365487],[-78.132802891486023,-0.143558053430528],[-78.132754306755857,-0.143512209004767],[-78.132739881398521,-0.14348317230761],[-78.132764161602907,-0.143399875216534],[-78.132729233542491,-0.14329900914374],[-78.132733012864819,-0.143159930195327],[-78.132720863872962,-0.14312401572976],[-78.132722375490147,-0.143067467149531],[-78.132689708400321,-0.142825993987953],[-78.132690462619308,-0.142783964681717],[-78.132674514298344,-0.142712898955306],[-78.132595549671009,-0.142513460440619],[-78.132526451485603,-0.142303322453768],[-78.132491483902868,-0.141861637747352],[-78.132464104118498,-0.141397791317788],[-78.132466368304605,-0.14128622260245],[-78.132478495199663,-0.1411318593446],[-78.132458750352868,-0.141050859926009],[-78.132418492401456,-0.140810151943404],[-78.132384317111018,-0.140657322507729],[-78.13238659096767,-0.140629048044421],[-78.132363813536685,-0.140579379863476],[-78.132319008866276,-0.14040439085013],[-78.132299260837698,-0.140296645598704],[-78.132296972744669,-0.140203417454724],[-78.132265077950322,-0.140079626140186],[-78.132229390657415,-0.139979524470423],[-78.1321785005225,-0.139694496140704],[-78.132186837515718,-0.139587511728299],[-78.132168619141467,-0.139578343896733],[-78.132196693507851,-0.13948816880555],[-78.132190620265604,-0.139481292025857],[-78.132196675477573,-0.139335335352573],[-78.132236883672263,-0.13915193038954],[-78.132237636402195,-0.13909843858813],[-78.132286169976098,-0.138710999932111],[-78.13229830931067,-0.138664384265093],[-78.132366602760897,-0.13848403254989],[-78.132410619722009,-0.138415252182745],[-78.132478925501758,-0.138338827208288],[-78.132566972141859,-0.138308249895325],[-78.132632246253209,-0.138270033647617],[-78.132664877306794,-0.13820049046176],[-78.132740751677119,-0.137939900141011],[-78.132695957905369,-0.137859667956645],[-78.132613969472743,-0.137771034436801],[-78.132588907997288,-0.137664818181844],[-78.13257751332479,-0.137590695311308],[-78.132547871336257,-0.137265927710445],[-78.132572883812813,-0.136963314330191]]}},
{"type":"Feature","properties":{"capa_cad":"ACAD-TOP-BASE PRESA POROTOG-Model|C3D-Superficie_ConMen","color":"#B8A15C"},"geometry":{"type":"LineString","coordinates":[[-78.137946034536043,-0.148332761942478],[-78.137946034536043,-0.148332761942478]]}},
{"type":"Feature","properties":{"capa_cad":"ACAD-TOP-BASE PRESA POROTOG-Model|C3D-Superficie_ConMen","color":"#B8A15C"},"geometry":{"type":"LineString","coordinates":[[-78.137946034536043,-0.148332761942478],[-78.137843546837246,-0.148198279311286],[-78.137693243138457,-0.148105831471939],[-78.137668947957877,-0.148057691427345],[-78.137668940510963,-0.147990444384824],[-78.137632495404134,-0.147897219623767],[-78.137595291996334,-0.147810872491929],[-78.137557334698812,-0.147771139873718],[-78.137299241854237,-0.147651958266599],[-78.137199035730276,-0.14755721238587],[-78.13710566673268,-0.147512901008367],[-78.137092758083298,-0.14747087308181],[-78.137010011559639,-0.147387587821817],[-78.136924989480931,-0.147318822068916],[-78.136746598937862,-0.147210330008008],[-78.136612238070754,-0.147140805686562],[-78.136558332405684,-0.147027714586017],[-78.136475564637522,-0.146754151031228],[-78.136374578247327,-0.146469891203183],[-78.136343444666124,-0.146360618419864],[-78.136362403170651,-0.146200904720589],[-78.136372254258347,-0.146052654604646],[-78.136410960406465,-0.14600145079862],[-78.136461806306727,-0.145904395396783],[-78.136473186485162,-0.145853958869306],[-78.136520235540502,-0.145743148825735],[-78.13649972394461,-0.145591845475506],[-78.13649666925923,-0.145428313410116],[-78.136512578526606,-0.145154738667276],[-78.136498131255365,-0.144932366806996],[-78.136475333621007,-0.144703882552235],[-78.136491999424692,-0.14440967512267],[-78.13649350901224,-0.144334786272804],[-78.136485909302081,-0.144254549283698],[-78.136527634863043,-0.144056624387016],[-78.136535971838271,-0.143945818745224],[-78.136532913160835,-0.143749427361213],[-78.13650176986873,-0.143557624260221],[-78.136576148780307,-0.143481962772613],[-78.136702147864057,-0.143443739618789],[-78.136762866908555,-0.143395589830525],[-78.136847122249137,-0.143395580034615],[-78.136944283409406,-0.143411616317531],[-78.137011077202686,-0.143383334243394],[-78.137026258523335,-0.143384860819075],[-78.137055863072305,-0.143396319934601],[-78.137096855673107,-0.14342688199079],[-78.137480974814991,-0.143741675713121],[-78.137656330156503,-0.143855516843195],[-78.137684431798817,-0.143999941897755],[-78.137661643473081,-0.143854752056448],[-78.137534857493918,-0.143650733130837],[-78.137496132598301,-0.143537640342235],[-78.137465758378411,-0.14343371664012],[-78.137468778734288,-0.143295401371274],[-78.137279002948773,-0.143196081267452],[-78.137288867885275,-0.143171626656322],[-78.137355652377195,-0.143062342461137],[-78.137323755253576,-0.142917153743155],[-78.13730856001898,-0.142794888203145],[-78.137306272714611,-0.142707008839013],[-78.137308548212275,-0.142692489329558],[-78.137318414548602,-0.142680261444682],[-78.137425430541214,-0.142583963413355],[-78.137461096360838,-0.142498372109358],[-78.137527889805583,-0.142467033283854],[-78.137551418559553,-0.14244945459827],[-78.13758253656485,-0.142420412459501],[-78.137603784965506,-0.142375323886588],[-78.137664506483759,-0.142348570786983],[-78.137684242071501,-0.142349332644491],[-78.137735847207765,-0.142256097733631],[-78.137754062204579,-0.142235462979662],[-78.137842832987758,-0.141899217294476],[-78.137837512930489,-0.14184190509041],[-78.137818527345402,-0.141763197706201],[-78.137736527347286,-0.141575985466781],[-78.137637071226095,-0.141407879588236],[-78.13741539444203,-0.141133568445039],[-78.137298478451001,-0.140952473816814],[-78.137265834608442,-0.140915033319524],[-78.137196754138373,-0.140861549558563],[-78.137131466632383,-0.140788196918856],[-78.137079077551874,-0.140667464182723],[-78.136983421576517,-0.140541387403241],[-78.136924957690738,-0.140400786984246],[-78.136904453015589,-0.140314438162673],[-78.136855855412023,-0.140161609863322],[-78.136841419941575,-0.140047750193568],[-78.136848999362869,-0.139952992160195],[-78.136843667334489,-0.139794809523761],[-78.136831505303846,-0.139649618602103],[-78.136822392202021,-0.139612175342802],[-78.136818582122558,-0.139486851855815],[-78.136834493684447,-0.139244607936707],[-78.136827650775459,-0.139148323288355],[-78.136835237183021,-0.139113170539904],[-78.136824588016296,-0.138924421732715],[-78.136847360723053,-0.138932824869959],[-78.136869373195182,-0.138931293883474],[-78.136870890312338,-0.138922887826524],[-78.13685720098313,-0.138701280053561],[-78.136873120652567,-0.138528575622221],[-78.136848807089692,-0.138329130077915],[-78.136752360919886,-0.137943999870088],[-78.136748558423307,-0.137883630873857],[-78.136758374033178,-0.137448052589795],[-78.136770509689356,-0.137370869909995],[-78.13681982839671,-0.137204274771117],[-78.136806900277648,-0.137003299535754],[-78.136809172577173,-0.136962798228807]]}},
{"type":"Feature","properties":{"capa_cad":"ACAD-TOP-BASE PRESA POROTOG-Model|C3D-Superficie_ConMen","color":"#B8A15C"},"geometry":{"type":"LineString","coordinates":[[-78.137429116796966,-0.148338933186055],[-78.137364591575349,-0.148290797652705],[-78.137328155710534,-0.148280867513735],[-78.137300829551549,-0.148280106403409],[-78.137246934013007,-0.148257951490118],[-78.137143701595548,-0.148252613858968],[-78.137094363449506,-0.148257968579299],[-78.136997972102179,-0.148338981448018]]}},
{"type":"Feature","properties":{"capa_cad":"ACAD-TOP-BASE PRESA POROTOG-Model|C3D-Superficie_ConMen","color":"#B8A15C"},"geometry":{"type":"LineString","coordinates":[[-78.135425206220205,-0.148339157430039],[-78.135328036463449,-0.14824364712713],[-78.135123073632158,-0.148083958698498],[-78.134937844498552,-0.147908220560027],[-78.134840678561204,-0.147847097939386],[-78.134658479307021,-0.147614046870739],[-78.134599261162947,-0.14750783405523],[-78.134518023430502,-0.147338961886794],[-78.134458037027002,-0.147150218955562],[-78.134412481087907,-0.147037127120369],[-78.134368426619773,-0.146775022221858],[-78.134196850423933,-0.146509875131374],[-78.134148264459427,-0.146452567997735],[-78.134066278687158,-0.146383037963511],[-78.134032112976186,-0.146309681665338],[-78.133982757412738,-0.146158381913571],[-78.13399489723885,-0.146113294592796],[-78.133995653034759,-0.146084256104556],[-78.133922777375489,-0.146027715931954],[-78.133896207350972,-0.146000208893293],[-78.133824831158819,-0.145777844024461],[-78.13383012811353,-0.14563188726175],[-78.133802010497462,-0.145343034835098],[-78.133771641387469,-0.145281904843419],[-78.133669914185134,-0.145159649566062],[-78.13364105280489,-0.145006819224191],[-78.13360840824754,-0.144960972875471],[-78.133590179069316,-0.144856283922554],[-78.133586380676803,-0.144828774303311],[-78.133590929030106,-0.14477604617442],[-78.133650072463041,-0.144222781565508],[-78.133645507427076,-0.144128789397947],[-78.133608303888892,-0.144042442685137],[-78.133466336197159,-0.143828492014307],[-78.13325303009114,-0.143726118190901],[-78.132998742407779,-0.143687939249761],[-78.132910686837448,-0.143642099384742],[-78.132860589239513,-0.14364210518981],[-78.132759624071511,-0.143546595932371],[-78.132742163021959,-0.143522144592563],[-78.132730014478398,-0.143490050960944],[-78.13272849453277,-0.143474003617012],[-78.132745946484761,-0.14341898152205],[-78.132696591225553,-0.14327303123706],[-78.132699617189729,-0.143183623274923],[-78.132692024454229,-0.143164519967582],[-78.132693533617228,-0.143086574696127],[-78.132657828645208,-0.142830582710118],[-78.132654785482359,-0.142770213825944],[-78.132642634720185,-0.142719016015683],[-78.132592522702225,-0.142593698386027],[-78.132510516111253,-0.142344589362975],[-78.132475554827835,-0.141957160550498],[-78.132445902802104,-0.141535343602019],[-78.13244133338236,-0.141405435675279],[-78.132453446323638,-0.141131098134559],[-78.13239192274159,-0.140786465898246],[-78.132319019155034,-0.140492270094991],[-78.132283322584328,-0.14031269500606],[-78.132279514592227,-0.140204183697403],[-78.132224841360326,-0.140022318380571],[-78.132198268727436,-0.13997341483787],[-78.132154976777059,-0.139753339825564],[-78.132170138689844,-0.139590570391391],[-78.132160269818684,-0.139580637395557],[-78.132182274006112,-0.139509567212121],[-78.132170127431905,-0.139495049485517],[-78.132179987292417,-0.139428565755327],[-78.132179217418084,-0.139336865775701],[-78.132211080625254,-0.139192434346837],[-78.132212586990136,-0.139093092419181],[-78.132267189458432,-0.138675850516465],[-78.132353692578477,-0.138431306554822],[-78.132368871297203,-0.138411436374534],[-78.132466775910657,-0.138299091964797],[-78.1325692442133,-0.138265456239897],[-78.132615543424293,-0.138239468959512],[-78.132632997213221,-0.138202022643357],[-78.132708112710191,-0.137942960757084],[-78.132592720975111,-0.137813066223361],[-78.132556267665933,-0.137656416292607],[-78.132519027006737,-0.137263638711721],[-78.132547075974088,-0.136963317471996]]}},
{"type":"Feature","properties":{"capa_cad":"ACAD-TOP-BASE PRESA POROTOG-Model|C3D-Superficie_ConMen","color":"#B8A15C"},"geometry":{"type":"LineString","coordinates":[[-78.137347897625432,-0.148338942278307],[-78.137316014841048,-0.148317549067527],[-78.137158130274301,-0.148312217549902],[-78.137109550847072,-0.148314515500528],[-78.137075395961404,-0.148338972781891]]}},
{"type":"Feature","properties":{"capa_cad":"ACAD-TOP-BASE PRESA POROTOG-Model|C3D-Superficie_ConMen","color":"#B8A15C"},"geometry":{"type":"LineString","coordinates":[[-78.135331842290753,-0.148339167873276],[-78.135227842977201,-0.148261234236319],[-78.13511776961505,-0.148168782077854],[-78.134961387244857,-0.148016729934449],[-78.134864221310707,-0.147955607303396],[-78.134835374308082,-0.147929628791617],[-78.134751114954241,-0.147892193964188],[-78.134565111881969,-0.147581962278417],[-78.134456538983471,-0.147330562959041],[-78.134399590166439,-0.147154046395493],[-78.134338064907823,-0.146779610670594],[-78.134204448330735,-0.146575592771083],[-78.13418319264035,-0.146556490965311],[-78.134076151028381,-0.146424301943724],[-78.134037435609542,-0.146392211259749],[-78.134020733053362,-0.14636241058419],[-78.133940245941943,-0.146119414156872],[-78.133937208348542,-0.146107187807317],[-78.133944037616118,-0.146087318650871],[-78.133869642648463,-0.146020080295843],[-78.133770931532013,-0.145718245041228],[-78.133762578656032,-0.145689207597869],[-78.133767881369536,-0.145594450120069],[-78.133749650176838,-0.14547142110315],[-78.133636523966047,-0.145232249374517],[-78.133562884744563,-0.145135972614751],[-78.133505917382905,-0.144798216819229],[-78.133511217335368,-0.144679770146143],[-78.13356433201092,-0.144510882868026],[-78.133600735191266,-0.144234249782122],[-78.133577194042843,-0.144142552314325],[-78.133533916238946,-0.14404015877634],[-78.1334671080742,-0.143940824639646],[-78.13328112986828,-0.143855259328784],[-78.133275059261919,-0.143871307559141],[-78.133256108341257,-0.144094446803221],[-78.133246243241345,-0.144117372981928],[-78.13321892083907,-0.144148707023264]]}},
{"type":"Feature","properties":{"capa_cad":"ACAD-TOP-BASE PRESA POROTOG-Model|C3D-Superficie_ConMen","color":"#B8A15C"},"geometry":{"type":"LineString","coordinates":[[-78.13321892083907,-0.144148707023264],[-78.13321892083907,-0.144148707023264]]}},
{"type":"Feature","properties":{"capa_cad":"ACAD-TOP-BASE PRESA POROTOG-Model|C3D-Superficie_ConMen","color":"#B8A15C"},"geometry":{"type":"LineString","coordinates":[[-78.13321892083907,-0.144148707023264],[-78.133188555428461,-0.144120436314977],[-78.13315287976954,-0.144119676266418],[-78.133138456250094,-0.144106687077445],[-78.133138452679916,-0.144075356193715],[-78.132959283792204,-0.143794927310608],[-78.132768740503622,-0.143614605796808],[-78.13274065103279,-0.143575636502616],[-78.132704964371314,-0.143478591352577],[-78.132710275302699,-0.143457194043121],[-78.132707237860316,-0.14344649604893],[-78.132633585333295,-0.143234830179366],[-78.132635849170853,-0.143118676445834],[-78.132584949759789,-0.142746532777361],[-78.13245510497805,-0.142343067511151],[-78.132400371441733,-0.141637747394565],[-78.132396551942378,-0.141429130141233],[-78.132404107627394,-0.141129575624907],[-78.132394988470452,-0.141039404947423],[-78.132334226419601,-0.140716169329702],[-78.132300053265126,-0.140581679924055],[-78.132244609308344,-0.140299708760122],[-78.132242320229963,-0.140198074780378],[-78.13218385388339,-0.140034549935635],[-78.132178537185283,-0.140006276379683],[-78.132121600062533,-0.139937508107421],[-78.132107929098552,-0.139869498853473],[-78.132120053102838,-0.139692210612822],[-78.132154193965732,-0.139551599765737],[-78.132129141855131,-0.139523328570511],[-78.132149620178211,-0.139386540187366],[-78.132145059722433,-0.139334577360355],[-78.132160991553306,-0.139264272067201],[-78.132160213265081,-0.139101504535841],[-78.132216332211129,-0.138670507459405],[-78.132240613957663,-0.138603257817288],[-78.13228917108421,-0.138415266811458],[-78.13244019974465,-0.138221150089882],[-78.132488018149147,-0.138204332637282],[-78.13256315331229,-0.138110330967272],[-78.132593499266449,-0.137974305480881],[-78.132595773330536,-0.137948323509534],[-78.132547946358045,-0.137893309229552],[-78.132530478720653,-0.13781460208912],[-78.132503143284083,-0.137735131978149],[-78.132495544252791,-0.137664065322643],[-78.132465144607039,-0.137350760347059],[-78.132476504219738,-0.137132207073015],[-78.132493183136262,-0.136963324032747]]}},
{"type":"Feature","properties":{"capa_cad":"ACAD-TOP-BASE PRESA POROTOG-Model|C3D-Superficie_ConMen","color":"#B8A15C"},"geometry":{"type":"LineString","coordinates":[[-78.137960453852628,-0.14830754268011],[-78.137960453852628,-0.14830754268011]]}},
{"type":"Feature","properties":{"capa_cad":"ACAD-TOP-BASE PRESA POROTOG-Model|C3D-Superficie_ConMen","color":"#B8A15C"},"geometry":{"type":"LineString","coordinates":[[-78.137960453852628,-0.14830754268011],[-78.137861002888741,-0.148177644735544],[-78.137748654956539,-0.148111174453571],[-78.137731953822012,-0.148094364565063],[-78.137715250403389,-0.14805692206086],[-78.137715998797162,-0.147960636433556],[-78.13763475774617,-0.147763489457829],[-78.137616537729684,-0.147739802208625],[-78.137542144383517,-0.147688611128783],[-78.1372855699897,-0.147572486053552],[-78.136981913592351,-0.147272201246854],[-78.136679788278087,-0.1470880703061],[-78.136627393211796,-0.146907732048748],[-78.136509703483355,-0.146586793896151],[-78.136427705726319,-0.146411808242116],[-78.136397334623368,-0.146333102172425],[-78.136414010718511,-0.146126774348372],[-78.13644209179111,-0.146090855155557],[-78.136483828586762,-0.145989979942374],[-78.136517982198612,-0.145954824221749],[-78.136580208448478,-0.145808860616135],[-78.136546785220489,-0.145589547584779],[-78.13654297294444,-0.145439006492634],[-78.136554340579451,-0.145277765279197],[-78.13655205320903,-0.145187593457834],[-78.136537605423527,-0.144960636568374],[-78.136512532010826,-0.144744379289813],[-78.136518598999871,-0.144696235870555],[-78.136517066211255,-0.14456709128725],[-78.136532985803953,-0.144385981118655],[-78.136518548228381,-0.144249960492951],[-78.136556479638358,-0.144061970241887],[-78.136567087935873,-0.143899964930314],[-78.136564035020825,-0.143754008774111],[-78.136557956532187,-0.143701281734769],[-78.136544288608874,-0.143658489789129],[-78.136538966809965,-0.143585130068201],[-78.136580709865555,-0.143540803349615],[-78.136664203333964,-0.143516340204775],[-78.136746177379649,-0.143480414677613],[-78.136797791598084,-0.143465889443676],[-78.136836500006822,-0.143435318129963],[-78.136885838634669,-0.143434548224795],[-78.136953395952375,-0.143445238758811],[-78.13703005714099,-0.143413898857168],[-78.137045238637171,-0.143416953774307],[-78.137584979695617,-0.143863930992298],[-78.137643435872135,-0.143940341311171],[-78.137670018079532,-0.144073303977727],[-78.137686715691842,-0.144058782797418],[-78.137743647902283,-0.144083993852082],[-78.137825632511621,-0.144139768853238],[-78.13782866717321,-0.144126013423226],[-78.13782714722602,-0.144109966006852],[-78.137774768835129,-0.144080169396226],[-78.13772618154583,-0.14401369214203],[-78.137730713531482,-0.143818063843584],[-78.137642651730417,-0.143721024344389],[-78.137566731349082,-0.143593416614999],[-78.137531801822377,-0.143481087555006],[-78.137537859115895,-0.143348885291823],[-78.137534817972551,-0.143306092077452],[-78.137392106638387,-0.143231984120949],[-78.137450542475236,-0.143131106770825],[-78.137385230810992,-0.142846842858444],[-78.137393579386853,-0.142837671834363],[-78.137492988249463,-0.142597710583631],[-78.137607598357533,-0.142531978476182],[-78.137757878355941,-0.142415806890461],[-78.137795064232165,-0.142347027140237],[-78.137817070630149,-0.142292768415847],[-78.137821618520334,-0.142236983395569],[-78.137895974126025,-0.141960344731993],[-78.137894449183023,-0.141901503736378],[-78.137866347984314,-0.141763192075589],[-78.137854197821227,-0.141718107412728],[-78.137827623782428,-0.141657741029152],[-78.137695521778667,-0.141434618672143],[-78.137473085752816,-0.141158779258358],[-78.137326561252195,-0.140932602052096],[-78.137235462486785,-0.140830978144811],[-78.137222558422948,-0.140830215503765],[-78.137202821145308,-0.140814934430582],[-78.137164863453378,-0.140773673717295],[-78.137151955008633,-0.140735466717787],[-78.137108679262468,-0.14065446976995],[-78.137078312767059,-0.140618557357921],[-78.137000116444923,-0.140503941065553],[-78.136969745467127,-0.140429820137219],[-78.136908996410213,-0.14022120882818],[-78.13688621275432,-0.140119576873989],[-78.136881653200675,-0.140075255532666],[-78.136885443003379,-0.140028640684953],[-78.136874800285298,-0.139893383789624],[-78.136874780026105,-0.139721445447651],[-78.136851228161262,-0.139542632387533],[-78.136851224191304,-0.139509008890248],[-78.136857284460788,-0.139405845159864],[-78.136873224658459,-0.139405843250653],[-78.136884611597736,-0.139415011931908],[-78.136903583147003,-0.139373744456038],[-78.136899758387571,-0.139124625351921],[-78.136881515932487,-0.138912952333822],[-78.136886050685945,-0.13874789097634],[-78.136908040092848,-0.138552260696552],[-78.136914868697957,-0.138527806419223],[-78.136876128225708,-0.138287861576964],[-78.136834358407896,-0.138105994067294],[-78.136788036047577,-0.137939410529304],[-78.136778143370421,-0.137730793219738],[-78.13677812269799,-0.137558090721808],[-78.13680239099628,-0.137378507738271],[-78.13685626294648,-0.137202741995954],[-78.136843333723618,-0.136992596709539],[-78.136846366366697,-0.136962793694188]]}},
{"type":"Feature","properties":{"capa_cad":"ACAD-TOP-BASE PRESA POROTOG-Model|C3D-Superficie_ConMen","color":"#B8A15C"},"geometry":{"type":"LineString","coordinates":[[-78.135276431181779,-0.148339174071119],[-78.135104108968434,-0.148190180346032],[-78.135088927085718,-0.14818330452307],[-78.134973538142475,-0.148070984580803],[-78.13490066369252,-0.148025142602655],[-78.134853597486767,-0.147982354412023],[-78.134721516004291,-0.147930405734122],[-78.134707851222075,-0.147914359718976],[-78.134538548322368,-0.147612532020169],[-78.134520322248562,-0.14753382468004],[-78.134402637446243,-0.14725338798959],[-78.134372264589047,-0.147157870322921],[-78.134378333034491,-0.147121953707443],[-78.134376053399237,-0.14709979307143],[-78.134322124996572,-0.146781904980767],[-78.134209006509153,-0.146609979842489],[-78.134183955199973,-0.146587821791747],[-78.1340359189536,-0.146405202296532],[-78.134017699998779,-0.146390685162884],[-78.133997199940339,-0.146341016538451],[-78.133916711968666,-0.146090378433417],[-78.133855980769667,-0.146030016039956],[-78.133732970944152,-0.145648710056322],[-78.133733724059667,-0.145595982357301],[-78.133726886793596,-0.145544783861925],[-78.133674499582028,-0.145434749616282],[-78.133627424281556,-0.145311723912838],[-78.133543159246713,-0.145223854215493],[-78.133537085425189,-0.145211628220243],[-78.133460375991305,-0.144815033749908],[-78.133461126036266,-0.144735560179021],[-78.133533969985095,-0.14451241470025],[-78.133564306900709,-0.14429003826343],[-78.133528611389977,-0.14411504786983],[-78.133502795595831,-0.14404551154948],[-78.133467873492506,-0.143996608824441],[-78.133448136496099,-0.143982856079752],[-78.133410941673432,-0.143972926194295],[-78.133315295706836,-0.143928615506001],[-78.13330239561104,-0.143962240390508],[-78.133293300719671,-0.144082979987576],[-78.133265987717493,-0.144196844173105],[-78.133246255686259,-0.144226649001392],[-78.133235629180433,-0.144228942731361],[-78.133161992865439,-0.144158647778167],[-78.133133907754257,-0.144157886852178],[-78.133119484409562,-0.144146425998703],[-78.133092154785047,-0.14411433410291],[-78.133102019970806,-0.144092172095238],[-78.132991178651395,-0.143922539642722],[-78.132924366758985,-0.143790346345434],[-78.132774057728966,-0.143648228557673],[-78.132733062324078,-0.14359168490267],[-78.132631314215473,-0.143287558005329],[-78.132605499972826,-0.143231776773301],[-78.132607767054978,-0.143143897241606],[-78.132566744325828,-0.142849697516524],[-78.132564457932602,-0.142769460193331],[-78.132541681907341,-0.142731254474401],[-78.132447523343302,-0.142420249309876],[-78.132426259596173,-0.142331608374599],[-78.132376844310912,-0.14166831685757],[-78.132374539994984,-0.141434481906015],[-78.132383614590822,-0.141141804722819],[-78.132376773666138,-0.14106080378646],[-78.132307656670633,-0.140691719121047],[-78.132225632690393,-0.140297418512446],[-78.13222638126183,-0.140208010850002],[-78.132173229640912,-0.140055947883385],[-78.132164875381534,-0.140016212180339],[-78.132085163321435,-0.139919172434282],[-78.132097286703811,-0.139736535027347],[-78.132139774463255,-0.139572998170691],[-78.132109407625492,-0.139533265101919],[-78.132130645364029,-0.139399533299448],[-78.132128360356816,-0.139333051023691],[-78.132135946565256,-0.13929637008885],[-78.132135164035475,-0.139097686701549],[-78.132193559053206,-0.138657519353558],[-78.132257289729125,-0.138406100643711],[-78.132410595273171,-0.138209691149648],[-78.132439429773044,-0.138129450089998],[-78.132495588119468,-0.138031629874091],[-78.132532017249858,-0.137985775423446],[-78.132538085946749,-0.137954443822378],[-78.13252821660312,-0.137940690000235],[-78.132480379509929,-0.137800853136069],[-78.132438583664495,-0.137400434454954],[-78.132455243830236,-0.137074897099155],[-78.132469652461381,-0.136963326897274]]}},
{"type":"Feature","properties":{"capa_cad":"ACAD-TOP-BASE PRESA POROTOG-Model|C3D-Superficie_ConMen","color":"#B8A15C"},"geometry":{"type":"LineString","coordinates":[[-78.137968043082026,-0.148295315091736],[-78.137870110485707,-0.148167709490427],[-78.137763076295798,-0.148104295296923],[-78.137750170365905,-0.148086720811545],[-78.137738781451915,-0.148059211933414],[-78.137738009274443,-0.147940765516052],[-78.137666638853517,-0.1477695992399],[-78.137628680703926,-0.147722224911562],[-78.137560359648646,-0.147669504807229],[-78.137495835581646,-0.147632067698142],[-78.137281011398088,-0.147534278032568],[-78.137167899674139,-0.147425014376823],[-78.136960652069874,-0.147201135792625],[-78.136740509614285,-0.147059024971305],[-78.136713176564726,-0.146996366095981],[-78.136684320875958,-0.146893206370721],[-78.13662358904935,-0.146828258773685],[-78.136532473740331,-0.146573800419777],[-78.136421624274575,-0.146331571071314],[-78.136434509719365,-0.146166508860844],[-78.136454242368586,-0.146141289000613],[-78.136471696472952,-0.146103842676612],[-78.136502050164808,-0.146027422203734],[-78.136504324844324,-0.146005261009721],[-78.136550623971416,-0.145975453095826],[-78.136609815287812,-0.145840952386946],[-78.136570318229474,-0.145609413319851],[-78.136565747243878,-0.145461928992187],[-78.136574839611555,-0.145317499781154],[-78.136569508580351,-0.145161609668892],[-78.136555062521893,-0.144949936180132],[-78.136530750853112,-0.144757368086573],[-78.136544406416562,-0.144691647878715],[-78.136533775886136,-0.144658789784373],[-78.136537554145576,-0.144509011992136],[-78.136551201605457,-0.14437222395328],[-78.136535247046183,-0.144246137713261],[-78.136544348325486,-0.144181182195472],[-78.136570902069892,-0.144065025254519],[-78.136582266805107,-0.143880094746704],[-78.136579975741853,-0.14375859194727],[-78.136574656834981,-0.14371044984036],[-78.136559470447921,-0.143664601389322],[-78.136555668601076,-0.143607289065213],[-78.136559462660685,-0.143596590241966],[-78.136582231306335,-0.143569841641328],[-78.136694567980072,-0.143536969275833],[-78.136811456991722,-0.143486520455829],[-78.136845613511809,-0.143477346442557],[-78.1368736960859,-0.143455182237419],[-78.136908612628645,-0.143454414009117],[-78.13695795231115,-0.143462814150111],[-78.137033095386059,-0.143431474425975],[-78.13754626819258,-0.143867756332798],[-78.137635850446628,-0.143985428274476],[-78.137656356872554,-0.144089353148196],[-78.137668500487521,-0.144077889179032],[-78.137707214263855,-0.144093932290165],[-78.137849165222875,-0.144156577895069],[-78.137905339950933,-0.144195544125373],[-78.137908374003104,-0.144176439496834],[-78.137906093429024,-0.144146637087288],[-78.137884079355416,-0.144134412895766],[-78.13786509863516,-0.144096970708138],[-78.137764129545658,-0.143970894172278],[-78.137766387060978,-0.143798955432389],[-78.137632775930811,-0.14365072176496],[-78.137582668232056,-0.143564376270436],[-78.137565203073976,-0.143504772970333],[-78.137568217209662,-0.143312201557626],[-78.137449038059785,-0.143250317591362],[-78.137497607997105,-0.143165488974035],[-78.137442169894229,-0.142931659168073],[-78.137436090657303,-0.142872818726369],[-78.137448985213339,-0.142791050944978],[-78.137508175133448,-0.142647379911623],[-78.137650108939127,-0.14256101199555],[-78.137795075630081,-0.142445605202502],[-78.137858819515174,-0.142298876888194],[-78.137867916089988,-0.142194184382809],[-78.137917993006681,-0.142013834121427],[-78.137924057669309,-0.141946586349873],[-78.137876209430942,-0.141708934767012],[-78.137728922629421,-0.14145448317571],[-78.137630231606039,-0.141338340841398],[-78.137512559774564,-0.141184756398947],[-78.137350851356842,-0.140934891687084],[-78.137222553864191,-0.140791242801046],[-78.13720661366068,-0.140791244691092],[-78.137182320966161,-0.140766794111469],[-78.137123100723599,-0.140649118864221],[-78.137013019072867,-0.140492476974862],[-78.136995556546836,-0.140456563036324],[-78.136940883898504,-0.140281574498283],[-78.136905189091365,-0.140118810442566],[-78.136890733103129,-0.139830719912841],[-78.136899840527505,-0.139820020439289],[-78.136905150865573,-0.139794038010222],[-78.136935515760115,-0.139816195326937],[-78.13693703270377,-0.139806260929799],[-78.136904358635562,-0.139512823383129],[-78.136906589991497,-0.139125388702423],[-78.136898974516157,-0.138915242746476],[-78.136905025659757,-0.138735661965604],[-78.136920949332321,-0.13859658102684],[-78.136938399102789,-0.138524746900832],[-78.136903459103024,-0.138328359309873],[-78.136849537359225,-0.138087652142246],[-78.136805493992071,-0.137936351734346],[-78.1367948434455,-0.137737668728297],[-78.136795580091871,-0.137550446898908],[-78.136816058053071,-0.1374121295738],[-78.136822884800253,-0.137372391884111],[-78.136874480221806,-0.137201975608324],[-78.136862311250127,-0.137001764441239],[-78.13686610184736,-0.136962791288032]]}},
{"type":"Feature","properties":{"capa_cad":"ACAD-TOP-BASE PRESA POROTOG-Model|C3D-Superficie_ConMen","color":"#B8A15C"},"geometry":{"type":"LineString","coordinates":[[-78.135236960256478,-0.148339178485923],[-78.135083616478653,-0.1482085227017],[-78.135057807219667,-0.148196298884109],[-78.1349849298972,-0.148124475144213],[-78.134937865212052,-0.148095441990349],[-78.134876375252915,-0.148037372030746],[-78.134696471219826,-0.147967088653386],[-78.134683566086252,-0.14795639173552],[-78.134494517153257,-0.147559045154641],[-78.134472495967927,-0.147481866583194],[-78.13435101383925,-0.147183090288751],[-78.134346456868258,-0.147159401572701],[-78.134357076668266,-0.147096738538988],[-78.134354796266308,-0.147067700385035],[-78.13430694422641,-0.146784963373631],[-78.134214323656636,-0.146643602659536],[-78.134173330388663,-0.146605398873766],[-78.134000241811165,-0.146391451312979],[-78.13391064295709,-0.146120945860823],[-78.133889385464073,-0.146085796531792],[-78.133843077946182,-0.146039951697432],[-78.133706400313116,-0.14561585385294],[-78.133621361329219,-0.145395783111948],[-78.133556074660632,-0.145325487105234],[-78.133532537656123,-0.145269705522002],[-78.133492300662894,-0.145207048340227],[-78.133412553365943,-0.144795935040928],[-78.133414828018502,-0.144773773904952],[-78.133416346648104,-0.144778358739021],[-78.133506642530421,-0.144499426988066],[-78.133527879303813,-0.144351940086342],[-78.13346712071116,-0.144051629016605],[-78.133434478823716,-0.144029471912981],[-78.13339728435038,-0.144022598698366],[-78.133348702574267,-0.144002735943327],[-78.133329731344062,-0.144047824050023],[-78.133328216283047,-0.14407457010625],[-78.133334290115116,-0.144086796093228],[-78.133276625530996,-0.144293892281285],[-78.133259928586043,-0.144313762574429]]}},
{"type":"Feature","properties":{"capa_cad":"ACAD-TOP-BASE PRESA POROTOG-Model|C3D-Superficie_ConMen","color":"#B8A15C"},"geometry":{"type":"LineString","coordinates":[[-78.133259928586043,-0.144313762574429],[-78.133259928586043,-0.144313762574429]]}},
{"type":"Feature","properties":{"capa_cad":"ACAD-TOP-BASE PRESA POROTOG-Model|C3D-Superficie_ConMen","color":"#B8A15C"},"geometry":{"type":"LineString","coordinates":[[-78.133259928586043,-0.144313762574429],[-78.133135430301692,-0.144196859239521],[-78.133108103810784,-0.144192277385611],[-78.133072423455118,-0.144150252270746],[-78.133057997934912,-0.1441196872219],[-78.13306558734962,-0.144109752163469],[-78.133010925749261,-0.14402493584721],[-78.132938798217666,-0.143872874794395],[-78.132894004926641,-0.143793406530643],[-78.13278241169516,-0.143686435973073],[-78.132729269498896,-0.14361308203598],[-78.13260170916972,-0.143270749758702],[-78.132577414525414,-0.143227959199836],[-78.132578925183495,-0.143163004784188],[-78.132548537916776,-0.142944456409855],[-78.132543206347648,-0.142786274357022],[-78.13250904407009,-0.142744249129168],[-78.132504488161516,-0.142730494645965],[-78.13240804767689,-0.142378224717898],[-78.132397414214935,-0.142320149238592],[-78.132354073131154,-0.141672140372112],[-78.132351771036397,-0.141457409609442],[-78.132362368462267,-0.141205233124013],[-78.132357040219233,-0.141077617799869],[-78.132280327867832,-0.140667269003448],[-78.132210456984154,-0.140343270352215],[-78.132205138143988,-0.140296656779696],[-78.132208163966894,-0.140208013015455],[-78.132161845716212,-0.14007199675036],[-78.132152732044631,-0.140029204468991],[-78.132091999296108,-0.139957379980246],[-78.13206618481955,-0.139900834682424],[-78.132074520393331,-0.139781623607253],[-78.13210790446206,-0.139660117039305],[-78.13212079973701,-0.139586755446765],[-78.132088915332886,-0.139551607562742],[-78.132110153614164,-0.139422460766288],[-78.132104834827786,-0.139376611369341],[-78.132110143424939,-0.139336109871931],[-78.13211011489679,-0.139094633034602],[-78.132170031645984,-0.138685032203577],[-78.132170785442298,-0.138640710411966],[-78.132219342754169,-0.138454247753997],[-78.132230720662264,-0.138387763828925],[-78.1323642940703,-0.138218866743841],[-78.132434103648407,-0.138022467291828],[-78.132483431774702,-0.137935346241378],[-78.1324545769628,-0.137845177970222],[-78.132412021897167,-0.137443231053789],[-78.132431712972632,-0.137073371626473],[-78.132446121786998,-0.13696332976176]]}},
{"type":"Feature","properties":{"capa_cad":"ACAD-TOP-BASE PRESA POROTOG-Model|C3D-Superficie_ConMen","color":"#B8A15C"},"geometry":{"type":"LineString","coordinates":[[-78.137974873168815,-0.14828232341711],[-78.137974873168815,-0.14828232341711]]}},
{"type":"Feature","properties":{"capa_cad":"ACAD-TOP-BASE PRESA POROTOG-Model|C3D-Superficie_ConMen","color":"#B8A15C"},"geometry":{"type":"LineString","coordinates":[[-78.137974873168815,-0.14828232341711],[-78.137878459024648,-0.148157774330247],[-78.137784329579432,-0.148101236228821],[-78.137772182876347,-0.148085190000026],[-78.137762312416328,-0.148060737635039],[-78.137763057169124,-0.147931592650703],[-78.137699279104396,-0.147776473107857],[-78.137647655961928,-0.147711524383776],[-78.137501145844908,-0.147603792779451],[-78.137431308290743,-0.147565592103523],[-78.13727189803501,-0.147492249671715],[-78.137050227906698,-0.147264551831051],[-78.136991013087197,-0.147189669806623],[-78.136903711015236,-0.147095686702873],[-78.136801230867562,-0.147029215462907],[-78.136767065276274,-0.146957387313839],[-78.136735934118121,-0.146869511248811],[-78.136624339993048,-0.146755662515214],[-78.136559040309535,-0.146569976554518],[-78.136455024666887,-0.146348379017677],[-78.136445153326548,-0.146316284994289],[-78.136454249576502,-0.146205479290959],[-78.136472464198761,-0.146181023773841],[-78.136499782354647,-0.146110717009938],[-78.136511166578558,-0.146096196480413],[-78.13651723182052,-0.146032005495],[-78.136583265229277,-0.14599149694976],[-78.13663108522357,-0.145986142307724],[-78.136641700416533,-0.14588297811285],[-78.136594611588237,-0.14564074152222],[-78.136589279220047,-0.145472624682342],[-78.136595341492139,-0.145382451901726],[-78.136586964902776,-0.145144031751484],[-78.13657479965002,-0.144964453146647],[-78.13654821063858,-0.144770356971064],[-78.136552001932913,-0.144735204705727],[-78.136567178039726,-0.144690881087153],[-78.136551991343836,-0.144641975942611],[-78.136557284411438,-0.144463159505537],[-78.136566381005053,-0.144356938797464],[-78.136551945515833,-0.144239258252698],[-78.136585323978323,-0.144063495245944],[-78.136597446285577,-0.14386557375408],[-78.136592116719555,-0.143724202879479],[-78.136574650975035,-0.14365925043661],[-78.136573128311511,-0.143619513762131],[-78.136584512153433,-0.143601936525842],[-78.13672569168375,-0.143557598259789],[-78.136893435427496,-0.1434888034423],[-78.136910892165943,-0.143475046346096],[-78.136962508582073,-0.143479625371088],[-78.136996664317991,-0.143463573821771],[-78.137012604345159,-0.14346204362829],[-78.13710218020185,-0.143523931034159],[-78.137507556690849,-0.143871581672954],[-78.137628264932118,-0.144029751066249],[-78.137642695665519,-0.144105402318271],[-78.137651803398555,-0.144096995384386],[-78.137953164346371,-0.144228397955365],[-78.137982010987486,-0.144249791413625],[-78.137986564899435,-0.144245970031515],[-78.137984280840215,-0.144185600773734],[-78.137963780085343,-0.144131346992589],[-78.137802077370324,-0.143926567857554],[-78.137802060591213,-0.143779847019922],[-78.137625177737888,-0.143584239776819],[-78.137606197880828,-0.14355443931562],[-78.137598604326143,-0.143528458386984],[-78.137601616360001,-0.143317546867235],[-78.13750596948384,-0.143268651063481],[-78.13754467299313,-0.143195286154847],[-78.137499108007162,-0.143008069606962],[-78.137487708506768,-0.142889624458062],[-78.137513497968811,-0.142729145569657],[-78.137524121161277,-0.142697813323006],[-78.137684271034018,-0.142599980716374],[-78.137845936033145,-0.142476166087304],[-78.137877043620946,-0.142356951753859],[-78.137904362276018,-0.142292758178271],[-78.137915731332797,-0.14214756433269],[-78.137948356826229,-0.142026821462184],[-78.137947587664058,-0.141939706042806],[-78.137900499813071,-0.141713516932373],[-78.137889110748645,-0.141686008114331],[-78.137763841685242,-0.141475111672275],[-78.137655281932055,-0.141350564617815],[-78.137550515503833,-0.141209205379011],[-78.137360717316866,-0.140919607103556],[-78.137209645329847,-0.140752271628803],[-78.137206608027483,-0.140743101941341],[-78.137242281664214,-0.140725521784629],[-78.137202042948246,-0.140651402006173],[-78.137054003142566,-0.140449678554692],[-78.136994017628325,-0.140279275663425],[-78.136965913210361,-0.140114982354873],[-78.136959841651759,-0.140122624783104],[-78.136940103830995,-0.140102758702755],[-78.136951487531135,-0.140084417254929],[-78.136962114600337,-0.14008670849981],[-78.136950707612939,-0.139907129798758],[-78.136911191141721,-0.139521228440288],[-78.136927868275237,-0.1393340046829],[-78.136929360979281,-0.139119272605742],[-78.136920243242159,-0.139042856655081],[-78.136916433462616,-0.138920589840942],[-78.1369217272741,-0.138755528387065],[-78.136930066917259,-0.13867146863311],[-78.136937650585878,-0.138613390764716],[-78.136960410666774,-0.138515574201584],[-78.136926230813955,-0.138328356560825],[-78.136868513145615,-0.138082300654558],[-78.136823710628661,-0.137930236165907],[-78.136813063554087,-0.137760591630725],[-78.136816845581208,-0.137649786466902],[-78.136812279435915,-0.137551209041958],[-78.136840344026496,-0.137380031465764],[-78.136891939174561,-0.137207322676397],[-78.136884329598814,-0.137049140324026],[-78.136897982239915,-0.136962787401142]]}},
{"type":"Feature","properties":{"capa_cad":"ACAD-TOP-BASE PRESA POROTOG-Model|C3D-Superficie_ConMen","color":"#B8A15C"},"geometry":{"type":"LineString","coordinates":[[-78.135196730276348,-0.148339182985574],[-78.135063123988914,-0.148226865056687],[-78.135028964691429,-0.148210821327782],[-78.134894598427522,-0.148090097654741],[-78.134754925962696,-0.148034328968649],[-78.134676736866624,-0.147977025062804],[-78.134661553635652,-0.147957922542281],[-78.134488448439228,-0.147592669265062],[-78.134320650679427,-0.147174687858773],[-78.134335818854453,-0.147058532503577],[-78.134292522682657,-0.146789550017832],[-78.134221918396705,-0.146681046062096],[-78.134171815438819,-0.146633673283611],[-78.134026056794895,-0.14645487436841],[-78.133987338383761,-0.146396037788436],[-78.133902296264452,-0.146146928536387],[-78.133865095610034,-0.146085035126835],[-78.133831693747993,-0.14605447219209],[-78.133729185734438,-0.145738118179731],[-78.133703371149878,-0.145678515998139],[-78.13366313356903,-0.145610509615068],[-78.133610743006258,-0.145470672812108],[-78.133569749207084,-0.145427884078678],[-78.1335203978675,-0.145314792833209],[-78.133450552640213,-0.145207053121368],[-78.133387503255037,-0.144784475397645],[-78.133417842737316,-0.144584259871403],[-78.133430752569225,-0.144636221816801],[-78.133479315163129,-0.144487203444578],[-78.133491450227581,-0.144400851046971],[-78.133423098749702,-0.144079908322473],[-78.133414748362114,-0.144073031774219],[-78.133387422038297,-0.144069978258637],[-78.133371483628139,-0.144085263461098],[-78.133375279686206,-0.144092140535219],[-78.133288021956901,-0.144387119463827],[-78.133280432451443,-0.144396290354434],[-78.133108867737192,-0.144235070699073],[-78.133089890935366,-0.144231252048918],[-78.133062561052853,-0.144196867648359],[-78.132941082618501,-0.143936300455332],[-78.132865161465929,-0.143798759043098],[-78.132852255444973,-0.143780420511649],[-78.132783174155264,-0.143716238423779],[-78.132722439844116,-0.143629130347639],[-78.132695863763701,-0.143548895828339],[-78.132592602707945,-0.143289855005269],[-78.132574383477603,-0.14327304543623],[-78.132549329166338,-0.143224905794022],[-78.132550083312395,-0.143182112325763],[-78.132530331500078,-0.143039215300145],[-78.132523473750396,-0.142810730017868],[-78.132475646212015,-0.142748838029731],[-78.132467294504877,-0.142730498984961],[-78.132436919842121,-0.142621990752637],[-78.132371608050548,-0.142334671438768],[-78.132360202906995,-0.14216732011617],[-78.132354867076558,-0.14197322222666],[-78.132346514385148,-0.141946477348489],[-78.132342713805315,-0.141900627752117],[-78.132331301419896,-0.141671378882367],[-78.1323297590897,-0.141462761373422],[-78.132341868930297,-0.141161678002671],[-78.132338825325718,-0.141098252470208],[-78.132288696297479,-0.140828507320093],[-78.132190724356775,-0.14036696188083],[-78.132184643687523,-0.140296659214226],[-78.132189949360722,-0.140230940198701],[-78.132181593224757,-0.140175156981455],[-78.132142107174403,-0.140045253245596],[-78.132096557479628,-0.139990238627381],[-78.132047205778719,-0.139877911928194],[-78.132051753991604,-0.139825948018163],[-78.132066169902018,-0.139773982931076],[-78.132093473797994,-0.139586758709766],[-78.132069181553902,-0.139565364929156],[-78.132090419836473,-0.139436218135221],[-78.132081303527357,-0.13937126501317],[-78.132085854152805,-0.13933993361368],[-78.13208506621045,-0.139095400203717],[-78.132149537463448,-0.138687327168842],[-78.132146494721283,-0.138632307493138],[-78.132184430178654,-0.13848711115038],[-78.132201116016134,-0.138374776551668],[-78.132241338967376,-0.138316694990232],[-78.1323187520141,-0.138228806412982],[-78.1324318133654,-0.137912427457901],[-78.132403698167366,-0.137659491442291],[-78.132386972475288,-0.137437884920693],[-78.132408182298931,-0.137073374488643],[-78.132422591113126,-0.136963332626223]]}},
{"type":"Feature","properties":{"capa_cad":"ACAD-TOP-BASE PRESA POROTOG-Model|C3D-Superficie_ConMen","color":"#B8A15C"},"geometry":{"type":"LineString","coordinates":[[-78.137982462398014,-0.148270095828408],[-78.137887566621572,-0.148147839084795],[-78.137805582948033,-0.148098941331629],[-78.137796473068548,-0.148088243959077],[-78.137785843381209,-0.148062263336702],[-78.137787347276671,-0.147933882435465],[-78.137781271171221,-0.147901023763956],[-78.137728123388456,-0.147777234035132],[-78.137662835506745,-0.147697003427998],[-78.137495828704886,-0.147570169861581],[-78.137391072288892,-0.147512104681941],[-78.137268098498396,-0.147454041565941],[-78.137054778676287,-0.147232456154901],[-78.13698948986233,-0.147143819749165],[-78.136854361379847,-0.146997878468873],[-78.136745794604479,-0.146804555654619],[-78.136628886987012,-0.146689943358544],[-78.136578014340714,-0.146548577635603],[-78.136469442893016,-0.146313989722556],[-78.136474748575509,-0.146245213806198],[-78.136501309222908,-0.146188662192861],[-78.136520283074148,-0.14616573492837],[-78.1365308977674,-0.146057985724235],[-78.136588582151575,-0.14602282732292],[-78.136628052776018,-0.146019766144359],[-78.136672833106616,-0.145983845038408],[-78.136680418864302,-0.145941050637806],[-78.136658396490134,-0.145854701908308],[-78.136665225423073,-0.145831776020902],[-78.136649285051789,-0.145830249499447],[-78.136618904946744,-0.145672069725901],[-78.136602138689611,-0.145079075540971],[-78.136588458171843,-0.144924714725967],[-78.136565670424176,-0.14478334585594],[-78.136571736634124,-0.14472832490281],[-78.136589190606344,-0.144690114382922],[-78.136570206193639,-0.144619812908868],[-78.136582319374597,-0.144340889383405],[-78.136569401997448,-0.14422320866181],[-78.136599746410212,-0.144066550258654],[-78.136599741438445,-0.144022992556014],[-78.136606569112544,-0.143989368275612],[-78.136607305726741,-0.143792976439409],[-78.136613374599307,-0.143761644756089],[-78.13660805647929,-0.143720380179803],[-78.136591352153076,-0.143676060243863],[-78.136592106748537,-0.143637087474746],[-78.136670285770691,-0.143603454910181],[-78.136756815387955,-0.143578227244846],[-78.136947329189681,-0.143494910544221],[-78.136966305795553,-0.143496436680392],[-78.136983763323641,-0.1434895571177],[-78.137143936761518,-0.143597286560856],[-78.137468845190398,-0.143875407012801],[-78.137617642748978,-0.14407025335422],[-78.137629793516084,-0.144121451400169],[-78.137635106309489,-0.144116101589184],[-78.138064754665166,-0.144305566349818],[-78.138049566012953,-0.144239849380772],[-78.138060191430355,-0.144227621413297],[-78.13801539384454,-0.144112236742825],[-78.137952380168926,-0.144008316757641],[-78.13783774583645,-0.143863137527339],[-78.137837734122186,-0.143760738606218],[-78.137664646986309,-0.143568951774076],[-78.13763200154942,-0.143516991942903],[-78.137635774919914,-0.143325948772436],[-78.137562141677392,-0.143285456283898],[-78.137591738517258,-0.143229668363358],[-78.137557564760854,-0.143089064901566],[-78.137549960379928,-0.142969090961286],[-78.137539325742353,-0.14290108099519],[-78.137567391939015,-0.142736780979222],[-78.137587884467678,-0.142719202653485],[-78.137735890309557,-0.142629013174579],[-78.137897555319057,-0.142505198543654],[-78.137946872078928,-0.142314914155588],[-78.137962787429146,-0.142100180196576],[-78.137974927394794,-0.142057385185931],[-78.13797719898642,-0.142009242136063],[-78.137967320773853,-0.141919071101203],[-78.137931624824105,-0.141744844282363],[-78.137904290305499,-0.141672251245987],[-78.137793446626134,-0.141489627428718],[-78.137681091405184,-0.141363552476047],[-78.137584675411347,-0.141229069783919],[-78.137416893817999,-0.140973092403344],[-78.137422964938267,-0.140961629122597],[-78.13744573630494,-0.140958569742557],[-78.137441180263409,-0.140944051036957],[-78.137205079624891,-0.140655222498945],[-78.137056280045286,-0.140447385772419],[-78.136997053677447,-0.1402777469611],[-78.136968949349011,-0.140114217822621],[-78.136944610933966,-0.139701568670866],[-78.136933977735396,-0.139647313839109],[-78.136927894276823,-0.139554085770935],[-78.136949880478738,-0.139330181192604],[-78.13695289410137,-0.139139138213383],[-78.13693389521849,-0.138949626219463],[-78.136939944461943,-0.138753997853731],[-78.136952076212182,-0.138643191675225],[-78.136980146150691,-0.138515571822263],[-78.136949762037489,-0.1383321745724],[-78.136888248354012,-0.138080005756551],[-78.136842686596339,-0.137926413016507],[-78.136830520858581,-0.137752183640296],[-78.136835066514919,-0.13767958690181],[-78.136829737379472,-0.137548150240978],[-78.136861596613159,-0.137371623007907],[-78.136910156450469,-0.137206556288789],[-78.13690559063393,-0.137111035539255],[-78.136930621690368,-0.136962783421657]]}},
{"type":"Feature","properties":{"capa_cad":"ACAD-TOP-BASE PRESA POROTOG-Model|C3D-Superficie_ConMen","color":"#B8A15C"},"geometry":{"type":"LineString","coordinates":[[-78.1380188938912,-0.148240289070694],[-78.1380188938912,-0.148240289070694]]}},
{"type":"Feature","properties":{"capa_cad":"ACAD-TOP-BASE PRESA POROTOG-Model|C3D-Superficie_ConMen","color":"#B8A15C"},"geometry":{"type":"LineString","coordinates":[[-78.1380188938912,-0.148240289070694],[-78.137981698355219,-0.148225009815742],[-78.137905022672754,-0.148127204507462],[-78.137842016545946,-0.148088238849694],[-78.137832905397076,-0.148066078911188],[-78.13783136679271,-0.147881149688209],[-78.137788848699216,-0.147783340574331],[-78.137692435453644,-0.147667197429717],[-78.137460903131029,-0.147489935860309],[-78.137263536076887,-0.147381445866057],[-78.137103355883099,-0.147210289723794],[-78.136990998348054,-0.147057468313052],[-78.136884716932826,-0.146937505572303],[-78.136702510998674,-0.146649433986413],[-78.136675178013917,-0.146587539293222],[-78.136632666280391,-0.146547043092914],[-78.136598500066086,-0.146469865777156],[-78.136538515281572,-0.146297934295975],[-78.136557470602966,-0.146109946270988],[-78.13659921590785,-0.146084723899895],[-78.136626541877007,-0.146083956617414],[-78.13669788671794,-0.146025871548999],[-78.136710789830204,-0.146018228375649],[-78.136727489259385,-0.146019754813272],[-78.136735835708791,-0.14599147956024],[-78.136749497534595,-0.145980779618419],[-78.136734313296898,-0.145953271217712],[-78.136715327581044,-0.145870742989037],[-78.13670014291111,-0.145839413739152],[-78.136715318116003,-0.145786684256198],[-78.136707726683838,-0.145779043419785],[-78.136677364054464,-0.14577599020502],[-78.136668250547856,-0.145733197709972],[-78.13664847859468,-0.145409955946468],[-78.136636290544331,-0.145028636384241],[-78.136599830071575,-0.14480168201193],[-78.136610446893599,-0.144713801213334],[-78.136621070828099,-0.144688582372428],[-78.136621067008477,-0.144654958882058],[-78.136606635979646,-0.144576251009447],[-78.136613437317749,-0.144311083152229],[-78.136603557036338,-0.144201043779169],[-78.13661721021478,-0.144114690964033],[-78.136639978002052,-0.14408030066986],[-78.136644527896308,-0.144041327460272],[-78.136662741863049,-0.144011522712392],[-78.13664299197724,-0.143885436904701],[-78.13664450354004,-0.143828123959952],[-78.136639187082622,-0.14380137861696],[-78.136647530591603,-0.143747885731447],[-78.136636140277048,-0.143708914369038],[-78.136636137915758,-0.143688281772383],[-78.136861567810584,-0.143600376024445],[-78.137001989980973,-0.143570557073205],[-78.137121932849709,-0.14367370617385],[-78.137235800203428,-0.143750110026976],[-78.13738762655629,-0.143880001448224],[-78.13756982743638,-0.14411687331067],[-78.137607025709215,-0.144155841724428],[-78.137672310076354,-0.144203212774384],[-78.138046546329122,-0.144385042258393],[-78.138124734787212,-0.144433176020477],[-78.138136120396766,-0.144430882192641],[-78.13817711396932,-0.144469850197205],[-78.13818925315573,-0.144419413490839],[-78.138178620423545,-0.144367451070291],[-78.138193799756607,-0.144351401720152],[-78.138193794357022,-0.144304023100052],[-78.138170252141748,-0.144203919381321],[-78.138111029741438,-0.144064847061346],[-78.137910601226594,-0.143739333363124],[-78.137909840244248,-0.143722521686955],[-78.137881751516289,-0.143691193931145],[-78.137700303858281,-0.143404650873648],[-78.137701813992308,-0.143335111139532],[-78.137676004538676,-0.143322123236402],[-78.137685869831941,-0.143300725301478],[-78.13767371920369,-0.143251055603648],[-78.137660791590349,-0.143045495124602],[-78.137643320245971,-0.142932399863791],[-78.137660007190306,-0.142825413984011],[-78.1376729083524,-0.142800959006599],[-78.13772451925422,-0.142757395230763],[-78.137821671859257,-0.142698542705611],[-78.137905160634261,-0.14263281422838],[-78.137992446024271,-0.142578547864353],[-78.138010658383067,-0.142534987975584],[-78.138027347855655,-0.14245016301942],[-78.138036426843712,-0.142193400433385],[-78.138018195996651,-0.142077248552996],[-78.138026539697805,-0.142026048102988],[-78.138024257561241,-0.141983254784562],[-78.13798096518164,-0.141758593552664],[-78.137934649330433,-0.141643973337051],[-78.137864044154938,-0.1415339410221],[-78.137741820024203,-0.141397932999636],[-78.137720560622299,-0.141348264395413],[-78.137756994500322,-0.1413406183823],[-78.137758511279841,-0.141329155637983],[-78.137669688882099,-0.141220653854483],[-78.137410810551074,-0.140880628459508],[-78.137265810831479,-0.140711763921083],[-78.137203553275071,-0.140584918981258],[-78.137082845792577,-0.140436684226809],[-78.137030451564314,-0.14027239379264],[-78.137022856415371,-0.140233422000147],[-78.137001585301618,-0.140084411284185],[-78.13697724849699,-0.139685517189843],[-78.136965095830632,-0.139619799981185],[-78.136968877765725,-0.139506702297456],[-78.136993146733488,-0.139330176007379],[-78.13699692294162,-0.139168935578942],[-78.13699691651712,-0.139114679474069],[-78.136970328508269,-0.13893739511323],[-78.136976378747747,-0.138750172616416],[-78.137019616574136,-0.138510982040545],[-78.136993027107081,-0.138322235132875],[-78.136881398137305,-0.137923351647871],[-78.13686619507358,-0.137739952589015],[-78.13686465253501,-0.137535919275476],[-78.136901825716421,-0.137363976413184],[-78.136942038129263,-0.137217250795039],[-78.136951903484558,-0.137197381162113],[-78.136976933909793,-0.137043779847007],[-78.13697616511115,-0.136962777868817]]}},
{"type":"Feature","properties":{"capa_cad":"ACAD-TOP-BASE PRESA POROTOG-Model|C3D-Superficie_ConMen","color":"#B8A15C"},"geometry":{"type":"LineString","coordinates":[[-78.135108679758744,-0.14833919283357],[-78.135057058796448,-0.148292584286192],[-78.134985701532955,-0.148238336260352],[-78.13497431535437,-0.148235280858206],[-78.134934081163593,-0.148197076906004],[-78.134890053888299,-0.148178741777313],[-78.134638785849901,-0.147993076865812],[-78.134470996007863,-0.147645398875111],[-78.134429996400968,-0.147549882387931],[-78.134395836011649,-0.147523904493691],[-78.134257650258036,-0.147185393328289],[-78.134257649152175,-0.147175459135881],[-78.134282692710244,-0.147128077852525],[-78.134282688624765,-0.147091397756677],[-78.134294067135528,-0.14702567796545],[-78.134281908442361,-0.146901884013934],[-78.134262161057961,-0.146794902634418],[-78.134227998012292,-0.146745235538996],[-78.134178654539014,-0.146701683514455],[-78.134071613199865,-0.146571786985276],[-78.133956217029564,-0.146395277152279],[-78.133890917549962,-0.146210355808395],[-78.133815756934069,-0.146084276571648],[-78.133805129131716,-0.146075107760507],[-78.133773996884187,-0.145977297756085],[-78.133710978727891,-0.145829820451332],[-78.133598616814012,-0.145636498700625],[-78.133506747210262,-0.145424070441102],[-78.133419441918448,-0.145300285191725],[-78.13337841961004,-0.145005321012578],[-78.133337405460324,-0.144782952817346],[-78.133365469858887,-0.144601077595132],[-78.133296393872868,-0.144583509678131],[-78.133281963587308,-0.144510915378333],[-78.133221993918355,-0.144472713884362],[-78.133058779259244,-0.144315314101862],[-78.133006394141859,-0.144224384171071],[-78.132923633949687,-0.144020360926488],[-78.132790771945139,-0.143779663460717],[-78.132717131966601,-0.143677273522947],[-78.132583499836159,-0.143340291119954],[-78.132524286858867,-0.14328145709913],[-78.13249391750449,-0.143218798894514],[-78.132481730425965,-0.142851235760375],[-78.132471860436169,-0.142831368556823],[-78.132401258725906,-0.142747318371569],[-78.132355685459089,-0.142486742610504],[-78.132329105077574,-0.142369828110393],[-78.132316918882523,-0.142012199213832],[-78.13231463942094,-0.141992331129987],[-78.132295657407809,-0.141943426646802],[-78.132285755959529,-0.14165228005443],[-78.132288771147287,-0.141471172041172],[-78.132284208119415,-0.141396284179862],[-78.132299357630927,-0.141125002987925],[-78.132155056518528,-0.140432684498792],[-78.132143654686146,-0.140295899915973],[-78.132150480169472,-0.140244699899847],[-78.132126173322405,-0.140098746847803],[-78.132116301944023,-0.140067417166034],[-78.132104155287593,-0.140052135267081],[-78.132047970132064,-0.139922997700461],[-78.132028229972107,-0.139882499192156],[-78.132019879571615,-0.139875622682659],[-78.132016081607205,-0.139852698120576],[-78.132055523356598,-0.13960586742089],[-78.132036544850521,-0.139587529674733],[-78.132050194309045,-0.139472902968344],[-78.132034999981741,-0.139360572210644],[-78.132036502390321,-0.139227606943725],[-78.132052421112306,-0.13904649741651],[-78.132105515512066,-0.138714078312928],[-78.132100947863719,-0.138601746281745],[-78.132149495356217,-0.138332753572464],[-78.132226908852928,-0.13824868584015],[-78.132352868832442,-0.137887983645784],[-78.132344510666812,-0.137816152923069],[-78.132348276995927,-0.137573911408383],[-78.132337632321196,-0.137424135893586],[-78.132361120677857,-0.137071087710791],[-78.132374770712829,-0.136963338447502]]}},
{"type":"Feature","properties":{"capa_cad":"ACAD-TOP-BASE PRESA POROTOG-Model|C3D-Superficie_ConMen","color":"#B8A15C"},"geometry":{"type":"LineString","coordinates":[[-78.138046218123961,-0.148223474242232],[-78.137974863536684,-0.148195207906806],[-78.137914130269593,-0.148117269261522],[-78.13786782477105,-0.148090528467548],[-78.137859473779741,-0.148078302667209],[-78.137857174509378,-0.147878854274971],[-78.137848821566976,-0.147849052541954],[-78.137820729810841,-0.147789450357561],[-78.137705337655092,-0.147651148387151],[-78.137432053669812,-0.147442560522625],[-78.137277955279117,-0.147355462436514],[-78.137128403587127,-0.147199588507071],[-78.136989475117957,-0.147011618255767],[-78.136934816250985,-0.146951254971411],[-78.136867250251754,-0.146862618848598],[-78.136668342221967,-0.146549331554949],[-78.136547624051829,-0.14629869743049],[-78.136556731021756,-0.14628341299097],[-78.136571136548667,-0.146135926502052],[-78.136604532741885,-0.146115290103685],[-78.136626545311543,-0.146114523426951],[-78.136709275152313,-0.146048795360417],[-78.136740396839357,-0.146051848496038],[-78.136754813427046,-0.146002939952163],[-78.136768474909445,-0.145989183328963],[-78.136763916612509,-0.145954032012843],[-78.136752527917778,-0.145928815690319],[-78.136740376381084,-0.14586997596099],[-78.136721395564592,-0.145831005440527],[-78.136725189301444,-0.1458172499419],[-78.136732779786911,-0.145816484905259],[-78.13673049900072,-0.145784390012194],[-78.136691023983431,-0.145748478514972],[-78.136668980385394,-0.145474143902572],[-78.136656788115019,-0.145055379990099],[-78.136650708905492,-0.144995775407272],[-78.136617289770953,-0.144813906727605],[-78.136630181422092,-0.144705393069162],[-78.13663701093931,-0.144687816367141],[-78.136636245631394,-0.144632796196806],[-78.136624850915865,-0.144554852143794],[-78.136629376122542,-0.144298854588025],[-78.136627852697075,-0.144252240378625],[-78.136619498627638,-0.144213268661063],[-78.136622529628042,-0.144167418096033],[-78.136645296283831,-0.144123093589467],[-78.136671100736095,-0.14409252379478],[-78.136677168657741,-0.144052786238289],[-78.136693105715779,-0.144025274264059],[-78.136662720908888,-0.143828121848965],[-78.136660437708059,-0.14377539436471],[-78.136664988728555,-0.143746355366647],[-78.136658912512559,-0.143713496749503],[-78.136786428503825,-0.143664575057082],[-78.1370255260085,-0.143616404571279],[-78.137096124725375,-0.143672180827329],[-78.137226695973212,-0.14378908378612],[-78.137282111448769,-0.143826521725131],[-78.137349674204714,-0.143884590869951],[-78.137433182932725,-0.143993093446957],[-78.137584254414875,-0.14415966521197],[-78.137861333671893,-0.144362902679198],[-78.138010117203422,-0.144434717590731],[-78.138183953667337,-0.144541681509799],[-78.138209001975611,-0.144536329422055],[-78.138228739833835,-0.144556959771565],[-78.138247707155273,-0.144476719593975],[-78.138241630949153,-0.144443860927684],[-78.138253015254577,-0.144430104529689],[-78.138253763953244,-0.14433916805355],[-78.1382340190343,-0.144256639830541],[-78.138230218078718,-0.144206969133596],[-78.138169476948349,-0.144062547783056],[-78.138007007352442,-0.143789757476393],[-78.137980433503174,-0.143730155207757],[-78.137735214023778,-0.143348098160082],[-78.137716207197982,-0.143083697211635],[-78.137695697777858,-0.142954554708899],[-78.13770555611093,-0.142872787264166],[-78.137712384900894,-0.142849097166435],[-78.137722251242224,-0.142836869278405],[-78.13779435468075,-0.142775727174105],[-78.137872532169268,-0.142728339431288],[-78.137927179220085,-0.142684011117882],[-78.138044065579322,-0.142609872842318],[-78.13805317242165,-0.142593824181339],[-78.138068342900269,-0.142501357688526],[-78.138077423934178,-0.142262171031585],[-78.138070587016173,-0.142215557389194],[-78.138051605346689,-0.142170473515559],[-78.138045528457084,-0.142132265668755],[-78.138038690736963,-0.142078774487741],[-78.138045517562944,-0.142038272611945],[-78.138040191925839,-0.141932817612091],[-78.138008292507607,-0.141769288731236],[-78.137953624976277,-0.141637093560407],[-78.137902759302918,-0.141561446615651],[-78.137892129381612,-0.141534701880628],[-78.137840505091845,-0.141462875889244],[-78.137854926744282,-0.141459053331974],[-78.137869346884145,-0.141442239866319],[-78.137876937283849,-0.141440710628267],[-78.137789636029581,-0.141358190460681],[-78.137685630429289,-0.141232114534413],[-78.137552772162209,-0.14103344581125],[-78.137429027125734,-0.140873748763692],[-78.137277194812995,-0.140695714985992],[-78.137218733257072,-0.140574982960156],[-78.137099544244634,-0.140429804706614],[-78.137046390329132,-0.140260165167057],[-78.13701980168473,-0.140076003237408],[-78.137012946967701,-0.139878848062294],[-78.136998504349421,-0.13970461891164],[-78.13698483194672,-0.139625146814387],[-78.13698861307013,-0.13950517159435],[-78.137014399519629,-0.139323295925705],[-78.137016666205142,-0.139234651874293],[-78.137017411059318,-0.139114677014004],[-78.136988545516019,-0.138934336241738],[-78.136994595754956,-0.138747113741907],[-78.137039352786303,-0.138517093025249],[-78.137015039398577,-0.138319175793243],[-78.136898855352825,-0.13791417948896],[-78.136884412349829,-0.137739186209954],[-78.13688288353724,-0.13764977845543],[-78.136885904757179,-0.137524454138654],[-78.136950392252047,-0.137254694131457],[-78.136957979886503,-0.137230239753023],[-78.136978471122958,-0.137202727121778],[-78.136985298506147,-0.137168338618497],[-78.136996675179958,-0.137091920183131],[-78.136998177765179,-0.136962775184909]]}},
{"type":"Feature","properties":{"capa_cad":"ACAD-TOP-BASE PRESA POROTOG-Model|C3D-Superficie_ConMen","color":"#B8A15C"},"geometry":{"type":"LineString","coordinates":[[-78.135071486007661,-0.148339196993392],[-78.13479061139175,-0.148122968574067],[-78.134656247937997,-0.148027462509413],[-78.134628917701434,-0.147989257127748],[-78.134445186333949,-0.147629354232296],[-78.134385975158807,-0.14758580327144],[-78.134225769840356,-0.147184632756346],[-78.134263714108485,-0.147108211609469],[-78.134263708064097,-0.147053955635271],[-78.134273569142991,-0.146994349365577],[-78.134250017278546,-0.146804838201097],[-78.134233315241318,-0.146779622525858],[-78.134177139672161,-0.146730722092892],[-78.134079208026492,-0.146609994551248],[-78.133941036008807,-0.146396043043761],[-78.133881052402145,-0.146233281981783],[-78.133790708197949,-0.146085043589715],[-78.133705671872164,-0.145887897845982],[-78.13362671501406,-0.145753413232815],[-78.133578881899098,-0.145641085962606],[-78.133559143885989,-0.145618163169994],[-78.133495366643061,-0.14547068599914],[-78.133403506941249,-0.145346137100312],[-78.133365522593664,-0.145066455936464],[-78.133312356217289,-0.144779134855156],[-78.133326009672373,-0.144695074802988],[-78.133292610132841,-0.144685144458726],[-78.133269064515844,-0.144553710271016],[-78.133253881510768,-0.144536900322787],[-78.133152920283976,-0.144475778510367],[-78.133073210595967,-0.144397078399282],[-78.133042083185998,-0.144342826069022],[-78.133036767456844,-0.14432219415013],[-78.132983624069283,-0.144238141818422],[-78.132920603915522,-0.144074617187504],[-78.132780908251249,-0.14381481631507],[-78.132771036529462,-0.143779665745083],[-78.132710302310969,-0.143693321834061],[-78.132692838207916,-0.143642124627153],[-78.132660191529851,-0.143577938332668],[-78.132578948311917,-0.143364745009473],[-78.132504552148987,-0.143287572731673],[-78.132479497051378,-0.143232555584954],[-78.132471142985366,-0.143193584015491],[-78.132459719435559,-0.142864993339913],[-78.132392154032971,-0.142781706966766],[-78.132381524373159,-0.142756490682164],[-78.132311648949866,-0.142388170168656],[-78.132296424334086,-0.14201143745017],[-78.132278201110779,-0.141960240376426],[-78.132266020731791,-0.141653810709924],[-78.132269036630163,-0.141478816038333],[-78.132262190576867,-0.141353493404249],[-78.132273549437798,-0.141121949365643],[-78.132136083212416,-0.140458668436267],[-78.132123160051648,-0.14029437401602],[-78.132129226301743,-0.140241645756588],[-78.132101120776738,-0.140066654805186],[-78.132029750774535,-0.139905424025848],[-78.132010012950104,-0.139884793864082],[-78.132002417111153,-0.139839708907552],[-78.132037307775121,-0.139620388771861],[-78.132020606160921,-0.139599758252418],[-78.132022117335396,-0.139540917200814],[-78.132030461072276,-0.139491245338543],[-78.132012228097253,-0.139358282432837],[-78.132012977589,-0.139277280625075],[-78.132037236781926,-0.139018989218785],[-78.132083504582056,-0.138727835967764],[-78.132076657778825,-0.138598692534485],[-78.132130516647464,-0.138312887511681],[-78.132182884273163,-0.138253276152768],[-78.132314914219904,-0.1378719407206],[-78.132320188070224,-0.137541055616049],[-78.132313340765577,-0.137408855493606],[-78.132337589913902,-0.137070326405596],[-78.132350480986474,-0.136963341404298]]}},
{"type":"Feature","properties":{"capa_cad":"ACAD-TOP-BASE PRESA POROTOG-Model|C3D-Superficie_ConMen","color":"#B8A15C"},"geometry":{"type":"LineString","coordinates":[[-78.138073542441617,-0.148207423584153],[-78.137968028717424,-0.148165405998209],[-78.137922478808406,-0.148107334100571],[-78.137885282343618,-0.148083648969191],[-78.137879967753292,-0.148072951170212],[-78.137878425251841,-0.14785287006997],[-78.137852610923346,-0.147795560141087],[-78.137759234413963,-0.147684001673496],[-78.137699262136465,-0.147623638916196],[-78.137539086841272,-0.147496804586892],[-78.137408517951215,-0.147398241271116],[-78.137308316136355,-0.14734246810961],[-78.137230884437059,-0.147272173145096],[-78.137149655578369,-0.147185066865553],[-78.136871799643359,-0.146818296449568],[-78.136682762253884,-0.146530989831596],[-78.136565840135134,-0.146287232806172],[-78.136573429248145,-0.146274241049569],[-78.136584043436926,-0.146161906820134],[-78.136607572575556,-0.146147384907469],[-78.136626548831117,-0.146145854406757],[-78.13670700150233,-0.146080126601856],[-78.136752545447308,-0.146084706436305],[-78.136776067629683,-0.146008286722233],[-78.136785175112948,-0.145997587299297],[-78.13678061544077,-0.14595020925716],[-78.13674872162224,-0.145831002322039],[-78.136747198516417,-0.145786680616731],[-78.136708481608622,-0.145742363159028],[-78.136686438353721,-0.145471085223661],[-78.136675764888366,-0.145058434492686],[-78.136634749383788,-0.144825367273399],[-78.136653710107794,-0.144687050274431],[-78.136646876858151,-0.144671767655838],[-78.136652188868524,-0.144659540319955],[-78.136652183658512,-0.144613690104545],[-78.136638500990841,-0.144440989202386],[-78.136647595493713,-0.14431642840042],[-78.136646829384304,-0.144254530697533],[-78.136637715735048,-0.144210974045512],[-78.136640748391059,-0.14417964271448],[-78.136643024690798,-0.144172000748812],[-78.136660482044249,-0.144163592858154],[-78.136703741061922,-0.144100161723048],[-78.136709050362938,-0.144064245104722],[-78.13672422871349,-0.144039789898898],[-78.136680928139668,-0.143739475985889],[-78.136712048080241,-0.143727245652367],[-78.137049062034777,-0.143662252071241],[-78.137317794663602,-0.143892236270593],[-78.137575906698416,-0.144176477936732],[-78.13796229925002,-0.144458412414659],[-78.137984316279386,-0.144496618432335],[-78.138246968005305,-0.144651714915571],[-78.138277329114388,-0.144641013018179],[-78.138281883810805,-0.144644069178754],[-78.138306920126453,-0.144533261443945],[-78.138303882328486,-0.144519506709531],[-78.138312230750685,-0.144508807347252],[-78.138313733551726,-0.14437431301059],[-78.138300823293221,-0.144319294162443],[-78.13829777704089,-0.144231414806563],[-78.138221091151777,-0.144047258382822],[-78.138129986370487,-0.143891377991517],[-78.13807000487769,-0.143752305780642],[-78.137853635720091,-0.143423737318061],[-78.137823264549695,-0.143346559573343],[-78.137780749328542,-0.14327702495675],[-78.13777162271937,-0.143121135131228],[-78.137747314758528,-0.142963718737621],[-78.137760968821382,-0.142885771701115],[-78.137864190111387,-0.142794059119483],[-78.138095685136022,-0.142641197823006],[-78.138104790479431,-0.142612158250576],[-78.138117670007517,-0.142400481306691],[-78.138115381518915,-0.142302667654798],[-78.138103228011701,-0.142228544469651],[-78.138076655231743,-0.142178876458268],[-78.138066783052608,-0.142140669056246],[-78.138059186009087,-0.142084885449742],[-78.13806449480812,-0.142045147922834],[-78.138059172806408,-0.141971023940526],[-78.138063720415275,-0.141912946393409],[-78.138037897096609,-0.141780747813368],[-78.137981711182704,-0.141646260304081],[-78.137952861741283,-0.141601177606686],[-78.137934638219122,-0.141548451947115],[-78.137955130379211,-0.141527816909446],[-78.137966515890923,-0.141524758881836],[-78.137766101055192,-0.141322277202301],[-78.137732697439532,-0.141278723401505],[-78.137693977389404,-0.141209188418713],[-78.137570987936797,-0.141019688579035],[-78.137292374618028,-0.140684250624289],[-78.137226321501871,-0.140555113621935],[-78.137117760542424,-0.140420632493981],[-78.137060809723025,-0.140237238334383],[-78.137039538788528,-0.140089755954449],[-78.137036479539347,-0.139894128663901],[-78.137025837884167,-0.139768041798043],[-78.137004568063134,-0.139630493647776],[-78.137008348194385,-0.139502112550166],[-78.137035652215758,-0.139315651673223],[-78.137037908226276,-0.139136835498938],[-78.137007522034281,-0.13893509813139],[-78.137012055610967,-0.138760102539178],[-78.137058328578135,-0.138511741543678],[-78.137032497165734,-0.138314588662309],[-78.136917072629842,-0.137913413112641],[-78.136901870112297,-0.13773459907076],[-78.136903363800414,-0.137530565382162],[-78.136937502495485,-0.13737314212151],[-78.136969368861173,-0.137256220163577],[-78.137003520831385,-0.13720960160743],[-78.137008832303579,-0.137193553380242],[-78.137016416540348,-0.137140824691426],[-78.137019431362589,-0.136962772593535]]}},
{"type":"Feature","properties":{"capa_cad":"ACAD-TOP-BASE PRESA POROTOG-Model|C3D-Superficie_ConMen","color":"#B8A15C"},"geometry":{"type":"LineString","coordinates":[[-78.135023665472346,-0.148339202341658],[-78.135023665472346,-0.148339202341658]]}},
{"type":"Feature","properties":{"capa_cad":"ACAD-TOP-BASE PRESA POROTOG-Model|C3D-Superficie_ConMen","color":"#B8A15C"},"geometry":{"type":"LineString","coordinates":[[-78.135023665472346,-0.148339202341658],[-78.134985709547678,-0.148310932328213],[-78.134920423219,-0.148242928581205],[-78.134672950969517,-0.148061848239126],[-78.134622845508474,-0.147991550315332],[-78.134477834373584,-0.147707295779422],[-78.134386741590291,-0.147652285865853],[-78.134374595258976,-0.147639296362781],[-78.134198444862363,-0.147193805862487],[-78.134202237928307,-0.147173937050491],[-78.134245493881252,-0.14708223193225],[-78.134244727502605,-0.147016513515082],[-78.13425231226492,-0.146964549189867],[-78.134235595991342,-0.146811717350685],[-78.134172588070598,-0.146755176003382],[-78.134101986266344,-0.146668832948564],[-78.133925095847388,-0.146396044852946],[-78.133874224160294,-0.146262321156906],[-78.133783119704475,-0.146103384493125],[-78.133763382725718,-0.146089631708339],[-78.133713271784174,-0.145971191323819],[-78.133634313645842,-0.145825244180582],[-78.133566739514094,-0.145663248226198],[-78.133530300311676,-0.145622751471943],[-78.133491578260461,-0.145531819883511],[-78.133472598354203,-0.145500491158438],[-78.133387571962388,-0.145391989007599],[-78.133356423699354,-0.145152807969434],[-78.133253887671273,-0.144591156248878],[-78.133225040553029,-0.14456441368918],[-78.133093715059132,-0.144484955342471],[-78.13305423709599,-0.144422298124402],[-78.133029183341222,-0.144378743444036],[-78.13301551505711,-0.144332130781865],[-78.132953260581047,-0.144226682804265],[-78.132913018245759,-0.144117411457868],[-78.132767247975679,-0.143838507093153],[-78.132751301026872,-0.143778903861798],[-78.132706509483953,-0.143714718966598],[-78.132695119651146,-0.143679568575604],[-78.132648047446708,-0.143584817248616],[-78.132573637732875,-0.143389198986914],[-78.132485576143296,-0.143290631605971],[-78.132462798296586,-0.143236378362887],[-78.132448368203185,-0.143166076635148],[-78.132439227256612,-0.142884864081426],[-78.13237773516893,-0.142809218674379],[-78.132357233937171,-0.14275038017615],[-78.132294192557595,-0.142404219724364],[-78.132284309770412,-0.142273548266155],[-78.132277450104723,-0.14202977969141],[-78.132261504663816,-0.141983931522244],[-78.132250095574349,-0.141782956858078],[-78.132248542437836,-0.141481110953466],[-78.132239416201372,-0.141329806902073],[-78.132249260065393,-0.14112500890263],[-78.132151289318273,-0.140672633460562],[-78.132143691274962,-0.140608444312511],[-78.132117869675369,-0.140490765620517],[-78.132102665327992,-0.140292083948906],[-78.132107972434412,-0.140238591613407],[-78.132077586518008,-0.140036090917666],[-78.132022920098507,-0.13991230234399],[-78.132000146328608,-0.139893965045359],[-78.13198875243539,-0.139825191360571],[-78.132019850347532,-0.139627268360293],[-78.132005426975255,-0.139615807574827],[-78.132010727835535,-0.139509587708089],[-78.131988695626262,-0.139343001904778],[-78.13201977655568,-0.139002179634928],[-78.132060735232599,-0.138746942883451],[-78.132055407808735,-0.13862849761046],[-78.132059955330078,-0.138571184524806],[-78.132110020376402,-0.138297606637773],[-78.132136583351794,-0.138264744244582],[-78.132281513931972,-0.137855897245627],[-78.132289097357102,-0.137796291276045],[-78.132292118513519,-0.137670203299258],[-78.132288293083946,-0.137418028540852],[-78.132326191260645,-0.136963344361069]]}},
{"type":"Feature","properties":{"capa_cad":"ACAD-TOP-BASE PRESA POROTOG-Model|C3D-Superficie_ConMen","color":"#B8A15C"},"geometry":{"type":"LineString","coordinates":[[-78.134987230780112,-0.148339206416439],[-78.134912075205932,-0.148257448728321],[-78.134690413056177,-0.148096233884787],[-78.134620569270936,-0.147999956428441],[-78.134510482324444,-0.147784473162158],[-78.134440644625627,-0.147743215891004],[-78.134357137403157,-0.147643119169084],[-78.134288046974604,-0.147495642381631],[-78.134170360404198,-0.147199158210817],[-78.1341756707305,-0.147171647542161],[-78.134226515194271,-0.147061601521953],[-78.13422574694026,-0.146979071396141],[-78.134231055045618,-0.146931692340744],[-78.13421889839077,-0.146826238443941],[-78.134166518272252,-0.146778865916908],[-78.134120209488216,-0.146721558515411],[-78.133909915254918,-0.146400631586462],[-78.13386663677683,-0.146290596249503],[-78.133809697096225,-0.146196610009362],[-78.133773253787894,-0.146119433150332],[-78.133736057254112,-0.146094219826725],[-78.133613060963,-0.145832888285338],[-78.133550801079295,-0.145678533408837],[-78.133499938197716,-0.145623519106237],[-78.133470328166069,-0.145562389036216],[-78.133371636981863,-0.145437840913588],[-78.133342007270357,-0.145202480543799],[-78.133274412222661,-0.144856320182322],[-78.133272127524336,-0.14478983782908],[-78.133264535157153,-0.14477379117351],[-78.133235673825965,-0.144621725063338],[-78.133110420771956,-0.144542266010431],[-78.133034504454272,-0.144446753768268],[-78.133012487353682,-0.14440701957735],[-78.132995780940689,-0.144343595573826],[-78.132959340148474,-0.144289343861297],[-78.132922137691025,-0.144212167207249],[-78.132899358745647,-0.144147979744768],[-78.132755865560782,-0.143868310948371],[-78.132745235833227,-0.143842330478094],[-78.132732324579024,-0.143778141890658],[-78.132702716743822,-0.143736880266592],[-78.13264729232472,-0.143619204877057],[-78.13256908620761,-0.143413652876023],[-78.132466600137917,-0.143293690480169],[-78.13244761835135,-0.143246314303751],[-78.132426353702598,-0.143149267511464],[-78.13241797602349,-0.142904734910625],[-78.132366352960346,-0.142840550864269],[-78.132335221279618,-0.142749618576257],[-78.132278256300964,-0.142437844950381],[-78.132263812574649,-0.142249861478521],[-78.132257715760431,-0.142038952013383],[-78.132244048278224,-0.141999981083404],[-78.132231122323745,-0.141809704942528],[-78.13222578794246,-0.141628597920493],[-78.132228047535648,-0.141477292530239],[-78.132216639514482,-0.141286252051609],[-78.132224211728541,-0.141128832696341],[-78.132148265244453,-0.140776560563723],[-78.132133830095626,-0.140664229689156],[-78.132119403962193,-0.140629079705867],[-78.132101174960709,-0.140528975961285],[-78.132082170335977,-0.140287501380302],[-78.132086718657078,-0.140236301637525],[-78.132054052169238,-0.140004762864205],[-78.132021404056459,-0.139929878369187],[-78.131989520563494,-0.139902372149744],[-78.131975087669744,-0.139809909646818],[-78.13200163440635,-0.139638733041913],[-78.131989488285754,-0.139628036151758],[-78.131990994418686,-0.139526401742732],[-78.131970477433896,-0.139335362412796],[-78.132002316691185,-0.138988426720118],[-78.132038723578347,-0.13875458719978],[-78.132034157747569,-0.138657538518148],[-78.132041735952754,-0.138553610871662],[-78.132097870424801,-0.13825481473863],[-78.132244319925633,-0.137852845074661],[-78.132251147762815,-0.137822277556343],[-78.132263280398817,-0.137719877667587],[-78.132264002901593,-0.137414210651279],[-78.132299624373601,-0.136963347595007]]}},
{"type":"Feature","properties":{"capa_cad":"ACAD-TOP-BASE PRESA POROTOG-Model|C3D-Superficie_ConMen","color":"#B8A15C"},"geometry":{"type":"LineString","coordinates":[[-78.138100866675131,-0.148190608754043],[-78.137964989356846,-0.148137132006612],[-78.137931586405188,-0.148097398854329],[-78.137904258032435,-0.148076769300282],[-78.137902713666975,-0.147839876431244],[-78.13788525109473,-0.147801669839555],[-78.137812372031817,-0.147716090877197],[-78.137716719703363,-0.147616759411828],[-78.137403201146043,-0.147367675039961],[-78.137340195194511,-0.147330237781385],[-78.137211142471727,-0.147214098404846],[-78.13717014834198,-0.147169016968004],[-78.136997816475272,-0.14693749277416],[-78.136886978654033,-0.146799190469817],[-78.136713884538636,-0.14653939217245],[-78.136688830945076,-0.146497365650013],[-78.136584815104158,-0.146274239754712],[-78.136590127731935,-0.146267361618522],[-78.136598468353128,-0.146187122795808],[-78.136615166493442,-0.14617718668238],[-78.136626552349838,-0.146177185386546],[-78.136705486822791,-0.146110693586455],[-78.136766212083003,-0.146116800034058],[-78.136795803976085,-0.146015926176551],[-78.136801875660382,-0.146009047951316],[-78.136797315042969,-0.145953264034545],[-78.136763142159566,-0.145817245610194],[-78.136762379315485,-0.145783622202313],[-78.136732772556542,-0.145752294599199],[-78.136725939320158,-0.145737011973168],[-78.136704657105028,-0.145483309863604],[-78.136693983903186,-0.145072951636783],[-78.136652209083493,-0.144837591989785],[-78.136670409623733,-0.144689340862768],[-78.13665368300147,-0.144448629153986],[-78.136657467413002,-0.14435310743371],[-78.136666574096068,-0.144335530466282],[-78.136666565738508,-0.144262170120689],[-78.136658208881343,-0.144198744953367],[-78.136663520189586,-0.144180404253049],[-78.136695399192035,-0.144168173844065],[-78.136737899328466,-0.144106271135525],[-78.136741691126048,-0.144075703883953],[-78.136755351624714,-0.144053541364164],[-78.13671281264493,-0.143775388293101],[-78.137071839002516,-0.143708099661113],[-78.137160656843477,-0.143779157224514],[-78.137314002171109,-0.143916690172743],[-78.137563004112877,-0.14418870616248],[-78.137850710865919,-0.144398055775022],[-78.137956239569476,-0.144570746271771],[-78.13803822330398,-0.144618879605722],[-78.138212816730757,-0.144707503356586],[-78.138269747045257,-0.144715902684482],[-78.138301627400878,-0.144715134841443],[-78.138367662683962,-0.144690673750547],[-78.138374483260023,-0.144594387365531],[-78.138381313827765,-0.144585980692392],[-78.138371437202068,-0.144508036346092],[-78.138372944094286,-0.144409458058806],[-78.138366096459123,-0.144268087137043],[-78.138358502042792,-0.144234464472539],[-78.13815881720096,-0.143774456444689],[-78.137977371443313,-0.14350472507165],[-78.13791511045946,-0.143345784715525],[-78.13783008088545,-0.143214357187107],[-78.137826278481782,-0.143152459774431],[-78.137799692118833,-0.142984345243903],[-78.137807276185654,-0.142927795701853],[-78.137817901410401,-0.14291403938276],[-78.137930989578962,-0.14281468393497],[-78.13814123267133,-0.142676344372942],[-78.138146544401721,-0.142661824497546],[-78.138160177165986,-0.142399712153662],[-78.138136628773793,-0.14224764483177],[-78.138097148999435,-0.142171996511352],[-78.138081200725864,-0.142102458801867],[-78.13807890600728,-0.141951153168561],[-78.138088008761031,-0.141899952625592],[-78.138070539515638,-0.141805961620398],[-78.138043963966126,-0.141732604313269],[-78.138002964624974,-0.141644729456939],[-78.137993851753649,-0.141608814485972],[-78.138013584413514,-0.141584358681884],[-78.138027247633033,-0.141585885413257],[-78.137942221859817,-0.141488845704183],[-78.137788115687911,-0.141339086364442],[-78.137712193970714,-0.141202308726221],[-78.13758540806657,-0.141002875112181],[-78.137306795097302,-0.140670493840271],[-78.137247575017199,-0.140554346926769],[-78.137135217783182,-0.140411460371315],[-78.137074469700309,-0.140211254909328],[-78.137058516655642,-0.140101980421335],[-78.137057732600155,-0.139889541104048],[-78.137049371267992,-0.139790199932248],[-78.137024304179874,-0.139635840481316],[-78.137028083318953,-0.139499053505875],[-78.137055387430522,-0.13931335679613],[-78.13705764579322,-0.139154409052567],[-78.137056880672816,-0.139103209718061],[-78.137028018026413,-0.138947322396268],[-78.137025736323622,-0.138909114144425],[-78.137032547339928,-0.138736410786738],[-78.137078063518302,-0.138507154140931],[-78.137050714081326,-0.138310765610106],[-78.136933770788772,-0.13790424104517],[-78.136920087480519,-0.137734596862016],[-78.136922340683256,-0.137534383930191],[-78.136929926217448,-0.137492353633951],[-78.136981516617297,-0.137279907970868],[-78.137033123873366,-0.137208069663378],[-78.137035399668008,-0.137196606828458],[-78.137039925903323,-0.136962770094679]]}},
{"type":"Feature","properties":{"capa_cad":"ACAD-TOP-BASE PRESA POROTOG-Model|C3D-Superficie_ConMen","color":"#B8A15C"},"geometry":{"type":"LineString","coordinates":[[-78.134940928360436,-0.148339211594732],[-78.134883992411332,-0.148278084435986],[-78.1347245781715,-0.148165005264237],[-78.134612220840395,-0.148010655728974],[-78.134575778383308,-0.147940356278482],[-78.134552245962595,-0.147925075541022],[-78.134351070297143,-0.147691262480431],[-78.134312351680762,-0.147630133336113],[-78.134113431754031,-0.147203749643819],[-78.134186281760918,-0.147030275152407],[-78.134189302304264,-0.146889667786888],[-78.1341855033603,-0.146856808966327],[-78.134154378332937,-0.146823189068861],[-78.133874239913524,-0.146402928140549],[-78.133852980289632,-0.146348674597978],[-78.133824890108613,-0.146302827685259],[-78.133749726078278,-0.146146181717275],[-78.133704938651363,-0.146117912583458],[-78.133682923565374,-0.146095754207449],[-78.13362825804036,-0.145975021844701],[-78.133525756994999,-0.145720565515763],[-78.133458192239573,-0.145641863906744],[-78.133409610140973,-0.145618944409282],[-78.133339767101944,-0.145530308889698],[-78.133326092482136,-0.14542714776759],[-78.133313925693926,-0.14523305048068],[-78.133283559183312,-0.145194845557302],[-78.133271407742029,-0.145136770181365],[-78.133244064221699,-0.1449816472151],[-78.133238732057862,-0.144815823376665],[-78.133217472807303,-0.144765390733191],[-78.133206838674937,-0.14470043767918],[-78.133195451466662,-0.144688212301135],[-78.133143832276758,-0.144657651519275],[-78.133085375351229,-0.144572071439901],[-78.132982891171096,-0.144468156411121],[-78.132959349882569,-0.144374930652138],[-78.132933537682121,-0.144336725238152],[-78.132866725578779,-0.144202239419941],[-78.132822688320502,-0.144096025191566],[-78.132720952719723,-0.143900410026977],[-78.132693612804445,-0.143778146371444],[-78.132634393030855,-0.143659707252963],[-78.132558464872019,-0.143461032494762],[-78.132421814888616,-0.143284525673431],[-78.132383083230039,-0.143111064173359],[-78.132376232611449,-0.142944476478322],[-78.132342070344762,-0.142902451251642],[-78.132284362104471,-0.142727463655585],[-78.13224258410942,-0.142466887478287],[-78.13222281809459,-0.142201723738465],[-78.132219007275722,-0.142067230741931],[-78.132210655029652,-0.142044306702588],[-78.132208366282242,-0.141944201057018],[-78.132190889184514,-0.141781435479229],[-78.132187059152855,-0.141481882360256],[-78.132171847415265,-0.141218246447468],[-78.132175633698338,-0.141141065107491],[-78.132137660160765,-0.140962254457088],[-78.1321019505462,-0.140670346803364],[-78.132063987488579,-0.140581707906772],[-78.132054092148735,-0.140345581421377],[-78.132041939765159,-0.140281392821987],[-78.132043451512146,-0.140227136773184],[-78.132016097862277,-0.139991012373485],[-78.132007743691887,-0.139952040843506],[-78.131969787320543,-0.139920714511464],[-78.131952316955321,-0.139817554032372],[-78.131947756699958,-0.13976711954684],[-78.131965961398251,-0.139660133979186],[-78.131957610996992,-0.139653257471677],[-78.131956837539391,-0.139530990825717],[-78.131934043665623,-0.139342244275062],[-78.131969672043482,-0.138943344774977],[-78.131994701629452,-0.13878133833844],[-78.131991657171071,-0.138711799494562],[-78.13200833123544,-0.138500123190339],[-78.132050052126502,-0.138272396349718],[-78.132179037553257,-0.137821522112109],[-78.132208618384269,-0.137635061716305],[-78.132232839008296,-0.137058112469915],[-78.132249526816878,-0.136963353693206]]}},
{"type":"Feature","properties":{"capa_cad":"ACAD-TOP-BASE PRESA POROTOG-Model|C3D-Superficie_ConMen","color":"#B8A15C"},"geometry":{"type":"LineString","coordinates":[[-78.138154756169627,-0.148157743347689],[-78.138037097506484,-0.148115727126066],[-78.137958910549074,-0.148079819852704],[-78.137953591473604,-0.148028620983256],[-78.137958123461686,-0.147826879293211],[-78.137953568181018,-0.147818473922811],[-78.137753153123398,-0.147604528573472],[-78.137384217984362,-0.147307307691503],[-78.137362201738867,-0.14727521500495],[-78.137202783725655,-0.147132333090847],[-78.137045635298676,-0.146921439781763],[-78.136975035110012,-0.146851144087632],[-78.136920375125342,-0.146780846596041],[-78.136737410518023,-0.146496595964207],[-78.136622765042674,-0.146248253650458],[-78.136625800241845,-0.146239083262223],[-78.136702457547088,-0.146172591725676],[-78.136792027237931,-0.146180987404646],[-78.136835278130263,-0.146044195982365],[-78.136829194930101,-0.145948675377376],[-78.136792743066096,-0.145796609631953],[-78.136791981512673,-0.14577444877846],[-78.136774521389498,-0.145758403194619],[-78.136760854743912,-0.145726309600932],[-78.136738811569927,-0.14545579582375],[-78.136729665385147,-0.145124146952369],[-78.136687128396687,-0.144861277253347],[-78.136701537125816,-0.144743593370585],[-78.136701529228148,-0.144674053874195],[-78.136682528909063,-0.144463909232847],[-78.136684795903776,-0.144374501047613],[-78.136705285484624,-0.144330940975871],[-78.136699957629787,-0.144204089321263],[-78.13670527024523,-0.144197211174657],[-78.136769028253568,-0.144172750355901],[-78.136801662393523,-0.1441261321916],[-78.136805454627734,-0.144099385790176],[-78.136816838479362,-0.144081808554988],[-78.136785697415092,-0.143909109656154],[-78.136782655684428,-0.143860967276073],[-78.137008091303628,-0.14382273263184],[-78.137093862418951,-0.143802090085709],[-78.137122706597779,-0.143802086742071],[-78.137268459945858,-0.143927393837353],[-78.13753643988413,-0.144213162700873],[-78.137641198555116,-0.144289567685867],[-78.137704971767462,-0.144398072597238],[-78.137847692552327,-0.144555475363763],[-78.137914499986707,-0.144646404023924],[-78.137949419951539,-0.144675438503842],[-78.138182467340229,-0.144821368374872],[-78.138209033245673,-0.144811431090782],[-78.138395762509504,-0.14481981548644],[-78.138555917471407,-0.144764012531843],[-78.138558188568226,-0.144710520262096],[-78.13859916520741,-0.144600474835435],[-78.138590809392696,-0.144546219617379],[-78.138605222628996,-0.144468272454103],[-78.138577889653078,-0.144407906055141],[-78.138543719836591,-0.144300925984991],[-78.138486776170538,-0.144175608438738],[-78.138460198489284,-0.144082382591865],[-78.138451839596044,-0.144001381382876],[-78.138204341343837,-0.14360556930481],[-78.13811398679465,-0.143373271738885],[-78.137983407585196,-0.143188357509273],[-78.137918115954008,-0.143078324474599],[-78.137907485363584,-0.143045466356289],[-78.137903686117014,-0.143011079099493],[-78.137907479647083,-0.142995795234752],[-78.137965162149968,-0.14294458903817],[-78.138063073314967,-0.142881151399665],[-78.138100261342771,-0.142830711755255],[-78.138221701460751,-0.142751223751076],[-78.138237634362824,-0.142687795668012],[-78.138243689005051,-0.142533432349925],[-78.138204949477398,-0.142295015436746],[-78.13819431903886,-0.142263685660167],[-78.13814117409548,-0.142169698829116],[-78.138119911086818,-0.14208869917247],[-78.13811913758515,-0.141964139349026],[-78.138136584655101,-0.141867087546895],[-78.13812671095647,-0.141815889234371],[-78.138090265344076,-0.14172266463379],[-78.138116828641159,-0.141690566312277],[-78.138126696216773,-0.141689036807152],[-78.138048501965017,-0.141591996276835],[-78.137925519029068,-0.141458280829989],[-78.137608935905021,-0.140977654686345],[-78.137495059585348,-0.140826362346434],[-78.137335636234894,-0.140644508612575],[-78.137281730447725,-0.140536002773121],[-78.137170131996243,-0.14039082361327],[-78.137103308755854,-0.140167693752661],[-78.137095712704422,-0.140121080252832],[-78.13710177905179,-0.140069115931133],[-78.137100238812863,-0.139881130154326],[-78.137063776684798,-0.139648826660518],[-78.137067554110615,-0.139497520440141],[-78.137094097628932,-0.139298832915414],[-78.137094838779959,-0.13914752705418],[-78.137092556449971,-0.139103969605801],[-78.137065972333161,-0.138959544563544],[-78.137061411827702,-0.138907581514511],[-78.137068223842036,-0.138743284027309],[-78.13711753349051,-0.138498743505495],[-78.137088667029047,-0.138311525198055],[-78.137024878075991,-0.138075404209069],[-78.136971724188726,-0.137908821472051],[-78.136955003738095,-0.137731535946681],[-78.136961051401272,-0.137524445013652],[-78.13699898400715,-0.137355558725953],[-78.137011882934573,-0.13731352777947],[-78.13708777488273,-0.137198892964873],[-78.137093071019649,-0.13705522825347],[-78.137080155928786,-0.136962765189489]]}},
{"type":"Feature","properties":{"capa_cad":"ACAD-TOP-BASE PRESA POROTOG-Model|C3D-Superficie_ConMen","color":"#B8A15C"},"geometry":{"type":"LineString","coordinates":[[-78.134910566119046,-0.148339214990284],[-78.134866535135629,-0.148287256417999],[-78.134742040256043,-0.148199390913],[-78.134604630197757,-0.148009892411064],[-78.134314633254917,-0.147669869851704],[-78.134143043844233,-0.147283984004489],[-78.134088383179474,-0.147206044974816],[-78.134168061788856,-0.147006587983893],[-78.134168805930358,-0.146872858395412],[-78.133856781813648,-0.146404458458638],[-78.133739100934733,-0.146160702123321],[-78.133698868182364,-0.146135489144338],[-78.133692794112108,-0.146120970637797],[-78.133663188732541,-0.146101105630114],[-78.133654078613176,-0.146088115806079],[-78.133509059332951,-0.145734322447317],[-78.133456678173872,-0.145677779981156],[-78.133444530971389,-0.145657148828263],[-78.133357994406907,-0.145618950301615],[-78.133323832116375,-0.14557616079178],[-78.133298745546497,-0.145241458066854],[-78.133255473809484,-0.145191792101863],[-78.133248639379957,-0.145165811173308],[-78.133228890821414,-0.14504965990466],[-78.133222793985638,-0.144834165238369],[-78.133195460478973,-0.144767685766251],[-78.13319014363006,-0.144737119659535],[-78.133157501416392,-0.144711905869611],[-78.133083101570307,-0.144601874248385],[-78.133003391808813,-0.144522409965266],[-78.132957841587952,-0.144461281785561],[-78.132939616027258,-0.144388687946018],[-78.132900137282576,-0.144319153229902],[-78.132836362006415,-0.144190016240073],[-78.132827249436886,-0.144155629745231],[-78.132701977580169,-0.143911110567836],[-78.132674635833936,-0.143772799394801],[-78.13262528603822,-0.143674227491646],[-78.13255011702428,-0.143476316813493],[-78.132408912806653,-0.143300574687979],[-78.132359549218265,-0.143082028550272],[-78.132355740432502,-0.142964347216849],[-78.132329169498746,-0.142929198612308],[-78.132257793012911,-0.142708362572074],[-78.132225128069464,-0.142485993700875],[-78.132200033665271,-0.142090922151801],[-78.132193199174267,-0.142064941265631],[-78.13219090812872,-0.14194496727282],[-78.132169631243499,-0.141743229613857],[-78.132167324548604,-0.141488762189201],[-78.132149070903679,-0.141176219936237],[-78.132151344416954,-0.141144888810933],[-78.132132357295959,-0.141052426817195],[-78.132086010682485,-0.140672641193144],[-78.132050325502135,-0.140590115365107],[-78.132046527730452,-0.14056871913436],[-78.132037394306991,-0.140357045911591],[-78.132022204096771,-0.140279102665021],[-78.13202219782562,-0.140225610964732],[-78.131998640612025,-0.139999420290333],[-78.131990285723816,-0.139954335423883],[-78.131958402052717,-0.139925300870244],[-78.131934093372706,-0.139764064507714],[-78.131948504421331,-0.139670834401998],[-78.131941672307732,-0.139665486047552],[-78.131940139347478,-0.139539398658501],[-78.131915825925091,-0.139338425618801],[-78.131952212360048,-0.138931120195853],[-78.13197269070065,-0.138795095990526],[-78.131970407290027,-0.138742368733223],[-78.13199238729463,-0.138468030089561],[-78.13202728096779,-0.138276219930915],[-78.132046251675334,-0.13822883927893],[-78.132157784592792,-0.137826109686513],[-78.132156263475167,-0.137800892351286],[-78.132179776072874,-0.137649584388071],[-78.132212345929787,-0.137069577472035],[-78.132231309524073,-0.136963355910721]]}},
{"type":"Feature","properties":{"capa_cad":"ACAD-TOP-BASE PRESA POROTOG-Model|C3D-Superficie_ConMen","color":"#B8A15C"},"geometry":{"type":"LineString","coordinates":[[-78.138182080404235,-0.148140928515086],[-78.138088712612827,-0.148108079623913],[-78.138053034766259,-0.148088979346162],[-78.138053775624911,-0.147924682453831],[-78.138000631984156,-0.14783833708179],[-78.137766055918988,-0.147593828726308],[-78.137406230145601,-0.147302720182714],[-78.137365234564584,-0.147244647832845],[-78.137212648661531,-0.147107114344953],[-78.137068405996899,-0.146912267158099],[-78.136964403439848,-0.146807587574429],[-78.13675107123585,-0.146475961814249],[-78.136694127814494,-0.146349880181937],[-78.136674378867824,-0.146229907692602],[-78.136700183893751,-0.146203922966677],[-78.136741173409362,-0.146207739153987],[-78.136790522333015,-0.146298669811169],[-78.136853499626952,-0.146080874085481],[-78.136847412733474,-0.14595249415213],[-78.136807921713839,-0.145774446958506],[-78.136795016277944,-0.145761457535806],[-78.136776792791565,-0.145707203521823],[-78.136756268848856,-0.145446623781708],[-78.136746366112789,-0.145137135931676],[-78.136704588010176,-0.144872737800516],[-78.136716721217581,-0.144769573413793],[-78.136717472899321,-0.144704618850916],[-78.136696952906377,-0.144480719315984],[-78.136698459888265,-0.144382905344081],[-78.136724262260117,-0.144333995466484],[-78.136724255034324,-0.144270569331143],[-78.136717419775636,-0.144237710797193],[-78.136720452780949,-0.144209436145228],[-78.136806222227548,-0.144174274397725],[-78.136835820575754,-0.144131477434856],[-78.136838095393358,-0.144110844571262],[-78.136847202335559,-0.144095560110185],[-78.136823657430696,-0.14397176723123],[-78.136817577203587,-0.143903756771407],[-78.136857805923171,-0.143892289556058],[-78.137001265554488,-0.143873168676043],[-78.137129543182439,-0.143846407843659],[-78.137146242619082,-0.143847934249664],[-78.137254039426168,-0.143941150579582],[-78.137536442498231,-0.144236087826389],[-78.137788481694159,-0.144517273638722],[-78.137892489131843,-0.144662454152982],[-78.137968402131051,-0.144725871613197],[-78.138254587141887,-0.144903126409364],[-78.138273563335389,-0.144900831712934],[-78.138340356638736,-0.144867200489508],[-78.138445107281669,-0.144872537639061],[-78.138643213610294,-0.144802975232164],[-78.138672810985085,-0.144751008154802],[-78.138713028834033,-0.144643255320719],[-78.138710749659921,-0.144625679635482],[-78.138734266472412,-0.144502645286718],[-78.138729709685776,-0.14448124900594],[-78.138687951463325,-0.144393374086778],[-78.138668968036583,-0.144332242549135],[-78.138586968814096,-0.144148850846046],[-78.138555077632489,-0.144054861435253],[-78.138546721268852,-0.143996021194103],[-78.138315927875297,-0.143649114113558],[-78.138224054243921,-0.143408410813994],[-78.138062348994779,-0.143182999114057],[-78.137998575474001,-0.143072965895281],[-78.138000087082759,-0.143016417052223],[-78.13811925047024,-0.142940750197414],[-78.138203492790623,-0.142826878839188],[-78.138260417827922,-0.142789427792759],[-78.138283179169633,-0.142699252911966],[-78.138287721522133,-0.142595325074978],[-78.138268736685106,-0.142522731018239],[-78.138236830887465,-0.142303417581917],[-78.138162427276328,-0.142165875477559],[-78.138139645973837,-0.142083347655316],[-78.138138873889929,-0.141971014569812],[-78.138160113145261,-0.141847216325072],[-78.138136573650215,-0.141772330311298],[-78.138162378246989,-0.141743288764071],[-78.138178318730937,-0.141745579400534],[-78.137955123618568,-0.141469739903309],[-78.137845040118677,-0.141297050231897],[-78.137523903949415,-0.140827887268555],[-78.13734929783584,-0.140632280259071],[-78.13729615101461,-0.140523010158047],[-78.137189866499028,-0.140382415389481],[-78.137115449809073,-0.140134832971507],[-78.13712151507869,-0.140073698602081],[-78.137120733087556,-0.139878835196243],[-78.137083512712366,-0.139653409324058],[-78.137088047481058,-0.13948758376973],[-78.13711231536297,-0.139301887413825],[-78.137113061128304,-0.139189554249181],[-78.137108495836088,-0.139097090157111],[-78.137087987890027,-0.138983995375836],[-78.137079628564862,-0.138902230130577],[-78.137086441122932,-0.138742517664035],[-78.1371372687953,-0.138497212784583],[-78.13710536528491,-0.138303117305503],[-78.13704309508168,-0.138072345323588],[-78.136988422622323,-0.137901941915501],[-78.136972460953046,-0.137722363784179],[-78.136980027735774,-0.137523678538841],[-78.137021754068925,-0.137341800888186],[-78.137114342065459,-0.137200418072201],[-78.137118124405674,-0.13709266955937],[-78.137100650470614,-0.136962762690597]]}},
{"type":"Feature","properties":{"capa_cad":"ACAD-TOP-BASE PRESA POROTOG-Model|C3D-Superficie_ConMen","color":"#B8A15C"},"geometry":{"type":"LineString","coordinates":[[-78.138209404723796,-0.14812487785294],[-78.138148677361357,-0.148100431184171],[-78.138148668730551,-0.148022485715678],[-78.138043140931913,-0.147853615727092],[-78.137901940787344,-0.147715316628207],[-78.137766053456303,-0.147571667767221],[-78.137420650964657,-0.147291255993482],[-78.137365989876002,-0.147211024234816],[-78.137215681226849,-0.14707425466454],[-78.137090417552685,-0.146902330449407],[-78.136958326539343,-0.146767851398289],[-78.136779156951533,-0.146481307817416],[-78.136855032849098,-0.146215367901579],[-78.136873998208728,-0.146116787760023],[-78.136867149941054,-0.145967775309893],[-78.136822343284265,-0.145769860289639],[-78.136798048029178,-0.145721720330706],[-78.136791970489725,-0.145676634973645],[-78.136774487342677,-0.145456555910944],[-78.136764586944139,-0.145167700654846],[-78.136745593121759,-0.145014104597359],[-78.13672204831721,-0.144890311710449],[-78.136733418999327,-0.144756580597196],[-78.136710614108168,-0.144464670164329],[-78.136712882494976,-0.14438748870166],[-78.136743997222638,-0.144329408166362],[-78.136743991389807,-0.144278208755013],[-78.136737156044077,-0.144244586050141],[-78.136740189310942,-0.14421860390866],[-78.136843416289892,-0.14417656260997],[-78.136866184170444,-0.14414293648037],[-78.136878325249612,-0.144109311578293],[-78.136855540362546,-0.143993924482173],[-78.136853257692238,-0.143945782011031],[-78.136911703524575,-0.143932020175954],[-78.137169019581762,-0.14389378184708],[-78.137255560858648,-0.143970188888941],[-78.137716365116347,-0.144463789986582],[-78.137875033145477,-0.144683088783281],[-78.13800028933548,-0.144785473292845],[-78.13832822514587,-0.144985648450861],[-78.138361622840137,-0.144978002898123],[-78.138471680131602,-0.144923734071822],[-78.138494451967077,-0.144924495624633],[-78.13869483574328,-0.144857225476182],[-78.138719880767198,-0.144822834869918],[-78.138786664020856,-0.144700559711404],[-78.138807915573821,-0.144682217141945],[-78.138862549966618,-0.14452555563784],[-78.1387623277801,-0.144293259007756],[-78.138722843491323,-0.14417710947874],[-78.138695505436218,-0.144072421126181],[-78.13865526573818,-0.143988366906723],[-78.138634766795093,-0.143950160701104],[-78.138418402566955,-0.143665149815645],[-78.138334121703082,-0.143443549895363],[-78.138154196328543,-0.143194450982163],[-78.138162524518847,-0.143007992219143],[-78.138177704447699,-0.142997292050072],[-78.13830444830667,-0.142833744587127],[-78.138302927900142,-0.142813876308971],[-78.138330999036427,-0.142692369777241],[-78.138331754126028,-0.142657981976115],[-78.138299859567226,-0.14253571828722],[-78.13826795359401,-0.142314876501887],[-78.138184439604075,-0.142162816207999],[-78.138159379089487,-0.142062712712576],[-78.138158610549581,-0.141980946475905],[-78.138184402823256,-0.14184568512395],[-78.138182881778803,-0.141820467650168],[-78.138206409736426,-0.141796011398713],[-78.13822690474656,-0.141799829842436],[-78.13795891641621,-0.141448342663648],[-78.137859460612319,-0.141283293448624],[-78.137539842369563,-0.140812601961706],[-78.1373629594368,-0.140620051905265],[-78.137315885968533,-0.140518422789024],[-78.137208841675758,-0.140371714743762],[-78.137139741077718,-0.140147056806909],[-78.137135183859655,-0.140122603890806],[-78.137142009983435,-0.14007675284152],[-78.137141227362619,-0.139876540238058],[-78.137103248830414,-0.139658756158316],[-78.137107782516694,-0.139483760554326],[-78.13713129061793,-0.139291950921452],[-78.13713052107201,-0.139203307225096],[-78.137125195094256,-0.139097088152269],[-78.137097087967391,-0.138911398078354],[-78.137105416735253,-0.138735637844841],[-78.137157004100445,-0.138495682063601],[-78.137119025855412,-0.138282483050166],[-78.137006639535528,-0.137898118856874],[-78.13699219661936,-0.137723889732063],[-78.136998244921969,-0.137522147985662],[-78.137033143683468,-0.137373130494893],[-78.137041490469699,-0.137349440193684],[-78.137142426078185,-0.137191244606518],[-78.137143177240134,-0.137125525843365],[-78.137120385955683,-0.136962760284229]]}},
{"type":"Feature","properties":{"capa_cad":"ACAD-TOP-BASE PRESA POROTOG-Model|C3D-Superficie_ConMen","color":"#B8A15C"},"geometry":{"type":"LineString","coordinates":[[-78.134887035382519,-0.148339217621799],[-78.134855150898389,-0.148301776903711],[-78.134755706553975,-0.14822919197369],[-78.134595521612596,-0.148010657601108],[-78.134307042953125,-0.147672163210874],[-78.134159749522937,-0.147342058934162],[-78.134063334605443,-0.147208340305699],[-78.134149083101946,-0.146985957576197],[-78.134149832868545,-0.146902663115827],[-78.13413388980517,-0.146876683186896],[-78.13411946289078,-0.146833127210245],[-78.133836287236377,-0.146403696616135],[-78.133728475876808,-0.146175986697379],[-78.133692038658012,-0.14615306579134],[-78.133683686650954,-0.146131670029387],[-78.133635103179031,-0.146096523815272],[-78.13349539849284,-0.145753428209101],[-78.133448331408189,-0.145702998481319],[-78.133430869617115,-0.145671669581317],[-78.133308655667605,-0.145617427597852],[-78.133285084630913,-0.145259799662915],[-78.133227388436353,-0.145188738646541],[-78.133216755968945,-0.145138304779059],[-78.133203817789493,-0.144835695753501],[-78.133172688576551,-0.144765395878904],[-78.133090697060311,-0.144645430943405],[-78.13301174592192,-0.144562145730308],[-78.132934310288121,-0.144455935320967],[-78.132920641139805,-0.14440168098422],[-78.132843959944765,-0.144254969618498],[-78.132812830882159,-0.144186198116889],[-78.132809033086431,-0.144164037692293],[-78.13275664805704,-0.144073871955506],[-78.132689076706484,-0.143937857925706],[-78.132655659038278,-0.143768980753475],[-78.132620734681339,-0.14370020971582],[-78.132539491488814,-0.143487016391165],[-78.132391454910859,-0.143303633385401],[-78.132338293772449,-0.143065219341116],[-78.132334489199422,-0.142984218043021],[-78.132317028233132,-0.142960530888009],[-78.132236540290975,-0.142715242557313],[-78.132206912006296,-0.142496694171598],[-78.132176502284352,-0.14208481157182],[-78.132173449975454,-0.141945733488585],[-78.132148373390308,-0.141705787917122],[-78.132146829914234,-0.14148723626772],[-78.132128573065927,-0.141147184000554],[-78.132070070908298,-0.140675699750026],[-78.132038182159619,-0.140603107646249],[-78.132028308382317,-0.140551145449421],[-78.132020697002403,-0.140373095404334],[-78.132007784671458,-0.140301265225297],[-78.131978904046477,-0.139989488467143],[-78.131972068791995,-0.139957394261679],[-78.131948535431292,-0.139934472050713],[-78.131920428517063,-0.139748018628322],[-78.131930288660712,-0.139683827416309],[-78.13192573361853,-0.139677714623056],[-78.131922681291528,-0.139540929077955],[-78.131897608094675,-0.139333842795571],[-78.131932478681748,-0.138945641738365],[-78.131950679681552,-0.138808089474944],[-78.131949157317948,-0.138772173803624],[-78.131966594346963,-0.138593356602666],[-78.13197340949867,-0.138455805700266],[-78.132006027462538,-0.138276222493254],[-78.132028792256435,-0.138218907211464],[-78.132136531541491,-0.137829933093504],[-78.132133489944579,-0.137784847594608],[-78.132147901746379,-0.137699259119482],[-78.132191852576412,-0.137078749971927],[-78.132211574123858,-0.136963358312989]]}},
{"type":"Feature","properties":{"capa_cad":"ACAD-TOP-BASE PRESA POROTOG-Model|C3D-Superficie_ConMen","color":"#B8A15C"},"geometry":{"type":"LineString","coordinates":[[-78.138235969900933,-0.148108063103818],[-78.138235969900933,-0.148108063103818]]}},
{"type":"Feature","properties":{"capa_cad":"ACAD-TOP-BASE PRESA POROTOG-Model|C3D-Superficie_ConMen","color":"#B8A15C"},"geometry":{"type":"LineString","coordinates":[[-78.138235969900933,-0.148108063103818],[-78.138108424506072,-0.147894873635992],[-78.138073503510498,-0.147855904827863],[-78.137885995902749,-0.147673289012169],[-78.137787306653152,-0.147567844518148],[-78.137438867497693,-0.147283612229454],[-78.137366745186441,-0.147177400636725],[-78.13722630530431,-0.147049800002654],[-78.137104078367301,-0.146882460468264],[-78.136980338091675,-0.14675791468789],[-78.136982611247518,-0.146721998417384],[-78.136952242200763,-0.146661632392807],[-78.136866450160497,-0.146495817142719],[-78.136824697302387,-0.14645379251244],[-78.136893745541641,-0.146222241030326],[-78.136898290359355,-0.146137417595346],[-78.136892214982055,-0.146111436492571],[-78.136886886633107,-0.145978471445685],[-78.136838283485858,-0.145769858469599],[-78.136811708388819,-0.145698029488836],[-78.136791944708463,-0.145448148038929],[-78.136782807861508,-0.145199029549321],[-78.136760014774509,-0.145010282089487],[-78.136739507930997,-0.144901772258372],[-78.136748602223847,-0.144774918938078],[-78.136724278005431,-0.144472310291751],[-78.136726546566706,-0.144396657168779],[-78.136762973824702,-0.144330934316363],[-78.136759925754092,-0.144227007502066],[-78.136879851296243,-0.14417885091004],[-78.136900342441734,-0.144149045894757],[-78.136908689194357,-0.144123827305311],[-78.136888182613873,-0.144018374157723],[-78.136888179210686,-0.143988571511511],[-78.137184964764657,-0.143937337725558],[-78.137195592092098,-0.143941921518649],[-78.137500768793601,-0.144253667878023],[-78.137664745796769,-0.144433993274733],[-78.137858336303694,-0.144704487496577],[-78.138003330166001,-0.144825974015072],[-78.138399586061141,-0.145068934935781],[-78.138535450650636,-0.145008549778308],[-78.138569607409451,-0.145000904137295],[-78.138599206178696,-0.144961163813573],[-78.138741903959115,-0.144915297107148],[-78.138789717704086,-0.14485415787163],[-78.138833733811083,-0.144772386431363],[-78.138889898238148,-0.14472041628395],[-78.138924044665274,-0.144621834189319],[-78.138967307701549,-0.144592790672653],[-78.138971856574926,-0.144544647323222],[-78.138971089077614,-0.144470522744858],[-78.138939954181083,-0.144352079708888],[-78.138915662651911,-0.144337563251058],[-78.138876934019393,-0.144191610919088],[-78.138734198202329,-0.143904298881027],[-78.138712940109158,-0.143865328590711],[-78.138651446936208,-0.143782805186083],[-78.138479116191306,-0.143568857158522],[-78.138444189172162,-0.143478688983007],[-78.138376622382367,-0.143386232096022],[-78.138310570370024,-0.143264736530968],[-78.138266537974459,-0.143203607950197],[-78.13826804774385,-0.143131011495801],[-78.138277906707984,-0.143054593210692],[-78.138382641332527,-0.142920850995143],[-78.138372009147716,-0.14287423777968],[-78.138350750147239,-0.142827625806633],[-78.138375786023175,-0.14271452551071],[-78.138330982538349,-0.14254946972825],[-78.138301354271334,-0.142333212697697],[-78.138205692874223,-0.142159757027426],[-78.138189746369392,-0.142105502737382],[-78.138179112205066,-0.142042077769085],[-78.138179105381127,-0.14198323658026],[-78.138195035313117,-0.141894590836125],[-78.138205661592949,-0.141890004558129],[-78.138207936726616,-0.141872428350268],[-78.138230706071525,-0.141851793045238],[-78.138249682788441,-0.141854083326015],[-78.138243608549473,-0.141838800614089],[-78.138243605887041,-0.141815875474296],[-78.138132006957122,-0.141666111043567],[-78.138081139498965,-0.141575180661685],[-78.137974096771941,-0.14144146333155],[-78.13786780757458,-0.141260367329737],[-78.137769873347665,-0.141125120633642],[-78.137555022179214,-0.140801137598745],[-78.137376621037788,-0.14060782355114],[-78.137327269768562,-0.140500845509829],[-78.137227816852686,-0.140361014097669],[-78.137176941798117,-0.14020589351291],[-78.137157954498818,-0.140113431130247],[-78.137163264035678,-0.14008057116117],[-78.13716172244807,-0.13988112281518],[-78.137122983776862,-0.139654168775244],[-78.137126761564204,-0.139505919229322],[-78.137149504013308,-0.139258325231339],[-78.137144171524312,-0.139097085874027],[-78.137115304523846,-0.13890451835315],[-78.137122874959573,-0.138734871572748],[-78.137178258156766,-0.138499500353782],[-78.137141040061366,-0.13829547129166],[-78.137025616053947,-0.137898880729244],[-78.137013449943055,-0.137721594643408],[-78.137017221165536,-0.137520617340256],[-78.137050603646216,-0.137386883442034],[-78.137075646022012,-0.137332624288514],[-78.137168234388596,-0.13719429814731],[-78.137168990233093,-0.137167552083645],[-78.137140880498237,-0.136962757785303]]}},
{"type":"Feature","properties":{"capa_cad":"ACAD-TOP-BASE PRESA POROTOG-Model|C3D-Superficie_ConMen","color":"#B8A15C"},"geometry":{"type":"LineString","coordinates":[[-78.134861986534503,-0.148339220423071],[-78.13483921190354,-0.148312477053372],[-78.134772409581245,-0.148263577709276],[-78.134598559610779,-0.1480267048071],[-78.134299452651391,-0.147674456570028],[-78.134187843494033,-0.147422293472575],[-78.134037527061594,-0.147211399890549],[-78.134130104415007,-0.146965327169172],[-78.134130099898471,-0.146924826235434],[-78.1340982143698,-0.146878215558334],[-78.134073156841609,-0.14680027320155],[-78.133834772804803,-0.146436556028026],[-78.133808202877304,-0.146409813150184],[-78.133813513867935,-0.146388415833459],[-78.133717850818769,-0.146191271271147],[-78.133685209133404,-0.146170642438128],[-78.133673820134632,-0.146142369507118],[-78.13363206884533,-0.14611333586164],[-78.133602460808333,-0.146069781640702],[-78.133480978511614,-0.14577176988887],[-78.133440743696951,-0.14572821689454],[-78.133417967403759,-0.145686954415482],[-78.133310935500148,-0.145641116546253],[-78.133301065807544,-0.145623541808401],[-78.133290434907835,-0.145586862957574],[-78.133270664142572,-0.145273556337517],[-78.133260035217475,-0.145254453354385],[-78.133200062118675,-0.145185685104411],[-78.133187120143191,-0.144849452693927],[-78.133146880195781,-0.144760813836793],[-78.133102088428927,-0.144694336377759],[-78.133078554006161,-0.144661479865027],[-78.132992011022296,-0.144566733008063],[-78.132910019934215,-0.144450588943991],[-78.13290090719795,-0.1444146741094],[-78.132852317194818,-0.144322215413398],[-78.132817390863238,-0.144235868490557],[-78.132790058986856,-0.144183908241577],[-78.13278853870267,-0.144164804225249],[-78.132762727544119,-0.144135768833299],[-78.132672379340292,-0.143953907375462],[-78.132637441384574,-0.143765926191931],[-78.132612386917216,-0.143716258201191],[-78.132532662011727,-0.143504593035835],[-78.1323747559819,-0.143305927827167],[-78.132315519341134,-0.143040768635807],[-78.132313997020489,-0.143004088780063],[-78.132305646020882,-0.142991863074675],[-78.132213768493784,-0.142713716879334],[-78.13218945579014,-0.142514272058589],[-78.132159046428725,-0.142105446133594],[-78.132155231972249,-0.141939622288248],[-78.132127876097314,-0.141681336975219],[-78.132127853476874,-0.141486474334756],[-78.132114151041407,-0.141147185702881],[-78.132053371991162,-0.14067799422954],[-78.132025279405838,-0.140613043348457],[-78.132010849160807,-0.140542741680697],[-78.132003999608315,-0.140388380729461],[-78.131960687024971,-0.139991783137233],[-78.131954610824465,-0.139959688841874],[-78.131939428312592,-0.139947463976098],[-78.131906763751303,-0.139732736916376],[-78.131912831414226,-0.13969223533718],[-78.131905222695465,-0.139537874494934],[-78.131879390354726,-0.139330024139539],[-78.131928668753233,-0.138821847125937],[-78.131955948720886,-0.138434411123349],[-78.131983256395586,-0.138280810241303],[-78.132015126833252,-0.138198276346496],[-78.132115278490588,-0.137833756500333],[-78.13211071650548,-0.13776956700574],[-78.13214938467118,-0.137405054550616],[-78.132174391953924,-0.137058883746698],[-78.132191838723983,-0.136963360715257]]}},
{"type":"Feature","properties":{"capa_cad":"ACAD-TOP-BASE PRESA POROTOG-Model|C3D-Superficie_ConMen","color":"#B8A15C"},"geometry":{"type":"LineString","coordinates":[[-78.136908180664463,-0.146338393294345],[-78.13693322012351,-0.146254331697779],[-78.136935492577237,-0.146212302064178],[-78.136952960330262,-0.146296358827875],[-78.136908180664463,-0.146338393294345]]}},
{"type":"Feature","properties":{"capa_cad":"ACAD-TOP-BASE PRESA POROTOG-Model|C3D-Superficie_ConMen","color":"#B8A15C"},"geometry":{"type":"LineString","coordinates":[[-78.138276955493168,-0.148075963308742],[-78.138276955493168,-0.148075963308742]]}},
{"type":"Feature","properties":{"capa_cad":"ACAD-TOP-BASE PRESA POROTOG-Model|C3D-Superficie_ConMen","color":"#B8A15C"},"geometry":{"type":"LineString","coordinates":[[-78.138276955493168,-0.148075963308742],[-78.138281508404276,-0.148062971884724],[-78.138209384495724,-0.147942240912102],[-78.138193442240535,-0.14792390259176],[-78.137816907958779,-0.147550265249687],[-78.137475300479338,-0.14726756052983],[-78.137370533318119,-0.147113209866003],[-78.13723540700208,-0.146987136979636],[-78.137151896938107,-0.146864114960059],[-78.137034228174187,-0.146731162612837],[-78.137031948608993,-0.14670976609664],[-78.137059260222856,-0.14658061817945],[-78.137046351283885,-0.14653629775357],[-78.137033444569298,-0.146511845761981],[-78.13701902093824,-0.14649809233037],[-78.137031920632296,-0.146459882339615],[-78.136997751313814,-0.146355194862427],[-78.136978011451234,-0.146316224411588],[-78.136959021208739,-0.146193195124924],[-78.13694155851347,-0.146154224418936],[-78.136932444932285,-0.14611066774062],[-78.13692635967422,-0.145996807036578],[-78.136865606274469,-0.14574081687431],[-78.13684814296289,-0.145696496985662],[-78.136826100210769,-0.145429804040274],[-78.136817729246644,-0.145241054915315],[-78.136773667582048,-0.144920108420468],[-78.136779734492634,-0.144871200820677],[-78.13677592255452,-0.144724480551762],[-78.136752363466414,-0.144475363734398],[-78.136754633593668,-0.144413465675414],[-78.136801685477622,-0.144328637336306],[-78.136799398815512,-0.144245343030406],[-78.136954239426998,-0.144183427334988],[-78.136964864398365,-0.14416737852693],[-78.13697017570729,-0.14414903782145],[-78.13695878130369,-0.144074150432391],[-78.137060492449791,-0.144051977720997],[-78.137155373134945,-0.144038975842898],[-78.137172831367522,-0.144038209652092],[-78.137200158655276,-0.144048904878753],[-78.137314024511724,-0.14411231787232],[-78.137523549405529,-0.144331610672814],[-78.137578209390355,-0.144400379740937],[-78.137793816734018,-0.144707551610781],[-78.13785530701692,-0.144765621531403],[-78.138011688910069,-0.144906211027153],[-78.138062549523426,-0.144939064540766],[-78.138303952259264,-0.145135428830257],[-78.138404913319363,-0.145191201754784],[-78.138487654737773,-0.145227108319808],[-78.138581776587358,-0.145214870776],[-78.138616691542381,-0.145199583337942],[-78.138710812363655,-0.145178175730246],[-78.138741172451802,-0.145158303781999],[-78.138936221554928,-0.144903048007962],[-78.139028058538273,-0.144822799397839],[-78.139135832542152,-0.144714274577149],[-78.139170744030892,-0.144668420237536],[-78.139173778962345,-0.144656957308365],[-78.139185897546781,-0.144425411805341],[-78.13916995409177,-0.144397139283829],[-78.139183609658517,-0.144331418917659],[-78.139166902174836,-0.144259588684385],[-78.139052260061888,-0.144047162155713],[-78.138912572575975,-0.143866069616962],[-78.138822987315592,-0.14372317989118],[-78.138765290556975,-0.143650590277554],[-78.138617244900416,-0.143395374159211],[-78.138491221387426,-0.143222686061526],[-78.138495768796574,-0.14316231598286],[-78.138531439788636,-0.143121046562993],[-78.138538269467006,-0.143104998164552],[-78.138510928153593,-0.142972799680201],[-78.138451706469169,-0.142841369098077],[-78.138469913028075,-0.14274737387804],[-78.138456248393652,-0.142733620388902],[-78.1384114538197,-0.142645745909523],[-78.138392468806842,-0.142571623501312],[-78.138362841867732,-0.142366829029696],[-78.138340062431993,-0.142300348788331],[-78.138320324975581,-0.142283539332881],[-78.138245162032518,-0.14214370479515],[-78.13821933811451,-0.142006156989861],[-78.138220095399859,-0.141990873474414],[-78.138293720040792,-0.141956477107238],[-78.138277015620119,-0.141912157132723],[-78.13827700816816,-0.14184796673939],[-78.138251954726584,-0.141808996949424],[-78.13824360198133,-0.141782251935912],[-78.138206399880147,-0.141711188384225],[-78.138106185031447,-0.141546139200994],[-78.137996864858081,-0.141410129626108],[-78.137901963570243,-0.141246608212959],[-78.137795678187231,-0.141098371594585],[-78.137580067769889,-0.14077286030588],[-78.137407739616492,-0.140584130562039],[-78.137360666322323,-0.140484029784855],[-78.137264248733672,-0.140336556302284],[-78.137221725459383,-0.140199774814631],[-78.13719817752407,-0.140053821027415],[-78.137201951222693,-0.139870419624149],[-78.137162453670726,-0.13964499400859],[-78.137187458230969,-0.139269783239459],[-78.137182883080527,-0.139094024543908],[-78.137150980846528,-0.13890986325818],[-78.137157792044306,-0.138738688222665],[-78.137188137533869,-0.138597313003211],[-78.13722000666786,-0.138502552002178],[-78.137181269637395,-0.138291645580327],[-78.137061290276733,-0.137886649680172],[-78.137050642734707,-0.137713184257456],[-78.137055173836714,-0.1375190843903],[-78.137079453863933,-0.137437315191979],[-78.137113600803303,-0.137348667255226],[-78.137217572371028,-0.137188178776146],[-78.137181110527266,-0.136962752879924]]}},
{"type":"Feature","properties":{"capa_cad":"ACAD-TOP-BASE PRESA POROTOG-Model|C3D-Superficie_ConMen","color":"#B8A15C"},"geometry":{"type":"LineString","coordinates":[[-78.134812647896084,-0.14833922594064],[-78.134571991728194,-0.148018301927667],[-78.134288067919115,-0.147684392042361],[-78.134225810272582,-0.147548377021912],[-78.134042849035723,-0.14728858031],[-78.133985153345407,-0.147221339987656],[-78.13405496635977,-0.14704098834365],[-78.134080006159536,-0.146959983650808],[-78.134031418772508,-0.146889685639167],[-78.133976748701613,-0.146727688105439],[-78.13380745057988,-0.146470182535525],[-78.133777085292238,-0.146442675919767],[-78.133760381201355,-0.146399120220461],[-78.133768727470965,-0.14636931670847],[-78.1336973596718,-0.146221076163293],[-78.133672309138618,-0.146205795644789],[-78.133655605212155,-0.146163768289388],[-78.133619926707681,-0.14613779062591],[-78.133535657614786,-0.146013240796162],[-78.133453656744621,-0.145809217242004],[-78.133424809217985,-0.145778653806513],[-78.133390644866992,-0.145717524255928],[-78.133313976537906,-0.145683909608439],[-78.133285886001417,-0.145635006061219],[-78.133257031156447,-0.14553948835659],[-78.133240304279767,-0.145294192347654],[-78.133188681822659,-0.145234593155889],[-78.133165141281282,-0.145147480707721],[-78.13315448381897,-0.144876202318465],[-78.133084634850846,-0.144735603449143],[-78.132966965082915,-0.144591953427071],[-78.1329229314142,-0.144517070052231],[-78.132862198282439,-0.144439896103236],[-78.132784753607837,-0.144254212279246],[-78.132741478283833,-0.144173215500501],[-78.132705038537125,-0.144128133816415],[-78.132644299643815,-0.144000524843194],[-78.132600246761854,-0.143757524654386],[-78.13251292931136,-0.143528284516483],[-78.132392979760979,-0.14336247409848],[-78.13234211726639,-0.143311280789673],[-78.132348188736245,-0.1433028742434],[-78.132329207127484,-0.143257026406367],[-78.132279083779039,-0.143032367035502],[-78.132282877733161,-0.143020904083971],[-78.132187204417335,-0.142738173330898],[-78.132168224021129,-0.142703023851059],[-78.132154543533915,-0.142550956165374],[-78.132140874484406,-0.142498230222675],[-78.132149220729985,-0.142469190892231],[-78.132126413645466,-0.142161998332756],[-78.132111986673451,-0.142119206658654],[-78.132124128267293,-0.142090931048555],[-78.132123361523156,-0.14202444858987],[-78.132120315667095,-0.141941154719786],[-78.132092198523637,-0.141663765324018],[-78.132095971347653,-0.141470430577165],[-78.132085318380277,-0.141245002507741],[-78.132086066135841,-0.141147953185128],[-78.1320625202397,-0.141017283375845],[-78.132021492443869,-0.140684111342818],[-78.131998714665954,-0.140631386507859],[-78.131975170502344,-0.140516000061498],[-78.131969843260904,-0.140397554789269],[-78.131952365682238,-0.140232496767785],[-78.13193869635154,-0.14017824252796],[-78.131918935118193,-0.139958164755763],[-78.131879436738089,-0.139723570170994],[-78.131871065548523,-0.139540171075971],[-78.131845229420719,-0.139300225711544],[-78.131911182972175,-0.138589542431996],[-78.131921027074213,-0.138390857804337],[-78.131943784238487,-0.138269352493224],[-78.131984001991285,-0.138167713415679],[-78.13207201342729,-0.137842167572491],[-78.132068207942041,-0.137756581307435],[-78.132086410170288,-0.137630491516172],[-78.132109912409462,-0.137392832664356],[-78.132132647387223,-0.13708716301206],[-78.132152367925272,-0.136963365519727]]}},
{"type":"Feature","properties":{"capa_cad":"ACAD-TOP-BASE PRESA POROTOG-Model|C3D-Superficie_ConMen","color":"#B8A15C"},"geometry":{"type":"LineString","coordinates":[[-78.138297448289464,-0.1480599134103],[-78.138306555296239,-0.148044628960691],[-78.138255689080196,-0.147960575822714],[-78.138050719982232,-0.147749687591469],[-78.137834365526942,-0.147543385743389],[-78.137492757785068,-0.147258388509062],[-78.137368252054245,-0.147076529928031],[-78.137237680421137,-0.146953513213474],[-78.137195925430788,-0.146892384287901],[-78.137198959782793,-0.146875572190471],[-78.137183775644658,-0.146848827937896],[-78.137165552201395,-0.14679457388833],[-78.137113171256118,-0.146741087882463],[-78.13711544595003,-0.146718926677942],[-78.137094948664057,-0.146694475543465],[-78.137121510800753,-0.146650914808767],[-78.137154150100216,-0.146649382765651],[-78.137154908387998,-0.146642505144219],[-78.137117709526279,-0.146597423299431],[-78.137110115187227,-0.146563800655915],[-78.137080506555776,-0.14651566127146],[-78.13702735412231,-0.146351370644791],[-78.137013688089596,-0.146324626230512],[-78.137000015023673,-0.146235219836727],[-78.13695825622915,-0.146140467449477],[-78.136945336708223,-0.146002154066726],[-78.136911924430876,-0.145879890604589],[-78.136878508353107,-0.145724003651617],[-78.136865600762434,-0.145691909968747],[-78.136842799383075,-0.145429037958185],[-78.13683595016299,-0.145272383812383],[-78.136791127196375,-0.144931568969327],[-78.136794916155921,-0.144875784097468],[-78.136789580549163,-0.144680157098968],[-78.136775148650671,-0.144593807511105],[-78.13676678616045,-0.144480711263663],[-78.136768297578769,-0.144421869972823],[-78.136820661732457,-0.144327106804836],[-78.136819135346656,-0.144254510795027],[-78.136990674349775,-0.144184951464823],[-78.137001298885707,-0.144165081803803],[-78.136993702821002,-0.14411693994061],[-78.137047594406283,-0.144103942809522],[-78.137128053350054,-0.144093999286421],[-78.13719333577302,-0.144124558560638],[-78.137417271500752,-0.144245271646673],[-78.137496982388697,-0.144331613740596],[-78.13774827135515,-0.144690745093489],[-78.138013210667012,-0.14493830604173],[-78.138268278169875,-0.145149952181376],[-78.138287257912438,-0.145178988514563],[-78.138480070814069,-0.145285950394925],[-78.138527893736068,-0.145305813370281],[-78.138588617453451,-0.145297400520208],[-78.138648580386047,-0.145273704324194],[-78.138665277768624,-0.145256890633463],[-78.138831499547933,-0.145150651694786],[-78.138948377330337,-0.144998568085629],[-78.139053877464391,-0.144919082082562],[-78.13913204975195,-0.144824315771091],[-78.139185937192906,-0.144773874218031],[-78.139270938572594,-0.144657710281408],[-78.139281550788269,-0.14452932815683],[-78.13927926752109,-0.144475836378145],[-78.139273952281741,-0.144459789379095],[-78.139220051795064,-0.144395605154027],[-78.139248122245917,-0.14426645684245],[-78.13923673122062,-0.144221372011218],[-78.139136518106,-0.144069313385282],[-78.139097798254724,-0.144000542396281],[-78.139011252813333,-0.143888983330829],[-78.138904965546743,-0.143722406204362],[-78.138863204896182,-0.143613898662752],[-78.138814615603494,-0.143530609589605],[-78.13872730889004,-0.14339994638354],[-78.138603563154447,-0.143232607204955],[-78.138605079338731,-0.143215795253599],[-78.138616463193088,-0.143198217980869],[-78.138577729856536,-0.143012528804754],[-78.138500286018981,-0.142839835079751],[-78.13851697657725,-0.142764180149341],[-78.138497238683257,-0.142743549825911],[-78.138431185803384,-0.142615176742497],[-78.138394724784405,-0.142388222092071],[-78.138354481086708,-0.142270544412067],[-78.138318042405032,-0.142236925146048],[-78.13826565571442,-0.142136060675094],[-78.138251222096542,-0.142036720095629],[-78.138317256869158,-0.142008437993694],[-78.138293719154134,-0.141948835393626],[-78.138293709220065,-0.141863248201284],[-78.138273209328091,-0.141817400332196],[-78.138258780656017,-0.141760853350973],[-78.138120605709247,-0.141533910760043],[-78.138017359064193,-0.141407070521783],[-78.137911070213761,-0.141229031200916],[-78.137815413330912,-0.141095312575173],[-78.137600562055724,-0.140770565362464],[-78.137422919422022,-0.140572666197446],[-78.137376605273204,-0.140473329499966],[-78.13729005686254,-0.140338081573202],[-78.137256646853857,-0.140240271701586],[-78.137217153506654,-0.14004999791187],[-78.13722016823732,-0.139867360766791],[-78.137182188618141,-0.13964040662499],[-78.137206435566256,-0.139277422670372],[-78.137201859421012,-0.139093258094942],[-78.137169197947699,-0.138907568556243],[-78.137176008963593,-0.138734865176734],[-78.137196491886996,-0.138637048869617],[-78.137240501031698,-0.138501021189573],[-78.137201004578614,-0.138287058173164],[-78.137141776157577,-0.138102900211621],[-78.137079507191018,-0.137882826620998],[-78.137069619436716,-0.137715474467812],[-78.137074908772064,-0.13751449697035],[-78.137138649505587,-0.137347135868299],[-78.137241861926199,-0.137185883307179],[-78.137202364128086,-0.136962750288385]]}},
{"type":"Feature","properties":{"capa_cad":"ACAD-TOP-BASE PRESA POROTOG-Model|C3D-Superficie_ConMen","color":"#B8A15C"},"geometry":{"type":"LineString","coordinates":[[-78.134765586427577,-0.148339231203451],[-78.134744324680909,-0.148265109189758],[-78.134719271532973,-0.148226139375735],[-78.134583380523011,-0.148045046561578],[-78.134280477532727,-0.147685921232712],[-78.13424327550382,-0.147611036886103],[-78.134028428852602,-0.147305393642464],[-78.133959345973324,-0.147225927908813],[-78.134041300807723,-0.14701806483167],[-78.13405192264284,-0.146973741857807],[-78.134000298610232,-0.146899623348161],[-78.133933479474578,-0.146700182940054],[-78.133801381216557,-0.146497693284558],[-78.133771774728331,-0.146467894077149],[-78.133758106003697,-0.146416696350059],[-78.133739126030363,-0.146384603434816],[-78.133747473240987,-0.146363205774619],[-78.13368673461342,-0.146236360736205],[-78.133665479613313,-0.146223372290948],[-78.133646497750874,-0.146174467680269],[-78.133607782426466,-0.146143141184386],[-78.1335872838238,-0.146106463441308],[-78.133509848113562,-0.145998724538777],[-78.133439995817923,-0.145827558833827],[-78.133417221505198,-0.145803872218697],[-78.133380779303081,-0.145736629582997],[-78.133315497056188,-0.145705306139626],[-78.133273740607549,-0.145630422439512],[-78.133238810137158,-0.145506631215008],[-78.133226643277695,-0.145311769774166],[-78.133182611973879,-0.145257518888849],[-78.133147680862564,-0.145128378510245],[-78.133137786086309,-0.144889195089753],[-78.133070214284871,-0.144748595959982],[-78.132963172498606,-0.144615643064796],[-78.132910787582588,-0.14452624146309],[-78.132840944321742,-0.14443607771255],[-78.13277868456305,-0.144284015518098],[-78.132721743651743,-0.14418009528654],[-78.132678471459016,-0.144126608548093],[-78.132629120908703,-0.144021159121299],[-78.13257671328472,-0.14373307401771],[-78.1325038222339,-0.143542040587169],[-78.13248332470917,-0.143515297102466],[-78.132477249914274,-0.143494665285491],[-78.132391463753351,-0.143380814292185],[-78.132339841417448,-0.143322743564546],[-78.132326177479825,-0.143314339310394],[-78.132337561190099,-0.143295997971479],[-78.132304154661696,-0.143224934288684],[-78.132263903838094,-0.143042302977347],[-78.132270733043299,-0.1430224338322],[-78.132257067085845,-0.142996453734151],[-78.132178097703772,-0.142754986072845],[-78.132144691851764,-0.142690035753492],[-78.13213100731133,-0.142502816379014],[-78.1321218957562,-0.142477599925283],[-78.132129484357222,-0.142460787359395],[-78.132108197763742,-0.14217422714207],[-78.132093014123569,-0.142152068071647],[-78.13209225250786,-0.14212990731196],[-78.132086178927892,-0.142119973850016],[-78.132105908939891,-0.142073357338084],[-78.132106665165338,-0.142048903898602],[-78.132102857514923,-0.141941920935508],[-78.132075498185017,-0.141653833114158],[-78.132080792133749,-0.141486479875671],[-78.132070899735254,-0.141274042561619],[-78.132071644200849,-0.141148719054612],[-78.132042021865132,-0.140983662442199],[-78.132005552581234,-0.140686405732187],[-78.131985811912344,-0.140641322209379],[-78.131958470514078,-0.140509124537847],[-78.131953144703928,-0.140402905941007],[-78.131934907355856,-0.140231734675337],[-78.131915921421921,-0.140149971053294],[-78.131902237282503,-0.139969629250214],[-78.131866536062319,-0.139751081723712],[-78.131856643888483,-0.13954322946669],[-78.131830804243151,-0.139273481591488],[-78.131867192554225,-0.138882223704968],[-78.131864909600637,-0.138833317287577],[-78.131873254664228,-0.138795107932723],[-78.13189372292338,-0.13857426119064],[-78.131904324259779,-0.138360293133087],[-78.131920254300908,-0.138275468666785],[-78.131970336476812,-0.138146318385003],[-78.132050760377524,-0.137845990978816],[-78.132048472544014,-0.137756583695804],[-78.132068191418242,-0.137618267047985],[-78.132114428629066,-0.137074938552119],[-78.132132632526449,-0.136963367921945]]}},
{"type":"Feature","properties":{"capa_cad":"ACAD-TOP-BASE PRESA POROTOG-Model|C3D-Superficie_ConMen","color":"#B8A15C"},"geometry":{"type":"LineString","coordinates":[[-78.13472839268772,-0.148339235362689],[-78.134683592952683,-0.148199397456041],[-78.134670686555054,-0.148177238001801],[-78.134572753657409,-0.148044283583743],[-78.134266055053104,-0.147682102010195],[-78.134011731163383,-0.147319150557166],[-78.133962386445404,-0.147264135988818],[-78.133947202618131,-0.147239684310266],[-78.133942646925746,-0.147227458128842],[-78.133944921370741,-0.147203004482083],[-78.134001076406946,-0.147067740326676],[-78.134022323145359,-0.147006604447823],[-78.134023839211821,-0.146988264232578],[-78.133966900856464,-0.146905740471717],[-78.133887173344334,-0.146666564773379],[-78.133789997611203,-0.146517562952401],[-78.133764945711462,-0.146490055733196],[-78.13374672034702,-0.146418225978641],[-78.133718630000345,-0.146370850731792],[-78.133723941075516,-0.146350217584879],[-78.133676109469235,-0.146250881140555],[-78.133659409142865,-0.146240948850643],[-78.133638908742554,-0.146188223571332],[-78.133592601410697,-0.146143907078779],[-78.133572861691889,-0.146105700913441],[-78.133477964885302,-0.14597274645149],[-78.133425575922033,-0.145846664679809],[-78.133408874736958,-0.145829090717058],[-78.133366358893582,-0.145751150420792],[-78.133317017660076,-0.145727466838882],[-78.133264632207698,-0.145632715983135],[-78.133221348861341,-0.145479887331321],[-78.133210704075992,-0.145320177445434],[-78.133175023583703,-0.145276623955711],[-78.133148447172246,-0.145192568527048],[-78.133129461216285,-0.145107748064539],[-78.133121088440291,-0.144902952028544],[-78.133049720155412,-0.144751654986326],[-78.132959379913785,-0.144639332702362],[-78.132898643837791,-0.144536177041495],[-78.132820449415945,-0.144432259234573],[-78.13276350477787,-0.144295479783198],[-78.132697453910467,-0.144180098089424],[-78.132664809872594,-0.144138836806584],[-78.132613182770655,-0.144038736816331],[-78.132566093157436,-0.143791151978945],[-78.132563053624082,-0.143762113964976],[-78.132567606815272,-0.143752179260135],[-78.132552420491379,-0.143706330967429],[-78.132494715068944,-0.143555032490154],[-78.132478772656938,-0.143535165984388],[-78.132468142137952,-0.143502308016424],[-78.132390706799598,-0.143399154397734],[-78.132332252014308,-0.14333267862165],[-78.132310237605907,-0.143316633663682],[-78.132326933731591,-0.14328988586703],[-78.132282138937882,-0.143197426823353],[-78.132272267377942,-0.143163804608565],[-78.132248723897234,-0.143052238918934],[-78.132258588265785,-0.143023199413088],[-78.132240367106377,-0.142989578172549],[-78.132168990990053,-0.142771798814517],[-78.132121919528558,-0.142683925072787],[-78.13211050994677,-0.142477601255884],[-78.132102916939829,-0.142456205461366],[-78.132108987432517,-0.142439393073081],[-78.13209150166773,-0.142200974949831],[-78.132070244095559,-0.142165825748575],[-78.132068722807887,-0.142138315908014],[-78.132059612217347,-0.142121505297448],[-78.132087689524141,-0.142055019460957],[-78.132088444157745,-0.142016811012433],[-78.132059558496337,-0.141657655824404],[-78.132064851025333,-0.141478075913473],[-78.132056481089649,-0.141303082614751],[-78.132057982031867,-0.141155598171833],[-78.132018484778925,-0.140928645188614],[-78.131989612808127,-0.140689464288603],[-78.131971390515247,-0.140646673087843],[-78.13194253002689,-0.140506069759848],[-78.131918208621073,-0.140235557495174],[-78.131896185665923,-0.140146916731697],[-78.131884779495522,-0.139973452164133],[-78.131860473160856,-0.139832084153955],[-78.131847555583192,-0.139715932303359],[-78.13184222141814,-0.139539410354091],[-78.131815619831031,-0.13924520922895],[-78.131847459963737,-0.138905915251537],[-78.13184441497053,-0.138831791414155],[-78.13185655340061,-0.138777534096415],[-78.131874747216244,-0.138579612642684],[-78.131886863572262,-0.13833966272594],[-78.131899000797645,-0.138275471229024],[-78.131952877149445,-0.138137150486511],[-78.132029507328141,-0.137849814384978],[-78.13202873705508,-0.137755821916988],[-78.132048455654981,-0.137615212770085],[-78.132093935460759,-0.137085639385444],[-78.132113656181716,-0.13696337023175]]}},
{"type":"Feature","properties":{"capa_cad":"ACAD-TOP-BASE PRESA POROTOG-Model|C3D-Superficie_ConMen","color":"#B8A15C"},"geometry":{"type":"LineString","coordinates":[[-78.138317941085873,-0.148043863511278],[-78.138329324590302,-0.148022465434555],[-78.138305789550444,-0.147984259508039],[-78.138026424439374,-0.147698490855038],[-78.137867764586829,-0.147547967006897],[-78.13783664091676,-0.147527337894754],[-78.137508697145819,-0.147250745001091],[-78.137495790269924,-0.14722476465011],[-78.137381154073182,-0.147058952542038],[-78.137356853312809,-0.14696114143523],[-78.137284743012785,-0.146962677936213],[-78.137238435212126,-0.146915304595119],[-78.137238429236831,-0.146861812649674],[-78.137222486211087,-0.146836596823631],[-78.137213373335968,-0.146799153494276],[-78.137224756037767,-0.146770877890663],[-78.13719438852489,-0.146724266923418],[-78.137205764897161,-0.146639442693101],[-78.137174639263307,-0.146601237692908],[-78.13716780492264,-0.146576020838163],[-78.137091885567088,-0.146454526334667],[-78.137050883272408,-0.146336848729918],[-78.137039490209418,-0.146272659701034],[-78.136979510177582,-0.146143521711439],[-78.136965073315437,-0.146012086033332],[-78.136883058562205,-0.14568732295166],[-78.136851131393627,-0.145273146242741],[-78.13680858689753,-0.1449437936889],[-78.136806279372635,-0.144676334324482],[-78.136788050884732,-0.144578522617471],[-78.136781961650954,-0.144431038440767],[-78.136840397044807,-0.144325576185662],[-78.136838871878069,-0.144263678559966],[-78.137027868418159,-0.144187239677484],[-78.137031662920336,-0.144180361704221],[-78.137028624337944,-0.1441597294514],[-78.137053672531692,-0.144153613191442],[-78.137087829936974,-0.144152080901384],[-78.137277605615367,-0.144251401149463],[-78.137452955219459,-0.144315571237603],[-78.137699689225812,-0.144669353901406],[-78.137794582041934,-0.144762571837086],[-78.137963869385544,-0.144916150750826],[-78.137998031327669,-0.144954355381368],[-78.138228047569001,-0.145145371771408],[-78.138271321843774,-0.145215670568403],[-78.138474762247199,-0.145328744607136],[-78.138524105272651,-0.145366183355012],[-78.138554468038492,-0.145370000732839],[-78.138679706623549,-0.145316494365228],[-78.138733593720829,-0.145262996169995],[-78.138921826564541,-0.145142235434217],[-78.138964327698275,-0.145087974354888],[-78.139034914954181,-0.145042115934185],[-78.139107018596107,-0.144980973894965],[-78.139201887755902,-0.144864808846589],[-78.139239077644262,-0.144829652654587],[-78.139327873285197,-0.144704318214577],[-78.139365821709788,-0.144664576893267],[-78.139377200986559,-0.144606498502353],[-78.139373397691088,-0.144536195108327],[-78.139370359019637,-0.14451479864036],[-78.139359730107245,-0.144496459736865],[-78.139270149065112,-0.144390250163918],[-78.139292908806709,-0.144284791793682],[-78.139261773095782,-0.144159471181657],[-78.139203315448086,-0.144070833995618],[-78.139122838979176,-0.143928707334654],[-78.138995295178546,-0.143736914984556],[-78.138940624836451,-0.143578737766242],[-78.138892793368882,-0.143484750196192],[-78.138674910597643,-0.143197446998989],[-78.138646050382491,-0.143058371129444],[-78.138550384303997,-0.142843650084542],[-78.138564040128216,-0.14278098642195],[-78.13853595135879,-0.142749658672155],[-78.138453954990084,-0.142593013105135],[-78.138425089143439,-0.142405794476306],[-78.138407626386524,-0.142367587950685],[-78.1383734556821,-0.142254494586035],[-78.138364344418761,-0.142232334683988],[-78.138315759832608,-0.142190310959399],[-78.138290705604476,-0.142144463618391],[-78.138282348792401,-0.142082566719324],[-78.138292216015799,-0.142077980531876],[-78.138303602418404,-0.142082564222374],[-78.138340793784366,-0.142061163053678],[-78.138309662831375,-0.141978636202506],[-78.138308889849085,-0.141858661386581],[-78.138295982489836,-0.141829624393387],[-78.13827547797942,-0.141744039614724],[-78.138195763294604,-0.141627130793715],[-78.138135785445044,-0.141521682229223],[-78.13802874315175,-0.141391785753867],[-78.137926250389128,-0.14122062352399],[-78.137826797501546,-0.141080791977992],[-78.137612705277661,-0.140756044674834],[-78.137438098958953,-0.140558909320185],[-78.137396340317892,-0.14046950630046],[-78.137346992711983,-0.140393859263069],[-78.137305235497664,-0.140316682987519],[-78.137270305755891,-0.140205118223889],[-78.137236129040062,-0.140042353942938],[-78.137239145659692,-0.139875764378509],[-78.137202683073937,-0.139639640003603],[-78.13722617548423,-0.13931486466565],[-78.137221595724313,-0.139100133261207],[-78.137186655901274,-0.138904509774833],[-78.137196501421002,-0.138717286785281],[-78.137259477463189,-0.138501018901299],[-78.137220739702272,-0.138283999107119],[-78.137141008892257,-0.138034124950457],[-78.137097724105587,-0.137879003561689],[-78.137087836258985,-0.137710887235313],[-78.137095402673268,-0.137509145287495],[-78.13710982173663,-0.137483925907187],[-78.137147002159409,-0.137372352482591],[-78.137265392424666,-0.137183587930503],[-78.137224376786506,-0.136962747604266]]}},
{"type":"Feature","properties":{"capa_cad":"ACAD-TOP-BASE PRESA POROTOG-Model|C3D-Superficie_ConMen","color":"#B8A15C"},"geometry":{"type":"LineString","coordinates":[[-78.134706380066746,-0.148339237824253],[-78.134670697019146,-0.148271994948353],[-78.134612232247022,-0.148113818528383],[-78.134565923169333,-0.148053454375656],[-78.134511265153662,-0.14799920451442],[-78.134256188516929,-0.147692801480197],[-78.134230378001263,-0.147669115152797],[-78.134067155881411,-0.147442175444291],[-78.133997310980192,-0.147335963888761],[-78.133956316807314,-0.147289354232062],[-78.133928226404734,-0.147241214786827],[-78.133930497023087,-0.147182373561215],[-78.133980581401218,-0.147063157629962],[-78.133995755696105,-0.147002022438145],[-78.133932743963058,-0.146911093512265],[-78.133843145064233,-0.146639059698302],[-78.133777854864903,-0.146536668537558],[-78.133760394629192,-0.146519094645564],[-78.13373305718271,-0.146416699192404],[-78.133698893368077,-0.146360154616181],[-78.133702686760685,-0.146343342483311],[-78.133698131231313,-0.146332644644586],[-78.133665484410628,-0.146266165712892],[-78.133652579617078,-0.146258525496387],[-78.133629801281145,-0.146198922961835],[-78.133604750234994,-0.146179057435417],[-78.133581216099088,-0.146148493382563],[-78.133559957927545,-0.146107230717468],[-78.133443044922416,-0.14594218370274],[-78.133411914995037,-0.145865006270712],[-78.133401287023133,-0.145854309128545],[-78.133350420030368,-0.145762614759185],[-78.133317779122692,-0.145748863456734],[-78.133263875562321,-0.145654112773199],[-78.133203887585239,-0.145453143448458],[-78.133196283501533,-0.145333169950372],[-78.133168953820444,-0.14530031385608],[-78.13311807660503,-0.145118447719652],[-78.13310972078142,-0.145063428589338],[-78.133104390707771,-0.144915944799032],[-78.133029226026295,-0.14475471401254],[-78.132951032394089,-0.144657673689049],[-78.132886500093022,-0.144546112619663],[-78.132813618967532,-0.144441430033524],[-78.132799954597346,-0.144429204924381],[-78.132752121221088,-0.14431534945446],[-78.132652666656,-0.144153357392249],[-78.132596484446097,-0.144046380420623],[-78.132554712926321,-0.143840060016836],[-78.132544836931885,-0.143767465246188],[-78.132550907271536,-0.143749124523288],[-78.13253799837257,-0.143705568470065],[-78.132485607991299,-0.14356878856038],[-78.132470424721305,-0.143549686134028],[-78.132454479336758,-0.143503837935915],[-78.132323144152693,-0.143339557185503],[-78.132295815927989,-0.143319692007909],[-78.132304165085401,-0.143315870201565],[-78.132305681529829,-0.143301350845873],[-78.132317065502463,-0.143285302009192],[-78.132253289623222,-0.143151580138107],[-78.132233543956474,-0.143062174860228],[-78.132246443576165,-0.143024729161247],[-78.132219870715659,-0.142972768878406],[-78.132159884364029,-0.142789375723153],[-78.13209838771192,-0.142673993644876],[-78.132092299082842,-0.142533387589968],[-78.132072560861687,-0.142508936545615],[-78.132072560333128,-0.142504351542534],[-78.132090018133255,-0.142500528666726],[-78.1320907766586,-0.142495943574892],[-78.132090012582069,-0.142452386133662],[-78.132083179069483,-0.142434811086872],[-78.13208849077229,-0.142420291289101],[-78.132074805306473,-0.142225430255239],[-78.13204671510222,-0.142180347680997],[-78.132045192754987,-0.14214366783506],[-78.132033804561317,-0.142123036655831],[-78.132070987508982,-0.14203056806898],[-78.132042859133421,-0.141656129453648],[-78.132048915509287,-0.14151781448287],[-78.132042062443446,-0.141332122667136],[-78.132043559207318,-0.141148722369582],[-78.131997226546403,-0.140888146843414],[-78.131973673392395,-0.140695579513369],[-78.131959247262188,-0.140660429534538],[-78.131922791856596,-0.140482382920855],[-78.131901510334487,-0.140243201150204],[-78.131874170417902,-0.140123994337743],[-78.131867321798566,-0.139978039244978],[-78.131847572841991,-0.139862652373078],[-78.131831614736242,-0.139709820868627],[-78.131828558361875,-0.139538647818986],[-78.131812601205425,-0.139394222158657],[-78.131801194472089,-0.139216936776277],[-78.131827727373064,-0.138929606797267],[-78.13182392043133,-0.138831029707766],[-78.131839093626766,-0.138764545353932],[-78.131856529746827,-0.138578086499907],[-78.131867885686006,-0.138326674172798],[-78.131879264765843,-0.138270124438873],[-78.13193921163483,-0.13811575545677],[-78.132008254370291,-0.137854401958115],[-78.132008243242694,-0.137761173567172],[-78.132029478945796,-0.137612158400332],[-78.132075716978321,-0.137075707427461],[-78.132093920783561,-0.136963372633937]]}},
{"type":"Feature","properties":{"capa_cad":"ACAD-TOP-BASE PRESA POROTOG-Model|C3D-Superficie_ConMen","color":"#B8A15C"},"geometry":{"type":"LineString","coordinates":[[-78.139412105082926,-0.144495689520044],[-78.139320246337334,-0.144384895173211],[-78.139337694671866,-0.144297013369793],[-78.139317193022691,-0.144235117802921],[-78.139287574463239,-0.144101391121607],[-78.139261761488768,-0.144057836304479],[-78.139223036128215,-0.143940922473602],[-78.139147119154373,-0.143843881435028],[-78.139087902343434,-0.143754480189997],[-78.139040823285583,-0.143602415451162],[-78.138966418189298,-0.143451118074964],[-78.138844190637897,-0.143284542851935],[-78.138721206040714,-0.143135543700356],[-78.138713611413039,-0.143100392689731],[-78.138600482591215,-0.142847465089558],[-78.138611103592822,-0.142797028524264],[-78.138579219266759,-0.142763408701852],[-78.138520758554122,-0.142648789807336],[-78.138484317230066,-0.142592245379948],[-78.138455453591405,-0.142424131032904],[-78.138434953806396,-0.142379047318821],[-78.138388634190491,-0.142231567662013],[-78.138312718200226,-0.142143696862077],[-78.138312716872065,-0.142132234291486],[-78.138314995197405,-0.142142168251908],[-78.138374198541925,-0.142114651128172],[-78.138357497049071,-0.14209554880457],[-78.138324846829605,-0.142003087901757],[-78.138317244899497,-0.141905274857925],[-78.138323311154011,-0.141851782146947],[-78.138292934893727,-0.141731810816712],[-78.138210943032391,-0.141614902263282],[-78.138146410566293,-0.141507161721609],[-78.138040886386136,-0.141377265067167],[-78.137936116268534,-0.141204574763834],[-78.137842736910855,-0.141073912552038],[-78.137618015818461,-0.140731590575524],[-78.137455556116123,-0.140548973026022],[-78.137413038595426,-0.140461098437074],[-78.137326488027156,-0.140307510409973],[-78.137286242637302,-0.140176842010242],[-78.137255864530047,-0.14004235158986],[-78.1372566027175,-0.13986506390507],[-78.137224696906927,-0.139649571589631],[-78.137245156344122,-0.139352306753195],[-78.137239832187404,-0.139261371082092],[-78.137241330398524,-0.13909325335591],[-78.137204113129883,-0.138895337628293],[-78.137215477216515,-0.138711935306183],[-78.137278453804086,-0.138500252442331],[-78.137242752635444,-0.138286288960501],[-78.137157707602825,-0.138029537906395],[-78.137115940929093,-0.137874416331673],[-78.137103776093014,-0.137707828619942],[-78.137113620044417,-0.137509143074975],[-78.137125003520509,-0.137489273257137],[-78.137154596122173,-0.137400625871899],[-78.137162186052279,-0.137395275755063],[-78.137187987579551,-0.1373417806746],[-78.137269190739673,-0.137208805100733],[-78.13730334473594,-0.137178998285778],[-78.137272973539709,-0.137104877426637],[-78.137245630388122,-0.136962745012689]]}},
{"type":"Feature","properties":{"capa_cad":"ACAD-TOP-BASE PRESA POROTOG-Model|C3D-Superficie_ConMen","color":"#B8A15C"},"geometry":{"type":"LineString","coordinates":[[-78.138338433797756,-0.148027049440257],[-78.138338433797756,-0.148027049440257]]}},
{"type":"Feature","properties":{"capa_cad":"ACAD-TOP-BASE PRESA POROTOG-Model|C3D-Superficie_ConMen","color":"#B8A15C"},"geometry":{"type":"LineString","coordinates":[[-78.138338433797756,-0.148027049440257],[-78.138351334995363,-0.148001830335535],[-78.138041604243412,-0.14768626240755],[-78.137906477648258,-0.147557896869689],[-78.137849544052358,-0.147519694730142],[-78.137769834810967,-0.147446343294781],[-78.137523877363876,-0.147242337407753],[-78.137502618723701,-0.147197253728862],[-78.137400888633891,-0.147050544432156],[-78.137335581515998,-0.146798375477993],[-78.13724296222135,-0.146670769470852],[-78.137245993149094,-0.146623390545929],[-78.137104023889691,-0.146395683822062],[-78.137080484110385,-0.146315448589061],[-78.13699696738027,-0.146133585507338],[-78.13698480975107,-0.146020489659278],[-78.136933172442497,-0.14583021710093],[-78.136900516276071,-0.145681971764015],[-78.136874677714829,-0.145410694218769],[-78.136870871547302,-0.145314409182505],[-78.136826046598827,-0.144956018408835],[-78.136823737948021,-0.144678624825455],[-78.136800953118723,-0.144563237723483],[-78.136795625636267,-0.144439442738572],[-78.136859373300283,-0.144324045654056],[-78.136858608409767,-0.144272846325188],[-78.137046845896435,-0.144196407530469],[-78.137315562757138,-0.144288841129014],[-78.13743549924591,-0.144336205864918],[-78.137522045127184,-0.144453114011837],[-78.137661735383048,-0.144660952392696],[-78.137925915535249,-0.144907749232385],[-78.137989684289849,-0.144977281475775],[-78.138181743898855,-0.145135442859769],[-78.138195408675713,-0.145150724717138],[-78.138250071848191,-0.145247768202678],[-78.138363178694448,-0.145311181456312],[-78.138488434283389,-0.14540821687568],[-78.138529424469567,-0.145417382237648],[-78.138588631453516,-0.145421196312355],[-78.138644797800893,-0.145386037983837],[-78.138710832860411,-0.145359284408573],[-78.138802668735664,-0.145269101619994],[-78.139011395135597,-0.145139168461986],[-78.139232260342325,-0.144954977647102],[-78.139289941266213,-0.144888488046343],[-78.139403023154159,-0.144731055579134],[-78.139397714692265,-0.144774614000949]]}},
{"type":"Feature","properties":{"capa_cad":"ACAD-TOP-BASE PRESA POROTOG-Model|C3D-Superficie_ConMen","color":"#B8A15C"},"geometry":{"type":"LineString","coordinates":[[-78.139412081220541,-0.144286306362024],[-78.139370314406463,-0.1441235425346],[-78.139390786901458,-0.143930204622427],[-78.139382427200431,-0.143842325799892],[-78.139323209588625,-0.14374604698864],[-78.139236664893602,-0.143641365469229],[-78.139134167250177,-0.143425880889422],[-78.139080265311208,-0.143349469970587],[-78.139052174348265,-0.143299037896515],[-78.13896865664168,-0.143114118040765],[-78.138951950494359,-0.1430545145875],[-78.138934488453344,-0.143022421408989],[-78.138923860578188,-0.143013252587611],[-78.138791024288693,-0.143004098027959],[-78.13876142013028,-0.142996459765781],[-78.138703716726909,-0.142866557320101],[-78.138699920113893,-0.142855095188948],[-78.138703712234459,-0.142827584566709],[-78.138661199944082,-0.142784031751961],[-78.138619442480078,-0.142703798615865],[-78.138542004861634,-0.142585361084032],[-78.13851618248907,-0.142460804148895],[-78.138489608647845,-0.142401966056663],[-78.138437975005715,-0.142249137815211],[-78.138459224121874,-0.142210162576202],[-78.138473645607988,-0.142204811682977],[-78.138371919153357,-0.142095547110322],[-78.138355214913815,-0.1420527554736],[-78.138355208710436,-0.1419992634755],[-78.138340775522863,-0.141903743746966],[-78.138355190884084,-0.141845665023785],[-78.138322535493828,-0.141708882188274],[-78.138172974926078,-0.141484233448772],[-78.138072764680444,-0.141358921193218],[-78.137962680795582,-0.141183174830681],[-78.137690891698256,-0.140785838067992],[-78.137646098086392,-0.140707133773827],[-78.137492748140915,-0.14053368519111],[-78.137369752413662,-0.140291457675629],[-78.137334063969064,-0.14018294967982],[-78.137292297843231,-0.140030120514655],[-78.137293797066292,-0.139869644488737],[-78.137267202943292,-0.139639632288049],[-78.137284634550397,-0.139413435677807],[-78.137278546911858,-0.139285055730946],[-78.137281559710473,-0.139087135160232],[-78.137239788911472,-0.13889609750939],[-78.137249635428432,-0.138717280388261],[-78.137316406759581,-0.138501012036384],[-78.137286027456994,-0.138358115779493],[-78.137276150244205,-0.138278643220037],[-78.137194901770329,-0.138032590088596],[-78.137150097496715,-0.137866006317604],[-78.137142489927811,-0.137723871507481],[-78.137134896613077,-0.137700947310393],[-78.137152331226503,-0.137503025008578],[-78.137171301518919,-0.13745182327295],[-78.137184963631995,-0.137444179906648],[-78.137190275841235,-0.137434245042928],[-78.137265403436032,-0.137275288411178],[-78.137276789478022,-0.137276815367309],[-78.137298037851409,-0.137233255051972],[-78.137341300261156,-0.137201154616013],[-78.137370140766393,-0.137170584275047],[-78.137329898791734,-0.137071246980358],[-78.137294210050484,-0.136962739089006]]}},
{"type":"Feature","properties":{"capa_cad":"ACAD-TOP-BASE PRESA POROTOG-Model|C3D-Superficie_ConMen","color":"#B8A15C"},"geometry":{"type":"LineString","coordinates":[[-78.138379419391129,-0.147994949639182],[-78.138379419391129,-0.147994949639182]]}},
{"type":"Feature","properties":{"capa_cad":"ACAD-TOP-BASE PRESA POROTOG-Model|C3D-Superficie_ConMen","color":"#B8A15C"},"geometry":{"type":"LineString","coordinates":[[-78.138379419391129,-0.147994949639182],[-78.138389285455958,-0.147979665102665],[-78.138387007772891,-0.147975080329888],[-78.138310335091447,-0.147904785174271],[-78.137985421975955,-0.147578520597245],[-78.137869277265182,-0.147499059887219],[-78.137727318980808,-0.147369166818665],[-78.137554237715207,-0.147224758049516],[-78.137508683774058,-0.147130770180692],[-78.137441116813775,-0.147033728125647],[-78.137376567636394,-0.146771624857985],[-78.13730595604315,-0.146599694451345],[-78.137132101643928,-0.146329961960685],[-78.137040233992991,-0.146136637262744],[-78.137031881185052,-0.146108363904588],[-78.1370258015112,-0.146044174273596],[-78.136937713183642,-0.145709477650356],[-78.136870841365692,-0.145047713711726],[-78.136867794744944,-0.144956013612162],[-78.136858681119719,-0.144912456946178],[-78.136854100061896,-0.144677092988797],[-78.136826758021002,-0.144536488786303],[-78.136823712664409,-0.144456251247196],[-78.136898084956457,-0.144321748673421],[-78.136897322416814,-0.144291181944181],[-78.137008898694418,-0.144246082998997],[-78.137032430951265,-0.144259071179266],[-78.137079493637245,-0.14426899995992],[-78.137279892018583,-0.1443324029783],[-78.137399828327887,-0.144378239375968],[-78.137446896944965,-0.144440131777744],[-78.137570644636568,-0.144627339366458],[-78.137858358341987,-0.144898586947477],[-78.137966157825147,-0.145015492737047],[-78.138113429104806,-0.145139271558239],[-78.138183276376168,-0.145262295118714],[-78.138226549345774,-0.145321131347771],[-78.138338144979514,-0.145445678492514],[-78.138412539334823,-0.145504511173386],[-78.13844518048063,-0.145519026694428],[-78.13849679765363,-0.145529719186708],[-78.138580292691103,-0.145517482884334],[-78.138637981906029,-0.145524353824414],[-78.138663789201942,-0.145518237497161],[-78.138770808847752,-0.145450978136426],[-78.138918049354714,-0.145301947771535],[-78.139169281597134,-0.145159018802054],[-78.139296032550945,-0.145054312678421]]}},
{"type":"Feature","properties":{"capa_cad":"ACAD-TOP-BASE PRESA POROTOG-Model|C3D-Superficie_ConMen","color":"#B8A15C"},"geometry":{"type":"LineString","coordinates":[[-78.134689680837326,-0.148339239691633],[-78.134580358995834,-0.14817801228405],[-78.134550747460523,-0.148102362882956],[-78.134489253889654,-0.148011433683173],[-78.134403470871987,-0.147923563892865],[-78.134259990401887,-0.147752406208236],[-78.134229623351573,-0.147708852006751],[-78.134140804110658,-0.147620982599656],[-78.133958601789729,-0.147359657472379],[-78.133896347356398,-0.147252680907534],[-78.133893308669784,-0.147230520366188],[-78.133900889271985,-0.147141111806661],[-78.133941107543208,-0.147036416191547],[-78.133877336164261,-0.146940138175029],[-78.133873538075534,-0.146914921047142],[-78.133859872097204,-0.14688817669832],[-78.13366852996424,-0.146349459707358],[-78.133638161167127,-0.14629062220052],[-78.133609308850254,-0.14621726532827],[-78.133565278257308,-0.146169127735869],[-78.133537946188895,-0.146114874902709],[-78.133383074429517,-0.145896340447704],[-78.13326843539717,-0.145703019004326],[-78.133235029327736,-0.145635011865913],[-78.133170483572641,-0.145403476351134],[-78.133167442697626,-0.145362211630897],[-78.133154536179518,-0.145339288069588],[-78.133108217012619,-0.145190280630614],[-78.133076320386579,-0.145045856557276],[-78.133071754470691,-0.144943458587439],[-78.132988237769112,-0.144760832064583],[-78.132939651342738,-0.144699704225123],[-78.132807551046284,-0.144481167451872],[-78.132780979798483,-0.144442962127828],[-78.13275820581994,-0.144422332224052],[-78.132717206542139,-0.144331400999347],[-78.132642046245863,-0.144209142850759],[-78.132563847374286,-0.144066252545903],[-78.13256612218602,-0.144045619760124],[-78.132539546835446,-0.143971498581905],[-78.132516002029888,-0.14384770616999],[-78.132508402326508,-0.143767469463458],[-78.132518267239064,-0.143743014961963],[-78.132502320813458,-0.143687996749624],[-78.132433986271991,-0.143516066991567],[-78.132304169375445,-0.143353314400984],[-78.132268490505709,-0.143324280185201],[-78.132285188820248,-0.143316636572723],[-78.132285944721758,-0.143289126460945],[-78.132296569639919,-0.143273077712618],[-78.132204702095649,-0.143081282398118],[-78.132220635562675,-0.14302320383045],[-78.132183433663712,-0.142951376437507],[-78.13214167093561,-0.142823001205119],[-78.132052842715723,-0.142658715616047],[-78.132048282935713,-0.142611337783419],[-78.132052073803536,-0.142573128982039],[-78.132044482031617,-0.142562431528216],[-78.132055105792304,-0.142536448603405],[-78.132039164691207,-0.142528044626669],[-78.131995893245431,-0.142481435486074],[-78.131990578370377,-0.142468445265852],[-78.131987539334901,-0.14244399227278],[-78.132049779991547,-0.142428701653886],[-78.132040653440896,-0.142273576785568],[-78.132000416170243,-0.142209391455095],[-78.131998132650551,-0.142154371688381],[-78.131981430197143,-0.142126099461227],[-78.13203454894267,-0.141996184819233],[-78.132010219639483,-0.14165460495728],[-78.132017791193931,-0.141491072296037],[-78.132013225060462,-0.141389438602544],[-78.132015475104396,-0.14115636735593],[-78.131956229702723,-0.140820140818618],[-78.131941793757917,-0.140700932458524],[-78.131930404022043,-0.140667310455123],[-78.131886353609261,-0.140451056393191],[-78.131865834988176,-0.140244733723354],[-78.131833938957186,-0.140110244115762],[-78.131831646723384,-0.139981864327407],[-78.131800492996078,-0.13970523957906],[-78.131801232249828,-0.139537122748792],[-78.131789834463248,-0.139435489898897],[-78.131771583073601,-0.139146636958363],[-78.13178826210077,-0.138976225719234],[-78.131782931263501,-0.138828742128032],[-78.131804173717171,-0.138735511202113],[-78.1318170622217,-0.138605601260078],[-78.131832205620839,-0.138288470121004],[-78.131908086792961,-0.13808519253017],[-78.131970300680948,-0.137846000709489],[-78.131968772357808,-0.137760414176506],[-78.131990766474658,-0.137606049753014],[-78.132040037967286,-0.137046673414162],[-78.132054449988246,-0.136963377438243]]}},
{"type":"Feature","properties":{"capa_cad":"ACAD-TOP-BASE PRESA POROTOG-Model|C3D-Superficie_ConMen","color":"#B8A15C"},"geometry":{"type":"LineString","coordinates":[[-78.139412013871137,-0.143697129665441],[-78.139320156979622,-0.143603147168028],[-78.139266254341294,-0.143520622852684],[-78.139219939918874,-0.143417465018491],[-78.139150093089739,-0.143300554837702],[-78.139083278709123,-0.143150784925889],[-78.139047597679124,-0.14310493877301],[-78.139021019633276,-0.143009420390241],[-78.138894248935458,-0.142940659724649],[-78.138781147904027,-0.142929210354173],[-78.13875077781843,-0.142861966792633],[-78.138752294261636,-0.142847447353608],[-78.13870143118244,-0.142793961280924],[-78.138674858058295,-0.142741236544497],[-78.138579200040468,-0.142596819303626],[-78.138564014108837,-0.142555555817252],[-78.138549583348407,-0.142480668695678],[-78.138509343277775,-0.142394322028377],[-78.138482007103363,-0.14230720968205],[-78.138507810306194,-0.142265941393686],[-78.138520713765203,-0.142261354850559],[-78.13848579107021,-0.142209395286279],[-78.138374954677232,-0.142089433382322],[-78.138369639675886,-0.142075678921156],[-78.138370391024992,-0.142009195919149],[-78.138352921162081,-0.141909855689389],[-78.13836961210076,-0.141838021612269],[-78.138334678557626,-0.141692833158303],[-78.138189673489777,-0.141478118107861],[-78.138083389531829,-0.141342108171265],[-78.137978620207448,-0.141176295405246],[-78.137766048417916,-0.140871416308466],[-78.137709868049683,-0.140785071646461],[-78.137664314663553,-0.140700254073625],[-78.137511724040763,-0.140529097911503],[-78.137459337603872,-0.140431290271833],[-78.137390245976434,-0.14028304935812],[-78.137363669811094,-0.140205107105098],[-78.137310514500186,-0.140024004976746],[-78.137312014352418,-0.139868878143148],[-78.137288456367784,-0.139638101405055],[-78.137304373201431,-0.139440179288203],[-78.137298283667505,-0.139295751754405],[-78.137302054800941,-0.139091717723582],[-78.13725724695675,-0.138893802898242],[-78.137267852439862,-0.138714221512295],[-78.137335383192351,-0.138501009748048],[-78.137290571330666,-0.13827023560054],[-78.137214637896491,-0.138037936895165],[-78.137168314869001,-0.137866004110771],[-78.137160708305572,-0.137732275174987],[-78.137151595504875,-0.137697888602673],[-78.137155382924362,-0.137632169470918],[-78.137166008260863,-0.137619941451717],[-78.13717206616343,-0.137498437587894],[-78.137179654170765,-0.137477039888703],[-78.137197111386868,-0.137467867720319],[-78.13720394134431,-0.137454875989628],[-78.137262371334486,-0.13730967646074],[-78.137279070777097,-0.137311202770918],[-78.137307907797819,-0.137251593947871],[-78.137346616231852,-0.137222550749555],[-78.137395948439405,-0.137168288620415],[-78.137313186481663,-0.13696273677504]]}},
{"type":"Feature","properties":{"capa_cad":"ACAD-TOP-BASE PRESA POROTOG-Model|C3D-Superficie_ConMen","color":"#B8A15C"},"geometry":{"type":"LineString","coordinates":[[-78.138399912187992,-0.147978899737758],[-78.138399912187992,-0.147978899737758]]}},
{"type":"Feature","properties":{"capa_cad":"ACAD-TOP-BASE PRESA POROTOG-Model|C3D-Superficie_ConMen","color":"#B8A15C"},"geometry":{"type":"LineString","coordinates":[[-78.138399912187992,-0.147978899737758],[-78.138407501247102,-0.147965143799456],[-78.138284521093595,-0.147850531908388],[-78.138029448957312,-0.147593034890499],[-78.137879143914063,-0.147489124551029],[-78.137690878418439,-0.147317207304224],[-78.137569417848482,-0.147215586284579],[-78.137513234711548,-0.147100202832626],[-78.137460851375295,-0.147025320014848],[-78.137427438845521,-0.146899999785052],[-78.13739857919667,-0.146761688143592],[-78.137331764342832,-0.146602748205707],[-78.137145762448796,-0.146310091971909],[-78.137053895222721,-0.146120588125938],[-78.137045538119523,-0.146054106241545],[-78.136951374836713,-0.145697249362216],[-78.136892858353164,-0.145085919705232],[-78.1368882893766,-0.144956775427827],[-78.136874618894581,-0.144891058342735],[-78.136868522061931,-0.144676327157818],[-78.136839660428649,-0.144522732232057],[-78.136837376737034,-0.144465419715966],[-78.136917820270128,-0.144320218053982],[-78.136917058949365,-0.1443003497103],[-78.136989925049477,-0.144270538646753],[-78.137024084804409,-0.144289638964052],[-78.137041543122393,-0.144289636947798],[-78.137260159048921,-0.144354566206292],[-78.137382372440968,-0.144399638172045],[-78.13752130345631,-0.144605948267507],[-78.137824959362476,-0.144894769932759],[-78.137959328988799,-0.1450391828271],[-78.138070161931111,-0.145131634812692],[-78.138127861590306,-0.145230970452384],[-78.138206815995105,-0.145340237892679],[-78.138393568229063,-0.145551891974242],[-78.138470996487371,-0.145590091687515],[-78.138533999967493,-0.145604603738209],[-78.138641784619139,-0.145590072146857],[-78.138682772221614,-0.145576312367761],[-78.138798900316075,-0.145506759453271],[-78.138872518890778,-0.145417342928377],[-78.138952970114161,-0.14533785984176],[-78.139263404713802,-0.145157479650542]]}},
{"type":"Feature","properties":{"capa_cad":"ACAD-TOP-BASE PRESA POROTOG-Model|C3D-Superficie_ConMen","color":"#B8A15C"},"geometry":{"type":"LineString","coordinates":[[-78.134681331222708,-0.148339240625318],[-78.134405750153306,-0.147942667856057],[-78.134343500484619,-0.147878484665943],[-78.134211406526831,-0.147713439065283],[-78.134116514504896,-0.147622513667652],[-78.134094498844519,-0.14759500607516],[-78.133953291289814,-0.147385639797969],[-78.13387964873472,-0.147258031968988],[-78.133876609878229,-0.147234343091192],[-78.133885706294009,-0.14712430181499],[-78.133913024199131,-0.147051702731642],[-78.133870509948892,-0.146987517387079],[-78.133854559647986,-0.146896583151187],[-78.133814321363459,-0.146821699201157],[-78.133742187986613,-0.14661461774865],[-78.133736870072141,-0.146574117430905],[-78.133700427304078,-0.146501525574256],[-78.133635127601153,-0.146314311760465],[-78.133599442333718,-0.146227964804524],[-78.133563762118484,-0.14618670377661],[-78.133522764916847,-0.146113348292916],[-78.13342559052154,-0.145976573254764],[-78.133393704204252,-0.145923085119496],[-78.13336561547932,-0.145890229092043],[-78.133221366255114,-0.145634249257395],[-78.133152262809773,-0.145372911717868],[-78.133095313255239,-0.145191810444125],[-78.133058859708314,-0.145024461859248],[-78.133055816139063,-0.144959507941026],[-78.132967743554445,-0.144763126922632],[-78.132938895494476,-0.144727978519557],[-78.13278174163132,-0.144467415405396],[-78.13273771091562,-0.144418513746526],[-78.13272100720134,-0.144378778954038],[-78.132632181148324,-0.144232069015811],[-78.132545630593341,-0.144070839654747],[-78.132550182306801,-0.144047914103805],[-78.132519051498306,-0.143963859275645],[-78.132500064506544,-0.143870633037911],[-78.132490185198805,-0.143768999906995],[-78.132501567696053,-0.143739960225347],[-78.132483342885237,-0.143674243933226],[-78.132421841754464,-0.143519125069611],[-78.13229506160144,-0.143360957131834],[-78.132255586848899,-0.143326574185593],[-78.132276080171067,-0.14331663763056],[-78.132280632043688,-0.143295240416694],[-78.132276076142645,-0.143281485934007],[-78.132285942181696,-0.143266965608584],[-78.132194833691415,-0.143075170208013],[-78.132208490873452,-0.143024733578538],[-78.132168252232162,-0.142948321536396],[-78.132132564221124,-0.142839813945692],[-78.13204677380358,-0.142689283011224],[-78.132013365927747,-0.142606756856903],[-78.132006530657165,-0.142573898467641],[-78.132016400030594,-0.142588416491014],[-78.132036888850578,-0.142539507400014],[-78.131989065020136,-0.142509710467959],[-78.131971602816606,-0.142475324987603],[-78.131960212073707,-0.142432532960317],[-78.131948059189384,-0.142362995174287],[-78.131960964780248,-0.142377512840045],[-78.131971595060904,-0.142408078281753],[-78.132019414397334,-0.142398902684769],[-78.132029281304526,-0.142392024026564],[-78.132022438176875,-0.142291154762124],[-78.131977646231576,-0.142223913296773],[-78.131973843191872,-0.142156667035148],[-78.131954863489028,-0.142127630908236],[-78.132016330234478,-0.14198396028159],[-78.131994279419786,-0.141653842664482],[-78.132001851772998,-0.14149718750974],[-78.132001053259273,-0.141157897392346],[-78.131925094485439,-0.140700170268999],[-78.131868893852584,-0.1404380676247],[-78.131846858018179,-0.140239386808926],[-78.131813443521111,-0.140101840716247],[-78.131814189296463,-0.139988743908882],[-78.131785312732433,-0.139712118892946],[-78.1317875692841,-0.139537124380706],[-78.131756399291618,-0.139123713767734],[-78.131768529509557,-0.138999917262457],[-78.131762436725396,-0.138827980421702],[-78.13179126391627,-0.138685841897968],[-78.131813987879298,-0.138284651481886],[-78.131892903807866,-0.138069146854591],[-78.131952082571274,-0.137839125408715],[-78.131950554703934,-0.137757359712616],[-78.131971030804067,-0.137603759642599],[-78.132015753750011,-0.137092526397492],[-78.132034714591114,-0.136963379840379]]}},
{"type":"Feature","properties":{"capa_cad":"ACAD-TOP-BASE PRESA POROTOG-Model|C3D-Superficie_ConMen","color":"#B8A15C"},"geometry":{"type":"LineString","coordinates":[[-78.13842040498497,-0.14796284983572],[-78.13842040498497,-0.14796284983572]]}},
{"type":"Feature","properties":{"capa_cad":"ACAD-TOP-BASE PRESA POROTOG-Model|C3D-Superficie_ConMen","color":"#B8A15C"},"geometry":{"type":"LineString","coordinates":[[-78.13842040498497,-0.14796284983572],[-78.138426476350787,-0.147952914924825],[-78.138258707093911,-0.147796278644933],[-78.138056774963587,-0.147592267641504],[-78.137889010562944,-0.147479189214646],[-78.137584598067036,-0.147207178690282],[-78.137521581533591,-0.147074984251088],[-78.13748058585179,-0.147016147732914],[-78.137420590842723,-0.146752515599544],[-78.137359091100492,-0.14660885847084],[-78.137182199350249,-0.146329192093856],[-78.137089574697683,-0.146154207567313],[-78.137070593283028,-0.146109887836681],[-78.137064515069412,-0.146058689102576],[-78.136965036231359,-0.145682728562365],[-78.136915635867865,-0.145137116510447],[-78.136909543585631,-0.144962122178861],[-78.136889798132117,-0.144874244848439],[-78.136883703813865,-0.144681674602717],[-78.13685332276269,-0.144516617293904],[-78.136851040722803,-0.144473824014559],[-78.136935278760603,-0.144321744379169],[-78.1369367954822,-0.144309517476736],[-78.136970951491364,-0.144295758464129],[-78.137014979599499,-0.144320206836015],[-78.137045342065733,-0.144321731671369],[-78.137364916466865,-0.144420272796734],[-78.137480312954295,-0.14459372625775],[-78.137796115164448,-0.144894773249624],[-78.137956295874673,-0.145066693336632],[-78.138035245349101,-0.145132402992124],[-78.138075483471084,-0.14520346629668],[-78.138177213420065,-0.145346354655978],[-78.13836928043591,-0.145570234867808],[-78.138436841537981,-0.145613784910578],[-78.138565129552362,-0.145677196474233],[-78.138612190224066,-0.145668785205939],[-78.1387070685618,-0.145633622460887],[-78.13881484796768,-0.145572476395041],[-78.138948424490977,-0.145415041715534],[-78.138993203852067,-0.14536995044596],[-78.13915411383465,-0.145277467195235],[-78.139255060693188,-0.145207151789533]]}},
{"type":"Feature","properties":{"capa_cad":"ACAD-TOP-BASE PRESA POROTOG-Model|C3D-Superficie_ConMen","color":"#B8A15C"},"geometry":{"type":"LineString","coordinates":[[-78.134672981608148,-0.148339241558983],[-78.134324523924789,-0.147876958457943],[-78.134225074608352,-0.147759287647678],[-78.134064895258263,-0.147591188561464],[-78.133989736473623,-0.147480392584181],[-78.133862950028245,-0.14726261886191],[-78.133871281605394,-0.1471006142226],[-78.133884940770372,-0.147066225102536],[-78.133863683646425,-0.147034132430159],[-78.133838620936416,-0.146909575815507],[-78.133838618123491,-0.146884358259455],[-78.133768770627995,-0.146755221709225],[-78.133733083424161,-0.146651298858772],[-78.133724725872895,-0.146580232153635],[-78.133664747522474,-0.146464085375507],[-78.133638931179391,-0.146388435647897],[-78.133625260141699,-0.146316605385666],[-78.133590334786561,-0.146237900026125],[-78.13345064551423,-0.146031590506616],[-78.13339522394557,-0.145937604139875],[-78.1333534709444,-0.145893287147718],[-78.133300325503086,-0.145790130519889],[-78.13320390704807,-0.145625845402691],[-78.133140878023269,-0.14538208303476],[-78.133084687525511,-0.145200981675418],[-78.133036081323255,-0.144964859379903],[-78.13294876796904,-0.144770006612765],[-78.132789336342654,-0.144504094579113],[-78.132748340543529,-0.144443730054365],[-78.132715697729097,-0.144413167108744],[-78.132616242485128,-0.144245061702662],[-78.13253272858573,-0.144087652829679],[-78.132528931921257,-0.144075426588129],[-78.132534242079444,-0.144047151777445],[-78.132493240777166,-0.143938644732131],[-78.132483367231174,-0.143887446653299],[-78.132471209104395,-0.143771294605756],[-78.13248486815327,-0.143736905488808],[-78.132465883764354,-0.14366660428095],[-78.132411215607718,-0.143524475473764],[-78.132283676315026,-0.1433655434576],[-78.132244201212828,-0.143328103842355],[-78.132266971521943,-0.143316638688394],[-78.132272282448639,-0.143295241386529],[-78.132266966617649,-0.143273845319011],[-78.132274555406653,-0.143258561090899],[-78.132186483921643,-0.143073642844927],[-78.132196346096606,-0.143025499159309],[-78.132150033706736,-0.142937625316619],[-78.132123457594318,-0.142857390853203],[-78.132030833847267,-0.142690813205356],[-78.131997424299541,-0.142593767876667],[-78.132001976509912,-0.142575427333733],[-78.131991344912279,-0.142533399382786],[-78.131964014128201,-0.142491373383883],[-78.131941992313244,-0.142411138411313],[-78.131935909300594,-0.142319439070725],[-78.131963237179605,-0.142336247549996],[-78.131982976019557,-0.14236604775893],[-78.132008024180209,-0.142360695659291],[-78.132004982672484,-0.142314845986353],[-78.131954117151025,-0.142237671059615],[-78.131950313140806,-0.142162018961252],[-78.131929055835357,-0.14212916226622],[-78.13199811081887,-0.141965622407287],[-78.131977580057821,-0.141652316293839],[-78.131985911642204,-0.14149718938627],[-78.131986630346503,-0.141150257423238],[-78.131909154713398,-0.14070322882495],[-78.131850674773943,-0.14042278644555],[-78.131829400230956,-0.14024320971847],[-78.131794465026758,-0.140083502965504],[-78.131795971380015,-0.13998339690858],[-78.131768610763913,-0.139688431708637],[-78.13177390712903,-0.139544003515429],[-78.131741974382322,-0.139099262152839],[-78.131748796918188,-0.139023608804839],[-78.131741942187674,-0.138827218715365],[-78.131774562561702,-0.138667503897479],[-78.131798806170693,-0.138279304142896],[-78.131864063409651,-0.138099717018784],[-78.131934623424371,-0.13783148584925],[-78.131932337962752,-0.137761946919681],[-78.131951295864553,-0.137607582869032],[-78.132000567999143,-0.137053555719702],[-78.132015738248029,-0.136963382150106]]}},
{"type":"Feature","properties":{"capa_cad":"ACAD-TOP-BASE PRESA POROTOG-Model|C3D-Superficie_ConMen","color":"#B8A15C"},"geometry":{"type":"LineString","coordinates":[[-78.139411999681684,-0.143573333783643],[-78.139384669268367,-0.143535892527086],[-78.139245734224389,-0.143298251183916],[-78.139179680126531,-0.143159179578798],[-78.139127297868498,-0.143096523587107],[-78.139107554251254,-0.143026222073505],[-78.138974710019667,-0.142948292048432],[-78.138797839440343,-0.142861961294896],[-78.138742421480572,-0.142803890721802],[-78.138727236787688,-0.142773325629993],[-78.138607284667629,-0.142592230986966],[-78.138599692584307,-0.142579240958836],[-78.138583743266736,-0.142500533154681],[-78.138543504079863,-0.142421828199418],[-78.138523002967062,-0.142365281909263],[-78.138554878815768,-0.142325541251567],[-78.138566264070619,-0.142320190715423],[-78.138493381829278,-0.142210922738277],[-78.138405319836977,-0.142113883301224],[-78.138384821547106,-0.142081790508828],[-78.138385573339676,-0.142019128363068],[-78.138365825770805,-0.141915203371251],[-78.138384793263143,-0.141838019825404],[-78.138350617800285,-0.141684425394709],[-78.138198780138978,-0.141460541093116],[-78.138094014293983,-0.14132453097777],[-78.137941415938059,-0.141086891782451],[-78.137878404859791,-0.14100742544567],[-78.137781229035426,-0.140866829483025],[-78.137677976447875,-0.140689554058955],[-78.137525385552834,-0.140516105383757],[-78.137476035971659,-0.140423646578184],[-78.137409221604159,-0.140276169562536],[-78.137387960186601,-0.140209689236866],[-78.137341637110652,-0.14003469965562],[-78.13732873115741,-0.14001788943861],[-78.137331752543787,-0.139891800908472],[-78.137309709341821,-0.139632749668475],[-78.137324869465019,-0.139454696077227],[-78.137317260010207,-0.139294985308631],[-78.137318773604505,-0.139256776591266],[-78.137324086915399,-0.139256011783354],[-78.137318009663758,-0.139215511464143],[-78.137321789295413,-0.139083309476173],[-78.137274705092935,-0.138892272457702],[-78.137285310757406,-0.138714219410326],[-78.137341462105042,-0.138555265137094],[-78.137354359716355,-0.138501771630426],[-78.137307270682015,-0.138270997754132],[-78.137229817946292,-0.138028765010614],[-78.137185013213809,-0.137858360381633],[-78.13717816625504,-0.137729216375591],[-78.137167535339742,-0.137694829986905],[-78.137168292750729,-0.137681074823923],[-78.137182713465279,-0.13766961051524],[-78.137188767985492,-0.137519832336925],[-78.137196355626998,-0.137495377955064],[-78.137209259233003,-0.137492319705121],[-78.13726009838085,-0.137344828588476],[-78.137263134059651,-0.137340243195238],[-78.137281351983475,-0.137344826003984],[-78.137317777744059,-0.137269932844084],[-78.137366352547289,-0.137229425884141],[-78.137422515078498,-0.137165228702427],[-78.137388347672712,-0.137083466590857],[-78.137398975393666,-0.137091107003753],[-78.137357211803177,-0.136962731406576]]}},
{"type":"Feature","properties":{"capa_cad":"ACAD-TOP-BASE PRESA POROTOG-Model|C3D-Superficie_ConMen","color":"#B8A15C"},"geometry":{"type":"LineString","coordinates":[[-78.138440897782061,-0.147946799933084],[-78.138442414882334,-0.14793762970506],[-78.138230615663232,-0.14773973312617],[-78.138084101055455,-0.147592264563653],[-78.137894322353873,-0.147464669365007],[-78.137599778285718,-0.147198771095751],[-78.137528410069137,-0.147048237499148],[-78.137499560929683,-0.147003918853227],[-78.137444121288127,-0.146749456249343],[-78.137375029256816,-0.146590516564387],[-78.137196619470373,-0.146311614529713],[-78.13709640269434,-0.146122875796786],[-78.136979457631014,-0.145676613550654],[-78.136957409948508,-0.145366362858693],[-78.13693765268043,-0.145173794166232],[-78.136930037611634,-0.144957534801507],[-78.136913329339848,-0.144878062995285],[-78.136903460035356,-0.144864309062094],[-78.136897365802085,-0.144672502984517],[-78.136864704708699,-0.144482228313329],[-78.136942112626016,-0.144342376192627],[-78.136959569027809,-0.144325562427056],[-78.137006633451094,-0.144350774619876],[-78.137029404908873,-0.144348479479698],[-78.137347460840587,-0.144443964103663],[-78.137434767499883,-0.144576155578225],[-78.137749051672245,-0.144877966899396],[-78.137948707892789,-0.145089619342209],[-78.137995773987541,-0.145129350838466],[-78.138024623729308,-0.14517825448269],[-78.138172663477945,-0.145385327913102],[-78.138359416474373,-0.145603859538623],[-78.138440640796219,-0.145648936363475],[-78.138519593032072,-0.145739099573864],[-78.138616752331899,-0.145737560126922],[-78.138645594397346,-0.1457184525405],[-78.138732882844351,-0.145689404039545],[-78.138843698403775,-0.145627493458418],[-78.139033437590612,-0.145402041052355],[-78.139247475296742,-0.14525300298073]]}},
{"type":"Feature","properties":{"capa_cad":"ACAD-TOP-BASE PRESA POROTOG-Model|C3D-Superficie_ConMen","color":"#B8A15C"},"geometry":{"type":"LineString","coordinates":[[-78.134656282379225,-0.148339243426337],[-78.134247093399864,-0.147815069486037],[-78.134034532362975,-0.147585078627809],[-78.133845491926735,-0.147264149166771],[-78.133856857342096,-0.147080747472693],[-78.133821162154177,-0.146904992778914],[-78.133821158147612,-0.146869076866303],[-78.133726256879825,-0.146695621393344],[-78.1337141004676,-0.14659246005045],[-78.13364501217481,-0.146464851782244],[-78.133615392254228,-0.146315078169757],[-78.133579708786598,-0.146244778747295],[-78.133478737153752,-0.146090428256112],[-78.133401298874801,-0.145959764322443],[-78.133344363058598,-0.14590016569763],[-78.133295772291305,-0.145800065223103],[-78.133188725435929,-0.145621262127945],[-78.133128734009631,-0.145389726102473],[-78.133071783941048,-0.145204039824475],[-78.133020142472873,-0.144976323725763],[-78.132929791950829,-0.14477306546389],[-78.132771877916198,-0.144502568253461],[-78.132746824952491,-0.144465891090537],[-78.13271190454121,-0.144431507568544],[-78.132658762133531,-0.144355861098288],[-78.132602581419775,-0.144261874964219],[-78.132515270946513,-0.144093004017856],[-78.13251830228775,-0.144050210288477],[-78.132465910378457,-0.143899675351287],[-78.132453751031505,-0.143772824961293],[-78.132468168086973,-0.143729265747691],[-78.132412736688423,-0.143550456989611],[-78.132384646875153,-0.143508431039207],[-78.132248757813528,-0.143347971663246],[-78.132240405504675,-0.143324283446614],[-78.132260898826559,-0.143314346891686],[-78.132263931890279,-0.143286836515982],[-78.132257857180292,-0.143266968871453],[-78.13226544640716,-0.143255505479954],[-78.13217661560526,-0.143068294822225],[-78.132184201319902,-0.143026264740074],[-78.132130296722266,-0.142923872605114],[-78.132114350879448,-0.142874203593224],[-78.132015652505217,-0.142688522475175],[-78.131983001571498,-0.14258765622361],[-78.131992106872289,-0.142558616809265],[-78.131988309753595,-0.142542569742934],[-78.131964017563703,-0.142521175901052],[-78.131938201627264,-0.142450875543708],[-78.131924527285776,-0.1423522995873],[-78.131925278135654,-0.142281231959988],[-78.131970065665129,-0.142310265069041],[-78.13193134721287,-0.142252192900105],[-78.131927542585586,-0.142171191633631],[-78.13190248912845,-0.142130693713043],[-78.131960161486887,-0.141994665209523],[-78.1319184143222,-0.14200154760954],[-78.131980650722539,-0.141949576945843],[-78.131960879986835,-0.141644676586374],[-78.131969970446448,-0.141488021257449],[-78.131972208412776,-0.141151023292564],[-78.13189321449515,-0.140702466545499],[-78.13183321519648,-0.140411326011892],[-78.131812701139324,-0.140243975869676],[-78.131776245586096,-0.140065165125062],[-78.131775473699577,-0.139955889337063],[-78.13175419144325,-0.139711358438297],[-78.13176024416363,-0.139544005147244],[-78.131726789334778,-0.139065640626121],[-78.131722966029045,-0.138828749327608],[-78.131756344459504,-0.138660628584567],[-78.13177300879704,-0.138367186456701],[-78.131782866135808,-0.138280070231425],[-78.131849639205953,-0.138081378750876],[-78.131903505597208,-0.13785976379481],[-78.131916405315195,-0.137824610548896],[-78.131914878998174,-0.137755835695667],[-78.131931560194644,-0.137605292758619]]}},
{"type":"Feature","properties":{"capa_cad":"ACAD-TOP-BASE PRESA POROTOG-Model|C3D-Superficie_ConMen","color":"#B8A15C"},"geometry":{"type":"LineString","coordinates":[[-78.131931560194644,-0.137605292758619],[-78.131931560194644,-0.137605292758619]]}},
{"type":"Feature","properties":{"capa_cad":"ACAD-TOP-BASE PRESA POROTOG-Model|C3D-Superficie_ConMen","color":"#B8A15C"},"geometry":{"type":"LineString","coordinates":[[-78.131931560194644,-0.137605292758619],[-78.131983866433018,-0.137033689405719]]}},
{"type":"Feature","properties":{"capa_cad":"ACAD-TOP-BASE PRESA POROTOG-Model|C3D-Superficie_ConMen","color":"#B8A15C"},"geometry":{"type":"LineString","coordinates":[[-78.139411980127548,-0.143402923403129],[-78.139337579370476,-0.143289834594866],[-78.139281396106043,-0.143177507849608],[-78.139206238916657,-0.143087344316303],[-78.139194088875669,-0.143043023758993],[-78.138973947087322,-0.142914668577134],[-78.138797835652397,-0.142829101911865],[-78.138636128353781,-0.142587642581205],[-78.138615625481066,-0.142515812852051],[-78.138568553355839,-0.142424881949936],[-78.138613332138092,-0.142375969720606],[-78.138500213441674,-0.142211686107898],[-78.138463773514133,-0.142167368439051],[-78.138400760350592,-0.142069561893128],[-78.138400755654487,-0.142029060807226],[-78.138387844220404,-0.141964871924333],[-78.138384799474068,-0.141891511824916],[-78.138401491654534,-0.141830376145531],[-78.138365038660311,-0.141673725295543],[-78.138180556516986,-0.141407051253297],[-78.138111471824416,-0.141317651374075],[-78.137982407826101,-0.14111057623735],[-78.137900417713595,-0.141008951181325],[-78.137807797216666,-0.140876760557477],[-78.13769239809524,-0.140685731492549],[-78.137544361453152,-0.140511518103698],[-78.13749425272357,-0.140418295216266],[-78.13742819723214,-0.140269289766707],[-78.137363648515887,-0.140023998640472],[-78.137359851970118,-0.140013300702794],[-78.137346947814862,-0.140011773900281],[-78.137346942058898,-0.139962866973829],[-78.137353011459183,-0.139936884444557],[-78.13732868586554,-0.139633511569726],[-78.137335509444696,-0.139566263729513],[-78.137340063788812,-0.139566263184578],[-78.137347640643696,-0.139450108325928],[-78.137336994596978,-0.139287341235339],[-78.137339271136199,-0.139281991767268],[-78.137351415872971,-0.139280461969596],[-78.137340024587516,-0.139234613091528],[-78.137336220526208,-0.139160488987017],[-78.137343807117801,-0.139126864564217],[-78.137334698701238,-0.139129158169767],[-78.137336970170438,-0.139081015141108],[-78.137317221818577,-0.138972505270647],[-78.137292163138738,-0.138889977846382],[-78.137302769982981,-0.138721859015319],[-78.137303528495636,-0.138717273899744],[-78.137310360283706,-0.138719565589353],[-78.137303527950962,-0.138712688875559],[-78.13737030264781,-0.138524694830484],[-78.137373336331592,-0.138503297683573],[-78.13733232421697,-0.138309967435027],[-78.137327005169908,-0.138262589492443],[-78.137321691677712,-0.138261825963582],[-78.137269296767087,-0.138094478912625],[-78.137257143368316,-0.138023412509502],[-78.137248793738607,-0.138023413519849],[-78.137206266267427,-0.137853772783021],[-78.137212338359745,-0.137850715364791],[-78.137197907775246,-0.137779649243815],[-78.137191825626985,-0.137698647893899],[-78.137222163297068,-0.137493082308321],[-78.137283630347085,-0.137354759945977],[-78.137298810666948,-0.137347880563785],[-78.137327647598354,-0.137287507569899],[-78.137353453160898,-0.13726763599122],[-78.1374118928657,-0.137203438534932],[-78.137416447576783,-0.137206494663613],[-78.137432385577924,-0.1371881526244],[-78.137461227370352,-0.137168280671815],[-78.137446041356768,-0.137127781468273],[-78.137426304396513,-0.137115557139555],[-78.137376947292694,-0.13696272900001]]}},
{"type":"Feature","properties":{"capa_cad":"ACAD-TOP-BASE PRESA POROTOG-Model|C3D-Superficie_ConMen","color":"#B8A15C"},"geometry":{"type":"LineString","coordinates":[[-78.137531058904969,-0.137153752922301],[-78.13751663387589,-0.137129301211702],[-78.137459696581303,-0.137062825285886],[-78.137439195784097,-0.137010864169632],[-78.137429327119591,-0.137003223664709],[-78.137416418272764,-0.136962724186795]]}},
{"type":"Feature","properties":{"capa_cad":"ACAD-TOP-BASE PRESA POROTOG-Model|C3D-Superficie_ConMen","color":"#B8A15C"},"geometry":{"type":"LineString","coordinates":[[-78.139411949650238,-0.143137755680958],[-78.139359566852022,-0.14307051464554],[-78.139350455771151,-0.143049883062332],[-78.139341348121135,-0.143059054189884],[-78.139008858056769,-0.142864993329855],[-78.138850205662678,-0.142785538002981],[-78.138822118472604,-0.142767965336436],[-78.138791751551025,-0.142728231957824],[-78.138691538288313,-0.142576173520562],[-78.138678630941897,-0.142547136509709],[-78.138690013461897,-0.142518096654709],[-78.138712023416545,-0.142494404755751],[-78.138708224944835,-0.142466895021352],[-78.138595868404352,-0.142329357302071],[-78.138519186002597,-0.142178060333951],[-78.138431878899624,-0.142045104749861],[-78.13842199234702,-0.141883101562915],[-78.138423507002997,-0.141853298697824],[-78.138434888704126,-0.141817381299434],[-78.138396917412891,-0.14165920228138],[-78.138147146122094,-0.141305420418838],[-78.138038579891301,-0.141125853014789],[-78.137895096718722,-0.140943997267571],[-78.13787991297292,-0.140921838104614],[-78.137877634638258,-0.140911904150362],[-78.137883706921642,-0.140910375088642],[-78.137815380017258,-0.140810276777372],[-78.137806271592979,-0.140812570370582],[-78.137746294677527,-0.14071552776494],[-78.137750849202448,-0.140717055566511],[-78.137744773609512,-0.140690310302339],[-78.137725793767402,-0.140661274057274],[-78.137692390039476,-0.140616956106383],[-78.137698464738605,-0.140636059659343],[-78.137669616788926,-0.140603967904402],[-78.137588385535793,-0.140500814479661],[-78.137586107915126,-0.140496993895849],[-78.137598251491795,-0.140485529889056],[-78.137510944455386,-0.14035410288035],[-78.137461591540813,-0.140233369763231],[-78.137394007754295,-0.139998013213962],[-78.137373469528598,-0.139627392847813],[-78.137393942150055,-0.139441696902589],[-78.137380262583903,-0.139301855291989],[-78.137394684041311,-0.139296504367652],[-78.137385572640667,-0.13927358033715],[-78.137372645050945,-0.139074133320486],[-78.137337707212311,-0.138895321565005],[-78.137335425506691,-0.138857113302898],[-78.137340723665687,-0.138728731982512],[-78.137346036885447,-0.138727203001392],[-78.137339204461739,-0.138719562116629],[-78.137341480453586,-0.138709627623072],[-78.137390044046754,-0.138574363550076],[-78.137416604510179,-0.138519340052362],[-78.137429508758302,-0.13852163100879],[-78.137427224402657,-0.138461261791707],[-78.137421910819128,-0.1384597340911],[-78.137407482179341,-0.138404715535583],[-78.137393819237914,-0.13840548135514],[-78.137365716910892,-0.138261056474617],[-78.13737558283448,-0.138245771867674],[-78.137357365185309,-0.138243481556379],[-78.137355087466773,-0.138238896807117],[-78.137279155116374,-0.138015768139028],[-78.137235868220102,-0.137843070807387],[-78.13723205730507,-0.137712398086145],[-78.137258598318454,-0.137495370394586],[-78.137331450037749,-0.137347112424077],[-78.137436944969863,-0.137230181463237],[-78.13747868899452,-0.137195788695341],[-78.137528024236232,-0.137166744196475]]}},
{"type":"Feature","properties":{"capa_cad":"ACAD-TOP-BASE PRESA POROTOG-Model|C3D-Superficie_ConMen","color":"#B8A15C"},"geometry":{"type":"LineString","coordinates":[[-78.133828031870479,-0.147248103599348],[-78.133839401028411,-0.147098325316009],[-78.133809028942494,-0.147009685215122],[-78.133787003645665,-0.146895826620276],[-78.133786238281388,-0.146839278249676],[-78.133698929186281,-0.146680341121907],[-78.133687534049699,-0.146597048070474],[-78.133635148049706,-0.146496947967097],[-78.133599453124802,-0.146324249998303],[-78.133569843297863,-0.146264648241222],[-78.133485573536348,-0.146133985062357],[-78.13347418453894,-0.14610571213656],[-78.133407375176901,-0.145994151194451],[-78.133336016374528,-0.145926148361663],[-78.133272999958123,-0.145793954475041],[-78.133164436199522,-0.145625849908009],[-78.133144694147674,-0.145567011232386],[-78.133104445637741,-0.145401955565893],[-78.133042181153826,-0.145207099885602],[-78.132988262005114,-0.144974799047041],[-78.132900189688684,-0.144780710542089],[-78.132817437319972,-0.144644698199248],[-78.132762773428055,-0.14453924934885],[-78.132573740397788,-0.144288624153481],[-78.13249098399524,-0.144117460181118],[-78.132484150243698,-0.144097592615893],[-78.132487942206694,-0.144068553814288],[-78.132421886017852,-0.143906557948587],[-78.132418076268607,-0.143779706597085],[-78.132435528580601,-0.143727741191786],[-78.132415784875889,-0.143655147572787],[-78.132421096945109,-0.143643684446069],[-78.132393761120369,-0.143557336696175],[-78.132365670433501,-0.143507669072523],[-78.132257870838927,-0.143386178970883],[-78.132232055384577,-0.143319699412499],[-78.132247994381771,-0.1433097633865],[-78.132243438305892,-0.14329448056956],[-78.132247231737054,-0.143278432615489],[-78.132238879164007,-0.143252451897531],[-78.132244950632909,-0.143244045351719],[-78.132163712476455,-0.143075173828752],[-78.132155359811875,-0.143048428946931],[-78.13215991203009,-0.143030088403244],[-78.131995160425078,-0.142709157378833],[-78.131960991562138,-0.142609819639895],[-78.131954155851801,-0.142573140416608],[-78.131961744012983,-0.142552507018385],[-78.131945802649142,-0.142541810540756],[-78.131938210437326,-0.142527292252657],[-78.131912393885045,-0.142451642727221],[-78.131903274396066,-0.142357651242729],[-78.131900224947117,-0.14224302653824],[-78.131888831989116,-0.142181130339532],[-78.131872888061949,-0.142148273023428],[-78.131857700360541,-0.142090962274149],[-78.131860735515275,-0.14208179191388],[-78.13184858641263,-0.142045113319877],[-78.131844025989764,-0.141992386328984],[-78.131916888873675,-0.141938121920336],[-78.131944972626442,-0.141927420285718],[-78.131929762326237,-0.141675246929333],[-78.131922166202799,-0.141627105295728],[-78.131928225060435,-0.141510187017847],[-78.131944918918322,-0.141464335026516],[-78.131946401206037,-0.141156375508245],[-78.131872723436388,-0.14073150732018],[-78.131795257679471,-0.140370065498114],[-78.13178006236879,-0.140248564749735],[-78.131763355034238,-0.140179027539274],[-78.131739047740965,-0.140029253703173],[-78.131739040202135,-0.139965063678816],[-78.131724596714051,-0.139782429495565],[-78.131732918143285,-0.139543244243899],[-78.131722266159244,-0.139329278768284],[-78.131697184528093,-0.139051125002476],[-78.131692603524144,-0.138825696305195],[-78.13169942441138,-0.138736287954115],[-78.131721425093986,-0.138636179439607],[-78.131733544548993,-0.138422211232372],[-78.13175250317407,-0.138273196388773],[-78.13180940963673,-0.138083676108592],[-78.131867068924564,-0.137842192358508],[-78.131880727604099,-0.137806274854665],[-78.13187920356728,-0.137756604179925],[-78.131940606608964,-0.137085658031475]]}},
{"type":"Feature","properties":{"capa_cad":"ACAD-TOP-BASE PRESA POROTOG-Model|C3D-Superficie_ConMen","color":"#B8A15C"},"geometry":{"type":"LineString","coordinates":[[-78.134510527805872,-0.148195595985273],[-78.134623642977928,-0.148339247076125]]}},
{"type":"Feature","properties":{"capa_cad":"ACAD-TOP-BASE PRESA POROTOG-Model|C3D-Superficie_ConMen","color":"#B8A15C"},"geometry":{"type":"LineString","coordinates":[[-78.138481124318218,-0.147914700211339],[-78.138481124318218,-0.147914700211339]]}},
{"type":"Feature","properties":{"capa_cad":"ACAD-TOP-BASE PRESA POROTOG-Model|C3D-Superficie_ConMen","color":"#B8A15C"},"geometry":{"type":"LineString","coordinates":[[-78.138481124318218,-0.147914700211339],[-78.138157731478458,-0.14760830386697],[-78.13792544211654,-0.147450146605311],[-78.137645321327568,-0.147194945096571],[-78.137624064557386,-0.147166673173859],[-78.137560289129809,-0.147036007159996],[-78.137544344908761,-0.147000092932654],[-78.137494978921694,-0.146756328022246],[-78.137416775800276,-0.146575992582027],[-78.137226219110858,-0.146279515996286],[-78.137125243612985,-0.14609383403016],[-78.137012096148268,-0.145668203945499],[-78.136982447003106,-0.145261668634071],[-78.13697178636798,-0.144962879198011],[-78.13695355937449,-0.144878058370135],[-78.136930024958204,-0.144845965916803],[-78.13692545526014,-0.144710708272608],[-78.13692924637968,-0.144674027654455],[-78.136900386482424,-0.144535716129105],[-78.136930743817103,-0.144492154914014],[-78.136958826587872,-0.144471519073093],[-78.137019544038296,-0.144408850088586],[-78.137312550108945,-0.1444959317395],[-78.137339880960667,-0.144537957977755],[-78.137714896672762,-0.144900895956743],[-78.137934290899125,-0.145134707094171],[-78.138143824539213,-0.145431945664699],[-78.138300210020006,-0.145604630482757],[-78.138320709679206,-0.145649714249575],[-78.138422438909345,-0.145786489306805],[-78.13848848490386,-0.145856785539764],[-78.13851581341423,-0.145878179221944],[-78.138634982998227,-0.14585524046933],[-78.13870709337867,-0.145853703891975],[-78.13878451148959,-0.145801731376056],[-78.138911266343072,-0.14573141309135],[-78.138949970746239,-0.145664161547991],[-78.139076716028129,-0.145509020157702],[-78.139137429843558,-0.145412727541582],[-78.139233822616021,-0.145344705187168]]}},
{"type":"Feature","properties":{"capa_cad":"ACAD-TOP-BASE PRESA POROTOG-Model|C3D-Superficie_ConMen","color":"#B8A15C"},"geometry":{"type":"LineString","coordinates":[[-78.138497063188893,-0.147902471676247],[-78.138497063188893,-0.147902471676247]]}},
{"type":"Feature","properties":{"capa_cad":"ACAD-TOP-BASE PRESA POROTOG-Model|C3D-Superficie_ConMen","color":"#B8A15C"},"geometry":{"type":"LineString","coordinates":[[-78.138497063188893,-0.147902471676247],[-78.138182021000361,-0.147605244446217],[-78.137946695315819,-0.14744632335328],[-78.137699217329001,-0.147220920821121],[-78.137649873289405,-0.147173547796191],[-78.137602801394905,-0.147081088435148],[-78.137572430898302,-0.147007731464087],[-78.137524584821165,-0.146780013963016],[-78.137444103415802,-0.146589744554753],[-78.13740690163155,-0.146518680894807],[-78.137226973965298,-0.146242071548489],[-78.137156367286593,-0.146114463091233],[-78.137137385783305,-0.146069379188139],[-78.137025756853831,-0.145647569780434],[-78.137004464677261,-0.145305987999272],[-78.136992280395106,-0.144958291820379],[-78.136974813238325,-0.144880348438044],[-78.136943686861656,-0.144836030129725],[-78.136939880038284,-0.144734395896364],[-78.136943669248822,-0.144680903527872],[-78.136920885285605,-0.14457315811818],[-78.13697628742645,-0.144493678003454],[-78.137037006618584,-0.144446292429428],[-78.137295853800083,-0.14452191546869],[-78.137699716990994,-0.144913888608626],[-78.137919111125242,-0.145146935574481],[-78.138129403731,-0.145443409885256],[-78.138262255558473,-0.145590879740112],[-78.138297940088478,-0.145668821137593],[-78.138360951572366,-0.145754401131451],[-78.138433830639414,-0.145838451664895],[-78.138562883809755,-0.14595611934631],[-78.138607667738896,-0.145951529207247],[-78.138753403090874,-0.145917124852996],[-78.138833099072315,-0.145871265452842],[-78.13887484143838,-0.145819297007116],[-78.138961368693103,-0.145771144298717],[-78.139022080369628,-0.145655747410473],[-78.139104047321325,-0.145554867342733],[-78.139187528585836,-0.145420363520076],[-78.139226996272953,-0.145390556289573]]}},
{"type":"Feature","properties":{"capa_cad":"ACAD-TOP-BASE PRESA POROTOG-Model|C3D-Superficie_ConMen","color":"#B8A15C"},"geometry":{"type":"LineString","coordinates":[[-78.133820440382763,-0.147239698603249],[-78.133820440382763,-0.147239698603249]]}},
{"type":"Feature","properties":{"capa_cad":"ACAD-TOP-BASE PRESA POROTOG-Model|C3D-Superficie_ConMen","color":"#B8A15C"},"geometry":{"type":"LineString","coordinates":[[-78.133820440382763,-0.147239698603249],[-78.133830293386467,-0.147107496364469],[-78.133787772670374,-0.146985234229189],[-78.13376954486418,-0.146891243584062],[-78.133768778391072,-0.146824761026195],[-78.133682987491156,-0.146666587898234],[-78.133675389765401,-0.146602398624396],[-78.133635151811134,-0.146530571369145],[-78.133628317579678,-0.146506118760447],[-78.133594140852153,-0.146334184788236],[-78.133566049392911,-0.146276875363274],[-78.133479501953687,-0.146141627434085],[-78.133468112270549,-0.146107241163431],[-78.133408135690786,-0.146007141965331],[-78.133330704278237,-0.145937611487137],[-78.133255540321528,-0.145781729777671],[-78.133147736306285,-0.145619738470858],[-78.133092301538142,-0.145408834465268],[-78.133026240660513,-0.145204045039532],[-78.132990546777819,-0.145042045551879],[-78.132970045904941,-0.144985499485628],[-78.132971562716946,-0.144974036794752],[-78.132896397273797,-0.144805928513238],[-78.132810608083503,-0.144664567344345],[-78.132747592425687,-0.144540015263526],[-78.132561596397849,-0.144296267228765],[-78.132528949411579,-0.144229024252808],[-78.132513007184173,-0.144210686071967],[-78.132471247452955,-0.14410752828254],[-78.13247200328621,-0.144079253999348],[-78.132398355686178,-0.143909617338828],[-78.132394546984528,-0.143791935998693],[-78.132418829038784,-0.143724686455573],[-78.132402122773755,-0.143662790829542],[-78.132412747872991,-0.143648270417846],[-78.132384652470208,-0.143557337752126],[-78.13235428400904,-0.14350232122136],[-78.132256353255855,-0.143390764150906],[-78.132228259763991,-0.143316643184106],[-78.13224116254483,-0.143306707510735],[-78.132235846976968,-0.143287603945602],[-78.132238881616729,-0.143273848581686],[-78.132229769901969,-0.143247103784852],[-78.132234323175027,-0.14323793324821],[-78.132159159029541,-0.143082816030992],[-78.132145491407925,-0.143042316757356],[-78.132148526571001,-0.143033146397257],[-78.132106769824631,-0.142956734535528],[-78.132081717268207,-0.142923878263298],[-78.132079438349905,-0.142908595184835],[-78.132040716935165,-0.142824541306748],[-78.131983016178609,-0.142714507965439],[-78.131945809868824,-0.142604472242505],[-78.131939733476429,-0.142570085432371],[-78.131944286126526,-0.142555565725756],[-78.131930621572238,-0.142541812313943],[-78.131905565749008,-0.142480681874248],[-78.131891888412511,-0.142356124240312],[-78.131889598988181,-0.14224990528576],[-78.131879724932944,-0.142194886413225],[-78.131862262368813,-0.142157444272765],[-78.131860740904798,-0.142128406103169],[-78.131847832838218,-0.142092491764656],[-78.131853144447291,-0.142077207801315],[-78.131840235937261,-0.142037472628512],[-78.131837194329051,-0.141990858796142],[-78.131841745910108,-0.141967169084246],[-78.131886526013915,-0.141932012146325],[-78.131927513061356,-0.141915959828068],[-78.131913824146267,-0.141692060478943],[-78.131900914203825,-0.14164009863537],[-78.131906973772686,-0.141529293696302],[-78.131932014382073,-0.141458987376351],[-78.131934257146057,-0.141163254445389],[-78.131861338790699,-0.140741442839662],[-78.131777798191919,-0.140359369232781],[-78.131764122869015,-0.140253915812446],[-78.131720069246796,-0.140010915954799],[-78.131710181435807,-0.139839743735286],[-78.131717735270101,-0.139527962718167],[-78.131706325222112,-0.139322403172632],[-78.131682002733768,-0.139045013486786],[-78.13167817969601,-0.138810414698413],[-78.131688033353328,-0.138691967640481],[-78.131704723105088,-0.138612492272404],[-78.131714570570225,-0.138442081857955],[-78.131737320011865,-0.138255622378872],[-78.13178891546238,-0.138085971083664],[-78.131845815696224,-0.137844487429903],[-78.13186250949569,-0.137799399555001],[-78.131860986827235,-0.137761191386659],[-78.131885240465792,-0.137459342460218],[-78.131918597078098,-0.137110878221908]]}},
{"type":"Feature","properties":{"capa_cad":"ACAD-TOP-BASE PRESA POROTOG-Model|C3D-Superficie_ConMen","color":"#B8A15C"},"geometry":{"type":"LineString","coordinates":[[-78.139411939360315,-0.143048347544065],[-78.13937701358951,-0.14296964189335],[-78.139347416104528,-0.143020080705993],[-78.1390915959729,-0.142869568695056],[-78.138997468566288,-0.142833663614927],[-78.138936738948019,-0.142790877090497],[-78.138841850995192,-0.142741981190502],[-78.138819076155698,-0.142715237843215],[-78.138740879818414,-0.142599857066003],[-78.138746190491062,-0.142576167122495],[-78.138771994945429,-0.142545597233909],[-78.138760605360815,-0.142513503356896],[-78.138662674287076,-0.14240500245717],[-78.138535884132807,-0.14216812414349],[-78.138450095586776,-0.142038989237168],[-78.138440214621468,-0.141925128849594],[-78.138442481682077,-0.141838013035277],[-78.138449310454163,-0.141814322915748],[-78.138412856744992,-0.141651558688266],[-78.138172196014651,-0.141313823343118],[-78.138051482715454,-0.141115917262505],[-78.137917868898612,-0.140947815425413],[-78.137913312854764,-0.140933296713928],[-78.137922421190851,-0.140930238950316],[-78.137917865950797,-0.140922597778831],[-78.137825246158144,-0.140796520528413],[-78.137721236736226,-0.140638349468612],[-78.13760887838724,-0.14048629279689],[-78.137614949951583,-0.140478650366091],[-78.137610394620339,-0.140470245027514],[-78.137550419481755,-0.140388485873319],[-78.137477530041636,-0.14021884861974],[-78.137410704858794,-0.139979671123683],[-78.137392446233747,-0.13962968309049],[-78.137400785311073,-0.139540274112708],[-78.137417473200173,-0.139443986596738],[-78.137403793001113,-0.139298795787885],[-78.137412142180438,-0.139294973932986],[-78.137406826970633,-0.139279691154706],[-78.137392380270839,-0.13907183843824],[-78.137358961633694,-0.138902196546034],[-78.137354395500068,-0.138802854898574],[-78.137357421928499,-0.138720324094043],[-78.137431027418515,-0.138526215850433],[-78.137440894891796,-0.138523922148316],[-78.137437087782374,-0.138424580403617],[-78.137432533347109,-0.138423816782358],[-78.137408232317512,-0.13832982670876],[-78.137401401074399,-0.138332120045902],[-78.137386210821376,-0.138255704803571],[-78.137390764072393,-0.138246534204307],[-78.137381655202105,-0.13824500696328],[-78.13736722919532,-0.138212149363857],[-78.137295094315348,-0.138007360332459],[-78.137252566931153,-0.137838483760071],[-78.137249520284158,-0.137751368672571],[-78.137275300141908,-0.137516765145137],[-78.137349668512755,-0.137356280257548],[-78.137367123621416,-0.137329532158773],[-78.137436188757036,-0.137253870850011],[-78.137479450713599,-0.137217949556602],[-78.137521954898304,-0.13719272674463]]}},
{"type":"Feature","properties":{"capa_cad":"ACAD-TOP-BASE PRESA POROTOG-Model|C3D-Superficie_ConMen","color":"#B8A15C"},"geometry":{"type":"LineString","coordinates":[[-78.137537127874694,-0.137124713690301],[-78.137470316400083,-0.13700474700936],[-78.137439949049991,-0.136962721317359]]}},
{"type":"Feature","properties":{"capa_cad":"ACAD-TOP-BASE PRESA POROTOG-Model|C3D-Superficie_ConMen","color":"#B8A15C"},"geometry":{"type":"LineString","coordinates":[[-78.133812848980057,-0.147232057775621],[-78.133821185744523,-0.147116667412795],[-78.133769554067285,-0.146973773762481],[-78.133752085486236,-0.146881311369827],[-78.133751318415548,-0.146809479634825],[-78.133668564418755,-0.146657419512508],[-78.133660967888673,-0.146603928594981],[-78.133628321426301,-0.146540506330531],[-78.133586550815025,-0.146338770659223],[-78.133560737035197,-0.146286045984951],[-78.133473430371012,-0.14614926980573],[-78.133459762579974,-0.146106477944938],[-78.133429394463221,-0.146053753799824],[-78.133411173884184,-0.146024717485564],[-78.133325392095998,-0.145948310444484],[-78.133255542212524,-0.145798541473105],[-78.133128758646549,-0.14560827811861],[-78.133081676151392,-0.14542106236594],[-78.133058138644998,-0.145360695796451],[-78.133011059653739,-0.145204810945682],[-78.132980681660669,-0.145064971716853],[-78.132952587735403,-0.144986265655799],[-78.132951826086256,-0.144963340709756],[-78.132877420303771,-0.144800581518651],[-78.132803019618848,-0.144682908241127],[-78.132736966704556,-0.144549186497948],[-78.132549452397996,-0.144303910303879],[-78.132519083618874,-0.144245837075507],[-78.132494031262112,-0.144214509098353],[-78.132458344662254,-0.144117463948954],[-78.132456823768308,-0.144093010766207],[-78.132374825006295,-0.143909620059382],[-78.132371776580484,-0.143802636977161],[-78.132374810528702,-0.143782768273905],[-78.132393783218049,-0.143750671047176],[-78.132402888551397,-0.14372163163153],[-78.13238846058438,-0.143669669918732],[-78.132403639397339,-0.143649799807874],[-78.132377821681871,-0.143563451883148],[-78.132345934151033,-0.143500029687601],[-78.132253317127009,-0.143391528670615],[-78.132223704826686,-0.143311294542055],[-78.132235089849559,-0.143304415714125],[-78.132219901147877,-0.143237934924079],[-78.132222936400325,-0.143229528731172],[-78.132176624112105,-0.143142419045439],[-78.132135622653053,-0.143033147898987],[-78.132070333742007,-0.142943747936057],[-78.132063498568328,-0.142911653710316],[-78.132043758949919,-0.142874975985435],[-78.132040720625724,-0.142856636327391],[-78.131967075431547,-0.142709160655114],[-78.13192986903384,-0.142598360766791],[-78.131927587206135,-0.142557860177305],[-78.131895699723273,-0.142495202201497],[-78.131881261923809,-0.14235841798441],[-78.131882011980068,-0.14228047285635],[-78.131870618053199,-0.14221017082076],[-78.13185315495987,-0.142168143678179],[-78.131851632701157,-0.142132228005507],[-78.131837965227604,-0.142093257088113],[-78.131845553379364,-0.142072623688809],[-78.131833404099822,-0.142034416761353],[-78.131830362403093,-0.141987038762272],[-78.131834152630518,-0.141943480797018],[-78.131856163154936,-0.141925902372618],[-78.131910053584917,-0.141905263537842],[-78.131897125849022,-0.141699704112522],[-78.131890290465037,-0.141666081564967],[-78.131880421258842,-0.141653091885252],[-78.131880418865009,-0.141632459374875],[-78.13188420526464,-0.141556042223201],[-78.131919868189442,-0.14144752630031],[-78.13192135332055,-0.141164020135315],[-78.131849194555812,-0.140746793446628],[-78.131758819702071,-0.140341031478285],[-78.131701849896046,-0.139993342283592],[-78.131694994342638,-0.139788546360306],[-78.131702575977471,-0.139712892929098],[-78.131698013829606,-0.139646410949492],[-78.131703314692672,-0.139540191111731],[-78.131674425026745,-0.139153526098394],[-78.131675176673525,-0.139090864320514],[-78.131666820397342,-0.139034316969795],[-78.131662998172445,-0.138806595686756],[-78.13172137870518,-0.138245690130412],[-78.131766903818317,-0.138093615410721],[-78.131826838626154,-0.137838376388628],[-78.131844291843606,-0.13779634509069],[-78.131860958062703,-0.137520478769105],[-78.131897346692369,-0.13713686248613]]}},
{"type":"Feature","properties":{"capa_cad":"ACAD-TOP-BASE PRESA POROTOG-Model|C3D-Superficie_ConMen","color":"#B8A15C"},"geometry":{"type":"LineString","coordinates":[[-78.139411928095001,-0.142950533513983],[-78.139404336538078,-0.142942128507173],[-78.139377009715759,-0.142936018321542],[-78.139351965792955,-0.142979579054767],[-78.139158392781923,-0.142866504203454],[-78.139022515825104,-0.142819141422687],[-78.138907888730373,-0.142738916781586],[-78.138850955817105,-0.142708356569146],[-78.138808441840567,-0.142650284491083],[-78.13880843937018,-0.142628887683335],[-78.138842592940748,-0.142593731786451],[-78.138838035059237,-0.142563165450576],[-78.138738589399708,-0.142485231583762],[-78.138688482182161,-0.1424042352604],[-78.138570043435976,-0.142182639392067],[-78.138465275066608,-0.142024468194911],[-78.138458433436526,-0.141937353450236],[-78.138463732204357,-0.141811264531993],[-78.138427277694348,-0.141641622759507],[-78.138165359948985,-0.141274851415291],[-78.138067422395736,-0.141111330349148],[-78.137999097014088,-0.14102422292],[-78.137961137247373,-0.140965386236028],[-78.137972523471888,-0.140968441571947],[-78.137860166211198,-0.140825554888177],[-78.137664293622947,-0.140520673903091],[-78.137629371507714,-0.14047406362635],[-78.137572430715153,-0.140376256521105],[-78.137497265356373,-0.140217317927868],[-78.137431200038762,-0.139985017874305],[-78.137412181185027,-0.139625095705503],[-78.137441003799267,-0.139442455437009],[-78.137412114947779,-0.139064958531277],[-78.137380975384787,-0.138911363948256],[-78.137373365944924,-0.138752417346133],[-78.137380192105596,-0.138707330449662],[-78.137424963956846,-0.138601869489698],[-78.137446209202594,-0.138531563215585],[-78.137451522786151,-0.138533090916554],[-78.137446951251974,-0.138388663185678],[-78.137406704367848,-0.138247296449258],[-78.137374055881551,-0.138171647488843],[-78.137309514304818,-0.137989782660949],[-78.137269265642402,-0.137833896712626],[-78.137267739943198,-0.137770470730671],[-78.137288974340393,-0.137609992309687],[-78.137288208784653,-0.137555736283004],[-78.137311731593329,-0.137489250574773],[-78.137376234234608,-0.137345578636667],[-78.137439986429129,-0.137273738828689],[-78.137515885651595,-0.137219473463344]]}},
{"type":"Feature","properties":{"capa_cad":"ACAD-TOP-BASE PRESA POROTOG-Model|C3D-Superficie_ConMen","color":"#B8A15C"},"geometry":{"type":"LineString","coordinates":[[-78.137543196751835,-0.13709491028715],[-78.137469552286547,-0.136962717707383]]}},
{"type":"Feature","properties":{"capa_cad":"ACAD-TOP-BASE PRESA POROTOG-Model|C3D-Superficie_ConMen","color":"#B8A15C"},"geometry":{"type":"LineString","coordinates":[[-78.1385130019749,-0.147889478969281],[-78.1385130019749,-0.147889478969281]]}},
{"type":"Feature","properties":{"capa_cad":"ACAD-TOP-BASE PRESA POROTOG-Model|C3D-Superficie_ConMen","color":"#B8A15C"},"geometry":{"type":"LineString","coordinates":[[-78.1385130019749,-0.147889478969281],[-78.138204032923554,-0.147598364425295],[-78.137961116313022,-0.147436387502352],[-78.137677958854752,-0.147177365477752],[-78.137646832116488,-0.147129226225673],[-78.137604313541971,-0.147027596300863],[-78.1375534312361,-0.146799879136661],[-78.137469912659839,-0.14660120418796],[-78.137402342319433,-0.146474359507873],[-78.137232284107412,-0.146213032459382],[-78.137160158709094,-0.146080074982115],[-78.137151805812849,-0.146051037450833],[-78.137042455856999,-0.145645275360225],[-78.137012775028992,-0.144959053636038],[-78.13699454855454,-0.144878817828122],[-78.136955830130319,-0.144821509494249],[-78.136955814165006,-0.144680902129479],[-78.136940625030775,-0.144610600196018],[-78.13701879533005,-0.144499786466047],[-78.137049913723658,-0.144473801079791],[-78.137230574944994,-0.144522687165688],[-78.137290543266133,-0.14454713371393],[-78.137637471481483,-0.144889442295217],[-78.137686055684824,-0.144929173598484],[-78.137908486304596,-0.145164512729468],[-78.138118019673172,-0.145459458785265],[-78.138224301098077,-0.145577128998302],[-78.138274411353478,-0.14568716394024],[-78.138300223382373,-0.145723077043981],[-78.138410301296233,-0.145851445266312],[-78.138609954202281,-0.146034059477033],[-78.138791364362007,-0.145991245175299],[-78.138881686739268,-0.14594156370722],[-78.138957581410594,-0.145842212710185],[-78.139006917122771,-0.14581469688896],[-78.139097225714863,-0.145642747892974],[-78.139126066065003,-0.145608356857126],[-78.139190574408246,-0.145505186259737]]}},
{"type":"Feature","properties":{"capa_cad":"ACAD-TOP-BASE PRESA POROTOG-Model|C3D-Superficie_ConMen","color":"#B8A15C"},"geometry":{"type":"LineString","coordinates":[[-78.138528940845731,-0.147877250433453],[-78.138528940845731,-0.147877250433453]]}},
{"type":"Feature","properties":{"capa_cad":"ACAD-TOP-BASE PRESA POROTOG-Model|C3D-Superficie_ConMen","color":"#B8A15C"},"geometry":{"type":"LineString","coordinates":[[-78.138528940845731,-0.147877250433453],[-78.138218453500656,-0.147584607717325],[-78.138138747380026,-0.14753953059137],[-78.137979332940645,-0.147429507907716],[-78.137702248535248,-0.147175834391536],[-78.137684029102431,-0.147157496347017],[-78.137665808050571,-0.147124639055296],[-78.13763391816012,-0.147039819687078],[-78.137589870876795,-0.146843432748786],[-78.137507110421694,-0.146636351825425],[-78.13740461580926,-0.146441499906499],[-78.137239871764663,-0.146187049793396],[-78.137173060280546,-0.146058676735097],[-78.137058395113584,-0.145636867662457],[-78.137034029153753,-0.144963636217071],[-78.137015043101769,-0.144878815471868],[-78.13697025178493,-0.144817686983079],[-78.136970239898943,-0.14471299562865],[-78.136961123832378,-0.144648042187727],[-78.13703018710018,-0.144551748747933],[-78.137061302278923,-0.144497489053162],[-78.137199454981001,-0.144534917483737],[-78.137260941067566,-0.144556307174395],[-78.137284473674171,-0.144572352046421],[-78.137609386779388,-0.14489326637919],[-78.137676190014005,-0.144947514835504],[-78.13789634319491,-0.145180561716146],[-78.138106635615188,-0.145475507684948],[-78.138186346638818,-0.145563378257344],[-78.138255437657037,-0.145711619592191],[-78.138395122541098,-0.145872843799598],[-78.138574280004804,-0.146047818632834],[-78.138612236105331,-0.146076088653831],[-78.138656263556967,-0.146094423753743],[-78.138745072453375,-0.146086007743087],[-78.138838433988823,-0.146062307777103],[-78.138927238427797,-0.146014154829147],[-78.139044116337615,-0.145862071295414],[-78.139053224525384,-0.145857485224021],[-78.139088892619469,-0.145789469851365]]}},
{"type":"Feature","properties":{"capa_cad":"ACAD-TOP-BASE PRESA POROTOG-Model|C3D-Superficie_ConMen","color":"#B8A15C"},"geometry":{"type":"LineString","coordinates":[[-78.133805257492327,-0.147223652779737],[-78.133812837157834,-0.147125838375288],[-78.133750576153602,-0.14696002087697],[-78.133734626619983,-0.146875964165639],[-78.133733858525432,-0.146794962412219],[-78.133654900487002,-0.146649015209283],[-78.133650342227398,-0.146613863986133],[-78.133627565789553,-0.14657107314552],[-78.13357668301353,-0.146338007611361],[-78.133534167282406,-0.146260831453061],[-78.133473432428232,-0.146167609840618],[-78.133449894350761,-0.146101894058579],[-78.133416489585329,-0.1460453494191],[-78.133320079999535,-0.145959773569761],[-78.133242637678777,-0.145793193768312],[-78.13311281789457,-0.145602930763116],[-78.133068013425358,-0.145423356431401],[-78.132997397360782,-0.145210925852564],[-78.132965500913954,-0.145068030128129],[-78.132935888966628,-0.144990088409896],[-78.132938163708928,-0.14496869145143],[-78.132867554066792,-0.144813573503135],[-78.13279391278499,-0.14469895680916],[-78.132725581408479,-0.144553772813809],[-78.132535030887652,-0.144308496971344],[-78.132507699369697,-0.1442595934031],[-78.13247733328582,-0.144225209368983],[-78.13244240356579,-0.144109059947345],[-78.132422664325574,-0.144075438859439],[-78.13235053474969,-0.143905037863476],[-78.132349764184056,-0.143804167858993],[-78.132356592617768,-0.143777421210566],[-78.132379360228455,-0.143742266875391],[-78.132386189010035,-0.143718576895453],[-78.132374798482459,-0.143677313175111],[-78.132394530834404,-0.143650565030464],[-78.132370990980931,-0.143570330181488],[-78.132333029356133,-0.143492389510604],[-78.13225407731872,-0.143401462757429],[-78.132219909118561,-0.143307474146419],[-78.132228257837539,-0.143299831503859],[-78.132210791623081,-0.143230294309788],[-78.132213827313578,-0.143225708953305],[-78.132188772483161,-0.143172984323487],[-78.132174348352763,-0.143154645986194],[-78.132154607424368,-0.143106505745081],[-78.132137146638883,-0.143084346926262],[-78.132121202031129,-0.143045376252784],[-78.132055154067956,-0.142955976378635],[-78.132048317840912,-0.142914712147282],[-78.132029337452494,-0.142879562668679],[-78.132025539459491,-0.142855873929271],[-78.131951134860614,-0.142705341679136],[-78.131920762676316,-0.142618230174266],[-78.131909370002205,-0.142558626471906],[-78.131885074203197,-0.142505901781884],[-78.131870635435206,-0.142360711728444],[-78.131871385932811,-0.142286587436342],[-78.131858473192651,-0.142210172242815],[-78.131843288585429,-0.142179607339327],[-78.131841765002136,-0.142132229161584],[-78.131828856670836,-0.142094022322577],[-78.131837962311451,-0.142068039576378],[-78.131825813120273,-0.142030596816234],[-78.131822772484568,-0.14199238882161],[-78.131825800385243,-0.141920556766209],[-78.131892594020172,-0.141893803080858],[-78.131880428083676,-0.141711932748171],[-78.1318720738835,-0.141672197043149],[-78.131859927072995,-0.141655386796126],[-78.131859166778071,-0.141644688546867],[-78.13186371223226,-0.141568271307339],[-78.131907722707211,-0.141442178561043],[-78.131909209972562,-0.141177012408774],[-78.131840847820698,-0.140771247779835],[-78.131824901355543,-0.14071699380843],[-78.13174136003579,-0.140328806879785],[-78.131682871401992,-0.139975004536371],[-78.131679816416536,-0.139815294012197],[-78.131690429321196,-0.139697611039265],[-78.131684349965255,-0.139638770910837],[-78.131688132630401,-0.1395317870887],[-78.131661524367004,-0.139181037652519],[-78.131662273937593,-0.139100800036534],[-78.131652399464556,-0.139043488701467],[-78.131647822623464,-0.138853211690309],[-78.131662217557007,-0.138624724054345],[-78.131672078542991,-0.13856817451636],[-78.13170543694406,-0.138231937047541],[-78.131748685713262,-0.13808674010705],[-78.131803309058384,-0.137847549238365],[-78.131826073735738,-0.137789469791377],[-78.131841223582384,-0.13752812283166],[-78.131875337252765,-0.137162846841616]]}},
{"type":"Feature","properties":{"capa_cad":"ACAD-TOP-BASE PRESA POROTOG-Model|C3D-Superficie_ConMen","color":"#B8A15C"},"geometry":{"type":"LineString","coordinates":[[-78.139411924572912,-0.142919966629575],[-78.139372452633012,-0.142912329518817],[-78.139357274538753,-0.14293907731457],[-78.13924264891449,-0.142871843563441],[-78.139030862737684,-0.142795451119391],[-78.138871447485442,-0.14268313650444],[-78.13891319023287,-0.142635752970555],[-78.138914705614368,-0.14261206346782],[-78.138800078075988,-0.142528017996083],[-78.138759083092879,-0.142477587466099],[-78.138623182648956,-0.142226955105357],[-78.138547264339323,-0.14211921582863],[-78.138482732164192,-0.142013767741987],[-78.138476651631038,-0.141944228850875],[-78.138477395074077,-0.141809734580484],[-78.138438661788953,-0.141626337988216],[-78.138282271358378,-0.14141620929976],[-78.138190409753022,-0.141282490167725],[-78.138102342449059,-0.141140364724373],[-78.138102341289439,-0.141130430498353],[-78.13808108374262,-0.14109680947931],[-78.138088673875487,-0.141092987724921],[-78.138085637197733,-0.141089167228133],[-78.138075010744089,-0.141092225170645],[-78.138026422918145,-0.141022691342203],[-78.13803097717603,-0.141021926631778],[-78.137959616184276,-0.140940168768352],[-78.137847256864859,-0.14077970615451],[-78.1376475879038,-0.140465655580681],[-78.137589128187216,-0.140360971116936],[-78.137515481838108,-0.140209674050005],[-78.137450934902475,-0.139979666324499],[-78.13743115789083,-0.139627385948188],[-78.137462257948968,-0.139447037916363],[-78.137429572543383,-0.13905884306833],[-78.137402230078848,-0.13892053144209],[-78.137393860584311,-0.138753179049969],[-78.13739613376265,-0.138719555262452],[-78.137436352361405,-0.138623264899667],[-78.137462909283457,-0.138538438739436],[-78.137456814720522,-0.138352745967094],[-78.137424921015793,-0.138241180882101],[-78.137332286753619,-0.137995893270447],[-78.137285203926083,-0.137817847196709],[-78.137303404296404,-0.137675709239269],[-78.13730187602593,-0.137590886476118],[-78.13733526301003,-0.137494596911342],[-78.137402800232081,-0.137337169527542],[-78.137440748146659,-0.137295899689249],[-78.13750905734689,-0.137246220274134]]}},
{"type":"Feature","properties":{"capa_cad":"ACAD-TOP-BASE PRESA POROTOG-Model|C3D-Superficie_ConMen","color":"#B8A15C"},"geometry":{"type":"LineString","coordinates":[[-78.137549265720111,-0.137065871054523],[-78.13749384212224,-0.136962714745324]]}},
{"type":"Feature","properties":{"capa_cad":"ACAD-TOP-BASE PRESA POROTOG-Model|C3D-Superficie_ConMen","color":"#B8A15C"},"geometry":{"type":"LineString","coordinates":[[-78.133790074601876,-0.147207606956659],[-78.13379386230821,-0.147139595546823],[-78.133705785336105,-0.14690118498005],[-78.133695902439555,-0.146765164143609],[-78.133626054342798,-0.146630678438899],[-78.133561503025078,-0.146347943521246],[-78.133455974849227,-0.146173725170102],[-78.1334210475178,-0.146077443960455],[-78.133309455806312,-0.145982699819956],[-78.133222902253507,-0.145793196018108],[-78.133081695532027,-0.145593000133751],[-78.133044484367559,-0.145437878310121],[-78.133010317079695,-0.145350767084133],[-78.13297386917047,-0.145233089412546],[-78.132925268427172,-0.145045109706838],[-78.132901731769877,-0.144992384830634],[-78.132903246246769,-0.144960289611556],[-78.132837192578236,-0.144819690331551],[-78.132765827335945,-0.144695139199019],[-78.13270660669599,-0.14456829418183],[-78.132437862377984,-0.144224449754232],[-78.132415840758313,-0.144144978882593],[-78.132400656715191,-0.144118998943067],[-78.132379394927156,-0.144046405494817],[-78.132324729436178,-0.143927201700479],[-78.132308778749277,-0.143834739295239],[-78.132311809295445,-0.143785068066912],[-78.132349755020911,-0.143723930285594],[-78.132352789666172,-0.143710174921436],[-78.132347474104307,-0.143691071352588],[-78.132376313883455,-0.143653623810392],[-78.132355810859011,-0.143578737782273],[-78.132313293074162,-0.143484750126139],[-78.132253319927145,-0.14341598202425],[-78.132211558648251,-0.143299833443421],[-78.132215353393093,-0.143295247998952],[-78.132185739159368,-0.143198202195908],[-78.132175110737748,-0.14318368425338],[-78.132156893353667,-0.143182922203843],[-78.132148541480575,-0.14316305482646],[-78.132096918005715,-0.143095049947022],[-78.132081732803826,-0.143059135855171],[-78.132028590867378,-0.142988074492423],[-78.132017956386633,-0.142920829020938],[-78.132000494545935,-0.142889500201953],[-78.131995936532959,-0.142857405713142],[-78.131935198599294,-0.142738966890512],[-78.13186610138122,-0.142536470680541],[-78.13184938298734,-0.142369884218564],[-78.131848614583973,-0.142288882602232],[-78.131837981035915,-0.142230042985077],[-78.131824314801889,-0.142201770405134],[-78.1318220296927,-0.142132995640751],[-78.131809880592144,-0.142096317047448],[-78.131822780175753,-0.14205887135166],[-78.131811389949803,-0.142020664336114],[-78.131809108456011,-0.141983220419984],[-78.131815928704711,-0.141886170408771],[-78.131857674979713,-0.141871646334956],[-78.131847791784196,-0.141737918263226],[-78.131836399863559,-0.141685192076651],[-78.131818179648661,-0.141659976706804],[-78.131818177343675,-0.141640108364564],[-78.131821968356078,-0.141603427901727],[-78.131881914257136,-0.141436832431021],[-78.131883402144311,-0.141177015454142],[-78.131816559261893,-0.140781184825771],[-78.131796057314943,-0.140716997223651],[-78.131703402787835,-0.140289838872755],[-78.13165098989495,-0.139964309995136],[-78.131650218179189,-0.139856562553032],[-78.13166461943068,-0.139680038279133],[-78.131656260753331,-0.139602858418294],[-78.131655487382233,-0.139481355971704],[-78.131635722865369,-0.139234532425084],[-78.131636468375561,-0.139119907301006],[-78.131621274473531,-0.139011397423036],[-78.131617459034487,-0.138840988664855],[-78.131637159631865,-0.138547546210378],[-78.131675070983491,-0.138199845698362],[-78.131707697367091,-0.138091330056633],[-78.131731971965735,-0.137964475410423],[-78.131761561384508,-0.137849846787759],[-78.131790396118248,-0.137771898266561],[-78.13179872270247,-0.137579327172812],[-78.131832077334934,-0.137214051290268]]}},
{"type":"Feature","properties":{"capa_cad":"ACAD-TOP-BASE PRESA POROTOG-Model|C3D-Superficie_ConMen","color":"#B8A15C"},"geometry":{"type":"LineString","coordinates":[[-78.1375614035626,-0.13700702841748],[-78.13753938556556,-0.136962709191398]]}},
{"type":"Feature","properties":{"capa_cad":"ACAD-TOP-BASE PRESA POROTOG-Model|C3D-Superficie_ConMen","color":"#B8A15C"},"geometry":{"type":"LineString","coordinates":[[-78.138560818587607,-0.147852793360768],[-78.138560818587607,-0.147852793360768]]}},
{"type":"Feature","properties":{"capa_cad":"ACAD-TOP-BASE PRESA POROTOG-Model|C3D-Superficie_ConMen","color":"#B8A15C"},"geometry":{"type":"LineString","coordinates":[[-78.138560818587607,-0.147852793360768],[-78.138257163431206,-0.147566263244499],[-78.138118247031656,-0.147487569256477],[-78.138025634971882,-0.147424917658925],[-78.137719703202336,-0.147142973067221],[-78.13770907366542,-0.147118520797295],[-78.137654397704523,-0.146905323285727],[-78.137567080514401,-0.146676846078461],[-78.137390182745506,-0.14634368768888],[-78.137213290670118,-0.146061728833752],[-78.137126720703492,-0.145729324493051],[-78.137091792259142,-0.145624637115942],[-78.137082661488407,-0.14542901049761],[-78.137096308629125,-0.145288401551267],[-78.137086439068383,-0.145272355100737],[-78.137074258239821,-0.144955225718781],[-78.137055273226693,-0.144879575017086],[-78.136996057130744,-0.144794758899942],[-78.136996810201737,-0.144742031048934],[-78.136987693441966,-0.144670964242421],[-78.137065862968157,-0.144553272977031],[-78.137079524696659,-0.144541808844086],[-78.137093187989649,-0.144544099780817],[-78.137232101055176,-0.144592990690112],[-78.137276889180953,-0.14462584486858],[-78.137553976348229,-0.144900150288308],[-78.137655699613973,-0.144984197395786],[-78.13786294655057,-0.14519737731196],[-78.138109678665685,-0.145535876864876],[-78.138213691698979,-0.145731492817666],[-78.138311623208267,-0.145846871504718],[-78.138352619668055,-0.145911821393435],[-78.138379190234218,-0.145943149389553],[-78.138512800230515,-0.146082977531955],[-78.138562143406688,-0.146121944656734],[-78.138625909295115,-0.146166259342931],[-78.138742809709356,-0.146214388841455],[-78.138830859898718,-0.146209029612504],[-78.138896140482913,-0.14622277726994],[-78.138959138742777,-0.146190674879766],[-78.139009996618299,-0.146199074977057],[-78.139090445673062,-0.146099723466424]]}},
{"type":"Feature","properties":{"capa_cad":"ACAD-TOP-BASE PRESA POROTOG-Model|C3D-Superficie_ConMen","color":"#B8A15C"},"geometry":{"type":"LineString","coordinates":[[-78.139411919464408,-0.142875644647178],[-78.139362579231147,-0.142863423658444],[-78.139051351942626,-0.142748834239797],[-78.139034651154731,-0.142735845270908],[-78.139034650272976,-0.142728203552328],[-78.139043756330508,-0.142705277331176],[-78.139048306624659,-0.142670124892606],[-78.139054378387684,-0.142664010807158],[-78.138920017700102,-0.142600600269191],[-78.13883119426103,-0.142482928219774],[-78.138748440632412,-0.14234233032636],[-78.138607232333143,-0.142139841417243],[-78.138516128154706,-0.141991602842107],[-78.138505480671128,-0.141813552131475],[-78.138469781129118,-0.141608758375264],[-78.138327815999091,-0.141426138150439],[-78.138298206057073,-0.141368828793165],[-78.138115239563902,-0.141081522012235],[-78.138037045531803,-0.140986774038098],[-78.137866989861848,-0.140758307023614],[-78.137678707920813,-0.140454189316852],[-78.137551155565149,-0.140192858042197],[-78.137494202076908,-0.139987302871269],[-78.137479003109306,-0.139835998860987],[-78.137469869729571,-0.139626617147277],[-78.137498690809863,-0.139430985965412],[-78.137465247698273,-0.139054253758721],[-78.137446254772897,-0.13891517695364],[-78.137437882826219,-0.138727191943842],[-78.137487959995966,-0.138553719135931],[-78.13750314032643,-0.13854683976837],[-78.137501619393532,-0.138523150655652],[-78.137479588626974,-0.13837108331756],[-78.137476541563345,-0.138280147357249],[-78.137378590618567,-0.13800735022753],[-78.137324674721626,-0.137816314071903],[-78.137335291469412,-0.137732254004947],[-78.137329969471693,-0.137660422602023],[-78.137356523939687,-0.137555727988263],[-78.137386119666076,-0.137493062392058],[-78.137441512706459,-0.137341749844333],[-78.137496918758742,-0.137298949539265]]}},
{"type":"Feature","properties":{"capa_cad":"ACAD-TOP-BASE PRESA POROTOG-Model|C3D-Superficie_ConMen","color":"#B8A15C"},"geometry":{"type":"LineString","coordinates":[[-78.133782483114146,-0.147199201961098],[-78.133782483114146,-0.147199201961098]]}},
{"type":"Feature","properties":{"capa_cad":"ACAD-TOP-BASE PRESA POROTOG-Model|C3D-Superficie_ConMen","color":"#B8A15C"},"geometry":{"type":"LineString","coordinates":[[-78.133782483114146,-0.147199201961098],[-78.133786273287143,-0.147153351433265],[-78.133688326300188,-0.146894309439216],[-78.133673129761092,-0.146755996701467],[-78.133611632210403,-0.146629915904396],[-78.133610111025149,-0.146602406020743],[-78.133550876083149,-0.146346416391299],[-78.133449903266452,-0.146181367541427],[-78.133422567686011,-0.14609578382182],[-78.133304143709566,-0.145994162944908],[-78.133213034455054,-0.145792432975048],[-78.133064236326916,-0.145584596280605],[-78.133032340354532,-0.145445521376537],[-78.132998173240097,-0.145359938486829],[-78.132954891423893,-0.145220864900588],[-78.132912365882191,-0.145057337870068],[-78.132884273601363,-0.1449931510006],[-78.132886546786878,-0.144957999024044],[-78.132696739682444,-0.144574408657924],[-78.132609435324227,-0.144459029401747],[-78.132523651068936,-0.144361225840096],[-78.132419645337393,-0.144226744357699],[-78.132368009898073,-0.144053284316236],[-78.132311067420289,-0.143935609120647],[-78.132293597753886,-0.143835505218717],[-78.132293589116742,-0.143759852653255],[-78.13231180563038,-0.143752973038631],[-78.132333814185316,-0.143717818792288],[-78.132333812002699,-0.143698714608409],[-78.132367205320733,-0.143654389032939],[-78.132346702121765,-0.143577974670676],[-78.132302665791713,-0.143480166354708],[-78.132252561660508,-0.143422859618038],[-78.132181944853201,-0.14320660847683],[-78.132144751469241,-0.143208905301404],[-78.132120455869071,-0.143157708921245],[-78.132074905703931,-0.143097345009089],[-78.132062757507725,-0.143068308069191],[-78.132015688793899,-0.143004123504563],[-78.132002016605881,-0.142923887546039],[-78.131986073048978,-0.14289408688481],[-78.131979996313447,-0.142856643403467],[-78.131923054353294,-0.142744317476502],[-78.131856235355073,-0.142550991006767],[-78.131838756498993,-0.142372177962428],[-78.131838748296531,-0.14230111042932],[-78.131828873891237,-0.142243034890711],[-78.131814447985931,-0.142209413230667],[-78.131812161993935,-0.142132996796825],[-78.131800013070233,-0.142097846537808],[-78.131815189019576,-0.142053523072384],[-78.131802278917732,-0.142000032895182],[-78.131810614001012,-0.141874708527364],[-78.131811372523728,-0.141870123436247],[-78.131838697485009,-0.141861714391249],[-78.131840214176236,-0.141849487540644],[-78.131832613366768,-0.141760845057647],[-78.131819701833365,-0.141695128210793],[-78.131797685463908,-0.141662271617373],[-78.131796925169112,-0.141651573368693],[-78.131799199493159,-0.14162711975706],[-78.131869009632709,-0.141430720614389],[-78.131871258974485,-0.141191536061092],[-78.131804415027261,-0.14078653543206],[-78.131782394616422,-0.140719291342319],[-78.131741381776109,-0.140514499450597],[-78.131688981037911,-0.140292133086479],[-78.131636568864621,-0.139972717547971],[-78.131635797868384,-0.139871083442325],[-78.13165171498035,-0.139675454817307],[-78.131622822204022,-0.139262043977312],[-78.131623565459137,-0.139128314682566],[-78.131607614402768,-0.139035852400973],[-78.131602276968735,-0.138832584651744],[-78.131622734803045,-0.138523858772159],[-78.131658370896574,-0.138192206043451],[-78.131689479354009,-0.138085218920233],[-78.131714512185283,-0.137951486681762],[-78.131746377851243,-0.137829216115519],[-78.131772178376053,-0.137768079635851],[-78.131782777369153,-0.137535771585909],[-78.13181082694831,-0.137240035550502]]}},
{"type":"Feature","properties":{"capa_cad":"ACAD-TOP-BASE PRESA POROTOG-Model|C3D-Superficie_ConMen","color":"#B8A15C"},"geometry":{"type":"LineString","coordinates":[[-78.139411916733309,-0.142851955311755],[-78.139225180959173,-0.142788550856766],[-78.139132571391926,-0.142750353086402],[-78.139132569452158,-0.142733541304088],[-78.139159136681656,-0.142735066540987],[-78.139161410153804,-0.142702971053092],[-78.139172794181633,-0.142686922110257],[-78.139084741261328,-0.142668592285895],[-78.139018699634377,-0.142638033138643],[-78.138932918164031,-0.142570031887141],[-78.138752990826262,-0.14230641372384],[-78.138645187638687,-0.142160469592847],[-78.138532067047592,-0.14198013839516],[-78.138525220001071,-0.141846409183202],[-78.138497877745863,-0.141707333186975],[-78.138482683340044,-0.141593473424041],[-78.138397656908694,-0.141491084477272],[-78.13839613719081,-0.141477329570699],[-78.138402209388829,-0.141475036339714],[-78.1383209789565,-0.141378760331502],[-78.138115236708032,-0.141057068532538],[-78.137860154227255,-0.140723155964817],[-78.137697682926913,-0.140441960325416],[-78.137569371957738,-0.140184449992665],[-78.137512418017209,-0.13997507396474],[-78.137497219137686,-0.139824534123017],[-78.137489604682159,-0.139622029761859],[-78.137517668239809,-0.139439389571686],[-78.137469026132649,-0.138912117532566],[-78.137460654457456,-0.138726425031438],[-78.137468239493259,-0.138679809698294],[-78.137500864881076,-0.13856135928866],[-78.137526671652381,-0.138551421956664],[-78.137525909231513,-0.138523147726861],[-78.137486404846484,-0.138242701795158],[-78.137394528814994,-0.137990536541673],[-78.137344409388874,-0.137809434143629],[-78.137351993198422,-0.137752884589631],[-78.137346669646874,-0.137668062283217],[-78.137366395346163,-0.137586293619721],[-78.137386884858827,-0.137544261740344],[-78.137447589382617,-0.137376900962397],[-78.13746276686264,-0.137346332284468],[-78.137490849417944,-0.137324932085994]]}},
{"type":"Feature","properties":{"capa_cad":"ACAD-TOP-BASE PRESA POROTOG-Model|C3D-Superficie_ConMen","color":"#B8A15C"},"geometry":{"type":"LineString","coordinates":[[-78.137567472436771,-0.136977225013057],[-78.137567472436771,-0.136977225013057]]}},
{"type":"Feature","properties":{"capa_cad":"ACAD-TOP-BASE PRESA POROTOG-Model|C3D-Superficie_ConMen","color":"#B8A15C"},"geometry":{"type":"LineString","coordinates":[[-78.137567472436771,-0.136977225013057],[-78.13755988011566,-0.136962706692092]]}},
{"type":"Feature","properties":{"capa_cad":"ACAD-TOP-BASE PRESA POROTOG-Model|C3D-Superficie_ConMen","color":"#B8A15C"},"geometry":{"type":"LineString","coordinates":[[-78.138576757373869,-0.147839800652333],[-78.138576757373869,-0.147839800652333]]}},
{"type":"Feature","properties":{"capa_cad":"ACAD-TOP-BASE PRESA POROTOG-Model|C3D-Superficie_ConMen","color":"#B8A15C"},"geometry":{"type":"LineString","coordinates":[[-78.138576757373869,-0.147839800652333],[-78.138275379639552,-0.147555562793195],[-78.138103062553895,-0.147457768289858],[-78.138043851600415,-0.147418038063679],[-78.137879877623874,-0.147261401483719],[-78.137767526319294,-0.147165128621947],[-78.137733364454348,-0.147126923932508],[-78.13768096617919,-0.146918311183909],[-78.13759440821805,-0.146691362226124],[-78.137387141799294,-0.146301658642868],[-78.137232266677813,-0.146057905818335],[-78.137165439606932,-0.145791217889704],[-78.137110769642121,-0.145633040822786],[-78.137100881886582,-0.145455754381413],[-78.137119077585126,-0.145263945483056],[-78.137106171016271,-0.145241021845469],[-78.137096271942909,-0.144964393236041],[-78.137075767775016,-0.144879572660773],[-78.137010478612268,-0.144789408047299],[-78.136997561794487,-0.144676312299554],[-78.136999837664021,-0.144664849479995],[-78.13703474839464,-0.144612881864093],[-78.137096226826131,-0.144567024547477],[-78.137229067779074,-0.144618972841885],[-78.137277651799337,-0.144657175778892],[-78.137525132503811,-0.144903210288032],[-78.137628373968738,-0.144988021390282],[-78.137634447643379,-0.144998719085364],[-78.137647351711465,-0.144999481773712],[-78.137830305418234,-0.145182861806712],[-78.138075520104152,-0.145527474890578],[-78.138160552632357,-0.145687176955905],[-78.138203067555821,-0.145755183342254],[-78.138266077564325,-0.145827772421256],[-78.138332886735171,-0.145934748787233],[-78.138486235594598,-0.146104377361701],[-78.138625154788002,-0.146206760523173],[-78.138763309783258,-0.146263293494735],[-78.138803542975268,-0.146290799096404],[-78.138871860048937,-0.146306838927979],[-78.138910572810289,-0.146313712068502],[-78.138955354953183,-0.146293074333544],[-78.139040371413358,-0.146309876438343],[-78.139106400596276,-0.146230395044871]]}},
{"type":"Feature","properties":{"capa_cad":"ACAD-TOP-BASE PRESA POROTOG-Model|C3D-Superficie_ConMen","color":"#B8A15C"},"geometry":{"type":"LineString","coordinates":[[-78.139411913737348,-0.142825973460008],[-78.139339041535109,-0.142803820987106],[-78.139236562784816,-0.142753397614054],[-78.139307914571475,-0.142755681786502],[-78.139321572602981,-0.142712122381958],[-78.139304112398975,-0.142696076811352],[-78.139205433175974,-0.142682333259857],[-78.139103716756509,-0.142660184174644],[-78.139080184527558,-0.142647960177813],[-78.138948096156042,-0.142542519924898],[-78.138835738184895,-0.142392755422795],[-78.138784871986473,-0.142312523357532],[-78.138742359055101,-0.142263621357415],[-78.138669477681901,-0.142161995083681],[-78.138545728854538,-0.141969438387188],[-78.138539647697229,-0.141894550291786],[-78.138544959507939,-0.141880794579103],[-78.138518376936133,-0.141747067690828],[-78.138500139633265,-0.141575895420844],[-78.138490272143557,-0.141578189099102],[-78.138445481218994,-0.141522409863977],[-78.138449275620189,-0.141514767701535],[-78.138343751678235,-0.141387163527414],[-78.138296682062361,-0.141318393662547],[-78.138211650629046,-0.141173211159233],[-78.138125103300695,-0.141047133138195],[-78.137879131207654,-0.140727738739582],[-78.137726528730454,-0.140455711973494],[-78.137586829203187,-0.140175277862395],[-78.137531393105093,-0.139963609138083],[-78.137516195574534,-0.139824531856602],[-78.137508581479452,-0.139625084175418],[-78.137535885348285,-0.139437094877184],[-78.137489520139212,-0.138907530043506],[-78.137487219469818,-0.138709610074819],[-78.137518324292685,-0.138570527234274],[-78.137550961854487,-0.13855447571191],[-78.137547919988322,-0.138507097484533],[-78.137512213891839,-0.138251868727018],[-78.137501585174874,-0.138235822423457],[-78.137414263849678,-0.137986713299035],[-78.137364903113749,-0.137802554123095],[-78.137364886839222,-0.137666531731574],[-78.137369438530101,-0.137644370227522],[-78.137437730343322,-0.137449498386967],[-78.137484780168251,-0.137351678803262]]}},
{"type":"Feature","properties":{"capa_cad":"ACAD-TOP-BASE PRESA POROTOG-Model|C3D-Superficie_ConMen","color":"#B8A15C"},"geometry":{"type":"LineString","coordinates":[[-78.138592696244999,-0.147827572115078],[-78.138592696244999,-0.147827572115078]]}},
{"type":"Feature","properties":{"capa_cad":"ACAD-TOP-BASE PRESA POROTOG-Model|C3D-Superficie_ConMen","color":"#B8A15C"},"geometry":{"type":"LineString","coordinates":[[-78.138592696244999,-0.147827572115078],[-78.138293595848097,-0.147544862341517],[-78.138061309171121,-0.147411158553802],[-78.137755376962247,-0.147125393102466],[-78.137701460057755,-0.146912195496053],[-78.137627809837809,-0.146718868591366],[-78.137385619309882,-0.146262686107365],[-78.137270222216316,-0.1460815907846],[-78.137245167648089,-0.146031158375105],[-78.137200361930482,-0.145841649164239],[-78.137125949669723,-0.145623104869929],[-78.137119103061053,-0.14548937580118],[-78.13712667939123,-0.145363286787654],[-78.137141846454554,-0.145238725243242],[-78.137125143560326,-0.145206631993868],[-78.137116766058895,-0.144960570028387],[-78.137096262410395,-0.144880334475011],[-78.137023381458818,-0.144779472346114],[-78.137008188249368,-0.144673254393909],[-78.137016536056322,-0.14465720585191],[-78.137083326152776,-0.144596064515397],[-78.1371030612965,-0.144593005559189],[-78.137205538388258,-0.144631202282877],[-78.137262472473381,-0.144673225111398],[-78.137490215592265,-0.144900921789986],[-78.137589661419014,-0.144982676642132],[-78.137599532114464,-0.145008657318617],[-78.137644317212946,-0.145014765541011],[-78.137783240543783,-0.145153828707895],[-78.137819679819259,-0.145193561420591],[-78.138058823157053,-0.145548109424196],[-78.13817498223294,-0.145753658208525],[-78.138228883025434,-0.145821663297977],[-78.138313912946344,-0.145958440265006],[-78.138449044400176,-0.146128070915593],[-78.138527232648286,-0.146174676469903],[-78.138623641135183,-0.146246497618182],[-78.138726878064119,-0.146290807821517],[-78.138878701354542,-0.146393953730117],[-78.138922727869158,-0.146403882956524],[-78.138943221423574,-0.146394710564405],[-78.13907226423062,-0.146419913560978],[-78.139121596360539,-0.146360302541383]]}},
{"type":"Feature","properties":{"capa_cad":"ACAD-TOP-BASE PRESA POROTOG-Model|C3D-Superficie_ConMen","color":"#B8A15C"},"geometry":{"type":"LineString","coordinates":[[-78.133774891626402,-0.147190796965663],[-78.133774891626402,-0.147190796965663]]}},
{"type":"Feature","properties":{"capa_cad":"ACAD-TOP-BASE PRESA POROTOG-Model|C3D-Superficie_ConMen","color":"#B8A15C"},"geometry":{"type":"LineString","coordinates":[[-78.133774891626402,-0.147190796965663],[-78.133777165645157,-0.147162522480833],[-78.133667829424269,-0.146872915045096],[-78.133647319582465,-0.146735367079757],[-78.133596451535567,-0.146633738465093],[-78.133593407797505,-0.146566492007381],[-78.13354100845315,-0.146347181679687],[-78.13344610919134,-0.146192066326231],[-78.133421051977109,-0.146117180700855],[-78.133398277155891,-0.1460889090719],[-78.133298831526901,-0.146004861901734],[-78.133196334046119,-0.145781736527637],[-78.133049814029491,-0.145582305423706],[-78.133020196255387,-0.14545240027497],[-78.132980714121032,-0.145352298805601],[-78.132897185309275,-0.145061924616677],[-78.132866815519606,-0.144994681338239],[-78.132870606727735,-0.144958765020355],[-78.1328091075613,-0.144819693556727],[-78.132755961707687,-0.144713480356563],[-78.132730908664172,-0.144676039021872],[-78.132688391124717,-0.144583579629615],[-78.132667135085811,-0.144561421214783],[-78.13261019672241,-0.144479661837934],[-78.132401428384043,-0.144229803128475],[-78.132356624781991,-0.144059398970145],[-78.13234751499995,-0.144049465846323],[-78.13229740531736,-0.14394325237326],[-78.132278417107571,-0.143839327811424],[-78.1322799223896,-0.143726995039979],[-78.132319391021682,-0.14370788628664],[-78.132358096845437,-0.143655918422839],[-78.132342149282437,-0.143590966043673],[-78.132292038421895,-0.143474818416032],[-78.13225180321885,-0.143428208877222],[-78.13221231980387,-0.143318173369824],[-78.132183476625769,-0.14332581839202],[-78.132177403317939,-0.143318177424661],[-78.132152357599423,-0.143344926186693],[-78.13213338159936,-0.14334798505879],[-78.132175120901451,-0.143272327654196],[-78.132160696159545,-0.143248640145183],[-78.13216448950223,-0.143231828024902],[-78.132131850355108,-0.14323336015216],[-78.132094647770813,-0.143155419420262],[-78.132002027666445,-0.143020172604677],[-78.131986835879232,-0.142926945982635],[-78.131971651640001,-0.142899437734668],[-78.131964815148024,-0.142855881005347],[-78.131911669249163,-0.142750432140916],[-78.13184712864674,-0.142567803745185],[-78.131828130539759,-0.142379056708322],[-78.131828122690635,-0.142311045843948],[-78.131819766922987,-0.142257555130164],[-78.131805341018222,-0.1422239334702],[-78.131802294295255,-0.142132997952879],[-78.13179014546003,-0.142098611861165],[-78.131807597951806,-0.142048938960193],[-78.131794687496182,-0.141992392115417],[-78.131796956697016,-0.141923616818838],[-78.131806816431066,-0.141854840630834],[-78.131821996886217,-0.141849489679468],[-78.131821995027153,-0.141833442172226],[-78.131816674921083,-0.141775366103516],[-78.131801485341384,-0.141702007855052],[-78.131776431428023,-0.141657689114245],[-78.131856864150961,-0.141425372875514],[-78.13185835497174,-0.141190773416551],[-78.13179606838078,-0.140811753930987],[-78.131768731828771,-0.14072082129395],[-78.131723922022417,-0.140501510682664],[-78.131680635119423,-0.140323464921778],[-78.131621388062811,-0.139975011855913],[-78.131620619222531,-0.139891717756665],[-78.131639570213409,-0.139676220433219],[-78.131609921451926,-0.139288791362056],[-78.131610662723446,-0.139138250397697],[-78.131592432248056,-0.13902668421847],[-78.131587093907356,-0.13881577480347],[-78.131610592759174,-0.13854754940649],[-78.131608309973942,-0.138500171334533],[-78.131643946515155,-0.138172339443782],[-78.131678847871086,-0.138045483523333],[-78.131697052496108,-0.137939262120413],[-78.131724365936378,-0.137834567946391],[-78.131753960177988,-0.137760440170407],[-78.131761527432673,-0.137565576673816],[-78.131788817507868,-0.137266019901928]]}},
{"type":"Feature","properties":{"capa_cad":"ACAD-TOP-BASE PRESA POROTOG-Model|C3D-Superficie_ConMen","color":"#B8A15C"},"geometry":{"type":"LineString","coordinates":[[-78.139411900071892,-0.142707526782921],[-78.139230481584036,-0.142677745297276],[-78.139090807818519,-0.14261739205845],[-78.138967070058413,-0.142520356720048],[-78.138853194672848,-0.142376705769608],[-78.138815234853809,-0.142317104826172],[-78.138729449310844,-0.142213951714194],[-78.138635310669827,-0.142080996906319],[-78.138560149808427,-0.141959502461216],[-78.138557869707299,-0.141934285068292],[-78.138565458515913,-0.141919000744594],[-78.138544192640197,-0.141813547573909],[-78.138545707205594,-0.141782980534007],[-78.138538875681547,-0.141782981338463],[-78.138522156411014,-0.141611044714342],[-78.138509246908782,-0.141563667602501],[-78.138500897179696,-0.141562904415834],[-78.138338434887686,-0.14135812564206],[-78.13824581118169,-0.141198424772918],[-78.138138765897125,-0.141043310664408],[-78.137902663340114,-0.140739198513984],[-78.13774626431892,-0.140456473798156],[-78.137603527121783,-0.140163813309565],[-78.137551127700505,-0.139955965074751],[-78.137535171381316,-0.139819180394206],[-78.13752603962098,-0.139623553745553],[-78.137554860972656,-0.139430215066492],[-78.137507736701806,-0.138900650315562],[-78.137513798731874,-0.138812769938976],[-78.137513026787019,-0.138704257771348],[-78.1375282001259,-0.138638537250337],[-78.137555517835253,-0.138568230238468],[-78.137574493090526,-0.13855829372963],[-78.13757069153047,-0.13850556639667],[-78.137538022573366,-0.138257978975856],[-78.137519043313446,-0.138234291972297],[-78.137432480861236,-0.137983654410787],[-78.137383878358705,-0.137792617603303],[-78.137384621231703,-0.137657359288177],[-78.137443806833005,-0.137483121163909],[-78.137489338087974,-0.137381480911502]]}},
{"type":"Feature","properties":{"capa_cad":"ACAD-TOP-BASE PRESA POROTOG-Model|C3D-Superficie_ConMen","color":"#B8A15C"},"geometry":{"type":"LineString","coordinates":[[-78.13376730022371,-0.147183156138652],[-78.133755149981241,-0.147135014905113],[-78.133648093308651,-0.146866803930612],[-78.133623028197121,-0.146720850632846],[-78.133581270860915,-0.146637561025677],[-78.13357670465453,-0.146531342163247],[-78.133537973859177,-0.146361701219479],[-78.133440037694172,-0.146200472865484],[-78.133419536267795,-0.146138577579849],[-78.133375505164921,-0.146085854989828],[-78.133293519429984,-0.146016325026455],[-78.13319405825699,-0.145793963474157],[-78.133033114051685,-0.145575429819904],[-78.133008052242488,-0.145460043341054],[-78.132966292255517,-0.145353828790666],[-78.132887320106022,-0.145084086611846],[-78.132849357351631,-0.144995447508102],[-78.13285390718184,-0.144955710265189],[-78.132818982367993,-0.144882354173363],[-78.13280151805526,-0.144828864440415],[-78.132746094259659,-0.144715773993519],[-78.132721041563144,-0.144681389329542],[-78.132678524197985,-0.144590458273054],[-78.132477345716822,-0.144334485314498],[-78.13238548859357,-0.14423286163651],[-78.132345999242546,-0.144070098540462],[-78.132333093406231,-0.144053288348738],[-78.132282983898961,-0.143948603211459],[-78.132263236548653,-0.143843914571324],[-78.132267775428758,-0.143708656430578],[-78.132273087934436,-0.143701014142196],[-78.132317871865709,-0.143698716454283],[-78.132347470611236,-0.143660504658021],[-78.13233455926526,-0.143595551927533],[-78.132280652085512,-0.143470234732824],[-78.132252563410233,-0.143438142964047],[-78.132229025733807,-0.143377012311442],[-78.132164503951827,-0.14335791561972],[-78.132132625171238,-0.143370910163525],[-78.132124274089307,-0.1433579202901],[-78.132122754493238,-0.143344929623717],[-78.132145521735694,-0.14330671861843],[-78.132137170477804,-0.143292200410894],[-78.132144756901312,-0.143256283669538],[-78.132118949328174,-0.14325857916956],[-78.132071876414926,-0.143157714569409],[-78.131989125592781,-0.143036221616079],[-78.131971655152768,-0.142930004419139],[-78.131957230143342,-0.142904024417265],[-78.131949634070665,-0.142855882774333],[-78.131901043638521,-0.142760367552009],[-78.131834984490595,-0.142573918499545],[-78.131816744116122,-0.142373708870727],[-78.131817496643691,-0.142317160423338],[-78.131807622151186,-0.142258320718669],[-78.131795474202249,-0.142231576295405],[-78.131792426596675,-0.142132999108928],[-78.131781036991995,-0.142100141262533],[-78.131800006884077,-0.142044354848045],[-78.13179013573793,-0.142014553492263],[-78.131787854951469,-0.141983222912749],[-78.13179012494804,-0.141921325119471],[-78.131804537322353,-0.141838029224179],[-78.131802256708184,-0.141808226978611],[-78.131782509175622,-0.141703538419412],[-78.131755937953159,-0.141666097360485],[-78.131843959615566,-0.141420025226157],[-78.131845450880192,-0.141189246604995],[-78.13178468373512,-0.140821689448972],[-78.131755069130563,-0.140723115412517],[-78.131709499914024,-0.140500748226017],[-78.131663175364679,-0.140310476157428],[-78.131606966853255,-0.139981891074627],[-78.131606199001411,-0.139907002811979],[-78.131624396247517,-0.139736591428004],[-78.131626665133609,-0.139666287803355],[-78.131597780474394,-0.139321651990253],[-78.131597759897474,-0.139147421945719],[-78.131578010683583,-0.13903050678165],[-78.131571911841846,-0.138807370790901],[-78.131596929070653,-0.138541437715303],[-78.131593885689071,-0.13848106889866],[-78.131628005300115,-0.138163171364124],[-78.131662147054826,-0.138031730535424],[-78.131688696892738,-0.137888828112442],[-78.131735740337803,-0.137739045699987],[-78.131742550636858,-0.137561758138458],[-78.131767567029229,-0.137291239993185]]}},
{"type":"Feature","properties":{"capa_cad":"ACAD-TOP-BASE PRESA POROTOG-Model|C3D-Superficie_ConMen","color":"#B8A15C"},"geometry":{"type":"LineString","coordinates":[[-78.138608635116185,-0.147815343577486],[-78.138608635116185,-0.147815343577486]]}},
{"type":"Feature","properties":{"capa_cad":"ACAD-TOP-BASE PRESA POROTOG-Model|C3D-Superficie_ConMen","color":"#B8A15C"},"geometry":{"type":"LineString","coordinates":[[-78.138608635116185,-0.147815343577486],[-78.13830573916583,-0.147530341717013],[-78.138074211968132,-0.147400458701369],[-78.137878353972994,-0.147211730535023],[-78.137773593584512,-0.147118513504265],[-78.137719675824059,-0.146897674185093],[-78.137645267397531,-0.146711989073605],[-78.137547329527322,-0.146538533391677],[-78.137373467524185,-0.146201553829886],[-78.137270216975637,-0.146034976373665],[-78.137235284081001,-0.14589055210054],[-78.137144167306317,-0.145625395299039],[-78.137138080790464,-0.145500836188268],[-78.137146414883873,-0.145363284526942],[-78.137164615410313,-0.14521426917301],[-78.137144875593492,-0.145176062906945],[-78.137137260608412,-0.144960567673476],[-78.137116756959472,-0.144880332118674],[-78.137056022832226,-0.144796280342274],[-78.137057538691437,-0.144776411733859],[-78.137036284131881,-0.144768008303689],[-78.13702261103272,-0.14467936609724],[-78.137026404930126,-0.144667138932097],[-78.137070425565668,-0.144625868653185],[-78.137109895679458,-0.144618222400633],[-78.137155440772645,-0.144632736395114],[-78.137201745967076,-0.144656420350726],[-78.137259439369046,-0.144700735604977],[-78.137466685672834,-0.144908566203404],[-78.13754563494706,-0.144972747479671],[-78.137565375644215,-0.145018595464023],[-78.137634450588394,-0.145024700896513],[-78.137772614685957,-0.145162235808562],[-78.137824238491007,-0.145231769450243],[-78.137836387913111,-0.145271504951954],[-78.138046681248014,-0.145574856805673],[-78.138145378277684,-0.145747548220724],[-78.138265330038863,-0.145930171467379],[-78.138314680517482,-0.146034093144268],[-78.138403503049943,-0.146147180390446],[-78.138537106245636,-0.146226639009428],[-78.138628959521725,-0.146290818965105],[-78.138685132592883,-0.146315266064586],[-78.138960691772269,-0.14650169263172],[-78.139105675070454,-0.146529186345332],[-78.139137551255033,-0.146490974127023]]}},
{"type":"Feature","properties":{"capa_cad":"ACAD-TOP-BASE PRESA POROTOG-Model|C3D-Superficie_ConMen","color":"#B8A15C"},"geometry":{"type":"LineString","coordinates":[[-78.139411897778444,-0.142687658308068],[-78.139109778281821,-0.142565426147552],[-78.139003500982398,-0.142486728891662],[-78.138984521956658,-0.142464570132052],[-78.138989074982632,-0.142453107020972],[-78.13887899700164,-0.142327795751428],[-78.13888582773194,-0.142320917404327],[-78.138889623378091,-0.142323973646179],[-78.138835724654882,-0.142275837149041],[-78.138793970158915,-0.142221585857231],[-78.138794728420763,-0.142214708222864],[-78.138774990246787,-0.142191785389116],[-78.138771954544325,-0.14219637077567],[-78.138761327195738,-0.142191786993275],[-78.138718053962222,-0.142132186684739],[-78.138721089487149,-0.142126072954932],[-78.138678573804015,-0.14205348164421],[-78.138674778069316,-0.142049661232178],[-78.138665669901144,-0.142054247332381],[-78.138594305035681,-0.14193886581197],[-78.138588220414945,-0.141834175022799],[-78.138578346621159,-0.141782212518878],[-78.138571514209005,-0.141774571607889],[-78.138556317853201,-0.141643900062946],[-78.138528979664997,-0.141539975957648],[-78.138385497112935,-0.141363469282971],[-78.138275413641992,-0.141191543729943],[-78.13816229535432,-0.141031845309495],[-78.137927711173177,-0.140730025488611],[-78.137765236367471,-0.140419027162768],[-78.137639201479658,-0.140152346495334],[-78.137591357299286,-0.139952139420032],[-78.137572363487905,-0.139804656705117],[-78.137560955453907,-0.139616672031292],[-78.137592814118875,-0.139432503033068],[-78.137580647237868,-0.139246810963262],[-78.137544930335878,-0.138899117501456],[-78.137554778487669,-0.138734055407857],[-78.137618519152227,-0.138564401789677],[-78.137620792688821,-0.138533834678767],[-78.137590399633169,-0.138275548578807],[-78.137564588308919,-0.138247277374045],[-78.137547125614233,-0.138210599282045],[-78.137468156010343,-0.137979065067457],[-78.137421830037511,-0.137782678782782],[-78.137422574189955,-0.137658118854023],[-78.137481002292816,-0.137496871719988],[-78.137480241128699,-0.137479295883431],[-78.13749921298259,-0.137441085036462]]}},
{"type":"Feature","properties":{"capa_cad":"ACAD-TOP-BASE PRESA POROTOG-Model|C3D-Superficie_ConMen","color":"#B8A15C"},"geometry":{"type":"LineString","coordinates":[[-78.138640512774003,-0.147790122329635],[-78.138640512774003,-0.147790122329635]]}},
{"type":"Feature","properties":{"capa_cad":"ACAD-TOP-BASE PRESA POROTOG-Model|C3D-Superficie_ConMen","color":"#B8A15C"},"geometry":{"type":"LineString","coordinates":[[-78.138640512774003,-0.147790122329635],[-78.13833837603714,-0.147506648725527],[-78.138106848660044,-0.147375237368875],[-78.137808507946772,-0.147097876939508],[-78.137760663411868,-0.146883914465932],[-78.137734847843404,-0.146815906171015],[-78.137656646594522,-0.14665238245003],[-78.13754732105005,-0.146462880476856],[-78.137424326443821,-0.146219888139657],[-78.137311962905713,-0.146015103177562],[-78.137176046425523,-0.145613929095306],[-78.137182856116723,-0.14542059314923],[-78.137209416478356,-0.145361748968691],[-78.137232184574231,-0.145329651192934],[-78.137195750161723,-0.145332712050234],[-78.137190436241255,-0.145328127635333],[-78.137210912205944,-0.145163828601176],[-78.137184340004396,-0.145117981412326],[-78.137174452082036,-0.144939930793325],[-78.137155468626418,-0.144878035156],[-78.1371159914858,-0.144823783583907],[-78.137121298641929,-0.14476876269157],[-78.137061330333992,-0.144744316134855],[-78.137055253535877,-0.144706108307361],[-78.137059046305097,-0.14468394692506],[-78.137097756146062,-0.144665602374248],[-78.137138746372983,-0.144675531871423],[-78.137179737903566,-0.144696923928399],[-78.137254132302672,-0.144756520675003],[-78.137405202267786,-0.144910865784056],[-78.137465173364092,-0.144959765821698],[-78.137484912934113,-0.144995679582049],[-78.137496303735361,-0.14503923601086],[-78.137621549464882,-0.145049920018736],[-78.137746049133156,-0.145175229764107],[-78.137771861683504,-0.145215727866248],[-78.137810586687451,-0.14533111325181],[-78.138017083160079,-0.145620710462783],[-78.138124131455285,-0.145807920177425],[-78.138174237898212,-0.145884331583803],[-78.138234220435265,-0.146034866489003],[-78.138325325631513,-0.146196860436455],[-78.138589495346423,-0.146351957181506],[-78.138824821907249,-0.146516227333257],[-78.139167941258322,-0.146737798214425]]}},
{"type":"Feature","properties":{"capa_cad":"ACAD-TOP-BASE PRESA POROTOG-Model|C3D-Superficie_ConMen","color":"#B8A15C"},"geometry":{"type":"LineString","coordinates":[[-78.133731623693293,-0.147174754311559],[-78.133608625511243,-0.146894318449197],[-78.133575204909448,-0.146695638495805],[-78.133550909512138,-0.146645206146524],[-78.133544817331483,-0.146468683987526],[-78.133522793871009,-0.146371637128682],[-78.133426376161395,-0.146213465275753],[-78.133416504762295,-0.146180607169569],[-78.13338613905043,-0.146149279730157],[-78.133340588810498,-0.146087387297488],[-78.133282895235823,-0.146039251275572],[-78.133178879395757,-0.145813833570695],[-78.133025527034164,-0.145606761567191],[-78.133007306020772,-0.145573904431037],[-78.132982245332229,-0.145468452136069],[-78.132890370488752,-0.145209409771343],[-78.132855440246843,-0.145087911104026],[-78.132815959384899,-0.144999272176689],[-78.132819749122731,-0.144950365009867],[-78.132777987452656,-0.144829631310004],[-78.13272484099501,-0.144718068938907],[-78.132689159803675,-0.144668402145174],[-78.132653475923178,-0.144595046159857],[-78.132625387875365,-0.14456830352607],[-78.132508475021126,-0.144405549302728],[-78.132485700960814,-0.14438415523692],[-78.132459129631073,-0.144345185758146],[-78.132355126947715,-0.14423745014245],[-78.132345251763525,-0.144171732887308],[-78.132321710554166,-0.144079271353439],[-78.132305009273423,-0.144060933265573],[-78.132282231379179,-0.144005915848201],[-78.132260215586584,-0.143977644200959],[-78.132232875344144,-0.143852323923458],[-78.132233624715269,-0.143767501266755],[-78.132239692522347,-0.143726999697494],[-78.132266254963213,-0.143688024088994],[-78.132313315707279,-0.143682669467522],[-78.132330771332605,-0.143659742425019],[-78.13231634187855,-0.143594789871413],[-78.132244213377916,-0.143434323096344],[-78.132148568980881,-0.14340300333686],[-78.13212655720217,-0.14340988339641],[-78.132097706937159,-0.143355630872691],[-78.132106810069473,-0.14330748728149],[-78.132092387868767,-0.143305960621998],[-78.1320225378213,-0.143156956138579],[-78.131962562391308,-0.143068319726046],[-78.131940534734355,-0.14293688554736],[-78.13192762809669,-0.142913197870514],[-78.131919271740827,-0.142854357978142],[-78.131875236775755,-0.142768776398902],[-78.131809936596611,-0.142581563094495],[-78.131812209883847,-0.1425479394804],[-78.131795491580974,-0.142382117193128],[-78.131795485055235,-0.142325568835607],[-78.131787129994464,-0.142278191459143],[-78.131777259913406,-0.142257560105429],[-78.131772691288106,-0.142133765588005],[-78.13176206091407,-0.142102435987149],[-78.131784824748735,-0.142035186623941],[-78.131774191011715,-0.141974818678454],[-78.131787839114125,-0.141846437021782],[-78.131781000635854,-0.141786068632112],[-78.131738475994993,-0.141634004400813],[-78.131818909510102,-0.141408565671379],[-78.131820403886181,-0.141204532900668],[-78.131808247370017,-0.141104428456085],[-78.131760395176997,-0.140831626493279],[-78.131728503413072,-0.140733052728222],[-78.131687490935178,-0.14053131751332],[-78.131635091188073,-0.140317356994599],[-78.13157660462231,-0.139981130522088],[-78.131601615917134,-0.139662469957831],[-78.131591736431517,-0.139562365276889],[-78.13158414418568,-0.139547847013063],[-78.131577301715339,-0.139454619473428],[-78.131571978967386,-0.139375146756546],[-78.131571953794264,-0.139161944206888],[-78.131547647188569,-0.139019047918927],[-78.131542309299732,-0.13881195934638],[-78.131569601784761,-0.138529978500189],[-78.131565036120463,-0.138434458193107],[-78.131587027959966,-0.138260225499745],[-78.131596880195431,-0.138130315943593],[-78.131630262709933,-0.137997346875474],[-78.131643915196193,-0.137909466032354],[-78.131668953752012,-0.137823876310786],[-78.131677295405353,-0.137757392779238],[-78.131699300565955,-0.137695492594235],[-78.131704597137528,-0.137554885235028],[-78.131724307200855,-0.137343208598833]]}},
{"type":"Feature","properties":{"capa_cad":"ACAD-TOP-BASE PRESA POROTOG-Model|C3D-Superficie_ConMen","color":"#B8A15C"},"geometry":{"type":"LineString","coordinates":[[-78.138657210703911,-0.147777893705573],[-78.138355074469558,-0.147499005129173],[-78.138129619553268,-0.147367593087138],[-78.137829761312886,-0.147095582023492],[-78.1377803978922,-0.146874742178862],[-78.137768249464671,-0.14684341254309],[-78.137675622526459,-0.146647795271655],[-78.137534409786497,-0.146397927420665],[-78.137343085984384,-0.146030383044568],[-78.137194263718115,-0.145613162841858],[-78.137195016308794,-0.145555849958508],[-78.137235994886495,-0.145462616450879],[-78.137276973889655,-0.145373203789838],[-78.137313403899384,-0.145331170227754],[-78.137348313892048,-0.14527232508102],[-78.137235215533138,-0.145283036435503],[-78.137217755655684,-0.14526928336521],[-78.137233681161348,-0.14513937252789],[-78.137204071949526,-0.145086648151614],[-78.137199503143307,-0.144959032180196],[-78.137179000186435,-0.14488490998597],[-78.13714559628491,-0.144837535249411],[-78.137153937849391,-0.144766466423881],[-78.137073473862969,-0.144732088008446],[-78.137073471606399,-0.144712219574412],[-78.137119013745988,-0.144700751772858],[-78.137144822391477,-0.144706862166235],[-78.137167595241891,-0.144716793762403],[-78.137242748696664,-0.144776390422376],[-78.137379394917332,-0.144916217946126],[-78.137423424329555,-0.144952128911593],[-78.137449237659212,-0.144999504534712],[-78.137461388210227,-0.145049174241448],[-78.1376147194174,-0.145062911708665],[-78.137722517822212,-0.145170647438225],[-78.137746053025737,-0.14520961745869],[-78.137789334882171,-0.145347163279066],[-78.137947243875004,-0.14556799064138],[-78.1381271734557,-0.14585911930419],[-78.13820765632218,-0.146060851342091],[-78.138288894270872,-0.146227431439506],[-78.138329125644034,-0.14623888943029],[-78.138390614082567,-0.146280911859488],[-78.138559895241613,-0.146380234895616],[-78.138748916223733,-0.146517764300363],[-78.139131509856682,-0.146768369224144],[-78.139180849362901,-0.146774477004403]]}},
{"type":"Feature","properties":{"capa_cad":"ACAD-TOP-BASE PRESA POROTOG-Model|C3D-Superficie_ConMen","color":"#B8A15C"},"geometry":{"type":"LineString","coordinates":[[-78.133708092727247,-0.147172464461087],[-78.133589650241731,-0.146904254780959],[-78.133551673007162,-0.146684942805515],[-78.133535728838027,-0.14664902870677],[-78.133528873840149,-0.146438883237292],[-78.133515963145925,-0.146378515417407],[-78.133423341312366,-0.146225692310155],[-78.133414229911168,-0.146201239966566],[-78.133377790989087,-0.146163035704425],[-78.133321612438166,-0.14608738945592],[-78.133277583052831,-0.146049950231998],[-78.133220639521696,-0.145921576493333],[-78.133156106721245,-0.145804666151248],[-78.133029325577752,-0.145635799511175],[-78.132995920373105,-0.145575434066669],[-78.132972379086567,-0.145481444115992],[-78.132932135832661,-0.145363002710381],[-78.132864559093875,-0.145178081850061],[-78.132841019247465,-0.145097082769142],[-78.132808371779277,-0.145025254748046],[-78.132801536484578,-0.144991632153877],[-78.132803808459059,-0.144945781832501],[-78.132771157520594,-0.144843387112101],[-78.132712695950687,-0.144716541999383],[-78.132676255791978,-0.144667639461059],[-78.132642849768828,-0.144600396555144],[-78.132611725156977,-0.144570597600604],[-78.132565414512442,-0.144497242846442],[-78.132502403542134,-0.144413955844348],[-78.132478111286702,-0.144391797785903],[-78.132446225882632,-0.144346715580008],[-78.132342982341768,-0.144239744045168],[-78.132311085014848,-0.144089970923225],[-78.132290587680188,-0.144064755767656],[-78.132269328330182,-0.144013559012065],[-78.132246553396826,-0.143984523285399],[-78.132217694785766,-0.14385691068297],[-78.132222236198729,-0.14374381339882],[-78.132263977102369,-0.143681911014242],[-78.132311037671656,-0.143675028057842],[-78.132320903978112,-0.143662800237428],[-78.132311789213873,-0.143609309578682],[-78.132257881686996,-0.143480935716573],[-78.132241179960815,-0.143458776802009],[-78.132136426654029,-0.143425165595737],[-78.132124282314905,-0.143429752008233],[-78.13208708114432,-0.143364037945443],[-78.132082525332493,-0.143351047631968],[-78.132087077555369,-0.143332707090688],[-78.132081005211177,-0.143333471962957],[-78.131995211266812,-0.143151610145678],[-78.131950419634364,-0.143086661149303],[-78.131925354008473,-0.142939943983576],[-78.131913206688338,-0.142918548719817],[-78.131902572117141,-0.142850539088693],[-78.131863092530239,-0.142774126984258],[-78.131795514399172,-0.142580036444429],[-78.131800063438632,-0.142534185892871],[-78.131784865093096,-0.142384410936727],[-78.131784859008505,-0.142331683414671],[-78.131777263354721,-0.142287362617704],[-78.131767393009213,-0.142264438763169],[-78.131762823589767,-0.142133766744051],[-78.131752193304195,-0.142103201310425],[-78.131777233681106,-0.142030602511968],[-78.13176660073988,-0.141977112069703],[-78.131780249196595,-0.141851787081846],[-78.131772654055808,-0.141812051290122],[-78.131774168532488,-0.141780720265674],[-78.131740757411208,-0.141670684146976],[-78.131730124453853,-0.141617193709766],[-78.13180600497509,-0.14140321802237],[-78.131807499795073,-0.141203006088985],[-78.131749010442292,-0.140840797843758],[-78.131713321893955,-0.140729233690721],[-78.131673068916655,-0.14053131922319],[-78.131614593697506,-0.140291377754557],[-78.131561423731512,-0.139982660662923],[-78.131584926902505,-0.139748822804803],[-78.131588711467458,-0.139657886496407],[-78.131579591665357,-0.139563130893938],[-78.131569721898941,-0.139545556234834],[-78.131567442217062,-0.139524159835218],[-78.131559076861009,-0.139390431636226],[-78.131559050968519,-0.139171115754306],[-78.131533225624693,-0.139022870482026],[-78.131527889637653,-0.138831829415206],[-78.13152788384366,-0.138782922739021],[-78.13155593818739,-0.138524630976242],[-78.131550611381172,-0.138411534924611],[-78.131571087019097,-0.138253349919818],[-78.131581697306302,-0.138115034438472],[-78.131608252799737,-0.13801951037356],[-78.131625697730129,-0.137907939900455],[-78.131651494518266,-0.137815472586353],[-78.13166211068544,-0.137726827939929],[-78.131681080634252,-0.137673333958927],[-78.131684862568264,-0.137561765128884],[-78.131702297759574,-0.137369192946199]]}},
{"type":"Feature","properties":{"capa_cad":"ACAD-TOP-BASE PRESA POROTOG-Model|C3D-Superficie_ConMen","color":"#B8A15C"},"geometry":{"type":"LineString","coordinates":[[-78.139411894072907,-0.142655563079423],[-78.139411894072907,-0.142655563079423]]}},
{"type":"Feature","properties":{"capa_cad":"ACAD-TOP-BASE PRESA POROTOG-Model|C3D-Superficie_ConMen","color":"#B8A15C"},"geometry":{"type":"LineString","coordinates":[[-78.139411894072907,-0.142655563079423],[-78.139407340955159,-0.142666262021927],[-78.139399750102172,-0.142663970393873],[-78.139269944607989,-0.142608201025679],[-78.139249448874722,-0.142598269188838],[-78.139282088400392,-0.142598265367619],[-78.139365587248918,-0.142618888238341],[-78.139128750421037,-0.142527979501378],[-78.139102940661118,-0.142512699086176],[-78.139106737808916,-0.142528746251599],[-78.139058153906603,-0.142492835863533],[-78.139059671405448,-0.142487486482565],[-78.139023992736625,-0.142462272991312],[-78.139030823026786,-0.142451573784804],[-78.139020953851528,-0.142439348191654],[-78.138878233520686,-0.142289587252854],[-78.138748417271046,-0.142140589006723],[-78.138688439967211,-0.142039725395237],[-78.138682367766421,-0.142042018623862],[-78.138607207873349,-0.141928930063745],[-78.138604924400084,-0.141874674150209],[-78.138582139159723,-0.141758522753776],[-78.138575297241928,-0.141669115487118],[-78.138538086940343,-0.141527748138697],[-78.138379420283556,-0.14132602560075],[-78.138273133257471,-0.14116403383077],[-78.13816229276523,-0.141009684342597],[-78.137934541261757,-0.140717797940091],[-78.137772065285986,-0.14039686539103],[-78.137737138137894,-0.140307461538523],[-78.137656658905556,-0.140144702705819],[-78.137610333018031,-0.13994602378845],[-78.137591340106113,-0.139806182780083],[-78.137579173014529,-0.139618198193919],[-78.137610272983807,-0.139437085967309],[-78.137600384180047,-0.139259035330446],[-78.13758139037094,-0.139112316796723],[-78.137579103781206,-0.139032843298402],[-78.137563146445927,-0.138888416918638],[-78.137569962995471,-0.138762327902555],[-78.13758437846117,-0.138706541691928],[-78.137637496044519,-0.138568220356765],[-78.137644319471306,-0.138500208320853],[-78.13761772725104,-0.138288536183297],[-78.137576731861856,-0.13823581334346],[-78.137544081819712,-0.138147173467699],[-78.137486373114001,-0.137976770349717],[-78.137441565711626,-0.137784204731956],[-78.137448385799019,-0.137688682554458],[-78.137443826881054,-0.137650474567342],[-78.137499979368656,-0.137502218610602],[-78.137498458231178,-0.137477001157658],[-78.137504529957482,-0.13747088705322]]}},
{"type":"Feature","properties":{"capa_cad":"ACAD-TOP-BASE PRESA POROTOG-Model|C3D-Superficie_ConMen","color":"#B8A15C"},"geometry":{"type":"LineString","coordinates":[[-78.138673149575425,-0.147765665166529],[-78.138499307024929,-0.147602152022681],[-78.138365699840719,-0.147486013017333],[-78.138324707377734,-0.147456214954693],[-78.138147076614416,-0.147356128548344],[-78.137848736908808,-0.147087938167434],[-78.137799373314877,-0.146865569977449],[-78.137689283770783,-0.14663174613164],[-78.137642213116237,-0.146550749353651],[-78.137605769695128,-0.146473572229531],[-78.137534405158149,-0.146356662194858],[-78.137382560845225,-0.146064766229477],[-78.137239813975128,-0.145673527116087],[-78.137249672672212,-0.145593288069336],[-78.137343013621603,-0.145388479639626],[-78.137370336670756,-0.1453617305339],[-78.137405247185114,-0.14530747040963],[-78.137402209485657,-0.145294479854705],[-78.137359694481759,-0.145225709361116],[-78.137274680903587,-0.145233360817255],[-78.137245075067611,-0.145210439092226],[-78.137257209087579,-0.145114152195801],[-78.13722380398066,-0.145056079060418],[-78.137218478799625,-0.14495215246391],[-78.13719797627536,-0.144881851121709],[-78.137175960142045,-0.144851286828294],[-78.137174439252263,-0.144826833543431],[-78.137185059029704,-0.14476493450132],[-78.137177467674604,-0.144758057839346],[-78.137185817392989,-0.144758821049047],[-78.137234401667229,-0.144799316502598],[-78.137346755356205,-0.144915457527421],[-78.137382434354109,-0.144944491914745],[-78.13741356247202,-0.145004093657861],[-78.137427990887801,-0.145059876467829],[-78.137608648340958,-0.145075139140395],[-78.137705059925679,-0.1451744702963],[-78.137717966330214,-0.145195865602893],[-78.137769601451879,-0.145365505644777],[-78.137869813063844,-0.145506865813141],[-78.138077072868541,-0.145834671544431],[-78.138147686088644,-0.146019592929171],[-78.138165153105447,-0.146096772237051],[-78.138204630914359,-0.146157137271776],[-78.138253981198488,-0.146259530610405],[-78.138346589389798,-0.146287030240701],[-78.138455143301897,-0.146363435035368],[-78.13852725864615,-0.146406220438885],[-78.138734498565427,-0.146557502864839],[-78.139080654116114,-0.14677907339795],[-78.139100391866634,-0.146798939629443],[-78.139193757466515,-0.14681115579522]]}},
{"type":"Feature","properties":{"capa_cad":"ACAD-TOP-BASE PRESA POROTOG-Model|C3D-Superficie_ConMen","color":"#B8A15C"},"geometry":{"type":"LineString","coordinates":[[-78.139411888248091,-0.142605127720156],[-78.139139375299081,-0.142511166474267],[-78.139051317431793,-0.142450043039273],[-78.139039930492643,-0.142440874311298],[-78.13904448404881,-0.142433996230739],[-78.139020950051247,-0.142406488802193],[-78.138761319403713,-0.142124539885964],[-78.138620869769341,-0.141918994225985],[-78.138600359310672,-0.141782209926654],[-78.138592757803167,-0.141688217718513],[-78.138550230537476,-0.141516284132821],[-78.138391563966067,-0.141315325765843],[-78.138188861579408,-0.141024964622317],[-78.137948204123077,-0.140716267976483],[-78.137897336063844,-0.1406207526247],[-78.137866205381826,-0.14054128252866],[-78.137790282670181,-0.140396863224219],[-78.137745484720625,-0.140281478730992],[-78.137674116421508,-0.140137823086998],[-78.137626270347212,-0.139921568417059],[-78.137608796267713,-0.139787840592993],[-78.137598149272179,-0.139616667582212],[-78.137627731307134,-0.139437083876172],[-78.137617844492397,-0.139275844996555],[-78.137601888906246,-0.139145937855572],[-78.137596559657979,-0.139012208586957],[-78.137581363281569,-0.138883829702546],[-78.137585906106636,-0.138786779452222],[-78.137607149913705,-0.138704246437073],[-78.137653437979324,-0.138582737682986],[-78.137661024737369,-0.138550641588732],[-78.137667086468042,-0.138460468685568],[-78.137642776695188,-0.138293118183242],[-78.137607096438515,-0.138254913947235],[-78.137593430488565,-0.138230462129403],[-78.137560020841008,-0.138137237319084],[-78.137503831160529,-0.137974475723785],[-78.137460541780314,-0.137781145748349],[-78.137470399743293,-0.137699378275485],[-78.137464320972555,-0.13764665122647],[-78.137517438604732,-0.137509858198274],[-78.137522748342818,-0.137479290719072]]}},
{"type":"Feature","properties":{"capa_cad":"ACAD-TOP-BASE PRESA POROTOG-Model|C3D-Superficie_ConMen","color":"#B8A15C"},"geometry":{"type":"LineString","coordinates":[[-78.133684561761697,-0.147170174610686],[-78.133684561761697,-0.147170174610686]]}},
{"type":"Feature","properties":{"capa_cad":"ACAD-TOP-BASE PRESA POROTOG-Model|C3D-Superficie_ConMen","color":"#B8A15C"},"geometry":{"type":"LineString","coordinates":[[-78.133684561761697,-0.147170174610686],[-78.13358813792577,-0.146956218389946],[-78.133573710596224,-0.146908841591888],[-78.133574466241981,-0.146878274778582],[-78.133520547737149,-0.146649030426143],[-78.133507613882941,-0.146381573037626],[-78.13341271420029,-0.146222636845318],[-78.133365647138803,-0.146172207101618],[-78.133302635980385,-0.146086627446334],[-78.13327227095553,-0.146061413356289],[-78.133225957026383,-0.145958255950001],[-78.13314092614165,-0.145809252889038],[-78.133036160855539,-0.145669422115872],[-78.132988330773529,-0.145583840779084],[-78.132864561943052,-0.14520329938453],[-78.132805339105133,-0.145056585970689],[-78.132790157064363,-0.145048181866572],[-78.132798505626653,-0.145039010897422],[-78.132788632471645,-0.144990869466081],[-78.132788626417579,-0.144937377729875],[-78.132755975392328,-0.144834218843426],[-78.132718014183254,-0.144759334775071],[-78.132707383696058,-0.14472647678888],[-78.132661074183829,-0.144663056200882],[-78.132632223701279,-0.144606511117878],[-78.132603376426417,-0.14457824023654],[-78.132566175476001,-0.144514054444314],[-78.13249633197627,-0.144421598218397],[-78.132467485048153,-0.144396384014741],[-78.132432562906303,-0.144346717154464],[-78.13233007868179,-0.144242038035371],[-78.132299699986149,-0.14409684974376],[-78.132276925141241,-0.144068578181995],[-78.132257184335359,-0.144021202088079],[-78.13223744683836,-0.144002864352833],[-78.132229094978442,-0.143982996968056],[-78.13222377619752,-0.14393561921057],[-78.132202513965964,-0.143859204940557],[-78.132208574185483,-0.143752220820357],[-78.132261699154171,-0.143675033772211],[-78.132310277569559,-0.143665858137688],[-78.132303439618482,-0.14360931054622],[-78.132270032672992,-0.143534426019749],[-78.132188807679498,-0.143480179561029],[-78.132171347250207,-0.143461077404805],[-78.132121248373281,-0.143449620708038],[-78.132067344865959,-0.143356398564663],[-78.131969403171411,-0.143149320644944],[-78.131935999189508,-0.143100417834496],[-78.131912451936813,-0.142955992994746],[-78.131898025787251,-0.142920078822066],[-78.131887390952741,-0.142849776690655],[-78.131852466831916,-0.142783298227636],[-78.131783370243483,-0.142586151198369],[-78.131787917521834,-0.142525017307561],[-78.131774232961831,-0.142337797993616],[-78.131758286129354,-0.142279723168589],[-78.131752955891514,-0.142133767900077],[-78.131742325782753,-0.142104730800622],[-78.13176964261352,-0.142026018400055],[-78.131759769875515,-0.141982462039755],[-78.131761281703064,-0.141928206006781],[-78.131772659190545,-0.141856372974877],[-78.131765064315616,-0.141818929684298],[-78.131768096014241,-0.141779956812],[-78.131734684715838,-0.141668392359986],[-78.131721772912542,-0.141600383018946],[-78.131793859493911,-0.141397870284069],[-78.131795356180959,-0.14121370585969],[-78.131780920546589,-0.141096790012374],[-78.131739904295443,-0.140862195596022],[-78.131699659196386,-0.140731527809042],[-78.131660925131726,-0.140540490665941],[-78.131602450362948,-0.140304370033684],[-78.13154776103768,-0.139984954789813],[-78.131572023262493,-0.139751116844068],[-78.13157580629813,-0.139647189700307],[-78.131568206673037,-0.13957000975509],[-78.131554540648935,-0.139544029714139],[-78.131551500112337,-0.139507350068863],[-78.131546175024951,-0.139408009016042],[-78.131546148142846,-0.139180287301509],[-78.131518043380495,-0.139012938133442],[-78.131513469160851,-0.138844821982257],[-78.131513461284939,-0.138778339470173],[-78.131542274499424,-0.138518519285577],[-78.131536944151222,-0.138375620729304],[-78.131554387752189,-0.138252587766242],[-78.131564240623561,-0.138128027381666],[-78.131589277646626,-0.138029446834442],[-78.131610514564372,-0.137890365897312],[-78.131634035284748,-0.137807068862166],[-78.131647684562083,-0.137692442175066],[-78.131662860793767,-0.13765193949122],[-78.131665885773742,-0.137557946593785],[-78.131681047280111,-0.137394413033525]]}},
{"type":"Feature","properties":{"capa_cad":"ACAD-TOP-BASE PRESA POROTOG-Model|C3D-Superficie_ConMen","color":"#B8A15C"},"geometry":{"type":"LineString","coordinates":[[-78.133661030796617,-0.147167884760337],[-78.13358055112279,-0.146989842648023],[-78.133558530517277,-0.146918013325942],[-78.133559283520725,-0.146863757299563],[-78.133504606898285,-0.146642918886355],[-78.133500029492509,-0.146436594004999],[-78.133493191495347,-0.146378518001878],[-78.133412716941564,-0.146247090223856],[-78.133267717912972,-0.146072876394121],[-78.133244181293762,-0.146020151481146],[-78.133125745390345,-0.14581231129091],[-78.133039959311603,-0.145697695892508],[-78.132998962186363,-0.145625104627069],[-78.132981498162621,-0.145573907377767],[-78.132961000415747,-0.145544871342326],[-78.132935940932242,-0.145450117400865],[-78.13286001184531,-0.145240744123702],[-78.13284938016146,-0.145197187781152],[-78.132828122058115,-0.145156689327396],[-78.132796991406806,-0.145073398616417],[-78.132768904057215,-0.145052769308807],[-78.132770420437538,-0.14503748578182],[-78.132775734251112,-0.145041306010946],[-78.132782564790702,-0.145032899383576],[-78.132773444722289,-0.144932030298053],[-78.132741552664953,-0.144828107158325],[-78.132692201827723,-0.144719601025016],[-78.132645892575866,-0.1446584729408],[-78.132621597547057,-0.144611861512947],[-78.132591990524389,-0.144577477378823],[-78.132555548715445,-0.144514055667381],[-78.132493297148486,-0.144433825247468],[-78.132457617950749,-0.144401734323484],[-78.132424214004814,-0.144352831455948],[-78.132317933989128,-0.144243567770634],[-78.132286796327023,-0.144099143735457],[-78.132262503548318,-0.144072400683869],[-78.132245040427719,-0.144029609331233],[-78.132216951506948,-0.143995225047763],[-78.132210113747021,-0.143940205793467],[-78.132188092636397,-0.143865319946571],[-78.13219111786195,-0.143769034520809],[-78.132258662151841,-0.143668156618129],[-78.132292818975372,-0.143662803490537],[-78.132299647056058,-0.143633000173298],[-78.132297368233893,-0.143618481257839],[-78.132289016366983,-0.143598613874856],[-78.132254095683706,-0.143561937890727],[-78.132115177865515,-0.143466433091081],[-78.132031666354237,-0.143330421023043],[-78.131942835847397,-0.143145502898364],[-78.13192309711539,-0.143116466843998],[-78.131872969193807,-0.142852070872361],[-78.131838044809882,-0.142783299909034],[-78.131769707276192,-0.142586152793598],[-78.13177653109922,-0.142519669468656],[-78.131763607356177,-0.142347733407306],[-78.131748419313396,-0.142287365992972],[-78.13174308819336,-0.142133769056098],[-78.131733217226738,-0.142105496034908],[-78.131762051457571,-0.142020670121231],[-78.131752937330972,-0.141973292837418],[-78.131764310750398,-0.141866308125733],[-78.131758233717662,-0.141826572156193],[-78.131762023141789,-0.141776136690441],[-78.131730889979266,-0.141672977807875],[-78.131712662317398,-0.141583572417683],[-78.131780954870322,-0.141391758468304],[-78.131782452801659,-0.141218292383802],[-78.131767257224112,-0.141093734957608],[-78.131728519560681,-0.140871366946036],[-78.131685996498959,-0.140733821927284],[-78.131648781614999,-0.140551954609153],[-78.131586509611765,-0.140299022758699],[-78.131534857397483,-0.1399872488263],[-78.131559877327504,-0.139741948290218],[-78.131562901938693,-0.139643370405999],[-78.131555302673561,-0.139569247129003],[-78.131540118452619,-0.139542503102837],[-78.131537838950877,-0.13952263503742],[-78.131533245317229,-0.139189458848497],[-78.131502862040421,-0.139010647453105],[-78.131499049950975,-0.138868512884109],[-78.131499038635837,-0.138772992034639],[-78.131528611628141,-0.138519285096421],[-78.131521761356879,-0.138361103388467],[-78.131538448902404,-0.138263288023527],[-78.131552093129685,-0.13810586800907],[-78.131568026789978,-0.138051610239432],[-78.131592296916523,-0.137887311432025],[-78.131614300167797,-0.137809363749907],[-78.131630982738173,-0.137670283356973],[-78.131644640861865,-0.137629780857292],[-78.131659037838418,-0.137420397378868]]}},
{"type":"Feature","properties":{"capa_cad":"ACAD-TOP-BASE PRESA POROTOG-Model|C3D-Superficie_ConMen","color":"#B8A15C"},"geometry":{"type":"LineString","coordinates":[[-78.13941188445196,-0.142572268319402],[-78.139164421054758,-0.14248365334992],[-78.139060422511605,-0.142418710924923],[-78.138956417518699,-0.142297983969554],[-78.13877118485982,-0.142104670263113],[-78.138633013016573,-0.141904473537065],[-78.138609458684229,-0.141701970838917],[-78.138563892251071,-0.141504819947559],[-78.138400670792407,-0.141299277089456],[-78.138218467072321,-0.141044065399778],[-78.138056764150079,-0.14084234334358],[-78.137951997533008,-0.140700219932334],[-78.137923906040172,-0.140645967116545],[-78.137879867525257,-0.140533639194387],[-78.137797111498699,-0.140373937280827],[-78.137750794353991,-0.140249382916618],[-78.137688536628986,-0.140121773778326],[-78.137646765441346,-0.139926150996534],[-78.137627013018275,-0.139782489220168],[-78.137617125620338,-0.139615901141344],[-78.137645188637293,-0.139428675904844],[-78.137623147855692,-0.139191021388205],[-78.137617055388517,-0.139022140346319],[-78.137599580661558,-0.13888382751167],[-78.137599576308517,-0.138847147308671],[-78.137601849217546,-0.138811231002545],[-78.137626886044544,-0.138709593256877],[-78.137680760324358,-0.138551403380376],[-78.137690613522167,-0.138429134837586],[-78.137669344710275,-0.138301520854727],[-78.137613165892105,-0.138229695573701],[-78.137523567018533,-0.137977530018011],[-78.137484831342434,-0.137778850291298],[-78.137492412773383,-0.137702432288651],[-78.137483297407115,-0.13764664892377],[-78.137537174372227,-0.137512148313618],[-78.137541725785852,-0.137487694292975]]}},
{"type":"Feature","properties":{"capa_cad":"ACAD-TOP-BASE PRESA POROTOG-Model|C3D-Superficie_ConMen","color":"#B8A15C"},"geometry":{"type":"LineString","coordinates":[[-78.138689088446995,-0.147753436627147],[-78.138580531710716,-0.147651049852797],[-78.138373288808566,-0.147471492904758],[-78.138318632190604,-0.147431762155481],[-78.138162256245934,-0.147342371752375],[-78.137928443791566,-0.147139892791357],[-78.137867712504985,-0.147080294311089],[-78.137816830707365,-0.14685716211868],[-78.137712814820091,-0.14663403597471],[-78.137627022541722,-0.146466692277012],[-78.137526808407685,-0.146301642757166],[-78.137431146545168,-0.146118252648544],[-78.137310420104271,-0.145795786360236],[-78.137305103946431,-0.145771333504676],[-78.137307376468684,-0.145730068027033],[-78.137322542021352,-0.14559175139494],[-78.137410571040704,-0.145399934463301],[-78.137444725091953,-0.145368599548868],[-78.137455349652669,-0.145348729890774],[-78.137449274427013,-0.145324277121206],[-78.13741511182252,-0.145279959131008],[-78.137371835511118,-0.145191320285033],[-78.137359689292822,-0.145179859117218],[-78.137311109956528,-0.1451829213731],[-78.13727239447708,-0.145151594816365],[-78.137279978042756,-0.145089696120478],[-78.137243536011283,-0.145025509968144],[-78.137241251736327,-0.144962848236202],[-78.137218470826269,-0.144881848765306],[-78.137205564595632,-0.144861981812639],[-78.137207835524023,-0.144806961265427],[-78.137342962841799,-0.144939911426751],[-78.137377127881905,-0.145005626184885],[-78.137393075364528,-0.145069814697081],[-78.137601818293234,-0.145088130830022],[-78.137677732721158,-0.145164539209435],[-78.137692157673598,-0.14518975519603],[-78.137752904771119,-0.145388432687978],[-78.138007234277723,-0.145788065076661],[-78.138046714764513,-0.145872119399559],[-78.138088475431019,-0.145982919461182],[-78.138121131944629,-0.146134221644659],[-78.138203883445243,-0.14626030048344],[-78.138218308982232,-0.146290865694347],[-78.138359498527038,-0.146332879056449],[-78.138493103162872,-0.146425328609755],[-78.138530300793448,-0.146458947928326],[-78.138699584528581,-0.146581196150948],[-78.139034353499369,-0.14679665460101],[-78.139070032935294,-0.146829509946967],[-78.139206665569134,-0.146847834586861]]}},
{"type":"Feature","properties":{"capa_cad":"ACAD-TOP-BASE PRESA POROTOG-Model|C3D-Superficie_ConMen","color":"#B8A15C"},"geometry":{"type":"LineString","coordinates":[[-78.137282240926837,-0.144963607696927],[-78.137282240926837,-0.144963607696927]]}},
{"type":"Feature","properties":{"capa_cad":"ACAD-TOP-BASE PRESA POROTOG-Model|C3D-Superficie_ConMen","color":"#B8A15C"},"geometry":{"type":"LineString","coordinates":[[-78.137282240926837,-0.144963607696927],[-78.137281481436148,-0.144959786930753],[-78.137295147763083,-0.144988823846858],[-78.137283759215094,-0.14496513586383],[-78.137282240926837,-0.144963607696927]]}},
{"type":"Feature","properties":{"capa_cad":"ACAD-TOP-BASE PRESA POROTOG-Model|C3D-Superficie_ConMen","color":"#B8A15C"},"geometry":{"type":"LineString","coordinates":[[-78.137447745507217,-0.145228755946346],[-78.137434078924684,-0.145197426511212],[-78.137409785275736,-0.145163805783792],[-78.137415853929497,-0.145130181573204],[-78.137381692271049,-0.145094269468292],[-78.137588917168642,-0.145113349950783],[-78.137623078486968,-0.145146205378865],[-78.137638262237246,-0.145169128764187],[-78.137678507171188,-0.14530056155066],[-78.137624612774445,-0.145289105164704],[-78.137447745507217,-0.145228755946346]]}},
{"type":"Feature","properties":{"capa_cad":"ACAD-TOP-BASE PRESA POROTOG-Model|C3D-Superficie_ConMen","color":"#B8A15C"},"geometry":{"type":"LineString","coordinates":[[-78.138720966105524,-0.147728215375646],[-78.138720966105524,-0.147728215375646]]}},
{"type":"Feature","properties":{"capa_cad":"ACAD-TOP-BASE PRESA POROTOG-Model|C3D-Superficie_ConMen","color":"#B8A15C"},"geometry":{"type":"LineString","coordinates":[[-78.138720966105524,-0.147728215375646],[-78.138390744003814,-0.147443216593603],[-78.138307999931428,-0.147382856386537],[-78.138192615764382,-0.147317150673166],[-78.137904145070536,-0.147060421742715],[-78.137850226779136,-0.146834997374912],[-78.137661176801089,-0.146436885730187],[-78.137506300207804,-0.146180141926389],[-78.137430370817626,-0.145970003603949],[-78.137475110182677,-0.145570337164114],[-78.137516085490518,-0.145448065141774],[-78.137524434175262,-0.145439658306529],[-78.13765119767659,-0.145447285501041],[-78.137688393492681,-0.145464857174231],[-78.137702816712732,-0.145474789745618],[-78.137828840497477,-0.145653591345508],[-78.137871354806364,-0.145716248513915],[-78.13795714832959,-0.14589352641485],[-78.138013346817232,-0.146144168148307],[-78.138011073335576,-0.146177027767917],[-78.138017907605018,-0.146201480467526],[-78.138026258616748,-0.146213706255739],[-78.138066491611255,-0.146239683496778],[-78.138144686518359,-0.146345894402548],[-78.138170495609288,-0.146355825693922],[-78.138224389766876,-0.146364989620602],[-78.13829270851916,-0.146396312877412],[-78.138372412034627,-0.146417700615171],[-78.138391389605715,-0.146427632686436],[-78.138452878298423,-0.146471947642351],[-78.138607741964378,-0.146612537614246],[-78.138979708024124,-0.146857030370845],[-78.139008556099071,-0.146891414834867],[-78.139232481771458,-0.14692119217261]]}},
{"type":"Feature","properties":{"capa_cad":"ACAD-TOP-BASE PRESA POROTOG-Model|C3D-Superficie_ConMen","color":"#B8A15C"},"geometry":{"type":"LineString","coordinates":[[-78.133611691532479,-0.147161776980345],[-78.133567655615579,-0.147065496755763],[-78.133522854332867,-0.146912668180994],[-78.133527398689111,-0.146823259991986],[-78.133468926444124,-0.146599365344359],[-78.133464348346521,-0.146386927124751],[-78.13340209436879,-0.146284535666644],[-78.133343639687681,-0.146218059685731],[-78.133249502654948,-0.14609121849766],[-78.133094624833589,-0.145818428180875],[-78.133044519659094,-0.145751187121211],[-78.133011113341638,-0.14568088749101],[-78.132936713939586,-0.145573912491162],[-78.132929877195849,-0.145527299038108],[-78.132910134368331,-0.145461582866461],[-78.132913168949543,-0.145447063332363],[-78.132833440361523,-0.145200246277137],[-78.132787125167283,-0.145086390597575],[-78.132748408981342,-0.145047422484607],[-78.132752197510612,-0.144987816973968],[-78.13274308064014,-0.14491522209379],[-78.132727892801157,-0.144855618761481],[-78.132675503843586,-0.144730301290232],[-78.132546442146094,-0.144532396735659],[-78.132475080714201,-0.144441469019881],[-78.132437883582469,-0.144410906605835],[-78.132402202214251,-0.144359711499028],[-78.13229288572397,-0.144248155663212],[-78.132264785759318,-0.144116722124819],[-78.132232900960688,-0.144076989105805],[-78.132218474840812,-0.144041074908994],[-78.132192664302636,-0.144017388704586],[-78.13218354885899,-0.143957784710969],[-78.13216380456349,-0.143879841933182],[-78.132157731520863,-0.143874493464693],[-78.132160758492176,-0.143793491386321],[-78.132235892101008,-0.143681914266826],[-78.132237403222035,-0.143620780707807],[-78.132184263496143,-0.143568823490793],[-78.132074190437265,-0.143479428687639],[-78.132004344351955,-0.143364811716902],[-78.131911718671248,-0.143180658202096],[-78.131895015016397,-0.143141687623122],[-78.131842606953896,-0.142851310243294],[-78.131815274954462,-0.142798585903986],[-78.131747695422348,-0.14259226869936],[-78.131752238825555,-0.142497511464065],[-78.1317423552631,-0.142359962564544],[-78.131729445529189,-0.142309529055046],[-78.13172335332726,-0.142138356369816],[-78.131714241149595,-0.142107790759315],[-78.131746869322569,-0.142011501897725],[-78.13173851486853,-0.141969473694256],[-78.131749130738413,-0.141875479911381],[-78.131743054325781,-0.141841093111028],[-78.131748359200955,-0.141767732458811],[-78.131717985003164,-0.141663809321515],[-78.131695959233923,-0.141549951037302],[-78.131755904854856,-0.141381063081664],[-78.131757405097147,-0.141227465342157],[-78.131739930401622,-0.141086096514364],[-78.131704231003255,-0.14088130398873],[-78.131661708836234,-0.140751400641555],[-78.131624494313456,-0.140572589994208],[-78.131556906345125,-0.140297497940705],[-78.131509050027773,-0.139991072732278],[-78.131534069958306,-0.139745772201883],[-78.131537852183698,-0.139634967560194],[-78.131531772825753,-0.139576127439947],[-78.131509755593413,-0.139536393394383],[-78.131507439666194,-0.139207801941825],[-78.131476297339688,-0.13902899064097],[-78.131471735967807,-0.138969386178285],[-78.131470193428669,-0.138763061330709],[-78.131502042580564,-0.138500948289911],[-78.131495952359714,-0.138351172329059],[-78.131510366288509,-0.138283159746075],[-78.131520213522478,-0.138111221024354],[-78.131558137505934,-0.137870503890704],[-78.131579381246013,-0.137788735468205],[-78.131600612929304,-0.137606097016471],[-78.131608201089136,-0.137586227758394],[-78.131615777916451,-0.137471601807556]]}},
{"type":"Feature","properties":{"capa_cad":"ACAD-TOP-BASE PRESA POROTOG-Model|C3D-Superficie_ConMen","color":"#B8A15C"},"geometry":{"type":"LineString","coordinates":[[-78.139411876768577,-0.142505785345801],[-78.139194776155847,-0.142420987691251],[-78.139087741814265,-0.142359866485936],[-78.138935912054563,-0.142203993243729],[-78.138796230066092,-0.14207257210893],[-78.138749159405847,-0.141994632129385],[-78.138661096133262,-0.141886894285735],[-78.13864665813621,-0.141750109266897],[-78.138589697828849,-0.141484184270023],[-78.138074980108811,-0.140830114444256],[-78.137979323256147,-0.140697160004584],[-78.137909469164939,-0.140519880596881],[-78.137822157532028,-0.140349480827505],[-78.137759135906208,-0.14018060653222],[-78.13772345166177,-0.140108014539324],[-78.137675602248663,-0.139863485536354],[-78.1376566175243,-0.139793184076364],[-78.137655078047032,-0.139612075746676],[-78.137680107272132,-0.13944548348315],[-78.137658072191144,-0.139255971727825],[-78.137655767141581,-0.139020607353458],[-78.137633735801344,-0.138863190788913],[-78.137665599340465,-0.138721051159348],[-78.137707333609754,-0.138604127974278],[-78.137722507581273,-0.138543756637432],[-78.137736907570257,-0.138358061348459],[-78.137726275392623,-0.138312976543552],[-78.137652636062427,-0.138222813265648],[-78.137609355747017,-0.138105136175181],[-78.137572907395139,-0.137991279120991],[-78.137537208680172,-0.137798712384077],[-78.137530372593062,-0.137760504669658],[-78.137537197709378,-0.137707011881534],[-78.137531877081003,-0.13764664302879],[-78.137537945880226,-0.137616075457719],[-78.137579680581084,-0.137503737270679]]}},
{"type":"Feature","properties":{"capa_cad":"ACAD-TOP-BASE PRESA POROTOG-Model|C3D-Superficie_ConMen","color":"#B8A15C"},"geometry":{"type":"LineString","coordinates":[[-78.137484169720153,-0.14513552292843],[-78.137463672914279,-0.145115656839668],[-78.13758284609176,-0.145125577381942],[-78.137610934947801,-0.145158433507054],[-78.13763371506974,-0.145232555472749],[-78.137562361828799,-0.145216516067532],[-78.137474307767391,-0.145186723505096],[-78.137484169720153,-0.14513552292843]]}},
{"type":"Feature","properties":{"capa_cad":"ACAD-TOP-BASE PRESA POROTOG-Model|C3D-Superficie_ConMen","color":"#B8A15C"},"geometry":{"type":"LineString","coordinates":[[-78.139411872704542,-0.142470633428738],[-78.139203121646673,-0.142385070629847],[-78.13910367824252,-0.142327005224677],[-78.138825073577053,-0.142066455345575],[-78.138765097858595,-0.141979346821585],[-78.138673998882453,-0.141876194364669],[-78.13866411843091,-0.141766918985856],[-78.138601841604043,-0.141474248606282],[-78.138504667104698,-0.141345115090078],[-78.138456081590803,-0.14129544968375],[-78.138103067307043,-0.140847687052423],[-78.137989189396961,-0.140683403752592],[-78.137922371802929,-0.140508416496688],[-78.137841893480982,-0.140353299334545],[-78.137754575001935,-0.140124822591829],[-78.137738631286553,-0.140095021823018],[-78.137701415787845,-0.139910861054463],[-78.137668002937559,-0.139789361861411],[-78.137665704311814,-0.139607489449789],[-78.137687698299459,-0.139449303428779],[-78.137664904342188,-0.139261320105042],[-78.137670948292623,-0.139020605529507],[-78.137648917949562,-0.138871594843102],[-78.137690646242277,-0.138704236382156],[-78.137725551900175,-0.138611767488641],[-78.13774148447537,-0.138547575204441],[-78.137760434167575,-0.138322906641341],[-78.137673130160053,-0.138218989934217],[-78.13759947623177,-0.138006559323056],[-78.137553902550636,-0.137753624278798],[-78.137559211106563,-0.137713122578449],[-78.137553892490999,-0.137669565483573],[-78.137562235351979,-0.137613015826041],[-78.13759865793331,-0.137511376674471]]}},
{"type":"Feature","properties":{"capa_cad":"ACAD-TOP-BASE PRESA POROTOG-Model|C3D-Superficie_ConMen","color":"#B8A15C"},"geometry":{"type":"LineString","coordinates":[[-78.133586642373658,-0.147158723133316],[-78.133560068724393,-0.147098356844335],[-78.133504636500518,-0.146908085231161],[-78.13351145648636,-0.146804921759406],[-78.133450706646698,-0.146577206533323],[-78.133453732097337,-0.146480921007844],[-78.133449167332344,-0.146387693015676],[-78.133399060546481,-0.146305932717434],[-78.133336809992556,-0.146234107990582],[-78.133232803620103,-0.146092748732871],[-78.133088554543875,-0.145837533069489],[-78.133046040605294,-0.145776404486583],[-78.133027818822441,-0.145736669836758],[-78.132924570787466,-0.145589197232845],[-78.132915455072308,-0.145526536517623],[-78.13289799009803,-0.145466933428455],[-78.132901782958371,-0.145445536298157],[-78.132884319273302,-0.145397395726797],[-78.132879760807597,-0.145360716196871],[-78.132853186308239,-0.145293472477224],[-78.132823571702986,-0.145191841562488],[-78.132784849213422,-0.145097089205739],[-78.132752206327879,-0.145065762072803],[-78.132738540927576,-0.145044366945261],[-78.132741571180432,-0.14499163903084],[-78.132728657480712,-0.144905289569619],[-78.13271802587235,-0.144862497402796],[-78.132667914079207,-0.144737179670648],[-78.132538852123531,-0.144536982614104],[-78.132465972670772,-0.14444681924088],[-78.132428016485264,-0.144416256914317],[-78.132390816748583,-0.144362769480504],[-78.132279222836516,-0.144248921406092],[-78.132251882100533,-0.1441190161162],[-78.132222275248068,-0.144086160340163],[-78.132205571792255,-0.14404871807201],[-78.132178242972259,-0.144023503708532],[-78.13216988640886,-0.143962371293412],[-78.132149383059911,-0.143884428604228],[-78.132142550876196,-0.143878316056331],[-78.132145578894622,-0.143806483985797],[-78.132213123185394,-0.143705606089509],[-78.132218434905042,-0.143691086296003],[-78.132219946638045,-0.143635301908885],[-78.132202485599166,-0.143610850578914],[-78.132053696679918,-0.143485544401965],[-78.131989164849017,-0.143378568487337],[-78.131922352522437,-0.143242554500212],[-78.1318767958834,-0.143125642233265],[-78.131825907331319,-0.142847491354092],[-78.131782629577145,-0.142745862186784],[-78.131736309968716,-0.142595326696446],[-78.131740852403198,-0.142492163625602],[-78.131731729481189,-0.142368369643836],[-78.131720338560811,-0.142324049292655],[-78.131713485629362,-0.142138357525784],[-78.13170437362848,-0.142109320249405],[-78.131739278255125,-0.142006917786051],[-78.13173168276623,-0.141964125326904],[-78.131741540378485,-0.141877009136264],[-78.131736223196668,-0.141844150580927],[-78.131742286239984,-0.141763148170422],[-78.131707355681044,-0.141641649729749],[-78.131686848638282,-0.141533140436798],[-78.1317437592853,-0.141374951176853],[-78.131744501718217,-0.141232051865938],[-78.131724747725897,-0.141072343301825],[-78.131692846357836,-0.140891239505152],[-78.131648046049975,-0.140752930592566],[-78.131615388172577,-0.140593987746232],[-78.131542484507492,-0.140299027987123],[-78.131496146387988,-0.139993366768595],[-78.13152040807455,-0.139754943832851],[-78.131524947824644,-0.139631148266115],[-78.131519628420278,-0.139579949724038],[-78.131496092271007,-0.13953333835897],[-78.131494536840776,-0.139216973488166],[-78.131457315309248,-0.138980850409381],[-78.13145577087063,-0.13875847806231],[-78.131488378983903,-0.138495600766593],[-78.131483808595121,-0.138360343793595],[-78.131496703963151,-0.138288510560463],[-78.131505032090161,-0.138108166189268],[-78.131542195834115,-0.137857514981784],[-78.131558888171071,-0.137800200449978],[-78.131594527527596,-0.137497586057824]]}},
{"type":"Feature","properties":{"capa_cad":"ACAD-TOP-BASE PRESA POROTOG-Model|C3D-Superficie_ConMen","color":"#B8A15C"},"geometry":{"type":"LineString","coordinates":[[-78.138739940702351,-0.147711401463502],[-78.138739940702351,-0.147711401463502]]}},
{"type":"Feature","properties":{"capa_cad":"ACAD-TOP-BASE PRESA POROTOG-Model|C3D-Superficie_ConMen","color":"#B8A15C"},"geometry":{"type":"LineString","coordinates":[[-78.138739940702351,-0.147711401463502],[-78.138733109175348,-0.147711402232465],[-78.138671620256474,-0.147664794684689],[-78.138402887746409,-0.14743251682388],[-78.138314070525823,-0.147366043931222],[-78.138207036422926,-0.14730415813309],[-78.137922361438868,-0.147051249629134],[-78.137867684172122,-0.146826589515275],[-78.137778094138071,-0.146637085252116],[-78.13775759273021,-0.146575953897585],[-78.137729502453567,-0.146530106826843],[-78.137683188791939,-0.146430769861261],[-78.137601195464455,-0.14629628509968],[-78.137535902256005,-0.146169440164175],[-78.137458455262276,-0.145963887034989],[-78.137459209934207,-0.145924914237734],[-78.137485754142062,-0.145722405940973],[-78.137519898292453,-0.145603191387547],[-78.137514582388107,-0.145581031040947],[-78.137538863952571,-0.145507667861],[-78.137559355317222,-0.145479391193539],[-78.137596549231176,-0.145480151106909],[-78.137675496414431,-0.145525992327025],[-78.137830369556511,-0.145750640894952],[-78.137864535256426,-0.145822469073333],[-78.137919208246416,-0.146007392240966],[-78.137935156370517,-0.146077694166266],[-78.137931371387722,-0.146169395132553],[-78.137951873335254,-0.146235111515744],[-78.137970852359317,-0.146258034490051],[-78.138071814197474,-0.146321449211372],[-78.138118882315325,-0.146379520872322],[-78.138238057100466,-0.146403196632889],[-78.138405057882025,-0.146474245590724],[-78.138619134173283,-0.146669085018372],[-78.138935684756902,-0.146876139654528],[-78.138978197167475,-0.146921985147332],[-78.139245389785771,-0.146957106794726]]}},
{"type":"Feature","properties":{"capa_cad":"ACAD-TOP-BASE PRESA POROTOG-Model|C3D-Superficie_ConMen","color":"#B8A15C"},"geometry":{"type":"LineString","coordinates":[[-78.137551726457232,-0.145140864371206],[-78.137551726457232,-0.145140864371206]]}},
{"type":"Feature","properties":{"capa_cad":"ACAD-TOP-BASE PRESA POROTOG-Model|C3D-Superficie_ConMen","color":"#B8A15C"},"geometry":{"type":"LineString","coordinates":[[-78.137551726457232,-0.145140864371206],[-78.13754717159199,-0.145136279868747],[-78.13757601604361,-0.145138569070963],[-78.137588922966316,-0.145164549400114],[-78.137550209812815,-0.145153855450045],[-78.137551726457232,-0.145140864371206]]}},
{"type":"Feature","properties":{"capa_cad":"ACAD-TOP-BASE PRESA POROTOG-Model|C3D-Superficie_ConMen","color":"#B8A15C"},"geometry":{"type":"LineString","coordinates":[[-78.133562352270459,-0.147155669200774],[-78.133562352270459,-0.147155669200774]]}},
{"type":"Feature","properties":{"capa_cad":"ACAD-TOP-BASE PRESA POROTOG-Model|C3D-Superficie_ConMen","color":"#B8A15C"},"geometry":{"type":"LineString","coordinates":[[-78.133562352270459,-0.147155669200774],[-78.133488696430064,-0.146908851200996],[-78.13349703307604,-0.146792696700648],[-78.133434005642727,-0.146561160895675],[-78.133433227263382,-0.146388458992715],[-78.133396785949927,-0.146328858018057],[-78.133327702789941,-0.146247099881826],[-78.13323204748059,-0.146118730529769],[-78.133045283613413,-0.14579474460109],[-78.1329116684946,-0.145603717893105],[-78.13290255140258,-0.145528830494678],[-78.132885846172442,-0.145475340661218],[-78.132889637826551,-0.145443245182991],[-78.132871414224994,-0.145387463021795],[-78.132872929920083,-0.14536606615216],[-78.132844836967053,-0.145295765935674],[-78.132844075669354,-0.145275897662396],[-78.132815221671549,-0.145188021680193],[-78.132781054718507,-0.145103967149536],[-78.132743856901541,-0.145067291365057],[-78.132727913905839,-0.145042075660599],[-78.132730945196172,-0.14499851775811],[-78.132726383864394,-0.144936620703303],[-78.132710436193435,-0.144870139950222],[-78.132662601564704,-0.144744821956927],[-78.132531262100997,-0.144541568492485],[-78.132462178614887,-0.14445751802206],[-78.132415871878081,-0.14441855081531],[-78.132376394718719,-0.144362771142178],[-78.132265560296972,-0.144252743818154],[-78.132240497072232,-0.144125894936055],[-78.132206335199427,-0.144086926347788],[-78.132193427797873,-0.144056361147185],[-78.132163821554926,-0.144028854545059],[-78.132155464817714,-0.143966193796205],[-78.132134202240948,-0.143886722861263],[-78.132127370318884,-0.143882902815087],[-78.132128881537966,-0.143822533429406],[-78.132190354182427,-0.143728533743962],[-78.132198701245514,-0.143706371926689],[-78.1321986959192,-0.143659757723581],[-78.132203249020819,-0.143649058854307],[-78.132169845401521,-0.143603212688431],[-78.132134926295194,-0.143580291717812],[-78.132033203010323,-0.143492424283185],[-78.13198613274588,-0.143414484694443],[-78.131932986370458,-0.143304450799479],[-78.131864651899022,-0.143133285315924],[-78.131811485573166,-0.142849785535663],[-78.13179022723493,-0.142807758827784],[-78.131751502657778,-0.14269619496333],[-78.131725682864698,-0.142592271269295],[-78.131728706046246,-0.142479174206441],[-78.131720343763888,-0.142369135142295],[-78.131711231239521,-0.142335512862273],[-78.131703617931549,-0.142138358681765],[-78.131694506019102,-0.142110085572557],[-78.13173168718771,-0.142002333674453],[-78.131724851106171,-0.141962597794349],[-78.131733950372563,-0.14188159502894],[-78.131728633545023,-0.141851793141585],[-78.131735454313926,-0.141759328138212],[-78.131705079849837,-0.141653112501496],[-78.131678497096118,-0.141516329747236],[-78.131730854751027,-0.141369603528537],[-78.131731597539058,-0.141229760887054],[-78.131711084225998,-0.141067759913602],[-78.131681461712432,-0.140901175021386],[-78.131634383353116,-0.140755224710416],[-78.131597169100104,-0.14057870656781],[-78.131528062759557,-0.140301322200304],[-78.13148400243,-0.140001009881999],[-78.131507504435234,-0.139757237871863],[-78.131512042475862,-0.13961892313728],[-78.131507483924906,-0.139583007841225],[-78.13148774430384,-0.139547094358341],[-78.131483187371842,-0.139524934065452],[-78.131481634015415,-0.139226145034291],[-78.131443655421734,-0.139006833717572],[-78.131442132794504,-0.138968625561708],[-78.131441348222182,-0.138753130627264],[-78.131473957059882,-0.13849636666898],[-78.131472420886638,-0.138344297662829],[-78.131483041183557,-0.138290040540783],[-78.131489090057642,-0.138092120610437],[-78.131523978096169,-0.137853696350345],[-78.131540669976673,-0.137792560985271],[-78.131572518085051,-0.137523570399106]]}},
{"type":"Feature","properties":{"capa_cad":"ACAD-TOP-BASE PRESA POROTOG-Model|C3D-Superficie_ConMen","color":"#B8A15C"},"geometry":{"type":"LineString","coordinates":[[-78.138759674357786,-0.147694587465324],[-78.138750565994499,-0.147697645177391],[-78.138655675952293,-0.147628116242704],[-78.138423381726028,-0.147427165312177],[-78.138304199705189,-0.147338534875612],[-78.138226770914514,-0.147294985849313],[-78.137976257286113,-0.147075697010229],[-78.137938299951117,-0.147035964403867],[-78.137892734451341,-0.146838813414705],[-78.137822124798944,-0.146684458861526],[-78.137787195045817,-0.146567544656016],[-78.137683943222285,-0.146389504543789],[-78.137569300194457,-0.146164087165287],[-78.137485779876002,-0.145950893014926],[-78.137498672501053,-0.145850020994383],[-78.137562409488694,-0.145638338386432],[-78.137551019053888,-0.145597838632562],[-78.137563918205217,-0.145555043588195],[-78.137581374375884,-0.145535937318936],[-78.137648176114368,-0.145577194905956],[-78.137774200652501,-0.145762874047993],[-78.137779517588157,-0.145794204452593],[-78.13779090543629,-0.145811779085786],[-78.137834947141968,-0.145956966558249],[-78.137856206524063,-0.146008163595361],[-78.137848631410549,-0.146145715251499],[-78.137877489602445,-0.146270271852106],[-78.137901024944981,-0.146310770242616],[-78.137926833944775,-0.146319937360225],[-78.137928351203072,-0.146312295476417],[-78.138077137035111,-0.146405507440354],[-78.138250965374823,-0.146441403732342],[-78.138399748328879,-0.146508633908808],[-78.138610030091172,-0.146710351316726],[-78.138907602918096,-0.146905945535635],[-78.138947079177129,-0.146952555544099],[-78.13925829788451,-0.146993785589649]]}},
{"type":"Feature","properties":{"capa_cad":"ACAD-TOP-BASE PRESA POROTOG-Model|C3D-Superficie_ConMen","color":"#B8A15C"},"geometry":{"type":"LineString","coordinates":[[-78.139411868816197,-0.142437009855874],[-78.139219058077117,-0.142352209365549],[-78.139131760315877,-0.142300255912855],[-78.139055087166966,-0.142229196923745],[-78.138885042029528,-0.142090901794504],[-78.138825069146009,-0.142028246759724],[-78.138781036400019,-0.141964825685029],[-78.138692974719447,-0.141870842930086],[-78.138673982636504,-0.141736350959023],[-78.138613985379266,-0.141464312942305],[-78.138520606435975,-0.14133747149175],[-78.138459874653762,-0.1412763449484],[-78.138210867563402,-0.140967649167942],[-78.138092436562715,-0.140814064778394],[-78.138003610690177,-0.140676524500197],[-78.137936792914942,-0.140500008900283],[-78.137850240603782,-0.140331901551288],[-78.137753810821494,-0.140081264935359],[-78.137679387810422,-0.139780954620696],[-78.137679368791325,-0.139619714550461],[-78.137674812732129,-0.139605195847272],[-78.13769604874561,-0.139456179967373],[-78.137672495912511,-0.13926972507505],[-78.137677048358924,-0.139253676938964],[-78.137677025191323,-0.139058049176352],[-78.137683851908818,-0.139017547295323],[-78.137663340677662,-0.138876942305023],[-78.137680794738728,-0.138841024170587],[-78.1377103822838,-0.138708819031314],[-78.137741493563183,-0.138623992303568],[-78.137764254748745,-0.138535345722849],[-78.137780170757821,-0.138332074310233],[-78.137772577176932,-0.138306857583431],[-78.13774372989198,-0.13828087925339],[-78.137692865291598,-0.138215930865327],[-78.137626045068828,-0.138021839525804],[-78.137577432600082,-0.137747508058526],[-78.137581223223847,-0.137708534883204],[-78.137576665860877,-0.137683317796561],[-78.13758880062376,-0.137598493354466],[-78.13761763537741,-0.137519780249392]]}},
{"type":"Feature","properties":{"capa_cad":"ACAD-TOP-BASE PRESA POROTOG-Model|C3D-Superficie_ConMen","color":"#B8A15C"},"geometry":{"type":"LineString","coordinates":[[-78.137750729679539,-0.146294739747443],[-78.13770518397925,-0.146274876483355],[-78.137639141232171,-0.146232854596209],[-78.137582198680207,-0.1461151787596],[-78.137554864784605,-0.146045642323839],[-78.137560177501143,-0.146039528351333],[-78.137653543666204,-0.146057857812232],[-78.137547260452195,-0.145923375851784],[-78.137556363294692,-0.145871411193986],[-78.13755104773945,-0.145852307528883],[-78.137605679743302,-0.14567348530108],[-78.137592771883391,-0.14563909908604],[-78.137591250060822,-0.145606239911468],[-78.137626169906454,-0.145634510242144],[-78.137696015457493,-0.145743014533633],[-78.137700576951815,-0.14580644020303],[-78.13771196746724,-0.145847704135174],[-78.137756000651152,-0.145917238670375],[-78.13777802072488,-0.145982954865947],[-78.137778023046152,-0.146003587483271],[-78.137737802862958,-0.146091471733399],[-78.137742357467701,-0.14609376372745],[-78.137731731688845,-0.146102934989993],[-78.137757553736094,-0.146228256093458],[-78.137750729679539,-0.146294739747443]]}},
{"type":"Feature","properties":{"capa_cad":"ACAD-TOP-BASE PRESA POROTOG-Model|C3D-Superficie_ConMen","color":"#B8A15C"},"geometry":{"type":"LineString","coordinates":[[-78.138778649039594,-0.147678537723694],[-78.13876498640964,-0.147682360120393],[-78.13873386263154,-0.147660966817938],[-78.13862303091652,-0.147578448766241],[-78.138436284527145,-0.147416465456327],[-78.138310270384039,-0.147322486591484],[-78.138241950631425,-0.14728199322283],[-78.137959553063581,-0.147031376972916],[-78.137905635788613,-0.146815122648817],[-78.137867673917611,-0.146734888986654],[-78.137816797447698,-0.146559899585023],[-78.137775800444572,-0.146489600505512],[-78.137806908536717,-0.146371150460602],[-78.137813739114762,-0.146362743802483],[-78.137818293633586,-0.146364271626719],[-78.137950377686394,-0.146435324523952],[-78.138017935648648,-0.146451364441059],[-78.13810143186403,-0.146449826610413],[-78.138222124334249,-0.146469681349028],[-78.138270705428909,-0.14648190257048],[-78.138373183515824,-0.146528505383521],[-78.138612312995619,-0.146761550553705],[-78.138871929895217,-0.146930403072642],[-78.138916720330741,-0.146983890024988],[-78.139271205982268,-0.147030464385378]]}},
{"type":"Feature","properties":{"capa_cad":"ACAD-TOP-BASE PRESA POROTOG-Model|C3D-Superficie_ConMen","color":"#B8A15C"},"geometry":{"type":"LineString","coordinates":[[-78.139411864926871,-0.142403386283025],[-78.139266877007287,-0.142336920316463],[-78.139146937507334,-0.142265866394686],[-78.138901739012283,-0.142071031366315],[-78.138705117878033,-0.141855558068061],[-78.138696759093037,-0.141776849372833],[-78.138671694710396,-0.141643886461992],[-78.138626129154531,-0.141454377278127],[-78.138529713174492,-0.141320658642172],[-78.138464427131069,-0.141260296809108],[-78.138220734513325,-0.140960770457201],[-78.138082564607132,-0.140778149901312],[-78.138015754093956,-0.140663532148554],[-78.137951214027083,-0.140491601303656],[-78.137866180367354,-0.140328078799006],[-78.137765954035928,-0.140066744238333],[-78.13769153264181,-0.139780188998669],[-78.137691514614602,-0.139627354807249],[-78.137683162455716,-0.139605959019326],[-78.137703639592416,-0.139458471571179],[-78.137680087392411,-0.139277365874237],[-78.137686157230661,-0.139255204188361],[-78.137686134425465,-0.139062633107989],[-78.137696755525141,-0.139014489061063],[-78.137677004439055,-0.138883054029312],[-78.137703565286444,-0.138831087208485],[-78.137732394227243,-0.138702703012612],[-78.137759711854045,-0.138631631818435],[-78.137784748849654,-0.138531522396574],[-78.137799148836962,-0.138345827097236],[-78.137783202344181,-0.138293101221592],[-78.137747522447256,-0.138257953665058],[-78.137710322612932,-0.138207522874733],[-78.137654892447429,-0.138048582017658],[-78.137600962924253,-0.137743684350663],[-78.137600197831205,-0.137693249163505],[-78.13761460784535,-0.137592376854305],[-78.137635853672705,-0.137527419745873]]}},
{"type":"Feature","properties":{"capa_cad":"ACAD-TOP-BASE PRESA POROTOG-Model|C3D-Superficie_ConMen","color":"#B8A15C"},"geometry":{"type":"LineString","coordinates":[[-78.133544133927856,-0.147146501237916],[-78.133474274384653,-0.146908852831067],[-78.133481090958597,-0.146775122637087],[-78.133455271054913,-0.146667377853944],[-78.133416544985607,-0.146539766167956],[-78.133416527711859,-0.146385404215468],[-78.133224458646922,-0.146134014751948],[-78.133046046019544,-0.145824547060047],[-78.132899525256278,-0.145618238466386],[-78.132888129279365,-0.145528067974174],[-78.132872942417038,-0.145476870471064],[-78.132878251835606,-0.145441718148826],[-78.132862306173706,-0.145392813237234],[-78.132865339719359,-0.145369123691043],[-78.132835728226297,-0.145295002810166],[-78.132835725810594,-0.145273606114801],[-78.13280687164017,-0.145184201797952],[-78.132775741769038,-0.145107788596624],[-78.132737784897884,-0.145071112899184],[-78.132717286797785,-0.145039020208349],[-78.132715756064059,-0.144927451911156],[-78.132697531056365,-0.144859443085027],[-78.13265577076811,-0.144750936082401],[-78.132528227098334,-0.14455226718665],[-78.132456107048924,-0.144465160395612],[-78.132407523149965,-0.144426193450974],[-78.13236576830748,-0.144365829036081],[-78.132251897670656,-0.144255802062835],[-78.132228352902871,-0.144132009676096],[-78.132194191030663,-0.144093041088043],[-78.132179006380184,-0.144061711983376],[-78.132147881768432,-0.144031913055105],[-78.132140283911326,-0.143967723884942],[-78.13211978073771,-0.143891309532099],[-78.132112189413021,-0.143884432904864],[-78.132113701853243,-0.143834761860887],[-78.13217365612806,-0.143738469851409],[-78.132179726116405,-0.143717072465434],[-78.132178962697026,-0.143678864190771],[-78.132185792349631,-0.143662815887252],[-78.132137205292167,-0.143596338965576],[-78.132090140449122,-0.143565777731463],[-78.132013468307534,-0.143498539908992],[-78.131961842146268,-0.143406845841846],[-78.131850989018091,-0.14313405107165],[-78.131809977917015,-0.142940721585915],[-78.131796304410003,-0.142849023137636],[-78.131748470048677,-0.142727526162958],[-78.131719612811565,-0.142612904485669],[-78.131712773845507,-0.142547951093396],[-78.131716560129831,-0.142470005622257],[-78.131709717717598,-0.142375249720512],[-78.131701364776305,-0.142346212353545],[-78.131693750322142,-0.142139124004647],[-78.131685397463471,-0.142110850806749],[-78.131724096120323,-0.141997749562897],[-78.131717261100007,-0.141967183686397],[-78.131725601755491,-0.141890001845386],[-78.131721044247399,-0.141862492369937],[-78.131729381352983,-0.141754743849917],[-78.131700525793818,-0.141655405537759],[-78.131670146352505,-0.1415063965601],[-78.131717950216881,-0.141364255880336],[-78.131719454014387,-0.141241224823658],[-78.131701219021465,-0.14108915775294],[-78.131672355386641,-0.140921044438049],[-78.131620720656414,-0.140757518828219],[-78.131591100781591,-0.140613858962891],[-78.131515919067624,-0.140311257811073],[-78.131471858382341,-0.140007888828457],[-78.131494600796088,-0.139759531910834],[-78.13149989807043,-0.139622745420837],[-78.131495339429662,-0.139586065958341],[-78.131478636562889,-0.139554737113914],[-78.131470282652899,-0.139518058105682],[-78.131473289480965,-0.139268939373324],[-78.131427711865058,-0.138977797292244],[-78.131426924939916,-0.138742434025097],[-78.131458774812302,-0.13848643432791],[-78.131460277394822,-0.138355761627555],[-78.131467862932396,-0.138313731540509],[-78.131473920361259,-0.138187643290192],[-78.131472388971758,-0.138076075123679],[-78.131505760814321,-0.137853698553005],[-78.13152245232979,-0.137789506521687],[-78.131551267513004,-0.137548026313714]]}},
{"type":"Feature","properties":{"capa_cad":"ACAD-TOP-BASE PRESA POROTOG-Model|C3D-Superficie_ConMen","color":"#B8A15C"},"geometry":{"type":"LineString","coordinates":[[-78.138816598233589,-0.147644909895368],[-78.138795345357025,-0.147651789834217],[-78.138552426837691,-0.147473765220124],[-78.138462090129465,-0.147395065743859],[-78.138268514603894,-0.147254480054759],[-78.137995985716373,-0.147012268572359],[-78.137946622869208,-0.146796777897341],[-78.137894988287584,-0.146630194449104],[-78.137896504178912,-0.146610325828473],[-78.137950392759265,-0.146569818642387],[-78.138003527162368,-0.14657286929483],[-78.13807411562307,-0.146537709404919],[-78.138146226142368,-0.146537701215893],[-78.138291208307862,-0.146556024863465],[-78.138328404558322,-0.146577417438587],[-78.1385918274772,-0.146842555062671],[-78.138804379485279,-0.146982374399021],[-78.138855243408358,-0.147045030724038],[-78.139297022174873,-0.147103821979339]]}},
{"type":"Feature","properties":{"capa_cad":"ACAD-TOP-BASE PRESA POROTOG-Model|C3D-Superficie_ConMen","color":"#B8A15C"},"geometry":{"type":"LineString","coordinates":[[-78.133513769003102,-0.147122051282693],[-78.13349478803201,-0.147080788344769],[-78.133446189434594,-0.146909620173517],[-78.133444660668388,-0.146814099332563],[-78.133449965778652,-0.146739974425497],[-78.13338086453065,-0.146496212632427],[-78.133384648002902,-0.146390757009792],[-78.133212317712605,-0.146169167858241],[-78.13315765633709,-0.146085115600375],[-78.133017203144405,-0.145835248696544],[-78.132875238779405,-0.145647279612015],[-78.132859284947386,-0.145525778765474],[-78.132847894822632,-0.145487571680921],[-78.132855479854072,-0.145438664080588],[-78.132844090071302,-0.145403513667828],[-78.132847881292207,-0.145367597352059],[-78.132819788598766,-0.145299589640088],[-78.132818266693562,-0.145265966435864],[-78.132768912179102,-0.145124601067612],[-78.132725640890655,-0.145078755967292],[-78.132696791722807,-0.145033673384611],[-78.132697538584551,-0.144925925666138],[-78.132668683093073,-0.144825058855098],[-78.132645905053167,-0.144768513070056],[-78.13251684301872,-0.144567551846234],[-78.132441686580606,-0.144478917069721],[-78.132386270500248,-0.144433837572503],[-78.132330851033402,-0.14435895555279],[-78.132275433737604,-0.14430317772313],[-78.13224051438003,-0.144277964227158],[-78.132222292387084,-0.144236701294259],[-78.132205582846623,-0.144145767315094],[-78.132166106900925,-0.144100686002787],[-78.132155477619975,-0.144078526379728],[-78.132120557478004,-0.144046435388236],[-78.132116756285797,-0.143994472456328],[-78.132090178677728,-0.143900482961123],[-78.132082587614818,-0.143895898835579],[-78.13208334248398,-0.14385921872287],[-78.132131912432527,-0.143775918877802],[-78.132140259234362,-0.143751464560356],[-78.13214025521944,-0.143716312868015],[-78.132150879007497,-0.143690329951798],[-78.132075720695553,-0.14358564774978],[-78.13197475830647,-0.14351382774036],[-78.131953500513177,-0.143476386016785],[-78.131827459928303,-0.143147808813966],[-78.131798603870607,-0.143043121289106],[-78.131765942084286,-0.14284749834163],[-78.131734811917426,-0.142769556938851],[-78.131697599198276,-0.14260373705206],[-78.131674014926929,-0.142139126316557],[-78.131666421387095,-0.142113145530913],[-78.131708913897256,-0.141987817173028],[-78.131703596895676,-0.14195648695197],[-78.131715717412433,-0.141746339618766],[-78.131686861055073,-0.141640123805717],[-78.131652683503759,-0.141466661936267],[-78.131692900113748,-0.141352796327922],[-78.131693646546054,-0.141244284535046],[-78.131673892200553,-0.141081519310172],[-78.131649586006588,-0.140940151302426],[-78.131591117388908,-0.140755993998274],[-78.131477960304466,-0.14025929897671],[-78.131446050385847,-0.140006363566368],[-78.131468793518181,-0.139764119988579],[-78.131473328769886,-0.139602116088634],[-78.131449790731764,-0.139539457222953],[-78.131442952406317,-0.1394813813652],[-78.13145127711222,-0.139270470340925],[-78.131438368692599,-0.139232263547274],[-78.131398108692906,-0.138977036675421],[-78.13139807964383,-0.138731739155776],[-78.131436759178641,-0.138460455307501],[-78.131446587162628,-0.138126513245222],[-78.131439745944519,-0.138044748226642],[-78.131473118509774,-0.137828484995709],[-78.131485257983471,-0.137783397686582],[-78.13150724817028,-0.137596174157219]]}},
{"type":"Feature","properties":{"capa_cad":"ACAD-TOP-BASE PRESA POROTOG-Model|C3D-Superficie_ConMen","color":"#B8A15C"},"geometry":{"type":"LineString","coordinates":[[-78.139411857056842,-0.142335374965185],[-78.139222839657521,-0.142233762262939],[-78.139066460029554,-0.142116862321007],[-78.139003454802051,-0.14208783119305],[-78.138916155008246,-0.142018301818738],[-78.138735477016823,-0.141828044314721],[-78.138671674431876,-0.141469655333964],[-78.138663322120394,-0.141446731171276],[-78.138632956940242,-0.141422281264955],[-78.138544133231193,-0.141303080992832],[-78.138487197806455,-0.141251124059277],[-78.138374080396616,-0.141099067318405],[-78.138234395055974,-0.140939372041608],[-78.13812279512311,-0.140781965985397],[-78.138063576976549,-0.140682630751486],[-78.138033966379297,-0.140619972228175],[-78.137979297104252,-0.140474022028815],[-78.137893504292308,-0.140309735440788],[-78.137803147591896,-0.140064447290527],[-78.137787964190764,-0.140045344825111],[-78.137714302928444,-0.139767959542331],[-78.13771504621181,-0.139634229531374],[-78.137701379206476,-0.139600607643181],[-78.137719581336995,-0.139471460568727],[-78.13769527053303,-0.139294175814791],[-78.137704375064757,-0.139259022858164],[-78.13770435515768,-0.13909090524563],[-78.137722562667605,-0.139007608421338],[-78.137705091563845,-0.138899862412836],[-78.137710402609315,-0.13887999332865],[-78.137751382648432,-0.138803571299001],[-78.137773383791739,-0.138706518931387],[-78.137807529031434,-0.13860258755703],[-78.137826496019272,-0.138523111480971],[-78.13783862393025,-0.138380210028827],[-78.137806730215658,-0.138268644906162],[-78.137752070505968,-0.138205225315914],[-78.137706510822753,-0.138069208388223],[-78.137647263510644,-0.137727631146214],[-78.137673808470666,-0.137543462726077]]}},
{"type":"Feature","properties":{"capa_cad":"ACAD-TOP-BASE PRESA POROTOG-Model|C3D-Superficie_ConMen","color":"#B8A15C"},"geometry":{"type":"LineString","coordinates":[[-78.133499345595922,-0.147109826219908],[-78.133472772372045,-0.147053280777182],[-78.133433286351845,-0.14691726331291],[-78.133434023149078,-0.146717815354807],[-78.133361885079353,-0.146468704734459],[-78.133365671715126,-0.146391523331242],[-78.133219153319075,-0.146205847143276],[-78.133132606071811,-0.146072127595197],[-78.133005818527096,-0.145845948343249],[-78.132861577087624,-0.145658743686724],[-78.132845622223741,-0.145528072829091],[-78.132835750811267,-0.145495214745377],[-78.132844094121992,-0.145439429549599],[-78.132834982020142,-0.145408863882999],[-78.132838772637683,-0.145367598393682],[-78.132811439344053,-0.145302647266103],[-78.132810676234641,-0.145266731472234],[-78.132765117770447,-0.145132243178859],[-78.132721087255177,-0.145084869830143],[-78.132686923755884,-0.145031382013072],[-78.132688429931406,-0.14492592671124],[-78.132661852122851,-0.144829644644962],[-78.132642111166945,-0.144780740187019],[-78.132509252996172,-0.144572137724314],[-78.132433337678293,-0.144485031370286],[-78.132375644262339,-0.144438423800534],[-78.132314910722243,-0.144357429054719],[-78.132270121488475,-0.144313112510636],[-78.132231406600013,-0.144285606950119],[-78.132220775409223,-0.144246635643964],[-78.132208628891831,-0.144232117866277],[-78.132193438677518,-0.144151882054716],[-78.132151685309282,-0.144104508503827],[-78.132143333625876,-0.14408616945422],[-78.132106136148352,-0.144052550391379],[-78.132103853674209,-0.144005936455136],[-78.132075757175002,-0.143905069631578],[-78.132067407058216,-0.1439004855938],[-78.132067404530119,-0.143878324745711],[-78.132114455237314,-0.143785090904615],[-78.132121284193005,-0.143762929264957],[-78.132120521997265,-0.143735419333204],[-78.132133422336537,-0.143704086983417],[-78.132043080501461,-0.143578009860707],[-78.13195274618063,-0.143517651128156],[-78.131824427744945,-0.143182960849533],[-78.131781144318111,-0.143031660815682],[-78.131750001780148,-0.142845971865127],[-78.131726463820925,-0.142782548750454],[-78.131696845160704,-0.142647294655506],[-78.13168393139037,-0.142561709466502],[-78.131664147229458,-0.142139127472498],[-78.131656553866378,-0.142114675020888],[-78.131701322829983,-0.14198323306167],[-78.131696766562442,-0.141966421923413],[-78.131702831561043,-0.141902231188896],[-78.131699034169003,-0.141883891627994],[-78.131709644540138,-0.141742519497548],[-78.131691420340886,-0.141682916617935],[-78.131644332582397,-0.141455200415932],[-78.131680754633607,-0.141347448590616],[-78.131681502932693,-0.141254984304177],[-78.131660228879355,-0.141078464255832],[-78.13163516327532,-0.140934039671993],[-78.131577454692717,-0.140758288115938],[-78.131554669784677,-0.140644429953077],[-78.131468856230114,-0.140298272564247],[-78.13143390597962,-0.140010185845508],[-78.131455889879433,-0.139766414027371],[-78.131461944318332,-0.139613579949306],[-78.13143688628341,-0.139534873763455],[-78.131430047867767,-0.139476033739639],[-78.131439891130626,-0.139268943369851],[-78.131421668525107,-0.139223859711872],[-78.131383688396753,-0.138991557572511],[-78.131382899210735,-0.138737090146531],[-78.131425372651947,-0.138454343344079],[-78.13143216332891,-0.138111231650469],[-78.131423803547918,-0.13802564598259],[-78.131456418332505,-0.137820081180723],[-78.131466281831337,-0.137784928315712],[-78.131485997506459,-0.137619865902219]]}},
{"type":"Feature","properties":{"capa_cad":"ACAD-TOP-BASE PRESA POROTOG-Model|C3D-Superficie_ConMen","color":"#B8A15C"},"geometry":{"type":"LineString","coordinates":[[-78.138835572915596,-0.147628860152058],[-78.138835572915596,-0.147628860152058]]}},
{"type":"Feature","properties":{"capa_cad":"ACAD-TOP-BASE PRESA POROTOG-Model|C3D-Superficie_ConMen","color":"#B8A15C"},"geometry":{"type":"LineString","coordinates":[[-78.138835572915596,-0.147628860152058],[-78.138820392252867,-0.14763344689227],[-78.13880824553172,-0.147617400654412],[-78.138630613343565,-0.147505087438989],[-78.138304190681765,-0.147257532710982],[-78.138023310355791,-0.146999274570675],[-78.138009643471193,-0.146964888414163],[-78.137970151274658,-0.146775378438701],[-78.137938258099382,-0.146661520555467],[-78.137972412800792,-0.146635534861578],[-78.138006570582817,-0.146637059328016],[-78.138111314349018,-0.146581262941568],[-78.138153062459693,-0.146580494030837],[-78.13827982671485,-0.146594234723802],[-78.138305636149383,-0.146607222707279],[-78.138591073885777,-0.146891462128367],[-78.138764151771113,-0.147003775760004],[-78.13882412541777,-0.147075601113949],[-78.139309930269704,-0.147140500777553]]}},
{"type":"Feature","properties":{"capa_cad":"ACAD-TOP-BASE PRESA POROTOG-Model|C3D-Superficie_ConMen","color":"#B8A15C"},"geometry":{"type":"LineString","coordinates":[[-78.139411852987635,-0.142300223048119],[-78.139195506905125,-0.142176452573379],[-78.13910668871803,-0.142104630843945],[-78.139004210316187,-0.142057264230365],[-78.138926019931731,-0.141993847161505],[-78.138746101081978,-0.141804353742072],[-78.138705838640647,-0.141526200003161],[-78.138689130903899,-0.141453605669053],[-78.138675465539905,-0.14143373881998],[-78.138635991481706,-0.141407761646238],[-78.138551722833171,-0.141294674208924],[-78.138498583144283,-0.141246537684232],[-78.138481880298414,-0.141215972799055],[-78.13838394699178,-0.141089131922073],[-78.138256408184716,-0.140943190290101],[-78.138137975476582,-0.140775086643312],[-78.138081794186633,-0.140681100246586],[-78.13804383189273,-0.140600866776478],[-78.137993718216705,-0.140465614431501],[-78.137904888453392,-0.140295214834707],[-78.137819846501358,-0.140061388615215],[-78.137797830232046,-0.140030824398831],[-78.13774618992413,-0.139823740215415],[-78.137726447760187,-0.13976719392014],[-78.137726432075979,-0.139634228169513],[-78.137710487176008,-0.139594493185669],[-78.137727931602697,-0.139476808765706],[-78.137717299468392,-0.139431723950738],[-78.137702862012915,-0.139301816614287],[-78.137713484027131,-0.139261314278599],[-78.137713464844651,-0.139099310032494],[-78.137735466284326,-0.13900455018684],[-78.137719513657885,-0.138899860678511],[-78.137774911891839,-0.138790577560047],[-78.137795395827197,-0.138701167083268],[-78.137818918712085,-0.138634681368616],[-78.137848507418227,-0.138512410431564],[-78.137857601372787,-0.138388613619823],[-78.137817355382737,-0.138254888543538],[-78.137771805547686,-0.138201402075481],[-78.137741433398872,-0.138118875278298],[-78.137730801211944,-0.13807379047544],[-78.137670794201952,-0.137726864121419],[-78.13769658065408,-0.137547280815374]]}},
{"type":"Feature","properties":{"capa_cad":"ACAD-TOP-BASE PRESA POROTOG-Model|C3D-Superficie_ConMen","color":"#B8A15C"},"geometry":{"type":"LineString","coordinates":[[-78.139411848120844,-0.14225819358203],[-78.13922283027253,-0.142152760032665],[-78.139140844584219,-0.142089343391835],[-78.139004206770963,-0.142026697356882],[-78.13893512579628,-0.141969392593122],[-78.138761280207305,-0.14178677600601],[-78.138753685716267,-0.141753153346472],[-78.138759753031181,-0.141708830674139],[-78.138724811362138,-0.141494102554827],[-78.138712662156948,-0.141457423749369],[-78.138689886668516,-0.141425331229269],[-78.138633711902671,-0.141387129282254],[-78.13855855337691,-0.141286267514606],[-78.138506931803732,-0.14123813081053],[-78.138487951247981,-0.141202981165607],[-78.138412034461922,-0.141108997055332],[-78.138394572645041,-0.14107919643571],[-78.138266274688164,-0.140932490722137],[-78.138156192688058,-0.140773556139733],[-78.138099252160117,-0.140678041489245],[-78.138054456463763,-0.140581761234271],[-78.138008139329258,-0.140457206833982],[-78.137923865256411,-0.140298269260245],[-78.137838063886065,-0.140061386442998],[-78.137809974255646,-0.140023181240005],[-78.137754537306506,-0.139804634943107],[-78.137737833083946,-0.139762607533671],[-78.137737818300963,-0.139637283491605],[-78.137719596047674,-0.139596020437825],[-78.137735522810843,-0.139482157053657],[-78.137722611607131,-0.139421024920567],[-78.13770969452564,-0.139310221675844],[-78.137722592899138,-0.139262841528075],[-78.137722575165327,-0.139113064016337],[-78.137748369901189,-0.139001491952265],[-78.13773393638678,-0.138905208141079],[-78.137799200102435,-0.138776819558152],[-78.137868243099405,-0.138513936393587],[-78.137877338510322,-0.138402366317035],[-78.137827221127637,-0.138238075588194],[-78.137791540589731,-0.138197578834916],[-78.137760408105748,-0.138104353734165],[-78.137697360300834,-0.137719219189649],[-78.137722388518739,-0.137546513510206]]}},
{"type":"Feature","properties":{"capa_cad":"ACAD-TOP-BASE PRESA POROTOG-Model|C3D-Superficie_ConMen","color":"#B8A15C"},"geometry":{"type":"LineString","coordinates":[[-78.133484163048664,-0.147096837074937],[-78.133484163048664,-0.147096837074937]]}},
{"type":"Feature","properties":{"capa_cad":"ACAD-TOP-BASE PRESA POROTOG-Model|C3D-Superficie_ConMen","color":"#B8A15C"},"geometry":{"type":"LineString","coordinates":[[-78.133484163048664,-0.147096837074937],[-78.133450756626758,-0.14702500904252],[-78.133418104570438,-0.146911151683973],[-78.133418840513229,-0.14670406204769],[-78.133345183989803,-0.146451894931544],[-78.133347454482575,-0.146392289566528],[-78.133213842077083,-0.146224951945697],[-78.133117425491264,-0.146076714329302],[-78.132979250067592,-0.145832196350102],[-78.132847155911236,-0.145666387009252],[-78.132831200015147,-0.145526546140912],[-78.132822847142506,-0.145497508722598],[-78.132832708131488,-0.145437902515527],[-78.132825873969054,-0.145414214098081],[-78.132831182523404,-0.145371420100121],[-78.13280384905768,-0.145304940637556],[-78.132802326376108,-0.145264439924761],[-78.13275980482095,-0.145136064625758],[-78.132713496883497,-0.145086399035231],[-78.132676296648199,-0.145028326561029],[-78.132678561877881,-0.144922871173066],[-78.132653502611007,-0.144830409771229],[-78.132636039424639,-0.144786854224973],[-78.132506217993281,-0.144582836418187],[-78.132429543535352,-0.144494965983625],[-78.132365777165518,-0.144443774108439],[-78.13232478129288,-0.14438264544025],[-78.13229821127031,-0.144355138476798],[-78.132262531816224,-0.144320755058555],[-78.132224576243047,-0.144295541912298],[-78.132210148391181,-0.144244344367545],[-78.132194205994836,-0.144224477856893],[-78.132182053649572,-0.144158760873858],[-78.132135745348634,-0.144106038678316],[-78.132131948859964,-0.144095340775359],[-78.132092474046942,-0.144060193641082],[-78.132089431822408,-0.144007466455548],[-78.132061335672404,-0.143909656301909],[-78.132052226501784,-0.143905072351889],[-78.132052224584058,-0.143888260674254],[-78.132087133306257,-0.143820245757319],[-78.132101550883093,-0.143781271561804],[-78.132100788687822,-0.1437537616305],[-78.132115965665676,-0.143717844014616],[-78.132005885460416,-0.143565787497056],[-78.131934529149731,-0.14351994574157],[-78.131910989298433,-0.143439710927302],[-78.131819116559186,-0.143202065642348],[-78.131762925448797,-0.143017907930028],[-78.13173482070566,-0.142845973634101],[-78.131721912662684,-0.142810059291364],[-78.131676343494718,-0.142584635360275],[-78.131654279532071,-0.142139128628451],[-78.131646686257412,-0.142115440343924],[-78.131693731762752,-0.141978648950354],[-78.131689931718412,-0.141937384381669],[-78.131702812968584,-0.141741756133295],[-78.131635981039466,-0.14143838972754],[-78.131667850099959,-0.141342100942874],[-78.131665559872218,-0.141229768675961],[-78.131625297450142,-0.140950088342875],[-78.131563791996697,-0.140760582233538],[-78.131542526089319,-0.140654365560405],[-78.13145443457266,-0.140301330944006],[-78.131421001802281,-0.140007894880956],[-78.131442227906518,-0.139774821490659],[-78.131449039690111,-0.139607468155406],[-78.131424741338847,-0.139534111047144],[-78.131416383735427,-0.139466101204449],[-78.13142850496871,-0.139265888065295],[-78.131406487006117,-0.139220040695387],[-78.131369266744642,-0.138994615968583],[-78.131368481000763,-0.138769186880744],[-78.131369236069375,-0.138735563454411],[-78.1314139856715,-0.138444410547076],[-78.131410933838438,-0.138312974233863],[-78.131416981624824,-0.13810588431533],[-78.131407102644275,-0.138011128831148],[-78.131448063729593,-0.137778053018578],[-78.131463987789132,-0.137643557738217]]}},
{"type":"Feature","properties":{"capa_cad":"ACAD-TOP-BASE PRESA POROTOG-Model|C3D-Superficie_ConMen","color":"#B8A15C"},"geometry":{"type":"LineString","coordinates":[[-78.138855306571344,-0.147612046150951],[-78.138844680175225,-0.147615868206707],[-78.138823423136188,-0.147585303732386],[-78.138488654705228,-0.147372901773262],[-78.138307982140617,-0.147223144570813],[-78.138052912425849,-0.146988572824219],[-78.138036969390484,-0.146963356978945],[-78.137983047823866,-0.146708894086082],[-78.13799670984217,-0.146699722482698],[-78.138013409033377,-0.146698956417577],[-78.138153826396021,-0.146624051706716],[-78.13820544277786,-0.146627866705325],[-78.138296534124663,-0.146666829107263],[-78.138321585013813,-0.146684402206934],[-78.138401295367174,-0.146766923679698],[-78.138495427060761,-0.1468425659862],[-78.13858576542944,-0.146935784680339],[-78.138733033528098,-0.14703205363352],[-78.138793766570984,-0.147106935588003],[-78.139266667151844,-0.14716954420678],[-78.139296276840966,-0.147226853762101],[-78.139341833237424,-0.147342238596344],[-78.139344873303685,-0.147376625996352],[-78.139382066597008,-0.1473712725932]]}},
{"type":"Feature","properties":{"capa_cad":"ACAD-TOP-BASE PRESA POROTOG-Model|C3D-Superficie_ConMen","color":"#B8A15C"},"geometry":{"type":"LineString","coordinates":[[-78.139411843163998,-0.142215399943849],[-78.139245598933471,-0.142126011337872],[-78.13918183242221,-0.142077875995627],[-78.139004962283465,-0.141996130394152],[-78.138948027396324,-0.141948758436869],[-78.138771145124608,-0.141762321350159],[-78.138780244142083,-0.141679025563405],[-78.138751379472126,-0.141503269479407],[-78.138736193321478,-0.141460477658147],[-78.138712658240109,-0.141423800197126],[-78.138637505591021,-0.141373373745356],[-78.138566142978831,-0.141277860730458],[-78.138524390409586,-0.141240421260892],[-78.138494781255602,-0.141189989442253],[-78.13842493782542,-0.141103646328083],[-78.138404439240205,-0.141069261039018],[-78.138280696165154,-0.140927139813767],[-78.138167577215469,-0.140762092219911],[-78.138115950807403,-0.140672690308193],[-78.138066599687789,-0.140567240538598],[-78.138019523582997,-0.140443450399034],[-78.137937527129509,-0.140288333409274],[-78.137869950152762,-0.140111053761558],[-78.137854003378678,-0.140055271173753],[-78.137819081149189,-0.140007896732735],[-78.13776668177843,-0.139800812637222],[-78.137749217957264,-0.139754200292122],[-78.137749964214947,-0.139645687919936],[-78.137728704378176,-0.139592962664106],[-78.137743113477299,-0.139482920315724],[-78.137728683977656,-0.13942026002212],[-78.137717286095921,-0.139318626646494],[-78.137731701861668,-0.13926513294857],[-78.137731685395408,-0.139126053829414],[-78.137761273518194,-0.138998433717631],[-78.137748359115847,-0.13891055560379],[-78.137822729255703,-0.138763061647007],[-78.137890254499041,-0.138503235343571],[-78.13789707646697,-0.138422996554564],[-78.137839364774266,-0.138227375725784],[-78.137811275723251,-0.138194519765221],[-78.137794570986387,-0.138148671522168],[-78.137768746974359,-0.138014180545082],[-78.137724687012522,-0.137724565072088],[-78.137748955533098,-0.137546510283797]]}},
{"type":"Feature","properties":{"capa_cad":"ACAD-TOP-BASE PRESA POROTOG-Model|C3D-Superficie_ConMen","color":"#B8A15C"},"geometry":{"type":"LineString","coordinates":[[-78.138874281253464,-0.147595996406497],[-78.138874281253464,-0.147595996406497]]}},
{"type":"Feature","properties":{"capa_cad":"ACAD-TOP-BASE PRESA POROTOG-Model|C3D-Superficie_ConMen","color":"#B8A15C"},"geometry":{"type":"LineString","coordinates":[[-78.138874281253464,-0.147595996406497],[-78.138869727071494,-0.147597525263118],[-78.138839359883519,-0.147553970895644],[-78.138527364555912,-0.147353793116895],[-78.138506108112338,-0.147328577856155],[-78.13846815408705,-0.147318647911285],[-78.13844993515427,-0.147304894881569],[-78.138342138910716,-0.147215498998128],[-78.13808327355467,-0.146977870991255],[-78.13806505411246,-0.146959532944094],[-78.138060498398445,-0.146947306720381],[-78.138026322081757,-0.146779957098963],[-78.13802556028871,-0.14675550370731],[-78.138170531406942,-0.146675249286971],[-78.138194822037576,-0.146682124073033],[-78.13823505494301,-0.146707337162841],[-78.138317037248939,-0.146743243919354],[-78.13836030852751,-0.146787560954635],[-78.138508338142415,-0.146905990758669],[-78.138579697912988,-0.146980107317838],[-78.138697360507607,-0.147056511162543],[-78.138762648580283,-0.147137505974484],[-78.139139147225833,-0.147187134578248],[-78.139161164362662,-0.147226869030825],[-78.139202165378308,-0.147333084302253],[-78.13920065585657,-0.147410265842256],[-78.139237849570875,-0.147408733301083],[-78.139319826230917,-0.147393440608908]]}},
{"type":"Feature","properties":{"capa_cad":"ACAD-TOP-BASE PRESA POROTOG-Model|C3D-Superficie_ConMen","color":"#B8A15C"},"geometry":{"type":"LineString","coordinates":[[-78.133469739641612,-0.147084612012771],[-78.133428740966409,-0.146997501477034],[-78.13340520140278,-0.146918030655072],[-78.133402898139565,-0.146684195482314],[-78.133326204623657,-0.146425151203166],[-78.133328478195423,-0.146393055887895],[-78.133212326622811,-0.146248641324456],[-78.133169053131382,-0.146182927798545],[-78.133099208005873,-0.146075188065649],[-78.132967106138324,-0.145840603579605],[-78.132832734648929,-0.145673266163907],[-78.132810703131341,-0.145505151786766],[-78.132821321796428,-0.145433318810746],[-78.132816765573253,-0.14541650764235],[-78.132822832923551,-0.145371421054904],[-78.132795499716821,-0.145307234095803],[-78.132793976345056,-0.145260620041997],[-78.132756010325863,-0.145142942569268],[-78.132708943161632,-0.145091748730379],[-78.132666428681446,-0.145026035189586],[-78.132668693478394,-0.144916758964649],[-78.132632245451646,-0.144798317174214],[-78.132500146426239,-0.14459047879136],[-78.132421194633025,-0.144501080284002],[-78.132358187404932,-0.144450652488809],[-78.132316432565631,-0.144390288075548],[-78.132288344087684,-0.144359724617707],[-78.132256460425992,-0.144329925766042],[-78.132217745885995,-0.144305476874372],[-78.132200280601197,-0.144243581338169],[-78.132180542238984,-0.144217601927407],[-78.132170668621683,-0.144165639692857],[-78.132119045724949,-0.144102219769902],[-78.132078052717546,-0.144066308643881],[-78.132076529123893,-0.144018166286721],[-78.132046914257131,-0.143915007139256],[-78.132037045858382,-0.143908894942693],[-78.132037044812407,-0.143899724936843],[-78.132078023175609,-0.143807255968922],[-78.132082573224594,-0.143769811249897],[-78.132098508907617,-0.143730836878168],[-78.131976281920828,-0.143561970092556],[-78.131914793486914,-0.143517655528487],[-78.131885937284792,-0.143411439652204],[-78.131814563638372,-0.143214292843729],[-78.131813043340273,-0.143195188845022],[-78.131761412078731,-0.143059173123084],[-78.1317424281021,-0.142992692805453],[-78.131720398948644,-0.142848267815449],[-78.131667234850681,-0.142584636423737],[-78.131653549509394,-0.142390539626824],[-78.131644411834756,-0.142139129784382],[-78.131637577790485,-0.142116969744907],[-78.13168614069555,-0.141974064839097],[-78.131684613388344,-0.141894591657565],[-78.131695981042697,-0.141737936101318],[-78.131626869821162,-0.141416229960647],[-78.131655704531184,-0.141335989038906],[-78.131653415903614,-0.141237411777367],[-78.131613912715736,-0.140959259691008],[-78.131550129300834,-0.140762876351093],[-78.131531901215411,-0.140670414322254],[-78.131443050740671,-0.140318143964766],[-78.131408857216854,-0.140010188826518],[-78.131429324268041,-0.139777115529244],[-78.131436135241998,-0.139602884695138],[-78.131412596394398,-0.139533348330826],[-78.131402720323919,-0.13946228200335],[-78.131417119167807,-0.139265889427763],[-78.131389027244111,-0.139207051950917],[-78.131354844911897,-0.138996146031177],[-78.131354064238465,-0.138813510281298],[-78.131355573471609,-0.138738621762501],[-78.131403356110454,-0.1384207226577],[-78.13140334730204,-0.138346598484735],[-78.131397269515247,-0.138301513379363],[-78.13140256052111,-0.138113527723167],[-78.131391162251006,-0.138008838256027],[-78.13142984608416,-0.137774998555404],[-78.131441978071706,-0.137667249573292]]}},
{"type":"Feature","properties":{"capa_cad":"ACAD-TOP-BASE PRESA POROTOG-Model|C3D-Superficie_ConMen","color":"#B8A15C"},"geometry":{"type":"LineString","coordinates":[[-78.139411833422727,-0.1421313410117],[-78.139262289896095,-0.142054177206952],[-78.139005714158813,-0.141934232386004],[-78.138818964027223,-0.141747032283262],[-78.138813644044333,-0.141690484202696],[-78.138821226718122,-0.14162247202556],[-78.138805275730846,-0.141530009128917],[-78.138780218706444,-0.141460472460934],[-78.138743777851332,-0.141408513089032],[-78.138639019699326,-0.141338985844364],[-78.138580563124421,-0.141261047251558],[-78.138543365349136,-0.141227428101263],[-78.138507682123134,-0.14116324191337],[-78.13844846702132,-0.141089888456857],[-78.138424931488601,-0.141049390155212],[-78.13831789000902,-0.14092713540633],[-78.138197937923451,-0.140748333534418],[-78.138162255220294,-0.140688732408111],[-78.138087848918502,-0.140529793623629],[-78.138050643520103,-0.140431219959155],[-78.137964851055429,-0.140269990048885],[-78.137911700575089,-0.140130153062876],[-78.137888919674353,-0.14005221032573],[-78.137842609958966,-0.139991082162565],[-78.137797045615883,-0.139813799917444],[-78.137772748203489,-0.139749612453988],[-78.137772736214615,-0.139647977709447],[-78.137746921219801,-0.139588375458479],[-78.137759055493021,-0.139498201827021],[-78.137742347466315,-0.139424079240274],[-78.137732469146115,-0.139334672417157],[-78.137749919696489,-0.139268951618666],[-78.137749906036404,-0.13915356179817],[-78.137786322238611,-0.138996902365436],[-78.1377764456075,-0.138922014791843],[-78.137870546711582,-0.138736309902616],[-78.137930484102455,-0.138499409635781],[-78.137935791685166,-0.13845050204312],[-78.137863652432145,-0.138209032684578],[-78.137844671433612,-0.138170826425164],[-78.137819604107833,-0.138016466902704],[-78.137778579002529,-0.137715388483291],[-78.137800571448508,-0.137546504015253]]}},
{"type":"Feature","properties":{"capa_cad":"ACAD-TOP-BASE PRESA POROTOG-Model|C3D-Superficie_ConMen","color":"#B8A15C"},"geometry":{"type":"LineString","coordinates":[[-78.133439374717696,-0.147060162060698],[-78.133377875764978,-0.146921090415531],[-78.133377088905249,-0.146671971715417],[-78.133301914097231,-0.146418276446686],[-78.133283693015954,-0.146384655121787],[-78.133187279526879,-0.146263927528441],[-78.133071124267246,-0.146086653777848],[-78.132935226531046,-0.145846720554226],[-78.13280313324222,-0.145688552894556],[-78.132785654849002,-0.145509739654067],[-78.132804615356321,-0.145369130635043],[-78.132779560089773,-0.145311820925364],[-78.132778035941641,-0.145258329363333],[-78.132748421421994,-0.14515746262378],[-78.132692244655146,-0.14509786398472],[-78.132647452321251,-0.145026037365168],[-78.132649716599161,-0.144912176136655],[-78.13262086136767,-0.144813601832782],[-78.132489521400629,-0.144605763362865],[-78.132411329010651,-0.144519421437519],[-78.132337694070543,-0.14446058902417],[-78.13229138403922,-0.144392583462912],[-78.132267850581655,-0.14436813281942],[-78.132204085171793,-0.144325346798139],[-78.13217902630474,-0.144236706283763],[-78.132151696445675,-0.14420232190955],[-78.132147139425086,-0.144178633250773],[-78.132093239455187,-0.144115977758515],[-78.132060597000404,-0.144088471507668],[-78.13204844517179,-0.144027339536716],[-78.132018830742453,-0.143928001227228],[-78.132007443626051,-0.143916540036232],[-78.132043108960843,-0.143827128354665],[-78.132043865747008,-0.143807259920698],[-78.132063595566322,-0.143758350938374],[-78.131923148323565,-0.143563504585147],[-78.131907205920214,-0.143543638088856],[-78.131879877709125,-0.143523772913128],[-78.131834311735901,-0.143325094768165],[-78.13179558676822,-0.143209710046894],[-78.131798620617445,-0.14318907718519],[-78.131718895505927,-0.142975883871604],[-78.131706735630544,-0.142845212739764],[-78.131651297012368,-0.142604506624082],[-78.131634575019461,-0.142406589350165],[-78.13162467652873,-0.142139896263126],[-78.131618601979909,-0.142121556969466],[-78.131670958561259,-0.141964896616775],[-78.131683075358694,-0.141722654279157],[-78.131671685477869,-0.141687503939234],[-78.13161016726724,-0.141387193586417],[-78.131630654518077,-0.141325293654539],[-78.131631408950128,-0.141285556887134],[-78.131594940920181,-0.140998234443471],[-78.131522803909547,-0.140767464585994],[-78.131414207336903,-0.140323496556803],[-78.131384568853903,-0.140021654217933],[-78.131412605486389,-0.139610529171294],[-78.131388306595952,-0.139532587064954],[-78.131373872961859,-0.139434011281581],[-78.13139055229945,-0.139265892606822],[-78.131357904882961,-0.139197121509431],[-78.131328280576284,-0.139017545883536],[-78.131324477444281,-0.138951063837497],[-78.131328248276517,-0.138744738378453],[-78.131380583057464,-0.138408498732079],[-78.131380576246713,-0.138351186228355],[-78.131369179907182,-0.138262544261762],[-78.131372956986155,-0.138109710462004],[-78.131360040518445,-0.138004257014268],[-78.13139871778111,-0.137715397315464]]}},
{"type":"Feature","properties":{"capa_cad":"ACAD-TOP-BASE PRESA POROTOG-Model|C3D-Superficie_ConMen","color":"#B8A15C"},"geometry":{"type":"LineString","coordinates":[[-78.138922098040723,-0.147560839116781],[-78.138875028924403,-0.147493597306817],[-78.138585806436836,-0.147303351197635],[-78.138532665024087,-0.147237638446472],[-78.13842259832407,-0.147208612364816],[-78.138253311282369,-0.147055797223388],[-78.138114388706398,-0.14692208296877],[-78.138117413323954,-0.146818155336434],[-78.138178134129234,-0.146783760747641],[-78.138214570373904,-0.146796747529937],[-78.13826694923435,-0.146831129304013],[-78.138370200451988,-0.147003820344852],[-78.138410422689859,-0.146933512020077],[-78.138523532369362,-0.147022907280616],[-78.138572876625091,-0.147071808676529],[-78.138626014553466,-0.147106190387379],[-78.13870193071574,-0.147198646570764],[-78.138884107500402,-0.147223079478925],[-78.138900050883819,-0.147251352033029],[-78.138915237422125,-0.147299493139793],[-78.138909937118072,-0.147417176192577],[-78.138913739215255,-0.147478309506249],[-78.139004066264661,-0.147469893429384],[-78.139195345507247,-0.147437776632493]]}},
{"type":"Feature","properties":{"capa_cad":"ACAD-TOP-BASE PRESA POROTOG-Model|C3D-Superficie_ConMen","color":"#B8A15C"},"geometry":{"type":"LineString","coordinates":[[-78.138771013475832,-0.147274291760781],[-78.13877405898937,-0.147357586130956],[-78.138768748217345,-0.147381276052662],[-78.138616166050326,-0.147278894279008],[-78.138546323049226,-0.147192550782896],[-78.13843625685827,-0.147168109734039],[-78.138424870301534,-0.147161997649346],[-78.138428664144357,-0.147149006305754],[-78.138464332384189,-0.147081755183401],[-78.138490895844782,-0.147049656976054],[-78.138563013470289,-0.147113075055774],[-78.138590341534524,-0.147130647911607],[-78.138670812810048,-0.147229981123767],[-78.138757346759519,-0.147241433922205],[-78.138771013475832,-0.147274291760781]]}},
{"type":"Feature","properties":{"capa_cad":"ACAD-TOP-BASE PRESA POROTOG-Model|C3D-Superficie_ConMen","color":"#B8A15C"},"geometry":{"type":"LineString","coordinates":[[-78.138163719457751,-0.146850245282912],[-78.138186489835533,-0.146838015962513],[-78.138216094983434,-0.146854824377109],[-78.138371730764703,-0.14711309668469],[-78.138165241929727,-0.146889217845769],[-78.138163719457751,-0.146850245282912]]}},
{"type":"Feature","properties":{"capa_cad":"ACAD-TOP-BASE PRESA POROTOG-Model|C3D-Superficie_ConMen","color":"#B8A15C"},"geometry":{"type":"LineString","coordinates":[[-78.133424951310872,-0.147047936999432],[-78.133361934758966,-0.146913450536509],[-78.133366462477568,-0.146675029590873],[-78.133312548904144,-0.146490107034171],[-78.133276104178364,-0.146399939342899],[-78.133169821266534,-0.146263929511358],[-78.133065812942093,-0.146104994410461],[-78.132917009134388,-0.145845958462099],[-78.132788711980311,-0.145695432048618],[-78.13277275161137,-0.145515854469243],[-78.132794747647623,-0.14536913176344],[-78.132771970148582,-0.145317170967265],[-78.132768167715483,-0.145253745486784],[-78.132740072168247,-0.145160520250603],[-78.132680858838697,-0.145097865289368],[-78.132639862468778,-0.14503215157587],[-78.132639848286388,-0.144906828096015],[-78.132617826448822,-0.144825064694617],[-78.132484208887789,-0.144613405648518],[-78.132402980108324,-0.144525535737612],[-78.132327826887121,-0.144465175164339],[-78.132261779190998,-0.144377303526697],[-78.132197254814614,-0.144335281759832],[-78.132168399287067,-0.144234415007519],[-78.132086408926469,-0.144124384386093],[-78.132053766123917,-0.144093821466488],[-78.132008204161565,-0.143929530789802],[-78.131996057294117,-0.143911956349604],[-78.132046138895802,-0.143772107967823],[-78.131876843154515,-0.143538292439041],[-78.131863938190506,-0.143529123930408],[-78.131835836057732,-0.143379350450331],[-78.131788756072837,-0.143216588343663],[-78.131791788958253,-0.1431875496452],[-78.131712063583677,-0.142972063832175],[-78.131701423045328,-0.142852090861265],[-78.131642187928477,-0.142600686852919],[-78.13162394624112,-0.142389014754319],[-78.131614049336449,-0.142136076673597],[-78.131608734106251,-0.142120029791804],[-78.131663367494156,-0.141960312505694],[-78.131677002752312,-0.141721126658902],[-78.131601056137043,-0.141365797987271],[-78.131617749896037,-0.141319181840384],[-78.131618504594556,-0.141281737574045],[-78.131581277599764,-0.140995179390281],[-78.131509141214153,-0.140769758703342],[-78.131399785501017,-0.14032502660261],[-78.131371664587405,-0.140018599086616],[-78.131400460722077,-0.13961129478763],[-78.131376161561846,-0.139531060181948],[-78.131360969505238,-0.13943783365728],[-78.131375371141885,-0.139265130256698],[-78.131341963769799,-0.139188717584199],[-78.131310059138457,-0.138982396400635],[-78.131314585769772,-0.138748560852984],[-78.131369196712697,-0.138403915102865],[-78.131369190719212,-0.138353480100105],[-78.131354754803624,-0.138236564332493],[-78.131357775100852,-0.138102834793729],[-78.131344858723836,-0.137998145514162],[-78.131376708063343,-0.137739089147708]]}},
{"type":"Feature","properties":{"capa_cad":"ACAD-TOP-BASE PRESA POROTOG-Model|C3D-Superficie_ConMen","color":"#B8A15C"},"geometry":{"type":"LineString","coordinates":[[-78.139411828549797,-0.142089311545624],[-78.139291131291202,-0.142029720311324],[-78.139004192404528,-0.141902901519275],[-78.138932072260815,-0.141820379451416],[-78.138875137370675,-0.141773007505781],[-78.138841734625075,-0.141737095368235],[-78.138837928758974,-0.141646159380011],[-78.138842477864273,-0.141601072711101],[-78.138828047304983,-0.141528478098598],[-78.138799953779326,-0.14145664927263],[-78.138767308571389,-0.141407746138455],[-78.138639776797618,-0.141322173979637],[-78.138587393668075,-0.141252640556816],[-78.138554750687405,-0.141222841725711],[-78.138504642857441,-0.141137260441484],[-78.138461370385102,-0.1410845377292],[-78.138426447194419,-0.141028757346334],[-78.138333070634033,-0.140922548579046],[-78.138208563214093,-0.140735341361376],[-78.138181990905878,-0.140690258408016],[-78.138097714430813,-0.140510688170222],[-78.138062027773927,-0.140417463523395],[-78.137976235216669,-0.140255469441444],[-78.137934474194907,-0.140146197942411],[-78.137904859077679,-0.14004533088495],[-78.137851716672401,-0.139974269312462],[-78.137806911834375,-0.139800807831099],[-78.137784892585273,-0.139745025976428],[-78.137784122530221,-0.139651797202779],[-78.137755270583057,-0.139586081946442],[-78.137767405758908,-0.139503550024384],[-78.137750698274303,-0.139434012462988],[-78.13774006062603,-0.139342313217144],[-78.137759028568794,-0.139270478868238],[-78.137759016266273,-0.139166551611873],[-78.137799225221727,-0.138988494933419],[-78.137790109279408,-0.138927362346192],[-78.137895593527205,-0.138718730951421],[-78.137951737082034,-0.138494057874334],[-78.137954769219874,-0.138459669807058],[-78.137870480852328,-0.138183050042206],[-78.137863643681158,-0.138135672261514],[-78.137805905441837,-0.137718441852812],[-78.137826379407088,-0.137546500880947]]}},
{"type":"Feature","properties":{"capa_cad":"ACAD-TOP-BASE PRESA POROTOG-Model|C3D-Superficie_ConMen","color":"#B8A15C"},"geometry":{"type":"LineString","coordinates":[[-78.138949422113768,-0.14754249591397],[-78.13891298160199,-0.147491300511987],[-78.13913310514971,-0.147459944640404]]}},
{"type":"Feature","properties":{"capa_cad":"ACAD-TOP-BASE PRESA POROTOG-Model|C3D-Superficie_ConMen","color":"#B8A15C"},"geometry":{"type":"LineString","coordinates":[[-78.133409768763997,-0.147034947856104],[-78.133409768763997,-0.147034947856104]]}},
{"type":"Feature","properties":{"capa_cad":"ACAD-TOP-BASE PRESA POROTOG-Model|C3D-Superficie_ConMen","color":"#B8A15C"},"geometry":{"type":"LineString","coordinates":[[-78.133409768763997,-0.147034947856104],[-78.133352066703907,-0.146910394979585],[-78.133356597153607,-0.146696427413331],[-78.133352038811722,-0.146660512031121],[-78.133307238084413,-0.14651303267688],[-78.133262442217386,-0.146409110908899],[-78.133149326273525,-0.146259346831718],[-78.133028615831662,-0.146074431927091],[-78.132903346924635,-0.145852837528441],[-78.132772772265554,-0.145699254705036],[-78.132763642526797,-0.145512034671428],[-78.132782607344325,-0.145409634037974],[-78.132784880025241,-0.145369897059471],[-78.132762102353951,-0.145316407928442],[-78.132759818806463,-0.145259859783547],[-78.132730963773724,-0.145162813796699],[-78.132673268812809,-0.145102451164621],[-78.132632272529875,-0.145037501618936],[-78.132631498688113,-0.14490682905414],[-78.132613273247998,-0.1448349993956],[-78.13247889646162,-0.14462181210153],[-78.132399185965113,-0.144535470350528],[-78.132317200562809,-0.144468997224472],[-78.132258744277323,-0.14438876638603],[-78.132189665403317,-0.14434521680887],[-78.132160809355184,-0.144239765053537],[-78.132075023203598,-0.144125149867367],[-78.132046935334472,-0.144099935592418],[-78.132005929091136,-0.143947871064214],[-78.131984670875127,-0.143906608495944],[-78.132028682225354,-0.143785864996852],[-78.13184799849725,-0.143532946613474],[-78.131822174489372,-0.14339157870822],[-78.131781927041885,-0.143237985813028],[-78.131779646463897,-0.14320818356529],[-78.131786475757139,-0.143189078596742],[-78.131705991154021,-0.142972064539089],[-78.131695350791475,-0.142853619902664],[-78.131661178873756,-0.142727536343559],[-78.131632318998797,-0.142589989668466],[-78.131626232655677,-0.14246925201042],[-78.13161331772713,-0.142373732659402],[-78.131604181639517,-0.142136077829555],[-78.131598866586017,-0.142121559281616],[-78.131655776338661,-0.141954964227791],[-78.131670170560724,-0.141715014126406],[-78.131592704593203,-0.141348987300176],[-78.131605603972218,-0.141310013269433],[-78.131605600772488,-0.141282503262252],[-78.1315698928654,-0.141004350737601],[-78.131493959787335,-0.14076670383275],[-78.131446115219134,-0.140559620300229],[-78.131392198815774,-0.14035788667292],[-78.131380806480053,-0.140302103854186],[-78.131363322445367,-0.140082025916624],[-78.13135951964361,-0.140017836365125],[-78.131389076451072,-0.139624286980878],[-78.131385277674397,-0.139594484931795],[-78.131360978783576,-0.139516542827645],[-78.131345785554501,-0.139413382137387],[-78.13136018998452,-0.139264367906603],[-78.131325263693739,-0.139181077916774],[-78.131295638572112,-0.138994624796491],[-78.131300923172603,-0.138751619160756],[-78.131357809732435,-0.138393982306831],[-78.131357804646839,-0.138351188971578],[-78.131340329699697,-0.138210584403857],[-78.131343354179876,-0.138112006534531],[-78.131328918877799,-0.138000439939382],[-78.131355457489988,-0.137763545053888]]}},
{"type":"Feature","properties":{"capa_cad":"ACAD-TOP-BASE PRESA POROTOG-Model|C3D-Superficie_ConMen","color":"#B8A15C"},"geometry":{"type":"LineString","coordinates":[[-78.139411823586698,-0.142046517907422],[-78.139411823586698,-0.142046517907422]]}},
{"type":"Feature","properties":{"capa_cad":"ACAD-TOP-BASE PRESA POROTOG-Model|C3D-Superficie_ConMen","color":"#B8A15C"},"geometry":{"type":"LineString","coordinates":[[-78.139411823586698,-0.142046517907422],[-78.13912336619849,-0.141916642590192],[-78.139018611588739,-0.141877682151251],[-78.138963192860288,-0.141813498240817],[-78.138867541901206,-0.141730978953804],[-78.138862969151546,-0.141572795939683],[-78.138834873224894,-0.141480334473925],[-78.138816651995825,-0.141447477240638],[-78.138779452347691,-0.141397810472254],[-78.13864053380658,-0.141304597943296],[-78.138594983269925,-0.141244233772222],[-78.138566135936614,-0.14121749117852],[-78.138520582990154,-0.141136494383874],[-78.138474273748997,-0.141079187001398],[-78.138440868763197,-0.141024170609771],[-78.138347492201163,-0.140917961841572],[-78.138230576432278,-0.140739923777178],[-78.138196411843509,-0.14068032246925],[-78.138108339000794,-0.14049158262626],[-78.138076448886949,-0.140409055924719],[-78.13799217498169,-0.140251646687565],[-78.13795117328624,-0.140144667610093],[-78.137921557988548,-0.140042272209012],[-78.137862342220842,-0.139963569649506],[-78.13782057496266,-0.139801570369855],[-78.137796277909501,-0.139740439589474],[-78.137794749066884,-0.139649503418773],[-78.137764378913801,-0.139583024172534],[-78.137774996876928,-0.139508134141659],[-78.137753732066059,-0.139413379482311],[-78.137747652196296,-0.139350718188239],[-78.137768137531594,-0.139272770288854],[-78.1377688850108,-0.139174956308638],[-78.137812128839258,-0.138985436698456],[-78.13780453209975,-0.138933473980444],[-78.137918364168769,-0.138709558155896],[-78.137974506358361,-0.138473422506594],[-78.137891734193644,-0.138180754959546],[-78.137891728723659,-0.138134904694023],[-78.137832471726668,-0.137712325261903],[-78.137852187274675,-0.137545733575532]]}},
{"type":"Feature","properties":{"capa_cad":"ACAD-TOP-BASE PRESA POROTOG-Model|C3D-Superficie_ConMen","color":"#B8A15C"},"geometry":{"type":"LineString","coordinates":[[-78.138976746102131,-0.147523388538416],[-78.138976746102131,-0.147523388538416]]}},
{"type":"Feature","properties":{"capa_cad":"ACAD-TOP-BASE PRESA POROTOG-Model|C3D-Superficie_ConMen","color":"#B8A15C"},"geometry":{"type":"LineString","coordinates":[[-78.138976746102131,-0.147523388538416],[-78.138958525802977,-0.147497408750835],[-78.139070864709979,-0.147481348473822]]}},
{"type":"Feature","properties":{"capa_cad":"ACAD-TOP-BASE PRESA POROTOG-Model|C3D-Superficie_ConMen","color":"#B8A15C"},"geometry":{"type":"LineString","coordinates":[[-78.133395345357314,-0.147022722795457],[-78.133342957874305,-0.146908867672974],[-78.13334444971386,-0.146673503747238],[-78.133304964509293,-0.146545127991305],[-78.133249539567956,-0.146420574892486],[-78.133237391953031,-0.14639612289552],[-78.133125794547936,-0.146250179489765],[-78.13301799026658,-0.146085131485195],[-78.132890443254212,-0.145855131501776],[-78.132767460517883,-0.145713774496346],[-78.132754533442281,-0.14550821487367],[-78.132775012489148,-0.145371426523149],[-78.132752994045134,-0.145319465640992],[-78.132749191784868,-0.145257568496822],[-78.132721855551978,-0.145166635677997],[-78.132664160505357,-0.145105508878594],[-78.132625441731818,-0.145043615742476],[-78.132623908144282,-0.144906829925156],[-78.132607201332419,-0.144839585098029],[-78.132469029016193,-0.144624105738602],[-78.132393873539897,-0.144543876803273],[-78.132306574325369,-0.144473583451862],[-78.132258745927402,-0.144403285564811],[-78.132179798482269,-0.144352095451142],[-78.1321532195972,-0.144246643433961],[-78.132066674044836,-0.144128971666907],[-78.132040104458,-0.144105285551117],[-78.131997579497863,-0.143947872029151],[-78.131972525402318,-0.143901260730125],[-78.132011225555004,-0.143799622025427],[-78.131863186826592,-0.143596370717791],[-78.131832057930183,-0.143529127626239],[-78.131806235059727,-0.14339769389404],[-78.131778137903723,-0.143291477942667],[-78.131772056189149,-0.143210476948292],[-78.131779644098017,-0.143187551056764],[-78.131702956255751,-0.142983527396505],[-78.131689278625501,-0.142855913110964],[-78.131627767493441,-0.142614443540341],[-78.131620162340937,-0.142487592725018],[-78.13160344888388,-0.14236379964404],[-78.131595074497667,-0.142149069733176],[-78.13158975803114,-0.142122324515614],[-78.131648185271629,-0.141950380116833],[-78.13166333854636,-0.141710429927804],[-78.131584353493452,-0.141335997447573],[-78.131592699883655,-0.14130848645672],[-78.131592696950563,-0.141283268950417],[-78.131556229723472,-0.141002824018052],[-78.131480297181497,-0.140769762116811],[-78.131370942098314,-0.140330379194198],[-78.131361063748415,-0.140239444528161],[-78.13134737425132,-0.140013252810191],[-78.131376171283819,-0.139613590186929],[-78.131347315102715,-0.139510431126003],[-78.131332882368639,-0.139419497013271],[-78.131345008827353,-0.1392636055565],[-78.131308563347062,-0.139171145749551],[-78.131281215926705,-0.138989277359086],[-78.131289535833616,-0.138738629695175],[-78.131346422752216,-0.13838404951099],[-78.131326665103643,-0.138196831051226],[-78.131328932349163,-0.138113536608282],[-78.131313738358429,-0.138005026772892],[-78.131336483711507,-0.13778494401695]]}},
{"type":"Feature","properties":{"capa_cad":"ACAD-TOP-BASE PRESA POROTOG-Model|C3D-Superficie_ConMen","color":"#B8A15C"},"geometry":{"type":"LineString","coordinates":[[-78.139004829234537,-0.147505045248167],[-78.139004829234537,-0.147505045248167]]}},
{"type":"Feature","properties":{"capa_cad":"ACAD-TOP-BASE PRESA POROTOG-Model|C3D-Superficie_ConMen","color":"#B8A15C"},"geometry":{"type":"LineString","coordinates":[[-78.139004829234537,-0.147505045248167],[-78.139008624358155,-0.14750351647656]]}},
{"type":"Feature","properties":{"capa_cad":"ACAD-TOP-BASE PRESA POROTOG-Model|C3D-Superficie_ConMen","color":"#B8A15C"},"geometry":{"type":"LineString","coordinates":[[-78.139411818976683,-0.142006780957685],[-78.139227357855134,-0.141921979557688],[-78.139039862654599,-0.141855518665809],[-78.139004182198079,-0.141815021758007],[-78.138891830616785,-0.141721041859115],[-78.138884221987468,-0.141565915886873],[-78.138860682368161,-0.14149026566026],[-78.138835627921864,-0.141442889969842],[-78.138809056158919,-0.141402392006128],[-78.138789318681717,-0.141385582559713],[-78.138641290904388,-0.141287786078524],[-78.13860257287179,-0.141235826987512],[-78.138575243743702,-0.141209848385872],[-78.138529690707102,-0.141128087419368],[-78.138487177113007,-0.141073836273483],[-78.138455290332132,-0.1410195838731],[-78.138350525841986,-0.140895800511185],[-78.138222221425522,-0.140694074489172],[-78.138118204512637,-0.140472477172169],[-78.138093147801541,-0.140405997253516],[-78.138002040578328,-0.140233305404553],[-78.137969390942672,-0.140146957952545],[-78.137940534612483,-0.140043798288122],[-78.13787372682701,-0.139952869895757],[-78.137834997599157,-0.139806153673205],[-78.137807663323926,-0.139736617373472],[-78.137807654129247,-0.139658671927875],[-78.13777348733484,-0.139580730569584],[-78.137783347142886,-0.139513482339147],[-78.13776132336497,-0.139419491940955],[-78.137755243766577,-0.139359123159427],[-78.137777246494451,-0.139275061709502],[-78.137777995240612,-0.139187946122704],[-78.137825032456917,-0.138982378463416],[-78.137818954829612,-0.138938821443785],[-78.137941134447459,-0.138697328675474],[-78.137992724835797,-0.13848259036275],[-78.13791222847766,-0.138178459968571],[-78.137912976502093,-0.1380859951729],[-78.137859797984362,-0.137713850289296],[-78.137877995234433,-0.137545730441135]]}},
{"type":"Feature","properties":{"capa_cad":"ACAD-TOP-BASE PRESA POROTOG-Model|C3D-Superficie_ConMen","color":"#B8A15C"},"geometry":{"type":"LineString","coordinates":[[-78.133364980434237,-0.146998272846535],[-78.13332398133079,-0.146907341481659],[-78.133321678151788,-0.146674270493638],[-78.133203994139336,-0.146401475860681],[-78.133095433128645,-0.146257060449396],[-78.133008126842611,-0.146123340997805],[-78.132866913163383,-0.145860483356543],[-78.132760631692747,-0.145737464472321],[-78.132745444325536,-0.145681681966309],[-78.132736315704065,-0.145504396116437],[-78.132755277417232,-0.145374485450395],[-78.132735536740896,-0.145327873481951],[-78.132731734481183,-0.145265976338701],[-78.132702879449795,-0.145168930354077],[-78.132646703031412,-0.145112388386991],[-78.132610261940542,-0.145055079995789],[-78.132608726883703,-0.144905303332106],[-78.132592020418272,-0.144841115176008],[-78.13246523617228,-0.144645502863433],[-78.132359715493436,-0.144538531561778],[-78.132288358240871,-0.144484283891533],[-78.13224660314556,-0.144421626978722],[-78.132159305759998,-0.144367381157219],[-78.132143354589587,-0.144270333755832],[-78.132126652271225,-0.144242825661303],[-78.132103878216057,-0.144221431605558],[-78.132075787477831,-0.144170999810629],[-78.132027201846086,-0.144116749547832],[-78.131983917572754,-0.143957043613569],[-78.13194975282633,-0.1438928575246],[-78.131974036448156,-0.143839363018487],[-78.131974793583424,-0.143822551254199],[-78.131874582939474,-0.143686541109938],[-78.131804732343085,-0.143532187462067],[-78.131786507096521,-0.143462650378077],[-78.131766001972281,-0.143369424384376],[-78.131756875727433,-0.143215827881195],[-78.131765980779875,-0.143184495976857],[-78.131694608156977,-0.142996519206141],[-78.131686254616824,-0.14296213266658],[-78.131675615483488,-0.142854386369071],[-78.131611067961458,-0.142611388822052],[-78.131608021798741,-0.142525038320451],[-78.131582951967431,-0.142342405368927],[-78.131570781956327,-0.142124619239314],[-78.131629209284782,-0.141953439010452],[-78.131650433837166,-0.141703553942225],[-78.131566890907052,-0.141298555329821],[-78.131534219753959,-0.141024987456351],[-78.131455249933666,-0.140782755916139],[-78.1313443765725,-0.140341844848666],[-78.131323083736277,-0.14000637820062],[-78.131353402382302,-0.139636517905753],[-78.131348843112775,-0.139594489281044],[-78.131316190313015,-0.139479868176342],[-78.131307074825756,-0.13942179259792],[-78.131303274331586,-0.139377471385033],[-78.131313887370084,-0.139261316780494],[-78.131276681483158,-0.139157394567294],[-78.131252371450017,-0.138985459984352],[-78.13126145267357,-0.138753916401492],[-78.131323649064342,-0.138366476419916],[-78.131298575857826,-0.138160918605185],[-78.131299329180081,-0.138112776013927],[-78.131282616719062,-0.138001209698096],[-78.131300813314027,-0.137827741665488]]}},
{"type":"Feature","properties":{"capa_cad":"ACAD-TOP-BASE PRESA POROTOG-Model|C3D-Superficie_ConMen","color":"#B8A15C"},"geometry":{"type":"LineString","coordinates":[[-78.139411806025862,-0.141895211829532],[-78.139344249349975,-0.141891398920284],[-78.139075532459756,-0.141804314949904],[-78.138932055739929,-0.141678243498695],[-78.13892674028645,-0.141660668173914],[-78.138921414073081,-0.141550628063706],[-78.13890698528931,-0.141493316882282],[-78.13885535907805,-0.141405443224542],[-78.138841693978293,-0.14138786888844],[-78.138774131902608,-0.141337441536838],[-78.138642805010122,-0.141253398177318],[-78.138600291952244,-0.14120373205098],[-78.138479578407114,-0.141004297566867],[-78.138386201482504,-0.140895032111143],[-78.138270044048056,-0.140710880582396],[-78.138121230880685,-0.140388417974198],[-78.138033160781873,-0.140223367472707],[-78.138007344821276,-0.140155359312523],[-78.137972413780332,-0.140033096090033],[-78.137895736981605,-0.139931470478202],[-78.137860805020523,-0.139801565563665],[-78.137831193030536,-0.139727444508356],[-78.137831185728757,-0.139665546653232],[-78.137791704086879,-0.139575379192523],[-78.137798529018056,-0.139519593889917],[-78.137774986673378,-0.139421782817168],[-78.137769667759116,-0.13937516902211],[-78.137795464329983,-0.139278880379858],[-78.13779621597142,-0.139216218264574],[-78.137848563969527,-0.138988489003823],[-78.1378470413228,-0.138950280633177],[-78.137966184442419,-0.138706495712223],[-78.138010945950796,-0.138513919183189],[-78.138026122467906,-0.138474944621943],[-78.138023080869246,-0.138429858888594],[-78.13795397601335,-0.138173105723376],[-78.137959280207824,-0.138095923796064],[-78.137955472875149,-0.137995053665343],[-78.137915968891434,-0.137719192673399],[-78.137937961339659,-0.137550308184924]]}},
{"type":"Feature","properties":{"capa_cad":"ACAD-TOP-BASE PRESA POROTOG-Model|C3D-Superficie_ConMen","color":"#B8A15C"},"geometry":{"type":"LineString","coordinates":[[-78.133350557027782,-0.146986047786822],[-78.133314872671846,-0.14690734251112],[-78.133310312035093,-0.146850794593126],[-78.133314089224683,-0.146688790545326],[-78.133184258372026,-0.146398421428188],[-78.133090880769771,-0.146274636827539],[-78.133011925716005,-0.146155435614308],[-78.132881341812833,-0.145919322628153],[-78.132857805195655,-0.14586659773587],[-78.132756078311417,-0.145745870835648],[-78.132736334811582,-0.145674041329118],[-78.132727206361352,-0.145498283815973],[-78.132745409795191,-0.145375250746352],[-78.132726428432264,-0.14533093119431],[-78.132721107459872,-0.145263685051978],[-78.132693771055543,-0.145171223900015],[-78.132635317215403,-0.14511238969147],[-78.132602672088126,-0.145061194206085],[-78.132601136340014,-0.144905304203124],[-78.132585189275318,-0.144844172630401],[-78.132460682800215,-0.144653909228897],[-78.132361235250073,-0.144553050567197],[-78.132279250111921,-0.144488869943902],[-78.132240531754562,-0.144430797685536],[-78.132149438925936,-0.14437502396633],[-78.132137287024293,-0.144313127820374],[-78.132139562361459,-0.144297080046212],[-78.132130450149432,-0.144265750240198],[-78.132095529491508,-0.144229074240457],[-78.132074270935561,-0.144184754995035],[-78.132018852513653,-0.144119043012957],[-78.131977845925519,-0.143963921819322],[-78.131939125810305,-0.143890566251926],[-78.131956579603539,-0.143851591711339],[-78.131957336913402,-0.143836308281517],[-78.131885215803322,-0.143740031573186],[-78.131868512953062,-0.143707938490248],[-78.131788032373208,-0.143525311894998],[-78.131759934354548,-0.143411454272476],[-78.131748526311483,-0.143217357185339],[-78.131759908174629,-0.143182968348716],[-78.13168625760099,-0.14298811434185],[-78.131669543317599,-0.142856679577322],[-78.13160347751321,-0.142612153874924],[-78.13160195139514,-0.142542614867574],[-78.13157916375269,-0.142403539160658],[-78.131571562812042,-0.142313368360595],[-78.13156091443642,-0.142126148729019],[-78.131615547734768,-0.141965667283172],[-78.131644361053716,-0.141700497988328],[-78.131560820256098,-0.14131383938235],[-78.131522075699138,-0.141031866392187],[-78.131440068686047,-0.140781229378988],[-78.131334511563594,-0.14036477102062],[-78.131310938434069,-0.140002558812586],[-78.131341257348666,-0.139634991021664],[-78.131336698079153,-0.139592962397425],[-78.131296450602349,-0.139443190534494],[-78.131289610470475,-0.139369831352019],[-78.13129566936874,-0.139255205627146],[-78.131259981046725,-0.139146698234177],[-78.131237949166746,-0.138983169213728],[-78.131247031204879,-0.138758503133443],[-78.131309228595555,-0.138379468990435],[-78.131284907804826,-0.138118126920847],[-78.131266675599051,-0.137992805790148],[-78.131282598588427,-0.137849140534609]]}},
{"type":"Feature","properties":{"capa_cad":"ACAD-TOP-BASE PRESA POROTOG-Model|C3D-Superficie_ConMen","color":"#B8A15C"},"geometry":{"type":"LineString","coordinates":[[-78.139411802209523,-0.141862352428782],[-78.13935107670747,-0.141855482028936],[-78.139090709813061,-0.141771453770633],[-78.138949511152219,-0.141653023771523],[-78.13893887054995,-0.141534578396327],[-78.138928238748449,-0.141491786030184],[-78.138867502320906,-0.141390922527026],[-78.138777166265086,-0.141321393572693],[-78.138640525517459,-0.141233529985125],[-78.138609399759503,-0.141196089257979],[-78.138544107191066,-0.141079942906452],[-78.138486408323089,-0.14099054167093],[-78.138403659729448,-0.140894265870365],[-78.138285983729475,-0.140706293662352],[-78.138135651994205,-0.14038001037468],[-78.138043785705662,-0.140207318611936],[-78.137991390405134,-0.140034622169017],[-78.137908640333237,-0.1399261197403],[-78.137875227567477,-0.139805384696075],[-78.137844097101407,-0.13972820713697],[-78.137842572044917,-0.139669366146924],[-78.137800812508104,-0.139573085589446],[-78.137806879825703,-0.139529527113801],[-78.137777259329383,-0.139383573993616],[-78.137804573202644,-0.139280407629569],[-78.13780532629147,-0.139229972250319],[-78.137861467496975,-0.138984666597631],[-78.137862222748268,-0.138952571321373],[-78.137976053464371,-0.138717192919867],[-78.138021574305412,-0.138526908811569],[-78.138042063045177,-0.138477999383658],[-78.138039018534656,-0.138408460171571],[-78.137974470207311,-0.138170046560921],[-78.137981290054142,-0.138072231827421],[-78.137976721835571,-0.137956078363753],[-78.137944054025908,-0.137719189266643],[-78.137968323922308,-0.137552597010855]]}},
{"type":"Feature","properties":{"capa_cad":"ACAD-TOP-BASE PRESA POROTOG-Model|C3D-Superficie_ConMen","color":"#B8A15C"},"geometry":{"type":"LineString","coordinates":[[-78.133335374481291,-0.14697305864512],[-78.133335374481291,-0.14697305864512]]}},
{"type":"Feature","properties":{"capa_cad":"ACAD-TOP-BASE PRESA POROTOG-Model|C3D-Superficie_ConMen","color":"#B8A15C"},"geometry":{"type":"LineString","coordinates":[[-78.133335374481291,-0.14697305864512],[-78.133306523579122,-0.146911928462846],[-78.133302724810505,-0.146880598003583],[-78.133303462712178,-0.146691084252422],[-78.133167559508607,-0.146401479994571],[-78.133014206222114,-0.14618523790011],[-78.132873752640606,-0.145931550175972],[-78.132843382987133,-0.145865071043386],[-78.132752284414337,-0.145758097950542],[-78.132727225211667,-0.145665636524429],[-78.13271809719096,-0.145493699850806],[-78.132735542259439,-0.145376780209897],[-78.132718838663791,-0.145337809571053],[-78.132711999065265,-0.1452659785972],[-78.132684662661376,-0.145173517445913],[-78.132626208908221,-0.145115447405246],[-78.132595841203695,-0.145066544161787],[-78.132593545709867,-0.144904540906614],[-78.132578358132378,-0.144847230084755],[-78.132456888482366,-0.144662315507028],[-78.132339981038854,-0.144546939673537],[-78.132270141983,-0.14449345599621],[-78.13223066465892,-0.144436147992812],[-78.132139572091901,-0.144382666775303],[-78.132124382323653,-0.144306251802641],[-78.132125137988169,-0.14427644919379],[-78.132087939994847,-0.144238245122094],[-78.132062125984817,-0.144183992228904],[-78.132012021637252,-0.144124392971401],[-78.13197177427827,-0.143970800025001],[-78.13192773974049,-0.143888275067037],[-78.131940639384538,-0.143850829387713],[-78.131888256730491,-0.143781296242739],[-78.131810054457475,-0.143608603546391],[-78.131773610176722,-0.143523785232983],[-78.13174627164949,-0.143413748358636],[-78.131740177333626,-0.143222707324241],[-78.131753076515665,-0.143181440808803],[-78.131683982019524,-0.143001869611436],[-78.131671830753362,-0.142946086840476],[-78.131663471063916,-0.142858208618645],[-78.131599683917145,-0.142626673488308],[-78.131595121321382,-0.142554842335137],[-78.131570055197656,-0.142404304392372],[-78.13156093429761,-0.142298086267065],[-78.131551805881827,-0.142126913962922],[-78.131601127308059,-0.141979423978324],[-78.131637529039452,-0.141695913789909],[-78.131554749693791,-0.14132988760156],[-78.1315137278024,-0.141046386547655],[-78.13142640599159,-0.140783523495954],[-78.131324646554305,-0.140387697192171],[-78.131298793221731,-0.139999503591301],[-78.131329872898021,-0.139646454880609],[-78.131311642297234,-0.139533360387312],[-78.131283546696054,-0.139443192076529],[-78.131275186834927,-0.139356078076791],[-78.131276691231577,-0.139239924565067],[-78.131244799800612,-0.139145171719028],[-78.131223526883659,-0.138980878443152],[-78.131233368699029,-0.138762325607488],[-78.131294049164325,-0.138393225818669],[-78.131294042171348,-0.138334384985983],[-78.131282643650081,-0.13822740302665],[-78.131251495080548,-0.137997392623451],[-78.1312643838627,-0.137870539403029]]}},
{"type":"Feature","properties":{"capa_cad":"ACAD-TOP-BASE PRESA POROTOG-Model|C3D-Superficie_ConMen","color":"#B8A15C"},"geometry":{"type":"LineString","coordinates":[[-78.13941179856981,-0.141831021372247],[-78.139276681847861,-0.141794357024835],[-78.139109682636288,-0.141740120487131],[-78.138967725622706,-0.141627803954056],[-78.138950251355467,-0.141491019260211],[-78.138882682599032,-0.141383279016321],[-78.138783237128166,-0.141307637764692],[-78.138646596557152,-0.141221302521515],[-78.13862458092467,-0.141196087462396],[-78.138500070744954,-0.140985190852027],[-78.138416562823593,-0.140886622626386],[-78.138302682469117,-0.140701706652067],[-78.138150073107852,-0.140371602774939],[-78.138058966144115,-0.140201203433916],[-78.138006570662,-0.140026978646677],[-78.137920024939476,-0.139915419985735],[-78.137887372130734,-0.139802326560816],[-78.137856241483831,-0.139723620658857],[-78.137854717418861,-0.13967318554993],[-78.137809920929399,-0.139570791986328],[-78.137814471034133,-0.139534875402449],[-78.137784850809297,-0.139391214794214],[-78.137812923560219,-0.139286519996552],[-78.137814436611436,-0.139243726236281],[-78.137875127725948,-0.138960975652007],[-78.137988199024036,-0.138722540655404],[-78.138030685089916,-0.138544483650371],[-78.138058761406995,-0.138470355657031],[-78.138054956199852,-0.138387061453938],[-78.137995723459369,-0.138166987306555],[-78.13800329999161,-0.138049304029022],[-78.137998730218044,-0.137920159653402],[-78.137972897944408,-0.137716893254356],[-78.137998686505782,-0.137554885836869]]}},
{"type":"Feature","properties":{"capa_cad":"ACAD-TOP-BASE PRESA POROTOG-Model|C3D-Superficie_ConMen","color":"#B8A15C"},"geometry":{"type":"LineString","coordinates":[[-78.133320951074964,-0.146960833586009],[-78.133297414920307,-0.146911929492279],[-78.13329437614415,-0.146889004795436],[-78.133289814739243,-0.146825579366554],[-78.133292836114393,-0.14669261379149],[-78.133253355612482,-0.146606267279082],[-78.133151619358017,-0.146401481803124],[-78.13302863374399,-0.14623414300167],[-78.132888939912107,-0.145986568523799],[-78.132835034245886,-0.145872713671447],[-78.132748490431183,-0.145769560897724],[-78.13271811569777,-0.145657995887482],[-78.132709746730526,-0.145486059128587],[-78.132725674637555,-0.145377545505812],[-78.132709730441476,-0.145341631450885],[-78.132703650242846,-0.145272857061134],[-78.132675554267266,-0.14517581099177],[-78.132616341460334,-0.145117741038392],[-78.132588251351308,-0.145072658371923],[-78.132585955166277,-0.144904541777648],[-78.132571526989494,-0.14485028753907],[-78.132453094164461,-0.144670721785103],[-78.13233694603656,-0.14455763836586],[-78.132317209413685,-0.144546942293493],[-78.132308099115463,-0.144532424162069],[-78.132261033854135,-0.144498042048425],[-78.13222838897245,-0.144449139098849],[-78.132127427661572,-0.144386489010343],[-78.13212362752715,-0.144343696083577],[-78.132111477623141,-0.144299375785041],[-78.132114511405675,-0.14427797875328],[-78.132080350498143,-0.144247416003607],[-78.132053017771952,-0.144187814115513],[-78.132006709303809,-0.144133563590247],[-78.131965702631007,-0.143977678230604],[-78.131917112811848,-0.143886747961512],[-78.131923182801842,-0.143865350581232],[-78.131889019622477,-0.143814919505364],[-78.131760706699779,-0.143527607563779],[-78.131735646646604,-0.143429032930664],[-78.131730311912719,-0.143242576811479],[-78.131746244856728,-0.143179913268906],[-78.131675631375913,-0.142992700580254],[-78.131664998831312,-0.142942266801371],[-78.131658158566665,-0.142865850906729],[-78.131591333447332,-0.142619032794238],[-78.13158905091737,-0.142572418881897],[-78.131560946378286,-0.142402777123555],[-78.131551065718867,-0.142290445753293],[-78.131541938273742,-0.142127679285753],[-78.131587465934913,-0.141993180584115],[-78.131614012726786,-0.141819711588748],[-78.131626142171825,-0.141686745125558],[-78.131551717388845,-0.141363511299914],[-78.131507657422191,-0.141063963101216],[-78.13141274329729,-0.140785817612873],[-78.131314022133438,-0.140407566786697],[-78.131301089035063,-0.140158449985998],[-78.131286648009507,-0.139996448370076],[-78.131317728584378,-0.139651041329834],[-78.13130101555069,-0.139533361656388],[-78.131269123241651,-0.139430967133717],[-78.131258485769067,-0.139340032574331],[-78.131258472238059,-0.139225407579273],[-78.131227340220988,-0.139133711310657],[-78.131226576380868,-0.139093210571117],[-78.131209863925207,-0.138980880081419],[-78.131219706283886,-0.138766912248038],[-78.131239425180127,-0.138627831552859],[-78.131264460063562,-0.138510911045905],[-78.131278868371211,-0.138395520146794],[-78.131274299972105,-0.138277074865299],[-78.131235553960948,-0.137988988715783],[-78.13124616913683,-0.137891938270765]]}},
{"type":"Feature","properties":{"capa_cad":"ACAD-TOP-BASE PRESA POROTOG-Model|C3D-Superficie_ConMen","color":"#B8A15C"},"geometry":{"type":"LineString","coordinates":[[-78.139411794396423,-0.141795105283046],[-78.139128655458919,-0.141708787202567],[-78.139047428546689,-0.141643077993479],[-78.138988217535214,-0.141604876382683],[-78.138981383874352,-0.141586537064622],[-78.138976821072546,-0.141513941279003],[-78.138969986431391,-0.141487196071702],[-78.138894067406923,-0.14137410761021],[-78.138794621756233,-0.141296938015286],[-78.138645076211375,-0.141202198411133],[-78.138632170437162,-0.141186916505552],[-78.138510696398313,-0.140975255363626],[-78.138431743539101,-0.14088279996955],[-78.138320899772538,-0.140700940318339],[-78.138225992622296,-0.140488511954792],[-78.138071868870199,-0.140190503499746],[-78.13802326957429,-0.140023919970123],[-78.137930650487959,-0.139904720321538],[-78.137901035169889,-0.139802324928501],[-78.137866108152437,-0.139714449426405],[-78.137866103645081,-0.139676240872677],[-78.137819788769363,-0.139571554976508],[-78.13782282130029,-0.139540223600305],[-78.137792442379549,-0.139399619765951],[-78.137822032433021,-0.139288047246341],[-78.137823546931315,-0.139257480222458],[-78.137889550456606,-0.138966323116001],[-78.138000344402215,-0.138726360048707],[-78.138042071956747,-0.138552888160585],[-78.138075460496751,-0.138468825299889],[-78.138070893773815,-0.138364898564467],[-78.138016217745218,-0.138164692315014],[-78.138025305456765,-0.137988931841799],[-78.138017697343628,-0.137842211894779],[-78.13800098426924,-0.137726824072633],[-78.138029049090051,-0.137557174662949]]}},
{"type":"Feature","properties":{"capa_cad":"ACAD-TOP-BASE PRESA POROTOG-Model|C3D-Superficie_ConMen","color":"#B8A15C"},"geometry":{"type":"LineString","coordinates":[[-78.139411785424301,-0.141717923899868],[-78.139411785424301,-0.141717923899868]]}},
{"type":"Feature","properties":{"capa_cad":"ACAD-TOP-BASE PRESA POROTOG-Model|C3D-Superficie_ConMen","color":"#B8A15C"},"geometry":{"type":"LineString","coordinates":[[-78.139411785424301,-0.141717923899868],[-78.13916280607593,-0.141648413593574],[-78.13904362418387,-0.141565132910846],[-78.139022368676535,-0.141549087809322],[-78.139017049127517,-0.141496360578835],[-78.139001105338323,-0.141465795586859],[-78.138919873702065,-0.141359585297615],[-78.138884195371247,-0.14133742853159],[-78.138815114461082,-0.141280887986982],[-78.138654941115178,-0.141177743752753],[-78.138531188736167,-0.140956148647713],[-78.13846286402881,-0.140875154565549],[-78.138347465193405,-0.140687182079712],[-78.138330758574995,-0.140624522008459],[-78.138301907025024,-0.140561863382114],[-78.138114377368808,-0.14020119683294],[-78.138104503507336,-0.14014923436454],[-78.138049076641238,-0.140016275179758],[-78.138024022785288,-0.139974248752858],[-78.137952660642668,-0.139883320901928],[-78.137926842772885,-0.13979926516076],[-78.137889637860027,-0.139705276560317],[-78.137889635335867,-0.139683879769795],[-78.13783648704576,-0.139563147096528],[-78.13783876268478,-0.139550155916044],[-78.137808384758358,-0.139417957960861],[-78.137810660124657,-0.139402674267304],[-78.137907017935063,-0.139043502298752],[-78.137924465661229,-0.138954092181038],[-78.138025394489105,-0.138736291257688],[-78.138061052219427,-0.138584981063165],[-78.138107341198094,-0.138471113967249],[-78.138103528980565,-0.138328978575549],[-78.138057965284602,-0.138159338068658],[-78.138070087765854,-0.137971350481921],[-78.138057914515429,-0.137734458879233],[-78.138089774261033,-0.137561752315393]]}},
{"type":"Feature","properties":{"capa_cad":"ACAD-TOP-BASE PRESA POROTOG-Model|C3D-Superficie_ConMen","color":"#B8A15C"},"geometry":{"type":"LineString","coordinates":[[-78.133290586152739,-0.146936383640238],[-78.133290586152739,-0.146936383640238]]}},
{"type":"Feature","properties":{"capa_cad":"ACAD-TOP-BASE PRESA POROTOG-Model|C3D-Superficie_ConMen","color":"#B8A15C"},"geometry":{"type":"LineString","coordinates":[[-78.133290586152739,-0.146936383640238],[-78.133279197602874,-0.146911931551118],[-78.133273878508433,-0.146860732896582],[-78.133269317443265,-0.146800364140889],[-78.13327158291915,-0.146695672869493],[-78.133235139320917,-0.146615439358302],[-78.133125052868593,-0.146405305656785],[-78.133014973585759,-0.146259362091576],[-78.132950440059957,-0.146135574240993],[-78.132857818073461,-0.145981222891797],[-78.132804671377002,-0.145866603788619],[-78.132741661519034,-0.145792486705336],[-78.132700655810581,-0.14564347869494],[-78.1326915288207,-0.14548071203664],[-78.132706699051937,-0.145384425184011],[-78.132689995025871,-0.145341633708051],[-78.132683914827382,-0.145272859319489],[-78.132656578338498,-0.145179634002718],[-78.132597365705536,-0.145123092385119],[-78.132573071560202,-0.145084122624448],[-78.132570774425318,-0.144907600189739],[-78.13255786461724,-0.144855638280081],[-78.132445505528509,-0.144687534341098],[-78.132414381617849,-0.144663848728342],[-78.132336189844565,-0.144582855975926],[-78.132298234621089,-0.144560699488737],[-78.132280773513116,-0.14453548397562],[-78.132242817596563,-0.144507214152639],[-78.13221624619014,-0.144467480511762],[-78.132109212535937,-0.144405595288807],[-78.132101615047418,-0.144344462787135],[-78.132086426928765,-0.144282566994073],[-78.132065930558667,-0.144265757678741],[-78.132026450274253,-0.144182468010159],[-78.13199304755102,-0.144144263506755],[-78.131953559336452,-0.143991434641602],[-78.131820694482542,-0.143724755700688],[-78.131723509569639,-0.143497045197676],[-78.131708319400246,-0.143417573596768],[-78.131712869873112,-0.143383949723124],[-78.131709064626321,-0.143296835132995],[-78.131724234927361,-0.143202840835799],[-78.131733340592703,-0.143176858100945],[-78.131665005150921,-0.142997286818567],[-78.131652094655507,-0.142939975803176],[-78.131646014147222,-0.142869673156112],[-78.131576911164714,-0.142616741977024],[-78.131545768215119,-0.142427996403586],[-78.131529808601471,-0.142259117400663],[-78.131522962199725,-0.142129974009228],[-78.131560142746594,-0.142016872960482],[-78.131598066756879,-0.141769278447653],[-78.13160488813925,-0.141682162622505],[-78.131538816942765,-0.14139331532631],[-78.131494757607541,-0.141099116297382],[-78.13138845510413,-0.140798811321174],[-78.131294292470756,-0.140456475794425],[-78.131276035972448,-0.140121772964629],[-78.131262357405959,-0.139988809594535],[-78.131294199460498,-0.139664034970678],[-78.1312797625081,-0.139537185027771],[-78.131235722373873,-0.139409574459874],[-78.131221286747675,-0.1392941870258],[-78.131220515964401,-0.139194845457545],[-78.131194699034822,-0.139117667721484],[-78.131193173701604,-0.139056534576144],[-78.131181019359929,-0.138976298540471],[-78.131191622491329,-0.13877684978651],[-78.13121133984761,-0.138624778262735],[-78.13124168628849,-0.138492573786874],[-78.131247751545175,-0.138432203892601],[-78.131249254122409,-0.138301531216445],[-78.131233296914203,-0.138157869813262],[-78.131204432232636,-0.137984407474974],[-78.131209739684664,-0.137934736004118]]}},
{"type":"Feature","properties":{"capa_cad":"ACAD-TOP-BASE PRESA POROTOG-Model|C3D-Superficie_ConMen","color":"#B8A15C"},"geometry":{"type":"LineString","coordinates":[[-78.139411781602917,-0.141685064499098],[-78.13924402393053,-0.141636177265465],[-78.139164321437178,-0.141624724084299],[-78.139114976668679,-0.14157353038437],[-78.139040583056783,-0.141523103816643],[-78.139036783759636,-0.141488716530854],[-78.13902387727228,-0.141467321242191],[-78.138932776894308,-0.141352706226945],[-78.138882675294198,-0.141320616932344],[-78.138821185680413,-0.141270188865145],[-78.138664807980945,-0.141170100869353],[-78.138538018562485,-0.140941628579308],[-78.138473489502047,-0.140863690733488],[-78.138360368285433,-0.140679538833794],[-78.13834062382216,-0.140603124037524],[-78.138282164527155,-0.140502260361519],[-78.138140186954104,-0.140214948841105],[-78.138132591973644,-0.140177505353878],[-78.138105259779493,-0.140125544965811],[-78.138061221476818,-0.1400155095598],[-78.138016428248022,-0.139940626126893],[-78.137963286101083,-0.13987185706599],[-78.137901023185108,-0.139700690172492],[-78.137900262144072,-0.139683878499113],[-78.137845595377073,-0.13956008932217],[-78.137819012378614,-0.139424834227113],[-78.137830391467887,-0.139367520034318],[-78.137861502709029,-0.139281929144446],[-78.137898680433409,-0.139145902228783],[-78.137943440835471,-0.138943391503991],[-78.138037539958447,-0.138740874822447],[-78.138073197962342,-0.13859185714007],[-78.13812404028856,-0.138469583610018],[-78.138119466645065,-0.138307579855545],[-78.138078458750968,-0.13815016553583],[-78.138092098524638,-0.137955300220736],[-78.138082964428193,-0.137742861724399],[-78.138114824450284,-0.137572447670681],[-78.138113304778059,-0.137559456943936]]}},
{"type":"Feature","properties":{"capa_cad":"ACAD-TOP-BASE PRESA POROTOG-Model|C3D-Superficie_ConMen","color":"#B8A15C"},"geometry":{"type":"LineString","coordinates":[[-78.13327616274664,-0.146924158582045],[-78.133270088944286,-0.14691193258054],[-78.133260969715778,-0.146817176780823],[-78.133260956321649,-0.146697202408461],[-78.133226790400855,-0.146621553647725],[-78.133172885376467,-0.146513047907721],[-78.133110630828114,-0.146405307293026],[-78.133015735123635,-0.146281522871926],[-78.132942850627813,-0.14614550928485],[-78.132886670983879,-0.146059928884615],[-78.132796322635997,-0.145874246416394],[-78.132737867621501,-0.145804713819917],[-78.132691546296769,-0.145635838058337],[-78.132682419736682,-0.145476892239346],[-78.132696831516512,-0.145385954647424],[-78.132681646203125,-0.145348512171287],[-78.132675565918845,-0.14527897361561],[-78.132647469944601,-0.145181927548458],[-78.13258825731225,-0.145125385931169],[-78.132566240762216,-0.145090236747355],[-78.132563183795369,-0.144906836893223],[-78.132551033474428,-0.144858695734284],[-78.132441711210447,-0.144695940619002],[-78.132402996064414,-0.144666142539393],[-78.132329359137472,-0.144589734267868],[-78.132288367784497,-0.144568342297162],[-78.132267869766324,-0.144537013794978],[-78.132233709467855,-0.144511800204638],[-78.132207138235401,-0.144473594898479],[-78.132099345702031,-0.144413238097226],[-78.132089469662006,-0.144339879183337],[-78.132075800955008,-0.144289445723703],[-78.132058341061892,-0.144274928559884],[-78.132017342061673,-0.144186289896663],[-78.131986216761632,-0.144150377632019],[-78.13194748768916,-0.14399831284698],[-78.131714403372541,-0.143518442928112],[-78.131696933856929,-0.14341986741853],[-78.131701483367323,-0.143377837709018],[-78.131698440675876,-0.143321289708736],[-78.131726508933895,-0.143175330561096],[-78.131663488798551,-0.143012570333338],[-78.131646781455444,-0.142941504755639],[-78.131639941981462,-0.142871966364213],[-78.131567801729432,-0.142609865538616],[-78.131536659660327,-0.142428761635052],[-78.13151917938076,-0.142237721973724],[-78.131513094680201,-0.142131503498801],[-78.131544963973454,-0.142036743077866],[-78.131580613837457,-0.141815130509376],[-78.131594261123098,-0.141679871371044],[-78.131535784547154,-0.141426174857186],[-78.131488687226621,-0.141116692850378],[-78.131461353734537,-0.141051741900425],[-78.131383144406115,-0.140821736951326],[-78.13135428654634,-0.140703294525206],[-78.13128138847452,-0.1404557131583],[-78.131273778523237,-0.140289889896967],[-78.131263906262902,-0.140250918570328],[-78.131260848539668,-0.140067518938611],[-78.131250211655669,-0.139981169373734],[-78.131282814830101,-0.139673970495523],[-78.131263821398306,-0.139528781098293],[-78.1312182629771,-0.139399642380734],[-78.131202307710168,-0.139271264298058],[-78.131202297603195,-0.139185677639302],[-78.131177998870257,-0.139109263889396],[-78.131176472361929,-0.13903819657944],[-78.131166597077552,-0.138974007770063],[-78.131177200208555,-0.138774559018619],[-78.131197676345664,-0.138620194905717],[-78.13123181605566,-0.138471178309059],[-78.131234071603785,-0.138289306379952],[-78.131221153335829,-0.138168569610823],[-78.131189251350733,-0.137985937641757],[-78.131191524958396,-0.137956134869735]]}},
{"type":"Feature","properties":{"capa_cad":"ACAD-TOP-BASE PRESA POROTOG-Model|C3D-Superficie_ConMen","color":"#B8A15C"},"geometry":{"type":"LineString","coordinates":[[-78.139411777780595,-0.141652205098344],[-78.139305505996788,-0.141621650746648],[-78.139168114151701,-0.141602562650271],[-78.139077775324751,-0.141509344333494],[-78.139059556495255,-0.141497119733538],[-78.139048167857851,-0.141473431749549],[-78.138945679997562,-0.141345062984333],[-78.138889505661766,-0.141310681892108],[-78.138829534342278,-0.141261781989134],[-78.138673915788459,-0.141162458075625],[-78.138540293145894,-0.140919467335217],[-78.138487910981269,-0.140858339823143],[-78.138373271377574,-0.140671895587696],[-78.138355045746167,-0.140601593981583],[-78.138295827302585,-0.140499966223275],[-78.138259382835443,-0.140417440049895],[-78.138215348591757,-0.1403417923269],[-78.138187254741325,-0.140267671054177],[-78.13811208986246,-0.140113317411699],[-78.138074125640216,-0.140017036362916],[-78.138006555996327,-0.139902418746212],[-78.137974670707308,-0.139861157310325],[-78.137913166936968,-0.139690754496085],[-78.137856221823867,-0.139557031366091],[-78.137829639547334,-0.139427889638252],[-78.13783950151543,-0.13937898150851],[-78.13788882534989,-0.139252887365944],[-78.137924485137148,-0.139118388970521],[-78.137957863295142,-0.138946446454623],[-78.138049685427887,-0.138745458387281],[-78.138083826316731,-0.138604846769859],[-78.138139980321412,-0.138468053344317],[-78.138135404400472,-0.138286945306184],[-78.138099712734302,-0.138153219650589],[-78.138114108279055,-0.137930844075244],[-78.138106497231703,-0.137759670637628],[-78.138139874548457,-0.137582378855156],[-78.138136076329317,-0.137557925835808]]}},
{"type":"Feature","properties":{"capa_cad":"ACAD-TOP-BASE PRESA POROTOG-Model|C3D-Superficie_ConMen","color":"#B8A15C"},"geometry":{"type":"LineString","coordinates":[[-78.133260980285741,-0.146911933609942],[-78.133248820232438,-0.146775913084063],[-78.133251089376571,-0.146704081037238],[-78.133226793048067,-0.146645242854305],[-78.133173647337017,-0.146539029530889],[-78.133096208787819,-0.146405308929241],[-78.133006627237961,-0.146288401416541],[-78.132932224462905,-0.146150859667132],[-78.132869212042195,-0.146053817528738],[-78.13278417802124,-0.145876540302744],[-78.132740147190717,-0.145826110253959],[-78.132731795701162,-0.145809299517698],[-78.132682436783,-0.145628197421854],[-78.132673310566588,-0.145472308274529],[-78.132686204409495,-0.145382899192027],[-78.132671778323058,-0.145346984964634],[-78.132664938984348,-0.145277446496426],[-78.132638361550775,-0.145184221094158],[-78.132578389864648,-0.145127679564136],[-78.132558650823512,-0.145095586789677],[-78.132555593251979,-0.144906837764215],[-78.132542683790263,-0.144857932525238],[-78.1324341212745,-0.144701290663315],[-78.132394646987976,-0.144670728503573],[-78.132326324134809,-0.144600432959976],[-78.132278500861204,-0.144575220938119],[-78.132254206965541,-0.144538543701633],[-78.132224601339189,-0.144516386256544],[-78.132201066844175,-0.144482765604686],[-78.132089478868139,-0.144420880905508],[-78.132079602568098,-0.144345229490643],[-78.132067452490887,-0.144299380859438],[-78.132050751478161,-0.144283335273741],[-78.132003678742706,-0.14418323480425],[-78.131979385885259,-0.144155727590111],[-78.13194141604184,-0.144005191052282],[-78.131703776183357,-0.14351462332543],[-78.131687066333654,-0.143421396897206],[-78.131688575341073,-0.143341923361287],[-78.131719677275115,-0.143173803021264],[-78.131658175686042,-0.143014863452394],[-78.131639949533536,-0.142937684716637],[-78.13163386981573,-0.142874259572289],[-78.131554895529945,-0.142589998707203],[-78.131524512071053,-0.142405073883439],[-78.131508550954123,-0.14222320404838],[-78.131503986126006,-0.142132268732627],[-78.131532061035145,-0.142045150425561],[-78.131568469599941,-0.141820481103372],[-78.131584393869645,-0.141683693365203],[-78.131528954574719,-0.141439166497553],[-78.131483376521814,-0.141139618481068],[-78.131444653489652,-0.141042573871373],[-78.131376315154938,-0.140840841927238],[-78.13137023737616,-0.140794992642963],[-78.131311006125387,-0.140580268814027],[-78.131268484388983,-0.140454186355547],[-78.131261634117749,-0.140293712172421],[-78.131253282650917,-0.140277665664707],[-78.131246445887029,-0.140232580645168],[-78.131246426706213,-0.140069048987366],[-78.131235789553273,-0.139980406923701],[-78.131270670336932,-0.13967702861096],[-78.131253195102417,-0.139532603200545],[-78.13119928448252,-0.139381304650856],[-78.131183327950751,-0.139242228238388],[-78.131183318834815,-0.139165047413482],[-78.131162057759099,-0.139100859966621],[-78.13115977102224,-0.139019858583263],[-78.131152174795361,-0.138971716999703],[-78.131162018872743,-0.138772268341935],[-78.131184012934511,-0.138616375715383],[-78.131216635353908,-0.138474236802597],[-78.131216608562923,-0.138248807653812],[-78.131174069285152,-0.137977533642979]]}},
{"type":"Feature","properties":{"capa_cad":"ACAD-TOP-BASE PRESA POROTOG-Model|C3D-Superficie_ConMen","color":"#B8A15C"},"geometry":{"type":"LineString","coordinates":[[-78.133248074989524,-0.146899708380782],[-78.133248074989524,-0.146899708380782]]}},
{"type":"Feature","properties":{"capa_cad":"ACAD-TOP-BASE PRESA POROTOG-Model|C3D-Superficie_ConMen","color":"#B8A15C"},"geometry":{"type":"LineString","coordinates":[[-78.133248074989524,-0.146899708380782],[-78.133238951751551,-0.146769036688772],[-78.13324046277927,-0.14670561057609],[-78.133230591993424,-0.146678101646631],[-78.133163021167988,-0.146544379910686],[-78.133086341931531,-0.146412951727358],[-78.132996760126417,-0.146293751711624],[-78.132931467807794,-0.146172256450572],[-78.132854790005197,-0.146053819169257],[-78.132772792461125,-0.145878834102576],[-78.132731038794603,-0.145828403794719],[-78.132674087184128,-0.145628198374694],[-78.132664201482683,-0.145468488477356],[-78.132677096359672,-0.145388249406556],[-78.132661910443076,-0.145345457758003],[-78.132656590075925,-0.145283560792404],[-78.132629253157006,-0.145186514639817],[-78.132571558980032,-0.145133029519316],[-78.13255106097121,-0.145101700999407],[-78.132548003487273,-0.144913716142685],[-78.132537371188917,-0.144864810642574],[-78.132430326956367,-0.144709696941104],[-78.132390093615982,-0.144679134868399],[-78.132323289132032,-0.144611131652025],[-78.1322693929921,-0.144582099491658],[-78.132240544078172,-0.144539309440972],[-78.132213215701256,-0.144517915901323],[-78.13219499545292,-0.144491936310793],[-78.132078852980285,-0.144428523801044],[-78.132059103939838,-0.144308551827857],[-78.13204316189443,-0.144291741987482],[-78.131993811302422,-0.144185528443964],[-78.131972555008915,-0.144161077548119],[-78.13193534439452,-0.14401206925751],[-78.131753128481307,-0.143635355985697],[-78.131704539082719,-0.143548246582429],[-78.131693908135389,-0.143511567801746],[-78.131677957864156,-0.143422926287786],[-78.131677951214812,-0.143364849602332],[-78.131712845528753,-0.143171511314513],[-78.131652862661312,-0.143017920738306],[-78.131632358031226,-0.142929279764768],[-78.131627797562203,-0.14287578861346],[-78.131542748559909,-0.142571660121261],[-78.131515403428324,-0.14240507494828],[-78.131497922439166,-0.142207921956511],[-78.131494118606653,-0.142133798222147],[-78.131517640608436,-0.142058907118655],[-78.131557842053155,-0.141813604849668],[-78.131573766853691,-0.141681402113743],[-78.131525922177829,-0.141472026028019],[-78.131475787321534,-0.141151081878569],[-78.131432508901398,-0.141044867805929],[-78.131378597932269,-0.140888984160873],[-78.131360369414281,-0.140792701310353],[-78.131326956696284,-0.140669674426553],[-78.13128974789538,-0.140539770499927],[-78.131256339446352,-0.140453423629431],[-78.131249489712374,-0.14029753444777],[-78.131240379461005,-0.140283780530219],[-78.131228985600728,-0.14021500688717],[-78.131227452346735,-0.140085862910056],[-78.131232004783229,-0.14006981486946],[-78.131226682888013,-0.139997219673333],[-78.131217570748717,-0.139967418259734],[-78.131246396543645,-0.139812289001276],[-78.131259284717288,-0.139678558302493],[-78.131242568986693,-0.139537953635962],[-78.131184103147234,-0.139379013966032],[-78.131178786529205,-0.139351504604386],[-78.131164348822693,-0.139218541345681],[-78.131165100383711,-0.139155115429437],[-78.131145357685241,-0.139093220301553],[-78.131137752513354,-0.138969426229394],[-78.131146838170935,-0.138775326831214],[-78.131169591195473,-0.138618669948988],[-78.131202969764118,-0.138452077615635],[-78.131200666082009,-0.138228941243907],[-78.131160408149171,-0.137992818624656]]}},
{"type":"Feature","properties":{"capa_cad":"ACAD-TOP-BASE PRESA POROTOG-Model|C3D-Superficie_ConMen","color":"#B8A15C"},"geometry":{"type":"LineString","coordinates":[[-78.139411774046266,-0.141620109869697],[-78.139360156359302,-0.141605596687706],[-78.139168111305779,-0.141578109147955],[-78.139064107820587,-0.141471137352153],[-78.138958583100916,-0.141337419741524],[-78.138892540291465,-0.141296926441547],[-78.138834087266375,-0.141249554703105],[-78.138683782743499,-0.141155579363577],[-78.138569141557142,-0.140955379979334],[-78.138548641356309,-0.140907239601144],[-78.1385000549285,-0.140849932496641],[-78.138383896758384,-0.140659667583277],[-78.138369467759915,-0.140600828097004],[-78.138311767790029,-0.140502256842526],[-78.13827304570006,-0.140415910082054],[-78.138228252128542,-0.140337969934616],[-78.138191046708883,-0.140239396264449],[-78.138121197658336,-0.140105674613439],[-78.138083233615006,-0.14001092190659],[-78.137985296255749,-0.139850457645099],[-78.137882034026575,-0.139592944318289],[-78.137847102389586,-0.139466096099905],[-78.137840266174209,-0.139426360023097],[-78.137844059294679,-0.139408019462985],[-78.137884276157948,-0.139296445664194],[-78.137900213747756,-0.13927428279091],[-78.137911595362937,-0.139238365383416],[-78.137977597255642,-0.138933453172396],[-78.138061830897456,-0.138750041952207],[-78.138094454671091,-0.138617836399903],[-78.138156679412347,-0.138466522986957],[-78.138152101851261,-0.138271659863382],[-78.138120206292527,-0.138144811288538],[-78.138136876451782,-0.137901038638043],[-78.138130030309767,-0.137778772065277],[-78.138164924647114,-0.137592310040042],[-78.138158847789441,-0.137555630556328]]}},
{"type":"Feature","properties":{"capa_cad":"ACAD-TOP-BASE PRESA POROTOG-Model|C3D-Superficie_ConMen","color":"#B8A15C"},"geometry":{"type":"LineString","coordinates":[[-78.139411767909351,-0.14156738199406],[-78.139190878439393,-0.14153836951963],[-78.139171901172503,-0.141531494211299],[-78.139067898128033,-0.141428343278816],[-78.138984389396967,-0.141322897427202],[-78.138897850491944,-0.141269415629915],[-78.138859134767543,-0.141237324993497],[-78.138702757506167,-0.141141057857319],[-78.138600263927202,-0.140963782179104],[-78.138560782533759,-0.140875142956952],[-78.13851826910583,-0.140822420162096],[-78.138411980564939,-0.140648201676897],[-78.138399070846063,-0.140599296237603],[-78.13833833419406,-0.140496904484671],[-78.138251022252618,-0.140324212140488],[-78.138220650507847,-0.140243977766611],[-78.13813865392251,-0.140088096593265],[-78.138105245663652,-0.140005570081949],[-78.138008826237126,-0.139843577294246],[-78.13794656466662,-0.139683872962504],[-78.137938970392156,-0.139652542854094],[-78.137919990160512,-0.139620449937083],[-78.137874428195815,-0.139463800313994],[-78.137870627217325,-0.139415657990668],[-78.13791084444378,-0.13930714087389],[-78.137942719172102,-0.139258994270316],[-78.137994302327414,-0.138982358118813],[-78.138013271248312,-0.138918929630555],[-78.138089157432816,-0.138753859518232],[-78.13811646989241,-0.138639230541757],[-78.138189318446067,-0.138462698192403],[-78.138183217483387,-0.138223513311981],[-78.138161953835578,-0.138139457040762],[-78.138180896690741,-0.137858239712291],[-78.138178612022784,-0.137795577942886],[-78.138214266520308,-0.137618285873673],[-78.138205149768908,-0.137551039904825]]}},
{"type":"Feature","properties":{"capa_cad":"ACAD-TOP-BASE PRESA POROTOG-Model|C3D-Superficie_ConMen","color":"#B8A15C"},"geometry":{"type":"LineString","coordinates":[[-78.13322226456765,-0.146876786259168],[-78.133219208987512,-0.146703320478018],[-78.133206301897133,-0.146675047724908],[-78.133065089767456,-0.146425180824002],[-78.132984617734138,-0.146315913956579],[-78.132913252124823,-0.146186777708094],[-78.132833537677982,-0.146064519934533],[-78.132749262286694,-0.145883421788543],[-78.132724969193546,-0.145853622018],[-78.132657387040112,-0.145619794437072],[-78.132646741766422,-0.145455499623495],[-78.132657361203186,-0.145390544165591],[-78.132645212711736,-0.145358450516391],[-78.132635335948564,-0.145278214051328],[-78.13260799963416,-0.145186517073427],[-78.132550305717402,-0.145135324456364],[-78.132536640234591,-0.145113165164177],[-78.132532061875665,-0.144900727124383],[-78.132523708903534,-0.144870925550709],[-78.13242122012484,-0.14472574550349],[-78.132369599932218,-0.144686014730442],[-78.132314941616954,-0.144629472628399],[-78.132249659232414,-0.144596620940292],[-78.132213977531521,-0.14454236916674],[-78.132185889146854,-0.14451256987504],[-78.132059119312657,-0.144443809416912],[-78.132043925727558,-0.144333771093762],[-78.131959652397128,-0.144172541543496],[-78.131923960414966,-0.144028118081314],[-78.131799445862839,-0.143767551512621],[-78.131696952652277,-0.143584163307761],[-78.131671893916959,-0.143497051182525],[-78.13165366044656,-0.143355682418748],[-78.131679460305918,-0.143286140233884],[-78.131699941265097,-0.143168456146718],[-78.131640717627178,-0.143016393817819],[-78.131619453767996,-0.142926224599879],[-78.131611856381653,-0.14286662046796],[-78.131516935719787,-0.142528105626576],[-78.131498705660377,-0.142417303569166],[-78.131477424992227,-0.142181942685422],[-78.13147514253339,-0.142136092945383],[-78.131488041938368,-0.142097118927702],[-78.131543413393842,-0.141756294031377],[-78.131551753059497,-0.141670706365545],[-78.131517578801066,-0.141525518687461],[-78.131462887504497,-0.141186235072739],[-78.131411257274522,-0.14106091781735],[-78.13136114273442,-0.140914967892872],[-78.131345189773597,-0.140804929773567],[-78.13129658956079,-0.140626884689239],[-78.131230531276017,-0.140450370024027],[-78.131225200901966,-0.140305178998203],[-78.131212294936759,-0.140287604698561],[-78.131193305168438,-0.140172981963672],[-78.131192537868586,-0.140102678727704],[-78.131202401077431,-0.140064469224482],[-78.131199355982972,-0.139988817092888],[-78.131181133409413,-0.139943733432743],[-78.131229688653065,-0.139738166829812],[-78.131235753885406,-0.139677032776289],[-78.131219797928651,-0.139542541354903],[-78.131145386925155,-0.13934081026624],[-78.131127150251274,-0.139176516637506],[-78.131127143479375,-0.1391192041466],[-78.131111956815431,-0.139071827639793],[-78.131108907045714,-0.138957203023598],[-78.131117234734589,-0.138772273719892],[-78.131174124652986,-0.138442911088669],[-78.131173340893895,-0.13823505787111],[-78.131134603710251,-0.138021095903922]]}},
{"type":"Feature","properties":{"capa_cad":"ACAD-TOP-BASE PRESA POROTOG-Model|C3D-Superficie_ConMen","color":"#B8A15C"},"geometry":{"type":"LineString","coordinates":[[-78.133209359356783,-0.14686532519874],[-78.133210865357356,-0.146756813179194],[-78.133204786177501,-0.146696444599092],[-78.133035483810872,-0.146399966643741],[-78.132970195438716,-0.146313623090509],[-78.132902625959971,-0.146192128089835],[-78.132838095263779,-0.146093557788843],[-78.132742432170176,-0.145895649248685],[-78.132719656585209,-0.145860500131822],[-78.132647517783667,-0.145606040547052],[-78.132637632596527,-0.145450915658963],[-78.132647493668159,-0.145392073628862],[-78.132636863975421,-0.145366093146788],[-78.132627746353549,-0.14528662076294],[-78.132601168835393,-0.145192631195934],[-78.132538919902359,-0.145135325760564],[-78.132529050382331,-0.145119279373663],[-78.132524471245972,-0.144899963827925],[-78.132517636815194,-0.14487398291761],[-78.13241818494744,-0.144734915861293],[-78.13236504656021,-0.144694421094999],[-78.13231190661395,-0.144640171320262],[-78.132240551363381,-0.144603499493472],[-78.132201073785467,-0.144543898985908],[-78.1321798177554,-0.144521740580861],[-78.132048493338104,-0.144450688144871],[-78.132034058547191,-0.144338357233719],[-78.131952821520812,-0.144177891501305],[-78.131917888767589,-0.144034996286309],[-78.131821465662881,-0.143830974827253],[-78.131692400077185,-0.143599447173952],[-78.131661266640691,-0.143492467413265],[-78.131642274116302,-0.143351098738989],[-78.131677179729479,-0.143256337988711],[-78.131693109606474,-0.143166928606955],[-78.131635404514782,-0.143018686936806],[-78.131603506001099,-0.142859743938911],[-78.131504788837319,-0.142510531208683],[-78.131489597105968,-0.142418068800684],[-78.131466796477056,-0.142166660594343],[-78.131465274925972,-0.142136858268033],[-78.131473621688201,-0.142112403953125],[-78.13152216671314,-0.141815137372498],[-78.131541126132475,-0.141669179281094],[-78.131511508413396,-0.141543095238532],[-78.131456817122356,-0.14120381162475],[-78.131390760605797,-0.141041816069335],[-78.131355832123248,-0.1409386576886],[-78.131336081043727,-0.140804166684487],[-78.131300390185601,-0.140672734239324],[-78.131285962367301,-0.140623065114814],[-78.131217627191063,-0.140448843221375],[-78.13121381599781,-0.140312822016193],[-78.13119787301396,-0.140288370577835],[-78.131176604562754,-0.140160757283186],[-78.131175839055459,-0.14010573737983],[-78.131187219743026,-0.140062178530522],[-78.131184933970957,-0.139988818809342],[-78.131165192842346,-0.139939914497649],[-78.131206921729145,-0.139777906208222],[-78.131224368266132,-0.139678562467757],[-78.131207652896379,-0.139541014471928],[-78.131128686852975,-0.139333170597762],[-78.13110817049089,-0.139147480581278],[-78.131108165433758,-0.139104687255452],[-78.131095255838659,-0.139056546310221],[-78.131093726524824,-0.138961789843284],[-78.131102811728411,-0.138763869619933],[-78.131159700554619,-0.138425336993689],[-78.131158158102934,-0.13822054053658],[-78.131122460589395,-0.138035616534685]]}},
{"type":"Feature","properties":{"capa_cad":"ACAD-TOP-BASE PRESA POROTOG-Model|C3D-Superficie_ConMen","color":"#B8A15C"},"geometry":{"type":"LineString","coordinates":[[-78.139411765240382,-0.141544456830728],[-78.139176453032874,-0.141510096859185],[-78.139068654604245,-0.14140618220464],[-78.138997292589693,-0.141316018355691],[-78.138903921622401,-0.141257952335449],[-78.138864446839065,-0.141225861789032],[-78.138741471086675,-0.141154808366463],[-78.138708828545148,-0.14112883039253],[-78.138613167917356,-0.140963780650245],[-78.138569130743818,-0.14086291522231],[-78.138537245739357,-0.14082394625452],[-78.138423365093473,-0.140636737753119],[-78.138414251918462,-0.140598530262763],[-78.138349719258159,-0.14049002558855],[-78.138267722156627,-0.140329559352232],[-78.138239628303964,-0.140255438076464],[-78.138143206292114,-0.140071284282524],[-78.138115872204153,-0.140003276300453],[-78.138022489818098,-0.139848160689432],[-78.137959468738828,-0.13968463559062],[-78.137945040148651,-0.139629616993992],[-78.137931374493249,-0.139607457665966],[-78.137904796914654,-0.139518052825741],[-78.137894165050838,-0.139475260516754],[-78.137890361543413,-0.139405721402003],[-78.137927543442672,-0.139304846358214],[-78.137961694801945,-0.139252114453865],[-78.138017829765133,-0.138954080957023],[-78.138039835006651,-0.138891416272963],[-78.138099026455464,-0.138764556727407],[-78.13812482170907,-0.138657569645591],[-78.138206017537712,-0.13846116783488],[-78.138199155146907,-0.138202114588948],[-78.138183206087888,-0.138127991900995],[-78.13820214491902,-0.137813151029819],[-78.138239315979661,-0.137622867860655],[-78.138228680288279,-0.137548744532799]]}},
{"type":"Feature","properties":{"capa_cad":"ACAD-TOP-BASE PRESA POROTOG-Model|C3D-Superficie_ConMen","color":"#B8A15C"},"geometry":{"type":"LineString","coordinates":[[-78.139411762570958,-0.141521531667412],[-78.139200741040767,-0.141494046381011],[-78.139176450184976,-0.141485643356688],[-78.139066374400443,-0.141380200629709],[-78.139010195693388,-0.141308375112177],[-78.138903160691768,-0.14124190481804],[-78.138863686086395,-0.14121134261568],[-78.138741469480834,-0.141141053276556],[-78.138718695500273,-0.141121951679981],[-78.138622275723023,-0.140956137855232],[-78.138575201242688,-0.140846102728222],[-78.138543315969201,-0.140804841246125],[-78.138436268185998,-0.140629094506077],[-78.138428673932964,-0.140597764378068],[-78.138368696606108,-0.140497665046651],[-78.138279866456458,-0.140324208707242],[-78.138256328477439,-0.140263077801171],[-78.13815079552252,-0.140059820808421],[-78.138129535516015,-0.140005567184161],[-78.13803539398117,-0.139849687490621],[-78.137970854244799,-0.139681577544574],[-78.137926052968297,-0.139538682901357],[-78.137913139597714,-0.139459210650966],[-78.137910096140772,-0.139398077326298],[-78.13791464795726,-0.139376679989564],[-78.137939689270596,-0.13931248661318],[-78.137967010557631,-0.139271982266179],[-78.137978393077844,-0.13924370656803],[-78.13802390612463,-0.13898693958775],[-78.13805122168985,-0.138898292444299],[-78.138115724910975,-0.138757677175802],[-78.13813545006326,-0.138670559276558],[-78.138221957571702,-0.138459637568879],[-78.138216614116388,-0.138207461677602],[-78.138203701562503,-0.138135631135135],[-78.138224158694385,-0.137822318417005],[-78.138264366080236,-0.137632799047193],[-78.138251451750236,-0.137546449252859]]}},
{"type":"Feature","properties":{"capa_cad":"ACAD-TOP-BASE PRESA POROTOG-Model|C3D-Superficie_ConMen","color":"#B8A15C"},"geometry":{"type":"LineString","coordinates":[[-78.13319645414596,-0.146853864138565],[-78.133197196568076,-0.146704851305629],[-78.133024098503569,-0.146404552942426],[-78.132967161017504,-0.146329670958575],[-78.132895036527614,-0.146202063132863],[-78.132835060931654,-0.146110369823304],[-78.132719658989913,-0.145881896824993],[-78.132638408356129,-0.145599164078642],[-78.1326285244606,-0.145455501705148],[-78.132637626047028,-0.145392838924529],[-78.132626236437844,-0.145359216853969],[-78.132616360020052,-0.145282037060397],[-78.132592060441908,-0.145194924741435],[-78.132531329963598,-0.145140675802431],[-78.132521460443698,-0.145124629415587],[-78.132516880702852,-0.144899964698951],[-78.132510805672567,-0.144877040371582],[-78.132414390629108,-0.144743322138832],[-78.132359734047284,-0.14470206337937],[-78.132308871610832,-0.144650870012068],[-78.132230684440273,-0.14461037813383],[-78.132173746363918,-0.144530911286566],[-78.132039385558357,-0.144458330865077],[-78.132024191540637,-0.144344471707897],[-78.131945990731481,-0.144184005626155],[-78.131912576435283,-0.144044166904791],[-78.131845004003466,-0.14389821880394],[-78.131684810675623,-0.143609382223343],[-78.131650639277055,-0.143487119477194],[-78.131630128644943,-0.143345750980536],[-78.131676416646457,-0.143221186398889],[-78.131686277772602,-0.143163872733374],[-78.131632369440709,-0.143028621459614],[-78.131597433923432,-0.142862801313843],[-78.131556427889848,-0.142713793556853],[-78.131525296840664,-0.142628210503713],[-78.131493401536773,-0.142497541703238],[-78.131480488639781,-0.142419598198965],[-78.131456167520227,-0.142147557669715],[-78.131530499116906,-0.141666888029853],[-78.131507716516552,-0.1415721340235],[-78.131449987686494,-0.141221388266102],[-78.131349762280024,-0.140960819240421],[-78.131327731724113,-0.140806460172319],[-78.131286725439438,-0.14065745252424],[-78.131204723106251,-0.14044731641875],[-78.131201671592876,-0.140316644291151],[-78.131183451091317,-0.140289136457081],[-78.131159144276538,-0.140143183527336],[-78.131158381996201,-0.14011567362119],[-78.131172038677875,-0.140062180336349],[-78.131172035628239,-0.140036198672793],[-78.131168234619935,-0.139987292463679],[-78.131153047721213,-0.139937623443927],[-78.131212982287167,-0.13967703549277],[-78.131200063984323,-0.139554770377028],[-78.131109708358949,-0.13931483287035],[-78.13108994680276,-0.139093226939921],[-78.131079315812585,-0.139057312386889],[-78.13107778749341,-0.138970961752922],[-78.131087631208487,-0.138768456442159],[-78.131145277545542,-0.138416932897845],[-78.131143736637981,-0.138225127274824],[-78.131109558415318,-0.138050137256768]]}},
{"type":"Feature","properties":{"capa_cad":"ACAD-TOP-BASE PRESA POROTOG-Model|C3D-Superficie_ConMen","color":"#B8A15C"},"geometry":{"type":"LineString","coordinates":[[-78.139411760079071,-0.141500134848313],[-78.139214401693494,-0.141473412124803],[-78.13918176110316,-0.14146424591468],[-78.139067130786657,-0.141357275383653],[-78.139018544089495,-0.141297675719432],[-78.138731599134928,-0.141118893466223],[-78.138634420476478,-0.140954608073026],[-78.138581271830773,-0.140830054405521],[-78.13856001507078,-0.140803310922228],[-78.138449171278594,-0.140621451258855],[-78.138441577473117,-0.140593941987851],[-78.138376285663014,-0.140484673230205],[-78.138290492371098,-0.140316565728777],[-78.138268473046153,-0.140260019669573],[-78.138159903318311,-0.140052178009458],[-78.138137884253354,-0.139997924475481],[-78.138050575858216,-0.139855799047062],[-78.13798223966073,-0.139677755327312],[-78.137943512199058,-0.139546322522814],[-78.137932105923767,-0.139373621212807],[-78.137951835098605,-0.139320126868303],[-78.137977638270655,-0.139279622703119],[-78.137995850411684,-0.139235298590884],[-78.138039846157127,-0.138985409329496],[-78.138067161722546,-0.138896762184748],[-78.138124076453508,-0.138773723766738],[-78.138147595897351,-0.138678199526048],[-78.138238656663802,-0.138458107211244],[-78.138234074726554,-0.138226563850228],[-78.138231030564555,-0.138160081312367],[-78.13822419585199,-0.13813333614243],[-78.138243895936142,-0.137836835279852],[-78.138289416181308,-0.137642730234142],[-78.138274982270531,-0.137544153880616]]}},
{"type":"Feature","properties":{"capa_cad":"ACAD-TOP-BASE PRESA POROTOG-Model|C3D-Superficie_ConMen","color":"#B8A15C"},"geometry":{"type":"LineString","coordinates":[[-78.133183548935179,-0.146842403078643],[-78.133185811087131,-0.14670790926613],[-78.133006639732386,-0.146399969916216],[-78.132959571497949,-0.146338841833497],[-78.132835822557823,-0.146133294767743],[-78.132715865005594,-0.145893359771425],[-78.132629298928649,-0.145592287610355],[-78.132619415290861,-0.145450917740698],[-78.132627758512172,-0.145394368387745],[-78.132617128129979,-0.145362274565737],[-78.132608770425122,-0.145290443771837],[-78.132582951962164,-0.145196454119377],[-78.132513870591481,-0.145130743624927],[-78.132509290505851,-0.14490302223987],[-78.132503974529982,-0.144880097825516],[-78.132410596310734,-0.144751728416314],[-78.132348348494304,-0.1447043571899],[-78.132308113943466,-0.144663096776723],[-78.132220817517194,-0.144617256774047],[-78.132166915831576,-0.144539317912267],[-78.132028759410304,-0.144463681258461],[-78.13201356556705,-0.144351350436541],[-78.131932327935232,-0.144185535536428],[-78.13190498615775,-0.144046460282519],[-78.131841969792745,-0.143915794996484],[-78.131682535872727,-0.143630014993907],[-78.131640011913532,-0.143481771541218],[-78.13161874231487,-0.143341167300959],[-78.131676412616045,-0.143186034720889],[-78.131680205343045,-0.143163873439255],[-78.131627056328313,-0.143030914578508],[-78.131596677504817,-0.142885726408058],[-78.131562505594061,-0.142759642858796],[-78.131516188637804,-0.14263203240078],[-78.131473659096756,-0.142436410666588],[-78.131445540241259,-0.142142973913847],[-78.131519872190083,-0.14166536094544],[-78.131500126868232,-0.141579776584365],[-78.131443917303855,-0.141238964817722],[-78.131344451578883,-0.140983744869023],[-78.131319382404556,-0.140808753660131],[-78.13128824801025,-0.140695660677102],[-78.131191818932166,-0.140445025449567],[-78.131189527188042,-0.140320466566022],[-78.131169029168873,-0.140289902336299],[-78.131141683900694,-0.140124845605444],[-78.131156094971857,-0.140031615569863],[-78.131152293963424,-0.139982709361449],[-78.131140143457202,-0.139934568314042],[-78.131200836625453,-0.1396701594422],[-78.131189437778943,-0.139559356645378],[-78.13109300819697,-0.139306429035932],[-78.131070968215454,-0.139074125050604],[-78.131062615016845,-0.139043559390945],[-78.131073208112113,-0.138759288175942],[-78.131130854627386,-0.138409292968769],[-78.131129316173059,-0.138238119844954],[-78.131096656150191,-0.138063893811991]]}},
{"type":"Feature","properties":{"capa_cad":"ACAD-TOP-BASE PRESA POROTOG-Model|C3D-Superficie_ConMen","color":"#B8A15C"},"geometry":{"type":"LineString","coordinates":[[-78.133157738513759,-0.146819480959556],[-78.133157725632515,-0.146704091605538],[-78.132977795654625,-0.14639997318867],[-78.132941355555602,-0.14635107058545],[-78.132841141767074,-0.146185257566965],[-78.132705999443971,-0.145912465085322],[-78.132612598698984,-0.145583119506019],[-78.132601956005942,-0.14544174972526],[-78.132608023356511,-0.145396663146531],[-78.132600430485269,-0.145376031490864],[-78.132591313382051,-0.145301144114637],[-78.132570050800183,-0.145220908957208],[-78.132562457667163,-0.145197984800874],[-78.132499449855018,-0.145142207788929],[-78.132490312244897,-0.144886212733266],[-78.132409080887072,-0.144775417780265],[-78.132331650428554,-0.144714293284496],[-78.132300525568454,-0.144682201832564],[-78.132201842811924,-0.144631778134131],[-78.132147941214967,-0.144554603440145],[-78.132010543937724,-0.144479730865392],[-78.132002191132955,-0.144451457642564],[-78.131991554305486,-0.144362815479526],[-78.131905002343203,-0.144188595356855],[-78.131879178152232,-0.144044934928598],[-78.131826791069201,-0.143936429260594],[-78.131670393895178,-0.143655233908654],[-78.131619516590106,-0.143474132249024],[-78.131595210513879,-0.143331235863333],[-78.131650604177423,-0.14318068855208],[-78.131645282737452,-0.143110385815558],[-78.131616430191315,-0.143036264983114],[-78.131561751989821,-0.142807021291133],[-78.131494934610188,-0.142627449880383],[-78.131453922559515,-0.142426478805197],[-78.131422768283159,-0.142139919914132],[-78.13149861860262,-0.141664599277092],[-78.131431017395499,-0.14127335384314],[-78.131331552213595,-0.141022718894357],[-78.131302684211548,-0.140817161468929],[-78.131282180760238,-0.140739983061721],[-78.13116601076328,-0.140441971844473],[-78.131165238289199,-0.140327346948947],[-78.131137906911306,-0.14028073603331],[-78.131115876449613,-0.14012790534],[-78.131115107443122,-0.140043082944646],[-78.131121930129282,-0.139968193810862],[-78.131115094162382,-0.139929986297179],[-78.131178063408797,-0.139656407160366],[-78.131168944961743,-0.139573114090622],[-78.131160592045433,-0.139544840924398],[-78.131055810894011,-0.13927510265837],[-78.131030733971912,-0.139036685713248],[-78.131043604496583,-0.138754706732153],[-78.131102009154674,-0.138397069777261],[-78.131100475515936,-0.13826639748379],[-78.131071610854946,-0.138092935162882]]}},
{"type":"Feature","properties":{"capa_cad":"ACAD-TOP-BASE PRESA POROTOG-Model|C3D-Superficie_ConMen","color":"#B8A15C"},"geometry":{"type":"LineString","coordinates":[[-78.139411755183161,-0.141458105382222],[-78.139211360117102,-0.141427562164676],[-78.139185550965266,-0.14141763097708],[-78.139075476065059,-0.141319829974732],[-78.139048905094143,-0.141286209552434],[-78.138748296276603,-0.1411005513699],[-78.138659469131383,-0.140952312590172],[-78.138590376147334,-0.140792608918822],[-78.138403611216177,-0.140480084952758],[-78.138159896302966,-0.13999257265028],[-78.138073347413467,-0.139854267985014],[-78.138001213761129,-0.139657884607758],[-78.137978431744102,-0.139570771820176],[-78.137981458768763,-0.139492825999319],[-78.13797157430632,-0.139351455519051],[-78.138030006022149,-0.139218482726843],[-78.13806869135081,-0.138993811745915],[-78.138102835717433,-0.138882238640477],[-78.138150643932448,-0.138777541424832],[-78.138168093638626,-0.138704943051826],[-78.138271295790815,-0.138455046587403],[-78.138265943489955,-0.138128746064901],[-78.138284887074064,-0.137853642081326],[-78.138334199684564,-0.137635083084127],[-78.13832128425463,-0.137539563227951]]}},
{"type":"Feature","properties":{"capa_cad":"ACAD-TOP-BASE PRESA POROTOG-Model|C3D-Superficie_ConMen","color":"#B8A15C"},"geometry":{"type":"LineString","coordinates":[[-78.139411752779154,-0.141437472735231],[-78.139220466327643,-0.141406164273434],[-78.13918402990906,-0.141392413481772],[-78.139058771785699,-0.141277038323419],[-78.138904671585294,-0.141180006725108],[-78.138760440853162,-0.141097493245639],[-78.138674650743766,-0.140956131649392],[-78.138597205971848,-0.140778088848663],[-78.13841803323038,-0.140479319066577],[-78.138169004368251,-0.139987222364539],[-78.138087770053033,-0.13985885128991],[-78.138009561863853,-0.139644892699223],[-78.137991335636201,-0.139570006104719],[-78.137997390673817,-0.139422520343606],[-78.137992067329733,-0.139338462152697],[-78.138026214170566,-0.139247521687163],[-78.138046704298745,-0.139210074839978],[-78.138083872779191,-0.138996102434993],[-78.138121052198798,-0.138874594736701],[-78.138161271831805,-0.138786710200849],[-78.13817720442178,-0.138722517894256],[-78.138287994792648,-0.138452752058227],[-78.138282658534166,-0.138260945689395],[-78.138286438601313,-0.138133328614118],[-78.138304623676945,-0.137862809745854],[-78.138348628374459,-0.137690101674143],[-78.13835621254853,-0.13763660875476],[-78.138344055718392,-0.137537267947552]]}},
{"type":"Feature","properties":{"capa_cad":"ACAD-TOP-BASE PRESA POROTOG-Model|C3D-Superficie_ConMen","color":"#B8A15C"},"geometry":{"type":"LineString","coordinates":[[-78.133144833217855,-0.146807255732496],[-78.133144833217855,-0.146807255732496]]}},
{"type":"Feature","properties":{"capa_cad":"ACAD-TOP-BASE PRESA POROTOG-Model|C3D-Superficie_ConMen","color":"#B8A15C"},"geometry":{"type":"LineString","coordinates":[[-78.133144833217855,-0.146807255732496],[-78.133147860224284,-0.146724725255806],[-78.133139507378687,-0.146695687820757],[-78.132965651207684,-0.146403795405417],[-78.132841903477413,-0.146208946679268],[-78.132701446233227,-0.145922399782728],[-78.132602729528614,-0.145570129784372],[-78.132592846836374,-0.145437165761],[-78.13259815582191,-0.14539819260966],[-78.132581445588983,-0.145300381076011],[-78.132556386181903,-0.145206391338651],[-78.13249186000283,-0.145148321998008],[-78.132483481015868,-0.14488850601963],[-78.132402250005185,-0.144780767736716],[-78.132323301439058,-0.144719643415352],[-78.132299767900733,-0.144694428597108],[-78.132191975888972,-0.144638656773991],[-78.132132001426939,-0.14455766194276],[-78.132001436158063,-0.144487373585094],[-78.131989286347846,-0.144443817456864],[-78.131980928332069,-0.144369694207786],[-78.131891339547437,-0.144190125266993],[-78.131865515095853,-0.144044172339285],[-78.131815405697679,-0.143940251411478],[-78.131668119091458,-0.143675866678862],[-78.131608889314251,-0.143469548480166],[-78.13158306504296,-0.143325888105288],[-78.13163238837906,-0.143193681506429],[-78.131620987495637,-0.143062246126989],[-78.131611117166713,-0.14303932226882],[-78.131564032928864,-0.142839880199738],[-78.13148354907095,-0.142629743709546],[-78.131444814181719,-0.142428772370103],[-78.131410622632558,-0.142133043836094],[-78.131487991587449,-0.141662308025961],[-78.131424947012164,-0.141290930394183],[-78.131325482457882,-0.141045644611939],[-78.131294334892132,-0.140819454956586],[-78.131279906634077,-0.140765964997254],[-78.131153106679051,-0.140440445041967],[-78.131153093705692,-0.140329640890425],[-78.131139428330414,-0.140309010015488],[-78.131129560280272,-0.140305954520923],[-78.13110297218644,-0.140124850208033],[-78.131106747539306,-0.139955204786862],[-78.131102948592897,-0.139923874410973],[-78.131166677070468,-0.139651823519364],[-78.131153003043622,-0.139557832662326],[-78.131115040117592,-0.139470722208414],[-78.131039110642376,-0.139265934658429],[-78.131014033809279,-0.139028281883446],[-78.131028423886946,-0.138758529387748],[-78.131087586327766,-0.138390194015201],[-78.131086055232799,-0.138280918385905],[-78.131058708589677,-0.138106691717138]]}},
{"type":"Feature","properties":{"capa_cad":"ACAD-TOP-BASE PRESA POROTOG-Model|C3D-Superficie_ConMen","color":"#B8A15C"},"geometry":{"type":"LineString","coordinates":[[-78.133131928007245,-0.146795794673593],[-78.133131928007245,-0.146795794673593]]}},
{"type":"Feature","properties":{"capa_cad":"ACAD-TOP-BASE PRESA POROTOG-Model|C3D-Superficie_ConMen","color":"#B8A15C"},"geometry":{"type":"LineString","coordinates":[[-78.133131928007245,-0.146795794673593],[-78.133134956463536,-0.146726255051985],[-78.133131158885547,-0.146705622948475],[-78.132843424241841,-0.146232635705374],[-78.132698411732207,-0.145937683480414],[-78.132593620101261,-0.145563253316502],[-78.132583737753038,-0.145433345964347],[-78.132588288201177,-0.145398957905219],[-78.132572337195384,-0.145302674620601],[-78.132551834186231,-0.145227024382563],[-78.132541963458863,-0.145200279649789],[-78.132483511010008,-0.145153672126487],[-78.132477409100744,-0.144893091721198],[-78.132395419123284,-0.144786117693083],[-78.132292178225654,-0.144702071142703],[-78.132184386735005,-0.144650884322707],[-78.1321228936458,-0.144565304662704],[-78.131991569237698,-0.144494252224908],[-78.131979420295835,-0.144458337768149],[-78.131969542957378,-0.144373516354905],[-78.131877676751827,-0.144191655177086],[-78.131851852039631,-0.144043409749999],[-78.13180402023913,-0.143943309395266],[-78.131660529602073,-0.143685037560606],[-78.131601299389786,-0.143474898528492],[-78.131571678625761,-0.143320540259237],[-78.131614171879889,-0.143200561125363],[-78.131602008084414,-0.143035502494291],[-78.131566313954821,-0.14287350327531],[-78.131474440956396,-0.142634329773218],[-78.131433428379111,-0.142428773700873],[-78.131399236653806,-0.142131516836345],[-78.131475088032303,-0.14166536621001],[-78.13141735825505,-0.141306214623749],[-78.131320931075564,-0.141070862650037],[-78.131278391649857,-0.140792711009515],[-78.131140202594977,-0.140438918239489],[-78.131140191769603,-0.1403464540865],[-78.131123492508948,-0.140345691902147],[-78.131124246639089,-0.140303662652184],[-78.131112858512935,-0.14028379567418],[-78.13109082787301,-0.140129436651105],[-78.131090044778318,-0.139924640113973],[-78.131155291092071,-0.139650296544712],[-78.131147692551465,-0.139582286626609],[-78.131139339635567,-0.139554013460838],[-78.131108969763687,-0.139488298764143],[-78.131020891833558,-0.139252946007995],[-78.130998854283291,-0.139041274532778],[-78.131014000972371,-0.13875088945505],[-78.131072406263712,-0.138398601674902],[-78.13107163494962,-0.13829543928766],[-78.131045806506336,-0.138121976604069]]}},
{"type":"Feature","properties":{"capa_cad":"ACAD-TOP-BASE PRESA POROTOG-Model|C3D-Superficie_ConMen","color":"#B8A15C"},"geometry":{"type":"LineString","coordinates":[[-78.139411750463836,-0.141417604260347],[-78.139221222714326,-0.141383239024288],[-78.139186304412775,-0.141369488053979],[-78.139074711391501,-0.141271687235698],[-78.138916815717749,-0.141173127742311],[-78.13877030771927,-0.141089850360808],[-78.138684517786828,-0.140950017107188],[-78.138602517500843,-0.140762040615338],[-78.138430177622197,-0.140474732593866],[-78.138181908442931,-0.139987984996136],[-78.138100674216858,-0.139860378091272],[-78.138029299982094,-0.139667051302941],[-78.138009556361609,-0.139598278257811],[-78.138004236730893,-0.139545551083048],[-78.138012560262951,-0.139324704614653],[-78.138039117972369,-0.139245991796778],[-78.138064920057801,-0.139196317572208],[-78.138097536726406,-0.139003742505196],[-78.138140786070466,-0.138860837279972],[-78.138173417302454,-0.138791293766606],[-78.138188591379702,-0.138731686578549],[-78.138304693885729,-0.138451221700356],[-78.138300879660036,-0.138292274514046],[-78.138306175111026,-0.138141732112135],[-78.13832511942941,-0.13787274149009],[-78.138366848418841,-0.137712260434495],[-78.138377466812557,-0.137641955374675],[-78.138378981175634,-0.137610624162199],[-78.138367586240577,-0.137534972574822]]}},
{"type":"Feature","properties":{"capa_cad":"ACAD-TOP-BASE PRESA POROTOG-Model|C3D-Superficie_ConMen","color":"#B8A15C"},"geometry":{"type":"LineString","coordinates":[[-78.139411749038857,-0.141405377506564],[-78.139223497217884,-0.141360313595724],[-78.139190096855117,-0.141345034102787],[-78.139162009903544,-0.141329753982746],[-78.139055731539727,-0.141242650948149],[-78.138925163933493,-0.141160900005922],[-78.138778656290143,-0.141080679312167],[-78.138695903214597,-0.140946194899851],[-78.138604033022617,-0.14073987945971],[-78.138438525916627,-0.140463269029207],[-78.138192534894131,-0.139984927042995],[-78.138111300756961,-0.139858084308415],[-78.138027776455274,-0.139621201213514],[-78.138017144142694,-0.139574588043117],[-78.138017140442756,-0.13954325702491],[-78.13802849966315,-0.139317825162868],[-78.138050504291812,-0.139249811286871],[-78.138080859819823,-0.139192494803138],[-78.138113476578724,-0.139000683904535],[-78.138159002552271,-0.138853193375569],[-78.138187839402349,-0.138791292030633],[-78.138199219733721,-0.138744676210907],[-78.138320633921055,-0.138449691434032],[-78.138318347645921,-0.138373274570971],[-78.138326669858316,-0.13814325797617],[-78.138344856306944,-0.13788420166942],[-78.138386585572988,-0.137726013125713],[-78.138397962293539,-0.137649594601203],[-78.138401752823839,-0.137609857225914],[-78.138390357705248,-0.137532677294193]]}},
{"type":"Feature","properties":{"capa_cad":"ACAD-TOP-BASE PRESA POROTOG-Model|C3D-Superficie_ConMen","color":"#B8A15C"},"geometry":{"type":"LineString","coordinates":[[-78.133119022796677,-0.146784333614942],[-78.133119022796677,-0.146784333614942]]}},
{"type":"Feature","properties":{"capa_cad":"ACAD-TOP-BASE PRESA POROTOG-Model|C3D-Superficie_ConMen","color":"#B8A15C"},"geometry":{"type":"LineString","coordinates":[[-78.133119022796677,-0.146784333614942],[-78.133118255039705,-0.14670638857696],[-78.1328449450058,-0.146256324731543],[-78.132693858607098,-0.145948382345261],[-78.132584510673937,-0.145556376848738],[-78.132574628583598,-0.145428762000237],[-78.132578420666746,-0.145400487368294],[-78.132562469661252,-0.145304204084466],[-78.132536650855386,-0.145207157765519],[-78.132472125713718,-0.145158258435155],[-78.132470577958287,-0.144896149174935],[-78.132394661367869,-0.144797580291188],[-78.132293697893459,-0.144715825980139],[-78.132236006313462,-0.144685265917105],[-78.132177556635028,-0.144663111784019],[-78.132109990334342,-0.144570655317444],[-78.131981702404133,-0.144501895031714],[-78.131968034660431,-0.144459867413056],[-78.131958916984104,-0.144380395082938],[-78.131901974474616,-0.144261955745246],[-78.131876162470235,-0.144225278702256],[-78.131864013956374,-0.14419318508715],[-78.131838188896523,-0.144041882993704],[-78.131792634867807,-0.143947131545992],[-78.131652940025376,-0.14369344427533],[-78.13158915313241,-0.143462673267205],[-78.131559533242594,-0.143315956668237],[-78.131595197816665,-0.143220431668869],[-78.131584557218105,-0.143099694541096],[-78.131589864629845,-0.14304773057705],[-78.13158682543262,-0.143021749257293],[-78.131562520970277,-0.142893372055192],[-78.131463054273482,-0.142626689434235],[-78.131423561476694,-0.142435652354893],[-78.131388611053367,-0.142141452248512],[-78.131462184388639,-0.141667660227215],[-78.131454591637791,-0.141648556950364],[-78.1314036963593,-0.141315386234925],[-78.131305750275047,-0.141073156942455],[-78.131274598791478,-0.140813343957935],[-78.131127298511046,-0.140437391437038],[-78.131127292338761,-0.140384663945442],[-78.131118183700011,-0.140384665026312],[-78.131118174571384,-0.140306720039354],[-78.13110071375101,-0.140284561282941],[-78.131078683380423,-0.140132494761037],[-78.131077140425234,-0.139920820817861],[-78.131143904933879,-0.13964724123696],[-78.131136306843217,-0.139583052152316],[-78.131127954107498,-0.139556307319906],[-78.131086954519176,-0.139465376398085],[-78.131004191492067,-0.13924301384216],[-78.130982914981431,-0.139048153941131],[-78.130998820272595,-0.13875394794412],[-78.131057983346395,-0.138390961746487],[-78.131052654805202,-0.138263346581522],[-78.131031386680561,-0.138140318339699]]}},
{"type":"Feature","properties":{"capa_cad":"ACAD-TOP-BASE PRESA POROTOG-Model|C3D-Superficie_ConMen","color":"#B8A15C"},"geometry":{"type":"LineString","coordinates":[[-78.139411746010339,-0.141379395654796],[-78.139255375098557,-0.141338148840593],[-78.138943378570929,-0.141137208524721],[-78.138864431762727,-0.141096716764348],[-78.138799147473861,-0.141051638361318],[-78.138717155596382,-0.140935493978277],[-78.138619970740024,-0.140718480763728],[-78.138449148784872,-0.140429644221065],[-78.138209991967216,-0.139974226561552],[-78.138141664333105,-0.139868779079858],[-78.138048269212305,-0.139605915337728],[-78.13804295183769,-0.139572292440979],[-78.138043702411238,-0.139500460257927],[-78.13805051532276,-0.139343040173067],[-78.13805886016759,-0.139302538098303],[-78.138078588436457,-0.139241402034336],[-78.138115015432092,-0.139175678936432],[-78.138142321955414,-0.139010614664309],[-78.138194676549375,-0.138838669828638],[-78.138355550315339,-0.138447394706194],[-78.138367659536385,-0.138147838047168],[-78.138385089212122,-0.13790788610871],[-78.138430611577718,-0.137731356984947],[-78.138446536239655,-0.137601445902176],[-78.138436659693966,-0.137528086640371]]}},
{"type":"Feature","properties":{"capa_cad":"ACAD-TOP-BASE PRESA POROTOG-Model|C3D-Superficie_ConMen","color":"#B8A15C"},"geometry":{"type":"LineString","coordinates":[[-78.133093212375712,-0.146761411498399],[-78.133092447433754,-0.146708684001701],[-78.13283507969382,-0.146277722547575],[-78.132683233646986,-0.145964431074337],[-78.132567810272491,-0.145545680410241],[-78.132558685339546,-0.145401253791824],[-78.132544252874425,-0.145308791173468],[-78.132523749693647,-0.145231612602205],[-78.132517675015094,-0.145211744942834],[-78.132502492288751,-0.145197227498841],[-78.132450114693711,-0.145172015969849],[-78.132452379850761,-0.145065796435785],[-78.132443251831546,-0.144894623975803],[-78.132431104281068,-0.144870936179449],[-78.132384036253768,-0.144812100691901],[-78.132286109517636,-0.14473493103538],[-78.132163137380701,-0.144687566793433],[-78.132084183711811,-0.144581356626554],[-78.13196272761752,-0.144515652223348],[-78.13194526338998,-0.14446292670276],[-78.131936905723265,-0.144391860124739],[-78.131881481932268,-0.144278769783072],[-78.131852633365781,-0.14423903642229],[-78.131836688365965,-0.14419624490711],[-78.131809344154902,-0.144035772988485],[-78.131769864038333,-0.143954011680208],[-78.131646112818842,-0.143730889243975],[-78.131566379686987,-0.143446628404523],[-78.131536001967902,-0.143310610232502],[-78.131558007167186,-0.143246417662666],[-78.131551166836005,-0.14316923760655],[-78.131564058034741,-0.14305843191526],[-78.131556459953728,-0.142992714450695],[-78.131535953391833,-0.142887261815025],[-78.13145395090983,-0.142672540503092],[-78.131415220257239,-0.142508249170804],[-78.131398510596554,-0.142417315280958],[-78.131365079071472,-0.142129992504087],[-78.131436377101764,-0.141672248261431],[-78.131421950387832,-0.141631749119315],[-78.131374853928065,-0.141329144635209],[-78.131275389119651,-0.141081566360286],[-78.131249552082608,-0.140830922753472],[-78.131111361702011,-0.140465667489592],[-78.131106804431653,-0.140440450534188],[-78.131106790205365,-0.140318948055728],[-78.131074146172622,-0.140278451105738],[-78.131053635163184,-0.14013708273794],[-78.131051331180785,-0.139908597226926],[-78.131121132887699,-0.139643423121255],[-78.131108979757812,-0.139573121249319],[-78.131077091691481,-0.13950664256863],[-78.130966994280755,-0.139212451635434],[-78.130954076565146,-0.139095535716266],[-78.130969975078216,-0.138744017244431],[-78.131029137602994,-0.138376446056707],[-78.131020014976485,-0.138258765516683],[-78.131006342021209,-0.138174708852415],[-78.131002547028601,-0.138177001809534]]}},
{"type":"Feature","properties":{"capa_cad":"ACAD-TOP-BASE PRESA POROTOG-Model|C3D-Superficie_ConMen","color":"#B8A15C"},"geometry":{"type":"LineString","coordinates":[[-78.139411744406772,-0.141365640556812],[-78.139273591527044,-0.141329740795463],[-78.138933508312249,-0.141115812882366],[-78.138817363178603,-0.141037116941639],[-78.138764220340107,-0.140962234409665],[-78.138730817752602,-0.140927850642537],[-78.138695893383485,-0.140862136020477],[-78.138622245408726,-0.140697083689162],[-78.138455219456162,-0.140414360069415],[-78.138223655460223,-0.139978045787686],[-78.138156845941381,-0.139872598123253],[-78.138059654538495,-0.139601328948193],[-78.138056605762287,-0.139495109514377],[-78.138061903540006,-0.139362907259486],[-78.138075557812328,-0.139288781013932],[-78.138092251296669,-0.139239872052712],[-78.138131713709569,-0.13916727104825],[-78.13815977928985,-0.139002206682253],[-78.138211375369679,-0.13883484696269],[-78.138294847045444,-0.138626982304547],[-78.138363144443545,-0.138477196475109],[-78.138376801937497,-0.138430580370129],[-78.138388154284783,-0.138149363911324],[-78.138405584234974,-0.137911704482877],[-78.138451107333537,-0.137741288727807],[-78.13846930651583,-0.137589216393396],[-78.138459431159987,-0.137525791359398]]}},
{"type":"Feature","properties":{"capa_cad":"ACAD-TOP-BASE PRESA POROTOG-Model|C3D-Superficie_ConMen","color":"#B8A15C"},"geometry":{"type":"LineString","coordinates":[[-78.133080307165287,-0.146749950440507],[-78.133079543588323,-0.146709449630086],[-78.132824452758683,-0.146276195418914],[-78.132680958457314,-0.145982007188026],[-78.13265817592233,-0.145884960497945],[-78.132558700845294,-0.145538803942763],[-78.132548817805358,-0.145402783254809],[-78.13253438525426,-0.145309556469744],[-78.132509325935473,-0.145216330903508],[-78.13248807025694,-0.145197229149994],[-78.132439488710929,-0.145178894693546],[-78.132441754214256,-0.145075731830188],[-78.132434158486674,-0.145029882654704],[-78.132434905695135,-0.144925191630839],[-78.132428830146765,-0.144897682300439],[-78.132406053414044,-0.144852599036695],[-78.132365818606374,-0.144809046114162],[-78.13228383374107,-0.144747157974136],[-78.132155548226379,-0.144699794341501],[-78.132075076104286,-0.144590527680322],[-78.131951342242445,-0.14451947436895],[-78.131933877754918,-0.144464456347557],[-78.131924761208182,-0.144394918191813],[-78.131876170467137,-0.14429558207057],[-78.131841248340578,-0.144245915238323],[-78.131823025571009,-0.144197774817023],[-78.131795681012292,-0.144034246232313],[-78.131758478580181,-0.143957069663713],[-78.13164080118824,-0.143746173196731],[-78.131548917692811,-0.143413771255926],[-78.131524615551143,-0.143305262386802],[-78.131539791369462,-0.143259410614827],[-78.131535230390625,-0.143201334465654],[-78.131550396210002,-0.143068367673445],[-78.13154583513375,-0.143009527357669],[-78.131520771266281,-0.142878093581599],[-78.131444083829763,-0.142677890821601],[-78.131403834542951,-0.142509014667489],[-78.13138788437665,-0.142421901523408],[-78.131353693004826,-0.14212770133773],[-78.131423473458526,-0.141674542278459],[-78.131406009999111,-0.141629458493349],[-78.131361951441406,-0.141341372823091],[-78.131258689767947,-0.1410800399985],[-78.131235130515336,-0.140834745292371],[-78.131115163226056,-0.140519158697072],[-78.131100731648161,-0.140437394588361],[-78.13110071849573,-0.140325062108879],[-78.131061241910231,-0.140275395972166],[-78.131041490670952,-0.140140140847671],[-78.131038426379163,-0.139900957098691],[-78.131109746459941,-0.139638075314054],[-78.131098353553185,-0.139577707517087],[-78.131061150764523,-0.139499766973955],[-78.130950293939748,-0.139202519470609],[-78.130938896768171,-0.139106235864725],[-78.130954793745147,-0.138741726568439],[-78.131014714776924,-0.138369570295305],[-78.131001036377214,-0.138239663642437],[-78.130992681157181,-0.138192286328739],[-78.13098812729335,-0.138196107710206]]}},
{"type":"Feature","properties":{"capa_cad":"ACAD-TOP-BASE PRESA POROTOG-Model|C3D-Superficie_ConMen","color":"#B8A15C"},"geometry":{"type":"LineString","coordinates":[[-78.139411742892136,-0.14135264963092],[-78.139291048897022,-0.141321332839773],[-78.138982848541488,-0.141128033791706],[-78.138920599944967,-0.141078369992397],[-78.138831023997227,-0.141018011030554],[-78.138800656660138,-0.140975221011463],[-78.138741443050023,-0.140914858464829],[-78.138689815909828,-0.140819343129423],[-78.138626797878416,-0.140681035545227],[-78.138524303700393,-0.14049917489077],[-78.138461290127267,-0.140399075917584],[-78.138246429628211,-0.139998675696232],[-78.1381758237398,-0.139884058426328],[-78.138074077629796,-0.139609733105896],[-78.138069510828856,-0.139504278023694],[-78.138074049459419,-0.139371311687114],[-78.138091497032292,-0.139280373218756],[-78.13810667285307,-0.139235285295054],[-78.138150688436738,-0.139152749516309],[-78.13817344323796,-0.139009846752994],[-78.138229591761643,-0.138826438886026],[-78.138276639465346,-0.138709515005939],[-78.138380603323526,-0.138481779397212],[-78.138394260817847,-0.138435163291562],[-78.138426079166862,-0.137914758685715],[-78.138473878526085,-0.137736700936597],[-78.138491319016197,-0.137587685377227],[-78.138482961684517,-0.137523495986084]]}},
{"type":"Feature","properties":{"capa_cad":"ACAD-TOP-BASE PRESA POROTOG-Model|C3D-Superficie_ConMen","color":"#B8A15C"},"geometry":{"type":"LineString","coordinates":[[-78.133067401954918,-0.146738489382867],[-78.133066639828385,-0.146710979426308],[-78.132813825738012,-0.146273904122602],[-78.13267640533185,-0.145992706052527],[-78.132646788388314,-0.145869678443401],[-78.13254883184716,-0.145527342557103],[-78.132525276688526,-0.145310321679185],[-78.132500217456325,-0.145217860281133],[-78.132488830519705,-0.14520792740752],[-78.132434176539675,-0.145189593645844],[-78.132427344101714,-0.145181188586415],[-78.132430368573125,-0.145077261469763],[-78.132421254218627,-0.145026827464278],[-78.132421242459102,-0.144922900696082],[-78.132410612239255,-0.144892335219033],[-78.13237796589766,-0.144830441406385],[-78.132273967249716,-0.144757857450084],[-78.132147959071986,-0.14471202188942],[-78.132097093872389,-0.144636375180485],[-78.132059136230438,-0.144592822015018],[-78.131941475322293,-0.14452635300816],[-78.131922492119969,-0.144465985992318],[-78.13191489446271,-0.144403325166073],[-78.131871618142526,-0.14431315843749],[-78.131832140998483,-0.144257378793784],[-78.13180936277621,-0.144199304726907],[-78.131782017782783,-0.144031955309172],[-78.131636248611173,-0.143761457061504],[-78.131544366082579,-0.143437460955834],[-78.131512469993325,-0.143299150462529],[-78.131520816518275,-0.143272403654717],[-78.131518535504071,-0.143238780579679],[-78.131537493000423,-0.143074482509006],[-78.131528373478815,-0.142979726883602],[-78.131507867092054,-0.142875802584342],[-78.131437253931281,-0.142691646620119],[-78.131395486803967,-0.14252506314399],[-78.131375738727982,-0.142415025442532],[-78.131342306938308,-0.142125410171396],[-78.131410569815444,-0.14167683629541],[-78.131390069078677,-0.141622582867124],[-78.131346770817316,-0.141345195445399],[-78.131243508968225,-0.141082334290629],[-78.13122070912658,-0.140840096164357],[-78.131118205247688,-0.140568829162161],[-78.131094658596396,-0.140432046143004],[-78.131095405839318,-0.140331176071851],[-78.131047578594817,-0.140272340928791],[-78.13102934608925,-0.140142434790853],[-78.131025521577641,-0.139893316970622],[-78.131097600349293,-0.139627378431841],[-78.131092283287686,-0.1395960482385],[-78.131052043207276,-0.139508938059838],[-78.130931315627393,-0.139185710080954],[-78.130922957737639,-0.139115407770978],[-78.130921435838189,-0.139083312963709],[-78.130933566589675,-0.138964101547934],[-78.130940371103108,-0.138736379135657],[-78.130998774662089,-0.13836957221505],[-78.130979779346092,-0.138209863713087],[-78.130973707467035,-0.138214449443927]]}},
{"type":"Feature","properties":{"capa_cad":"ACAD-TOP-BASE PRESA POROTOG-Model|C3D-Superficie_ConMen","color":"#B8A15C"},"geometry":{"type":"LineString","coordinates":[[-78.139411741288257,-0.141338894532919],[-78.139304710706227,-0.141310632816309],[-78.138986642138434,-0.141113514077843],[-78.138846962258853,-0.141001197364457],[-78.138751309199662,-0.140901102205193],[-78.13867386835085,-0.140756682947582],[-78.138632109316617,-0.140664223139422],[-78.138381569460364,-0.140232496029876],[-78.138233520514305,-0.139955119470544],[-78.138192524004523,-0.139892462316498],[-78.138085463046465,-0.139605910887518],[-78.138086195288551,-0.139378951943696],[-78.138105918498439,-0.139275022290365],[-78.138118058992333,-0.139237576442735],[-78.138165869322918,-0.139150455179962],[-78.138187107186184,-0.139017486823894],[-78.138248566939552,-0.138815738203735],[-78.138395026699371,-0.138492476057193],[-78.138418547034391,-0.138404593502135],[-78.138429143144364,-0.138147066439611],[-78.13844657409912,-0.137917812888645],[-78.1384958912098,-0.13773669826626],[-78.138514089293096,-0.137575455867648],[-78.138505733151447,-0.137521200704882]]}},
{"type":"Feature","properties":{"capa_cad":"ACAD-TOP-BASE PRESA POROTOG-Model|C3D-Superficie_ConMen","color":"#B8A15C"},"geometry":{"type":"LineString","coordinates":[[-78.133054496744592,-0.146727028325481],[-78.133055254434041,-0.146714801554164],[-78.132802439748531,-0.146272377080179],[-78.132671852292063,-0.146004169084503],[-78.132645272426316,-0.1458887828054],[-78.132543519241622,-0.145534220671344],[-78.132515408723549,-0.145308030305531],[-78.132493387175842,-0.145228559407592],[-78.132487313533147,-0.145217861758252],[-78.132417477604946,-0.145191888060006],[-78.13241898336409,-0.145082611946364],[-78.132407590464297,-0.145019951523893],[-78.132408340180419,-0.144937421357193],[-78.13240150531874,-0.144907619612269],[-78.13237113622742,-0.144846489705643],[-78.132359749029447,-0.144834264334703],[-78.132265619039799,-0.144770085086098],[-78.132141128971526,-0.144724249349961],[-78.132088745491657,-0.144647074481049],[-78.132050028536312,-0.14460122890132],[-78.131933886084354,-0.144537816387764],[-78.131911866059724,-0.144472100552093],[-78.13190426848972,-0.144410203893453],[-78.131860992170516,-0.144320037165431],[-78.131817719236551,-0.144259672957469],[-78.131797218610913,-0.144205419463593],[-78.131770632498402,-0.144036541625898],[-78.131631696033878,-0.143776740926153],[-78.131526904613381,-0.143409188808855],[-78.131501083401645,-0.143292274283441],[-78.131524589703261,-0.143079833177595],[-78.13151395023209,-0.142969030227049],[-78.131496481552077,-0.142878096411031],[-78.131428905485933,-0.142701581761773],[-78.131390936181091,-0.142557158678185],[-78.131364352837934,-0.142414262606703],[-78.131330921136865,-0.142125411505156],[-78.131396906498679,-0.141673781234461],[-78.131372609519602,-0.14161112241935],[-78.131327793593783,-0.14133755601456],[-78.131227569115381,-0.141084628672283],[-78.131207046880434,-0.140846211113038],[-78.131120488124637,-0.140617735550881],[-78.131089346207702,-0.140440452604991],[-78.131089334129683,-0.140337290124873],[-78.131034674332739,-0.140269285795345],[-78.131017961994743,-0.140156955307282],[-78.131013375200766,-0.139880327587032],[-78.131086215001375,-0.139631200623115],[-78.131079379203641,-0.139594521445663],[-78.131038380160533,-0.139508175525167],[-78.130914615286699,-0.139175777916826],[-78.130908537716294,-0.139132221159112],[-78.130905497530634,-0.139098598201299],[-78.130919903273082,-0.138961046520618],[-78.130926706699213,-0.138724154114116],[-78.130981316895344,-0.138373395149851],[-78.130966118481794,-0.13822744118856],[-78.130959287640593,-0.138232791177173]]}},
{"type":"Feature","properties":{"capa_cad":"ACAD-TOP-BASE PRESA POROTOG-Model|C3D-Superficie_ConMen","color":"#B8A15C"},"geometry":{"type":"LineString","coordinates":[[-78.133024891135861,-0.146704870808862],[-78.133024891135861,-0.146704870808862]]}},
{"type":"Feature","properties":{"capa_cad":"ACAD-TOP-BASE PRESA POROTOG-Model|C3D-Superficie_ConMen","color":"#B8A15C"},"geometry":{"type":"LineString","coordinates":[[-78.133024891135861,-0.146704870808862],[-78.132778148975831,-0.14626320982661],[-78.132663505180901,-0.146026330894261],[-78.132630850220522,-0.145887256112766],[-78.132523022018958,-0.145509769652297],[-78.132496432365642,-0.145308032476275],[-78.132482762918116,-0.145250721480129],[-78.132472892968678,-0.145230854255753],[-78.132415203031641,-0.145214813342993],[-78.132395466326585,-0.145203353091154],[-78.132396972086909,-0.145094076979647],[-78.132380262264448,-0.145000086304532],[-78.132381014401147,-0.144938952826627],[-78.132368106673468,-0.144905330942232],[-78.132353681615356,-0.144878586739154],[-78.132324833834957,-0.144845730853395],[-78.13226790018517,-0.144805236520823],[-78.132244367948658,-0.144791484211406],[-78.132125950662271,-0.144748704444969],[-78.132071289502761,-0.144666944834592],[-78.13203029504011,-0.144618042848069],[-78.132008280567732,-0.144601233702047],[-78.131924779866026,-0.144559214113887],[-78.131912633702697,-0.144547753004777],[-78.131889094790338,-0.144475159841344],[-78.131882257229591,-0.144421668934088],[-78.131848850870696,-0.144351369413088],[-78.131791912363028,-0.144268081769596],[-78.131769893022053,-0.144208479283014],[-78.131741787671416,-0.144029667454137],[-78.131615757389625,-0.143789733607266],[-78.13149729749901,-0.143374040570951],[-78.131477552128118,-0.143286927848411],[-78.131498783021598,-0.143089770347596],[-78.131485863670235,-0.142955278494176],[-78.13146991397511,-0.142871986171499],[-78.131413727141805,-0.1427252727013],[-78.131371962221067,-0.142577793395064],[-78.131342340287887,-0.142414265179718],[-78.131307389509374,-0.142117008428237],[-78.131372618029062,-0.141684482423446],[-78.13133996871494,-0.141598135423897],[-78.131301988532485,-0.141361248222139],[-78.131281486539194,-0.141296296471553],[-78.131196448463626,-0.141089217345773],[-78.13117896333523,-0.140858441099698],[-78.131124294283609,-0.14071096341952],[-78.131077960767357,-0.140443510621571],[-78.131077949763593,-0.140349518140632],[-78.13101190264841,-0.140268524333305],[-78.131002790338897,-0.140237194590153],[-78.130992153381285,-0.140150080876732],[-78.130987565598161,-0.139865047331822],[-78.131062682823483,-0.13961821260041],[-78.131015609556925,-0.13951658407602],[-78.130876658572305,-0.139141394973562],[-78.130892575012894,-0.138941181471181],[-78.130897861506469,-0.138714223415743],[-78.130947918197535,-0.138370342506304],[-78.130940315040675,-0.138264124288051],[-78.130930447987296,-0.138269474642257]]}},
{"type":"Feature","properties":{"capa_cad":"ACAD-TOP-BASE PRESA POROTOG-Model|C3D-Superficie_ConMen","color":"#B8A15C"},"geometry":{"type":"LineString","coordinates":[[-78.139411738169102,-0.141312148509043],[-78.139334311946698,-0.141293053359651],[-78.139006375071332,-0.141091350758512],[-78.13887504491916,-0.140979797228514],[-78.138771800646424,-0.140874353766867],[-78.138565291587554,-0.140488471616157],[-78.138394470573502,-0.140208041007126],[-78.138226683412498,-0.139907741664269],[-78.13814544061259,-0.139707538490387],[-78.138109752627372,-0.139603615467499],[-78.138111244739918,-0.139383533969016],[-78.138139314150422,-0.139250564804218],[-78.138200024846469,-0.139132875139318],[-78.138222022037922,-0.139002199201616],[-78.138289554889113,-0.13880579904294],[-78.138420838310523,-0.138523039801572],[-78.138448154211602,-0.138437449301443],[-78.138463325541935,-0.138354916949808],[-78.138470132643761,-0.138150118168025],[-78.138487563964702,-0.137923921294782],[-78.138539916395558,-0.137735164582473],[-78.138558872071897,-0.137561695340732],[-78.138552035144741,-0.137516610049902]]}},
{"type":"Feature","properties":{"capa_cad":"ACAD-TOP-BASE PRESA POROTOG-Model|C3D-Superficie_ConMen","color":"#B8A15C"},"geometry":{"type":"LineString","coordinates":[[-78.139411736475608,-0.141297629238933],[-78.139339624020764,-0.141281590150554],[-78.13902307364468,-0.141085235406756],[-78.138995744234975,-0.141056964284128],[-78.138886429455567,-0.140968333303164],[-78.138782425943575,-0.14086136158819],[-78.138587305530578,-0.140499167400745],[-78.138421040211256,-0.14023019881401],[-78.138243383587835,-0.1399153813838],[-78.138122656972072,-0.139606670608491],[-78.138124148904367,-0.13938506076501],[-78.138154494313056,-0.139242157099063],[-78.138216723124827,-0.13912446724982],[-78.138235685986814,-0.139009839272738],[-78.138308531156838,-0.138804268416157],[-78.138441332604998,-0.138520744815214],[-78.138461819531543,-0.138456551939295],[-78.13848457734673,-0.138339630953303],[-78.138490627393992,-0.138151644032287],[-78.138508058898054,-0.137926975498005],[-78.138563446190588,-0.137726755840901],[-78.138580884390748,-0.137558635980705],[-78.138575565671147,-0.137514314676136]]}},
{"type":"Feature","properties":{"capa_cad":"ACAD-TOP-BASE PRESA POROTOG-Model|C3D-Superficie_ConMen","color":"#B8A15C"},"geometry":{"type":"LineString","coordinates":[[-78.13300819073757,-0.146694174349679],[-78.13300819073757,-0.146694174349679]]}},
{"type":"Feature","properties":{"capa_cad":"ACAD-TOP-BASE PRESA POROTOG-Model|C3D-Superficie_ConMen","color":"#B8A15C"},"geometry":{"type":"LineString","coordinates":[[-78.13300819073757,-0.146694174349679],[-78.132767521955586,-0.146260918530474],[-78.132659711366841,-0.146039322174792],[-78.132620981310922,-0.14587655889093],[-78.132513153106999,-0.145499072434688],[-78.132509352064034,-0.145447873647574],[-78.132473654180288,-0.145249958355078],[-78.132465303202451,-0.145237732631545],[-78.132384840516721,-0.145211760148973],[-78.132385586878101,-0.145099427455888],[-78.132367358169859,-0.144998559449306],[-78.132362795975595,-0.144929020740484],[-78.13234533383617,-0.144894635211982],[-78.13230585799991,-0.144850318035714],[-78.132236019652012,-0.144802947679557],[-78.132119120561526,-0.144760931905045],[-78.13206294112193,-0.144677644134679],[-78.132012077744847,-0.144618044942647],[-78.131905044464716,-0.144559216383953],[-78.131876190527393,-0.14447210465837],[-78.131867834945709,-0.144419378093572],[-78.13183746575794,-0.144357484060951],[-78.13178280510796,-0.144280309491343],[-78.131758508171757,-0.144216886432741],[-78.131743319094952,-0.14414658482332],[-78.131728124529616,-0.144028140698089],[-78.131616520106363,-0.143821828528083],[-78.131484392450744,-0.143364107900249],[-78.131465405957798,-0.143275466757167],[-78.131485879812473,-0.143095885182606],[-78.131471440511646,-0.142945346005079],[-78.131457009713642,-0.142868931007622],[-78.131400063475468,-0.142719160960819],[-78.131362854899777,-0.14258925695899],[-78.131330954486316,-0.142414266510581],[-78.131296003796606,-0.142117773928718],[-78.131359714386519,-0.141686776440153],[-78.131324027795287,-0.141591259798466],[-78.131293642320401,-0.14139028753878],[-78.131279214443907,-0.141339854238829],[-78.131180508611408,-0.14109151172722],[-78.131167580210558,-0.140881367443241],[-78.131164541590437,-0.140860735304815],[-78.131130373937495,-0.140772860190965],[-78.131110626683466,-0.140671228377163],[-78.131072647573816,-0.140445039584809],[-78.131072637107138,-0.140355632103361],[-78.130998239333593,-0.140265469290116],[-78.130989126755409,-0.140231847048011],[-78.130979248402568,-0.140140912413234],[-78.130973902192991,-0.139861228127114],[-78.131051297206014,-0.13961974229215],[-78.131004224300284,-0.13952117043455],[-78.130859199088789,-0.13913069873507],[-78.130879669212504,-0.138925135524738],[-78.130882680717775,-0.138716517738519],[-78.130930461430339,-0.138382571271438],[-78.130926654085116,-0.138280937595812],[-78.130916028160456,-0.138287816374078]]}},
{"type":"Feature","properties":{"capa_cad":"ACAD-TOP-BASE PRESA POROTOG-Model|C3D-Superficie_ConMen","color":"#B8A15C"},"geometry":{"type":"LineString","coordinates":[[-78.13941173504935,-0.141285402485166],[-78.13934569515348,-0.14127012685159],[-78.139324439368991,-0.141251789235409],[-78.139044326926523,-0.141082176203039],[-78.138900850493741,-0.140959161533084],[-78.138796088010608,-0.140852954079371],[-78.138603245753231,-0.140499165505655],[-78.138487847920146,-0.14032036309328],[-78.138260083853368,-0.13992378527488],[-78.138134801807951,-0.139605904984075],[-78.138136294733968,-0.139392701022048],[-78.138169674566299,-0.13923451356495],[-78.138233421403356,-0.139116059360046],[-78.138251626928408,-0.139015950727702],[-78.138326748639159,-0.138805030394822],[-78.138456515039351,-0.138531441384683],[-78.138478519627995,-0.138463427467475],[-78.138505070913268,-0.138331222591431],[-78.138511122144607,-0.138153169896587],[-78.138528553831762,-0.137930029701303],[-78.138584700092323,-0.137729045777065],[-78.138603655310206,-0.137551755670489],[-78.138598337139896,-0.137512019394474]]}},
{"type":"Feature","properties":{"capa_cad":"ACAD-TOP-BASE PRESA POROTOG-Model|C3D-Superficie_ConMen","color":"#B8A15C"},"geometry":{"type":"LineString","coordinates":[[-78.132991490424786,-0.146684242058592],[-78.132756895106695,-0.146260155569664],[-78.132654398929162,-0.146047728622468],[-78.132616428014913,-0.145885729420178],[-78.13250404359384,-0.145491431800427],[-78.132466064327659,-0.14525607256329],[-78.13245771334995,-0.14524384683979],[-78.132374214534281,-0.145218638871855],[-78.132374201323884,-0.145101721262517],[-78.132353694329581,-0.144990919342207],[-78.1323536893144,-0.144946597634875],[-78.132347615151019,-0.144931314984135],[-78.132334708548214,-0.144907627276427],[-78.132291436922799,-0.144858725531735],[-78.132237539664771,-0.144819759185616],[-78.132111531406679,-0.144773159452134],[-78.132049278583281,-0.144681466540725],[-78.131995378731148,-0.144619575196937],[-78.131912637084909,-0.144577555520557],[-78.131893659003325,-0.144562274361822],[-78.131864804892984,-0.144473634302947],[-78.131860245882947,-0.144432369807206],[-78.131829876696088,-0.144370475774625],[-78.131771420083183,-0.144287188306504],[-78.131752438349722,-0.144239812141913],[-78.131731934767316,-0.144159576975159],[-78.131717498821928,-0.144037311928575],[-78.131609689669759,-0.143830999320642],[-78.131479081350719,-0.143383976853193],[-78.131453260575626,-0.143270883167037],[-78.131472976515781,-0.14310123585068],[-78.131457017353142,-0.142935413516225],[-78.131441827676881,-0.142860526941796],[-78.131395511528439,-0.142739793993501],[-78.131376526485255,-0.142664143701779],[-78.131354507159912,-0.142605305434306],[-78.131320328267037,-0.142418852752756],[-78.131284617907312,-0.142117011095884],[-78.13134681074412,-0.141689070456817],[-78.131308846638632,-0.141590497417263],[-78.1312769427022,-0.1413864686725],[-78.131245051000647,-0.141287894933193],[-78.13116380908312,-0.141088457032197],[-78.131150879701437,-0.140869906919161],[-78.1311281000783,-0.140801134622589],[-78.131068854364557,-0.140462615864594],[-78.13106808421972,-0.140367859307994],[-78.130982298232681,-0.14025706535231],[-78.13097090464295,-0.140190584224359],[-78.130960239057401,-0.139859701421765],[-78.131036875106133,-0.139618979846734],[-78.130992838953702,-0.13952499262653],[-78.130866796028599,-0.139184953638321],[-78.130844019563554,-0.139143691381159],[-78.130866005082581,-0.138915203000665],[-78.130868257985995,-0.138710406139983],[-78.130913761991266,-0.138380280783154],[-78.13091147520511,-0.138299279418889],[-78.130901608333488,-0.138306158105424]]}},
{"type":"Feature","properties":{"capa_cad":"ACAD-TOP-BASE PRESA POROTOG-Model|C3D-Superficie_ConMen","color":"#B8A15C"},"geometry":{"type":"LineString","coordinates":[[-78.139411733801282,-0.141274704075615],[-78.139354802788603,-0.141260955709666],[-78.1393221600527,-0.141233449375491],[-78.139051156935778,-0.141069184472446],[-78.139016995105337,-0.141033272440152],[-78.138911475882367,-0.14094693352544],[-78.138802158331558,-0.14083461323842],[-78.138619185886455,-0.140498399438959],[-78.138487845317087,-0.140298202120035],[-78.138276783759096,-0.139929132480788],[-78.138147706152935,-0.139608960125129],[-78.138148440653993,-0.139401105450505],[-78.13818561478223,-0.13923451165244],[-78.138250879554903,-0.139114528920875],[-78.138276673575433,-0.138996843433659],[-78.138340413225734,-0.138818019663956],[-78.138468661787115,-0.138546723349463],[-78.138497495625188,-0.138459604320073],[-78.138526321898723,-0.13830905905021],[-78.138531616895591,-0.138154695760906],[-78.138549048765839,-0.137933083904694],[-78.138608229796731,-0.137719872863402],[-78.13862642577206,-0.137541054502059],[-78.138621867758857,-0.137510488192038]]}},
{"type":"Feature","properties":{"capa_cad":"ACAD-TOP-BASE PRESA POROTOG-Model|C3D-Superficie_ConMen","color":"#B8A15C"},"geometry":{"type":"LineString","coordinates":[[-78.132974790026836,-0.146673545600001],[-78.132974790026836,-0.146673545600001]]}},
{"type":"Feature","properties":{"capa_cad":"ACAD-TOP-BASE PRESA POROTOG-Model|C3D-Superficie_ConMen","color":"#B8A15C"},"geometry":{"type":"LineString","coordinates":[[-78.132974790026836,-0.146673545600001],[-78.132748545763917,-0.146262449020779],[-78.132649845803158,-0.146058427486449],[-78.132608077815348,-0.145880381198334],[-78.132494933908475,-0.145482262831364],[-78.13247518815696,-0.145390564991997],[-78.132466827954175,-0.145296573350952],[-78.132456955762521,-0.145256837773086],[-78.132444050890683,-0.145248433408036],[-78.132362829325061,-0.145223989346745],[-78.132363575601374,-0.145110892488492],[-78.132340030575904,-0.144984043402622],[-78.132339267544083,-0.144948891791198],[-78.132328638363774,-0.144927496324269],[-78.132292198919004,-0.144884707133703],[-78.132247410051619,-0.144843447238884],[-78.132224636783519,-0.144828930674479],[-78.132103942251732,-0.144785386999074],[-78.132049281009259,-0.144702863221304],[-78.131982475507527,-0.144625690017503],[-78.131886069765315,-0.144573737740686],[-78.131853419258718,-0.144475163947488],[-78.13184961991027,-0.144439248533958],[-78.13182228754728,-0.144382703321132],[-78.131763071881863,-0.144299415940385],[-78.131745609212729,-0.144260445437475],[-78.131720550526595,-0.144173333293688],[-78.131703076191371,-0.144031964425453],[-78.13160513709164,-0.143846283184649],[-78.131457822950793,-0.143341185980558],[-78.131441874159535,-0.143265535322066],[-78.131460071640959,-0.143092831516821],[-78.131440315541596,-0.142912490457938],[-78.131430442137585,-0.142862820768471],[-78.131383366496848,-0.142738267076214],[-78.131368937533836,-0.142677899588078],[-78.131343880939582,-0.142609891674798],[-78.131309702135965,-0.142424203161503],[-78.131273231929796,-0.142115484096402],[-78.131280813186578,-0.142035245709221],[-78.131333907101848,-0.141691364473422],[-78.131291386991862,-0.14157827280407],[-78.131264799624518,-0.14140175343577],[-78.131254168614603,-0.141365074689114],[-78.131221518214204,-0.141269557708282],[-78.131149387960903,-0.141096100400267],[-78.131136457867811,-0.140871436957509],[-78.131061262759573,-0.140453446766793],[-78.131062012510029,-0.140373973360649],[-78.130972430721101,-0.140258594857198],[-78.13096331859083,-0.14022879344808],[-78.130954960674472,-0.140157726962068],[-78.13095417965026,-0.139970506277287],[-78.130945816779075,-0.139857410640465],[-78.131011830940636,-0.139657955325782],[-78.131019415624166,-0.139608283599513],[-78.130981453697245,-0.139529578984855],[-78.130866040946486,-0.139218577049451],[-78.130828839677264,-0.139153627361506],[-78.130852341766712,-0.138912147974063],[-78.130855351639298,-0.138689775198312],[-78.13089630477053,-0.138388688715785],[-78.130894778400645,-0.138319149757144],[-78.130887188597214,-0.138325264002678]]}},
{"type":"Feature","properties":{"capa_cad":"ACAD-TOP-BASE PRESA POROTOG-Model|C3D-Superficie_ConMen","color":"#B8A15C"},"geometry":{"type":"LineString","coordinates":[[-78.132447092025274,-0.145291990604085],[-78.132453931878388,-0.145366114063724],[-78.132400032213653,-0.145305751001208],[-78.132352204464524,-0.145240802245152],[-78.132440257776324,-0.145267538028012],[-78.132447092025274,-0.145291990604085]]}},
{"type":"Feature","properties":{"capa_cad":"ACAD-TOP-BASE PRESA POROTOG-Model|C3D-Superficie_ConMen","color":"#B8A15C"},"geometry":{"type":"LineString","coordinates":[[-78.13294138931677,-0.146652916851468],[-78.13294138931677,-0.146652916851468]]}},
{"type":"Feature","properties":{"capa_cad":"ACAD-TOP-BASE PRESA POROTOG-Model|C3D-Superficie_ConMen","color":"#B8A15C"},"geometry":{"type":"LineString","coordinates":[[-78.13294138931677,-0.146652916851468],[-78.132729569486941,-0.146263215343416],[-78.132637702475733,-0.146072183883823],[-78.132593655610023,-0.145878854505832],[-78.132491142598482,-0.145517414968074],[-78.132475957292371,-0.145479972496823],[-78.132457731201058,-0.145402029499348],[-78.132340818306261,-0.145237746878752],[-78.132340805270715,-0.145122357607549],[-78.132311183749977,-0.144959593355301],[-78.132224640678075,-0.14486331820211],[-78.132196553945462,-0.144848038080198],[-78.132089522995599,-0.144809842005285],[-78.132030306652098,-0.144720441246211],[-78.131956668887256,-0.144636391324015],[-78.131867094979313,-0.144587494929898],[-78.13182077543037,-0.144435431019642],[-78.131733469045258,-0.144301711852871],[-78.131697782044967,-0.144200845929884],[-78.131675749995964,-0.144029675080296],[-78.131595272881142,-0.143876851000052],[-78.131436569189034,-0.143338895947338],[-78.131418342361712,-0.14325560388737],[-78.13143426504827,-0.143103532852637],[-78.131411469312837,-0.142893389648544],[-78.131405393196161,-0.142861295353107],[-78.131371225509056,-0.142771891827501],[-78.131318071802525,-0.142598432186893],[-78.131287690380049,-0.142431083234133],[-78.131250459975121,-0.14211243009753],[-78.131260315651659,-0.142008502279368],[-78.131308099906349,-0.1416967166731],[-78.131260265005494,-0.141571398964872],[-78.131238235421065,-0.141424681563275],[-78.131219251539292,-0.141359729636276],[-78.131188119779523,-0.141268797479015],[-78.131118267311223,-0.141100689073038],[-78.131114465636017,-0.141045669530423],[-78.131117482784603,-0.140882137532746],[-78.131093189158491,-0.140848517077489],[-78.131115199027121,-0.140825589478259],[-78.131049117640316,-0.140451155707719],[-78.131050628143797,-0.140386201375732],[-78.130942826395881,-0.140247900043245],[-78.130932951539521,-0.140186767902177],[-78.130927607137352,-0.139922366955443],[-78.130917731365869,-0.139853593153954],[-78.130965534905741,-0.139710688333734],[-78.130986774720057,-0.139594532498697],[-78.130960960884039,-0.139543336427935],[-78.130875160678073,-0.139312568423549],[-78.130799999725852,-0.139188018299819],[-78.130825771022657,-0.138879292008021],[-78.130824232550225,-0.138707354763256],[-78.130862147839323,-0.138392513660603],[-78.130861384882124,-0.13835965459823],[-78.130858348942581,-0.138361947462993]]}},
{"type":"Feature","properties":{"capa_cad":"ACAD-TOP-BASE PRESA POROTOG-Model|C3D-Superficie_ConMen","color":"#B8A15C"},"geometry":{"type":"LineString","coordinates":[[-78.139411731304818,-0.141253307256512],[-78.139398067087484,-0.141243374634987],[-78.13936390864032,-0.141236501126032],[-78.139316842360572,-0.141196769745663],[-78.139079999285883,-0.141053133447433],[-78.139030654586406,-0.141002703947728],[-78.138943354550406,-0.1409316463114],[-78.13882264977758,-0.140807864797657],[-78.138725468739338,-0.14062371095531],[-78.138699656726331,-0.140589326297364],[-78.138641196513689,-0.140480820875216],[-78.138537946117779,-0.140323413815701],[-78.138508338540547,-0.14028673710739],[-78.138307905947173,-0.139936006308011],[-78.138295756068175,-0.139893978332792],[-78.138185661032878,-0.139625767352399],[-78.138187152968356,-0.139404157496678],[-78.138225845666199,-0.139241384367419],[-78.138287315695067,-0.139125987115787],[-78.138314626655344,-0.138998367214709],[-78.138356360248167,-0.138875330600785],[-78.138502820673907,-0.138557417631177],[-78.138537723429835,-0.138440495177145],[-78.138568825691678,-0.138280015396178],[-78.138572606398682,-0.13815774748969],[-78.138590038361102,-0.137936899797076],[-78.138654530788997,-0.137706876328249],[-78.13867120855474,-0.137527293972203],[-78.138668169756798,-0.137505897535926]]}},
{"type":"Feature","properties":{"capa_cad":"ACAD-TOP-BASE PRESA POROTOG-Model|C3D-Superficie_ConMen","color":"#B8A15C"},"geometry":{"type":"LineString","coordinates":[[-78.132437224060965,-0.145289699230714],[-78.132441783733654,-0.145337077090135],[-78.132377255065734,-0.145256846893491],[-78.132430390674742,-0.145272888329063],[-78.132437224060965,-0.145289699230714]]}},
{"type":"Feature","properties":{"capa_cad":"ACAD-TOP-BASE PRESA POROTOG-Model|C3D-Superficie_ConMen","color":"#B8A15C"},"geometry":{"type":"LineString","coordinates":[[-78.132924689004682,-0.14664298456152],[-78.132712109606729,-0.146248698141427],[-78.132632390037912,-0.146080590331177],[-78.132585305496477,-0.145874270451658],[-78.132492664151073,-0.145547981493138],[-78.132474440475718,-0.145491435181985],[-78.132466090017147,-0.145483794461331],[-78.132445586332537,-0.145402030887581],[-78.132351448688894,-0.145269840691924],[-78.132328674301931,-0.145245389942193],[-78.132328660921772,-0.145126944002831],[-78.132300558461566,-0.144972585418731],[-78.132206423985224,-0.14486866946381],[-78.132081933840396,-0.144822069551735],[-78.132018162394843,-0.144725791811509],[-78.131944524631209,-0.144641741889808],[-78.131857228146131,-0.144595137735001],[-78.131807112461516,-0.14443543259265],[-78.131724361877161,-0.144314703740654],[-78.13168563814169,-0.144209253166658],[-78.131662086854959,-0.144028148324279],[-78.131592239107007,-0.14389824802304],[-78.131554270729055,-0.143760702380572],[-78.131503397027899,-0.143610931573136],[-78.131413032489633,-0.143286171173951],[-78.131406196979981,-0.1432510202976],[-78.131421361752118,-0.143108883520351],[-78.131399325159322,-0.14289950439686],[-78.131390970301368,-0.142853655366011],[-78.131360599024148,-0.142774185566398],[-78.131303648027156,-0.142583150537032],[-78.131277824095619,-0.142443311053704],[-78.131238314502937,-0.14210708235397],[-78.131251204447494,-0.141986342515075],[-78.131295196264489,-0.141699010689518],[-78.131245842903041,-0.141570636494662],[-78.131223054620705,-0.141426975850741],[-78.131201033637836,-0.141354382616321],[-78.131104604530805,-0.141102219018793],[-78.131109134357743,-0.140892072684818],[-78.131081804519226,-0.14085845258861],[-78.131070415511132,-0.140830943940699],[-78.131105328570314,-0.140801901482953],[-78.131043804446904,-0.140452684670876],[-78.131043796754653,-0.14038696635284],[-78.130929922134939,-0.1402448449103],[-78.130920047816147,-0.140188297768367],[-78.130915463455054,-0.1399323025647],[-78.130904068230947,-0.139852066448756],[-78.130941248802799,-0.139741257887125],[-78.130971593567907,-0.139593770144189],[-78.130879720586108,-0.139359946194348],[-78.130797727259491,-0.139227755221244],[-78.13078406060626,-0.139196426037395],[-78.130811349830196,-0.138886171235343],[-78.130809810090895,-0.138703535664103],[-78.130843929115073,-0.13838028919243]]}},
{"type":"Feature","properties":{"capa_cad":"ACAD-TOP-BASE PRESA POROTOG-Model|C3D-Superficie_ConMen","color":"#B8A15C"},"geometry":{"type":"LineString","coordinates":[[-78.139411729699745,-0.141239552158511],[-78.139401861043751,-0.141231911604555],[-78.1393730162753,-0.141227329983702],[-78.139309249275556,-0.141175373826494],[-78.139093661357876,-0.141044725938543],[-78.139035206883079,-0.140985127455453],[-78.138952461643413,-0.140917890139363],[-78.138833274984947,-0.140794108446035],[-78.138741408695324,-0.140621416546873],[-78.138713319238192,-0.140584739644157],[-78.138660173508029,-0.140485403648446],[-78.138500743918556,-0.14025235029369],[-78.13831549517721,-0.139924542831277],[-78.138310936868194,-0.139890919834573],[-78.138203119635776,-0.139628057777618],[-78.138211462145449,-0.13956768724552],[-78.138209164473452,-0.139394220631886],[-78.138243305446125,-0.139253609014074],[-78.138307051202517,-0.139125984745945],[-78.138341190694263,-0.138973146365521],[-78.138383683433972,-0.138850873827849],[-78.138513450032931,-0.138578813151962],[-78.138549112941249,-0.138471060664281],[-78.138589319259211,-0.138271607032537],[-78.138610533296273,-0.137939954000702],[-78.138675026274697,-0.137714515557563],[-78.13869322078402,-0.137523470439493],[-78.138690941227367,-0.13750360225382]]}},
{"type":"Feature","properties":{"capa_cad":"ACAD-TOP-BASE PRESA POROTOG-Model|C3D-Superficie_ConMen","color":"#B8A15C"},"geometry":{"type":"LineString","coordinates":[[-78.132427356096713,-0.145287407857377],[-78.132429635588352,-0.145308040117159],[-78.132401546699327,-0.145273655796761],[-78.132425837211827,-0.145280530524313],[-78.132427356096713,-0.145287407857377]]}},
{"type":"Feature","properties":{"capa_cad":"ACAD-TOP-BASE PRESA POROTOG-Model|C3D-Superficie_ConMen","color":"#B8A15C"},"geometry":{"type":"LineString","coordinates":[[-78.139411727916141,-0.141224268716292],[-78.139379846466397,-0.141215866594308],[-78.13931152466732,-0.141160090116176],[-78.139103527779866,-0.141033262191349],[-78.139048109716825,-0.140975191692319],[-78.13896688268197,-0.140908718368071],[-78.138843141223305,-0.14078111635593],[-78.138757348651524,-0.140619122138379],[-78.138724704127313,-0.140576332403152],[-78.138676113731691,-0.140485401753112],[-78.13856147575467,-0.140313476784555],[-78.138521239835754,-0.140263810425485],[-78.138330676697677,-0.139927597704485],[-78.138324599282257,-0.139885569003398],[-78.13822209689603,-0.139634933049181],[-78.138232714053103,-0.139553165446594],[-78.13823041845707,-0.139397274770099],[-78.138263800282218,-0.139255899069432],[-78.138276700196769,-0.139221509810639],[-78.138322992778328,-0.139137445402538],[-78.13835789096747,-0.13898155024342],[-78.138395071481639,-0.138869212572133],[-78.138527873409686,-0.138589509814337],[-78.138568088939635,-0.138467237516713],[-78.138610570427232,-0.138250971831648],[-78.138631028231814,-0.13794300820442],[-78.138691728116285,-0.137735910336946],[-78.138687929623487,-0.137709164790451],[-78.138703862341814,-0.13764650078195],[-78.138714471756586,-0.137501306879351]]}},
{"type":"Feature","properties":{"capa_cad":"ACAD-TOP-BASE PRESA POROTOG-Model|C3D-Superficie_ConMen","color":"#B8A15C"},"geometry":{"type":"LineString","coordinates":[[-78.13290798869275,-0.146633052271851],[-78.132709074844442,-0.146261689335573],[-78.132627077600048,-0.146088996778468],[-78.132579233404883,-0.14587732781336],[-78.132498741663994,-0.145593066680215],[-78.132468368902551,-0.145499077550075],[-78.132455463687705,-0.145487616512447],[-78.132437997254826,-0.145415022601444],[-78.132354487579846,-0.145293529532937],[-78.132315770898387,-0.145249976422954],[-78.132315758209614,-0.145137643823671],[-78.132288414718928,-0.144982520986679],[-78.132194280157989,-0.144877840864738],[-78.132075862793116,-0.144834296923746],[-78.132009814013799,-0.144736491110642],[-78.131931621321343,-0.144647092542737],[-78.131849638474549,-0.144602780278134],[-78.131848122013949,-0.144617299626215],[-78.131846601652256,-0.144597431458047],[-78.131805597391732,-0.144462178612392],[-78.13179117198419,-0.144432377759849],[-78.131712976852711,-0.144321582555087],[-78.13167197534851,-0.144210783076119],[-78.131648423801209,-0.144027385735199],[-78.131585408669906,-0.143907418814936],[-78.131551996621397,-0.143787448483075],[-78.131514791126975,-0.143683526100562],[-78.13140316514415,-0.143289228986736],[-78.131394809951217,-0.143240323285979],[-78.131408458456065,-0.143114234187953],[-78.1313849020014,-0.142889571909173],[-78.131378825621283,-0.142855185114352],[-78.131294540970345,-0.142596906600177],[-78.131266438470874,-0.142444840717514],[-78.131226928437556,-0.142104791188019],[-78.131241334896998,-0.14197029617314],[-78.131282292622785,-0.141701304705877],[-78.131227624203731,-0.141558411971703],[-78.1312101524897,-0.141442260702199],[-78.131195724527871,-0.141391063238656],[-78.131158517678841,-0.141277206801122],[-78.131112961945988,-0.141169464688337],[-78.131093977340512,-0.141098399440479],[-78.131100026342864,-0.140897422927312],[-78.13106130910181,-0.14085004918048],[-78.131048401363103,-0.140817191547264],[-78.131095458023907,-0.140777449321533],[-78.131038491790036,-0.14045879863293],[-78.13103924377755,-0.140398429390548],[-78.130919295570763,-0.140246374505349],[-78.130910182724065,-0.140210459766514],[-78.130902559193771,-0.139929247435399],[-78.130890405006383,-0.139849775577203],[-78.130923790851597,-0.139743552467787],[-78.130954893679828,-0.13958765880589],[-78.130884280402128,-0.139406559799146],[-78.130784066290914,-0.139244568515206],[-78.130768881261673,-0.139210947014301],[-78.130796169946692,-0.138896107218827],[-78.13079538772233,-0.138700480731359],[-78.130827991544606,-0.138401687769552]]}},
{"type":"Feature","properties":{"capa_cad":"ACAD-TOP-BASE PRESA POROTOG-Model|C3D-Superficie_ConMen","color":"#B8A15C"},"geometry":{"type":"LineString","coordinates":[[-78.132891288295639,-0.146622355814736],[-78.132694651867453,-0.1462532851298],[-78.132621006021992,-0.146096639144429],[-78.132573161313317,-0.145880385175045],[-78.132512412815259,-0.145665661030741],[-78.132463815868533,-0.145510540581909],[-78.132444837358349,-0.145491438563504],[-78.132426611440764,-0.145415023902784],[-78.132326400590316,-0.145275956896754],[-78.132302867667505,-0.145256091238265],[-78.13230209497533,-0.145135352886545],[-78.132276271062779,-0.144993220721738],[-78.132182136330798,-0.144887012265463],[-78.132062959567335,-0.144840411742351],[-78.132001465632726,-0.144747190409616],[-78.131918718011605,-0.144652443195554],[-78.131871653810521,-0.144627231092421],[-78.13187165476397,-0.144635636929907],[-78.131839773721808,-0.144628763091501],[-78.131791175108887,-0.144459887771467],[-78.131698554918373,-0.14432234838379],[-78.131658312555487,-0.144212312985535],[-78.131634001258561,-0.144022802399365],[-78.131577818917691,-0.143914297193887],[-78.131552000284429,-0.143819543489888],[-78.131510998390283,-0.143705687377214],[-78.131397094554529,-0.143305277193077],[-78.131382665182784,-0.143241088863479],[-78.131395555160125,-0.143119584855409],[-78.131369719351014,-0.142875818676592],[-78.131280876864793,-0.142586974028569],[-78.131255812340171,-0.142450191125739],[-78.131215542460623,-0.142103264188725],[-78.131232223692265,-0.141948136409515],[-78.131269388981224,-0.141703598722159],[-78.131211683285471,-0.141551536347431],[-78.131193452784089,-0.141437677668788],[-78.131145614928485,-0.141287142487482],[-78.131115244441787,-0.141215314411881],[-78.131084869235693,-0.141102985514727],[-78.131090158829167,-0.140898952426828],[-78.131045368806326,-0.140848522732466],[-78.131026387393732,-0.140804967487308],[-78.131084828870002,-0.140756818082932],[-78.131032418917542,-0.140454978520693],[-78.13103241238845,-0.140399194367571],[-78.130906391310106,-0.140243319372472],[-78.130895758834313,-0.140194413985801],[-78.130891176090543,-0.13995217378254],[-78.130875982818765,-0.139848248962483],[-78.130897987630988,-0.139782528030555],[-78.130938952755045,-0.139580783210735],[-78.130888840306369,-0.139453937570682],[-78.130755220835027,-0.139232345305794],[-78.130755215510945,-0.139187259494393],[-78.130781748844939,-0.138903750612048],[-78.130780207025595,-0.138703539220373],[-78.130809777541145,-0.138429199950855]]}},
{"type":"Feature","properties":{"capa_cad":"ACAD-TOP-BASE PRESA POROTOG-Model|C3D-Superficie_ConMen","color":"#B8A15C"},"geometry":{"type":"LineString","coordinates":[[-78.139411726221539,-0.141209749446182],[-78.139385917687846,-0.141205167466669],[-78.139303172433713,-0.141137930115157],[-78.139117189852001,-0.141024854682033],[-78.139056457752602,-0.140961435609261],[-78.138985099460015,-0.140903367005734],[-78.138853766430529,-0.140767360003784],[-78.138775566230791,-0.140620648317711],[-78.138736848074799,-0.140567925071784],[-78.138692053865924,-0.140484635686142],[-78.138571342523818,-0.140305069722784],[-78.138528070102097,-0.140253111210646],[-78.138344339742218,-0.139927596073429],[-78.138332946579396,-0.139865699550245],[-78.138241074156582,-0.139641808320941],[-78.138253965960956,-0.139538643647106],[-78.138252429962918,-0.139387337904756],[-78.138279742579741,-0.139273473098252],[-78.138296435975533,-0.139223799956545],[-78.138341210894623,-0.139143556586287],[-78.138377626385378,-0.138980783699599],[-78.138414806627878,-0.13886615351197],[-78.13854305584465,-0.13860020638548],[-78.13858554754988,-0.138469527924669],[-78.138631822233194,-0.138235685831091],[-78.138649246358526,-0.137949119370476],[-78.138708430140667,-0.137758833460237],[-78.138700834161781,-0.137713748254458],[-78.138729664004074,-0.137593769804714],[-78.138737243228064,-0.137499011597015]]}},
{"type":"Feature","properties":{"capa_cad":"ACAD-TOP-BASE PRESA POROTOG-Model|C3D-Superficie_ConMen","color":"#B8A15C"},"geometry":{"type":"LineString","coordinates":[[-78.132857887587249,-0.146601727069113],[-78.132739450460903,-0.146381660204904],[-78.132608103382822,-0.146108103124724],[-78.132589119220015,-0.146038566037361],[-78.132557979710583,-0.145875801898997],[-78.132451672722013,-0.145525825317652],[-78.132422825215016,-0.145495261915019],[-78.132406877494901,-0.14542801700427],[-78.13239852634706,-0.145414262945317],[-78.132311980803379,-0.145295826897623],[-78.132278579486908,-0.145269849029405],[-78.132275528943069,-0.145142997602504],[-78.132251983664105,-0.145013856023837],[-78.132160885238861,-0.14490841138693],[-78.13205840870468,-0.14487097895189],[-78.132043985207758,-0.144857989765198],[-78.131984009816463,-0.144768589094241],[-78.131898225549563,-0.144670021393653],[-78.131822317996836,-0.144650925941802],[-78.131772200759741,-0.14447746579624],[-78.131675025816222,-0.144336106099475],[-78.131631746371383,-0.144218429384249],[-78.131608193607505,-0.144024333713493],[-78.131574788279181,-0.14396320422283],[-78.131503412915634,-0.143750009930071],[-78.131372043863038,-0.1432884684338],[-78.131359133298432,-0.143230393263031],[-78.131368988287889,-0.143119587944301],[-78.131340873035683,-0.142855953702542],[-78.13126266151933,-0.142603787821082],[-78.131248991604579,-0.142543420252348],[-78.1312338003208,-0.142454778697648],[-78.131192770948758,-0.142104031023141],[-78.13120945094218,-0.141938204914678],[-78.131239033047478,-0.141757093953367],[-78.131242821936354,-0.141702073510787],[-78.131179042484945,-0.141538549355302],[-78.131163091717298,-0.141446851242458],[-78.131116772592904,-0.141301665051569],[-78.131063615122571,-0.141097638857781],[-78.131070442685214,-0.141064014725146],[-78.131072701941989,-0.140910416988202],[-78.131008933183708,-0.14083935704338],[-78.13098235909915,-0.14077746270294],[-78.131065087775326,-0.140707913762143],[-78.131021033477708,-0.140458036536946],[-78.131021028022218,-0.140411422382068],[-78.130876786986505,-0.140232624559454],[-78.130871470300889,-0.140204351034817],[-78.130866128685994,-0.13996363925978],[-78.130848656460287,-0.139844431385935],[-78.130906312033019,-0.139568560444359],[-78.130724862145669,-0.139261387257488],[-78.130727888431906,-0.139177328603804],[-78.130751389982777,-0.138931264240667],[-78.130751362198794,-0.138696665188785],[-78.1307725905708,-0.138484988568393]]}},
{"type":"Feature","properties":{"capa_cad":"ACAD-TOP-BASE PRESA POROTOG-Model|C3D-Superficie_ConMen","color":"#B8A15C"},"geometry":{"type":"LineString","coordinates":[[-78.139411723277831,-0.141184531766537],[-78.139395782597333,-0.141180712792089],[-78.13929102267474,-0.141096666262968],[-78.139144513996513,-0.141008039662788],[-78.139073912882381,-0.140933923352576],[-78.13900938673973,-0.14088120314277],[-78.138877294646392,-0.140745196230703],[-78.138802131660938,-0.140606890071194],[-78.138759617853268,-0.14055111058891],[-78.138726211937524,-0.140488452482876],[-78.138594872071437,-0.140294368519389],[-78.138545526554196,-0.140237061529219],[-78.138458217254851,-0.140087294318406],[-78.138369388027598,-0.139922243883222],[-78.138361789974269,-0.139858818562639],[-78.13827826953036,-0.139654794784553],[-78.138297228744932,-0.139508835784187],[-78.138295695453976,-0.139380455177022],[-78.138320732253561,-0.13927805320983],[-78.138340460977375,-0.139220737988108],[-78.138376887979447,-0.139155014874032],[-78.138420890699578,-0.138963966726595],[-78.138444412341272,-0.138886782579766],[-78.138572661656795,-0.138621599620073],[-78.138619706349871,-0.138479458033417],[-78.138673567607896,-0.138211991464535],[-78.13868417563387,-0.13805457082516],[-78.138682646471267,-0.137962106242505],[-78.138731967894685,-0.137816907651854],[-78.138735757516869,-0.137769528548817],[-78.138726642598371,-0.137717565981226],[-78.13878202720575,-0.137495185295946]]}},
{"type":"Feature","properties":{"capa_cad":"ACAD-TOP-BASE PRESA POROTOG-Model|C3D-Superficie_ConMen","color":"#B8A15C"},"geometry":{"type":"LineString","coordinates":[[-78.139411721850365,-0.141172305012752],[-78.139404131173308,-0.141171541738851],[-78.139295575420107,-0.14108291062717],[-78.139158176068918,-0.140999632152843],[-78.139086815805442,-0.140924751760393],[-78.139027603518301,-0.140875851779759],[-78.138884124113872,-0.140727619469513],[-78.138821108388882,-0.140609180331886],[-78.138771761890524,-0.140543467428676],[-78.138736837678039,-0.140479281159414],[-78.138607016374507,-0.140289017872314],[-78.138555393592071,-0.140230946981512],[-78.138475676400816,-0.140094169779964],[-78.138383050982611,-0.139921478080643],[-78.138372415075807,-0.139844298036502],[-78.138297246791765,-0.139661670056955],[-78.13831848128541,-0.139499663182636],[-78.138316949348877,-0.139382745143741],[-78.1383397094272,-0.139284164304769],[-78.138362473478921,-0.139219207003777],[-78.138395106096525,-0.139161126058309],[-78.13846035383061,-0.138897479062829],[-78.138590120539575,-0.138626182545077],[-78.13863868225846,-0.138474870714103],[-78.138694819049789,-0.138193648775815],[-78.138701638808755,-0.138095069808745],[-78.138699346573631,-0.137968981764595],[-78.138739562498941,-0.137850530284604],[-78.138747142384346,-0.137761121279488],[-78.138739546771149,-0.137719092758827],[-78.138779756718918,-0.137550970105971],[-78.138799485728882,-0.137496711517573]]}},
{"type":"Feature","properties":{"capa_cad":"ACAD-TOP-BASE PRESA POROTOG-Model|C3D-Superficie_ConMen","color":"#B8A15C"},"geometry":{"type":"LineString","coordinates":[[-78.132841187276014,-0.146591794780567],[-78.132745526574936,-0.146414518724055],[-78.132606587331168,-0.146126443318213],[-78.132582288245047,-0.146043151819597],[-78.132545832779613,-0.145857463262316],[-78.132444082695784,-0.145530411189042],[-78.13241371733892,-0.145502140462109],[-78.13239701047894,-0.145434131471132],[-78.13237271660698,-0.145397454212607],[-78.1323059096636,-0.145307290102303],[-78.132267194882203,-0.145280548674448],[-78.132261117186246,-0.145233935163551],[-78.132261865795627,-0.145141470832674],[-78.132239840008026,-0.145024555758181],[-78.13215937024448,-0.144935921581618],[-78.132151018746953,-0.144919110860265],[-78.132049301181439,-0.144880914170276],[-78.132024249457984,-0.144854935361586],[-78.131974902381302,-0.144779288479895],[-78.131894432099699,-0.144686069338055],[-78.131875454539667,-0.144675373180016],[-78.131813210650691,-0.144662389493814],[-78.131761574874346,-0.144485108688962],[-78.13166440010643,-0.144345277326624],[-78.13162036126154,-0.144224544032168],[-78.131594530554395,-0.144023571124446],[-78.131566439473033,-0.143970082689054],[-78.131499620090437,-0.143771407039485],[-78.13135761992055,-0.1432716584411],[-78.131347746970732,-0.143225809585569],[-78.13135684518538,-0.143134872690326],[-78.131326449790336,-0.142845257049189],[-78.131242163029228,-0.142568638548568],[-78.131225453376516,-0.142477704671567],[-78.131181385060501,-0.142103268190445],[-78.131201097552022,-0.14190534673055],[-78.13123143719929,-0.141711244848117],[-78.131163101655986,-0.141532437898135],[-78.131153226687303,-0.141469777401058],[-78.131112982124421,-0.141342930491758],[-78.131109180727393,-0.141290203448187],[-78.131100071377475,-0.141284091189597],[-78.13109855078234,-0.141262694705831],[-78.131052228612461,-0.141091526869756],[-78.131062849037136,-0.141037269793778],[-78.131063593927294,-0.140915767230363],[-78.130990715283659,-0.140834010032578],[-78.130960345309148,-0.140766766977261],[-78.13096869302008,-0.140750718494122],[-78.131054458263435,-0.140684225858757],[-78.131014961231244,-0.140459565590051],[-78.13101495640197,-0.140418300600707],[-78.130866160333284,-0.140233389988155],[-78.13085856586153,-0.140199767569796],[-78.130853985093694,-0.139974339034367],[-78.13083347557945,-0.139845961527141],[-78.130890371468865,-0.139564741515266],[-78.130710441944103,-0.139276672308186],[-78.130736210370884,-0.138943492721824],[-78.130736939015719,-0.138686732759707],[-78.130754376566117,-0.138512500746972]]}},
{"type":"Feature","properties":{"capa_cad":"ACAD-TOP-BASE PRESA POROTOG-Model|C3D-Superficie_ConMen","color":"#B8A15C"},"geometry":{"type":"LineString","coordinates":[[-78.132825245934129,-0.146581098238641],[-78.132728826263929,-0.146404586439173],[-78.132598997129904,-0.146129500851208],[-78.132573178906256,-0.146037039515565],[-78.132543557505883,-0.145874275206605],[-78.132438011122503,-0.145538053556727],[-78.132403850064136,-0.145505962426171],[-78.132387143549195,-0.145441010105288],[-78.132344629446052,-0.14537835323888],[-78.132299838523736,-0.145318753306859],[-78.132253532252506,-0.145283606906755],[-78.132248213783484,-0.145238521644131],[-78.132248962997707,-0.145151406485386],[-78.132227696265545,-0.145034491325026],[-78.132151781346877,-0.144950441629688],[-78.132140393200942,-0.144929810420485],[-78.132051580246682,-0.144897725586594],[-78.132033361393681,-0.144883972667976],[-78.132012105286634,-0.144861050092549],[-78.131966554086617,-0.144790751945317],[-78.131887602260818,-0.144700589297118],[-78.131865588139007,-0.144686836819618],[-78.131804103217831,-0.144673088878625],[-78.131751708389814,-0.144495808162057],[-78.131655292851491,-0.144357505046327],[-78.131608975717072,-0.144226837845618],[-78.131580867414385,-0.144022044368579],[-78.131561886893181,-0.143985366551911],[-78.131494308634345,-0.14378821932362],[-78.13134091794187,-0.143247207046455],[-78.131335601064094,-0.143216640996278],[-78.131343941977562,-0.143140987523962],[-78.131312026984347,-0.142838381229461],[-78.131231536898113,-0.142573988955509],[-78.131213307729936,-0.142470828590991],[-78.131169998995674,-0.142100977024635],[-78.131191986257946,-0.141882422801629],[-78.131218533558254,-0.141713538864155],[-78.131147920324082,-0.141530147184608],[-78.131139564704498,-0.141478184841425],[-78.131109191743263,-0.1413849600982],[-78.131103868065594,-0.141296317406686],[-78.131086408241416,-0.141282564467036],[-78.131089442499018,-0.141265752445731],[-78.131043120241031,-0.1410938204444],[-78.131054498383392,-0.141028100781814],[-78.131054485912628,-0.140921117472434],[-78.130972497473039,-0.140829427188387],[-78.130937571574165,-0.140748429677619],[-78.131044587804368,-0.140660537865901],[-78.131009648037974,-0.140461094553115],[-78.131009643745401,-0.140424414562761],[-78.130853256073195,-0.140230334855539],[-78.130847941000084,-0.140215816325925],[-78.130841841321939,-0.139983510476034],[-78.13081829514789,-0.13985131249997],[-78.130819051416395,-0.139827623253084],[-78.130875190137999,-0.139562450828412],[-78.130714241266872,-0.13931105933622],[-78.130691466793763,-0.139286608739472],[-78.130698294120847,-0.139251456274523],[-78.130721030578243,-0.138954192870122],[-78.130722516738615,-0.138684441993599],[-78.130736162561021,-0.138540012924637]]}},
{"type":"Feature","properties":{"capa_cad":"ACAD-TOP-BASE PRESA POROTOG-Model|C3D-Superficie_ConMen","color":"#B8A15C"},"geometry":{"type":"LineString","coordinates":[[-78.139411720512015,-0.141160842431092],[-78.139303164668021,-0.141071447147839],[-78.139168801549602,-0.140988168314641],[-78.13889399026236,-0.140713863206451],[-78.138837048346161,-0.140606885923005],[-78.138783146779886,-0.140535060186815],[-78.138755055526033,-0.14048309985152],[-78.138619160677649,-0.140283667225136],[-78.138562223858301,-0.140220247766161],[-78.138499209360575,-0.140112507090161],[-78.138396714027778,-0.139921476449467],[-78.138384559013943,-0.139835890700108],[-78.13831698383288,-0.139674658609774],[-78.138340491529675,-0.139479027918921],[-78.138338960856231,-0.139372808277279],[-78.138357169298928,-0.139297153124619],[-78.138382209349643,-0.139222261321162],[-78.13841408263832,-0.139161887951541],[-78.138476295320075,-0.138908175546182],[-78.138602267469381,-0.138642992855741],[-78.138656140869799,-0.138477161122266],[-78.138715312254149,-0.138182183722992],[-78.138716046584889,-0.137975093115249],[-78.138747157102301,-0.137884152917817],[-78.138758527251852,-0.137752714009968],[-78.138752450944082,-0.137720619536455],[-78.138779004345878,-0.137606754731425],[-78.138817703218933,-0.137497473475267]]}},
{"type":"Feature","properties":{"capa_cad":"ACAD-TOP-BASE PRESA POROTOG-Model|C3D-Superficie_ConMen","color":"#B8A15C"},"geometry":{"type":"LineString","coordinates":[[-78.132808545623234,-0.146571165950676],[-78.132718199586478,-0.146405351812247],[-78.132702254566311,-0.146361796067152],[-78.132591406842977,-0.146131794216618],[-78.132566348017178,-0.146042389465248],[-78.13253596670468,-0.145871983568649],[-78.132431939549207,-0.145545695924313],[-78.132393223735193,-0.145509784476858],[-78.132378035587564,-0.145447124485202],[-78.132309709763319,-0.145350083039113],[-78.132293767383786,-0.145330216511291],[-78.132242906702047,-0.145294306464593],[-78.132234549687269,-0.145228589033004],[-78.132236059595471,-0.145155992966848],[-78.132215552609509,-0.145045191058908],[-78.132143433481545,-0.144965725931837],[-78.132129767654931,-0.144940509980499],[-78.132041713755768,-0.144908425058962],[-78.132015903238639,-0.144884738838347],[-78.131957446651384,-0.144801451330621],[-78.131886086232058,-0.144718929480826],[-78.1318526853496,-0.144696772473804],[-78.131795754925434,-0.144684552343058],[-78.131744878987931,-0.144514148955179],[-78.131643907740596,-0.14436361969299],[-78.131599109062464,-0.144236008985722],[-78.13156796367646,-0.144023574192444],[-78.131486719145116,-0.14379739020315],[-78.131332569229485,-0.143254849683105],[-78.131324215612565,-0.143219698985788],[-78.131330278489315,-0.14313640411217],[-78.131299123427382,-0.142841439399573],[-78.131219391780121,-0.142571697873508],[-78.131201922458132,-0.14247541492079],[-78.131159373220925,-0.142109384101833],[-78.13118211661812,-0.141865612294829],[-78.131205629917389,-0.141715832880151],[-78.131130460856696,-0.141519450907041],[-78.131125902810496,-0.141487356448122],[-78.131103882366261,-0.141419348217809],[-78.131097796083949,-0.141300138955025],[-78.131073504247624,-0.141281801821548],[-78.131076537171865,-0.141253527302782],[-78.131031733553087,-0.141086180123541],[-78.131043873508318,-0.141044149533042],[-78.131045377898033,-0.140926467714399],[-78.130954279662703,-0.140824844344313],[-78.130915557427869,-0.140734677287266],[-78.130925423601241,-0.140721685290485],[-78.131032440542583,-0.140639906809103],[-78.131030157756271,-0.140591764590599],[-78.131003575791567,-0.140462623606185],[-78.131003572035681,-0.140430528614799],[-78.130845665990591,-0.140234156588994],[-78.130834276970518,-0.140206647952935],[-78.130829697550226,-0.139992681917482],[-78.130815263964692,-0.139894106176436],[-78.130803114267437,-0.139852842641024],[-78.13080462806181,-0.139816162476448],[-78.130860008807318,-0.139560160141609],[-78.13072942764461,-0.139356143331058],[-78.130669455161538,-0.139294253034851],[-78.130688419395213,-0.139191852487632],[-78.130706608572964,-0.138954194599419],[-78.130703558251696,-0.138834985026844],[-78.13070809437113,-0.138681387061278],[-78.130718707427093,-0.138565996677606]]}},
{"type":"Feature","properties":{"capa_cad":"ACAD-TOP-BASE PRESA POROTOG-Model|C3D-Superficie_ConMen","color":"#B8A15C"},"geometry":{"type":"LineString","coordinates":[[-78.139411718727374,-0.141145558988873],[-78.139300126290237,-0.141053107378504],[-78.13918246362212,-0.140979760804263],[-78.138904615558701,-0.140700871024825],[-78.138853747362035,-0.140604591423846],[-78.138794531669291,-0.14052665294478],[-78.138770995661361,-0.140482333784393],[-78.138630545922666,-0.140278316668216],[-78.138566017262889,-0.140204199711598],[-78.13850224343561,-0.140094166612152],[-78.138409617925021,-0.139920710737455],[-78.138398980666793,-0.139832068120056],[-78.138334442257403,-0.139675420693153],[-78.138361743438466,-0.139464506116576],[-78.138360214751941,-0.139375098243902],[-78.13837994031644,-0.139291037022167],[-78.13840422194248,-0.139221494508199],[-78.13843230075598,-0.139167999136099],[-78.138489201756116,-0.138928806624405],[-78.13861972635253,-0.13864757578117],[-78.138673599390415,-0.138478687358855],[-78.138735805732281,-0.138173011184724],[-78.138735023223191,-0.137976619160327],[-78.13875551021485,-0.137913190429449],[-78.13876915351851,-0.137748127690775],[-78.138765355117144,-0.13772214631411],[-78.13878659804115,-0.137632735647212],[-78.138823781457049,-0.137545615555497],[-78.138835920709255,-0.137498235432971]]}},
{"type":"Feature","properties":{"capa_cad":"ACAD-TOP-BASE PRESA POROTOG-Model|C3D-Superficie_ConMen","color":"#B8A15C"},"geometry":{"type":"LineString","coordinates":[[-78.139411714889704,-0.141112699588109],[-78.139290253793732,-0.141012607429585],[-78.139213583418098,-0.140966002021039],[-78.138925107003246,-0.140674122579155],[-78.138882590506526,-0.140595417935889],[-78.138815782972941,-0.140506781953815],[-78.138800598398973,-0.140477745234045],[-78.138654834619274,-0.140268379544849],[-78.138580436942931,-0.140183565361316],[-78.138537161908872,-0.140109445879185],[-78.138438462492445,-0.139923763979628],[-78.138423268453408,-0.139814489274954],[-78.138372396691992,-0.139688407068015],[-78.138405006224346,-0.139434698247816],[-78.138404238672351,-0.139362866223808],[-78.138417136150338,-0.139307844332911],[-78.138448246857976,-0.139217668367716],[-78.138467977933999,-0.139180221596864],[-78.138524878666104,-0.138938736563658],[-78.138649332165912,-0.138668969018338],[-78.138711551573607,-0.138472569406089],[-78.138769207577653,-0.13820051732613],[-78.138772976044166,-0.137975850392182],[-78.138791163463708,-0.137725199869504],[-78.138852629244127,-0.137575414748938],[-78.138872355690808,-0.137499759348394]]}},
{"type":"Feature","properties":{"capa_cad":"ACAD-TOP-BASE PRESA POROTOG-Model|C3D-Superficie_ConMen","color":"#B8A15C"},"geometry":{"type":"LineString","coordinates":[[-78.132775144916522,-0.146550537207935],[-78.13269922390846,-0.146411467305629],[-78.132672649046128,-0.14634040273402],[-78.132582300675438,-0.146153956110109],[-78.132550407789523,-0.146041627110909],[-78.132522304155742,-0.145875805962226],[-78.132422074081788,-0.145565565403744],[-78.132372730131763,-0.145517428491313],[-78.132356023962586,-0.145455532841484],[-78.132291494100954,-0.14536460430137],[-78.13221634084239,-0.145303479510928],[-78.132208742968814,-0.145238526161195],[-78.132209493564574,-0.145163637681819],[-78.132191265211105,-0.145065826358726],[-78.132129774225945,-0.144998586689007],[-78.132109275616926,-0.144961909012877],[-78.132030330713604,-0.14493287971397],[-78.132012111601881,-0.144916834293606],[-78.131980227615898,-0.144883978764699],[-78.131936954186244,-0.144819029526665],[-78.131873944661137,-0.14474796922377],[-78.131829916246147,-0.144718935933723],[-78.13177754014616,-0.144706715278802],[-78.131726664646507,-0.144540132727359],[-78.131629489280485,-0.144394952196302],[-78.13159000693669,-0.144293322549981],[-78.131571781739581,-0.144223785466792],[-78.131541396102563,-0.144017463925823],[-78.131482930242683,-0.143853174817288],[-78.131305240327407,-0.143228871190375],[-78.131300683729279,-0.143209003386273],[-78.131304471986724,-0.143147869612302],[-78.131273317016579,-0.142853669072682],[-78.131257367142155,-0.142768848433606],[-78.131198138902235,-0.142577049520852],[-78.131186746851512,-0.142522795022549],[-78.131135081395271,-0.142091046950145],[-78.131146459065434,-0.142020742292888],[-78.131162377515068,-0.141833519615188],[-78.131179822636028,-0.141720420911964],[-78.131097060650077,-0.141503407339889],[-78.131084892623207,-0.141303961308433],[-78.131047696260495,-0.141280276530619],[-78.131052245513132,-0.141236718503622],[-78.131010479440903,-0.141080833467111],[-78.131026413415157,-0.141028104098524],[-78.131027921011224,-0.140937932274865],[-78.130917844042898,-0.140815678656579],[-78.130886715462523,-0.140752256527699],[-78.130871529046928,-0.140706408341742],[-78.130881395130345,-0.140692652178861],[-78.131014217282384,-0.140588709813281],[-78.130992190351989,-0.140465681622253],[-78.13099294708023,-0.140445813204431],[-78.130809228489497,-0.140208943427948],[-78.130805410096684,-0.140011788966113],[-78.130794015238592,-0.139934609522389],[-78.130772753225614,-0.139862016253428],[-78.130775022479625,-0.139794769347062],[-78.130802332565366,-0.139660272817137],[-78.130825094978633,-0.139582325133843],[-78.130827368447484,-0.139550994041963],[-78.130754486214101,-0.139439434462458],[-78.130626190860838,-0.139308777367639],[-78.130631498368842,-0.139259105928446],[-78.130669429258987,-0.139074937324703],[-78.130676250163376,-0.138985529055968],[-78.130672435725913,-0.13882352626816],[-78.130684556120414,-0.138617199923599]]}},
{"type":"Feature","properties":{"capa_cad":"ACAD-TOP-BASE PRESA POROTOG-Model|C3D-Superficie_ConMen","color":"#B8A15C"},"geometry":{"type":"LineString","coordinates":[[-78.132758444520718,-0.146539840753182],[-78.132688597231279,-0.146412232678603],[-78.13265518882541,-0.14632282886126],[-78.132576988237233,-0.146162362556674],[-78.132541298365211,-0.146034750639557],[-78.132514713526447,-0.145875042659258],[-78.132416002508393,-0.145573207771071],[-78.132362103803047,-0.145521250541756],[-78.132348434626394,-0.14546623205185],[-78.132279349665225,-0.145368426526505],[-78.132210270306629,-0.145320291885473],[-78.132204196752653,-0.14531035840548],[-78.132195079304523,-0.145232414386698],[-78.132195831108604,-0.145168224249876],[-78.132179121555126,-0.145076526091926],[-78.132122185414161,-0.145013870903479],[-78.132098649984414,-0.144971844405089],[-78.132025018719361,-0.144945106997775],[-78.131971879233589,-0.144894678062297],[-78.131931642539811,-0.144834313478301],[-78.131873946912535,-0.144767837566945],[-78.131815495349173,-0.144728871761591],[-78.131769191853579,-0.144718178742692],[-78.131745654081783,-0.14465551975522],[-78.131718316789602,-0.14455541702665],[-78.131638602959939,-0.144439272826821],[-78.131612030264066,-0.144388076704903],[-78.131583936853218,-0.144313955754754],[-78.131559636881164,-0.144223786867141],[-78.131530769700106,-0.144020521820299],[-78.13147913750278,-0.143875336092744],[-78.131293094596444,-0.143221230934677],[-78.131288537910635,-0.143200598964166],[-78.131292328884456,-0.143163154357105],[-78.131261173303912,-0.142863604653779],[-78.131239147223766,-0.142745925558656],[-78.131188271912819,-0.142583164005474],[-78.131175361227534,-0.142524324685411],[-78.131123695419248,-0.14208951995105],[-78.131166919084151,-0.141723479094333],[-78.131081879496477,-0.141502644959862],[-78.131089468786655,-0.141491945735352],[-78.131089467366849,-0.141479719071055],[-78.131078820641633,-0.141307782856645],[-78.131034032858452,-0.141276457308705],[-78.131040099683872,-0.141228314104302],[-78.13099985189541,-0.141073957223445],[-78.131018062405445,-0.141015878421018],[-78.131018812996743,-0.140943282516576],[-78.130899626144227,-0.140810331646513],[-78.130854069844645,-0.140698004578302],[-78.130861657965227,-0.14067737118787],[-78.131003587947319,-0.140566550244964],[-78.130986875370482,-0.14045192725626],[-78.130797083820482,-0.140210473203483],[-78.130792506464772,-0.140014083000366],[-78.130783390920016,-0.139955243277944],[-78.130757572704965,-0.139866603059422],[-78.130760598676019,-0.139779487739763],[-78.130812189457657,-0.13956857168003],[-78.130812187117428,-0.139548703355379],[-78.130768154301464,-0.139482990309297],[-78.130634545581188,-0.139352333843296],[-78.130604938282545,-0.139316421571313],[-78.130614038168531,-0.139242296360656],[-78.130658038677822,-0.139034437878532],[-78.130656495706077,-0.138824292347526],[-78.13066710098542,-0.13864318367416]]}},
{"type":"Feature","properties":{"capa_cad":"ACAD-TOP-BASE PRESA POROTOG-Model|C3D-Superficie_ConMen","color":"#B8A15C"},"geometry":{"type":"LineString","coordinates":[[-78.13941171301515,-0.141096651973781],[-78.139287215415081,-0.14099426766063],[-78.139228004638994,-0.140958358592077],[-78.138934973151407,-0.140660366315133],[-78.138893216159744,-0.140585482440334],[-78.138829445396169,-0.140501431127363],[-78.138668497398527,-0.140266085402844],[-78.138590303890936,-0.140176686641385],[-78.138548547331993,-0.140105623664008],[-78.138450606881989,-0.139919177500897],[-78.138436171359842,-0.139805317675681],[-78.138390614896764,-0.139695282432228],[-78.138426258675793,-0.139424761472466],[-78.138425491846206,-0.139359042818721],[-78.138434596023046,-0.139320833153949],[-78.138470259361611,-0.13921613738308],[-78.138484678298255,-0.139189389650149],[-78.138540821153427,-0.138957838934943],[-78.138550687277302,-0.138944082660838],[-78.138562068071309,-0.138901287685325],[-78.138607599040057,-0.138795826529892],[-78.138666032082355,-0.138674316207412],[-78.138729010277046,-0.138475623985961],[-78.138785908682806,-0.138215798740799],[-78.138791193716472,-0.137978140700931],[-78.138807863934844,-0.137735132075536],[-78.138867053183461,-0.137590696432075],[-78.138890573182039,-0.13750052130613]]}},
{"type":"Feature","properties":{"capa_cad":"ACAD-TOP-BASE PRESA POROTOG-Model|C3D-Superficie_ConMen","color":"#B8A15C"},"geometry":{"type":"LineString","coordinates":[[-78.139411711140355,-0.141080604359436],[-78.139284936094839,-0.140975927801803],[-78.139241666711968,-0.14094995108087],[-78.138947116833052,-0.140649666467608],[-78.138914470422904,-0.140590829117316],[-78.1386783641682,-0.140257678339826],[-78.138597134066998,-0.140165223253808],[-78.138569043431161,-0.140118612136689],[-78.138463510779843,-0.13991841178881],[-78.138448315208237,-0.139796146166888],[-78.13840959215986,-0.139702157705874],[-78.13844826910136,-0.13940565454819],[-78.138447504078542,-0.139355219322483],[-78.138452814682765,-0.139331529369956],[-78.138502896416938,-0.13919550083547],[-78.138557522608167,-0.138976177043972],[-78.138577254312551,-0.138944079466105],[-78.138605328127241,-0.138848554642417],[-78.138678937979734,-0.138690362256581],[-78.138730535215842,-0.138532936676911],[-78.138801092856326,-0.138241014571572],[-78.1388094271787,-0.138112632715282],[-78.138809411389062,-0.137980431009739],[-78.138825324287637,-0.13775194173524],[-78.138830634494056,-0.137725195080379],[-78.138881477031234,-0.137605213943836],[-78.13890879067354,-0.137501283263875]]}},
{"type":"Feature","properties":{"capa_cad":"ACAD-TOP-BASE PRESA POROTOG-Model|C3D-Superficie_ConMen","color":"#B8A15C"},"geometry":{"type":"LineString","coordinates":[[-78.132741744210492,-0.146529908466356],[-78.132677970554198,-0.146412998051575],[-78.132639247227132,-0.146309839822036],[-78.132569398036068,-0.146165420089339],[-78.132532948681472,-0.146033987421872],[-78.132507123068919,-0.145875807691251],[-78.132409931021002,-0.145581614305733],[-78.132351477388326,-0.145524308424777],[-78.132338567610716,-0.14547234651804],[-78.132273278524863,-0.145379889730458],[-78.13220344011296,-0.14533175517576],[-78.132192052662987,-0.145317237299896],[-78.132182175902514,-0.14523700086699],[-78.132182927620562,-0.145172046563651],[-78.132166977812787,-0.145086461657635],[-78.132111559953898,-0.145025334629729],[-78.132088783492392,-0.144982543877259],[-78.132018947671014,-0.144957334368499],[-78.131973399590436,-0.144914546233041],[-78.131914943440293,-0.144835079562157],[-78.131870153547936,-0.144784649677711],[-78.131798797117568,-0.144737279516786],[-78.13176008442052,-0.144728878126641],[-78.131734268708328,-0.14465934189858],[-78.13170996884584,-0.14456993715878],[-78.131621144638018,-0.144438510669708],[-78.13159077485065,-0.144371267481686],[-78.131567236108808,-0.144300202675823],[-78.131545213383959,-0.144210797694044],[-78.131519383982905,-0.14402128730196],[-78.131477622707536,-0.143904374605845],[-78.131277911425443,-0.143202892698862],[-78.131279425589568,-0.143168505023409],[-78.131247510606215,-0.142865898745223],[-78.131220927393201,-0.142723766851031],[-78.131164735185294,-0.142530439258987],[-78.13111231006171,-0.142093342117735],[-78.131154015443826,-0.141725773110082],[-78.131065179792984,-0.141498061925988],[-78.131082635443946,-0.141475899042534],[-78.131074267299653,-0.141316189224972],[-78.131063639043987,-0.141303199646738],[-78.131021129043006,-0.141277222996233],[-78.131028713441353,-0.14122449461451],[-78.130989224795044,-0.141070901812166],[-78.131007435928112,-0.141018172175488],[-78.131009705071392,-0.140949396924661],[-78.130881408335014,-0.140805748802981],[-78.130840407514398,-0.140703355360153],[-78.130844958887195,-0.140678137331341],[-78.130860894894596,-0.140642983791289],[-78.130940588949244,-0.14058719020388],[-78.130993717397018,-0.140542098087733],[-78.130980803303046,-0.140454984642231],[-78.130784179740303,-0.140208946403898],[-78.130780362783014,-0.140024018607389],[-78.130772766511384,-0.139975112866805],[-78.130742392274286,-0.139871954031568],[-78.130746933835496,-0.139763441876076],[-78.130798524523655,-0.139551761651859],[-78.130782581530397,-0.139527310232829],[-78.130616329754616,-0.139364562680461],[-78.130582926561587,-0.139323301699257],[-78.130597336479738,-0.139220901705415],[-78.130645129808897,-0.138992410282697],[-78.130641313110402,-0.13881130334383],[-78.130650404902937,-0.138669167332699]]}},
{"type":"Feature","properties":{"capa_cad":"ACAD-TOP-BASE PRESA POROTOG-Model|C3D-Superficie_ConMen","color":"#B8A15C"},"geometry":{"type":"LineString","coordinates":[[-78.139411709176073,-0.141063792572999],[-78.139284934218466,-0.14095988018926],[-78.13925532878504,-0.140941543569469],[-78.138957742129122,-0.140636674284734],[-78.138933447063167,-0.140592355206103],[-78.138690508471939,-0.140252327691924],[-78.138601686798708,-0.140151467622795],[-78.138477173735978,-0.139917645986067],[-78.13846045905666,-0.139786974657909],[-78.138428569333087,-0.139708268808284],[-78.138475585521562,-0.139323884924622],[-78.138520355477752,-0.139201612112083],[-78.13857270630912,-0.138997572022211],[-78.138603062743599,-0.138947897220461],[-78.138635687913919,-0.138827154184111],[-78.138689567247326,-0.138710993610209],[-78.138760893271154,-0.138497016945831],[-78.138817794052585,-0.138257060158952],[-78.13882764375667,-0.138105752965614],[-78.138827629061936,-0.137982721318607],[-78.13884278445758,-0.137767223051972],[-78.138849611591809,-0.137730541980036],[-78.138895900970581,-0.137620495627719],[-78.138927008165325,-0.137502045221632]]}},
{"type":"Feature","properties":{"capa_cad":"ACAD-TOP-BASE PRESA POROTOG-Model|C3D-Superficie_ConMen","color":"#B8A15C"},"geometry":{"type":"LineString","coordinates":[[-78.132725043815,-0.146519212012195],[-78.132667343962737,-0.146414527592087],[-78.132628620293872,-0.146308312693244],[-78.132561807577915,-0.14616618511943],[-78.132525358137912,-0.146033988285324],[-78.132498773213641,-0.145873516139802],[-78.13240385944755,-0.145589256672889],[-78.13234085105978,-0.145528130475091],[-78.132327182142149,-0.14547540448816],[-78.132267207384416,-0.145391352934288],[-78.132181427285175,-0.145329465191309],[-78.132171552509917,-0.145266804605672],[-78.132166985498998,-0.14515447254217],[-78.13215483415685,-0.145097161390373],[-78.132103212001411,-0.145039854763573],[-78.132078157946324,-0.144993243436269],[-78.132018949400219,-0.14497261771135],[-78.132003007969885,-0.144961157032153],[-78.13194531338381,-0.144903851115471],[-78.131917223457648,-0.144860296814214],[-78.131865601042662,-0.144800697708496],[-78.131785135274612,-0.144747215256961],[-78.131751736127825,-0.144740341590185],[-78.131698584080013,-0.144579108471333],[-78.131614314977355,-0.144454558960406],[-78.131585463906248,-0.144392664765489],[-78.131559647483641,-0.144317015220873],[-78.131531549462139,-0.144202393434632],[-78.131506479374977,-0.144015175457724],[-78.131473829966637,-0.143926535881024],[-78.131266525186092,-0.143199073188597],[-78.131233088152669,-0.142862079592109],[-78.131202707474571,-0.14270084397751],[-78.131153349561529,-0.142531968921715],[-78.131100924085914,-0.142091815118636],[-78.131141111803643,-0.141728067125772],[-78.131049239142925,-0.141493478802902],[-78.131075801568528,-0.141455267350863],[-78.131066676589697,-0.141314661786457],[-78.131008224961093,-0.141275696184351],[-78.131016567078788,-0.14121150521666],[-78.130978597783795,-0.141068610567364],[-78.130999843793489,-0.141004418075697],[-78.131000597056996,-0.140954747166171],[-78.1308631905261,-0.140801165959599],[-78.130825985685021,-0.140704885400005],[-78.130835089501389,-0.140663619339017],[-78.130859372769876,-0.140608596484673],[-78.130932995201903,-0.140559681112294],[-78.130983846846291,-0.140517645930905],[-78.130975491004094,-0.140464155269699],[-78.130771275481109,-0.140205891271735],[-78.130768219190983,-0.140034718380476],[-78.130762142192239,-0.139995746621585],[-78.130727211933589,-0.139878069169851],[-78.130731751697951,-0.139754273690255],[-78.130778789146191,-0.139551764007963],[-78.130639866611403,-0.139417287336551],[-78.130561673983962,-0.139330945902328],[-78.130566222259546,-0.139279746224526],[-78.130625394434574,-0.138992412648393],[-78.130629184365588,-0.138947326387043],[-78.130626131419845,-0.138805956002547],[-78.130632949857784,-0.138695915247847]]}},
{"type":"Feature","properties":{"capa_cad":"ACAD-TOP-BASE PRESA POROTOG-Model|C3D-Superficie_ConMen","color":"#B8A15C"},"geometry":{"type":"LineString","coordinates":[[-78.139411705157443,-0.141029404828017],[-78.139278857191115,-0.140920908135821],[-78.138978992721064,-0.140610689918262],[-78.138714796989916,-0.140240862224134],[-78.13861762486431,-0.140133125604933],[-78.138503740590579,-0.139916114471118],[-78.138486265410634,-0.139773216486828],[-78.138465764802604,-0.139722019447397],[-78.138512781539035,-0.139342220580711],[-78.138567415815743,-0.139190908061881],[-78.138609144273133,-0.139024313647588],[-78.138653920549203,-0.138955532820901],[-78.138709307756059,-0.138753020673075],[-78.138795052985884,-0.138514588773654],[-78.138837540409511,-0.13834799420911],[-78.138852712101723,-0.138268518514742],[-78.138864075544689,-0.138080530889423],[-78.138864064408565,-0.137987301936536],[-78.138878463307407,-0.137793200564233],[-78.138891359524735,-0.137728244399408],[-78.138926266142121,-0.137644181266248],[-78.138963443241437,-0.137504333308984]]}},
{"type":"Feature","properties":{"capa_cad":"ACAD-TOP-BASE PRESA POROTOG-Model|C3D-Superficie_ConMen","color":"#B8A15C"},"geometry":{"type":"LineString","coordinates":[[-78.132691643109979,-0.146498583272354],[-78.132643053707113,-0.146409945341776],[-78.132595218475444,-0.146277749783337],[-78.132554979343993,-0.146195224260844],[-78.132509417910825,-0.146033225931101],[-78.132485110836882,-0.145878866868119],[-78.132468407863215,-0.145845245402405],[-78.132390197675775,-0.145599956575862],[-78.132320357457147,-0.145535774488814],[-78.132309725704275,-0.145491453996609],[-78.132255065103251,-0.145414279341574],[-78.132157139192373,-0.14534398714651],[-78.132144985444498,-0.145265279310811],[-78.132142698617429,-0.145179692842071],[-78.132132824525399,-0.145123145597613],[-78.132087275236415,-0.145069659110818],[-78.132060702556345,-0.145018462954488],[-78.132002252719758,-0.144994780472969],[-78.131921784182666,-0.144916844655277],[-78.131894453484534,-0.144874818601597],[-78.131846627465791,-0.144825153232021],[-78.131760848063834,-0.144769378888804],[-78.13173352134811,-0.144762504524156],[-78.131684166046682,-0.14461426180804],[-78.131601414882724,-0.144488183787615],[-78.131546748435824,-0.144359810049904],[-78.131508778896887,-0.144211566062276],[-78.131485226657858,-0.144022055413252],[-78.1312414749342,-0.143186085266539],[-78.131208800464563,-0.142879658253352],[-78.131166267812887,-0.142656526565765],[-78.131128299745654,-0.142522801848262],[-78.131078911187942,-0.14208876103161],[-78.131115304523689,-0.141732655156957],[-78.131015839559609,-0.141482784402827],[-78.131060617308364,-0.141427759143999],[-78.131056810408253,-0.141327653779757],[-78.131050736827547,-0.141317720330878],[-78.130981657655653,-0.141271878483706],[-78.130993035096466,-0.141200045494869],[-78.130958102636669,-0.141062499655416],[-78.130982383789572,-0.140989136808806],[-78.130982381028318,-0.140965447648955],[-78.13091329819386,-0.14088827500331],[-78.130835866934547,-0.140821037516965],[-78.130796382081286,-0.140700303906202],[-78.130825974703626,-0.140610892939937],[-78.130857087570433,-0.140539821781749],[-78.130950444217916,-0.140480969901565],[-78.130958792550558,-0.140470270581485],[-78.13074546723189,-0.140202073506435],[-78.130742412555847,-0.140044655612246],[-78.130696851522018,-0.139892591944656],[-78.130703666199963,-0.139749692040498],[-78.13069607360336,-0.139732117121475],[-78.130719591294692,-0.139622074373094],[-78.130727933048206,-0.139555590910757],[-78.130517650633976,-0.139345470322909],[-78.1305624016331,-0.139065015986017],[-78.130585922783141,-0.138984775717913],[-78.130596534421699,-0.138857158690547],[-78.130598039856878,-0.138750175241857]]}},
{"type":"Feature","properties":{"capa_cad":"ACAD-TOP-BASE PRESA POROTOG-Model|C3D-Superficie_ConMen","color":"#B8A15C"},"geometry":{"type":"LineString","coordinates":[[-78.139411702656446,-0.141008008008895],[-78.139284168546027,-0.140903331549338],[-78.138985822276581,-0.14059387732647],[-78.138724663041202,-0.140226341787336],[-78.138623695891937,-0.140120898135714],[-78.138517403637195,-0.139916112839806],[-78.13849840925927,-0.139764044977279],[-78.138484742066822,-0.139728894721881],[-78.138534793682553,-0.139337632912252],[-78.138606881500081,-0.139145817201198],[-78.138626604423692,-0.139039594981092],[-78.138678970014411,-0.138960114838583],[-78.138736631855366,-0.138736205605792],[-78.138795819319299,-0.138575722417994],[-78.138829204786973,-0.13846567766272],[-78.138865621468724,-0.138313603088194],[-78.138882291484521,-0.13806830193657],[-78.138883039314351,-0.137974308718497],[-78.138897440680012,-0.137800839980521],[-78.138911095224458,-0.137729770348363],[-78.138940690081583,-0.137659462951199],[-78.138981660734103,-0.137505095266784]]}},
{"type":"Feature","properties":{"capa_cad":"ACAD-TOP-BASE PRESA POROTOG-Model|C3D-Superficie_ConMen","color":"#B8A15C"},"geometry":{"type":"LineString","coordinates":[[-78.132674942800449,-0.146488650986668],[-78.132632427030444,-0.146410710714701],[-78.132577758340688,-0.146260940080191],[-78.132548148368556,-0.146199810041973],[-78.132502587107879,-0.146039340047952],[-78.132479038917509,-0.145883452564414],[-78.132460058265835,-0.14584524635357],[-78.132384126102281,-0.145607598942781],[-78.132309731128842,-0.145539596538902],[-78.132299858774886,-0.145498332629699],[-78.132244439120683,-0.14542115806173],[-78.13214499510299,-0.145350866040238],[-78.132136640938441,-0.145310366132174],[-78.132129795734144,-0.145188864326024],[-78.132120680783103,-0.145133081162393],[-78.132079686423907,-0.145084943324228],[-78.132050077010163,-0.145029162512884],[-78.131993145109405,-0.145003951522725],[-78.13191874969668,-0.144932128345067],[-78.131849666104358,-0.144846549560299],[-78.131744908886489,-0.144777786555795],[-78.131725173055258,-0.144773967987175],[-78.13167581810238,-0.144628781939288],[-78.131595344361912,-0.14450499615726],[-78.131542197326908,-0.144388084746909],[-78.131497393266613,-0.144213095708785],[-78.131473840854042,-0.14402205672807],[-78.13122553314814,-0.14317156795325],[-78.131195897259886,-0.142885773089008],[-78.131148047893916,-0.142633603694381],[-78.131117673527754,-0.142527388088508],[-78.131067524947454,-0.142084941533082],[-78.131103159937183,-0.141734949083294],[-78.130999899087698,-0.14147972961305],[-78.131006728880223,-0.141465209646198],[-78.131053783964973,-0.141411712451966],[-78.131050738426737,-0.141331475327757],[-78.131038591887361,-0.141316957595543],[-78.130979381651528,-0.141281812915916],[-78.130968753574194,-0.141270351671915],[-78.130980889267605,-0.141191641096348],[-78.130947475625689,-0.141060208410758],[-78.130974032334436,-0.140973090299849],[-78.130944425253134,-0.140938706308185],[-78.130822964459412,-0.140833265704519],[-78.130809294726888,-0.14077519067913],[-78.130783478893974,-0.140706418764178],[-78.130795618029452,-0.140657510682037],[-78.130853288730393,-0.140509255577139],[-78.130910972026015,-0.140468747919317],[-78.130863143365318,-0.140397686117775],[-78.130782671842709,-0.140296061543945],[-78.130752318225007,-0.140368660946587],[-78.130706012593947,-0.140339628122989],[-78.130703734003234,-0.140327401733103],[-78.13073559819955,-0.140190612184606],[-78.130731028465348,-0.140059176125846],[-78.130681671092006,-0.139897942916129],[-78.130692280585833,-0.139751221730277],[-78.130674059001223,-0.13971454392232],[-78.130702125518596,-0.13955788649042],[-78.130619378399402,-0.139470017253595],[-78.130496397967264,-0.139352350358931],[-78.130535078803035,-0.139091000908742],[-78.130565428718569,-0.138987834839348],[-78.130580584901054,-0.138777687320677]]}},
{"type":"Feature","properties":{"capa_cad":"ACAD-TOP-BASE PRESA POROTOG-Model|C3D-Superficie_ConMen","color":"#B8A15C"},"geometry":{"type":"LineString","coordinates":[[-78.132658242405626,-0.146477954533692],[-78.132621800353888,-0.146411476087622],[-78.132565612956697,-0.146256356454266],[-78.132543595327149,-0.146211273071814],[-78.132493477769742,-0.146033227744347],[-78.132470688976582,-0.145880396845512],[-78.13245019004458,-0.145840662473085],[-78.132378054528772,-0.145615241309634],[-78.13230214136172,-0.14554647491157],[-78.132289991759436,-0.145504447095344],[-78.132242922821732,-0.145437205748362],[-78.132132851013679,-0.145357744933829],[-78.13212373753673,-0.145314952611328],[-78.132108537040864,-0.145143016726971],[-78.132071338470851,-0.145099463457214],[-78.13203945137758,-0.145039097903921],[-78.131990869676073,-0.145019235126241],[-78.131901291543343,-0.144932894514531],[-78.13184966826752,-0.144865653736022],[-78.131731247043788,-0.144787722294978],[-78.131716065621987,-0.144784667370244],[-78.13166747015795,-0.144643302070302],[-78.131588514700454,-0.144521044447185],[-78.131534608613762,-0.144404133124177],[-78.131485248843688,-0.144216917943132],[-78.131461696083832,-0.144022822297289],[-78.131211110257567,-0.143163927963328],[-78.131182994055308,-0.142891887924518],[-78.131129828062811,-0.142611444990261],[-78.131105528410941,-0.142525097007173],[-78.131056898732055,-0.142089527777152],[-78.131087983477187,-0.141774687525618],[-78.131085701623746,-0.14173418696768],[-78.130983199296608,-0.141474382413322],[-78.130990029088963,-0.141459862446673],[-78.131046191479413,-0.141394901683035],[-78.131044666356416,-0.141334532709212],[-78.131039351917877,-0.141325363337435],[-78.130956609079263,-0.141273409769251],[-78.130968743438842,-0.141183236698],[-78.130936848525778,-0.141057152999724],[-78.130959610680975,-0.140976148669396],[-78.130813098731352,-0.140850078530784],[-78.130791835526026,-0.140766786915064],[-78.13076905688682,-0.140706420471276],[-78.130776643489568,-0.140672796255214],[-78.130838866811857,-0.140510021453117],[-78.130854802366912,-0.140471047079098],[-78.130863151324675,-0.14046569692445],[-78.130844931100683,-0.140440481594982],[-78.130839618891841,-0.140450416387738],[-78.130828991523359,-0.140445068483609],[-78.130704497888175,-0.140368666621081],[-78.130691590409015,-0.140338101502199],[-78.13069082947672,-0.140322054101003],[-78.130714347583236,-0.140215068030461],[-78.130728008028285,-0.140193669751601],[-78.130719644733404,-0.140076753304257],[-78.130661176842949,-0.139899473688963],[-78.130661934818477,-0.139890303603788],[-78.130672560122591,-0.139878075678524],[-78.13068165465387,-0.139758100493235],[-78.130652044309329,-0.139696206557587],[-78.130677076952452,-0.139559417813096],[-78.130493364640245,-0.139376804037711],[-78.130469833193331,-0.139369929355296],[-78.130508514213105,-0.139110108244121],[-78.1305456929841,-0.138984780540432],[-78.130560852424395,-0.138802143007304]]}},
{"type":"Feature","properties":{"capa_cad":"ACAD-TOP-BASE PRESA POROTOG-Model|C3D-Superficie_ConMen","color":"#B8A15C"},"geometry":{"type":"LineString","coordinates":[[-78.139411700244395,-0.140987375361898],[-78.139292516493128,-0.140888811290788],[-78.138995688513845,-0.140580885232823],[-78.1389091425836,-0.14046779809304],[-78.138747435958066,-0.140236273306113],[-78.138739084071048,-0.140217170009258],[-78.138636598982956,-0.140113254881368],[-78.1385318259222,-0.139917639460906],[-78.138510553017838,-0.139754109296007],[-78.138503719331339,-0.139735769996579],[-78.138557564342165,-0.13932846012332],[-78.138629652431021,-0.139138936922549],[-78.13864558232838,-0.139051819446231],[-78.138704019661461,-0.138966225199709],[-78.138748020362613,-0.138758365212781],[-78.138815554925998,-0.138576484209895],[-78.13887018401519,-0.138382377995347],[-78.138886114312953,-0.138299081348633],[-78.138901257171057,-0.137978127370909],[-78.138914142614965,-0.137822998936966],[-78.138929313448159,-0.137736645684082],[-78.13895132001042,-0.13768544350247],[-78.138999878227082,-0.137505857224593]]}},
{"type":"Feature","properties":{"capa_cad":"ACAD-TOP-BASE PRESA POROTOG-Model|C3D-Superficie_ConMen","color":"#B8A15C"},"geometry":{"type":"LineString","coordinates":[[-78.132641542096437,-0.146468022248575],[-78.13260889591551,-0.146406892546023],[-78.132538282888689,-0.146219679517815],[-78.132486646881134,-0.146038577693653],[-78.132463098519366,-0.145881161877408],[-78.1324403219093,-0.145836842760081],[-78.132371982955235,-0.145622883676387],[-78.132289237526678,-0.14554724055218],[-78.132278606291251,-0.14550750506497],[-78.132232296839121,-0.145444084468225],[-78.132120706924454,-0.145364623827267],[-78.132109314129906,-0.145302727585499],[-78.132096393384984,-0.145153716458505],[-78.132062990604012,-0.145114747757137],[-78.132026548323807,-0.145046741054289],[-78.13198252120597,-0.145029170255834],[-78.131886869865241,-0.144935952836874],[-78.131842079286201,-0.144879409613461],[-78.131720621675925,-0.144799950186155],[-78.131706958275245,-0.14479613092005],[-78.13165912230005,-0.144658586368015],[-78.1315839627202,-0.144541677476096],[-78.131522465057813,-0.144415597024723],[-78.131469310109196,-0.144229146449515],[-78.131438919948693,-0.143983088255729],[-78.131197446420515,-0.143156287885347],[-78.131170090850844,-0.142898002759898],[-78.131112367724938,-0.142593107030906],[-78.131094902281291,-0.142530447413814],[-78.131055386366384,-0.142139198777234],[-78.131045512403475,-0.142084944112193],[-78.131073565626608,-0.141810605045221],[-78.131065966416585,-0.14173571761912],[-78.131059889827299,-0.141699802507005],[-78.130966499416999,-0.141468271047322],[-78.131039358135681,-0.141378854991415],[-78.131039354049989,-0.141343703333089],[-78.131033280025306,-0.141329949051863],[-78.130942945767188,-0.141270354714089],[-78.130956597699083,-0.141175596466253],[-78.130926221514997,-0.141054861755132],[-78.130940638627507,-0.141012830899318],[-78.130931526160495,-0.140979972819345],[-78.13092393411506,-0.140966982887091],[-78.130797159509157,-0.140857722078789],[-78.130774376236175,-0.140757618984938],[-78.130754634879835,-0.140706422178348],[-78.130757668860525,-0.140687317661571],[-78.130832033457423,-0.140493974769679],[-78.130832031937743,-0.140480983941785],[-78.130828235599765,-0.140471814395662],[-78.130695391757712,-0.140390064357031],[-78.130678687224986,-0.14034421636367],[-78.13067716589741,-0.140316706559125],[-78.130694614624872,-0.14023570286382],[-78.130719658624912,-0.140195199076223],[-78.130719657101935,-0.140182208249613],[-78.130712055010861,-0.140083631703298],[-78.130685483226216,-0.140041605718794],[-78.130640682235125,-0.139897947796847],[-78.130642198904397,-0.139885720956578],[-78.130662690369419,-0.139860501030338],[-78.130670270298097,-0.139770328510199],[-78.130667231570087,-0.139748932217482],[-78.130630030337002,-0.139683982523242],[-78.130651269423993,-0.139561713392514],[-78.13060496107758,-0.139509755618381],[-78.13049640436563,-0.139406606153521],[-78.130441750133997,-0.139385980200056],[-78.130481949713726,-0.139129979744685],[-78.130525957249972,-0.138981726241606],[-78.130539601389486,-0.138822778044509]]}},
{"type":"Feature","properties":{"capa_cad":"ACAD-TOP-BASE PRESA POROTOG-Model|C3D-Superficie_ConMen","color":"#B8A15C"},"geometry":{"type":"LineString","coordinates":[[-78.139411697742617,-0.140965978542793],[-78.139291754662679,-0.140865122047844],[-78.139011628294256,-0.140577062479376],[-78.13891597240567,-0.140453278016786],[-78.138890918275422,-0.140408959033944],[-78.138761098109583,-0.140228629961759],[-78.138748950212062,-0.140203413743598],[-78.138657093285829,-0.140110959923011],[-78.13855004277805,-0.139913052256627],[-78.13852269677642,-0.139744173614532],[-78.138579575763146,-0.139317759081931],[-78.138651664213597,-0.139131292563164],[-78.138664560233266,-0.139064043911761],[-78.13871161386983,-0.138996791152721],[-78.138722237603417,-0.138970808039173],[-78.138758649811294,-0.138780524911606],[-78.138777621728551,-0.138742314042436],[-78.138825426411287,-0.13860781406046],[-78.138898264985144,-0.138347222702506],[-78.138931602694001,-0.137837516084142],[-78.138948290639007,-0.137742756756112],[-78.1389687789936,-0.137690790586196],[-78.139018095720346,-0.137506619182397]]}},
{"type":"Feature","properties":{"capa_cad":"ACAD-TOP-BASE PRESA POROTOG-Model|C3D-Superficie_ConMen","color":"#B8A15C"},"geometry":{"type":"LineString","coordinates":[[-78.132608141393106,-0.146447393511645],[-78.132589920324804,-0.146413772206221],[-78.132522343860387,-0.146229615505712],[-78.132470706654587,-0.146037815339364],[-78.132448676745227,-0.145883456022174],[-78.132422863317174,-0.145833788079327],[-78.132359839894121,-0.145638932577011],[-78.132271021345545,-0.145557176807124],[-78.132261149853605,-0.145523554572218],[-78.132219395416953,-0.14546624679365],[-78.132095659778386,-0.145379145867646],[-78.132086546130154,-0.145334825211972],[-78.132070587360957,-0.14516976692446],[-78.132047053837539,-0.145144552102245],[-78.132005297145128,-0.14506737600254],[-78.13196430598498,-0.145047512354325],[-78.131866377226245,-0.144952002695242],[-78.131837528942,-0.144914561818962],[-78.131689502548852,-0.144818293765081],[-78.131640908129796,-0.144686098469634],[-78.131566508214561,-0.144574538658282],[-78.131486790579444,-0.14442477113356],[-78.131432875972209,-0.144232971483969],[-78.131414639028705,-0.144060271901823],[-78.131394138227932,-0.144004490096984],[-78.131388061619461,-0.143967810795785],[-78.131391093565014,-0.143930366275726],[-78.131385774787589,-0.143882988553257],[-78.131168600640066,-0.143141007906385],[-78.131145803251243,-0.142916345585883],[-78.131072890528742,-0.142537327482876],[-78.13103869090348,-0.14217129572534],[-78.131023499859921,-0.142084946691266],[-78.131043213673891,-0.141898487756029],[-78.131042454178342,-0.141894667012653],[-78.131037900389799,-0.141899252545922],[-78.131024216806466,-0.141721203360314],[-78.131012823300054,-0.141654722215313],[-78.130933859244095,-0.141460633224957],[-78.130949037200381,-0.141433885613129],[-78.131024931861504,-0.141342176699291],[-78.131001399169449,-0.141324603643043],[-78.130915621365375,-0.141283348764019],[-78.130911064202635,-0.141258895976053],[-78.130928510776315,-0.141158788118146],[-78.130903450099666,-0.141056392776481],[-78.130885989296672,-0.141034234012581],[-78.130863209332986,-0.140962405063027],[-78.130781223584961,-0.140893639780114],[-78.130768317722939,-0.140876829646716],[-78.130738698693335,-0.140740047381584],[-78.130725790866421,-0.140706425592498],[-78.130775872380738,-0.140569633893461],[-78.130776624195818,-0.140507736332498],[-78.130769790752396,-0.140490925483617],[-78.130683252634611,-0.140438972437672],[-78.130653639820707,-0.140355681829884],[-78.130651356397507,-0.140302190464391],[-78.130663494708543,-0.140246404887583],[-78.130702958922541,-0.140190616062755],[-78.130701432751877,-0.140121841279886],[-78.130693838726515,-0.140092039698348],[-78.130631586523222,-0.140007988815907],[-78.130603490978075,-0.13991782054659],[-78.130599691314714,-0.13988037685511],[-78.130642191899511,-0.139826115991524],[-78.130648257943719,-0.139771859466239],[-78.130645219575314,-0.13975351983882],[-78.130586001224117,-0.139649600295539],[-78.130600413331635,-0.139565540294154],[-78.130573842701736,-0.139533448486012],[-78.130491855994435,-0.139457041661533],[-78.130389380181043,-0.139425723094138]]}},
{"type":"Feature","properties":{"capa_cad":"ACAD-TOP-BASE PRESA POROTOG-Model|C3D-Superficie_ConMen","color":"#B8A15C"},"geometry":{"type":"LineString","coordinates":[[-78.130389377298087,-0.139401269780571],[-78.130430337918526,-0.139162080900438],[-78.13048648578274,-0.138975617644223],[-78.130495581304601,-0.138864812464809]]}},
{"type":"Feature","properties":{"capa_cad":"ACAD-TOP-BASE PRESA POROTOG-Model|C3D-Superficie_ConMen","color":"#B8A15C"},"geometry":{"type":"LineString","coordinates":[[-78.139411692827252,-0.14092394907669],[-78.139304654815092,-0.140832261119798],[-78.139220389102675,-0.140745155508475],[-78.139174841288494,-0.140708480660669],[-78.139036675522561,-0.140562540237299],[-78.138937983127377,-0.140436463619098],[-78.138901540696978,-0.140371513352894],[-78.138789940888984,-0.140216399778355],[-78.138778551510086,-0.140186598439137],[-78.138692767495783,-0.14009796475164],[-78.138682895961722,-0.140065870720166],[-78.138594067342623,-0.139906169455862],[-78.138565961919866,-0.139734234212042],[-78.138612219514286,-0.139353671231677],[-78.138624357302447,-0.139293300220475],[-78.138673680342464,-0.139160328441044],[-78.138698723016674,-0.139107597590796],[-78.138701757075978,-0.139089257106839],[-78.138716935523505,-0.139066330133742],[-78.138752600024731,-0.138971568560197],[-78.138780667766014,-0.138824844219129],[-78.13881709348658,-0.138748422662292],[-78.138849722184986,-0.13865748229487],[-78.138932425798885,-0.138373964589249],[-78.13894075320809,-0.138187505662573],[-78.138965764707947,-0.137874192189897],[-78.13898927960868,-0.137741223439484],[-78.139054530707739,-0.137508143098068]]}},
{"type":"Feature","properties":{"capa_cad":"ACAD-TOP-BASE PRESA POROTOG-Model|C3D-Superficie_ConMen","color":"#B8A15C"},"geometry":{"type":"LineString","coordinates":[[-78.132591440998937,-0.146436697059837],[-78.132591440998937,-0.146436697059837]]}},
{"type":"Feature","properties":{"capa_cad":"ACAD-TOP-BASE PRESA POROTOG-Model|C3D-Superficie_ConMen","color":"#B8A15C"},"geometry":{"type":"LineString","coordinates":[[-78.132591440998937,-0.146436697059837],[-78.132509439508183,-0.14622579613399],[-78.132506399693469,-0.146193701445134],[-78.132462356628309,-0.14603399545191],[-78.132442604997777,-0.14588957005312],[-78.132409198794022,-0.145820034622615],[-78.132356805139551,-0.145651923768716],[-78.132260395017624,-0.145560998856822],[-78.13225128283834,-0.145529669037401],[-78.132213324275881,-0.145477709996459],[-78.132083515689402,-0.14538602476061],[-78.132058443705191,-0.14518046665533],[-78.132039465024263,-0.145159836314599],[-78.13199543065295,-0.14507807547296],[-78.131965826166407,-0.145065852190914],[-78.131851955634971,-0.14495582518427],[-78.131835253855982,-0.144932902088632],[-78.13171910988585,-0.144855734547119],[-78.131671286730082,-0.144831286693627],[-78.131621933346295,-0.144699855653774],[-78.13154905188776,-0.144591352336087],[-78.131545254278649,-0.144570720268209],[-78.131467814413057,-0.144426301651743],[-78.131415418348865,-0.144238322663898],[-78.131397181841734,-0.144069443917918],[-78.131367569177655,-0.14398538899755],[-78.131359202597224,-0.143836377455627],[-78.131154936891036,-0.143134131995516],[-78.131132900047049,-0.142922460420747],[-78.131059987591684,-0.142545734821119],[-78.131029583412342,-0.142181230956065],[-78.131012873821604,-0.142091061268084],[-78.13102803720885,-0.141938226194026],[-78.131021206437396,-0.141944340327083],[-78.131006760885739,-0.141741073739427],[-78.130989289992257,-0.141631799987608],[-78.130917159276407,-0.141453757692972],[-78.131005955798273,-0.141344471434436],[-78.130900441547141,-0.141294048882827],[-78.130892845683576,-0.141248199794199],[-78.130911051665052,-0.141151148513789],[-78.130894343954722,-0.141077790510749],[-78.130886751376565,-0.141060215579974],[-78.130853348678656,-0.141022775371311],[-78.130831328569812,-0.140957823831433],[-78.130757693030773,-0.140894406727789],[-78.13074630242258,-0.14085314309403],[-78.130710609450063,-0.140703370724345],[-78.130749309098945,-0.140600203692907],[-78.130749300611697,-0.140527607895312],[-78.130740947900861,-0.140500863064965],[-78.130677183072308,-0.140463426477605],[-78.130641495600429,-0.140361032434653],[-78.130637693355652,-0.14030142792021],[-78.130643003145167,-0.140270860640653],[-78.130651349772364,-0.140245642163761],[-78.13069460916104,-0.140189088722335],[-78.130693843118806,-0.14012948384476],[-78.130687008146609,-0.14009968217313],[-78.13060273982245,-0.139985067261872],[-78.130586794148783,-0.139937690855413],[-78.130579196348847,-0.139875794298671],[-78.130630045526232,-0.139813126612837],[-78.130636112288727,-0.139764983417781],[-78.130563227570164,-0.139632027190129],[-78.130575364767722,-0.139567071616415],[-78.13049110009365,-0.139483787566311],[-78.130389383153528,-0.139450940573751]]}},
{"type":"Feature","properties":{"capa_cad":"ACAD-TOP-BASE PRESA POROTOG-Model|C3D-Superficie_ConMen","color":"#B8A15C"},"geometry":{"type":"LineString","coordinates":[[-78.130389363146165,-0.139281295710905],[-78.130405290803381,-0.139175838888137],[-78.13046675014003,-0.138973327511781],[-78.130473571216925,-0.138885447590654]]}},
{"type":"Feature","properties":{"capa_cad":"ACAD-TOP-BASE PRESA POROTOG-Model|C3D-Superficie_ConMen","color":"#B8A15C"},"geometry":{"type":"LineString","coordinates":[[-78.139411690324295,-0.140902552257584],[-78.139293265088142,-0.140799403073085],[-78.139233292025736,-0.14073598391289],[-78.139180152908338,-0.140693196590699],[-78.139051856155334,-0.140557953401785],[-78.138950127255356,-0.140429584628149],[-78.138908370338271,-0.140355464932602],[-78.138809676675535,-0.140218689942101],[-78.138788417561187,-0.140172078001029],[-78.138710984355029,-0.140093377549472],[-78.138698834476685,-0.140051349557911],[-78.138616079580501,-0.139902345969478],[-78.138587214377111,-0.139724297440733],[-78.138631955208339,-0.139355197208679],[-78.13864864499449,-0.139274957188546],[-78.138767022222751,-0.138972330997827],[-78.138791297213785,-0.138847003919194],[-78.138831517501416,-0.138764468531539],[-78.138862628811609,-0.138679641720298],[-78.138949126722252,-0.138387717664937],[-78.138957453586642,-0.138196673704775],[-78.138984742172966,-0.137882595779873],[-78.139009015675981,-0.13774580607609],[-78.139072748293501,-0.137509669227802]]}},
{"type":"Feature","properties":{"capa_cad":"ACAD-TOP-BASE PRESA POROTOG-Model|C3D-Superficie_ConMen","color":"#B8A15C"},"geometry":{"type":"LineString","coordinates":[[-78.13257474069043,-0.14642676477586],[-78.132498813004261,-0.146228089843424],[-78.132495772247367,-0.146187589312766],[-78.132454006773628,-0.146031703899373],[-78.132434254885396,-0.14588498599942],[-78.132399330659041,-0.145816214909911],[-78.132350733565858,-0.145659566135124],[-78.132247491183023,-0.145561764497198],[-78.132239897456543,-0.145533491173956],[-78.132204216573754,-0.145486116876865],[-78.132071371600503,-0.145392903653402],[-78.132059978980536,-0.14533253574835],[-78.132046300049453,-0.145191166385981],[-78.132031117070497,-0.145174356446505],[-78.131984805106768,-0.145088775030169],[-78.131962791678333,-0.145081135880902],[-78.131829183068092,-0.144947421958382],[-78.131760863121272,-0.144902343941405],[-78.131650793923328,-0.144845808216856],[-78.131604477189995,-0.144718197664255],[-78.131533873068634,-0.144611222418827],[-78.131522481975722,-0.144564609552433],[-78.131449597647759,-0.144430888749501],[-78.131397960725735,-0.144243673843631],[-78.131380484056578,-0.144081672512977],[-78.131343278594656,-0.143977750136261],[-78.131335682571887,-0.143929608512003],[-78.131340229223923,-0.143862361317317],[-78.131330351849726,-0.143777539956686],[-78.131140514001174,-0.143126492006483],[-78.131119996842969,-0.142928575255465],[-78.131046325601446,-0.14255414224779],[-78.131034164720134,-0.142415065366127],[-78.131037193881852,-0.14235393169262],[-78.131019716161816,-0.142185052943723],[-78.131001487228446,-0.142084185103877],[-78.131012861096224,-0.141981021296808],[-78.131007548254203,-0.14198560691861],[-78.131000711381802,-0.141938993565616],[-78.130987025768491,-0.141743368557003],[-78.130965756684546,-0.141608877760828],[-78.130901218805832,-0.141450702903799],[-78.130908807473034,-0.141434654515905],[-78.130980907665318,-0.141349823550656],[-78.130889816491873,-0.141308569296551],[-78.130883743089683,-0.141300164181947],[-78.130874627164729,-0.141237503612673],[-78.130893592465057,-0.141142744743268],[-78.130878403750742,-0.141077028226022],[-78.130813875159291,-0.140999090876112],[-78.130797170381172,-0.140950950370137],[-78.130744790555653,-0.14090663491364],[-78.130696187443831,-0.140703372431419],[-78.130722745727596,-0.140630009324621],[-78.130717419493138,-0.140519970011159],[-78.13066883581439,-0.140483295789821],[-78.130628592416841,-0.140367147295565],[-78.130631626570576,-0.140349571112432],[-78.130624789277363,-0.140299901119717],[-78.13063313402489,-0.140258635152991],[-78.13068701836292,-0.140186797125493],[-78.130684733856228,-0.140124135763793],[-78.130665753140747,-0.140086693874129],[-78.130573134069166,-0.139962145799292],[-78.130551868560872,-0.139859750063588],[-78.130554144821346,-0.139852108130771],[-78.130582987571984,-0.139841406368645],[-78.130610309612464,-0.139808543967053],[-78.130622452481887,-0.139791730863474],[-78.130623967083181,-0.1397619282005],[-78.130541213059217,-0.139615218160976],[-78.130547279633092,-0.139565546636357],[-78.130490344192253,-0.139510533471036],[-78.130389386395592,-0.139478450551502]]}},
{"type":"Feature","properties":{"capa_cad":"ACAD-TOP-BASE PRESA POROTOG-Model|C3D-Superficie_ConMen","color":"#B8A15C"},"geometry":{"type":"LineString","coordinates":[[-78.130389349162243,-0.139162849973325],[-78.130447014407267,-0.1389702732133],[-78.130452320272454,-0.138906846790739]]}},
{"type":"Feature","properties":{"capa_cad":"ACAD-TOP-BASE PRESA POROTOG-Model|C3D-Superficie_ConMen","color":"#B8A15C"},"geometry":{"type":"LineString","coordinates":[[-78.139411687820953,-0.140881155438477],[-78.139158135283807,-0.140651169747777],[-78.139067036877904,-0.140554130737999],[-78.13896227138342,-0.140422705637047],[-78.13891519988961,-0.140338652340357],[-78.13882257967947,-0.140210282515797],[-78.138801320205047,-0.140160613887551],[-78.138729960182914,-0.140088026084967],[-78.138714772991648,-0.140036828395239],[-78.138638091908831,-0.139899286654499],[-78.138609986483658,-0.139727351404253],[-78.138607705251772,-0.139692963955772],[-78.138647140530381,-0.139390347282083],[-78.138671415022557,-0.139260435196044],[-78.138781444602245,-0.138974621778824],[-78.138801926661245,-0.138869163619668],[-78.138867947488592,-0.138723963041397],[-78.138967345125252,-0.138396121355002],[-78.138974153600699,-0.138202785059952],[-78.139002202343804,-0.137897877100628],[-78.139027991861923,-0.137743511258241],[-78.139090965787929,-0.137510431185675]]}},
{"type":"Feature","properties":{"capa_cad":"ACAD-TOP-BASE PRESA POROTOG-Model|C3D-Superficie_ConMen","color":"#B8A15C"},"geometry":{"type":"LineString","coordinates":[[-78.139411685406628,-0.140860522791479],[-78.139307683535051,-0.140768070308158],[-78.139259097782528,-0.140716876549069],[-78.139183184755254,-0.140655751804238],[-78.139043500237321,-0.140504462363684],[-78.138974415511555,-0.140415826645792],[-78.138922029530519,-0.140322603919671],[-78.138837760397649,-0.140206459848313],[-78.138813463790555,-0.140149149864295],[-78.138751213725556,-0.140087259378706],[-78.138729952448344,-0.140022307322719],[-78.138658585490788,-0.13989087831944],[-78.138628958520968,-0.139689904727562],[-78.138669909836892,-0.139369711919002],[-78.138694944109119,-0.139245913111854],[-78.13879662585893,-0.138975384125225],[-78.138813315166715,-0.138891323229241],[-78.138884648134621,-0.138735423606196],[-78.138984044774389,-0.138399176025858],[-78.138993886475077,-0.138180621690389],[-78.139018145676957,-0.137923857011686],[-78.139045450480182,-0.137745801655686],[-78.139109183282642,-0.137511193143559]]}},
{"type":"Feature","properties":{"capa_cad":"ACAD-TOP-BASE PRESA POROTOG-Model|C3D-Superficie_ConMen","color":"#B8A15C"},"geometry":{"type":"LineString","coordinates":[[-78.132558040296601,-0.146416068324661],[-78.132558040296601,-0.146416068324661]]}},
{"type":"Feature","properties":{"capa_cad":"ACAD-TOP-BASE PRESA POROTOG-Model|C3D-Superficie_ConMen","color":"#B8A15C"},"geometry":{"type":"LineString","coordinates":[[-78.132558040296601,-0.146416068324661],[-78.132487427103527,-0.146227326969176],[-78.132483625921651,-0.146174599845907],[-78.132446416316355,-0.146032468930257],[-78.13242666451427,-0.145886515198678],[-78.132389462438212,-0.145811631029896],[-78.132341625173225,-0.145661859676274],[-78.132237623909447,-0.14556558646011],[-78.132230030441391,-0.145539605638929],[-78.13219814543254,-0.14549758007941],[-78.132059227597864,-0.145400546713225],[-78.132034915620338,-0.145203394363809],[-78.131974179560586,-0.145099474587156],[-78.131954443207874,-0.145091071009783],[-78.131820075891738,-0.144960413842098],[-78.13162954206301,-0.144860329826646],[-78.131625744285259,-0.14483816942269],[-78.131583984039523,-0.144729662521203],[-78.131514898287818,-0.144624979602832],[-78.13150274684152,-0.144566904322429],[-78.131431380882717,-0.144435475847097],[-78.131380503102861,-0.144249025023204],[-78.131363786358534,-0.144094665274346],[-78.131318988012126,-0.143970111275255],[-78.131309112824766,-0.143904394081913],[-78.131315177059093,-0.143832561713147],[-78.131303019817864,-0.143724051451629],[-78.13112609111144,-0.143118852017635],[-78.131106333883451,-0.142928576846176],[-78.131033423016632,-0.142565606251543],[-78.131021261079525,-0.142417359373674],[-78.131025046737804,-0.142334064784322],[-78.131010608847248,-0.142196516507106],[-78.130990860483649,-0.142084186348942],[-78.13099692592894,-0.14202381648743],[-78.130993889981283,-0.142026109342682],[-78.130980975468191,-0.141934410881729],[-78.130967290651597,-0.141745663374482],[-78.130942223465567,-0.141586719701391],[-78.130884519104853,-0.141446119871286],[-78.130892866736232,-0.141429307227847],[-78.130955859710511,-0.1413567039995],[-78.130875395726832,-0.141319269325316],[-78.130868563182858,-0.141310100133824],[-78.130856409268389,-0.141232156596028],[-78.130875374834929,-0.141139690227186],[-78.130866260592356,-0.141091548820664],[-78.130862463992003,-0.141080086773141],[-78.13077743829831,-0.140979226855372],[-78.13076832627732,-0.140950189611828],[-78.130731888080561,-0.140918863099189],[-78.130681765527015,-0.140704138304743],[-78.130694665499902,-0.140670513462203],[-78.130687817500331,-0.140529143514932],[-78.130663525482859,-0.140509278071683],[-78.130619485750216,-0.140383960032862],[-78.130611125251193,-0.140290732747386],[-78.13061643584615,-0.140267042964305],[-78.130678668511948,-0.140184505618859],[-78.130677144223242,-0.14013177832855],[-78.130671828701665,-0.140113438970411],[-78.130611094517221,-0.140028623741575],[-78.130561748366233,-0.139962911320522],[-78.130553399054207,-0.139965204812714],[-78.13054960316191,-0.139959856101286],[-78.130520743982487,-0.139830715456992],[-78.130526056094638,-0.13982001649804],[-78.130598162790108,-0.139791733757969],[-78.130613340792294,-0.139765750298124],[-78.130519198458501,-0.139597644966337],[-78.130524508768715,-0.13957166268353],[-78.130518435356379,-0.139563257580814],[-78.130485792756303,-0.139534987330494],[-78.130389389637017,-0.139505960529253]]}},
{"type":"Feature","properties":{"capa_cad":"ACAD-TOP-BASE PRESA POROTOG-Model|C3D-Superficie_ConMen","color":"#B8A15C"},"geometry":{"type":"LineString","coordinates":[[-78.130389341127255,-0.139094839194972],[-78.130427278674844,-0.138967218914908],[-78.130430310184792,-0.138927481914925]]}},
{"type":"Feature","properties":{"capa_cad":"ACAD-TOP-BASE PRESA POROTOG-Model|C3D-Superficie_ConMen","color":"#B8A15C"},"geometry":{"type":"LineString","coordinates":[[-78.132524639081751,-0.146390854585755],[-78.132524639081751,-0.146390854585755]]}},
{"type":"Feature","properties":{"capa_cad":"ACAD-TOP-BASE PRESA POROTOG-Model|C3D-Superficie_ConMen","color":"#B8A15C"},"geometry":{"type":"LineString","coordinates":[[-78.132524639081751,-0.146390854585755],[-78.132463136594339,-0.146220452221082],[-78.132460093009996,-0.146154734166235],[-78.132429717979477,-0.146040112503991],[-78.132412242654709,-0.145888045175858],[-78.132369726082715,-0.14580322743745],[-78.132329482025852,-0.145677144408704],[-78.132216371254231,-0.145573230559015],[-78.132212574004001,-0.145555655144959],[-78.13218903971071,-0.145523562806451],[-78.13203493942045,-0.14541430449806],[-78.132024307062835,-0.145364634847982],[-78.132009868909762,-0.145221737242238],[-78.131953687522127,-0.145120873613573],[-78.131878533410756,-0.145052107185797],[-78.131806417331177,-0.144999387925759],[-78.131587797310118,-0.144888608790602],[-78.131579443048054,-0.144847344738737],[-78.13154375696611,-0.144754120480304],[-78.131480744687806,-0.144658606867519],[-78.131470870057711,-0.144597474659584],[-78.131458721125412,-0.144561560217888],[-78.13139722503476,-0.144449234780048],[-78.131345587857794,-0.144259727381798],[-78.1313288720727,-0.144113773470975],[-78.131271925913552,-0.143963239211836],[-78.131256733866181,-0.143866955970138],[-78.131264312279896,-0.143760735930323],[-78.131248355923674,-0.143618602782361],[-78.131098004385706,-0.14310357195225],[-78.131082046372399,-0.14294768383692],[-78.131014450998094,-0.142603052623777],[-78.131005339455299,-0.142577836193586],[-78.131005332324762,-0.142515938710181],[-78.130996213733084,-0.142429588964427],[-78.131002281223886,-0.142386794933058],[-78.131002272319421,-0.142309614120615],[-78.130992393776694,-0.142215622801039],[-78.130964293533737,-0.142083425295151],[-78.130952895187093,-0.141974914996542],[-78.130939984828103,-0.141919132361108],[-78.130928580268943,-0.141757130417698],[-78.130896675666307,-0.141546988404959],[-78.130851878667926,-0.141436189550906],[-78.130905004482827,-0.14136817248638],[-78.130851868012627,-0.14134448958781],[-78.130839721831009,-0.141333028523304],[-78.130819213356617,-0.141212292656634],[-78.130840456347173,-0.141122118520867],[-78.130835139950392,-0.141096137492033],[-78.130706842361491,-0.140944847712293],[-78.130645331967884,-0.140712548445715],[-78.130634683706162,-0.14052838564605],[-78.13062405106669,-0.140477951935889],[-78.130591400793506,-0.140383963364974],[-78.130595193016163,-0.140357981264332],[-78.130581519682451,-0.140269339609049],[-78.130592146959771,-0.140273923344301],[-78.130655138677753,-0.140191385910871],[-78.1306627273255,-0.140175337518121],[-78.130660445686402,-0.140137129477158],[-78.130581490827609,-0.140023278099802],[-78.130572381744884,-0.14001945835251],[-78.130531393968027,-0.140028633222382],[-78.130500266074776,-0.139971324465089],[-78.130466092001896,-0.139829193635244],[-78.130460011673776,-0.13976194774217],[-78.130532118273649,-0.139732900834101],[-78.130532876337696,-0.13972449491602],[-78.130499468213486,-0.1396412047904],[-78.130469099445165,-0.139584660120806],[-78.130389395937883,-0.139559452152678]]}},
{"type":"Feature","properties":{"capa_cad":"ACAD-TOP-BASE PRESA POROTOG-Model|C3D-Superficie_ConMen","color":"#B8A15C"},"geometry":{"type":"LineString","coordinates":[[-78.139411680308527,-0.140816964981139],[-78.139284144480854,-0.140697769274473],[-78.139176347763978,-0.140609138126498],[-78.139038180820023,-0.140453263480796],[-78.138996426054334,-0.140397483902801],[-78.138939484642691,-0.14029509165653],[-78.138868880713247,-0.140197286079045],[-78.13883851001998,-0.140126221726542],[-78.138785369641568,-0.140072736043036],[-78.138761829478369,-0.139993264995307],[-78.1387026099693,-0.13988323134534],[-78.138671463166602,-0.139667738666847],[-78.138713173445154,-0.139346781582782],[-78.138740484257013,-0.139217633295456],[-78.138827747068603,-0.138973852039902],[-78.138833815455186,-0.138939463582182],[-78.138911978957594,-0.13877515724718],[-78.139014409387215,-0.13841827665578],[-78.139024270044985,-0.138358670059934],[-78.139032595992504,-0.138159984368334],[-78.139046240611322,-0.138005619998463],[-78.139075058332679,-0.137784006658389],[-78.139145618272963,-0.137512717059359]]}},
{"type":"Feature","properties":{"capa_cad":"ACAD-TOP-BASE PRESA POROTOG-Model|C3D-Superficie_ConMen","color":"#B8A15C"},"geometry":{"type":"LineString","coordinates":[[-78.132508697571652,-0.146378629714462],[-78.132450991639658,-0.14621968943314],[-78.13244794677,-0.146142508867543],[-78.132419849759188,-0.146035528621906],[-78.132406170907402,-0.145894159206591],[-78.132362135712143,-0.145804756637129],[-78.132323410452145,-0.145684786774785],[-78.132206503980854,-0.145577052521708],[-78.132202706988934,-0.14556176960958],[-78.132182968483107,-0.145534261841389],[-78.132047086955396,-0.145437992292169],[-78.132017482126216,-0.145422712331687],[-78.131994689124497,-0.145233201486524],[-78.131943061889572,-0.145130809002863],[-78.131791237983009,-0.145014673005795],[-78.131763911181281,-0.145007034468115],[-78.131566545450355,-0.144903130398726],[-78.131558190669921,-0.144857281346521],[-78.131531615657195,-0.144785452714389],[-78.131517190088502,-0.144754123531138],[-78.131464047414596,-0.144675420455473],[-78.131444300928024,-0.144577609378333],[-78.13137748964273,-0.14444923705156],[-78.131328130235616,-0.144265078560836],[-78.131312174374983,-0.144126766231244],[-78.131247635419612,-0.143956364518165],[-78.131230164119685,-0.143841741543189],[-78.131239260201596,-0.143731700496916],[-78.13122102397412,-0.143565878451489],[-78.131083581496398,-0.143095931963952],[-78.131069143168745,-0.142953798671049],[-78.131037246423261,-0.142810139083101],[-78.131003066783521,-0.142616808948874],[-78.130991677377452,-0.142585479452982],[-78.130991668750497,-0.14251059114062],[-78.13098407020334,-0.14244105288038],[-78.130990894720611,-0.142380682932413],[-78.1309908853748,-0.142299681288478],[-78.130984045868161,-0.142230142940846],[-78.130967336900142,-0.142145322420769],[-78.130945316497701,-0.142077314187091],[-78.130934677999619,-0.141975681299076],[-78.130919488889404,-0.141906143936337],[-78.13090884444459,-0.141753311903594],[-78.130874661618336,-0.141534000165961],[-78.130835178878883,-0.141430842352408],[-78.130879956351933,-0.141373524601508],[-78.130830615325991,-0.141351369588737],[-78.130823023018877,-0.141336087156131],[-78.130800994927583,-0.141202360642659],[-78.13082223853992,-0.141117535672527],[-78.130820718832183,-0.141103780857589],[-78.130687866393757,-0.140947906619421],[-78.130671921381477,-0.140905879359648],[-78.130621041560758,-0.140706437990906],[-78.130611152619466,-0.140524567603841],[-78.130578497520887,-0.140389314059155],[-78.130582288580499,-0.14035339779851],[-78.130554948265896,-0.140230370289534],[-78.130597458091543,-0.140254818558674],[-78.130652101301479,-0.140181452110692],[-78.13065133732033,-0.140139423058531],[-78.130585288961811,-0.140047730966085],[-78.130520011852511,-0.140059965388355],[-78.130483569515093,-0.139993487269572],[-78.130474458549045,-0.13997362003459],[-78.130443322215186,-0.139844479669636],[-78.130429647047208,-0.139740554710754],[-78.130431163624735,-0.139727563706485],[-78.130483535658499,-0.139705396645365],[-78.130440258049575,-0.139606824379498],[-78.130431907569715,-0.139599183714997],[-78.130389399087406,-0.139586197964381]]}},
{"type":"Feature","properties":{"capa_cad":"ACAD-TOP-BASE PRESA POROTOG-Model|C3D-Superficie_ConMen","color":"#B8A15C"},"geometry":{"type":"LineString","coordinates":[[-78.139411677714122,-0.140794803989923],[-78.139300083907585,-0.14069088983336],[-78.139181659382473,-0.140593854056042],[-78.139046529028732,-0.140441035737775],[-78.139008570182668,-0.140390604911052],[-78.138946314283103,-0.14027904323525],[-78.138884061342125,-0.140192699239446],[-78.138853690468352,-0.140120106542669],[-78.138802067845873,-0.140063563990885],[-78.138777767993403,-0.139978743830975],[-78.138725381987868,-0.139885521140585],[-78.138693475585342,-0.139665443518775],[-78.138732909050546,-0.13934754338806],[-78.138764772040659,-0.139200054431612],[-78.138845962564687,-0.138957802243115],[-78.138927161940956,-0.138790438854863],[-78.139032626243576,-0.138413689425173],[-78.13904551894511,-0.138318930555725],[-78.139052329779119,-0.138145462715564],[-78.139064458196671,-0.13800714613615],[-78.139091758990517,-0.137795467211365],[-78.13910996550824,-0.137704528544589],[-78.139163835768542,-0.137513479017274]]}},
{"type":"Feature","properties":{"capa_cad":"ACAD-TOP-BASE PRESA POROTOG-Model|C3D-Superficie_ConMen","color":"#B8A15C"},"geometry":{"type":"LineString","coordinates":[[-78.139411675029791,-0.140771878826599],[-78.139311468534572,-0.140680190072672],[-78.139174824718822,-0.140567108849512],[-78.139023751083457,-0.140388310588923],[-78.138950107060879,-0.140257645972796],[-78.13889696416696,-0.14018276346873],[-78.138863556339359,-0.140104057759494],[-78.138822562331441,-0.140062797374582],[-78.138793706508466,-0.139964222666225],[-78.138745875481192,-0.139876348632895],[-78.138714727863842,-0.139653978401653],[-78.138752644656293,-0.139348305193332],[-78.138794370607485,-0.139160313949863],[-78.138848244544377,-0.138998303071183],[-78.138935514941807,-0.138818712205877],[-78.139048567017241,-0.138418272531797],[-78.13906297783619,-0.138323513477641],[-78.139082675782319,-0.138008672273871],[-78.139114527086477,-0.137764897572992],[-78.139182053264435,-0.137514240975182]]}},
{"type":"Feature","properties":{"capa_cad":"ACAD-TOP-BASE PRESA POROTOG-Model|C3D-Superficie_ConMen","color":"#B8A15C"},"geometry":{"type":"LineString","coordinates":[[-78.132491997007321,-0.14636640492961],[-78.132439605653786,-0.146218162391578],[-78.132435800615738,-0.146131047736542],[-78.132410741022071,-0.146034765490597],[-78.132397820795333,-0.14588957515299],[-78.132352267577531,-0.145800936924712],[-78.132317338878408,-0.145692429140784],[-78.132195877567398,-0.145580110403714],[-78.132176897341509,-0.145545725043456],[-78.132066825719306,-0.145467792557052],[-78.13200989417075,-0.145445638213142],[-78.13199926612279,-0.1454341769203],[-78.131974195789041,-0.145243138004269],[-78.131929400213991,-0.145142273073812],[-78.131778336055476,-0.14503225032536],[-78.131740382068926,-0.145020792170471],[-78.13154529359079,-0.144917652006286],[-78.131536938465089,-0.144868746287561],[-78.131506566887097,-0.144785455590176],[-78.131446591087752,-0.144692234130131],[-78.131432918591841,-0.1446081773575],[-78.131418491545887,-0.144563857344606],[-78.131359272791968,-0.144453059981816],[-78.131310672613679,-0.144270429739679],[-78.131295476677366,-0.144139758991134],[-78.131224863642728,-0.143954838815659],[-78.131203594809278,-0.14382034795035],[-78.13121344793521,-0.143692730986808],[-78.131193691935565,-0.143512389956535],[-78.131070677327486,-0.143093640964854],[-78.131056239965176,-0.142959913505048],[-78.130991682920779,-0.142633621939489],[-78.130978015387697,-0.142593886878611],[-78.130978005264438,-0.14250600773762],[-78.130971167091829,-0.14244793188612],[-78.130978750221942,-0.142383741017943],[-78.130975698224205,-0.142246955579754],[-78.130962787083519,-0.14218429544222],[-78.130927098956846,-0.142075023822327],[-78.130916460724023,-0.141975683435155],[-78.130898993570156,-0.141898504676766],[-78.130890628940577,-0.14176859737092],[-78.130862522267151,-0.141581379909418],[-78.130848090324548,-0.14149579497352],[-78.130819238231879,-0.14142625923105],[-78.130854908310354,-0.141379640882732],[-78.130812399029537,-0.141359777564413],[-78.130783536618864,-0.141201598535206],[-78.13078353412898,-0.141180201878439],[-78.130802502359941,-0.141110660504493],[-78.130688629722073,-0.140984586509705],[-78.130658261279791,-0.140930334293745],[-78.130598270152319,-0.140707969018529],[-78.130586862033539,-0.140516928820843],[-78.130561039752351,-0.140393136961169],[-78.130565590133315,-0.140359513109541],[-78.130529135722384,-0.140189872549326],[-78.130602010080594,-0.140234949696839],[-78.130646028251078,-0.140176103668698],[-78.13064450700918,-0.140149358031382],[-78.130618694102182,-0.140105803625118],[-78.130593641860997,-0.140076004121881],[-78.13051242517956,-0.140092825434698],[-78.1304873722232,-0.140056912605509],[-78.130451688132112,-0.139983556903571],[-78.130422830395077,-0.139866642926807],[-78.130407641257008,-0.139797869789271],[-78.130400797919549,-0.139697000683797]]}},
{"type":"Feature","properties":{"capa_cad":"ACAD-TOP-BASE PRESA POROTOG-Model|C3D-Superficie_ConMen","color":"#B8A15C"},"geometry":{"type":"LineString","coordinates":[[-78.130400797919549,-0.139697000683797],[-78.130400797919549,-0.139697000683797]]}},
{"type":"Feature","properties":{"capa_cad":"ACAD-TOP-BASE PRESA POROTOG-Model|C3D-Superficie_ConMen","color":"#B8A15C"},"geometry":{"type":"LineString","coordinates":[[-78.130400797919549,-0.139697000683797],[-78.130432676426153,-0.1396824777269],[-78.130406861798193,-0.139624404183989],[-78.130389402326244,-0.13961370794213]]}},
{"type":"Feature","properties":{"capa_cad":"ACAD-TOP-BASE PRESA POROTOG-Model|C3D-Superficie_ConMen","color":"#B8A15C"},"geometry":{"type":"LineString","coordinates":[[-78.13941167252402,-0.140750482007491],[-78.139170267320068,-0.140541127544531],[-78.139035895212018,-0.140381431596897],[-78.138959973473547,-0.140246182220266],[-78.138918218521539,-0.140188874309989],[-78.138877977549697,-0.14009641432218],[-78.138839260446247,-0.140052861150218],[-78.138809645023542,-0.139949701501057],[-78.13876940655895,-0.139878638337381],[-78.138735979240465,-0.139634871567509],[-78.138770104895499,-0.139364350705298],[-78.138808793168138,-0.139164133076705],[-78.138869498268775,-0.138999064687869],[-78.138943867942032,-0.138846985557285],[-78.139062990584449,-0.138430497540607],[-78.139081194692878,-0.138318926245301],[-78.13909634504229,-0.138060634308606],[-78.139133503182748,-0.137761838583223],[-78.139199511793734,-0.137515767197342]]}},
{"type":"Feature","properties":{"capa_cad":"ACAD-TOP-BASE PRESA POROTOG-Model|C3D-Superficie_ConMen","color":"#B8A15C"},"geometry":{"type":"LineString","coordinates":[[-78.132475296357555,-0.146353415977659],[-78.132428219753649,-0.146217399517456],[-78.132424414115732,-0.146124935691374],[-78.132401632370772,-0.146034766526676],[-78.132390230424448,-0.14589110435214],[-78.132340121592961,-0.145791004132983],[-78.132311267390619,-0.145700835674035],[-78.132185251240074,-0.145583932452892],[-78.13217082619984,-0.145557188245399],[-78.132082009814155,-0.145494536674352],[-78.132000787590144,-0.145463979264909],[-78.131983327539857,-0.145447933749721],[-78.131977253902107,-0.145437236103857],[-78.131953702367582,-0.145252310354524],[-78.131918776480632,-0.14516902013834],[-78.131905870492233,-0.145150681606078],[-78.131765434041426,-0.145049063477565],[-78.13171685295687,-0.145034549872231],[-78.131524800698585,-0.144931409359422],[-78.131513407975064,-0.144870277320946],[-78.131479999837197,-0.144783930306677],[-78.131429893814484,-0.144709047717059],[-78.131415461573141,-0.144618877698817],[-78.131395719332232,-0.144558510796242],[-78.131343333882953,-0.144463760150048],[-78.13129321499197,-0.144275780918361],[-78.131278778979834,-0.144152751750614],[-78.131200573149755,-0.143947964122402],[-78.131177025586368,-0.143799718525053],[-78.131188395332671,-0.143659110556636],[-78.131167119822933,-0.143466543041789],[-78.131055494859126,-0.143081416066146],[-78.131042577006411,-0.142959915095343],[-78.131008402136487,-0.142807849944772],[-78.130979539213001,-0.14264355752031],[-78.130964353310048,-0.142601530137614],[-78.130964341778537,-0.142501424334723],[-78.130958263187566,-0.142447933393848],[-78.130967364335874,-0.14238297818248],[-78.130965830885657,-0.142250013400204],[-78.130910400405938,-0.142080374943727],[-78.130899003120689,-0.141981034646945],[-78.130880017595899,-0.141901563568631],[-78.130870134063812,-0.14176477894586],[-78.130835950797803,-0.141541646383556],[-78.130824557106052,-0.1414736369186],[-78.130802538443277,-0.141420912032828],[-78.130829860269273,-0.141385757163659],[-78.130797219211885,-0.141370477681158],[-78.130765317923576,-0.141189374022774],[-78.130763798216819,-0.141175619208426],[-78.1307797314808,-0.141116776522299],[-78.130682560058972,-0.14100827638057],[-78.130633211464016,-0.140921167259068],[-78.130576258421868,-0.140714849119443],[-78.13056257144811,-0.14050929003813],[-78.130539027398669,-0.140394667904901],[-78.130546613275243,-0.140354930364405],[-78.130503323178132,-0.140149374810947],[-78.130524577642603,-0.140157778112572],[-78.130605043873985,-0.140214316848985],[-78.130636160652969,-0.140176869007466],[-78.130636917286679,-0.140156236429458],[-78.130601235706706,-0.140104277368321],[-78.130513946870565,-0.140123391899502],[-78.130499524956804,-0.140124157779957],[-78.13049421095981,-0.140118809248713],[-78.130426639839627,-0.139987380714463],[-78.130389428123507,-0.139833023598115]]}},
{"type":"Feature","properties":{"capa_cad":"ACAD-TOP-BASE PRESA POROTOG-Model|C3D-Superficie_ConMen","color":"#B8A15C"},"geometry":{"type":"LineString","coordinates":[[-78.130617182449129,-0.140160823772131],[-78.130620978519971,-0.140167700816942],[-78.130617183972319,-0.14017381459757],[-78.130602001749949,-0.140163882241022],[-78.130617182449129,-0.140160823772131]]}},
{"type":"Feature","properties":{"capa_cad":"ACAD-TOP-BASE PRESA POROTOG-Model|C3D-Superficie_ConMen","color":"#B8A15C"},"geometry":{"type":"LineString","coordinates":[[-78.139411667690339,-0.140709216713491],[-78.139225679585564,-0.140549526849273],[-78.139095864245462,-0.140410462992498],[-78.139060183469383,-0.140367673612403],[-78.138976669436076,-0.140217905873636],[-78.138945542917881,-0.140174351789237],[-78.138900746154476,-0.140069665594656],[-78.138878730852525,-0.140047507239418],[-78.13884076308544,-0.139921423431837],[-78.13881343113168,-0.139871755533561],[-78.138788363643343,-0.139714339156759],[-78.138778483798617,-0.139611941330776],[-78.138831568810318,-0.139196989726587],[-78.138907452728034,-0.139012051045425],[-78.138960573940665,-0.138903532261369],[-78.139093355016939,-0.138448069828777],[-78.139119902393531,-0.138283005487892],[-78.139136570669407,-0.138023185014229],[-78.139171454918852,-0.13775189974359],[-78.13923594678694,-0.137517291113269]]}},
{"type":"Feature","properties":{"capa_cad":"ACAD-TOP-BASE PRESA POROTOG-Model|C3D-Superficie_ConMen","color":"#B8A15C"},"geometry":{"type":"LineString","coordinates":[[-78.132442654198286,-0.146328202156154],[-78.132442654198286,-0.146328202156154]]}},
{"type":"Feature","properties":{"capa_cad":"ACAD-TOP-BASE PRESA POROTOG-Model|C3D-Superficie_ConMen","color":"#B8A15C"},"geometry":{"type":"LineString","coordinates":[[-78.132442654198286,-0.146328202156154],[-78.132404688813835,-0.146215109688032],[-78.132399361895935,-0.146094371842732],[-78.132382655328044,-0.146028655346096],[-78.13237353183186,-0.145896455425397],[-78.132322663088232,-0.145788713620469],[-78.132302160975613,-0.145720705063418],[-78.132156406581814,-0.145578586574354],[-78.132130596591423,-0.145559485339555],[-78.131972706296082,-0.145496841658881],[-78.131941581294811,-0.145463221860995],[-78.131917272091457,-0.145290522876907],[-78.131889178383886,-0.145213345216709],[-78.13186792064603,-0.14517590346412],[-78.131739630099332,-0.145083453947742],[-78.131670553873775,-0.14506282935392],[-78.131619693645206,-0.145030740171828],[-78.131482296980352,-0.144960452571773],[-78.131467866141676,-0.14488250921457],[-78.131448883832235,-0.144829783885162],[-78.13139574021433,-0.14474267497657],[-78.131376750535338,-0.14462499548237],[-78.131360804863647,-0.14457609064578],[-78.131305381555109,-0.144466821184399],[-78.131258299749263,-0.144286483275175],[-78.131247661353967,-0.144184086172134],[-78.131160344539779,-0.143958667102098],[-78.131141358273112,-0.143871554307236],[-78.131124646107537,-0.143757695422917],[-78.131137531073165,-0.14359186978859],[-78.131112455912927,-0.143361094397185],[-78.131026649081491,-0.143066136090832],[-78.131018289496112,-0.142979022084276],[-78.130956771135217,-0.142674126834234],[-78.130937029155078,-0.142616816655027],[-78.13093321584212,-0.142460162983179],[-78.130943833334641,-0.142379924267502],[-78.130943826722714,-0.142322611785966],[-78.130921043042662,-0.142217923651601],[-78.130873965590652,-0.142078086713359],[-78.130865606728108,-0.141997850222975],[-78.130839786100708,-0.141887049127656],[-78.13082838481553,-0.141753321353513],[-78.130778249988708,-0.141431613221011],[-78.130769897919777,-0.141410217547472],[-78.130779005135622,-0.141397989813993],[-78.130767618718679,-0.141392641990649],[-78.130727361716012,-0.141158811847913],[-78.130734189634779,-0.141128244390831],[-78.130654478038053,-0.141033497182791],[-78.130571723010718,-0.140876852886678],[-78.130529196698419,-0.140711033858439],[-78.130517789385621,-0.140526871167518],[-78.130494243729217,-0.140398494048255],[-78.130507141096487,-0.140342708390196],[-78.130479039490993,-0.140200576826956],[-78.130460057706529,-0.140153964949476],[-78.130389450650611,-0.140024829276313]]}},
{"type":"Feature","properties":{"capa_cad":"ACAD-TOP-BASE PRESA POROTOG-Model|C3D-Superficie_ConMen","color":"#B8A15C"},"geometry":{"type":"LineString","coordinates":[[-78.132425953634453,-0.146315977372721],[-78.132392543431564,-0.146210526063201],[-78.132387215656024,-0.146082146545305],[-78.132373546676988,-0.14602865638223],[-78.132362145331371,-0.1458903433829],[-78.132312794953918,-0.145784893908288],[-78.132293052669183,-0.145723762771284],[-78.132138948682069,-0.145581645235889],[-78.131965117908919,-0.145515946703386],[-78.131944621557992,-0.145499137367501],[-78.131918050622772,-0.14546322454889],[-78.131899816352117,-0.145312685718599],[-78.131880833104901,-0.145251554524785],[-78.131853500521103,-0.145192716789831],[-78.131726728171287,-0.145101031265714],[-78.131647024762572,-0.14507658705389],[-78.131577946037268,-0.145033801623341],[-78.13146559978891,-0.144978030322095],[-78.131456489157543,-0.144960455530693],[-78.131445854365694,-0.144889389240655],[-78.131431427762791,-0.144848890057443],[-78.131416242884015,-0.144815268463008],[-78.131378283887457,-0.144759488649128],[-78.13135094072193,-0.144607422614852],[-78.131331958402342,-0.144554697295343],[-78.131285645904342,-0.144464530955567],[-78.131240842128264,-0.144291834453323],[-78.131230963656563,-0.144197078930396],[-78.131151240079504,-0.143995348149158],[-78.131122384640932,-0.143895245663542],[-78.131098076798253,-0.143736301833905],[-78.131112479081111,-0.143563598528553],[-78.131083604973568,-0.143300728589742],[-78.13101374491319,-0.143063845092138],[-78.131005386292969,-0.142985136917669],[-78.130943868374231,-0.142684062502832],[-78.130923367165721,-0.142625224079841],[-78.130921071255713,-0.14246245690127],[-78.130932446126764,-0.142367698935912],[-78.130899028912893,-0.142204171232976],[-78.130857266952191,-0.142082673668064],[-78.130848149125427,-0.142003201434162],[-78.13081929078281,-0.141879409868894],[-78.130808649612788,-0.141754852004034],[-78.130710662461411,-0.141158049651593],[-78.130711418667929,-0.14113359624157],[-78.130650686066929,-0.141061771781195],[-78.130545154734264,-0.140864629368639],[-78.130506425202569,-0.140711800719632],[-78.130493498801755,-0.140519232385],[-78.130472231376828,-0.140400024991712],[-78.130488164597267,-0.140341182309978],[-78.13046461999582,-0.14022197519106],[-78.130389456568778,-0.140075264235522]]}},
{"type":"Feature","properties":{"capa_cad":"ACAD-TOP-BASE PRESA POROTOG-Model|C3D-Superficie_ConMen","color":"#B8A15C"},"geometry":{"type":"LineString","coordinates":[[-78.139411665183403,-0.140687819894365],[-78.139261356417833,-0.140558692672576],[-78.139078400604944,-0.140365378928438],[-78.138959205071288,-0.140166708442693],[-78.13891288974007,-0.140058201569393],[-78.138896947624517,-0.140042155863784],[-78.138858220167535,-0.139910722942858],[-78.138835443463677,-0.139868696217273],[-78.138810375974316,-0.139711279837536],[-78.138799735897592,-0.139598947868324],[-78.138827037523498,-0.13939185406177],[-78.138837647068556,-0.139245895988151],[-78.138850544092236,-0.139187053216061],[-78.138880141483583,-0.139137378498053],[-78.138926429912786,-0.139018162138604],[-78.138968926939071,-0.138931805614011],[-78.139014453658859,-0.138790428344588],[-78.139111571601632,-0.138441190082559],[-78.139135843897819,-0.138293701968394],[-78.139154788164902,-0.13802394698031],[-78.139190431107494,-0.137749604925384],[-78.139254164283983,-0.137518053071248]]}},
{"type":"Feature","properties":{"capa_cad":"ACAD-TOP-BASE PRESA POROTOG-Model|C3D-Superficie_ConMen","color":"#B8A15C"},"geometry":{"type":"LineString","coordinates":[[-78.139411662676082,-0.140666423075257],[-78.139298551547796,-0.140569386660032],[-78.139116355327303,-0.140380657849292],[-78.139057898843561,-0.140304247617906],[-78.138978181712517,-0.140168234524419],[-78.138925792384086,-0.140046737453302],[-78.138915923545156,-0.140037568569175],[-78.13887264011575,-0.139892381098637],[-78.138857455706045,-0.139864872729126],[-78.138832388215519,-0.139707456346436],[-78.138820988087048,-0.139586718577081],[-78.138841464150417,-0.13943006091945],[-78.138839936272475,-0.139347530554731],[-78.138846001143094,-0.13928333940108],[-78.138864208228753,-0.139196221636735],[-78.138871037400563,-0.139176352351167],[-78.138910501101932,-0.139114449698384],[-78.138978797509694,-0.138955493753579],[-78.139035705661328,-0.138776670692033],[-78.139129788459641,-0.138436602851868],[-78.13915481890281,-0.138281472924097],[-78.139173763988836,-0.138018595478867],[-78.139210923766825,-0.137733554827277],[-78.139272381781311,-0.137518815029237]]}},
{"type":"Feature","properties":{"capa_cad":"ACAD-TOP-BASE PRESA POROTOG-Model|C3D-Superficie_ConMen","color":"#B8A15C"},"geometry":{"type":"LineString","coordinates":[[-78.132410012039458,-0.146302988336049],[-78.13238039847765,-0.146209763275374],[-78.132375069416128,-0.146069921248132],[-78.132365197594837,-0.146033242336262],[-78.13235303736738,-0.145896457759065],[-78.132330258613095,-0.145833034461822],[-78.132302926733772,-0.145780310028856],[-78.132287740149508,-0.145731405050334],[-78.13215792856208,-0.14561297392668],[-78.131952215971637,-0.145533524020058],[-78.131924887274806,-0.145509073793282],[-78.131899834792691,-0.145476217469888],[-78.131881601127631,-0.145331027811121],[-78.131864135989503,-0.145269896444306],[-78.131833766587548,-0.145205709888122],[-78.131713826156727,-0.145117844416327],[-78.131623495651681,-0.145090344753265],[-78.131556694175714,-0.145048323228611],[-78.13144055223006,-0.144988731528107],[-78.131415490405942,-0.144873345222112],[-78.131398786555721,-0.14483208213477],[-78.131360067987657,-0.144771717408109],[-78.131337280271993,-0.14462958501934],[-78.1313084270502,-0.144548586668104],[-78.131269707169736,-0.144476759456165],[-78.131223384507493,-0.144297185631276],[-78.131214265872302,-0.144209307521648],[-78.131144413213462,-0.144035849765514],[-78.131102651345358,-0.143913587941085],[-78.131072267240569,-0.14372102149006],[-78.131086666724926,-0.143523864859936],[-78.131056273014181,-0.143248004273958],[-78.130998562357647,-0.143050856027948],[-78.130991723510292,-0.14298666684053],[-78.130934762549813,-0.142708516890446],[-78.130908945595479,-0.142629046594646],[-78.130908168232835,-0.142470100072744],[-78.130914988961806,-0.142376870973771],[-78.13087929317841,-0.142201116877554],[-78.130838289917975,-0.142076562560488],[-78.130829931939587,-0.142003967736072],[-78.130798795376791,-0.14187100644407],[-78.13079119298628,-0.141768609048152],[-78.130693203798302,-0.141154230879797],[-78.130681814890451,-0.141127486404406],[-78.130629432673928,-0.141062538456337],[-78.130528456819292,-0.140875329668757],[-78.130512511539479,-0.140831009917389],[-78.130484413473837,-0.140718680819827],[-78.13046768841474,-0.140497074626789],[-78.130450219650896,-0.140406905097714],[-78.130468428329721,-0.14033354299109],[-78.130448682215757,-0.140241845402724],[-78.13038946275357,-0.140127991692868]]}},
{"type":"Feature","properties":{"capa_cad":"ACAD-TOP-BASE PRESA POROTOG-Model|C3D-Superficie_ConMen","color":"#B8A15C"},"geometry":{"type":"LineString","coordinates":[[-78.139411660078778,-0.140644262084039],[-78.139338783182595,-0.140582372803452],[-78.139149755071159,-0.140390588109527],[-78.139045747890691,-0.140253049549086],[-78.13899184395612,-0.140161355349391],[-78.138934140317673,-0.140032217193162],[-78.13888857863094,-0.139877859931403],[-78.138879468038866,-0.139861813412545],[-78.13885440045712,-0.139703632855167],[-78.138842239915704,-0.139571432598454],[-78.138855131988919,-0.139470560384222],[-78.138854355849489,-0.139326132016718],[-78.138880907422248,-0.139195455460336],[-78.138888495561972,-0.139174821911587],[-78.138940860720567,-0.139091520897454],[-78.138989426775723,-0.138976125114975],[-78.139051646524635,-0.138782017975615],[-78.139143453424268,-0.138452648813013],[-78.139173793816823,-0.13826847970741],[-78.139191981484927,-0.138019357444871],[-78.139229899956064,-0.137731260008654],[-78.139290599278951,-0.13751957698722]]}},
{"type":"Feature","properties":{"capa_cad":"ACAD-TOP-BASE PRESA POROTOG-Model|C3D-Superficie_ConMen","color":"#B8A15C"},"geometry":{"type":"LineString","coordinates":[[-78.13239331147588,-0.146290763553313],[-78.132368254037729,-0.146213585491836],[-78.132363683345147,-0.146067630040763],[-78.132344688629331,-0.145904100383414],[-78.132281668575629,-0.145739047415833],[-78.132180704142215,-0.145648123021784],[-78.132108590219104,-0.145614507890951],[-78.131949941219816,-0.145554920958716],[-78.131917299232057,-0.14553123550517],[-78.131880100424382,-0.14548538972859],[-78.131861107707024,-0.145340200158974],[-78.131845920507558,-0.14528594603584],[-78.13181479162175,-0.145217938732087],[-78.131706237863824,-0.145137713625857],[-78.131594652906088,-0.145101810560011],[-78.131518742097384,-0.145053676744773],[-78.131419300371604,-0.145003253132334],[-78.131396515883168,-0.144889394900382],[-78.131378293407622,-0.144843546987398],[-78.13134337071439,-0.144788530992523],[-78.131318304627584,-0.144635700533786],[-78.131291728914036,-0.144557758588472],[-78.131253768261701,-0.144487459623158],[-78.131205926886977,-0.144302536809068],[-78.131197568175082,-0.144222300279115],[-78.131123159893562,-0.144037380552322],[-78.131079879571374,-0.143912062239469],[-78.131045697321042,-0.143694278737413],[-78.131061614120611,-0.143490244437115],[-78.131028941053174,-0.143195279960659],[-78.130984139469305,-0.143043216040925],[-78.130978820307391,-0.142992781673695],[-78.130920340891166,-0.142711575237837],[-78.130896043099327,-0.142641274762469],[-78.130894493645343,-0.142369231705733],[-78.130856519554825,-0.142183543716754],[-78.130820072467174,-0.142075036362202],[-78.130812474337404,-0.14200931894697],[-78.130777540298681,-0.141857253944448],[-78.13076993852701,-0.14176020571464],[-78.13067043167581,-0.141149648568714],[-78.130624881560237,-0.141090048977401],[-78.130492777414005,-0.140841710576662],[-78.130461641978883,-0.140719447680792],[-78.130441118260038,-0.14046880363089],[-78.130427447709963,-0.140403851134501],[-78.130449451831154,-0.140332016911046],[-78.130438059595434,-0.140276998304495],[-78.130389469115116,-0.140182247482304]]}},
{"type":"Feature","properties":{"capa_cad":"ACAD-TOP-BASE PRESA POROTOG-Model|C3D-Superficie_ConMen","color":"#B8A15C"},"geometry":{"type":"LineString","coordinates":[[-78.139411655062119,-0.140601468445819],[-78.139211999581818,-0.140405099969701],[-78.139021445709048,-0.140148360899175],[-78.138922733287032,-0.139852638182528],[-78.138909822536789,-0.13979532684106],[-78.138893108917344,-0.139673825526514],[-78.138877133115358,-0.139372743762668],[-78.138877130945758,-0.139354403640586],[-78.138916582079986,-0.139186281116263],[-78.139001580049353,-0.139046427463623],[-78.139088839482341,-0.138774371777926],[-78.139173817949668,-0.138470985274878],[-78.139211743736467,-0.138243257444683],[-78.139229174897466,-0.138015532081061],[-78.139266335499244,-0.137737368963561],[-78.13932703427507,-0.137521100903251]]}},
{"type":"Feature","properties":{"capa_cad":"ACAD-TOP-BASE PRESA POROTOG-Model|C3D-Superficie_ConMen","color":"#B8A15C"},"geometry":{"type":"LineString","coordinates":[[-78.132360669317762,-0.146265549735306],[-78.132343204819392,-0.146209767500284],[-78.132338630782286,-0.146034009525514],[-78.132324953562943,-0.145907159299868],[-78.132269525427787,-0.145754332146581],[-78.132233846186182,-0.145721477019841],[-78.132116187210741,-0.145671819565404],[-78.132039518194176,-0.145631327449924],[-78.131910473512946,-0.145582435478763],[-78.131841390742409,-0.145503734158287],[-78.131820880437658,-0.145363129768876],[-78.131804174528611,-0.145303526651966],[-78.131776841776912,-0.145243160585704],[-78.131675879338758,-0.14516981211278],[-78.131552908407073,-0.145132382014649],[-78.131454983579403,-0.145071259885393],[-78.131388942376063,-0.14503993661467],[-78.131375277943377,-0.145026947346092],[-78.131355529845436,-0.144914617103203],[-78.131335029605538,-0.144863420285908],[-78.131309217200794,-0.144822922413611],[-78.131280353166304,-0.14464640322873],[-78.131247703032699,-0.144550886151639],[-78.13122037155847,-0.144501982631413],[-78.131211259620841,-0.144472945348533],[-78.131171011733471,-0.14431400333067],[-78.131164172693943,-0.144247521626317],[-78.131086727509313,-0.144056488921521],[-78.131030538754274,-0.143891435445943],[-78.130992558791647,-0.143652255732565],[-78.131010749770226,-0.143422239517383],[-78.1309856740546,-0.143186879156626],[-78.130972758318435,-0.143083718186605],[-78.130955293429935,-0.143025643568157],[-78.130898331865751,-0.142742144460231],[-78.130877072926964,-0.142694768622674],[-78.130867959364508,-0.142651976368258],[-78.130854262507313,-0.142357773913482],[-78.130816288593195,-0.142173614264062],[-78.130783637743122,-0.14207351229837],[-78.130777559222139,-0.142020785534522],[-78.130738068390642,-0.141847324414777],[-78.130719833499469,-0.141695257465024],[-78.130678056767849,-0.141446908341454],[-78.130679572122261,-0.141423219009203],[-78.130627925778612,-0.141158823577818],[-78.130586170217924,-0.141093110210947],[-78.130437362725573,-0.140808857986679],[-78.130414580349452,-0.140716396585813],[-78.130389498828109,-0.140435950610387]]}},
{"type":"Feature","properties":{"capa_cad":"ACAD-TOP-BASE PRESA POROTOG-Model|C3D-Superficie_ConMen","color":"#B8A15C"},"geometry":{"type":"LineString","coordinates":[[-78.130389493462431,-0.140390100647481],[-78.130406945055356,-0.140333550287978],[-78.130389482457076,-0.140296108223526]]}},
{"type":"Feature","properties":{"capa_cad":"ACAD-TOP-BASE PRESA POROTOG-Model|C3D-Superficie_ConMen","color":"#B8A15C"},"geometry":{"type":"LineString","coordinates":[[-78.139411652732406,-0.140581599970927],[-78.139248435921814,-0.140418086558079],[-78.13903966266362,-0.140144537868091],[-78.138929557875329,-0.139793796138687],[-78.138910564374015,-0.139649369941243],[-78.138894590915683,-0.139368156639003],[-78.138933281274248,-0.139185514939646],[-78.139019038574958,-0.139047953709162],[-78.139102504078792,-0.138787361054941],[-78.139189758816144,-0.138476332554721],[-78.139231476889037,-0.138223386586983],[-78.139245875646793,-0.138027756810855],[-78.139285312055392,-0.137738130832947],[-78.139344492714955,-0.137521862953538]]}},
{"type":"Feature","properties":{"capa_cad":"ACAD-TOP-BASE PRESA POROTOG-Model|C3D-Superficie_ConMen","color":"#B8A15C"},"geometry":{"type":"LineString","coordinates":[[-78.132343968754554,-0.146253324953597],[-78.132331060037288,-0.14621053304717],[-78.132327249342055,-0.146072983355406],[-78.132320413052128,-0.146030190760928],[-78.132325724201621,-0.146010321805482],[-78.132315086029877,-0.145908688758058],[-78.132263453939785,-0.145762738679151],[-78.132107080969575,-0.145693217285926],[-78.132021302618213,-0.145646612871137],[-78.131893016735461,-0.145595428311134],[-78.131821656374839,-0.14551290641597],[-78.131810259629475,-0.145415858506775],[-78.131798108994445,-0.145364660705943],[-78.131785199734594,-0.145317283827918],[-78.131757866897843,-0.14525615359533],[-78.131662977323714,-0.145186625261846],[-78.131529379297334,-0.14514613971163],[-78.131423104278426,-0.145079669371526],[-78.131356303764505,-0.145046053687969],[-78.131333517984913,-0.144920732961196],[-78.131317573191211,-0.144879469788995],[-78.131293279500028,-0.144844320909302],[-78.131259099322619,-0.14464334900465],[-78.13122644936287,-0.1445493602626],[-78.131196080287566,-0.144488230427183],[-78.131153554113652,-0.144319354507916],[-78.131147474996951,-0.144260514382612],[-78.131050288336908,-0.144015992303124],[-78.131003969798201,-0.143873098521298],[-78.130966749322738,-0.143637739558378],[-78.130985697164846,-0.143388619098947],[-78.130946945511141,-0.143040163701512],[-78.130885429104808,-0.142752080127529],[-78.130865688888377,-0.142710053277848],[-78.13085429728774,-0.142659619625738],[-78.130836055014385,-0.142442598507999],[-78.130835286179618,-0.142357776132117],[-78.130791996334693,-0.14215145628458],[-78.130766938840992,-0.142075806753798],[-78.130758582542498,-0.142017731093551],[-78.130717572985901,-0.14183892099106],[-78.1307114926841,-0.141770910906236],[-78.130659081686289,-0.141457608902373],[-78.13066135547254,-0.141428570317574],[-78.130608191647866,-0.141169524232578],[-78.130416109782757,-0.14081344549655],[-78.130392568533225,-0.140722512519227],[-78.130389526253921,-0.140670549587241]]}},
{"type":"Feature","properties":{"capa_cad":"ACAD-TOP-BASE PRESA POROTOG-Model|C3D-Superficie_ConMen","color":"#B8A15C"},"geometry":{"type":"LineString","coordinates":[[-78.139411650043854,-0.140558674807582],[-78.139280317282854,-0.140425724484928],[-78.139057120020581,-0.140136129896129],[-78.139037374877802,-0.140054365860065],[-78.138950051101077,-0.139782331112122],[-78.138927260140363,-0.139619565243528],[-78.138914329145578,-0.139391079426178],[-78.138921150906853,-0.139308548054718],[-78.138946945321294,-0.139193919189121],[-78.138980336286906,-0.139129724746553],[-78.139036497191441,-0.139050244126592],[-78.139122238692167,-0.138779716959354],[-78.139205699773825,-0.138482444006707],[-78.139250451894767,-0.13821115754041],[-78.139263334724518,-0.138033868073003],[-78.139304288611854,-0.137738892702344],[-78.139361192096459,-0.137522625096075]]}},
{"type":"Feature","properties":{"capa_cad":"ACAD-TOP-BASE PRESA POROTOG-Model|C3D-Superficie_ConMen","color":"#B8A15C"},"geometry":{"type":"LineString","coordinates":[[-78.132327268105882,-0.146240336004905],[-78.132327268105882,-0.146240336004905]]}},
{"type":"Feature","properties":{"capa_cad":"ACAD-TOP-BASE PRESA POROTOG-Model|C3D-Superficie_ConMen","color":"#B8A15C"},"geometry":{"type":"LineString","coordinates":[[-78.132327268105882,-0.146240336004905],[-78.132318915683527,-0.146215119430772],[-78.132316627897552,-0.146120362939005],[-78.132302195922591,-0.146031721167759],[-78.132313577275411,-0.145991983170987],[-78.132306737721208,-0.145920152218729],[-78.132262697893154,-0.145789484621382],[-78.132237647387328,-0.145774204130081],[-78.132103288450367,-0.145717671069078],[-78.131985627940637,-0.145654258611892],[-78.131885428605159,-0.145616825854761],[-78.131801921921436,-0.145521314506341],[-78.131791285350786,-0.145434200682864],[-78.131778375145927,-0.14537841796754],[-78.13176242846464,-0.145320343099754],[-78.131735096232447,-0.145264562036949],[-78.131650075308542,-0.145203438410505],[-78.131499018359875,-0.145156841522898],[-78.131395779645075,-0.145091135002396],[-78.131345679433537,-0.145067451572807],[-78.131333533195118,-0.145055226297117],[-78.131310747157698,-0.144927613072643],[-78.131297080130508,-0.144891698806546],[-78.13127658222659,-0.14486113449161],[-78.131242401706174,-0.144657105922895],[-78.131205195780154,-0.144548598540208],[-78.131181660354613,-0.144506572084428],[-78.131136096494046,-0.144324705684984],[-78.131130777300044,-0.144273507138529],[-78.131047257868389,-0.144066427641995],[-78.13098195777664,-0.14387768606436],[-78.13094017940395,-0.143610996810039],[-78.130960645259037,-0.143361112013414],[-78.130923410476527,-0.143001958118253],[-78.130874804294251,-0.14276889302651],[-78.130851267582244,-0.142716168290411],[-78.130839876069999,-0.142666498805222],[-78.130817078510717,-0.142441072392519],[-78.130817069698651,-0.142364655758998],[-78.130769982206758,-0.142137703868665],[-78.130748721479662,-0.14207504472185],[-78.130744162655688,-0.14203607277484],[-78.130697077669993,-0.14183128173388],[-78.130693276740246,-0.141782375539201],[-78.130640106516196,-0.141467545296689],[-78.130642379681376,-0.141433157548888],[-78.130599089770385,-0.14122760193733],[-78.130577068077599,-0.141148895416665],[-78.130389541241911,-0.140798929483353]]}},
{"type":"Feature","properties":{"capa_cad":"ACAD-TOP-BASE PRESA POROTOG-Model|C3D-Superficie_ConMen","color":"#B8A15C"},"geometry":{"type":"LineString","coordinates":[[-78.139411647265206,-0.140534985472146],[-78.139301570297974,-0.140420372751869],[-78.139072299752655,-0.140123901335988],[-78.139049515225892,-0.140015391645916],[-78.138970544236926,-0.139770101913297],[-78.138944716408545,-0.139601987202846],[-78.138934066652396,-0.139407888839787],[-78.138937093122891,-0.139325357922197],[-78.138968197056144,-0.139177869029542],[-78.139007660489,-0.139113673855834],[-78.139052438234884,-0.139057119757743],[-78.139148802017544,-0.138748382710775],[-78.139219364283875,-0.138494669109506],[-78.139266392672198,-0.138215740644912],[-78.139280793893775,-0.138040743507348],[-78.139323265168628,-0.13773965457175],[-78.139368789462409,-0.137579172907771],[-78.139378650536855,-0.137523387146383]]}},
{"type":"Feature","properties":{"capa_cad":"ACAD-TOP-BASE PRESA POROTOG-Model|C3D-Superficie_ConMen","color":"#B8A15C"},"geometry":{"type":"LineString","coordinates":[[-78.132311326597161,-0.146228111137704],[-78.13228321888154,-0.146025609987679],[-78.132301430091644,-0.145971352034871],[-78.132299149239103,-0.145938493098804],[-78.132290794492647,-0.145892644009726],[-78.132263460383768,-0.14582005122714],[-78.132199695711449,-0.145783378462659],[-78.132073686631742,-0.145729136951889],[-78.131960580621509,-0.145667252309803],[-78.13187328563501,-0.145633638915371],[-78.131782187554393,-0.145530486763365],[-78.131773070039799,-0.145451778604638],[-78.131743453671078,-0.145334100274884],[-78.131716121353804,-0.145277555045721],[-78.131637173379531,-0.145221015725674],[-78.131488393853004,-0.145176711075854],[-78.13146713914324,-0.145166015173785],[-78.131313040477565,-0.145070511978341],[-78.131287216758679,-0.144929908270913],[-78.131259125899632,-0.144877948160489],[-78.131225703916527,-0.14466933450751],[-78.131188497818883,-0.144559298792828],[-78.1311626841064,-0.144507338433994],[-78.131118638874696,-0.144330056861857],[-78.131114079516351,-0.144285735727503],[-78.131023726694195,-0.144061845359047],[-78.130957667201415,-0.143870047207553],[-78.130913610096584,-0.143589603227716],[-78.130934832812287,-0.143320614188138],[-78.13090216005773,-0.143028706414849],[-78.130905192235304,-0.142993554407533],[-78.130861901533294,-0.142778828693267],[-78.130837605593115,-0.14272457571336],[-78.130821658443594,-0.142663444264799],[-78.130797341104184,-0.142423498873027],[-78.130796574207622,-0.142355488159114],[-78.130675822770414,-0.141819057568615],[-78.130659868402418,-0.141696028676718],[-78.130621131435035,-0.141478245856892],[-78.130623404334287,-0.141441565611046],[-78.13057252443005,-0.141240595894475],[-78.130522408797802,-0.141084711908254],[-78.130389545789015,-0.140837901951804]]}},
{"type":"Feature","properties":{"capa_cad":"ACAD-TOP-BASE PRESA POROTOG-Model|C3D-Superficie_ConMen","color":"#B8A15C"},"geometry":{"type":"LineString","coordinates":[[-78.139411641616775,-0.140486842629129],[-78.139347872161238,-0.140414253865864],[-78.139197555111835,-0.140214822865938],[-78.139108733303843,-0.14011319858484],[-78.139063165497674,-0.139906877608848],[-78.139010771450799,-0.139745643605035],[-78.138978867810067,-0.139549255258806],[-78.138972780258712,-0.139421639292433],[-78.138973529283575,-0.139336816129689],[-78.139001595446373,-0.139176336675883],[-78.13908583780514,-0.139065521634923],[-78.139184477405919,-0.138745321725818],[-78.139251246200118,-0.138506892014397],[-78.139304342411194,-0.138188990034151],[-78.139317228433242,-0.138038446579803],[-78.139361218283142,-0.137741178310593],[-78.139399154922586,-0.137605151070731],[-78.139411290700622,-0.137528732384332]]}},
{"type":"Feature","properties":{"capa_cad":"ACAD-TOP-BASE PRESA POROTOG-Model|C3D-Superficie_ConMen","color":"#B8A15C"},"geometry":{"type":"LineString","coordinates":[[-78.132272610978859,-0.146193728005238],[-78.132246024712174,-0.146021029214669],[-78.132276376497614,-0.145928561515746],[-78.132264226308379,-0.145881184525221],[-78.132136696969809,-0.145807838993304],[-78.13206534245144,-0.145777280435689],[-78.131899858627563,-0.14568789174608],[-78.131848240726399,-0.145668029289071],[-78.131743477874878,-0.145548831189791],[-78.131735120879654,-0.145483113785048],[-78.13170246717975,-0.145355501635336],[-78.131681208070688,-0.145305833215432],[-78.131663748195919,-0.145291316040721],[-78.131606055800063,-0.145253114295164],[-78.131435262947619,-0.145201934660349],[-78.131271295816717,-0.145099555092735],[-78.131243952958329,-0.144949781564363],[-78.131224212899852,-0.144908518830218],[-78.131187752544562,-0.144680801366899],[-78.131142953401294,-0.144548605698157],[-78.131127009725034,-0.144517276703013],[-78.131079924635316,-0.144307900492262],[-78.130984257142401,-0.144072548245118],[-78.130909845279916,-0.143856297739861],[-78.130861231322086,-0.143553693475314],[-78.13086728897656,-0.143424548655473],[-78.13088397003429,-0.143266364278145],[-78.130860414151343,-0.143046287097618],[-78.130867236506589,-0.142966813000723],[-78.130835336694844,-0.142796407615503],[-78.130795095014847,-0.142693249850184],[-78.130783704205967,-0.14264969369815],[-78.130758627283157,-0.142405163405584],[-78.130757862413276,-0.142354728518803],[-78.130637869768165,-0.141816005358711],[-78.130583180386182,-0.141492005314352],[-78.130564958236391,-0.141449978318785],[-78.13054369454666,-0.141362101712946],[-78.130515601152197,-0.141289509238136],[-78.13041536792899,-0.140960929636983],[-78.130389554077382,-0.140908969394292]]}},
{"type":"Feature","properties":{"capa_cad":"ACAD-TOP-BASE PRESA POROTOG-Model|C3D-Superficie_ConMen","color":"#B8A15C"},"geometry":{"type":"LineString","coordinates":[[-78.132251354977612,-0.146171569568007],[-78.132251354977612,-0.146171569568007]]}},
{"type":"Feature","properties":{"capa_cad":"ACAD-TOP-BASE PRESA POROTOG-Model|C3D-Superficie_ConMen","color":"#B8A15C"},"geometry":{"type":"LineString","coordinates":[[-78.132251354977612,-0.146171569568007],[-78.132227807155019,-0.146018738785086],[-78.132262711376512,-0.145909458888421],[-78.132097986156964,-0.145816249243059],[-78.131833061282379,-0.145682550193741],[-78.131723743422512,-0.145557239278872],[-78.131717665225182,-0.145506040787018],[-78.131681973675896,-0.145363909814207],[-78.131662233192415,-0.145318826222835],[-78.131646291511814,-0.14530507304146],[-78.131598467419153,-0.14527221933501],[-78.131411733839357,-0.145215692354339],[-78.131251562412103,-0.145117133185248],[-78.131221182046261,-0.14495589750799],[-78.131207515626357,-0.144925332410507],[-78.131168776815699,-0.144686152712989],[-78.131110311505012,-0.144525684455712],[-78.131063226938792,-0.144320893246642],[-78.13096072596953,-0.144067965962232],[-78.13088555470614,-0.143848658883918],[-78.130834661404023,-0.143526950731301],[-78.130839961838944,-0.143413853495749],[-78.130858917427489,-0.143232743866758],[-78.130839160751279,-0.143047053735968],[-78.130846739351497,-0.142943126228852],[-78.130830029998933,-0.14285448487678],[-78.130812568088501,-0.142822391924323],[-78.130806488810492,-0.142762787658232],[-78.130764727175546,-0.142643582581452],[-78.130739650516432,-0.142401344791927],[-78.130739645669109,-0.14235931564636],[-78.130548262977172,-0.141483603595142],[-78.130487518773393,-0.141311673365022],[-78.130389563429929,-0.140989206829343]]}},
{"type":"Feature","properties":{"capa_cad":"ACAD-TOP-BASE PRESA POROTOG-Model|C3D-Superficie_ConMen","color":"#B8A15C"},"geometry":{"type":"LineString","coordinates":[[-78.139411638567594,-0.140460860777349],[-78.139229436562346,-0.140223224958813],[-78.139126190661585,-0.140104790611836],[-78.139072268796198,-0.139861026207978],[-78.139031264677442,-0.139734178576698],[-78.138996323806992,-0.139529384700718],[-78.138991760153317,-0.139450675547643],[-78.138993264350958,-0.139332992903761],[-78.139018294641858,-0.139175570499001],[-78.139102537545327,-0.139069340487729],[-78.139192830773254,-0.13877665177065],[-78.13926718706756,-0.13851223929507],[-78.139324834166928,-0.138165298221718],[-78.139333929001126,-0.1380491429667],[-78.139378677912873,-0.137751874601428],[-78.139411302791601,-0.137629603103158]]}},
{"type":"Feature","properties":{"capa_cad":"ACAD-TOP-BASE PRESA POROTOG-Model|C3D-Superficie_ConMen","color":"#B8A15C"},"geometry":{"type":"LineString","coordinates":[[-78.132229340007882,-0.146150175385146],[-78.132208830629779,-0.14601721260918],[-78.132239182414068,-0.145924744913216],[-78.13223918086905,-0.145910989902005],[-78.132116208092341,-0.145857512196828],[-78.131823195817233,-0.145702419661243],[-78.131704009056477,-0.145566411534572],[-78.131697931376181,-0.145519798045113],[-78.131660721118593,-0.145372318079518],[-78.131645535820326,-0.145334875637008],[-78.131635666914846,-0.145324178428792],[-78.131586324543306,-0.145289796561737],[-78.131381372904244,-0.14522639416248],[-78.131267507282686,-0.145159160525062],[-78.131228032704342,-0.14512554171229],[-78.131198410788869,-0.144958956784981],[-78.131190818698656,-0.144945202656637],[-78.131149801087105,-0.144691504058885],[-78.131092094744901,-0.144530271550143],[-78.131046529242354,-0.144333886000627],[-78.130937194797127,-0.144063383679528],[-78.130861264307185,-0.143842548361],[-78.130808092097752,-0.143505557152807],[-78.130815666540926,-0.143364949667641],[-78.130833864119609,-0.14319301012606],[-78.130818667720035,-0.143059282781],[-78.130829280954146,-0.142941599928318],[-78.130820926278759,-0.142897279252636],[-78.130788279707076,-0.142833857248936],[-78.130778400066973,-0.142729931780439],[-78.130744990476614,-0.142632122389497],[-78.130720669695904,-0.142362374529945],[-78.130643204453705,-0.142000168793648],[-78.130561194267301,-0.141719729421173],[-78.130508031045721,-0.141465268341988],[-78.130469307811424,-0.141365931304624],[-78.130389576781027,-0.141103831736578]]}},
{"type":"Feature","properties":{"capa_cad":"ACAD-TOP-BASE PRESA POROTOG-Model|C3D-Superficie_ConMen","color":"#B8A15C"},"geometry":{"type":"LineString","coordinates":[[-78.139411634889839,-0.14042952972079],[-78.13926966891664,-0.140242324465482],[-78.139143648109453,-0.140097146810489],[-78.139079853345109,-0.139809825784588],[-78.139050998304796,-0.139718128607507],[-78.139013779352268,-0.139505693282779],[-78.139011493324062,-0.139430804714889],[-78.139012999328259,-0.139328405505825],[-78.139036512226127,-0.139177096655387],[-78.139121513827121,-0.139067809863587],[-78.139283127935187,-0.138517586575882],[-78.139343809173496,-0.138153069173098],[-78.139351387988853,-0.138054490057497],[-78.139399171490396,-0.137743466221596],[-78.139411310847365,-0.137696850249045]]}},
{"type":"Feature","properties":{"capa_cad":"ACAD-TOP-BASE PRESA POROTOG-Model|C3D-Superficie_ConMen","color":"#B8A15C"},"geometry":{"type":"LineString","coordinates":[[-78.131243977660574,-0.145168333218002],[-78.131243977660574,-0.145168333218002]]}},
{"type":"Feature","properties":{"capa_cad":"ACAD-TOP-BASE PRESA POROTOG-Model|C3D-Superficie_ConMen","color":"#B8A15C"},"geometry":{"type":"LineString","coordinates":[[-78.131243977660574,-0.145168333218002],[-78.131364675623686,-0.145243207740535],[-78.131573422527381,-0.145306609708061],[-78.131621246790431,-0.145340991749032],[-78.131638709076995,-0.145376905596814],[-78.131679716237372,-0.145538904297815],[-78.131684274690684,-0.145575583789952],[-78.131800424717028,-0.145707007259485]]}},
{"type":"Feature","properties":{"capa_cad":"ACAD-TOP-BASE PRESA POROTOG-Model|C3D-Superficie_ConMen","color":"#B8A15C"},"geometry":{"type":"LineString","coordinates":[[-78.131823198224026,-0.145723816337533],[-78.132042577874415,-0.145839944737655],[-78.132215650447904,-0.145913285082755],[-78.132216411819456,-0.145933917512772],[-78.132190613073234,-0.146014922179703],[-78.132208084006677,-0.146128016949549]]}},
{"type":"Feature","properties":{"capa_cad":"ACAD-TOP-BASE PRESA POROTOG-Model|C3D-Superficie_ConMen","color":"#B8A15C"},"geometry":{"type":"LineString","coordinates":[[-78.1303895901207,-0.141218456643789],[-78.130446540666128,-0.141404142290808],[-78.130472356271994,-0.141471385869338],[-78.13051108898155,-0.141652488686444],[-78.130554372264868,-0.141801496002627],[-78.130571835437479,-0.141844287258677],[-78.130652328018712,-0.142129311817843],[-78.130700933788532,-0.14235779183959],[-78.130726013446775,-0.142626011273251],[-78.13075031123536,-0.142696311737948],[-78.130766269626903,-0.142855256469679],[-78.130808785818047,-0.142935488983244],[-78.130797413619248,-0.14305393608847],[-78.13080805307213,-0.143164738970231],[-78.130789097407288,-0.143345084425898],[-78.130781522879175,-0.143484927741592],[-78.130836973734375,-0.143834909505609],[-78.130921256419839,-0.144078668847386],[-78.131029831545987,-0.144346878754235],[-78.131074637038381,-0.144534858557125],[-78.131130825358795,-0.144696855404586],[-78.131183994391023,-0.145008629266091]]}},
{"type":"Feature","properties":{"capa_cad":"ACAD-TOP-BASE PRESA POROTOG-Model|C3D-Superficie_ConMen","color":"#B8A15C"},"geometry":{"type":"LineString","coordinates":[[-78.139411631031791,-0.140396670320013],[-78.1393015502792,-0.140249962387525],[-78.13916110555752,-0.140089503008895],[-78.139090475568139,-0.13977085174783],[-78.139071491622047,-0.139707427750115],[-78.139031233632679,-0.139471303458112],[-78.139031976242094,-0.139332224089191],[-78.139053212417906,-0.139184736369043],[-78.13913821347721,-0.139070864544594],[-78.139299068894005,-0.138523698028866],[-78.139363542509088,-0.138134726655557],[-78.139368846976808,-0.138059837148462],[-78.139411322466373,-0.137793900107313]]}},
{"type":"Feature","properties":{"capa_cad":"ACAD-TOP-BASE PRESA POROTOG-Model|C3D-Superficie_ConMen","color":"#B8A15C"},"geometry":{"type":"LineString","coordinates":[[-78.131272830147694,-0.145243218247293],[-78.131317617495441,-0.145271487291019],[-78.131547618581379,-0.145341000166346],[-78.131583296948932,-0.145366213593909],[-78.131596963017785,-0.145393722039147],[-78.131644805873847,-0.145593164132799],[-78.131697187292801,-0.145652763176859]]}},
{"type":"Feature","properties":{"capa_cad":"ACAD-TOP-BASE PRESA POROTOG-Model|C3D-Superficie_ConMen","color":"#B8A15C"},"geometry":{"type":"LineString","coordinates":[[-78.131882411903604,-0.14579029212159],[-78.131882411903604,-0.14579029212159]]}},
{"type":"Feature","properties":{"capa_cad":"ACAD-TOP-BASE PRESA POROTOG-Model|C3D-Superficie_ConMen","color":"#B8A15C"},"geometry":{"type":"LineString","coordinates":[[-78.131882411903604,-0.14579029212159],[-78.132022845303695,-0.145865164501351],[-78.132167071241312,-0.145915583115027],[-78.132170871146187,-0.145956847714145],[-78.132153418906896,-0.146010341407262],[-78.132164813035928,-0.146084464334323]]}},
{"type":"Feature","properties":{"capa_cad":"ACAD-TOP-BASE PRESA POROTOG-Model|C3D-Superficie_ConMen","color":"#B8A15C"},"geometry":{"type":"LineString","coordinates":[[-78.139411622953759,-0.140327894830006],[-78.139369109108898,-0.140272115329392],[-78.139196020364338,-0.140073451233],[-78.1391109608617,-0.139692139591026],[-78.139069188092861,-0.139484289832967],[-78.139069184027676,-0.139449902098275],[-78.139070686958931,-0.139321521040025],[-78.139092683097658,-0.139181674942468],[-78.139171612959345,-0.139078502250723],[-78.139330191662637,-0.138535156854841],[-78.139393907592449,-0.138157648144815],[-78.139411349971766,-0.13802391591311]]}},
{"type":"Feature","properties":{"capa_cad":"ACAD-TOP-BASE PRESA POROTOG-Model|C3D-Superficie_ConMen","color":"#B8A15C"},"geometry":{"type":"LineString","coordinates":[[-78.131067057426947,-0.144631144409376],[-78.131067057426947,-0.144631144409376]]}},
{"type":"Feature","properties":{"capa_cad":"ACAD-TOP-BASE PRESA POROTOG-Model|C3D-Superficie_ConMen","color":"#B8A15C"},"geometry":{"type":"LineString","coordinates":[[-78.131067057426947,-0.144631144409376],[-78.131094392789109,-0.144714435419724],[-78.131105786900321,-0.144787794098748]]}},
{"type":"Feature","properties":{"capa_cad":"ACAD-TOP-BASE PRESA POROTOG-Model|C3D-Superficie_ConMen","color":"#B8A15C"},"geometry":{"type":"LineString","coordinates":[[-78.130389616410824,-0.141444649794008],[-78.130496685662337,-0.141813729432647],[-78.130530093543868,-0.141896255455697],[-78.13066222182114,-0.142355503866645],[-78.130719211586296,-0.142883536103018],[-78.130736673932375,-0.142919449885238],[-78.13075794215726,-0.143047827348551],[-78.130732928178958,-0.143351204274228],[-78.130729143408544,-0.143442904667686],[-78.130732942170567,-0.14347347087872],[-78.130789911568215,-0.143827273283392],[-78.130876471932908,-0.144075617350107],[-78.13095467649913,-0.144269706599776]]}},
{"type":"Feature","properties":{"capa_cad":"ACAD-TOP-BASE PRESA POROTOG-Model|C3D-Superficie_ConMen","color":"#B8A15C"},"geometry":{"type":"LineString","coordinates":[[-78.130389628563847,-0.141549340542573],[-78.130465564318598,-0.141812204753422],[-78.130511120936291,-0.141928352659212],[-78.130634136772855,-0.142354742983818],[-78.130696442014482,-0.142901114578535],[-78.130726062717841,-0.143054708552792],[-78.130727586610035,-0.143105143350377],[-78.130702572179558,-0.143404699435359],[-78.130709411438218,-0.143472709440314],[-78.130767899027958,-0.143827275828443],[-78.130853699902502,-0.144071799146231],[-78.130898496739292,-0.144183362270611]]}},
{"type":"Feature","properties":{"capa_cad":"ACAD-TOP-BASE PRESA POROTOG-Model|C3D-Superficie_ConMen","color":"#B8A15C"},"geometry":{"type":"LineString","coordinates":[[-78.131911259646387,-0.145823148019085],[-78.132021328998675,-0.14588121218424],[-78.132135191054971,-0.145916350911535],[-78.132142023314259,-0.145923227638863],[-78.132147341841716,-0.145969077067723],[-78.13213444272597,-0.146011871900401],[-78.132142798066425,-0.146063070154676]]}},
{"type":"Feature","properties":{"capa_cad":"ACAD-TOP-BASE PRESA POROTOG-Model|C3D-Superficie_ConMen","color":"#B8A15C"},"geometry":{"type":"LineString","coordinates":[[-78.139411619002999,-0.140294271257102],[-78.13921347781303,-0.140065807430652],[-78.139167911614763,-0.13987324153283],[-78.139088162749005,-0.139469004121702],[-78.139089663240739,-0.139319990420154],[-78.139107107110419,-0.139197720820927],[-78.139114695342016,-0.139177851439932],[-78.139188312791362,-0.139083085275905],[-78.139214867425196,-0.138978390522448],[-78.139289986187009,-0.138742252328569],[-78.139349167219336,-0.138527512844732],[-78.139411364847575,-0.138148475967395]]}},
{"type":"Feature","properties":{"capa_cad":"ACAD-TOP-BASE PRESA POROTOG-Model|C3D-Superficie_ConMen","color":"#B8A15C"},"geometry":{"type":"LineString","coordinates":[[-78.131287256389754,-0.145280660763342],[-78.131530921210569,-0.145357049578488],[-78.131564322071512,-0.145379206599117],[-78.13157495106347,-0.145399073722532],[-78.131625071336771,-0.145600808053418],[-78.131645568540421,-0.145625259055602]]}},
{"type":"Feature","properties":{"capa_cad":"ACAD-TOP-BASE PRESA POROTOG-Model|C3D-Superficie_ConMen","color":"#B8A15C"},"geometry":{"type":"LineString","coordinates":[[-78.130389640795926,-0.141654795457177],[-78.130435961700854,-0.141816029058602],[-78.130486833013066,-0.141943638830145],[-78.130604534148233,-0.142358567275638],[-78.130667598438748,-0.142904938768021],[-78.130688105505641,-0.14301497632165],[-78.130692677355682,-0.143167809042061],[-78.130676764638594,-0.143406994927436],[-78.130742089653481,-0.143813523819177],[-78.130841557922977,-0.144097018037413]]}},
{"type":"Feature","properties":{"capa_cad":"ACAD-TOP-BASE PRESA POROTOG-Model|C3D-Superficie_ConMen","color":"#B8A15C"},"geometry":{"type":"LineString","coordinates":[[-78.131319899484254,-0.14531428036421],[-78.131518019194218,-0.145373862723195],[-78.131545347194233,-0.145392199603857],[-78.131555216959796,-0.145410538480148],[-78.131601539982952,-0.145594697403241]]}},
{"type":"Feature","properties":{"capa_cad":"ACAD-TOP-BASE PRESA POROTOG-Model|C3D-Superficie_ConMen","color":"#B8A15C"},"geometry":{"type":"LineString","coordinates":[[-78.139411615769831,-0.140266761061101],[-78.139230935261921,-0.140058163628057],[-78.139198280262335,-0.139926729943444],[-78.139112457589576,-0.139511030666539],[-78.139107891403498,-0.139410924692114],[-78.139109397767413,-0.139311582161974],[-78.139127600875966,-0.1391908408132],[-78.139205771591591,-0.139086904038047],[-78.139236119615063,-0.138966161214783],[-78.139300615823174,-0.138765940381614],[-78.139362073490688,-0.138546615589828],[-78.139411377157856,-0.138251639202534]]}},
{"type":"Feature","properties":{"capa_cad":"ACAD-TOP-BASE PRESA POROTOG-Model|C3D-Superficie_ConMen","color":"#B8A15C"},"geometry":{"type":"LineString","coordinates":[[-78.131940866442989,-0.145856003831762],[-78.132019812693429,-0.145897259867103],[-78.132089648068032,-0.145918648597706],[-78.132104830694161,-0.14593240187914],[-78.132123051167014,-0.145960673992399],[-78.132124571505884,-0.145980542167186],[-78.13211622474175,-0.146005760635074],[-78.132121542065335,-0.146040911722313]]}},
{"type":"Feature","properties":{"capa_cad":"ACAD-TOP-BASE PRESA POROTOG-Model|C3D-Superficie_ConMen","color":"#B8A15C"},"geometry":{"type":"LineString","coordinates":[[-78.130389653106903,-0.141761014537838],[-78.130406359083835,-0.141819853363529],[-78.13046330431979,-0.141960453243601],[-78.130554426779781,-0.142272986522468],[-78.130574172207034,-0.142360099157434],[-78.130634197824406,-0.142885074334934],[-78.130650148205746,-0.142974479926863],[-78.130658526363703,-0.143223597145629],[-78.130650194634356,-0.143379488024761],[-78.130704885674746,-0.143722592335005]]}},
{"type":"Feature","properties":{"capa_cad":"ACAD-TOP-BASE PRESA POROTOG-Model|C3D-Superficie_ConMen","color":"#B8A15C"},"geometry":{"type":"LineString","coordinates":[[-78.131356337674191,-0.145346371199748],[-78.131505117263899,-0.14539144003429],[-78.131526372230965,-0.145404428441356],[-78.131568896543527,-0.145558021119047]]}},
{"type":"Feature","properties":{"capa_cad":"ACAD-TOP-BASE PRESA POROTOG-Model|C3D-Superficie_ConMen","color":"#B8A15C"},"geometry":{"type":"LineString","coordinates":[[-78.131970473239505,-0.145888859646111],[-78.132048659664562,-0.145923238266656],[-78.132099522635599,-0.145979780850092],[-78.13209952709596,-0.146019517544298]]}},
{"type":"Feature","properties":{"capa_cad":"ACAD-TOP-BASE PRESA POROTOG-Model|C3D-Superficie_ConMen","color":"#B8A15C"},"geometry":{"type":"LineString","coordinates":[[-78.139411612625864,-0.140240015037209],[-78.139268890532691,-0.140078027572568],[-78.139245355576861,-0.14004287846746],[-78.139129155522753,-0.139499566087504],[-78.139126869041704,-0.139420856652458],[-78.139127616528739,-0.139323042555563],[-78.139146577520521,-0.139192366878755],[-78.139211846596694,-0.139108300123788],[-78.139225506390147,-0.139080788290841],[-78.139253577962961,-0.138966159115224],[-78.139314280422397,-0.138778929660836],[-78.139378014359551,-0.138551962871501],[-78.139411389276745,-0.138353274093431]]}},
{"type":"Feature","properties":{"capa_cad":"ACAD-TOP-BASE PRESA POROTOG-Model|C3D-Superficie_ConMen","color":"#B8A15C"},"geometry":{"type":"LineString","coordinates":[[-78.131429973108766,-0.145410552790075],[-78.131488422477162,-0.145430414448628],[-78.131504368717941,-0.145484668470156]]}},
{"type":"Feature","properties":{"capa_cad":"ACAD-TOP-BASE PRESA POROTOG-Model|C3D-Superficie_ConMen","color":"#B8A15C"},"geometry":{"type":"LineString","coordinates":[[-78.130389672925517,-0.141932187732544],[-78.130421562512836,-0.142013185597231],[-78.130482310757003,-0.142221031662148],[-78.130515727072066,-0.142376917644858],[-78.130574233518104,-0.142892722979048],[-78.13059553669504,-0.143326002731736]]}},
{"type":"Feature","properties":{"capa_cad":"ACAD-TOP-BASE PRESA POROTOG-Model|C3D-Superficie_ConMen","color":"#B8A15C"},"geometry":{"type":"LineString","coordinates":[[-78.13941160633604,-0.140186522989406],[-78.139304564491184,-0.140062739876115],[-78.139280270385498,-0.140026826688821],[-78.139181539141632,-0.139572156149481],[-78.139165589068966,-0.139488863315771],[-78.139164824860998,-0.139445305605773],[-78.13916632733914,-0.139313103676989],[-78.139183771752002,-0.139195419101106],[-78.139255870818033,-0.139098360598638],[-78.139292288501878,-0.138953927707103],[-78.139351473297751,-0.138770519288798],[-78.139411413214845,-0.138554251358898]]}},
{"type":"Feature","properties":{"capa_cad":"ACAD-TOP-BASE PRESA POROTOG-Model|C3D-Superficie_ConMen","color":"#B8A15C"},"geometry":{"type":"LineString","coordinates":[[-78.13146717043962,-0.145443407711689],[-78.13146717043962,-0.145443407711689]]}},
{"type":"Feature","properties":{"capa_cad":"ACAD-TOP-BASE PRESA POROTOG-Model|C3D-Superficie_ConMen","color":"#B8A15C"},"geometry":{"type":"LineString","coordinates":[[-78.13146717043962,-0.145443407711689],[-78.131471725278118,-0.145447992192117]]}},
{"type":"Feature","properties":{"capa_cad":"ACAD-TOP-BASE PRESA POROTOG-Model|C3D-Superficie_ConMen","color":"#B8A15C"},"geometry":{"type":"LineString","coordinates":[[-78.130389681764882,-0.142008604337323],[-78.130448910578679,-0.142204988082582],[-78.130482326365836,-0.142356289063606],[-78.130539312429789,-0.142852226238595],[-78.130558331720778,-0.143226665447227]]}},
{"type":"Feature","properties":{"capa_cad":"ACAD-TOP-BASE PRESA POROTOG-Model|C3D-Superficie_ConMen","color":"#B8A15C"},"geometry":{"type":"LineString","coordinates":[[-78.139411603100314,-0.140159012793403],[-78.139321262792777,-0.140054331991295],[-78.1392977278351,-0.140019182885129],[-78.139192920415894,-0.139533182016062],[-78.139183802138504,-0.139452180879298],[-78.139185303622497,-0.139311573056754],[-78.13920274839748,-0.139196945166783],[-78.139272570651229,-0.13910294362439],[-78.139312023210408,-0.138947047785013],[-78.139411420944,-0.138619205988424]]}},
{"type":"Feature","properties":{"capa_cad":"ACAD-TOP-BASE PRESA POROTOG-Model|C3D-Superficie_ConMen","color":"#B8A15C"},"geometry":{"type":"LineString","coordinates":[[-78.130389692453747,-0.142101068429099],[-78.130389692453747,-0.142101068429099]]}},
{"type":"Feature","properties":{"capa_cad":"ACAD-TOP-BASE PRESA POROTOG-Model|C3D-Superficie_ConMen","color":"#B8A15C"},"geometry":{"type":"LineString","coordinates":[[-78.130389692453747,-0.142101068429099],[-78.130416269718694,-0.142191236913251],[-78.130454242908442,-0.142369283170302],[-78.130504390989884,-0.142808672836089],[-78.130521126827091,-0.143128092335292]]}},
{"type":"Feature","properties":{"capa_cad":"ACAD-TOP-BASE PRESA POROTOG-Model|C3D-Superficie_ConMen","color":"#B8A15C"},"geometry":{"type":"LineString","coordinates":[[-78.139411599863919,-0.140131502597401],[-78.1393151852849,-0.14001153908119],[-78.139211896880752,-0.139533179743405],[-78.139203537932787,-0.139454471030259],[-78.139204279815729,-0.1393092782645],[-78.139220965984691,-0.139198471323614],[-78.139289270394073,-0.139106762478238],[-78.139329481650151,-0.138947809857141],[-78.139411428306033,-0.138681103929492]]}},
{"type":"Feature","properties":{"capa_cad":"ACAD-TOP-BASE PRESA POROTOG-Model|C3D-Superficie_ConMen","color":"#B8A15C"},"geometry":{"type":"LineString","coordinates":[[-78.130389704811762,-0.142208051675762],[-78.130424640640939,-0.142376164125195],[-78.130457311341843,-0.142648967605451],[-78.130471749080428,-0.142785751655599],[-78.130483921926526,-0.143029519229749]]}},
{"type":"Feature","properties":{"capa_cad":"ACAD-TOP-BASE PRESA POROTOG-Model|C3D-Superficie_ConMen","color":"#B8A15C"},"geometry":{"type":"LineString","coordinates":[[-78.139411596536959,-0.140103228229272],[-78.139338716644303,-0.140016121305217],[-78.139325048998018,-0.139977150161102],[-78.139225556684579,-0.139505667915562],[-78.139222507077704,-0.139392570825511],[-78.139224014434717,-0.139301634177191],[-78.139241460114377,-0.13919464800311],[-78.139305970137173,-0.139110581332185],[-78.139350733751044,-0.138934816375518],[-78.139411435573919,-0.13874223769845]]}},
{"type":"Feature","properties":{"capa_cad":"ACAD-TOP-BASE PRESA POROTOG-Model|C3D-Superficie_ConMen","color":"#B8A15C"},"geometry":{"type":"LineString","coordinates":[[-78.139411589880936,-0.140046679493029],[-78.139369835531724,-0.139994720772729],[-78.139350091092936,-0.139919070093481],[-78.139264269125889,-0.139509484138398],[-78.139260460279701,-0.13939485879147],[-78.139261967727236,-0.139304686312129],[-78.139278654348956,-0.139197700225639],[-78.139339369624068,-0.13911821904038],[-78.139411448738727,-0.138853042654667]]}},
{"type":"Feature","properties":{"capa_cad":"ACAD-TOP-BASE PRESA POROTOG-Model|C3D-Superficie_ConMen","color":"#B8A15C"},"geometry":{"type":"LineString","coordinates":[[-78.130389748866293,-0.142590134699548],[-78.13041027106965,-0.142831608783378]]}},
{"type":"Feature","properties":{"capa_cad":"ACAD-TOP-BASE PRESA POROTOG-Model|C3D-Superficie_ConMen","color":"#B8A15C"},"geometry":{"type":"LineString","coordinates":[[-78.139411586551901,-0.140018405124916],[-78.139387292982434,-0.139987076967876],[-78.139381218352369,-0.139968737562565],[-78.13928172648113,-0.139501076154871],[-78.139280186852915,-0.139319203395126],[-78.139295354544259,-0.139205339941065],[-78.139354551884523,-0.139127387281505],[-78.139411455181047,-0.138907298874618]]}},
{"type":"Feature","properties":{"capa_cad":"ACAD-TOP-BASE PRESA POROTOG-Model|C3D-Superficie_ConMen","color":"#B8A15C"},"geometry":{"type":"LineString","coordinates":[[-78.139411583132159,-0.139989366584676],[-78.139394878798882,-0.139946574940466],[-78.139300703037776,-0.139501838053641],[-78.139299169196789,-0.139368872301197],[-78.139299920206966,-0.1393008608989],[-78.139315848584744,-0.139200752448308],[-78.139371251628518,-0.139131206135927],[-78.13941146334372,-0.138976074364678]]}},
{"type":"Feature","properties":{"capa_cad":"ACAD-TOP-BASE PRESA POROTOG-Model|C3D-Superficie_ConMen","color":"#B8A15C"},"geometry":{"type":"LineString","coordinates":[[-78.139411576830724,-0.139935874536883],[-78.139333350687608,-0.139570609628928],[-78.139318157954449,-0.139472797424378],[-78.139318897216143,-0.139305443654584],[-78.139332548780587,-0.139208392164002],[-78.139387951372768,-0.139135024990449],[-78.139411471774181,-0.13904714237108]]}},
{"type":"Feature","properties":{"capa_cad":"ACAD-TOP-BASE PRESA POROTOG-Model|C3D-Superficie_ConMen","color":"#B8A15C"},"geometry":{"type":"LineString","coordinates":[[-78.139411555747941,-0.139757058262794],[-78.139358391858636,-0.139504887831166],[-78.139356866694598,-0.139445282591182],[-78.139356850692735,-0.139310024133895],[-78.139368225715387,-0.139218322118079],[-78.139374296103057,-0.139200745431113],[-78.139411484728598,-0.139156418983061]]}},
{"type":"Feature","properties":{"capa_cad":"ACAD-TOP-BASE PRESA POROTOG-Model|C3D-Superficie_ConMen","color":"#B8A15C"},"geometry":{"type":"LineString","coordinates":[[-78.139411545286364,-0.13966841429786],[-78.1393766078223,-0.139492658895416],[-78.139375826979261,-0.139308493513215],[-78.139388719666741,-0.139212970453104],[-78.139411487444988,-0.139179344146406]]}},
{"type":"Feature","properties":{"capa_cad":"ACAD-TOP-BASE PRESA POROTOG-Model|C3D-Superficie_ConMen","color":"#B8A15C"},"geometry":{"type":"LineString","coordinates":[[-78.13941153499853,-0.13958129867714],[-78.139395584470847,-0.13949418496613],[-78.139394808963687,-0.139355105734793],[-78.139397076914136,-0.139277159907299],[-78.139411490341999,-0.139203797653985]]}}
]
}
