{
"type": "FeatureCollection",
"name": "curvas_cota",
"crs": { "type": "name", "properties": { "name": "urn:ogc:def:crs:OGC:1.3:CRS84" } },
"features": [
{"type":"Feature","properties":{"cota":3765,"indice":1},"geometry":{"type":"LineString","coordinates":[[-78.135341157446803,-0.13696297716091],[-78.135351801493897,-0.137106639710722],[-78.135327523264181,-0.137202928008223],[-78.135186345287494,-0.137256437031414],[-78.135153739406221,-0.137536126946968],[-78.13515453273547,-0.137822690325167],[-78.135060452578088,-0.138181097073034],[-78.134959527456701,-0.13842717172295],[-78.134970900926419,-0.138323243348611],[-78.135032365328684,-0.138162760404813],[-78.135118855924588,-0.137812760445193],[-78.135108219644678,-0.137733288132898],[-78.135105919713283,-0.137543010272646],[-78.13511574832846,-0.13721670881486],[-78.135168115658175,-0.137154040565174],[-78.135165821692979,-0.137014197867301]]}},
{"type":"Feature","properties":{"cota":3795,"indice":1},"geometry":{"type":"LineString","coordinates":[[-78.135775337525914,-0.136962924249436],[-78.135754099657518,-0.137093599851089],[-78.135769303166981,-0.137280055401518],[-78.135790576075095,-0.137441292620005],[-78.135880156891659,-0.13754291631698],[-78.135893070820657,-0.137626209253635],[-78.135893100334087,-0.137873036083004],[-78.135839233150193,-0.13808930263735],[-78.135736025905345,-0.13829411258123],[-78.135723891558868,-0.138382757724975],[-78.135685212399309,-0.138657863454243],[-78.135701178789901,-0.13887870655579],[-78.135684496489446,-0.139021608279828],[-78.135660974977114,-0.139099556403493],[-78.135683764115456,-0.139247038405626],[-78.13560559993121,-0.139404466705316],[-78.135684565501208,-0.13960543386148],[-78.135620818022119,-0.139717774410099],[-78.135620086050864,-0.139947789540107],[-78.1355821422286,-0.14002421101975],[-78.135559398373445,-0.140261106286314],[-78.135579914493249,-0.140445268706983],[-78.135574608801448,-0.140510987918258],[-78.135541977798709,-0.140582823728289],[-78.135518458149107,-0.140677583538603],[-78.13549115187638,-0.140846468234223],[-78.135482811633054,-0.140926707017895],[-78.135498005068584,-0.141032160609495],[-78.135515472900551,-0.141113924680415],[-78.135573931900481,-0.141214023980043],[-78.135490443731968,-0.141282809096191],[-78.135397073861043,-0.141231620768125],[-78.135397846446722,-0.141347774429681],[-78.135227827494788,-0.141430324777556],[-78.135054782818486,-0.141603047421124],[-78.134950066015108,-0.141886566498213],[-78.134875684834853,-0.141940831242956],[-78.134808895187689,-0.142003500948373],[-78.134792967669938,-0.142112778988052],[-78.134818789533355,-0.142233514666831],[-78.134799065478646,-0.142332094782488],[-78.134846146879113,-0.142504791475088],[-78.134830220018017,-0.142620182863577],[-78.13493649531982,-0.142685124818864],[-78.134978264339054,-0.142866992196068],[-78.135098212931865,-0.143021340387109],[-78.135139967862088,-0.143080940723501],[-78.135149086541702,-0.143168054956881],[-78.135265234924788,-0.143279610160917],[-78.135248548137241,-0.143388124145683],[-78.135260701268166,-0.143459954650752],[-78.13516961883056,-0.143497409523188],[-78.135171149193127,-0.143604393043685],[-78.135169630993587,-0.143603629050534],[-78.135162786888557,-0.143493589470066],[-78.135250832663289,-0.143452314103631],[-78.135241707517906,-0.143308651331283],[-78.135105824561634,-0.143204740115167],[-78.135083801143708,-0.143110749864411],[-78.134959296295037,-0.142939590476078],[-78.13487198657873,-0.142780653487874],[-78.134801386468141,-0.142711886515999],[-78.134726233785713,-0.142658403463838],[-78.134667017045004,-0.142568238447283],[-78.134581224443863,-0.142400895492079],[-78.13443167063221,-0.142228975020894],[-78.13433753369965,-0.142107483226821],[-78.134319300000712,-0.141966114155717],[-78.134287405060107,-0.141840030068397],[-78.134093838596129,-0.14177662682626],[-78.134086236160684,-0.141674229135095],[-78.134103683161001,-0.141577177675608],[-78.134095323518153,-0.141490827613675],[-78.133990560034547,-0.141371629673779],[-78.133967018651575,-0.141279932234006],[-78.134107423208945,-0.141102628559996],[-78.134135494972952,-0.140988764124779],[-78.1342721233231,-0.14097499293008],[-78.134335877284286,-0.140917672735552],[-78.134376843507809,-0.140722804858918],[-78.13429787733601,-0.140514196165209],[-78.134328230420067,-0.140436247354389],[-78.13431076265249,-0.140355247547005],[-78.134176399914423,-0.140270440797511],[-78.134164245524943,-0.140189440371242],[-78.134141464266861,-0.140107677043124],[-78.13414524993658,-0.140025910553829],[-78.13412246471313,-0.139910523813716],[-78.134041238345887,-0.13984710750994],[-78.134042730807707,-0.139629319304667],[-78.134133801569916,-0.139494814755794],[-78.134191474703556,-0.139367191700255],[-78.134205885197687,-0.139269376391195],[-78.134231678710606,-0.139147870487236],[-78.134235449019329,-0.138936959488733],[-78.134252897691141,-0.138855955515806],[-78.134321203152993,-0.138775709595146],[-78.13434319997782,-0.138642741593546],[-78.134358370283778,-0.138551803689171],[-78.134347730339101,-0.138441000505622],[-78.134350755743881,-0.138350064062792],[-78.134309752749004,-0.138232387028123],[-78.13431733228694,-0.138139921700323],[-78.134420543946646,-0.137973320442177],[-78.134459243730419,-0.137872445480899],[-78.134472133705358,-0.137755526093568],[-78.134499443344282,-0.13761873656605],[-78.134480440794292,-0.13740018658965],[-78.134395400847851,-0.137185465496093],[-78.134353626100904,-0.136963097477035]]}},
{"type":"Feature","properties":{"cota":3805,"indice":1},"geometry":{"type":"LineString","coordinates":[[-78.13504500292315,-0.142361104408205],[-78.135154323393536,-0.142503227089606],[-78.135223421374448,-0.142710308889223],[-78.13519155000067,-0.142788257878952],[-78.1352295174934,-0.142915869722222],[-78.135269755552272,-0.142986168608945],[-78.135231047646712,-0.143020560739697],[-78.13506707880579,-0.142909775311146],[-78.135046581657448,-0.142886852625738],[-78.134956228217874,-0.142662961609178],[-78.134922818393264,-0.142564387697626],[-78.134925837153077,-0.142413081861221],[-78.13503361637818,-0.142354992388089]]}},
{"type":"Feature","properties":{"cota":3800,"indice":1},"geometry":{"type":"LineString","coordinates":[[-78.13595978820409,-0.136962901768895],[-78.135926404238319,-0.137083644663698],[-78.135946161357566,-0.13726398632997],[-78.135943135765544,-0.137352630394191],[-78.136069911557584,-0.137464183788212],[-78.13608511583702,-0.137657516924013],[-78.136048693010494,-0.137756863423798],[-78.136010757358335,-0.137900531951118],[-78.135986498557841,-0.138160352628051],[-78.135965255725282,-0.138250527232353],[-78.135948571226976,-0.138374324754344],[-78.135971393052316,-0.138796143738133],[-78.136009360195359,-0.138916878006278],[-78.136035947001346,-0.139084228010022],[-78.136013967992014,-0.139368501829054],[-78.136009437205232,-0.13956795069955],[-78.136001857006931,-0.139655831136923],[-78.136023900074093,-0.139914117911015],[-78.136023152436209,-0.140011167570809],[-78.136058076493526,-0.140074589506938],[-78.136092248404893,-0.140196852618275],[-78.136108198462679,-0.140280909408967],[-78.136189440106534,-0.140473470572967],[-78.136166680496487,-0.140576636219305],[-78.136134811661748,-0.1406752179225],[-78.136288923844745,-0.140877704696927],[-78.136323090503907,-0.14095564599461],[-78.136232775873324,-0.141067989674764],[-78.136147023951594,-0.141252164770888],[-78.136071893638388,-0.141392016733053],[-78.136068117915457,-0.141560134551411],[-78.135943638330019,-0.14160905608719],[-78.13583813303508,-0.141639635304061],[-78.13574705434614,-0.141709185468966],[-78.135703797272157,-0.141787900032386],[-78.135624106555497,-0.141875788907701],[-78.13554213353062,-0.141919356206194],[-78.13552316801858,-0.14201335128453],[-78.135460173788886,-0.142077548916738],[-78.135317485652067,-0.142202125270391],[-78.135334212531589,-0.142441308326066],[-78.13539192583896,-0.14265832568702],[-78.135426850173829,-0.142725568517222],[-78.135383593567653,-0.14280886803558],[-78.135358559491991,-0.142937251416527],[-78.135354014822894,-0.143021310579987],[-78.135405638459488,-0.143089315643543],[-78.135446638642762,-0.143186360389285],[-78.135589346746855,-0.143234486461099],[-78.135672844961235,-0.143252052646736],[-78.135697898119091,-0.143289494043713],[-78.135597708730813,-0.143342233396031],[-78.135554450408549,-0.143411013682869],[-78.135489178664116,-0.14347291899549],[-78.135446686043821,-0.143599776060462],[-78.135431516724637,-0.143702940695903],[-78.135298695873232,-0.143825223191255],[-78.135345043291807,-0.144219529228027],[-78.135297238678092,-0.144359377740552],[-78.135252460800643,-0.144415931435858],[-78.135197832387803,-0.144623791781249],[-78.135182659769342,-0.144698682117226],[-78.135191032528724,-0.144902714353082],[-78.135099204315253,-0.145057851253381],[-78.134891991460321,-0.14514116945567],[-78.134911735987473,-0.145221404947253],[-78.134888196872311,-0.145147283243357],[-78.135089335462226,-0.145047918185805],[-78.135139424161679,-0.144968438836729],[-78.135106002045163,-0.144759824474602],[-78.135082451527751,-0.144585596602281],[-78.135057385828205,-0.144437350664459],[-78.134882756483506,-0.144029304505752],[-78.134800006926639,-0.143920037903044],[-78.134810597719181,-0.143605199037092],[-78.134833357494614,-0.143501269406909],[-78.134683794863591,-0.143251403523296],[-78.13458662512457,-0.143158950389249],[-78.134459094306322,-0.143076435000505],[-78.13435660907713,-0.142965642468659],[-78.134344445463043,-0.14280287594932],[-78.134382383185851,-0.142672198667729],[-78.134306456315443,-0.142487278711919],[-78.134241165377375,-0.142381831074365],[-78.134144750427865,-0.142252697868256],[-78.134082513899372,-0.142304668620194],[-78.13398914463005,-0.142257301108259],[-78.133859321536889,-0.142044113334288],[-78.13379932687748,-0.141791180648604],[-78.133740865985118,-0.1416735056001],[-78.13373326673981,-0.141598617999983],[-78.133671017040129,-0.141536727697804],[-78.133619387090803,-0.141414466860824],[-78.133570774304374,-0.14112867368441],[-78.133581382270492,-0.140967432940026],[-78.133554046840558,-0.140886434344795],[-78.133510761342023,-0.140720614976309],[-78.133620793718279,-0.140459256404655],[-78.133686811345143,-0.140287310705422],[-78.133771040075857,-0.140062635203556],[-78.133818075610691,-0.139842549114014],[-78.133789215957293,-0.139710351431858],[-78.133711019699959,-0.139594971353951],[-78.133779322300114,-0.139490272131056],[-78.133843071556583,-0.139393979292442],[-78.133992581297193,-0.139189928417404],[-78.134037355606992,-0.13910586451512],[-78.134145875884244,-0.138897997645975],[-78.134158009987814,-0.138807060125842],[-78.134162550992997,-0.138694726796192],[-78.134179240591536,-0.138613722916142],[-78.134217939062978,-0.138501385469156],[-78.134223229273857,-0.13830652182899],[-78.134201204207471,-0.138201833384292],[-78.134197393724222,-0.13807421768446],[-78.13414879906199,-0.137947371570319],[-78.134179899794631,-0.137775429871705],[-78.134164691460953,-0.137547709470495],[-78.13413507861307,-0.137466711192771],[-78.13412898950979,-0.137327633250887],[-78.134105430106487,-0.137088451353532],[-78.134079607178464,-0.136963130854906]]}},
{"type":"Feature","properties":{"cota":3805,"indice":1},"geometry":{"type":"LineString","coordinates":[[-78.136252783993058,-0.136962866056104],[-78.136219397908036,-0.137066033073118],[-78.136225487433109,-0.137208167948615],[-78.13625965690008,-0.137307505891964],[-78.136290027778472,-0.137379334181752],[-78.136319651315418,-0.137548976332274],[-78.136295387475087,-0.13776600356647],[-78.136246814431303,-0.137821029692943],[-78.136254417322917,-0.13792419172248],[-78.136252914809305,-0.138054864974857],[-78.136279497465907,-0.138186299003657],[-78.136262053277861,-0.138304747462644],[-78.136269658218197,-0.138425485406815],[-78.136262077470406,-0.138508016682093],[-78.136268919972892,-0.138600480428929],[-78.136329664653417,-0.138770118863801],[-78.136341824882876,-0.138899262141322],[-78.13630466632128,-0.139196528752035],[-78.136303920461586,-0.139308097666802],[-78.136290271350205,-0.139425781486635],[-78.136296355174025,-0.139522066182143],[-78.136288016552797,-0.139615295922932],[-78.136316118768704,-0.139760484871316],[-78.136309307148096,-0.139929367263645],[-78.136347286942723,-0.140158613752544],[-78.136370068787514,-0.140244962258515],[-78.136442207241885,-0.14048413892311],[-78.136524968960629,-0.140693511720657],[-78.13679981621074,-0.14128112612791],[-78.136779360808532,-0.141617363500036],[-78.136746732811787,-0.14171594531731],[-78.136727766946464,-0.141806883818332],[-78.136683751572548,-0.141892476069486],[-78.136538772228207,-0.14189707813692],[-78.136468936868397,-0.141878746263854],[-78.136315615194619,-0.141946011255129],[-78.136251100953871,-0.141994161546516],[-78.136138761629596,-0.142003344782076],[-78.136033256216024,-0.142033159798673],[-78.13591484879808,-0.142079788058916],[-78.135788850737583,-0.142125653029805],[-78.135625664323115,-0.142218136695974],[-78.135562674493301,-0.142320542799214],[-78.135568765305592,-0.142479489350072],[-78.135602930600257,-0.142546732273741],[-78.135646203951083,-0.142608624949521],[-78.135714530300817,-0.142706430675389],[-78.135900517438458,-0.142865356257883],[-78.135974927134129,-0.143057918367687],[-78.135926362882458,-0.143191653738133],[-78.135923330254371,-0.143222985052053],[-78.135989410672607,-0.143593599725559],[-78.136166290110239,-0.143761696584214],[-78.136173897186424,-0.143906123822254],[-78.136171634763002,-0.14403526880483],[-78.136157983075847,-0.144134612475555],[-78.136044910012885,-0.144366169012329],[-78.135977383520654,-0.144625994539951],[-78.135931092089919,-0.14472304943258],[-78.135832420896236,-0.144777316835241],[-78.135769428655337,-0.144860618574151],[-78.135480260456788,-0.1451456870225],[-78.135460533377099,-0.145219813722746],[-78.135478004540929,-0.145333672972692],[-78.135293574750634,-0.14551862307312],[-78.135300416510944,-0.145609558444522],[-78.13522603339905,-0.14564853957751],[-78.135074988467878,-0.145712747041804],[-78.135087902487143,-0.14580215336583],[-78.13512587548891,-0.145981728805659],[-78.135115259521854,-0.146078015338405],[-78.135035565843182,-0.146142214621017],[-78.134998385387945,-0.146260665070044],[-78.13505152650734,-0.146324849241652],[-78.13512364967815,-0.146439466433328],[-78.135150985366366,-0.146525814456382],[-78.135237533497346,-0.146666411792236],[-78.135302826166281,-0.146790199829348],[-78.135359011003828,-0.146921630604596],[-78.135456941883305,-0.147034716608751],[-78.135488071115731,-0.14710578085288],[-78.135558675362688,-0.147213520782207],[-78.135538192151799,-0.147315157639515],[-78.135593616698202,-0.147435890179135],[-78.13559135294345,-0.147556629223438],[-78.135580713078397,-0.147438948311026],[-78.135512384829326,-0.147320509736111],[-78.135499470750275,-0.147229575022871],[-78.13543114427371,-0.147127184026861],[-78.13531575954174,-0.147053836796905],[-78.135227705782668,-0.147024808311553],[-78.135179119369766,-0.146963680259906],[-78.135162411693102,-0.14688802939161],[-78.134930873387191,-0.146653455665868],[-78.134864822099033,-0.146533488607365],[-78.13486935521108,-0.146343974164387],[-78.134845815139656,-0.146260682411523],[-78.134784322097374,-0.146175866640456],[-78.134781277124759,-0.146097921747859],[-78.134816186314026,-0.146032199238411],[-78.134660562862095,-0.145880911509175],[-78.134589212223105,-0.145886268824089],[-78.13443434930366,-0.145747971925841],[-78.1344214122023,-0.145453768426395],[-78.134322688262912,-0.145040364447817],[-78.134356062296334,-0.144824865039347],[-78.134405387646396,-0.144707941551985],[-78.134435716621567,-0.14441526142212],[-78.13436433843529,-0.144178377343035],[-78.134202631650297,-0.143933097887056],[-78.134163137639817,-0.143730597777905],[-78.134139587431903,-0.143560190913102],[-78.1340978284518,-0.143464674688294],[-78.134042404017961,-0.143347763339494],[-78.134016587989862,-0.143276698668699],[-78.134009746059007,-0.14318576341347],[-78.134013531333338,-0.143098647764735],[-78.134005170838918,-0.143003891845235],[-78.133998331083745,-0.142932060804408],[-78.133961121024612,-0.142789929807639],[-78.13390037979913,-0.142643980726316],[-78.133860900034762,-0.14256680432977],[-78.133768280679476,-0.142439963210615],[-78.133687805316043,-0.142305479007148],[-78.133618720627254,-0.142213022740089],[-78.13354735700301,-0.142105283387579],[-78.133460041715708,-0.141898204064212],[-78.133331736200788,-0.141680431240723],[-78.133263405038448,-0.141540596535312],[-78.133198874468249,-0.141446611475466],[-78.13311763313294,-0.141253286570126],[-78.133105458251549,-0.140995763429132],[-78.133079624973931,-0.140777978640436],[-78.13310920585667,-0.140587697333689],[-78.133202541921818,-0.140351558369425],[-78.133273865000149,-0.1401123653134],[-78.133313303509979,-0.13983726013083],[-78.133314044933471,-0.139687483109158],[-78.133275321981586,-0.139592730899523],[-78.13331250854273,-0.139532357183315],[-78.133392957613395,-0.139441411567183],[-78.133425588398055,-0.139368811695038],[-78.133442279209675,-0.139297742063286],[-78.133480978630729,-0.139193046394985],[-78.13360544056556,-0.138998168585245],[-78.133655519719269,-0.138842272251661],[-78.133727625586033,-0.138805583510672],[-78.13384375727928,-0.138774238651449],[-78.133902200980501,-0.138744429057973],[-78.133848301183704,-0.138686358740809],[-78.13390368733225,-0.138476969930877],[-78.133978070366851,-0.138440280883539],[-78.133943893344039,-0.138275988784802],[-78.133912002932817,-0.138191169936403],[-78.133823186944355,-0.138136160535055],[-78.133708565553363,-0.138101786803275],[-78.133593926492537,-0.137919164446066],[-78.133525582174741,-0.137673110560768],[-78.133558210563862,-0.137581406424584],[-78.133549844316548,-0.137442328828879],[-78.13355892458371,-0.137205435587053],[-78.133501976311024,-0.137045731365684],[-78.133534605750626,-0.136963197231361]]}},
{"type":"Feature","properties":{"cota":3815,"indice":1},"geometry":{"type":"LineString","coordinates":[[-78.137368392072432,-0.141641747553058],[-78.137305416226212,-0.141864892819999],[-78.137193855532189,-0.142043721870778],[-78.137089111468754,-0.142094169431881],[-78.13695171626739,-0.142043750313522],[-78.136893274179045,-0.142089607403841],[-78.136824971162099,-0.1421943067663],[-78.136777924123123,-0.142319636223735],[-78.136703547663487,-0.14241593039936],[-78.136615499436331,-0.142436573308076],[-78.136516823624333,-0.142450339925928],[-78.136540343968036,-0.142360165089292],[-78.136499345882527,-0.142282224535821],[-78.136437841580431,-0.142103415936741],[-78.13633537669854,-0.142170674929189],[-78.136123605009047,-0.142215021628373],[-78.136043910077078,-0.142266994524726],[-78.135871605042439,-0.142273892249935],[-78.135819993887139,-0.142314399293786],[-78.135795713354995,-0.142394639956541],[-78.135832156625497,-0.142468760151594],[-78.13590959017742,-0.142553573933306],[-78.136037875758888,-0.142597116609715],[-78.136199559495111,-0.142637598711115],[-78.13626332537072,-0.142681913116919],[-78.136478889306929,-0.14261082009923],[-78.136481915744426,-0.142525996858234],[-78.13653201182305,-0.14251147176264],[-78.136546442725759,-0.142587887093504],[-78.136521407069907,-0.142702515548785],[-78.13630279737913,-0.14269107854426],[-78.136499398296067,-0.14273614160804],[-78.136462977476981,-0.142856884745356],[-78.136534332345562,-0.142887443224028],[-78.136645919789274,-0.142940157949756],[-78.136756747041886,-0.142982938559533],[-78.136852396413403,-0.143053995251614],[-78.136891859561274,-0.142985979483323],[-78.136947284535694,-0.143105947782277],[-78.136985246970326,-0.143189237942235],[-78.136968547711263,-0.14318923988691],[-78.136892639883982,-0.143170908636206],[-78.13679927488954,-0.143162513635835],[-78.136602683416839,-0.143199980873337],[-78.136507048121445,-0.143251191409149],[-78.136396222043274,-0.143218344992537],[-78.136177627026569,-0.143334524268735],[-78.136299867658309,-0.143618017134427],[-78.136312780633375,-0.143696725149979],[-78.136313552364413,-0.143807529716254],[-78.136326483391244,-0.144044420932836],[-78.136310552962911,-0.144130009819785],[-78.136259712881966,-0.144276736337368],[-78.136254421407187,-0.144469307788318],[-78.136238509353646,-0.144716900699348],[-78.136190704819825,-0.14485827764255],[-78.136122402101833,-0.144967561791219],[-78.136104954964082,-0.145066141712042],[-78.136038178814118,-0.145250314310359],[-78.136044271041314,-0.145425308509668],[-78.135934970076548,-0.145453595300593],[-78.135868179047918,-0.145506330654581],[-78.135784702303141,-0.145679042549956],[-78.135605581330324,-0.145824255224036],[-78.13551526995434,-0.145969457731687],[-78.135531227910775,-0.146127639002526],[-78.135458380109,-0.14632021799784],[-78.135336183266631,-0.146420338072221],[-78.135460706800345,-0.146762671853786],[-78.135500945835005,-0.146843669263022],[-78.135604965291435,-0.147101182632641],[-78.135750730006592,-0.147333473743947],[-78.135806156600992,-0.147472546378979],[-78.135857028927049,-0.147612383709563],[-78.135982268441495,-0.1475688119383],[-78.136049074342822,-0.147649042253794],[-78.136119677645993,-0.147748376399271],[-78.136137144086845,-0.147821734748079],[-78.136232784573195,-0.147815610643306],[-78.136314000782605,-0.147789619736881],[-78.136431662239019,-0.147858381824154],[-78.136474176630173,-0.147923331510972],[-78.136597904121786,-0.147934016002849],[-78.136513654198893,-0.147982932352156],[-78.13645066007561,-0.148051714732897],[-78.136439283687949,-0.148137303062433],[-78.136376281786539,-0.148135781783496],[-78.136233573586679,-0.148086126728788],[-78.13615919133747,-0.148134277773954],[-78.136068870333844,-0.148195421485947],[-78.135870744869464,-0.148089988253631],[-78.13560961258203,-0.147937947780876],[-78.135541294454896,-0.147910445344677],[-78.135316578019456,-0.147587991092511],[-78.135275580580881,-0.147512342940557],[-78.13508199602613,-0.147285406477565],[-78.134940795351667,-0.147139466099049],[-78.134883093897969,-0.147021026406025],[-78.134801865368487,-0.146935448653545],[-78.134646234091917,-0.146713093094165],[-78.134629525383318,-0.146628272237818],[-78.134522467218062,-0.146348598576512],[-78.134328117433455,-0.146067406564177],[-78.134207404678676,-0.145863387279202],[-78.134151229160238,-0.145815251061097],[-78.134130716341232,-0.145652485494129],[-78.134064633091427,-0.145249776224117],[-78.133977302999043,-0.144907438750144],[-78.134003089048576,-0.144714865330982],[-78.134001560878218,-0.144626221962333],[-78.133943857922731,-0.144496319965482],[-78.133930945992574,-0.144426017956198],[-78.13390891757011,-0.144286941841437],[-78.133934714920258,-0.144194474484248],[-78.13394912051092,-0.144050044984097],[-78.133976437173715,-0.143968275801055],[-78.133970350251701,-0.14384142453969],[-78.133946048086642,-0.143732915432824],[-78.133846566722184,-0.143338616071417],[-78.133780491124554,-0.1430092671945],[-78.133518596499485,-0.142829718178054],[-78.133370594686994,-0.142950473991132],[-78.133416108520834,-0.142694472377189],[-78.133350815894616,-0.142573741447007],[-78.13316937518951,-0.142342983930813],[-78.133104084220832,-0.142236772235883],[-78.132960603734446,-0.142070964630139],[-78.132913536077226,-0.142016714238606],[-78.132866461605104,-0.141903622937492],[-78.132722225594762,-0.141768382200867],[-78.132829255186024,-0.141793587156922],[-78.132786740341643,-0.141726345397297],[-78.13277685179159,-0.141546767158637],[-78.132747995206628,-0.141439022917503],[-78.132740395867103,-0.141363371216392],[-78.132754034741737,-0.141156280175765],[-78.132748700607834,-0.140978229744026],[-78.132688699625163,-0.140672569794601],[-78.13276912790549,-0.140403573249062],[-78.132749355481693,-0.140087974358314],[-78.13271213326486,-0.139844973483826],[-78.132668078610138,-0.139594331765162],[-78.132628585984961,-0.139409407930663],[-78.132674119677432,-0.139328400720039],[-78.132708268454607,-0.139255036542196],[-78.132740135638741,-0.139144228418787],[-78.13275530497485,-0.139044884806397],[-78.132807663800349,-0.13891038501484],[-78.132856222447444,-0.138734620610519],[-78.132946527880009,-0.138548916985668],[-78.133021657560334,-0.138408301062058],[-78.133078557729775,-0.1381652888238],[-78.133102058540629,-0.137914638920757],[-78.133066364006041,-0.137755696321871],[-78.133023085667915,-0.137653303071665],[-78.133004100536382,-0.137579945261027],[-78.133023826626086,-0.137501997750944],[-78.133030643935641,-0.137383550909264],[-78.132997989946375,-0.137261288022521],[-78.133012397408194,-0.137139783587807],[-78.133001757530693,-0.137030508883586]]}},
{"type":"Feature","properties":{"cota":3815,"indice":1},"geometry":{"type":"LineString","coordinates":[[-78.136620167420531,-0.136962821271211],[-78.136614104247286,-0.137040003205228],[-78.136617160213987,-0.137204299436243],[-78.136586817383503,-0.137366307217147],[-78.136577718047704,-0.137444253685806],[-78.136603541908826,-0.13757721617012],[-78.136602799955497,-0.137720116094724],[-78.136580822739091,-0.138016616805951],[-78.136614995339755,-0.138142700762255],[-78.136678769688714,-0.138256554426625],[-78.136669674022968,-0.138365831875568],[-78.136645403299866,-0.138526310560464],[-78.136695517495255,-0.138664619344062],[-78.136673514466565,-0.138745624043806],[-78.136655328375738,-0.139009264976503],[-78.136634116478533,-0.139361550013362],[-78.136644013638247,-0.139610668333948],[-78.136657709268604,-0.139887296335258],[-78.136691146328772,-0.140215121401767],[-78.136739744455227,-0.140372534703547],[-78.136834656233063,-0.14062546381635],[-78.136957651113818,-0.140861577893097],[-78.137129978616713,-0.141045722584151],[-78.137304584984193,-0.141244386303762],[-78.137434407666944,-0.141449168734194],[-78.137490596506069,-0.141608873807554],[-78.137578663880589,-0.141752527554822],[-78.137487592856232,-0.141889324856066],[-78.137441299922472,-0.141971860747149],[-78.1373517347741,-0.142003202275062],[-78.137252316759671,-0.142162925628016],[-78.137117972103852,-0.142236301771127],[-78.137023847942146,-0.142227142765228],[-78.136969205194788,-0.142308151245824],[-78.136923673868012,-0.142412847935049],[-78.136903196536522,-0.142561863568792],[-78.136949517186451,-0.142719277265504],[-78.137082392245048,-0.143066959339994],[-78.137043689900239,-0.14315025843918],[-78.137167431430527,-0.14328244554026],[-78.137228167336531,-0.14338101648614],[-78.13717198937195,-0.143313776005096],[-78.137001196389065,-0.143269473987569],[-78.136900240638653,-0.143259551521357],[-78.136662651202172,-0.143219842318488],[-78.136561702414468,-0.143270289303673],[-78.136510092858188,-0.143325315561525],[-78.136393204585971,-0.143381877743828],[-78.136303639737804,-0.143415511637822],[-78.136366657919083,-0.143559168287686],[-78.136381089712714,-0.143643989491611],[-78.136391725429235,-0.143721933607005],[-78.136398593443005,-0.144041355911121],[-78.136361419268155,-0.144213298477544],[-78.136339414543954,-0.144282840494841],[-78.136325798805032,-0.144698550572899],[-78.136329603025104,-0.144777259650203],[-78.136291663966574,-0.144898767048183],[-78.136284852197619,-0.145072998595518],[-78.136259060178816,-0.145213608836019],[-78.136184691875556,-0.145384027261061],[-78.136219634879097,-0.145617859272985],[-78.13604885451872,-0.145683597398107],[-78.13597219694114,-0.145747032247991],[-78.135909205394384,-0.145837211471578],[-78.13598892645463,-0.146016018114929],[-78.135991214014467,-0.14610848240277],[-78.135856121663039,-0.146284256819962],[-78.135743811945957,-0.146557842324096],[-78.135868338475873,-0.146926922181588],[-78.135951865804543,-0.147205834707992],[-78.136045236757496,-0.147268486096593],[-78.136190233354824,-0.147419011217693],[-78.136339027953582,-0.147593989390371],[-78.136581931804713,-0.147644397283577],[-78.136718569982037,-0.147715449747287],[-78.136930347472088,-0.147720010951523],[-78.137044973615758,-0.147796415112053],[-78.137145934444362,-0.147852188216521],[-78.137157333771043,-0.147973690061657],[-78.137248430575795,-0.148063087802962],[-78.13719454323963,-0.148115057450892],[-78.13709054508864,-0.148049350444418],[-78.136876489718247,-0.148038676072006],[-78.136824887094889,-0.148158656610848],[-78.136721660038674,-0.148201461717711],[-78.136713319360538,-0.148282464704543],[-78.136641215171892,-0.148339021376647]]}},
{"type":"Feature","properties":{"cota":3825,"indice":1},"geometry":{"type":"LineString","coordinates":[[-78.136099248474807,-0.148339082023053],[-78.135896573488139,-0.14827720694875],[-78.135708316134284,-0.14817482928975],[-78.135399357763831,-0.147972358998388],[-78.135266503446573,-0.147796614954646],[-78.134921846927483,-0.147390879872893],[-78.134812527230196,-0.147250285088129],[-78.134720661810576,-0.147073772417681],[-78.134618932739798,-0.146933940997973],[-78.134538451162626,-0.146739851210106],[-78.134503522472784,-0.146631343192123],[-78.134392670156643,-0.146361604185484],[-78.134293976999103,-0.146219480017118],[-78.134208956952804,-0.146167526214763],[-78.134190728214037,-0.146065893862178],[-78.134150490035722,-0.145992538257113],[-78.13404497085773,-0.145899321712908],[-78.134019131155114,-0.145616582313239],[-78.133976600448307,-0.145407205009347],[-78.133924187988853,-0.14507403356675],[-78.133832319553093,-0.144873067818512],[-78.133835293564147,-0.144325158752773],[-78.133860304341098,-0.143991214281669],[-78.13386332486337,-0.143853663621646],[-78.13382611352398,-0.143699305917742],[-78.13362643812313,-0.143315716598821],[-78.133398710341794,-0.143217165375972],[-78.133202112436791,-0.143193499027436],[-78.133145924844797,-0.14304067197874],[-78.133140585722458,-0.142816771403222],[-78.133021388189334,-0.142591355793548],[-78.132934840993116,-0.142461457381662],[-78.132847538440814,-0.142363654121515],[-78.132821728207972,-0.142343024613525],[-78.132794390775231,-0.142243686014551],[-78.13271694381389,-0.142041190663304],[-78.132641785051916,-0.141934216017261],[-78.132648590324678,-0.14170802161546],[-78.132658443663743,-0.141584225308311],[-78.132638696358654,-0.141481829177504],[-78.132649308105428,-0.141352683606982],[-78.132665981236499,-0.141128780537667],[-78.13259840161939,-0.140924755782736],[-78.132554346577976,-0.140668764874748],[-78.132575566919471,-0.14038525620708],[-78.132521637238639,-0.140071189770063],[-78.132445690679944,-0.139721210118926],[-78.132441124387029,-0.1396195763942],[-78.132420618129828,-0.139519472909726],[-78.1324190827156,-0.139372752947544],[-78.132390225218586,-0.139258895455769],[-78.132482823224791,-0.139203100145394],[-78.132520755871255,-0.13903345041877],[-78.132535925829075,-0.13893945599665],[-78.132573860702252,-0.138788910441151],[-78.132623187987292,-0.138694147737486],[-78.132751450646538,-0.138546647961343],[-78.132897157826207,-0.138283756719447],[-78.132923715633808,-0.138207336740268],[-78.132929779423876,-0.138134740070511],[-78.132966959611309,-0.138021638748375],[-78.132969984437537,-0.137926117408311],[-78.132866720652544,-0.13765485035039],[-78.132839366633164,-0.137420254177427],[-78.13280975354084,-0.137336963492779],[-78.13277404454287,-0.137058046630695],[-78.132774033164225,-0.136963289841566]]}},
{"type":"Feature","properties":{"cota":3830,"indice":1},"geometry":{"type":"LineString","coordinates":[[-78.135649886927368,-0.14833913229669],[-78.135505653034755,-0.148219937990234],[-78.135304485786563,-0.148063305794551],[-78.135154935135617,-0.147913545383127],[-78.134991722663557,-0.147774484912967],[-78.134757141382849,-0.147477249525451],[-78.134671353207835,-0.147343529620252],[-78.134594673013581,-0.147203695356339],[-78.134564300486872,-0.147111234350543],[-78.134439022377535,-0.146807109320076],[-78.134398023301642,-0.146716942046876],[-78.134251490529365,-0.146403649491827],[-78.134073095542647,-0.146252364370576],[-78.134076870157116,-0.146068199324625],[-78.133981220428211,-0.14599026502468],[-78.133915898600804,-0.145607424079806],[-78.133862721276529,-0.145222289282593],[-78.133817166215991,-0.145118367602711],[-78.13374049109828,-0.145025147857067],[-78.133707832950677,-0.144859327084273],[-78.13371613511778,-0.144441326074054],[-78.13373281407668,-0.144263272937346],[-78.133726712381005,-0.144006513092001],[-78.133671283571488,-0.143850629173117],[-78.133551326420303,-0.143619100095314],[-78.13341089418067,-0.143557218759188],[-78.133303102360969,-0.143504503666687],[-78.133170263319215,-0.143465546513251],[-78.133055644228122,-0.143449512288823],[-78.132846132129771,-0.143335675613393],[-78.132855225626486,-0.14320347354238],[-78.132868879049525,-0.143120177672982],[-78.132812696910037,-0.143014729067886],[-78.132795224518759,-0.142891700106274],[-78.132783825869197,-0.142780132954999],[-78.132763319172284,-0.142673916042686],[-78.132702577915893,-0.142527202950573],[-78.132650944414593,-0.142372847132816],[-78.132568941482603,-0.142155833148642],[-78.13255981692177,-0.142018284064495],[-78.132549154394013,-0.141709561640626],[-78.132524079878706,-0.141487956015006],[-78.132549846292932,-0.141131850920318],[-78.132448837692408,-0.14066572070514],[-78.13245717227359,-0.140537339586082],[-78.132355432358651,-0.140309629771297],[-78.132371361384344,-0.140214871122496],[-78.132323517122117,-0.14001160829175],[-78.132249839442593,-0.139591325041514],[-78.132269566920627,-0.139524075961234],[-78.132258168675449,-0.13941862223328],[-78.132284719690063,-0.139284125607763],[-78.132304441913078,-0.139172554814461],[-78.132337821492257,-0.139013604003006],[-78.132384085765182,-0.138692648145875],[-78.132520688100499,-0.138461853141392],[-78.132670211323386,-0.138373955862224],[-78.132758241430849,-0.138204300035059],[-78.132837910805307,-0.137941416730962],[-78.132796151331249,-0.13784513665156],[-78.132683788761867,-0.137656400845818],[-78.132650364785704,-0.137442437971617],[-78.13264047731181,-0.13727737897487],[-78.132651846080933,-0.137135242423485],[-78.132643486856509,-0.137055005844235],[-78.132658656928115,-0.136963303888072]]}},
{"type":"Feature","properties":{"cota":3820,"indice":1},"geometry":{"type":"LineString","coordinates":[[-78.13795362376564,-0.148320534354433],[-78.137851895376286,-0.148188344151573],[-78.137714496505396,-0.148103536575104],[-78.137690950987917,-0.147970573468766],[-78.137598321614504,-0.147751266821146],[-78.137290128580091,-0.14761069407484],[-78.137175498577093,-0.147499902240514],[-78.137119323224894,-0.147454058335277],[-78.136976604785318,-0.147313467052112],[-78.136805804805945,-0.147204974130438],[-78.136645633688289,-0.147114820125141],[-78.136551478967107,-0.146831323620098],[-78.136401897532636,-0.146409518663543],[-78.136393511802609,-0.146087804007409],[-78.13644815376783,-0.1459976257095],[-78.136486099655343,-0.145935723602574],[-78.136550600834425,-0.145769891315267],[-78.136524012906619,-0.145584200996962],[-78.136520199335536,-0.145422197355314],[-78.136534597664465,-0.145212048905599],[-78.136517868382668,-0.144946883772531],[-78.136494313515769,-0.144734447174065],[-78.13651324736469,-0.144360001610214],[-78.136501849933282,-0.144258368293437],[-78.136542057294207,-0.144059679399521],[-78.136551150271416,-0.143922127711841],[-78.136548853794039,-0.143753246364019],[-78.136528347800521,-0.143653142447319],[-78.136520747692643,-0.143569848779596],[-78.13657842927951,-0.143511000975961],[-78.136749969686278,-0.143454432445658],[-78.136863064640821,-0.143414682441262],[-78.136948839681011,-0.143428427538104],[-78.137020946700531,-0.143398616506017],[-78.137215281325396,-0.143537672967108],[-78.137467312827965,-0.143750847347559],[-78.137576625080115,-0.143820374219882],[-78.137652540022813,-0.14390060336786],[-78.13768292014143,-0.144056490723762],[-78.137747443278371,-0.144084757583961],[-78.137690503649623,-0.143994591998063],[-78.13769504000274,-0.143837172253543],[-78.137558386617386,-0.143636211153077],[-78.137519662683033,-0.143531524241932],[-78.137498399782515,-0.143450524603577],[-78.137502177881743,-0.143300746680069],[-78.137335934364899,-0.143214414734547],[-78.137402717896904,-0.143096724658835],[-78.137357152197964,-0.142903394772085],[-78.137344993103056,-0.142780364703269],[-78.137408746089747,-0.142712346055897],[-78.137477042306074,-0.142548041345814],[-78.137565846746242,-0.142502180699155],[-78.13772219875591,-0.1423821875475],[-78.137773045280866,-0.142292773579021],[-78.137849677805022,-0.142013842150252],[-78.137870161107315,-0.141916790014985],[-78.13783674206789,-0.141740270429602],[-78.137779797813764,-0.141611896403184],[-78.137667435222014,-0.141422395251877],[-78.137433611642734,-0.14113203794874],[-78.137310621850887,-0.140939481476537],[-78.137247611961513,-0.140869949408769],[-78.137149683380841,-0.140782845564649],[-78.137104127424507,-0.140675867086243],[-78.136989491346739,-0.140518461567392],[-78.136946972050239,-0.140415303605574],[-78.1368702745322,-0.140136390522129],[-78.136861916369156,-0.140063795328842],[-78.136867220778925,-0.139987377655155],[-78.136858859187399,-0.139885743988019],[-78.136859603569604,-0.139761184122481],[-78.136843647060829,-0.139622871186499],[-78.13683908406081,-0.139549511374168],[-78.136847404794665,-0.139304975850203],[-78.13684662095649,-0.139095593254294],[-78.136867081427553,-0.138808262722119],[-78.136892096441727,-0.138523224141758],[-78.136860189030216,-0.138296269376241],[-78.136769059350556,-0.137937120315536],[-78.136761442564193,-0.137717804348721],[-78.13676445656138,-0.137532110588995],[-78.136784933236996,-0.137383094882472],[-78.136838045671439,-0.137203508383563],[-78.136825117276203,-0.137000240633862]]}},
{"type":"Feature","properties":{"cota":3835,"indice":1},"geometry":{"type":"LineString","coordinates":[[-78.135383458120728,-0.14833916209984],[-78.135139020738663,-0.148146618789664],[-78.13494999540093,-0.147962475204116],[-78.134796655686102,-0.147868499614009],[-78.134707074644211,-0.147756176831824],[-78.134593195079773,-0.14756514740409],[-78.134488420512383,-0.14734125772932],[-78.134406415284161,-0.147096732968545],[-78.134353245763705,-0.146777316446262],[-78.134199890236829,-0.146541969868573],[-78.134110309890943,-0.146436524764265],[-78.134051857233842,-0.146388388780208],[-78.134019209805686,-0.146316560647341],[-78.133959983095039,-0.146134695281063],[-78.133884823066978,-0.146013965220661],[-78.133793704907788,-0.145733525809974],[-78.133801279194714,-0.14558909712769],[-78.133776969266364,-0.145410284513707],[-78.133704841773223,-0.145257459104831],[-78.133652459718718,-0.145193274968927],[-78.133638788607016,-0.145121444720157],[-78.133586405770401,-0.145050383080327],[-78.133559063180925,-0.144903665923472],[-78.133546907997598,-0.144812731305398],[-78.133561308720473,-0.144624744276428],[-78.133590901019502,-0.144529219845885],[-78.133629576758892,-0.144212085575366],[-78.133562759195129,-0.144030221256938],[-78.133479248505594,-0.143901850660857],[-78.133253795955596,-0.143785723204916],[-78.132981290875975,-0.143746782191973],[-78.132761145676994,-0.143577162462029],[-78.132717109591468,-0.143481646614086],[-78.132664708489088,-0.143251638249078],[-78.132664691744679,-0.143105682241716],[-78.132619108346404,-0.142756462970978],[-78.132483190424267,-0.142346885062486],[-78.132423897951227,-0.141601828758353],[-78.132419320990067,-0.141406966603701],[-78.132428397448194,-0.141130336924541],[-78.132413962952384,-0.141023355189858],[-78.13236003666826,-0.140736798792477],[-78.132308396869902,-0.140530479722541],[-78.132267383704118,-0.140323395241771],[-78.132259778381822,-0.140197308537658],[-78.132205865819316,-0.140029198144804],[-78.132159554912391,-0.139955843600881],[-78.132131452939078,-0.139811419340726],[-78.132142819950488,-0.139651707032626],[-78.132151920585997,-0.139583695061594],[-78.132149634688474,-0.139509571111893],[-78.132164804050916,-0.139410227556422],[-78.13216251805197,-0.139335339438982],[-78.132186036089607,-0.139228353207816],[-78.132186020826268,-0.139099208941248],[-78.132241381443507,-0.138674325284466],[-78.132294497987786,-0.138529127103798],[-78.132321811403287,-0.138423668720903],[-78.13245007235777,-0.138262413941115],[-78.132598081813569,-0.138211196866471],[-78.132650428236872,-0.137973534433348],[-78.132571472567463,-0.137855862175862],[-78.132527426167456,-0.137677816476087],[-78.132491704998557,-0.137296501232021],[-78.132522027189992,-0.136963320521379]]}},
{"type":"Feature","properties":{"cota":3825,"indice":1},"geometry":{"type":"LineString","coordinates":[[-78.137991569658809,-0.148257103898297],[-78.137900469931296,-0.148141724269029],[-78.137826077174495,-0.148095882348429],[-78.137809356484212,-0.147902548950649],[-78.137784300031285,-0.14783454054452],[-78.137672701052665,-0.147677133873193],[-78.137483679704715,-0.147533491030369],[-78.137324267739842,-0.147444865185926],[-78.137083622177471,-0.147226339533884],[-78.136988725778224,-0.147098733776514],[-78.136864984173215,-0.146961961258221],[-78.136797414593758,-0.14684122998517],[-78.136724532717011,-0.146730433542413],[-78.136628119380134,-0.146613526420635],[-78.136598506913842,-0.146530999394741],[-78.136492972717221,-0.14630558117581],[-78.136529399479883,-0.146234509207262],[-78.136543804656867,-0.14608396604054],[-78.136626538355756,-0.146052625637606],[-78.136717617219787,-0.145981547422749],[-78.136688760065155,-0.145866160998243],[-78.136662185752556,-0.145801209556873],[-78.136642437783678,-0.14569040712335],[-78.136618074040641,-0.145036280178331],[-78.136604396549984,-0.144908665319541],[-78.136583130123199,-0.144795570570994],[-78.13659071236539,-0.144722209357214],[-78.136588420695873,-0.144594593193553],[-78.136598258005236,-0.144327132479539],[-78.136586101077199,-0.144221678392167],[-78.136614168755088,-0.144068841101203],[-78.136631618953984,-0.143997771249266],[-78.136625531045524,-0.143862513819659],[-78.136630072542346,-0.143750180266427],[-78.136614122375946,-0.143663066708195],[-78.136739361013568,-0.143612616935997],[-78.13693746591278,-0.143533884383588],[-78.137017169637815,-0.143557564411827],[-78.137195561939279,-0.143678282654021],[-78.137425578909102,-0.143875412026129],[-78.137610816463365,-0.144116104398736],[-78.138073866670567,-0.144334603803608],[-78.138130040533923,-0.144365928337323],[-78.13811636904191,-0.144291805304709],[-78.138061693414571,-0.144086249565185],[-78.137944776228082,-0.143891399454315],[-78.137873414387414,-0.143800471364182],[-78.137774717538079,-0.143631601012804],[-78.137666152660969,-0.143460439324511],[-78.137669174072215,-0.143331294082649],[-78.137638804130205,-0.143264814745531],[-78.137616781360435,-0.143176937654058],[-78.137605375984336,-0.143007293041152],[-78.137591703269877,-0.14292323583709],[-78.137604596157587,-0.142826948797955],[-78.137654683831784,-0.142739063289438],[-78.137776124602382,-0.142665688677061],[-78.137874034147046,-0.142588495946504],[-78.137936272476765,-0.142550280106724],[-78.137987110277749,-0.142385213184182],[-78.137992404937123,-0.142223208275971],[-78.138003777882204,-0.142111637949708],[-78.138003765214179,-0.142002361473014],[-78.137953637145912,-0.141741785005519],[-78.137919469862396,-0.141658494377266],[-78.137826847390045,-0.141508727764421],[-78.137708419083154,-0.141377304326556],[-78.137629463818982,-0.141263452181406],[-78.137589224854295,-0.141187039846766],[-78.137657543068798,-0.141213013580839],[-78.137431310015629,-0.140922655423862],[-78.13724531529941,-0.140703360475389],[-78.137187614414955,-0.140596383433454],[-78.137067665365493,-0.140442799395787],[-78.137012234820517,-0.140277745154349],[-78.136988687259944,-0.140134848074129],[-78.136961309559354,-0.13969621748176],[-78.136945358903304,-0.139607575614034],[-78.136950658770914,-0.139492949409587],[-78.136971893224811,-0.139330942725003],[-78.13697566427571,-0.139126144582381],[-78.13695211150079,-0.138940453984609],[-78.136958161650071,-0.138752467320351],[-78.136966502382677,-0.138677577609306],[-78.136999881271336,-0.138512512760961],[-78.136971014724963,-0.138324530301913],[-78.136906464810394,-0.13807236184903],[-78.136861662655591,-0.13792335403738],[-78.136848737768659,-0.137748360579923],[-78.136846436724014,-0.137548912383992],[-78.136882090418126,-0.137365507153236],[-78.136928373543128,-0.137204261560237],[-78.136956434316261,-0.137001752968766]]}},
{"type":"Feature","properties":{"cota":3840,"indice":1},"geometry":{"type":"LineString","coordinates":[[-78.135154223129064,-0.148339187739822],[-78.135035799487937,-0.148240623160568],[-78.134909785122659,-0.148140531113225],[-78.134824767220124,-0.148107681367224],[-78.13464789249079,-0.147974735790691],[-78.134479342653577,-0.147618652028574],[-78.134417083714709,-0.147471174458074],[-78.134288770855463,-0.147179276467851],[-78.134315322224623,-0.147039430600962],[-78.134293290950538,-0.146872080148373],[-78.134275823460484,-0.146789551907658],[-78.134220403274242,-0.146707792135811],[-78.134045798306772,-0.146509128093226],[-78.133969879683121,-0.146392218927698],[-78.133892431203563,-0.146170618878961],[-78.13384232429587,-0.146088094391006],[-78.133753489597538,-0.145863439011613],[-78.133709452622711,-0.145758752974428],[-78.133628977209142,-0.145620447701979],[-78.133601643219222,-0.145549383178488],[-78.133515091038234,-0.145372870220504],[-78.133435376893985,-0.14525443328184],[-78.133392835857748,-0.144954120097945],[-78.133362454703899,-0.144786770779676],[-78.133404930212407,-0.144508608716834],[-78.133298659407458,-0.144481110903658],[-78.133064086468778,-0.144261057572223],[-78.133024607885929,-0.144193051188786],[-78.132933497128107,-0.143980623062913],[-78.132867445696021,-0.143860656364348],[-78.132822652581794,-0.143782716441304],[-78.132718647018265,-0.143650527480622],[-78.132588051272322,-0.143315073062713],[-78.132520484403145,-0.143218795806624],[-78.132511364355238,-0.143119455093642],[-78.132501462935522,-0.142826015933685],[-78.13243845246835,-0.142748078200655],[-78.132385293592066,-0.142530296692047],[-78.132346561205239,-0.142351486051552],[-78.132335893554426,-0.141997677808402],[-78.132307766842359,-0.141637758286323],[-78.132306983471551,-0.141428376524984],[-78.132319091344698,-0.141110481478291],[-78.132171751230644,-0.140394474154755],[-78.132164149231428,-0.140296661648722],[-78.132153503477866,-0.140134659457146],[-78.132129963747687,-0.140057481366448],[-78.132029746282981,-0.139867215668221],[-78.132072980784599,-0.139598987831886],[-78.132070686599661,-0.139454560506759],[-78.132058531732113,-0.139369739402287],[-78.132060784076316,-0.13915959315722],[-78.132069881157719,-0.139061778667136],[-78.132127526442318,-0.138700320657555],[-78.132124479892823,-0.138613205959783],[-78.132148000039891,-0.138524559730803],[-78.132174546768454,-0.138354911403944],[-78.132274727521875,-0.138234160894246],[-78.132392341098281,-0.137900205551451],[-78.132374104100023,-0.137735147598902],[-78.132376366743642,-0.137613644708781],[-78.132362679912475,-0.137414198678649],[-78.132384651534011,-0.1370726131834],[-78.13239906043971,-0.136963335490663]]}},
{"type":"Feature","properties":{"cota":3830,"indice":1},"geometry":{"type":"LineString","coordinates":[[-78.138127431850833,-0.148173794008208],[-78.137957395393556,-0.148106566012641],[-78.137927002336738,-0.14782917530528],[-78.137883729332785,-0.147768810653725],[-78.137727345070317,-0.147603767308682],[-78.13736676050965,-0.147314951369078],[-78.137197473730609,-0.147162900516122],[-78.137028937998494,-0.146939017593441],[-78.136978834408964,-0.146887059670189],[-78.136902158604173,-0.14678849036421],[-78.136719953743778,-0.146510353011794],[-78.1366037901591,-0.146262010873039],[-78.136693346114953,-0.146148139313347],[-78.136779119574982,-0.146148129548653],[-78.13681857526278,-0.146012102729589],[-78.136778322528656,-0.145810366344437],[-78.136743397031921,-0.145731660787131],[-78.13672211446999,-0.145474901992586],[-78.136711444639815,-0.145094346401099],[-78.136669668696655,-0.144849052536249],[-78.13668635025644,-0.144693159879086],[-78.13666886692512,-0.144473080851674],[-78.136671131397307,-0.144361511729735],[-78.136685542165139,-0.14426216792896],[-78.136685533715706,-0.144188043411847],[-78.136770539743338,-0.144114673234856],[-78.13675457336619,-0.143885423980274],[-78.136983796314652,-0.143777649388658],[-78.137080193967279,-0.143754713095762],[-78.137288194479098,-0.1439189856741],[-78.137549342469669,-0.144200934475687],[-78.137748232141263,-0.144346103975727],[-78.137867427535184,-0.144550888061986],[-78.137925882814557,-0.144619656723179],[-78.138018494746206,-0.144680015574046],[-78.138166519483462,-0.144754123137092],[-78.138347176882306,-0.144767857422311],[-78.138460272131354,-0.144728871656146],[-78.138464813624083,-0.144615773753511],[-78.138470870177514,-0.144475929673127],[-78.138435936348856,-0.144325391925579],[-78.138411635245447,-0.144226816616],[-78.138370629968463,-0.144085449643531],[-78.138353161854425,-0.14399986446724],[-78.138298499797813,-0.143913519432059],[-78.138244592773873,-0.143792022436016],[-78.138090476947369,-0.143555911398797],[-78.138013789389348,-0.143357999972197],[-78.137875616536661,-0.143146340656628],[-78.137854348413711,-0.143020254907621],[-78.138005378924646,-0.142829194496687],[-78.138182226035724,-0.142713019800683],[-78.13820117601567,-0.142483766192509],[-78.138192817808886,-0.142409642555115],[-78.138168510712944,-0.142260632002847],[-78.138119920826483,-0.142172758009252],[-78.138100935966548,-0.142100163970097],[-78.138099400926066,-0.141954207443519],[-78.138109257770395,-0.14186021322111],[-78.138043198868402,-0.141680640761605],[-78.137939943529801,-0.14147891174828],[-78.137852642184043,-0.14139562740236],[-78.137810886617928,-0.141332206135425],[-78.137763055737011,-0.141244332118522],[-78.137596792412381,-0.140989882858886],[-78.137498859252162,-0.140863806267033],[-78.137321215666105,-0.140657501226584],[-78.137265032350598,-0.140545938975679],[-78.137151156371658,-0.140397703405301],[-78.137089648779281,-0.140193677178915],[-78.137076734657157,-0.140107327444175],[-78.137078225164117,-0.139872726905875],[-78.137044040206789,-0.139640423144504],[-78.13704857677898,-0.139489881006395],[-78.137075122103369,-0.139306476895677],[-78.137076617516556,-0.139114669907014],[-78.13704319500016,-0.138912168727722],[-78.137050764801785,-0.138737172764454],[-78.137097798458797,-0.138502566738024],[-78.137070449930789,-0.138313819909326],[-78.137002864234873,-0.138065472655036],[-78.136952747579898,-0.137907295429048],[-78.13693754570059,-0.137733830574828],[-78.136942075158643,-0.137525975658874],[-78.13697014488038,-0.137397591608911],[-78.13699669959253,-0.137295189533971],[-78.137060449744823,-0.137206537996389],[-78.137067258024587,-0.137013202018455]]}},
{"type":"Feature","properties":{"cota":3835,"indice":1},"geometry":{"type":"LineString","coordinates":[[-78.138256462696987,-0.148092013206587],[-78.138164598537514,-0.147928490859961],[-78.138109939317715,-0.147865070787285],[-78.137861700530252,-0.147623620626706],[-78.137804005163062,-0.147560965097835],[-78.137461638802634,-0.147279788805057],[-78.137370537152378,-0.147147597549213],[-78.1372285787252,-0.147016176236889],[-78.13714203226418,-0.146891626218454],[-78.137007662618672,-0.146744156522436],[-78.137022074964221,-0.146657039450482],[-78.136948429033168,-0.146501921198147],[-78.136883902055629,-0.146438502379577],[-78.136924109291485,-0.146235228473003],[-78.136912709700297,-0.146112962499466],[-78.136906623153521,-0.145987639240981],[-78.136851944794074,-0.145754573501746],[-78.136828405838443,-0.145681980003211],[-78.136808641895215,-0.145429806038851],[-78.136797988918488,-0.145198263637998],[-78.13677139812043,-0.144988119842128],[-78.136756207881234,-0.144907883701606],[-78.136763026044235,-0.144790200685429],[-78.136738699742736,-0.144469251947392],[-78.136782708787862,-0.144326347015998],[-78.136779662284667,-0.144236175266086],[-78.136917045361017,-0.144181139122462],[-78.136923862926423,-0.14405887106256],[-78.137015703532313,-0.144012246036411],[-78.137215332560714,-0.14398547695945],[-78.137489384584541,-0.144268188439113],[-78.137609330755311,-0.144400376149002],[-78.137840880317043,-0.144725122125568],[-78.13800485270572,-0.144864946569804],[-78.138208294217961,-0.144987954748767],[-78.138340382637267,-0.14509645190653],[-78.138440584124794,-0.145147639887601],[-78.138574173540249,-0.145104830944218],[-78.138654631650823,-0.145086481585491],[-78.138724454370575,-0.144992480451544],[-78.138858795586046,-0.144885480964315],[-78.138974157735902,-0.144755558481625],[-78.139072065442832,-0.144660025719362],[-78.139080400568986,-0.144532408051912],[-78.139081907200008,-0.144431537187563],[-78.139039381274799,-0.144268009317298],[-78.138845777523997,-0.143884417483125],[-78.138769100289309,-0.14377667816376],[-78.138580826758854,-0.143540570993104],[-78.13845859329723,-0.143322032154839],[-78.138378879719312,-0.143213529090897],[-78.138387217233202,-0.143108072461925],[-78.138453246238683,-0.143029355101567],[-78.138440329666025,-0.142920080088412],[-78.138400848513754,-0.14283220498216],[-78.138422849568812,-0.142731331779458],[-78.138362105510211,-0.14256322116999],[-78.138333236656379,-0.142350020729757],[-78.138226946144755,-0.142156697846737],[-78.138201883945129,-0.142042075093064],[-78.138207185828378,-0.14194273219938],[-78.138271701415491,-0.141905280215648],[-78.138260307027579,-0.141831921106613],[-78.138193498913878,-0.14173717172835],[-78.138089486913145,-0.14155607539652],[-78.137986999242273,-0.141428470898819],[-78.137888301777863,-0.141257308223177],[-78.13778429410587,-0.141113656362194],[-78.137564887870795,-0.140783560498619],[-78.137389523133677,-0.140591774433099],[-78.137346245665526,-0.140496258230477],[-78.13724451431969,-0.140345728698152],[-78.137201232079832,-0.140209711473496],[-78.137180725228205,-0.140105022539909],[-78.13718221663386,-0.139878063686306],[-78.137142718723638,-0.139649581391996],[-78.137145741604186,-0.13953648378153],[-78.137168483156103,-0.139281248073962],[-78.137163907555021,-0.139101668528256],[-78.137133522893464,-0.138912922039369],[-78.13713957521604,-0.138743275439044],[-78.137175989347369,-0.13856980432464],[-78.137198752247087,-0.138495677029341],[-78.137164572199936,-0.13830693100911],[-78.137043073362719,-0.137890472739209],[-78.137032427010126,-0.13772694153593],[-78.137036197409401,-0.137519086694783],[-78.137065028755245,-0.1374120993167],[-78.137194041965316,-0.137191238323188],[-78.137161375041146,-0.136962755286343]]}},
{"type":"Feature","properties":{"cota":3840,"indice":1},"geometry":{"type":"LineString","coordinates":[[-78.138358926594393,-0.148010999540027],[-78.13798162923338,-0.14760144615919],[-78.137847264584266,-0.14749906236819],[-78.137741744737582,-0.147402024544082],[-78.137539057496909,-0.147233165643333],[-78.137507169662953,-0.147166686381244],[-78.137421382252526,-0.147042136236137],[-78.13735759324662,-0.146789967105969],[-78.137285462430185,-0.146608102654374],[-78.137116163237991,-0.146346011355006],[-78.137020498844919,-0.146139696191971],[-78.137006064989066,-0.146035006476465],[-78.136922532210249,-0.145711007725484],[-78.136888332628033,-0.145338860635377],[-78.136841983940883,-0.144930798954715],[-78.136838919004859,-0.14467785890715],[-78.136815375031048,-0.144561707720767],[-78.136809289882592,-0.14445013954765],[-78.136879108700342,-0.144323279205149],[-78.137027872339132,-0.144221627350409],[-78.137286720575617,-0.144306420386282],[-78.137417284301705,-0.144357604749973],[-78.137496997530192,-0.144464579464009],[-78.137612394199294,-0.144639561290776],[-78.137891757409164,-0.144903168133473],[-78.137978300586582,-0.144996387063006],[-78.138152900470459,-0.145142323712349],[-78.138234894922334,-0.145285214338601],[-78.138448208598447,-0.145447194229417],[-78.138619758633823,-0.145472392242603],[-78.138742718155157,-0.14540207436723],[-78.138872502726755,-0.145274442811686],[-78.139090338363644,-0.145149093631462],[-78.139328660379505,-0.144951145700334]]}},
{"type":"Feature","properties":{"cota":3840,"indice":1},"geometry":{"type":"LineString","coordinates":[[-78.139412097771483,-0.144431499062837],[-78.139383240904635,-0.144320697440391],[-78.139355904849054,-0.144233584982152],[-78.139326286375479,-0.144100622468449],[-78.139335382682773,-0.143992108981775],[-78.13923516926728,-0.143837757847286],[-78.13919341298903,-0.143767458868753],[-78.139138744129255,-0.143622272544695],[-78.13905522778181,-0.143448815229585],[-78.138966403098053,-0.143319680523479],[-78.138933755502279,-0.14324938051896],[-78.138814563281016,-0.143075163250948],[-78.138649821822298,-0.142851280183481],[-78.138617172886725,-0.142769517637806],[-78.138567063665818,-0.142670945364831],[-78.138513161089605,-0.142589185317848],[-78.138485818039953,-0.14244246759044],[-78.138415961699565,-0.142243791198157],[-78.138401532072265,-0.142178838318784],[-78.138364328572138,-0.142095548002043],[-78.138340026396008,-0.14198933103209],[-78.138329388232208,-0.141891518344274],[-78.13830811472279,-0.141720346457935],[-78.138223086093745,-0.141598853233923],[-78.138162349893861,-0.141499518128221],[-78.13805530715031,-0.141365800796015],[-78.13796192521481,-0.141212977594818],[-78.137858676320349,-0.141067033125897],[-78.137655972365152,-0.140762917080966],[-78.137476050219945,-0.140545149737316],[-78.137347740556947,-0.140298337832048],[-78.137303698710795,-0.140157735663293],[-78.137274081096606,-0.140035471881696],[-78.137275579690439,-0.139869646663595],[-78.137257349257823,-0.139758844091935],[-78.137245949519198,-0.139641163170984],[-78.137264895447473,-0.13938287121498],[-78.137258809161992,-0.1392659538305],[-78.137261065344632,-0.139088665962357],[-78.137222330957115,-0.138899156291112],[-78.137231418417272,-0.138720339264132],[-78.137297430236217,-0.138500250154014],[-78.137274645874953,-0.138394033175767],[-78.137259450984388,-0.138278645236996],[-78.137178203150441,-0.1380379413034],[-78.137135677237112,-0.137881291476376],[-78.137124271733143,-0.137716996181379],[-78.137132596473009,-0.137509140770265],[-78.137162948774986,-0.137425842486929],[-78.137267676571071,-0.137241664624479],[-78.137343574036706,-0.137172880021988],[-78.137278275639673,-0.137010883785639]]}},
{"type":"Feature","properties":{"cota":3840,"indice":1},"geometry":{"type":"LineString","coordinates":[[-78.138461390579266,-0.147930750029869],[-78.138115222778339,-0.147595317743231],[-78.137910261976643,-0.147459318370215],[-78.137618754134181,-0.147193419755862],[-78.137520814033877,-0.146999331423866],[-78.137466132934932,-0.146740283704647],[-78.137416781703706,-0.146628720365115],[-78.137379579409242,-0.146553071681073],[-78.137218631451574,-0.146305498661338],[-78.137107786065243,-0.146100713553853],[-78.136997675523659,-0.145681196491903],[-78.136959670356916,-0.145218113528052],[-78.136950532157783,-0.144957532446729],[-78.136933823885627,-0.144878060639075],[-78.136913306264404,-0.144674793660357],[-78.13688140553208,-0.144495981455088],[-78.136988421123462,-0.144395098610778],[-78.137330005474951,-0.144469947921995],[-78.137389222134018,-0.144559349070764],[-78.137723244054129,-0.144881026551305],[-78.137957820916355,-0.145127826852946],[-78.138155207474071,-0.145405962537584],[-78.138336646107547,-0.145616088885751],[-78.138468743015721,-0.145800239103901],[-78.138661543326521,-0.145795632050543],[-78.138763251303587,-0.145743656756859],[-78.138867235859152,-0.145686331990838],[-78.139002329917503,-0.145523547940491],[-78.139085054272954,-0.145408148512177],[-78.139240648957298,-0.145298854084225]]}},
{"type":"Feature","properties":{"cota":3840,"indice":1},"geometry":{"type":"LineString","coordinates":[[-78.138544879716633,-0.147865021897288],[-78.138239706281226,-0.147576963609945],[-78.138129635878272,-0.147514313966612],[-78.138002104427002,-0.147427212826184],[-78.137700727437689,-0.14714908857947],[-78.137621754633599,-0.146873231803012],[-78.137532160437999,-0.146646283204657],[-78.137393982919221,-0.146387244990319],[-78.137242144988633,-0.146151897684182],[-78.137198110809095,-0.146073193122817],[-78.13707509394483,-0.145633044900926],[-78.137064442212321,-0.145412200831582],[-78.137072780702056,-0.145313621876],[-78.137054523268617,-0.144959813009669],[-78.137035537736054,-0.14487957728609],[-78.136986191467557,-0.144813100126707],[-78.136983905186483,-0.144732862488304],[-78.137069654430618,-0.144519649035955],[-78.137244243802172,-0.144573885024276],[-78.137580542846919,-0.14489556220843],[-78.137679229797754,-0.144978845495313],[-78.137885718460439,-0.145198903041555],[-78.138099047365259,-0.145496141177178],[-78.138191669360012,-0.145645908148686],[-78.138236462667933,-0.145724612673532],[-78.138403477947861,-0.145924042332348],[-78.138543160588213,-0.146065398126158],[-78.138647918467953,-0.146134925799986],[-78.138873359191436,-0.146137956799111],[-78.138964440812458,-0.146089803595842],[-78.139075249880236,-0.145969815976878]]}},
{"type":"Feature","properties":{"cota":3840,"indice":1},"geometry":{"type":"LineString","coordinates":[[-78.138624573987471,-0.147803115039523],[-78.138326232719379,-0.147521169350735],[-78.138090150742457,-0.147387465992518],[-78.137792569179695,-0.147110869648998],[-78.137740928931805,-0.14689308675265],[-78.137702205536712,-0.14679069222737],[-78.137640707407201,-0.146661554309318],[-78.137558713852258,-0.146524777023413],[-78.137377259207241,-0.146169458226685],[-78.137289951182382,-0.146023511564212],[-78.137268687427706,-0.145933341847544],[-78.137163903575228,-0.14563227057825],[-78.137157816197146,-0.145500069759354],[-78.137166150376842,-0.145363282266212],[-78.137188143336914,-0.145189048844074],[-78.137153957358592,-0.144938404807442],[-78.13708562763,-0.144810032006401],[-78.137048427660886,-0.144755780177815],[-78.137045381189438,-0.144665608405763],[-78.137132670701064,-0.14464725825925],[-78.137254128831287,-0.144725953848564],[-78.137427213810767,-0.144900929033366],[-78.137506163342479,-0.144967402819517],[-78.137627620541139,-0.145037692586746],[-78.137766543780685,-0.145175991583487],[-78.137819691233389,-0.145294431997931],[-78.137940401739613,-0.145473998375027],[-78.138029225069914,-0.145593963082507],[-78.1381431059269,-0.145790342071306],[-78.138221302342245,-0.145909543865401],[-78.138260784634298,-0.146009645806003],[-78.138309374415087,-0.146099048316396],[-78.138366312200688,-0.14617393062673],[-78.138635036879293,-0.146334376054513],[-78.139066973692465,-0.146623948056271],[-78.139138326928062,-0.14663922339415]]}},
{"type":"Feature","properties":{"cota":3840,"indice":1},"geometry":{"type":"LineString","coordinates":[[-78.137440159945399,-0.145273078722419],[-78.13740827139894,-0.145201250325429],[-78.13736120230368,-0.145134772869835],[-78.137301232258707,-0.145095042875463],[-78.137264027445326,-0.144997997470263],[-78.137245801315302,-0.144920818326845],[-78.137298936292538,-0.144929218096941],[-78.137339934148812,-0.145006394628218],[-78.137358159842194,-0.145079752925668],[-78.137595747216565,-0.145100358261458],[-78.137664070979213,-0.145176003341306],[-78.137723299357035,-0.145369331804803],[-78.13745534256708,-0.145286067885525]]}},
{"type":"Feature","properties":{"cota":3845,"indice":1},"geometry":{"type":"LineString","coordinates":[[-78.138705027233812,-0.147740443915764],[-78.138372527369668,-0.147450096190845],[-78.138175158532775,-0.147327086870484],[-78.137929199951827,-0.147113910887721],[-78.137832769557136,-0.146844933576386],[-78.137649034617752,-0.146461340579821],[-78.137516933966822,-0.146242038554303],[-78.13746530680109,-0.146141938052821],[-78.137371154606029,-0.145883659061706],[-78.137397688202995,-0.145587157776655],[-78.137481923147519,-0.145406039657798],[-78.137705846209883,-0.145415184062845],[-78.137820479391834,-0.145551957551666],[-78.137929044242952,-0.145725411974968],[-78.138025468367161,-0.145936312204498],[-78.138077110784153,-0.146171671049284],[-78.138180359162874,-0.14631838017889],[-78.138371648518657,-0.146377963788124],[-78.13847185210038,-0.146448256170152],[-78.13856750313542,-0.146534596683838],[-78.139015381048623,-0.146832572829066],[-78.139219573670786,-0.146884513379324]]}},
{"type":"Feature","properties":{"cota":3875,"indice":1},"geometry":{"type":"LineString","coordinates":[[-78.133635981636715,-0.147164830913114],[-78.133576760701175,-0.147033400663513],[-78.133539553373637,-0.146911137957222],[-78.133541062703387,-0.146832428464621],[-78.133486387101044,-0.146620760073955],[-78.133485611723273,-0.1464748040475],[-78.133478010566364,-0.146380048061075],[-78.133410442346161,-0.146270015524874],[-78.13335198774945,-0.146204303712294],[-78.133262405815486,-0.14608433951822],[-78.133106768764009,-0.145810020950122],[-78.133037684383595,-0.145717564515779],[-78.132997444507325,-0.145628925639353],[-78.132948857177695,-0.145559391916894],[-78.132924554940843,-0.14544859036661],[-78.132840271852317,-0.145200245494928],[-78.13279016043478,-0.145077984405361],[-78.132763583414189,-0.144988579835823],[-78.132733963418971,-0.144839570544269],[-78.132683093607952,-0.144723422909704],[-78.132632988391279,-0.144656181921696],[-78.132584400327858,-0.144580534922108],[-78.132483429790213,-0.144436883053661],[-78.132412828625817,-0.144356653604969],[-78.132305789383565,-0.144245861673192],[-78.132276170787819,-0.144109843304712],[-78.132230618835365,-0.144033431833473],[-78.132196451558087,-0.143947084878041],[-78.132172912078545,-0.143869906705699],[-78.132175938177042,-0.143781262953734],[-78.132257902311764,-0.143661279200304],[-78.132090129171459,-0.143467200163808],[-78.132026356653157,-0.143362516660229],[-78.131909435987339,-0.143132515941397],[-78.131857788117671,-0.142852072641352],[-78.131759840545996,-0.142594559782366],[-78.131764384742155,-0.142506680048812],[-78.131752981309603,-0.142353847985993],[-78.131733220583612,-0.14213453437908],[-78.131754460390056,-0.142016086009457],[-78.131756720744391,-0.14187089401858],[-78.13175519112707,-0.141771552491128],[-78.131720260745837,-0.141651582382717],[-78.131704310775746,-0.141566761727362],[-78.131768809389385,-0.141386410730213],[-78.131769548622074,-0.141216001405002],[-78.131752074548103,-0.141079981744654],[-78.131714096828063,-0.140865255316101],[-78.13167537144416,-0.140748342356661],[-78.131636637830155,-0.140561126051474],[-78.131570568860795,-0.14029367548387],[-78.131521953667672,-0.139988778695918],[-78.131546973597878,-0.139743478162655],[-78.131550757262701,-0.139644900188992],[-78.131524176798806,-0.13952951417066],[-78.131520342491683,-0.139198630395269],[-78.131489200434473,-0.13902211159301],[-78.131484616077458,-0.138768408766016],[-78.131514948031224,-0.138513937572756],[-78.131508096669393,-0.138346585865136],[-78.131524786395033,-0.138267110504664],[-78.131535394954994,-0.138114275859529],[-78.131576355153257,-0.137873558355656],[-78.131615797651435,-0.137636661852553],[-78.131637787449989,-0.137446381631124]]}},
{"type":"Feature","properties":{"cota":3850,"indice":1},"geometry":{"type":"LineString","coordinates":[[-78.139411880654905,-0.142539408918664],[-78.139182635017079,-0.142453848509083],[-78.139073323060444,-0.142388906708841],[-78.139014108444456,-0.142319374012903],[-78.138792437874883,-0.142099318564257],[-78.138733220775805,-0.142008389093442],[-78.138655785386533,-0.141909820059062],[-78.138628438072672,-0.141727186265188],[-78.138577554053697,-0.141494119933563],[-78.138416610300141,-0.141293161834155],[-78.138258701073639,-0.141077684175649],[-78.138069667955207,-0.140840813471233],[-78.137962623805308,-0.140695633644277],[-78.137895047963511,-0.140527524021725],[-78.137810773460728,-0.14036476560298],[-78.137753066947681,-0.14021040992456],[-78.137705994235134,-0.140115658329901],[-78.137674096732681,-0.139970469649988],[-78.13764523238136,-0.139799298804007],[-78.137636101878627,-0.139614370529516],[-78.137662648315839,-0.139440136377633],[-78.137644406532516,-0.139233812409714],[-78.137636791337158,-0.139025958829835],[-78.13761627738765,-0.138862428717952],[-78.137648898168024,-0.13870500558057],[-78.137700496093487,-0.138553693513969],[-78.137714140029843,-0.138393215962461],[-78.137696671419235,-0.138306866751045],[-78.137632901022656,-0.138226636505209],[-78.137553932510272,-0.138004272322741],[-78.137509121453505,-0.137781139859156],[-78.137514425072268,-0.137699372935222],[-78.137556910414801,-0.137516730941621]]}},
{"type":"Feature","properties":{"cota":3855,"indice":1},"geometry":{"type":"LineString","coordinates":[[-78.139411860948144,-0.142368998538052],[-78.139320769116935,-0.142327743929983],[-78.139211457582618,-0.142266622994507],[-78.139034581695128,-0.142135206191098],[-78.138907049142773,-0.142042756386332],[-78.138811395366119,-0.141935783589259],[-78.138722575243733,-0.141847150125063],[-78.138704344081205,-0.141728705665833],[-78.13864282781357,-0.141449026105606],[-78.138537302687411,-0.141311487686954],[-78.138475812468727,-0.141255710434241],[-78.138365732185306,-0.141111295049148],[-78.13824274817766,-0.140969173734036],[-78.13811141068534,-0.140794194075783],[-78.138023341718238,-0.140638313598495],[-78.137967153703073,-0.140487014382046],[-78.137877564528424,-0.140313558193454],[-78.137786448682675,-0.140067505965753],[-78.137702917965271,-0.139775602612488],[-78.137702900388319,-0.139626589274368],[-78.137711990219231,-0.139466876451885],[-78.13768767896272,-0.139285770844459],[-78.137695244836891,-0.139077151262177],[-78.137691427167468,-0.138888401491493],[-78.137727094438489,-0.138817329299715],[-78.137752130269504,-0.138707285661876],[-78.137777930054298,-0.138638507162519],[-78.137806760247912,-0.138520821347761],[-78.137818886064949,-0.13836034396409],[-78.137794586568958,-0.138279344767807],[-78.13773005765394,-0.138203699634516],[-78.137682220434073,-0.138064626301193],[-78.137623733551351,-0.137734511538269],[-78.137641932175541,-0.137577854289374]]}},
{"type":"Feature","properties":{"cota":3880,"indice":1},"geometry":{"type":"LineString","coordinates":[[-78.133528951465451,-0.147134276260146],[-78.133461371131176,-0.146914967634456],[-78.133465907896138,-0.146757548488107],[-78.133397565534665,-0.146512258268411],[-78.13340210618108,-0.146389990860568],[-78.133224461646989,-0.146160760630287],[-78.133163726545519,-0.146065246543997],[-78.133030106214761,-0.1458276055479],[-78.13288738201787,-0.145632759039368],[-78.132873707070232,-0.145526541285948],[-78.13286686584479,-0.145440191114703],[-78.132856230806027,-0.145366832229536],[-78.132827375951877,-0.145271314567253],[-78.13277498444225,-0.14512307203662],[-78.132707418830691,-0.145036728836748],[-78.132705128436797,-0.144919811454395],[-78.132677032605031,-0.144824293728775],[-78.13252215553139,-0.14455990956014],[-78.132450035569732,-0.144473566936494],[-78.132357419493218,-0.144372707504409],[-78.132279986932531,-0.144293243023018],[-78.132216967874726,-0.144138888495667],[-78.132168380668176,-0.144070883217416],[-78.13212965915875,-0.143985300958913],[-78.132104600180639,-0.143895896290558],[-78.132145575230382,-0.143774388962196],[-78.13215922947488,-0.143697970657295],[-78.13210001033552,-0.143584880767662],[-78.131992974638564,-0.143505419789714],[-78.13195349544047,-0.143432064325021],[-78.131853271964616,-0.143184485830969],[-78.131797075846549,-0.142956770595398],[-78.131781123247038,-0.142848260739636],[-78.131740122304294,-0.142743574642846],[-78.13170670749048,-0.142600679320997],[-78.131701385046043,-0.142521970747481],[-78.131699091759529,-0.142382128465535],[-78.1316838826245,-0.142139125160613],[-78.131716505052992,-0.1419931654514],[-78.131718011838132,-0.141895351904845],[-78.131722549426982,-0.141750923817797],[-78.131700528275729,-0.141676802211796],[-78.131661035046434,-0.141483472625092],[-78.131705804736512,-0.14135890814282],[-78.13170655063584,-0.141245811347108],[-78.131687555610924,-0.141085338531514],[-78.131660970652035,-0.140930215786877],[-78.131605539138818,-0.140753699790682],[-78.131578957086148,-0.140623794570901],[-78.13150149723046,-0.140312787857235],[-78.131467311866416,-0.140074371879801],[-78.131458193715304,-0.139993371285924],[-78.131481697157056,-0.139761825949744],[-78.131486993621792,-0.139618161960219],[-78.131458897661943,-0.13952493696657],[-78.13145584568133,-0.139391208145059],[-78.131462663003688,-0.139271233145271],[-78.131413290845302,-0.138986204855802],[-78.131411744596974,-0.138748549182615],[-78.131447387922535,-0.138477265697068],[-78.131448890049882,-0.138342772164195],[-78.131461009995618,-0.138133389005888],[-78.13145644639313,-0.13805544454513],[-78.131483750818163,-0.137875097884548],[-78.13150499264205,-0.137777281964752],[-78.131529257796018,-0.137571718152528]]}},
{"type":"Feature","properties":{"cota":3845,"indice":1},"geometry":{"type":"LineString","coordinates":[[-78.138797623636592,-0.147661723809819],[-78.138579758041573,-0.147519612431778],[-78.138449187328277,-0.147405765600227],[-78.138294326585665,-0.147290393193811],[-78.137977769432524,-0.147022204858378],[-78.137924611725438,-0.146810535471939],[-78.137855514108651,-0.146601924598538],[-78.137900289625009,-0.146522445721955],[-78.13799972476599,-0.146509443519363],[-78.138120413199474,-0.146493382214721],[-78.138206187796214,-0.14650254252612],[-78.138278300036703,-0.146517817761389],[-78.13834585964473,-0.146548376943482],[-78.138597135929942,-0.146798232510024],[-78.138840052507305,-0.146957916865203],[-78.138885602340267,-0.147014460418309],[-78.139284114079061,-0.147067143181947]]}},
{"type":"Feature","properties":{"cota":3885,"indice":1},"geometry":{"type":"LineString","coordinates":[[-78.133454557179618,-0.147072387036576],[-78.133408243841728,-0.146973814581465],[-78.133387715333015,-0.146668913839882],[-78.133309501908585,-0.146393822209221],[-78.133204737873143,-0.146264689713431],[-78.133118190805106,-0.146132498498291],[-78.132951166334578,-0.145843662066964],[-78.132818313472768,-0.145680909486038],[-78.132797799462836,-0.145507445763809],[-78.132814483409959,-0.145372186177358],[-78.132785626486637,-0.145258328494613],[-78.132752215917137,-0.145150584680365],[-78.13270211210363,-0.145095570351214],[-78.132655801660377,-0.14502374390519],[-78.13265882533851,-0.144912939259029],[-78.132626173709312,-0.144804431212019],[-78.132494833913455,-0.144598121077157],[-78.132415123153763,-0.144509486824424],[-78.132347561167208,-0.144455238716555],[-78.132299732939998,-0.144386469162484],[-78.13221091552893,-0.144315411836308],[-78.132189653409441,-0.144239761727317],[-78.132158524452834,-0.144171754432059],[-78.132103865166897,-0.144106806525538],[-78.132062866848926,-0.144024281202281],[-78.132032492754874,-0.143919593809325],[-78.132059048483541,-0.143821777340598],[-78.132081052236927,-0.143744593908489],[-78.131942882675617,-0.143554332292659],[-78.131857087639162,-0.143362536308872],[-78.131804695588755,-0.143211237322403],[-78.131725727515985,-0.142980468078038],[-78.13171432695826,-0.142852089357724],[-78.131661165326022,-0.142609854640494],[-78.13164520379766,-0.142424163946335],[-78.131634544225861,-0.142139895107209],[-78.131678549628376,-0.141969480727915],[-78.131689908081896,-0.141733351813286],[-78.131618518277818,-0.141399419272792],[-78.131642799997763,-0.141330641391398],[-78.131642032055638,-0.141254224791777],[-78.131602528070488,-0.140969195205831],[-78.131536466605112,-0.140765170468567],[-78.131519757520053,-0.14068034992911],[-78.131426350401199,-0.140308211779886],[-78.131413427501002,-0.140146209963812],[-78.131396713528801,-0.14002012443928],[-78.131417178424726,-0.139768711142932],[-78.131423990387447,-0.139602886144842],[-78.131400451450077,-0.139532585614517],[-78.131388296778027,-0.139449292892368],[-78.131405733457228,-0.139266654956955],[-78.131370807887265,-0.139189478297457],[-78.131339663031582,-0.138989270351155],[-78.131341910873971,-0.138741680070526],[-78.131391970128632,-0.138419195695185],[-78.131382844503037,-0.138276297615689],[-78.131388138598652,-0.138114293630279],[-78.131375980455985,-0.138002726755712],[-78.131420727498778,-0.137691705482282]]}},
{"type":"Feature","properties":{"cota":3860,"indice":1},"geometry":{"type":"LineString","coordinates":[[-78.139411838294123,-0.142173370477775],[-78.139321505161121,-0.142129059107975],[-78.139253185356623,-0.142090094361869],[-78.139004958647945,-0.141964799348813],[-78.138792397516056,-0.141751620443047],[-78.138801494933091,-0.141654569564016],[-78.138779466856064,-0.141522370457154],[-78.138733911606451,-0.141421505172502],[-78.138634466864005,-0.141351977299488],[-78.13857676925933,-0.141273274445038],[-78.138497815347904,-0.141171648967202],[-78.138435563657637,-0.141095239184386],[-78.138301950236794,-0.140930958152068],[-78.138185794337929,-0.140759797544758],[-78.138139482587349,-0.140681093398581],[-78.138074946547292,-0.140543550238973],[-78.138036222496879,-0.140440391728529],[-78.137948911290721,-0.140273812802396],[-78.137889686552484,-0.140118693120039],[-78.13783198441044,-0.14000178182507],[-78.137803126271223,-0.139883338755957],[-78.137761362879459,-0.139754198840744],[-78.137761349989276,-0.13964492238717],[-78.137751464284804,-0.139492853538876],[-78.137724877575835,-0.139326267446293],[-78.137740795715942,-0.139139807813684],[-78.137774177135327,-0.138995375482903],[-78.137762022878121,-0.138916667328889],[-78.137846258500048,-0.138750067906329],[-78.137909990090009,-0.13850399713437],[-78.137916053910246,-0.138431400146657],[-78.137849230610072,-0.138211326940928],[-78.137791517698432,-0.138005771907626],[-78.137752012810353,-0.137722269244774],[-78.137774763490512,-0.137546507149531]]}},
{"type":"Feature","properties":{"cota":3865,"indice":1},"geometry":{"type":"LineString","coordinates":[[-78.139411812059095,-0.141947175533052],[-78.139269863368028,-0.141906691115707],[-78.139057318072432,-0.141830298938887],[-78.138913841179985,-0.141702699142762],[-78.138903197826224,-0.141560564445955],[-78.13888269488487,-0.141488734718614],[-78.138823477199878,-0.141393220242237],[-78.138639011323193,-0.141267153714699],[-78.13858890661362,-0.141208318426929],[-78.138533483856676,-0.141109746853746],[-78.138468952753783,-0.141014233054711],[-78.138371020767551,-0.140898854767634],[-78.138240438638164,-0.140692543984101],[-78.138128069934567,-0.140452607546478],[-78.138019498818466,-0.140232539154175],[-78.137989127254087,-0.140153833141061],[-78.137955714868767,-0.140036154766279],[-78.137884352375437,-0.139942170232383],[-78.137848660547618,-0.139805387869907],[-78.137819807706023,-0.139732030895598],[-78.137782595755937,-0.139578436966593],[-78.137769673992494,-0.13942789682178],[-78.13778635536697,-0.139276588959166],[-78.137787105651299,-0.139202464279046],[-78.137837936074703,-0.1389793202283],[-78.137951762345367,-0.138706497449133],[-78.138009423469825,-0.138477239150062],[-78.137932722032801,-0.138170051608505],[-78.137934984978827,-0.138050840638254],[-78.137887123693943,-0.137710790290208],[-78.13790759875782,-0.137548019359092]]}},
{"type":"Feature","properties":{"cota":3890,"indice":1},"geometry":{"type":"LineString","coordinates":[[-78.133380162895733,-0.147010497820838],[-78.133333849129968,-0.146908104534407],[-78.133332304408313,-0.146669684282255],[-78.133308765337276,-0.146594798481742],[-78.133222211455148,-0.146401473793722],[-78.133116687261079,-0.146262407210503],[-78.133000532008978,-0.146085133470725],[-78.132878298724407,-0.145858189556289],[-78.132764425675617,-0.145726001524925],[-78.132745424616189,-0.145506687578854],[-78.132765144953154,-0.145372955986779],[-78.132740842962249,-0.145264446961056],[-78.132713506298387,-0.145169693304672],[-78.132654293057158,-0.14510780251192],[-78.132616317513964,-0.144906066628627],[-78.132469030490043,-0.144637096585182],[-78.132388561114638,-0.144552283255938],[-78.132295948088014,-0.144478169679161],[-78.132252674536502,-0.144412456271808],[-78.132169172594089,-0.144359738347972],[-78.132147148121177,-0.144255049973689],[-78.132098560837477,-0.144186280527311],[-78.132031755038483,-0.144106814849208],[-78.131989989219974,-0.14395016540774],[-78.131990734238983,-0.143827134413052],[-78.131864709214454,-0.143633814726824],[-78.131819154452558,-0.143532949957204],[-78.131771310097051,-0.143323573749068],[-78.131764465914472,-0.143212770331278],[-78.131693086451165,-0.142965188538948],[-78.131683206459556,-0.142858206319255],[-78.131618658321756,-0.142609859602296],[-78.131614092025941,-0.142505933439401],[-78.13159586090454,-0.142385961370631],[-78.131585206712558,-0.142148306722146],[-78.131640594204626,-0.141945796005933],[-78.131657265940078,-0.141708902307636],[-78.131575242451419,-0.141315366016173],[-78.131544845078352,-0.141012759531904],[-78.131468912628463,-0.140780461799072],[-78.131354241580993,-0.140318918676326],[-78.131335228948871,-0.140009433422031],[-78.131365547146146,-0.139635752289759],[-78.131331372910978,-0.139492857196251],[-78.131317696885574,-0.139382054660768],[-78.131329827580174,-0.13926207903973],[-78.131293381829451,-0.13916732673406],[-78.131266793643064,-0.138986986588389],[-78.131275873327354,-0.138742452169627],[-78.131335036135283,-0.138377173382093],[-78.131312240726785,-0.13817696445708],[-78.131297797238005,-0.137996622864681],[-78.131318268986192,-0.137806342887458]]}},
{"type":"Feature","properties":{"cota":3895,"indice":1},"geometry":{"type":"LineString","coordinates":[[-78.133305768613795,-0.146948608612965],[-78.133284507322557,-0.146879071726948],[-78.133282209516722,-0.146694143330509],[-78.13324424738127,-0.146610089150776],[-78.133145548459481,-0.146415237514293],[-78.133024840782923,-0.146254775963917],[-78.132960307084602,-0.146129459777003],[-78.132866166472354,-0.145970523593518],[-78.132819852811338,-0.145869658729997],[-78.132755324929619,-0.145796305986268],[-78.132709765926592,-0.145656468504908],[-78.132700637560234,-0.145481475163598],[-78.132715807101974,-0.145379074969301],[-78.13269302322179,-0.14527056577439],[-78.132665686732466,-0.145177340456938],[-78.132607233066906,-0.145120034584531],[-78.132578365055323,-0.144908363486262],[-78.132449299846513,-0.144679128063137],[-78.132339224847087,-0.144572157283678],[-78.132251925725328,-0.144502628100579],[-78.132119079369886,-0.14439795248025],[-78.132099332237445,-0.144294792181707],[-78.132038595224614,-0.14418323077627],[-78.131959630983744,-0.143984556436149],[-78.131905726742261,-0.143884456776694],[-78.13174552536249,-0.14352531682278],[-78.131723502661515,-0.143436676009053],[-78.13171968848873,-0.143271616389851],[-78.131739413197835,-0.143178385729025],[-78.131670318175651,-0.142994229532507],[-78.131652086400848,-0.142868144114879],[-78.131583742559187,-0.142615977012796],[-78.131551837823395,-0.142403542355256],[-78.131540437116101,-0.142274399493424],[-78.131532070754076,-0.14212920877538],[-78.131573045685002,-0.142008465612242],[-78.131600351798113,-0.141837289030925],[-78.131615515244107,-0.141685218040875],[-78.131545646914716,-0.141380323685551],[-78.131500068489615,-0.141077718999856],[-78.131401358655552,-0.14079575312756],[-78.131304157391781,-0.140432785457437],[-78.1312851408466,-0.140089676882221],[-78.131274502707669,-0.139992628982268],[-78.131306343594034,-0.139657920188373],[-78.131290388894286,-0.139534127092113],[-78.131253941364818,-0.139424091448348],[-78.131239506280878,-0.139313289011995],[-78.131239494101166,-0.139210126518161],[-78.131212158704386,-0.139129892295903],[-78.131195441642475,-0.138978589310928],[-78.131205285539991,-0.138777612312395],[-78.13122500325909,-0.138628597453246],[-78.131262932610269,-0.138432202064953],[-78.131262916626639,-0.13829770873681],[-78.131246199545814,-0.138147169923871],[-78.131220373260746,-0.137992047215779],[-78.131227954410818,-0.137913337137784]]}},
{"type":"Feature","properties":{"cota":3895,"indice":1},"geometry":{"type":"LineString","coordinates":[[-78.133235169778558,-0.146888247319849],[-78.133229836182053,-0.146707140114891],[-78.13320098467139,-0.146640660769356],[-78.133071919891549,-0.146412953363477],[-78.132989170606962,-0.146302922587036],[-78.132923878375436,-0.146182191493995],[-78.132841886334802,-0.146056113140183],[-78.132760647846609,-0.145881127988816],[-78.132666496553725,-0.14562743507333],[-78.132655850850213,-0.145459319420512],[-78.13265508050533,-0.145359213555553],[-78.132644444256343,-0.145275156338829],[-78.13261938562259,-0.145188044104809],[-78.132559414110418,-0.145133030910486],[-78.132540412770965,-0.144912188678645],[-78.132425773583947,-0.144718103306028],[-78.132317217565713,-0.144618774023767],[-78.13222764033182,-0.144540839260209],[-78.132068986146464,-0.144436166609047],[-78.132051514790305,-0.144320779377306],[-78.131983184808277,-0.1441878221712],[-78.131929272747186,-0.144018947462662],[-78.131778185200915,-0.143704892279538],[-78.131706060423241,-0.143576520582983],[-78.131683280858951,-0.143506984032272],[-78.131668849394728,-0.143424455678336],[-78.131678705892341,-0.143326641168511],[-78.131706772923764,-0.143169983686498],[-78.131647549548859,-0.143020213857313],[-78.131626285689805,-0.142930044638749],[-78.131614890927182,-0.142852100943667],[-78.131530601501709,-0.142552557368891],[-78.131509333908298,-0.142430293162606],[-78.1314872933944,-0.142188054864221],[-78.131505496281946,-0.142063493542917],[-78.131548731373925,-0.141796030082216],[-78.131562380075266,-0.141672997616855],[-78.131521370607999,-0.141495715735276],[-78.131467439067706,-0.141162545365468],[-78.131419605259794,-0.141047161830075],[-78.131366453434239,-0.140892042263607],[-78.131353539004138,-0.140801872118988],[-78.131320126198048,-0.140678081068993],[-78.13129051088066,-0.140573393742744],[-78.131243435361114,-0.140451896826707],[-78.131237345307099,-0.14030135672303],[-78.131210765454767,-0.1401905557205],[-78.131209994928227,-0.140092742485819],[-78.131213019570012,-0.139994164632973],[-78.131242592828613,-0.13974045779102],[-78.131230424044205,-0.139537190919646],[-78.131164365509562,-0.139359912161201],[-78.131146129379516,-0.139200203528766],[-78.131128656979243,-0.13908023147089],[-78.131123330141108,-0.13896637129261],[-78.131132415345462,-0.138768451064125],[-78.131188547571497,-0.138450551018453],[-78.131188523321313,-0.138246518539679],[-78.13114750597525,-0.138007339347732]]}},
{"type":"Feature","properties":{"cota":3900,"indice":1},"geometry":{"type":"LineString","coordinates":[[-78.133170643724455,-0.146830942018973],[-78.133170629393462,-0.146702561809063],[-78.132992217693413,-0.146399971552447],[-78.132842657819779,-0.146166917369753],[-78.132711311880854,-0.145904058636601],[-78.132621708212454,-0.1455907601417],[-78.132610305690378,-0.145442512938614],[-78.132609538706845,-0.145372209611721],[-78.132600421430752,-0.145295793899865],[-78.132573084514434,-0.145198747751713],[-78.132512354123719,-0.145145262980831],[-78.132501699876315,-0.144902258943405],[-78.132406042938072,-0.144760134780936],[-78.132343035981393,-0.144711999474107],[-78.132211709734946,-0.144624899494146],[-78.132160844440023,-0.144548488617787],[-78.132020410858146,-0.144472852225328],[-78.132002939593505,-0.144358229165068],[-78.13191942445394,-0.144189357860329],[-78.131891322839849,-0.144043405192038],[-78.13183817652795,-0.143933371276664],[-78.131674946470952,-0.143639950042988],[-78.131629384550067,-0.143476423605337],[-78.131606596843739,-0.143335819542727],[-78.131669579029605,-0.143167695509064],[-78.131621743303683,-0.14303397186427],[-78.13156934278949,-0.142809312906961],[-78.131507080346992,-0.142635090130985],[-78.131462271531348,-0.142421128661892],[-78.131434154085511,-0.14213991858049],[-78.131509245617877,-0.141666890528279],[-78.131438606507857,-0.141261126280172],[-78.131338381734821,-0.141005906420377],[-78.131311033531006,-0.140814867981235],[-78.131283695653977,-0.140712472882635],[-78.131178914847652,-0.140443498647007],[-78.131177382783321,-0.140324288840804],[-78.131128020942569,-0.140124847229899],[-78.131137113078282,-0.139984239501414],[-78.131189450017089,-0.139663283301226],[-78.131173496130444,-0.139546367716734],[-78.1310747892975,-0.139292676217784],[-78.131046674720167,-0.139042032968284],[-78.131058027592601,-0.138763874998091],[-78.131116431709387,-0.138401653039861],[-78.131114895799058,-0.13825187658128],[-78.131084513029165,-0.138078414441791]]}},
{"type":"Feature","properties":{"cota":3905,"indice":1},"geometry":{"type":"LineString","coordinates":[[-78.133106117586181,-0.146772872556544],[-78.132854057941657,-0.146294532082226],[-78.132689305567723,-0.145959845377595],[-78.132576919785834,-0.145553321045339],[-78.132565519069502,-0.145421121366151],[-78.132553361267796,-0.145306497628979],[-78.132528301861953,-0.145212507893793],[-78.132460740503845,-0.145163608911161],[-78.132459951284972,-0.144896914561837],[-78.132390867049139,-0.144805986568356],[-78.132291421943833,-0.144726524584369],[-78.132169967480877,-0.144675339332428],[-78.132097087023027,-0.144576005972072],[-78.13197031702893,-0.144505717177511],[-78.131947531783254,-0.144385745564066],[-78.13189134867649,-0.144270362807991],[-78.131850351161091,-0.144194714997153],[-78.131823007210599,-0.144036535577677],[-78.131781249409457,-0.143950189529639],[-78.13165066539554,-0.143715605378928],[-78.131577006962516,-0.143451212173015],[-78.131548147525919,-0.143316722156994],[-78.131576982018672,-0.143233424621902],[-78.13156786242196,-0.143137904825118],[-78.131576961332243,-0.143053081246219],[-78.131547338844413,-0.142884203821488],[-78.131456983868958,-0.142644265978548],[-78.131412175586163,-0.142434889518849],[-78.131376465049883,-0.142131519503792],[-78.13144928074513,-0.141669954244345],[-78.131388515912462,-0.141320737191167],[-78.13128981042135,-0.141075451324407],[-78.131263214329167,-0.140824807804353],[-78.131115153748809,-0.140438157044174],[-78.131112862452071,-0.140317419001723],[-78.131066539246504,-0.140138609536921],[-78.131064235892723,-0.139915473188845],[-78.131132518865755,-0.139644950095809],[-78.131083921368884,-0.139491358422384],[-78.130985213179329,-0.139226204451074],[-78.13096773563629,-0.139062674922692],[-78.130984397358375,-0.138746308011644],[-78.131043560520013,-0.138384085984744],[-78.131038234522677,-0.138277867483052],[-78.131016966854645,-0.138158660074854]]}},
{"type":"Feature","properties":{"cota":3910,"indice":1},"geometry":{"type":"LineString","coordinates":[[-78.132958089714393,-0.146663613309466],[-78.132737918829577,-0.146260921892335],[-78.132643014913512,-0.146063777436372],[-78.132602005809488,-0.145884202727602],[-78.132465320537321,-0.145391330287486],[-78.132451643849265,-0.145269829227496],[-78.132352203429022,-0.14523163223675],[-78.132352190392808,-0.14511624296439],[-78.132327123714802,-0.144958063192428],[-78.132236784505508,-0.144854146800765],[-78.132097112150731,-0.144797614458686],[-78.132034859243433,-0.144705157379911],[-78.131969572197335,-0.144631040670815],[-78.131880757602147,-0.144584436690493],[-78.131842033624551,-0.144476693591993],[-78.131814698398401,-0.144394930867456],[-78.131747890980023,-0.144300946023876],[-78.131720556961383,-0.144229881647409],[-78.131689413050054,-0.144030437669405],[-78.131599825459645,-0.143861567136303],[-78.131444917902741,-0.143331253310552],[-78.131447169922723,-0.143111937186457],[-78.131429690723849,-0.142929303363906],[-78.131378814549535,-0.142758900108513],[-78.131331735644451,-0.142606072258888],[-78.131298316510964,-0.142425732825564],[-78.131261845952409,-0.142113957096962],[-78.13127094363648,-0.142019199366439],[-78.131321003548337,-0.141694422656639],[-78.131276205835647,-0.141577510423041],[-78.131246581456068,-0.141394113915079],[-78.131215448987192,-0.141297068421899],[-78.131133448109324,-0.14109839478149],[-78.131125082139476,-0.140957789123121],[-78.131126590799553,-0.140876787290057],[-78.131055189886951,-0.140449626654513],[-78.131055181120814,-0.140374738337858],[-78.130958767496281,-0.140256303980657],[-78.130942816093622,-0.140160020904842],[-78.130939750729908,-0.139911667179568],[-78.130986027181621,-0.139692345894913],[-78.131004234291623,-0.139605992911883],[-78.130972346140354,-0.13953875006984],[-78.130870600858316,-0.139265954819498],[-78.13081366024241,-0.139167384173254],[-78.13083867763703,-0.138902215450368],[-78.13083865491916,-0.138710409696147],[-78.130879605241176,-0.138385634061062]]}},
{"type":"Feature","properties":{"cota":3915,"indice":1},"geometry":{"type":"LineString","coordinates":[[-78.132874587984062,-0.146612423525636],[-78.13274400350474,-0.146370197173748],[-78.132615693584071,-0.146105045591558],[-78.132570126898983,-0.145896433038611],[-78.132509378232058,-0.145680180559079],[-78.13245774429528,-0.145518182949822],[-78.132416744510891,-0.145421902537281],[-78.132320329450664,-0.14528742010169],[-78.132288431827561,-0.14513382611677],[-78.132264127406657,-0.145003920456545],[-78.132171510784843,-0.144897711826291],[-78.132058406801036,-0.144854167274157],[-78.131989321462243,-0.144753305141579],[-78.131905814788652,-0.14465855801529],[-78.131830666375762,-0.144640226643874],[-78.13178282681875,-0.144471351237333],[-78.13168944775029,-0.144335340270977],[-78.131644649849576,-0.144214607061811],[-78.131621856660786,-0.144025096302534],[-78.131575544457931,-0.143937986629267],[-78.131555800609604,-0.143863864727155],[-78.131507205653165,-0.143727848653717],[-78.131379633172202,-0.143277769218408],[-78.131382651864314,-0.143124935522737],[-78.131355296193291,-0.142865886189445],[-78.131268731658267,-0.142583918779718],[-78.131244426539439,-0.142450192456199],[-78.131204157013784,-0.142106322189016],[-78.131221595707217,-0.141937439323455],[-78.131251936423141,-0.141752507437877],[-78.131197261183658,-0.141550773877459],[-78.131179790889817,-0.14144684927644],[-78.131114489656071,-0.141251994495125],[-78.13107424222359,-0.141100694269493],[-78.131081809867609,-0.14090430257944],[-78.131027150994882,-0.140843939887865],[-78.131074958322884,-0.140732365922336],[-78.131026346671021,-0.140456507573832],[-78.130892727996496,-0.140240264329808],[-78.130878272457821,-0.139954467817691],[-78.130862319594542,-0.139845958091017],[-78.130922252867393,-0.139574671872763],[-78.130891122419186,-0.139495966449874],[-78.130740041490355,-0.139246866281832],[-78.130766569142551,-0.138915214927637],[-78.130765784566819,-0.13869972012139],[-78.130791563537286,-0.13845671213126]]}},
{"type":"Feature","properties":{"cota":3920,"indice":1},"geometry":{"type":"LineString","coordinates":[[-78.132791845227075,-0.14656046949533],[-78.132707572909126,-0.1464061171853],[-78.132588372253693,-0.146146313744725],[-78.132557238678515,-0.146036277161301],[-78.132527616505669,-0.145866635347255],[-78.132428145655183,-0.145557923036334],[-78.132368168571745,-0.145453238951747],[-78.132311230371684,-0.145372243718353],[-78.132234558400199,-0.145305769929029],[-78.132221646284833,-0.145233175513522],[-78.132222397052885,-0.145159815367844],[-78.132203408953487,-0.145055890792571],[-78.132138122091646,-0.14498330238729],[-78.132040956345151,-0.144922944322023],[-78.131945302481029,-0.144807566061761],[-78.131882292781526,-0.14473497742489],[-78.131786647579133,-0.144696015894504],[-78.131735012589999,-0.14452561259479],[-78.131644670354575,-0.144394950448101],[-78.131585445400958,-0.144229897226188],[-78.131553541134835,-0.144018990856915],[-78.131486723069372,-0.143831777708466],[-78.131315107847044,-0.143227341710707],[-78.131318135386962,-0.143151688857474],[-78.131286220221938,-0.1428475542362],[-78.131203449194757,-0.142550303069752],[-78.131146467459743,-0.142093338115802],[-78.131158603034407,-0.142013099203542],[-78.131170730464461,-0.141862556964812],[-78.131192726276637,-0.141718126896087],[-78.1311152794365,-0.141516396027198],[-78.131090964693655,-0.141300903926696],[-78.131022625537824,-0.141091530364083],[-78.131036269972569,-0.140932582122773],[-78.130936061852651,-0.140820261500371],[-78.130893543281886,-0.140720924897425],[-78.131024087831918,-0.140613161971366],[-78.130998263045399,-0.140467973401512],[-78.130826688410849,-0.140223460514295],[-78.130817553868297,-0.140002617525062],[-78.130804639556899,-0.139913975766425],[-78.130789445744171,-0.139805465956847],[-78.130822066234344,-0.139645751302454],[-78.130843311080923,-0.139572388796835],[-78.130743854877778,-0.139400463251511],[-78.130648202492367,-0.13930113307289],[-78.130681577266287,-0.139101681688357],[-78.13069142950377,-0.138971008077291],[-78.130687618231406,-0.138835751106108],[-78.130692913585037,-0.138683681384004],[-78.130702011345704,-0.138591980338499]]}},
{"type":"Feature","properties":{"cota":3915,"indice":1},"geometry":{"type":"LineString","coordinates":[[-78.13941169524044,-0.140944581723687],[-78.139300861757448,-0.140851365870929],[-78.139164215542138,-0.140717651985719],[-78.139022254038096,-0.140567891154329],[-78.138928875681657,-0.14044716310767],[-78.138776278737197,-0.140224043123066],[-78.138673791668452,-0.140103316215774],[-78.138572055015118,-0.139909228770549],[-78.138543949593526,-0.139737293529934],[-78.13860234579046,-0.139303237091234],[-78.138675193479131,-0.139118298819805],[-78.138714654181001,-0.139031178511724],[-78.138769279259648,-0.138802684610857],[-78.138836815648958,-0.13863608704166],[-78.138910414107727,-0.138382373137201],[-78.138923295503801,-0.138192856976328],[-78.138949062864569,-0.137852797403534],[-78.138969543907606,-0.137739697490292],[-78.139036313213893,-0.137507381140227]]}},
{"type":"Feature","properties":{"cota":3925,"indice":1},"geometry":{"type":"LineString","coordinates":[[-78.13262484170194,-0.146457325796192],[-78.132530692516312,-0.146221208714995],[-78.132479815821014,-0.146042399307978],[-78.132456267202357,-0.145882690990291],[-78.132365911381669,-0.145630526043056],[-78.132278611198615,-0.145551062602024],[-78.132226225612072,-0.14545478350399],[-78.132108562921502,-0.145372266887751],[-78.132082731103068,-0.145159831360521],[-78.132015922691266,-0.145056676444945],[-78.131875484835192,-0.144942831646144],[-78.131698609895679,-0.144806830215619],[-78.131648496847589,-0.144670050092699],[-78.131577133058272,-0.144557725765636],[-78.131504248118077,-0.144418655789329],[-78.131454890003454,-0.144245959781102],[-78.131431336727061,-0.144047279139328],[-78.131413106814449,-0.143936477065946],[-78.131183023530227,-0.143148647895774],[-78.131158706455537,-0.142910230750856],[-78.131083516746273,-0.142532741242925],[-78.131046279052029,-0.14215066234136],[-78.131058389606778,-0.14185416431797],[-78.13104623120978,-0.141737248270472],[-78.130950558945742,-0.141465216257847],[-78.13103176573857,-0.141362808389391],[-78.130930042130544,-0.14127264873441],[-78.130944451692585,-0.141165663735389],[-78.130904960548477,-0.140990674287278],[-78.130784257034023,-0.140869950265505],[-78.130756157893529,-0.140748451144886],[-78.13080471165965,-0.140529129660415],[-78.130689322196417,-0.140414518397492],[-78.130664261371166,-0.140311358927273],[-78.130711308773712,-0.140192907569474],[-78.130704465288332,-0.140090510102261],[-78.130661192277216,-0.140030910280771],[-78.130620947398768,-0.139902535144012],[-78.130653579219896,-0.139839105460893],[-78.13065584604621,-0.139751226073411],[-78.13060801573549,-0.139666409325963],[-78.130626220858971,-0.139563244714982],[-78.130569284603553,-0.139501354050623],[-78.130492611894582,-0.139430295756718],[-78.130415185631051,-0.139405851692916],[-78.13045538521456,-0.139149851244288],[-78.130506221516185,-0.13897867194287],[-78.130517591392277,-0.138844177338144]]}},
{"type":"Feature","properties":{"cota":3930,"indice":1},"geometry":{"type":"LineString","coordinates":[[-78.132541339731873,-0.146403843538766],[-78.132474522580438,-0.146221979262703],[-78.132437307750536,-0.146033234133791],[-78.132420592766906,-0.1458926292295],[-78.132379594217483,-0.145807047149939],[-78.13233555359956,-0.145669502042522],[-78.132226997581782,-0.145569408509601],[-78.132047083509121,-0.14540742560572],[-78.132022012651731,-0.145211801679418],[-78.131964313068352,-0.145110174056989],[-78.131816282870204,-0.144980282619445],[-78.131608290202863,-0.144874851435873],[-78.131561213122126,-0.144735778471421],[-78.131499719555151,-0.144645613851309],[-78.131479974712875,-0.144562321940454],[-78.131413923171493,-0.144440062857154],[-78.131363045480214,-0.144254376202598],[-78.131348607376594,-0.144113007026986],[-78.131294697430093,-0.143962472414566],[-78.13128254360069,-0.14388376465286],[-78.131289364881368,-0.143794356364881],[-78.131275687871579,-0.143671327115752],[-78.13111242727517,-0.143111211940733],[-78.13109570924388,-0.142946918079934],[-78.131019001533247,-0.142570192934014],[-78.131009117461545,-0.142428059123562],[-78.131011379546905,-0.142297386391763],[-78.131001501179583,-0.142204923404474],[-78.130979474685759,-0.14208418768294],[-78.130969593207539,-0.14196497887473],[-78.13094755553503,-0.141747958191865],[-78.130918690157998,-0.141563797476446],[-78.130867819137833,-0.141439244339777],[-78.130930052525429,-0.141362056204579],[-78.130860975050695,-0.141330733520146],[-78.130837431163499,-0.141216875506485],[-78.130857915635431,-0.141131286457079],[-78.13074251990048,-0.140962419321619],[-78.130667343788886,-0.140706432510505],[-78.130658974293056,-0.140536024429564],[-78.130603544923915,-0.140377848594523],[-78.130598220457045,-0.140283092617527],[-78.130670318661004,-0.140182214112273],[-78.130570101267267,-0.139991184475118],[-78.130519999024983,-0.139950689630846],[-78.130491898718589,-0.139820020567434],[-78.130579182515035,-0.139758112707506],[-78.130494905349806,-0.139568609552318],[-78.130389392877774,-0.13953347050702]]}},
{"type":"Feature","properties":{"cota":3915,"indice":1},"geometry":{"type":"LineString","coordinates":[[-78.139411682902491,-0.140839125972372],[-78.139268205054279,-0.140704648715399],[-78.139179386685754,-0.140632062924411],[-78.139035905976087,-0.140473132219995],[-78.138983522777892,-0.140403598812881],[-78.13893265500208,-0.140311140077632],[-78.138853700084539,-0.140201872918528],[-78.138767152871168,-0.140078087417585],[-78.138745890963335,-0.140007786159222],[-78.138682116476673,-0.13989240385252],[-78.138650210888741,-0.13967920378322],[-78.138689645441559,-0.139370473724669],[-78.138716196654528,-0.139236740501827],[-78.138812565811506,-0.13897308969352],[-78.138902866352666,-0.13874229895786],[-78.139001503026961,-0.138398409745943],[-78.139019684153965,-0.138094267150166],[-78.139058357766444,-0.137773310277626],[-78.139127400777653,-0.137511955101454]]}},
{"type":"Feature","properties":{"cota":3935,"indice":1},"geometry":{"type":"LineString","coordinates":[[-78.132459354847811,-0.146341191107386],[-78.132416074713717,-0.146215872562144],[-78.132412267875836,-0.146112710393365],[-78.132391764064948,-0.146029418477365],[-78.132384158763088,-0.145897982550133],[-78.13233253122263,-0.145792533332694],[-78.132305195816826,-0.145708478039879],[-78.132176902333299,-0.145590046743856],[-78.132100989437163,-0.145523572860583],[-78.131988644707278,-0.145481556496044],[-78.131931690320968,-0.145256897875617],[-78.13189145036722,-0.145167494932696],[-78.131752532113637,-0.145066640796342],[-78.131503548839362,-0.144945930965879],[-78.131465580761443,-0.144809913632626],[-78.13141243748764,-0.144725861390667],[-78.131395726267314,-0.144619644134102],[-78.131325117119445,-0.144468347246602],[-78.131275757370503,-0.144281132096865],[-78.131264359051443,-0.144171093413495],[-78.131207413948005,-0.144029729159045],[-78.131173244440063,-0.143923513949028],[-78.131151215940406,-0.143783674012238],[-78.131163343341001,-0.14363083929389],[-78.131139787956201,-0.143414582884793],[-78.131041071970245,-0.143073776078388],[-78.131029673803098,-0.142966029929098],[-78.130967395945049,-0.142657313933113],[-78.130946118600932,-0.142450227312134],[-78.130955977656654,-0.142375337849192],[-78.130955966634744,-0.142279817045598],[-78.130893701855271,-0.142085726064957],[-78.130883824091285,-0.14199861225367],[-78.13085876260503,-0.14188857523389],[-78.1308511587103,-0.141773187004367],[-78.130832167501353,-0.14164480928669],[-78.130801023798909,-0.141450714698251],[-78.13078279844737,-0.141381177708189],[-78.130747099495252,-0.141179442009578],[-78.130669657850504,-0.141022797062978],[-78.130599810017301,-0.140894425389155],[-78.130553487014311,-0.140716380146793],[-78.130538280952536,-0.14050241542188],[-78.130517015492629,-0.140400019679194],[-78.130490421341293,-0.140166952165204],[-78.130403110370779,-0.139997317672999]]}},
{"type":"Feature","properties":{"cota":3920,"indice":1},"geometry":{"type":"LineString","coordinates":[[-78.139411670107364,-0.140729849360491],[-78.139174060551483,-0.140523551138473],[-78.139049557726892,-0.140376844939659],[-78.138967562171842,-0.140230133707958],[-78.138888602568898,-0.140081129619685],[-78.138827102285504,-0.139940529356262],[-78.138791418800082,-0.139874814849693],[-78.138765591713508,-0.139712813536547],[-78.138757231519406,-0.139623406449366],[-78.13881866318944,-0.139183236184733],[-78.138887716666488,-0.139007468387202],[-78.138952220941661,-0.138875258909122],[-78.139078931540524,-0.138436608991341],[-78.13909941136761,-0.138312810668983],[-78.139118353082893,-0.138021658876245],[-78.139154754533848,-0.137742731706353],[-78.139217729290181,-0.1375165291553]]}},
{"type":"Feature","properties":{"cota":3925,"indice":1},"geometry":{"type":"LineString","coordinates":[[-78.139411657570648,-0.140622865264929],[-78.139182395667603,-0.140399754288672],[-78.139041188868504,-0.140213313154757],[-78.138962986967186,-0.140052846390564],[-78.138900720863333,-0.139854933327678],[-78.138876412789315,-0.139700573535497],[-78.138865767655787,-0.139545447942165],[-78.138865743442864,-0.139340649914385],[-78.138896847738636,-0.139196217718557],[-78.138971220339499,-0.139068592095244],[-78.139071381227893,-0.138775138052201],[-78.139159394290388,-0.138457996092494],[-78.139192768822141,-0.138256250662254],[-78.139210198981331,-0.138020119410886],[-78.139248117636029,-0.137733550314057],[-78.139308816776861,-0.137520338945231]]}},
{"type":"Feature","properties":{"cota":3940,"indice":1},"geometry":{"type":"LineString","coordinates":[[-78.132376610912431,-0.146278538770907],[-78.132355349515962,-0.146208237785993],[-78.132350776936377,-0.146045470654568],[-78.132334821096094,-0.145905629841665],[-78.132275597001723,-0.145746689781248],[-78.132209552412803,-0.145685563927538],[-78.132125293451537,-0.145650421844534],[-78.131918061728811,-0.14556180210148],[-78.13186036605633,-0.145494561986939],[-78.131839095661761,-0.145344787677882],[-78.131795816742397,-0.145230931742601],[-78.131688781267357,-0.145152234796424],[-78.131570364742231,-0.145115568345106],[-78.131481549160284,-0.145059794340324],[-78.131402603180348,-0.145020830881004],[-78.13137450419498,-0.144897039092538],[-78.131327433013851,-0.144809929489366],[-78.131302366410466,-0.14465251403232],[-78.131270475330084,-0.14455699686594],[-78.131234032872115,-0.14448746189388],[-78.131188469266675,-0.144307887986681],[-78.131179351762711,-0.144229944045155],[-78.131097350774226,-0.144025921033948],[-78.13105255103828,-0.143889140402374],[-78.131019128099837,-0.143673649317747],[-78.131036562127946,-0.143461973181107],[-78.13101300566457,-0.143236546801892],[-78.131001609090518,-0.143142555649881],[-78.130971235213778,-0.143040160876135],[-78.130908956588215,-0.142724567394246],[-78.130881621441389,-0.142644333110568],[-78.130873998152921,-0.142360064105211],[-78.13083450551423,-0.142170555465843],[-78.130801855105005,-0.142074274330289],[-78.130757044981777,-0.141849614686587],[-78.130697031938368,-0.141436971946413],[-78.130667409866916,-0.141273443856983],[-78.130649178727026,-0.141154236073362],[-78.130604387042595,-0.141089287230004],[-78.13046848709989,-0.14083636428585],[-78.130440389660635,-0.140729384355035],[-78.130416827588093,-0.140460400683969],[-78.130429715743219,-0.14032590592469],[-78.130389475563646,-0.140237267437801]]}},
{"type":"Feature","properties":{"cota":3930,"indice":1},"geometry":{"type":"LineString","coordinates":[[-78.139411644396418,-0.140510531964583],[-78.139325859996873,-0.140418841517571],[-78.139158081908192,-0.140196487442811],[-78.139091275856373,-0.14012084238568],[-78.13905709978161,-0.139964191224589],[-78.138989518625053,-0.139752523692725],[-78.138961412174083,-0.139572182503516],[-78.138953044378027,-0.139418584970525],[-78.138954552732415,-0.139336054233621],[-78.138983378677409,-0.139181688065944],[-78.139070655638534,-0.139057117568491],[-78.139159431561325,-0.138771306589064],[-78.139235305241911,-0.138500780561872],[-78.139286884336656,-0.138191284661757],[-78.139298252789416,-0.138045326425773],[-78.139342241725728,-0.137740416441167],[-78.139383972284037,-0.137592926161174]]}},
{"type":"Feature","properties":{"cota":3765,"indice":1},"geometry":{"type":"LineString","coordinates":[[-78.135297891259199,-0.136962982433119],[-78.135313090742486,-0.137115814455434],[-78.135268311857601,-0.13716090589708],[-78.135149912257674,-0.137270196508071],[-78.13514235018333,-0.13750785406646],[-78.135143119667902,-0.137594969268443],[-78.135143134202266,-0.137716472178651],[-78.135137050056059,-0.137618659251493],[-78.135110469290197,-0.137503272920358],[-78.135130932745398,-0.137244217061064],[-78.135222009632429,-0.137162439869662],[-78.13522807262737,-0.137083729692492],[-78.135168851762046,-0.136962998156776]]}},
{"type":"Feature","properties":{"cota":3856,"indice":0},"geometry":{"type":"LineString","coordinates":[[-78.134706380066746,-0.148339237824253],[-78.134670697019146,-0.148271994948353],[-78.134612232247022,-0.148113818528383],[-78.134565923169333,-0.148053454375656],[-78.134511265153662,-0.14799920451442],[-78.134256188516929,-0.147692801480197],[-78.134067155881411,-0.147442175444291],[-78.133997310980192,-0.147335963888761],[-78.133928226404734,-0.147241214786827],[-78.133980581401218,-0.147063157629962],[-78.133932743963058,-0.146911093512265],[-78.133843145064233,-0.146639059698302],[-78.133777854864903,-0.146536668537558],[-78.13373305718271,-0.146416699192404],[-78.133702686760685,-0.146343342483311],[-78.133665484410628,-0.146266165712892],[-78.133629801281145,-0.146198922961835],[-78.133559957927545,-0.146107230717468],[-78.133443044922416,-0.14594218370274],[-78.133411914995037,-0.145865006270712],[-78.133350420030368,-0.145762614759185],[-78.133263875562321,-0.145654112773199],[-78.133203887585239,-0.145453143448458],[-78.133196283501533,-0.145333169950372],[-78.13311807660503,-0.145118447719652],[-78.133104390707771,-0.144915944799032],[-78.133029226026295,-0.14475471401254],[-78.132951032394089,-0.144657673689049],[-78.132886500093022,-0.144546112619663],[-78.132813618967532,-0.144441430033524],[-78.132752121221088,-0.14431534945446],[-78.132652666656,-0.144153357392249],[-78.132596484446097,-0.144046380420623],[-78.132554712926321,-0.143840060016836],[-78.132544836931885,-0.143767465246188],[-78.132485607991299,-0.14356878856038],[-78.132454479336758,-0.143503837935915],[-78.132323144152693,-0.143339557185503],[-78.132317065502463,-0.143285302009192],[-78.132253289623222,-0.143151580138107],[-78.132233543956474,-0.143062174860228],[-78.132219870715659,-0.142972768878406],[-78.132159884364029,-0.142789375723153],[-78.13209838771192,-0.142673993644876],[-78.132092299082842,-0.142533387589968],[-78.132090012582069,-0.142452386133662],[-78.132074805306473,-0.142225430255239],[-78.132045192754987,-0.14214366783506],[-78.132070987508982,-0.14203056806898],[-78.132042859133421,-0.141656129453648],[-78.132048915509287,-0.14151781448287],[-78.132042062443446,-0.141332122667136],[-78.132043559207318,-0.141148722369582],[-78.131997226546403,-0.140888146843414],[-78.131973673392395,-0.140695579513369],[-78.131922791856596,-0.140482382920855],[-78.131901510334487,-0.140243201150204],[-78.131874170417902,-0.140123994337743],[-78.131867321798566,-0.139978039244978],[-78.131847572841991,-0.139862652373078],[-78.131831614736242,-0.139709820868627],[-78.131828558361875,-0.139538647818986],[-78.131812601205425,-0.139394222158657],[-78.131801194472089,-0.139216936776277],[-78.131827727373064,-0.138929606797267],[-78.13182392043133,-0.138831029707766],[-78.131856529746827,-0.138578086499907],[-78.131867885686006,-0.138326674172798],[-78.13193921163483,-0.13811575545677],[-78.132008254370291,-0.137854401958115],[-78.132008243242694,-0.137761173567172],[-78.132029478945796,-0.137612158400332],[-78.132075716978321,-0.137075707427461],[-78.132093920783561,-0.136963372633937]]}},
{"type":"Feature","properties":{"cota":3848,"indice":0},"geometry":{"type":"LineString","coordinates":[[-78.138922098040723,-0.147560839116781],[-78.138875028924403,-0.147493597306817],[-78.138585806436836,-0.147303351197635],[-78.138532665024087,-0.147237638446472],[-78.13842259832407,-0.147208612364816],[-78.138253311282369,-0.147055797223388],[-78.138114388706398,-0.14692208296877],[-78.138117413323954,-0.146818155336434],[-78.138214570373904,-0.146796747529937],[-78.138370200451988,-0.147003820344852],[-78.138410422689859,-0.146933512020077],[-78.138523532369362,-0.147022907280616],[-78.138626014553466,-0.147106190387379],[-78.13870193071574,-0.147198646570764],[-78.138884107500402,-0.147223079478925],[-78.138915237422125,-0.147299493139793],[-78.138909937118072,-0.147417176192577],[-78.139004066264661,-0.147469893429384],[-78.139195345507247,-0.147437776632493]]}}
]
}
