{
"type": "FeatureCollection",
"name": "ejes",
"crs": { "type": "name", "properties": { "name": "urn:ogc:def:crs:OGC:1.3:CRS84" } },
"features": [
{"type":"Feature","properties":{"capa_cad":"C3D-Eje Horizontal","color":"#000000"},"geometry":{"type":"LineString","coordinates":[[-78.137383838867024,-0.143946484743073],[-78.137356508692037,-0.143910571883271]]}},
{"type":"Feature","properties":{"capa_cad":"C3D-Eje Horizontal","color":"#000000"},"geometry":{"type":"LineString","coordinates":[[-78.137342843560745,-0.143892233368653],[-78.137342843560745,-0.143892233368653]]}},
{"type":"Feature","properties":{"capa_cad":"C3D-Eje Horizontal","color":"#000000"},"geometry":{"type":"LineString","coordinates":[[-78.137329178429326,-0.14387389485445],[-78.137302607311057,-0.14383798191007]]}},
{"type":"Feature","properties":{"capa_cad":"C3D-Eje Horizontal","color":"#000000"},"geometry":{"type":"LineString","coordinates":[[-78.137288942266736,-0.143820407567842],[-78.137288942266736,-0.143820407567842]]}},
{"type":"Feature","properties":{"capa_cad":"C3D-Eje Horizontal","color":"#000000"},"geometry":{"type":"LineString","coordinates":[[-78.137275277134904,-0.143802069055336],[-78.137247946958396,-0.143766156202292]]}},
{"type":"Feature","properties":{"capa_cad":"C3D-Eje Horizontal","color":"#000000"},"geometry":{"type":"LineString","coordinates":[[-78.137234281826267,-0.14374781769109],[-78.137234281826267,-0.14374781769109]]}},
{"type":"Feature","properties":{"capa_cad":"C3D-Eje Horizontal","color":"#000000"},"geometry":{"type":"LineString","coordinates":[[-78.137220616781491,-0.14373024335094],[-78.137194045661616,-0.143694330413208]]}},
{"type":"Feature","properties":{"capa_cad":"C3D-Eje Horizontal","color":"#000000"},"geometry":{"type":"LineString","coordinates":[[-78.137180380529088,-0.143675991903703],[-78.137180380529088,-0.143675991903703]]}},
{"type":"Feature","properties":{"capa_cad":"C3D-Eje Horizontal","color":"#000000"},"geometry":{"type":"LineString","coordinates":[[-78.137166715483943,-0.143658417565214],[-78.137139385218376,-0.143621740548329]]}},
{"type":"Feature","properties":{"capa_cad":"C3D-Eje Horizontal","color":"#000000"},"geometry":{"type":"LineString","coordinates":[[-78.137125720172975,-0.143604166211115],[-78.137125720172975,-0.143604166211115]]}},
{"type":"Feature","properties":{"capa_cad":"C3D-Eje Horizontal","color":"#000000"},"geometry":{"type":"LineString","coordinates":[[-78.137112055039935,-0.143585827703735],[-78.137085483918426,-0.143549914772669]]}},
{"type":"Feature","properties":{"capa_cad":"C3D-Eje Horizontal","color":"#000000"},"geometry":{"type":"LineString","coordinates":[[-78.137071818872656,-0.143532340437117],[-78.137071818872656,-0.143532340437117]]}},
{"type":"Feature","properties":{"capa_cad":"C3D-Eje Horizontal","color":"#000000"},"geometry":{"type":"LineString","coordinates":[[-78.137058153739218,-0.143514001931434],[-78.137030823559627,-0.14347808909189]]}},
{"type":"Feature","properties":{"capa_cad":"C3D-Eje Horizontal","color":"#000000"},"geometry":{"type":"LineString","coordinates":[[-78.137017158425863,-0.14345975058751],[-78.137017158425863,-0.14345975058751]]}},
{"type":"Feature","properties":{"capa_cad":"C3D-Eje Horizontal","color":"#000000"},"geometry":{"type":"LineString","coordinates":[[-78.137003493379652,-0.143442176254037],[-78.136976922256551,-0.14340626332962]]}},
{"type":"Feature","properties":{"capa_cad":"C3D-Eje Horizontal","color":"#000000"},"geometry":{"type":"LineString","coordinates":[[-78.136963257122389,-0.143387924826938],[-78.136963257122389,-0.143387924826938]]}},
{"type":"Feature","properties":{"capa_cad":"C3D-Eje Horizontal","color":"#000000"},"geometry":{"type":"LineString","coordinates":[[-78.136949591988113,-0.143369586324671],[-78.136938204463846,-0.143355068410234],[-78.136913154611563,-0.1433466654488]]}},
{"type":"Feature","properties":{"capa_cad":"C3D-Eje Horizontal","color":"#000000"},"geometry":{"type":"LineString","coordinates":[[-78.136891900133364,-0.14333902621667],[-78.136891900133364,-0.14333902621667]]}},
{"type":"Feature","properties":{"capa_cad":"C3D-Eje Horizontal","color":"#000000"},"geometry":{"type":"LineString","coordinates":[[-78.136870645655534,-0.143331386984806],[-78.136828136788679,-0.143316872692231]]}},
{"type":"Feature","properties":{"capa_cad":"C3D-Eje Horizontal","color":"#000000"},"geometry":{"type":"LineString","coordinates":[[-78.136807641369046,-0.143309233372835],[-78.136807641369046,-0.143309233372835]]}},
{"type":"Feature","properties":{"capa_cad":"C3D-Eje Horizontal","color":"#000000"},"geometry":{"type":"LineString","coordinates":[[-78.136786386980376,-0.143302358312359],[-78.136743878028668,-0.143287079851468]]}},
{"type":"Feature","properties":{"capa_cad":"C3D-Eje Horizontal","color":"#000000"},"geometry":{"type":"LineString","coordinates":[[-78.136722623553354,-0.143279440621429],[-78.136722623553354,-0.143279440621429]]}},
{"type":"Feature","properties":{"capa_cad":"C3D-Eje Horizontal","color":"#000000"},"geometry":{"type":"LineString","coordinates":[[-78.136701369166133,-0.143272565561944],[-78.136658860217324,-0.143257287103148]]}},
{"type":"Feature","properties":{"capa_cad":"C3D-Eje Horizontal","color":"#000000"},"geometry":{"type":"LineString","coordinates":[[-78.136637605831211,-0.143250412044402],[-78.136637605831211,-0.143250412044402]]}},
{"type":"Feature","properties":{"capa_cad":"C3D-Eje Horizontal","color":"#000000"},"geometry":{"type":"LineString","coordinates":[[-78.136616351357716,-0.143242772815662],[-78.136573842499558,-0.143228258529163]]}},
{"type":"Feature","properties":{"capa_cad":"C3D-Eje Horizontal","color":"#000000"},"geometry":{"type":"LineString","coordinates":[[-78.136552588027143,-0.143220619301205],[-78.136552588027143,-0.143220619301205]]}},
{"type":"Feature","properties":{"capa_cad":"C3D-Eje Horizontal","color":"#000000"},"geometry":{"type":"LineString","coordinates":[[-78.136531333555084,-0.143212980073513],[-78.13648730746381,-0.143206107667267]]}},
{"type":"Feature","properties":{"capa_cad":"C3D-Eje Horizontal","color":"#000000"},"geometry":{"type":"LineString","coordinates":[[-78.136465294462695,-0.143203053549376],[-78.136465294462695,-0.143203053549376]]}},
{"type":"Feature","properties":{"capa_cad":"C3D-Eje Horizontal","color":"#000000"},"geometry":{"type":"LineString","coordinates":[[-78.136442522317367,-0.143199235349842],[-78.136398496229504,-0.143192362944509]]}},
{"type":"Feature","properties":{"capa_cad":"C3D-Eje Horizontal","color":"#000000"},"geometry":{"type":"LineString","coordinates":[[-78.136376483230109,-0.143189308827036],[-78.136376483230109,-0.143189308827036]]}},
{"type":"Feature","properties":{"capa_cad":"C3D-Eje Horizontal","color":"#000000"},"geometry":{"type":"LineString","coordinates":[[-78.136353711174294,-0.143186254798041],[-78.136321830174055,-0.143180909319562],[-78.136309685616567,-0.143183967413724]]}},
{"type":"Feature","properties":{"capa_cad":"C3D-Eje Horizontal","color":"#000000"},"geometry":{"type":"LineString","coordinates":[[-78.136287673584505,-0.143189319166713],[-78.136287673584505,-0.143189319166713]]}},
{"type":"Feature","properties":{"capa_cad":"C3D-Eje Horizontal","color":"#000000"},"geometry":{"type":"LineString","coordinates":[[-78.136266420609573,-0.1431946708311],[-78.136222396547339,-0.143205374335943]]}},
{"type":"Feature","properties":{"capa_cad":"C3D-Eje Horizontal","color":"#000000"},"geometry":{"type":"LineString","coordinates":[[-78.136200384516826,-0.143210726088022],[-78.136200384516826,-0.143210726088022]]}},
{"type":"Feature","properties":{"capa_cad":"C3D-Eje Horizontal","color":"#000000"},"geometry":{"type":"LineString","coordinates":[[-78.136179131543386,-0.143216077751517],[-78.136135107484264,-0.143226781254541]]}},
{"type":"Feature","properties":{"capa_cad":"C3D-Eje Horizontal","color":"#000000"},"geometry":{"type":"LineString","coordinates":[[-78.136113095455286,-0.14323213300571],[-78.136113095455286,-0.14323213300571]]}},
{"type":"Feature","properties":{"capa_cad":"C3D-Eje Horizontal","color":"#000000"},"geometry":{"type":"LineString","coordinates":[[-78.136092601803213,-0.14323977708963],[-78.136059206732909,-0.1432695836007]]}},
{"type":"Feature","properties":{"capa_cad":"C3D-Eje Horizontal","color":"#000000"},"geometry":{"type":"LineString","coordinates":[[-78.136042509241662,-0.143284868940491],[-78.136042509241662,-0.143284868940491]]}},
{"type":"Feature","properties":{"capa_cad":"C3D-Eje Horizontal","color":"#000000"},"geometry":{"type":"LineString","coordinates":[[-78.136025811750429,-0.143300154279821],[-78.135992416680367,-0.143329960787269]]}},
{"type":"Feature","properties":{"capa_cad":"C3D-Eje Horizontal","color":"#000000"},"geometry":{"type":"LineString","coordinates":[[-78.135976478333433,-0.143346010206783],[-78.135976478333433,-0.143346010206783]]}},
{"type":"Feature","properties":{"capa_cad":"C3D-Eje Horizontal","color":"#000000"},"geometry":{"type":"LineString","coordinates":[[-78.135960539986485,-0.143362059625818],[-78.135928663292532,-0.143394158462506]]}},
{"type":"Feature","properties":{"capa_cad":"C3D-Eje Horizontal","color":"#000000"},"geometry":{"type":"LineString","coordinates":[[-78.135912724945527,-0.143410207880175],[-78.135912724945527,-0.143410207880175]]}},
{"type":"Feature","properties":{"capa_cad":"C3D-Eje Horizontal","color":"#000000"},"geometry":{"type":"LineString","coordinates":[[-78.13589678651087,-0.143425493127619],[-78.13586490981676,-0.143457591960639]]}},
{"type":"Feature","properties":{"capa_cad":"C3D-Eje Horizontal","color":"#000000"},"geometry":{"type":"LineString","coordinates":[[-78.13584897146967,-0.143473641376458],[-78.13584897146967,-0.143473641376458]]}},
{"type":"Feature","properties":{"capa_cad":"C3D-Eje Horizontal","color":"#000000"},"geometry":{"type":"LineString","coordinates":[[-78.135833033122566,-0.143489690791832],[-78.135801156340719,-0.14352102545148]]}},
{"type":"Feature","properties":{"capa_cad":"C3D-Eje Horizontal","color":"#000000"},"geometry":{"type":"LineString","coordinates":[[-78.135785217993558,-0.143537074865464],[-78.135785217993558,-0.143537074865464]]}},
{"type":"Feature","properties":{"capa_cad":"C3D-Eje Horizontal","color":"#000000"},"geometry":{"type":"LineString","coordinates":[[-78.135769279646368,-0.143553124278987],[-78.13576244892613,-0.143560002598933],[-78.135751066929956,-0.143593627385235]]}},
{"type":"Feature","properties":{"capa_cad":"C3D-Eje Horizontal","color":"#000000"},"geometry":{"type":"LineString","coordinates":[[-78.135743478815371,-0.143615025016184],[-78.135743478815371,-0.143615025016184]]}},
{"type":"Feature","properties":{"capa_cad":"C3D-Eje Horizontal","color":"#000000"},"geometry":{"type":"LineString","coordinates":[[-78.135735890700431,-0.143636422646844],[-78.135721473525848,-0.143679217819285]]}},
{"type":"Feature","properties":{"capa_cad":"C3D-Eje Horizontal","color":"#000000"},"geometry":{"type":"LineString","coordinates":[[-78.135713885409828,-0.143700615449094],[-78.135713885409828,-0.143700615449094]]}},
{"type":"Feature","properties":{"capa_cad":"C3D-Eje Horizontal","color":"#000000"},"geometry":{"type":"LineString","coordinates":[[-78.135706297293439,-0.143722013078632],[-78.135691880028574,-0.143764044079243]]}},
{"type":"Feature","properties":{"capa_cad":"C3D-Eje Horizontal","color":"#000000"},"geometry":{"type":"LineString","coordinates":[[-78.135684291911105,-0.143785441707919],[-78.135684291911105,-0.143785441707919]]}},
{"type":"Feature","properties":{"capa_cad":"C3D-Eje Horizontal","color":"#000000"},"geometry":{"type":"LineString","coordinates":[[-78.13567670379328,-0.143806839336306],[-78.135662286612927,-0.143849634504317]]}},
{"type":"Feature","properties":{"capa_cad":"C3D-Eje Horizontal","color":"#000000"},"geometry":{"type":"LineString","coordinates":[[-78.135654698494008,-0.14387103213187],[-78.135654698494008,-0.14387103213187]]}},
{"type":"Feature","properties":{"capa_cad":"C3D-Eje Horizontal","color":"#000000"},"geometry":{"type":"LineString","coordinates":[[-78.13564711037472,-0.143892429759118],[-78.135642557520455,-0.143905421169251],[-78.135638006760502,-0.143936752649091]]}},
{"type":"Feature","properties":{"capa_cad":"C3D-Eje Horizontal","color":"#000000"},"geometry":{"type":"LineString","coordinates":[[-78.135634973065493,-0.143958913918136],[-78.135634973065493,-0.143958913918136]]}},
{"type":"Feature","properties":{"capa_cad":"C3D-Eje Horizontal","color":"#000000"},"geometry":{"type":"LineString","coordinates":[[-78.13563118031368,-0.143981075274888],[-78.13562435395238,-0.144026162069713]]}},
{"type":"Feature","properties":{"capa_cad":"C3D-Eje Horizontal","color":"#000000"},"geometry":{"type":"LineString","coordinates":[[-78.135621320255666,-0.144048323338267],[-78.135621320255666,-0.144048323338267]]}},
{"type":"Feature","properties":{"capa_cad":"C3D-Eje Horizontal","color":"#000000"},"geometry":{"type":"LineString","coordinates":[[-78.135618286558511,-0.144070484606685],[-78.135611460193729,-0.144115571400455]]}},
{"type":"Feature","properties":{"capa_cad":"C3D-Eje Horizontal","color":"#000000"},"geometry":{"type":"LineString","coordinates":[[-78.135607667438947,-0.14413773275622],[-78.135607667438947,-0.14413773275622]]}},
{"type":"Feature","properties":{"capa_cad":"C3D-Eje Horizontal","color":"#000000"},"geometry":{"type":"LineString","coordinates":[[-78.135604633740101,-0.14415989402413],[-78.135597807371852,-0.144204980816815]]}},
{"type":"Feature","properties":{"capa_cad":"C3D-Eje Horizontal","color":"#000000"},"geometry":{"type":"LineString","coordinates":[[-78.135594773671698,-0.144227142084351],[-78.135594773671698,-0.144227142084351]]}},
{"type":"Feature","properties":{"capa_cad":"C3D-Eje Horizontal","color":"#000000"},"geometry":{"type":"LineString","coordinates":[[-78.135590980914799,-0.144249303439414],[-78.135584154543096,-0.144294390231032]]}},
{"type":"Feature","properties":{"capa_cad":"C3D-Eje Horizontal","color":"#000000"},"geometry":{"type":"LineString","coordinates":[[-78.135581120841238,-0.14431655149806],[-78.135581120841238,-0.14431655149806]]}},
{"type":"Feature","properties":{"capa_cad":"C3D-Eje Horizontal","color":"#000000"},"geometry":{"type":"LineString","coordinates":[[-78.135577328082633,-0.144338712852555],[-78.135571260763783,-0.144383799555515]]}},
{"type":"Feature","properties":{"capa_cad":"C3D-Eje Horizontal","color":"#000000"},"geometry":{"type":"LineString","coordinates":[[-78.135567468003885,-0.144405960909591],[-78.135567468003885,-0.144405960909591]]}},
{"type":"Feature","properties":{"capa_cad":"C3D-Eje Horizontal","color":"#000000"},"geometry":{"type":"LineString","coordinates":[[-78.135564434299908,-0.144428122175992],[-78.135557607921257,-0.144473208965453]]}},
{"type":"Feature","properties":{"capa_cad":"C3D-Eje Horizontal","color":"#000000"},"geometry":{"type":"LineString","coordinates":[[-78.135553815159682,-0.144495370318961],[-78.135553815159682,-0.144495370318961]]}},
{"type":"Feature","properties":{"capa_cad":"C3D-Eje Horizontal","color":"#000000"},"geometry":{"type":"LineString","coordinates":[[-78.135550781453986,-0.144517531584854],[-78.135543955071867,-0.144562618373247]]}},
{"type":"Feature","properties":{"capa_cad":"C3D-Eje Horizontal","color":"#000000"},"geometry":{"type":"LineString","coordinates":[[-78.135540921364893,-0.144584779638766],[-78.135540921364893,-0.144584779638766]]}},
{"type":"Feature","properties":{"capa_cad":"C3D-Eje Horizontal","color":"#000000"},"geometry":{"type":"LineString","coordinates":[[-78.135537128601172,-0.144606940991572],[-78.135530302215585,-0.144652027778863]]}},
{"type":"Feature","properties":{"capa_cad":"C3D-Eje Horizontal","color":"#000000"},"geometry":{"type":"LineString","coordinates":[[-78.135527268506905,-0.144674189043875],[-78.135527268506905,-0.144674189043875]]}},
{"type":"Feature","properties":{"capa_cad":"C3D-Eje Horizontal","color":"#000000"},"geometry":{"type":"LineString","coordinates":[[-78.135524234797813,-0.144696350308767],[-78.135517408408731,-0.144741437095003]]}},
{"type":"Feature","properties":{"capa_cad":"C3D-Eje Horizontal","color":"#000000"},"geometry":{"type":"LineString","coordinates":[[-78.135512097442714,-0.144762834451934],[-78.135512097442714,-0.144762834451934]]}},
{"type":"Feature","properties":{"capa_cad":"C3D-Eje Horizontal","color":"#000000"},"geometry":{"type":"LineString","coordinates":[[-78.135504509307424,-0.144784232070487],[-78.135489333035721,-0.144827027306745]]}},
{"type":"Feature","properties":{"capa_cad":"C3D-Eje Horizontal","color":"#000000"},"geometry":{"type":"LineString","coordinates":[[-78.135480985756388,-0.144847660842208],[-78.135480985756388,-0.144847660842208]]}},
{"type":"Feature","properties":{"capa_cad":"C3D-Eje Horizontal","color":"#000000"},"geometry":{"type":"LineString","coordinates":[[-78.135473397619663,-0.144869058459598],[-78.135458221258503,-0.144911089524077]]}},
{"type":"Feature","properties":{"capa_cad":"C3D-Eje Horizontal","color":"#000000"},"geometry":{"type":"LineString","coordinates":[[-78.135449874064449,-0.144932487227792],[-78.135449874064449,-0.144932487227792]]}},
{"type":"Feature","properties":{"capa_cad":"C3D-Eje Horizontal","color":"#000000"},"geometry":{"type":"LineString","coordinates":[[-78.135442285926288,-0.144953884844019],[-78.135426350506094,-0.144995915993319]]}},
{"type":"Feature","properties":{"capa_cad":"C3D-Eje Horizontal","color":"#000000"},"geometry":{"type":"LineString","coordinates":[[-78.135418762366868,-0.145017313608688],[-78.135418762366868,-0.145017313608688]]}},
{"type":"Feature","properties":{"capa_cad":"C3D-Eje Horizontal","color":"#000000"},"geometry":{"type":"LineString","coordinates":[[-78.135411174227286,-0.145038711223752],[-78.135395238804307,-0.145080742370688]]}},
{"type":"Feature","properties":{"capa_cad":"C3D-Eje Horizontal","color":"#000000"},"geometry":{"type":"LineString","coordinates":[[-78.135387650663674,-0.145102139984877],[-78.135387650663674,-0.145102139984877]]}},
{"type":"Feature","properties":{"capa_cad":"C3D-Eje Horizontal","color":"#000000"},"geometry":{"type":"LineString","coordinates":[[-78.135380062522657,-0.145123537598794],[-78.135364127096906,-0.145165568743368]]}},
{"type":"Feature","properties":{"capa_cad":"C3D-Eje Horizontal","color":"#000000"},"geometry":{"type":"LineString","coordinates":[[-78.135356538954852,-0.145186966356393],[-78.135356538954852,-0.145186966356393]]}},
{"type":"Feature","properties":{"capa_cad":"C3D-Eje Horizontal","color":"#000000"},"geometry":{"type":"LineString","coordinates":[[-78.135348950812428,-0.145208363969148],[-78.135333015383893,-0.145250395111358]]}},
{"type":"Feature","properties":{"capa_cad":"C3D-Eje Horizontal","color":"#000000"},"geometry":{"type":"LineString","coordinates":[[-78.135325427240403,-0.14527179272322],[-78.135325427240403,-0.14527179272322]]}},
{"type":"Feature","properties":{"capa_cad":"C3D-Eje Horizontal","color":"#000000"},"geometry":{"type":"LineString","coordinates":[[-78.13531859815275,-0.145293190247871],[-78.135319362302909,-0.145338276153242]]}},
{"type":"Feature","properties":{"capa_cad":"C3D-Eje Horizontal","color":"#000000"},"geometry":{"type":"LineString","coordinates":[[-78.135319364892396,-0.145361201234069],[-78.135319364892396,-0.145361201234069]]}},
{"type":"Feature","properties":{"capa_cad":"C3D-Eje Horizontal","color":"#000000"},"geometry":{"type":"LineString","coordinates":[[-78.135320126451333,-0.145383362058673],[-78.135320890684241,-0.145429212133522]]}},
{"type":"Feature","properties":{"capa_cad":"C3D-Eje Horizontal","color":"#000000"},"geometry":{"type":"LineString","coordinates":[[-78.135320893185678,-0.145451373045017],[-78.135320893185678,-0.145451373045017]]}},
{"type":"Feature","properties":{"capa_cad":"C3D-Eje Horizontal","color":"#000000"},"geometry":{"type":"LineString","coordinates":[[-78.135320895772921,-0.145474298125889],[-78.135321659916016,-0.145519384031467]]}},
{"type":"Feature","properties":{"capa_cad":"C3D-Eje Horizontal","color":"#000000"},"geometry":{"type":"LineString","coordinates":[[-78.135322421471912,-0.145541544856202],[-78.135322421471912,-0.145541544856202]]}},
{"type":"Feature","properties":{"capa_cad":"C3D-Eje Horizontal","color":"#000000"},"geometry":{"type":"LineString","coordinates":[[-78.13532242405735,-0.145564469937103],[-78.135323188196935,-0.145609555842799]]}},
{"type":"Feature","properties":{"capa_cad":"C3D-Eje Horizontal","color":"#000000"},"geometry":{"type":"LineString","coordinates":[[-78.135323190781023,-0.145632480923698],[-78.135323190781023,-0.145632480923698]]}},
{"type":"Feature","properties":{"capa_cad":"C3D-Eje Horizontal","color":"#000000"},"geometry":{"type":"LineString","coordinates":[[-78.135323952334772,-0.145654641748553],[-78.135324716470834,-0.145699727654367]]}},
{"type":"Feature","properties":{"capa_cad":"C3D-Eje Horizontal","color":"#000000"},"geometry":{"type":"LineString","coordinates":[[-78.135324719053116,-0.145722652735295],[-78.135324719053116,-0.145722652735295]]}},
{"type":"Feature","properties":{"capa_cad":"C3D-Eje Horizontal","color":"#000000"},"geometry":{"type":"LineString","coordinates":[[-78.135324721634973,-0.14574557781624],[-78.135325483100488,-0.14576697447182],[-78.135314099580214,-0.145787608343758]]}},
{"type":"Feature","properties":{"capa_cad":"C3D-Eje Horizontal","color":"#000000"},"geometry":{"type":"LineString","coordinates":[[-78.135303475029843,-0.145807477959334],[-78.135303475029843,-0.145807477959334]]}},
{"type":"Feature","properties":{"capa_cad":"C3D-Eje Horizontal","color":"#000000"},"geometry":{"type":"LineString","coordinates":[[-78.13529360953541,-0.145827347487951],[-78.135272360519309,-0.145867850886574]]}},
{"type":"Feature","properties":{"capa_cad":"C3D-Eje Horizontal","color":"#000000"},"geometry":{"type":"LineString","coordinates":[[-78.135261735967887,-0.14588772050065],[-78.135261735967887,-0.14588772050065]]}},
{"type":"Feature","properties":{"capa_cad":"C3D-Eje Horizontal","color":"#000000"},"geometry":{"type":"LineString","coordinates":[[-78.135251111416196,-0.145907590114349],[-78.135238210211313,-0.145932045003036],[-78.135221511577356,-0.145937396091232]]}},
{"type":"Feature","properties":{"capa_cad":"C3D-Eje Horizontal","color":"#000000"},"geometry":{"type":"LineString","coordinates":[[-78.135200258864529,-0.145945040206075],[-78.135200258864529,-0.145945040206075]]}},
{"type":"Feature","properties":{"capa_cad":"C3D-Eje Horizontal","color":"#000000"},"geometry":{"type":"LineString","coordinates":[[-78.135179006152057,-0.145952684320629],[-78.135136500642176,-0.145967208379566]]}},
{"type":"Feature","properties":{"capa_cad":"C3D-Eje Horizontal","color":"#000000"},"geometry":{"type":"LineString","coordinates":[[-78.135116006986763,-0.145974852406738],[-78.135116006986763,-0.145974852406738]]}},
{"type":"Feature","properties":{"capa_cad":"C3D-Eje Horizontal","color":"#000000"},"geometry":{"type":"LineString","coordinates":[[-78.135094754275599,-0.145982496520087],[-78.135052248768389,-0.145997020576673]]}},
{"type":"Feature","properties":{"capa_cad":"C3D-Eje Horizontal","color":"#000000"},"geometry":{"type":"LineString","coordinates":[[-78.135030996058219,-0.146004664689119],[-78.135030996058219,-0.146004664689119]]}},
{"type":"Feature","properties":{"capa_cad":"C3D-Eje Horizontal","color":"#000000"},"geometry":{"type":"LineString","coordinates":[[-78.135012779830035,-0.146014600962934],[-78.135005953391072,-0.14605968772078]]}},
{"type":"Feature","properties":{"capa_cad":"C3D-Eje Horizontal","color":"#000000"},"geometry":{"type":"LineString","coordinates":[[-78.135002919656017,-0.146081848971724],[-78.135002919656017,-0.146081848971724]]}},
{"type":"Feature","properties":{"capa_cad":"C3D-Eje Horizontal","color":"#000000"},"geometry":{"type":"LineString","coordinates":[[-78.13499988592055,-0.146104010222549],[-78.134993059478106,-0.146149096979356]]}},
{"type":"Feature","properties":{"capa_cad":"C3D-Eje Horizontal","color":"#000000"},"geometry":{"type":"LineString","coordinates":[[-78.134990025741345,-0.146171258229807],[-78.134990025741345,-0.146171258229807]]}},
{"type":"Feature","properties":{"capa_cad":"C3D-Eje Horizontal","color":"#000000"},"geometry":{"type":"LineString","coordinates":[[-78.134986232948165,-0.146193419566467],[-78.134980165558247,-0.146238506235874]]}},
{"type":"Feature","properties":{"capa_cad":"C3D-Eje Horizontal","color":"#000000"},"geometry":{"type":"LineString","coordinates":[[-78.134979408902083,-0.146259903057871],[-78.134979408902083,-0.146259903057871]]}},
{"type":"Feature","properties":{"capa_cad":"C3D-Eje Horizontal","color":"#000000"},"geometry":{"type":"LineString","coordinates":[[-78.134995350877816,-0.14627594879802],[-78.135025716802971,-0.146308804621296]]}},
{"type":"Feature","properties":{"capa_cad":"C3D-Eje Horizontal","color":"#000000"},"geometry":{"type":"LineString","coordinates":[[-78.135041658778732,-0.14632485036275],[-78.135041658778732,-0.14632485036275]]}},
{"type":"Feature","properties":{"capa_cad":"C3D-Eje Horizontal","color":"#000000"},"geometry":{"type":"LineString","coordinates":[[-78.135056082813719,-0.14634242461545],[-78.135081135860005,-0.146379866060812]]}},
{"type":"Feature","properties":{"capa_cad":"C3D-Eje Horizontal","color":"#000000"},"geometry":{"type":"LineString","coordinates":[[-78.135093282897699,-0.146398968911792],[-78.135093282897699,-0.146398968911792]]}},
{"type":"Feature","properties":{"capa_cad":"C3D-Eje Horizontal","color":"#000000"},"geometry":{"type":"LineString","coordinates":[[-78.135105429935223,-0.146418071763173],[-78.135129723924209,-0.146455513297909]]}},
{"type":"Feature","properties":{"capa_cad":"C3D-Eje Horizontal","color":"#000000"},"geometry":{"type":"LineString","coordinates":[[-78.13514263001737,-0.146474616064357],[-78.13514263001737,-0.146474616064357]]}},
{"type":"Feature","properties":{"capa_cad":"C3D-Eje Horizontal","color":"#000000"},"geometry":{"type":"LineString","coordinates":[[-78.135154777054254,-0.146493718917347],[-78.135179071042003,-0.146531160455267]]}},
{"type":"Feature","properties":{"capa_cad":"C3D-Eje Horizontal","color":"#000000"},"geometry":{"type":"LineString","coordinates":[[-78.135191977134539,-0.146550263223373],[-78.135191977134539,-0.146550263223373]]}},
{"type":"Feature","properties":{"capa_cad":"C3D-Eje Horizontal","color":"#000000"},"geometry":{"type":"LineString","coordinates":[[-78.135204124170784,-0.146569366077972],[-78.135228418157283,-0.146606807619076]]}},
{"type":"Feature","properties":{"capa_cad":"C3D-Eje Horizontal","color":"#000000"},"geometry":{"type":"LineString","coordinates":[[-78.135241324249222,-0.146625910388822],[-78.135241324249222,-0.146625910388822]]}},
{"type":"Feature","properties":{"capa_cad":"C3D-Eje Horizontal","color":"#000000"},"geometry":{"type":"LineString","coordinates":[[-78.135253471199363,-0.146644249075716],[-78.135277765270075,-0.146682454789335]]}},
{"type":"Feature","properties":{"capa_cad":"C3D-Eje Horizontal","color":"#000000"},"geometry":{"type":"LineString","coordinates":[[-78.135289912305183,-0.146701557646738],[-78.135289912305183,-0.146701557646738]]}},
{"type":"Feature","properties":{"capa_cad":"C3D-Eje Horizontal","color":"#000000"},"geometry":{"type":"LineString","coordinates":[[-78.135302059340134,-0.146720660504542],[-78.13532483538242,-0.146759630562639]]}},
{"type":"Feature","properties":{"capa_cad":"C3D-Eje Horizontal","color":"#000000"},"geometry":{"type":"LineString","coordinates":[[-78.135335464389684,-0.146779497762897],[-78.135335464389684,-0.146779497762897]]}},
{"type":"Feature","properties":{"capa_cad":"C3D-Eje Horizontal","color":"#000000"},"geometry":{"type":"LineString","coordinates":[[-78.135346852367647,-0.146798600708208],[-78.135369628408327,-0.146837570769352]]}},
{"type":"Feature","properties":{"capa_cad":"C3D-Eje Horizontal","color":"#000000"},"geometry":{"type":"LineString","coordinates":[[-78.135381016471044,-0.1468574378852],[-78.135381016471044,-0.1468574378852]]}},
{"type":"Feature","properties":{"capa_cad":"C3D-Eje Horizontal","color":"#000000"},"geometry":{"type":"LineString","coordinates":[[-78.135392404448254,-0.146876540832032],[-78.135415180487385,-0.146915510896249]]}},
{"type":"Feature","properties":{"capa_cad":"C3D-Eje Horizontal","color":"#000000"},"geometry":{"type":"LineString","coordinates":[[-78.135426568549278,-0.146935378013648],[-78.135426568549278,-0.146935378013648]]}},
{"type":"Feature","properties":{"capa_cad":"C3D-Eje Horizontal","color":"#000000"},"geometry":{"type":"LineString","coordinates":[[-78.13543795652572,-0.146954480962001],[-78.135460732563288,-0.14699345102929]]}},
{"type":"Feature","properties":{"capa_cad":"C3D-Eje Horizontal","color":"#000000"},"geometry":{"type":"LineString","coordinates":[[-78.135472120624385,-0.14701331814824],[-78.135472120624385,-0.14701331814824]]}},
{"type":"Feature","properties":{"capa_cad":"C3D-Eje Horizontal","color":"#000000"},"geometry":{"type":"LineString","coordinates":[[-78.135483508600075,-0.147032421098098],[-78.135506284636079,-0.147071391168458]]}},
{"type":"Feature","properties":{"capa_cad":"C3D-Eje Horizontal","color":"#000000"},"geometry":{"type":"LineString","coordinates":[[-78.135517672696352,-0.14709125828896],[-78.135517672696352,-0.14709125828896]]}},
{"type":"Feature","properties":{"capa_cad":"C3D-Eje Horizontal","color":"#000000"},"geometry":{"type":"LineString","coordinates":[[-78.135529060756454,-0.147111125409871],[-78.135551077734434,-0.147150095569011]]}},
{"type":"Feature","properties":{"capa_cad":"C3D-Eje Horizontal","color":"#000000"},"geometry":{"type":"LineString","coordinates":[[-78.135562465708787,-0.147169198521538],[-78.135562465708787,-0.147169198521538]]}},
{"type":"Feature","properties":{"capa_cad":"C3D-Eje Horizontal","color":"#000000"},"geometry":{"type":"LineString","coordinates":[[-78.135573853768051,-0.14718906564397],[-78.135596629800887,-0.147228035720465]]}},
{"type":"Feature","properties":{"capa_cad":"C3D-Eje Horizontal","color":"#000000"},"geometry":{"type":"LineString","coordinates":[[-78.135608776745855,-0.147246374419315],[-78.135608776745855,-0.147246374419315]]}},
{"type":"Feature","properties":{"capa_cad":"C3D-Eje Horizontal","color":"#000000"},"geometry":{"type":"LineString","coordinates":[[-78.135623200860081,-0.147264712861662],[-78.13565053089026,-0.147300625749349]]}},
{"type":"Feature","properties":{"capa_cad":"C3D-Eje Horizontal","color":"#000000"},"geometry":{"type":"LineString","coordinates":[[-78.135664195862702,-0.147318200109023],[-78.135664195862702,-0.147318200109023]]}},
{"type":"Feature","properties":{"capa_cad":"C3D-Eje Horizontal","color":"#000000"},"geometry":{"type":"LineString","coordinates":[[-78.13567786083506,-0.147335774469128],[-78.135705190864513,-0.147371687360178]]}},
{"type":"Feature","properties":{"capa_cad":"C3D-Eje Horizontal","color":"#000000"},"geometry":{"type":"LineString","coordinates":[[-78.135718855921596,-0.147390025891158],[-78.135718855921596,-0.147390025891158]]}},
{"type":"Feature","properties":{"capa_cad":"C3D-Eje Horizontal","color":"#000000"},"geometry":{"type":"LineString","coordinates":[[-78.135732520893598,-0.147407600252919],[-78.135759850922298,-0.147443513147351]]}},
{"type":"Feature","properties":{"capa_cad":"C3D-Eje Horizontal","color":"#000000"},"geometry":{"type":"LineString","coordinates":[[-78.135777309478172,-0.147445803689496],[-78.135777309478172,-0.147445803689496]]}},
{"type":"Feature","properties":{"capa_cad":"C3D-Eje Horizontal","color":"#000000"},"geometry":{"type":"LineString","coordinates":[[-78.13579780298646,-0.147436631344423],[-78.135838789918921,-0.147417522483506]]}},
{"type":"Feature","properties":{"capa_cad":"C3D-Eje Horizontal","color":"#000000"},"geometry":{"type":"LineString","coordinates":[[-78.135859283428047,-0.147408350137371],[-78.135859283428047,-0.147408350137371]]}},
{"type":"Feature","properties":{"capa_cad":"C3D-Eje Horizontal","color":"#000000"},"geometry":{"type":"LineString","coordinates":[[-78.135879776937458,-0.147399177790886],[-78.135920763957103,-0.147380833096851]]}},
{"type":"Feature","properties":{"capa_cad":"C3D-Eje Horizontal","color":"#000000"},"geometry":{"type":"LineString","coordinates":[[-78.135941257382342,-0.147370896579542],[-78.135941257382342,-0.147370896579542]]}},
{"type":"Feature","properties":{"capa_cad":"C3D-Eje Horizontal","color":"#000000"},"geometry":{"type":"LineString","coordinates":[[-78.135961750892861,-0.147361724231645],[-78.136002737914723,-0.147343379534786]]}},
{"type":"Feature","properties":{"capa_cad":"C3D-Eje Horizontal","color":"#000000"},"geometry":{"type":"LineString","coordinates":[[-78.136023231341056,-0.14733344301601],[-78.136023231341056,-0.14733344301601]]}},
{"type":"Feature","properties":{"capa_cad":"C3D-Eje Horizontal","color":"#000000"},"geometry":{"type":"LineString","coordinates":[[-78.136043724852669,-0.147324270666701],[-78.136083952819988,-0.147305926052641]]}},
{"type":"Feature","properties":{"capa_cad":"C3D-Eje Horizontal","color":"#000000"},"geometry":{"type":"LineString","coordinates":[[-78.136104446332453,-0.14729675370229],[-78.136104446332453,-0.14729675370229]]}},
{"type":"Feature","properties":{"capa_cad":"C3D-Eje Horizontal","color":"#000000"},"geometry":{"type":"LineString","coordinates":[[-78.136124939760123,-0.147286817181674],[-78.136165926786404,-0.147268472479197]]}},
{"type":"Feature","properties":{"capa_cad":"C3D-Eje Horizontal","color":"#000000"},"geometry":{"type":"LineString","coordinates":[[-78.136186420299964,-0.147259300127435],[-78.136186420299964,-0.147259300127435]]}},
{"type":"Feature","properties":{"capa_cad":"C3D-Eje Horizontal","color":"#000000"},"geometry":{"type":"LineString","coordinates":[[-78.136206913813808,-0.147250127775306],[-78.136247900757226,-0.147231018900051]]}},
{"type":"Feature","properties":{"capa_cad":"C3D-Eje Horizontal","color":"#000000"},"geometry":{"type":"LineString","coordinates":[[-78.136268394271909,-0.147221846546877],[-78.136268394271909,-0.147221846546877]]}},
{"type":"Feature","properties":{"capa_cad":"C3D-Eje Horizontal","color":"#000000"},"geometry":{"type":"LineString","coordinates":[[-78.136288887786861,-0.147212674193336],[-78.136329874732468,-0.147193565315203]]}},
{"type":"Feature","properties":{"capa_cad":"C3D-Eje Horizontal","color":"#000000"},"geometry":{"type":"LineString","coordinates":[[-78.136350368248259,-0.147184392960616],[-78.136350368248259,-0.147184392960616]]}},
{"type":"Feature","properties":{"capa_cad":"C3D-Eje Horizontal","color":"#000000"},"geometry":{"type":"LineString","coordinates":[[-78.13637086176432,-0.147175220605663],[-78.13641184879728,-0.147156875894743]]}},
{"type":"Feature","properties":{"capa_cad":"C3D-Eje Horizontal","color":"#000000"},"geometry":{"type":"LineString","coordinates":[[-78.136431583172026,-0.147146939454378],[-78.136431583172026,-0.147146939454378]]}},
{"type":"Feature","properties":{"capa_cad":"C3D-Eje Horizontal","color":"#000000"},"geometry":{"type":"LineString","coordinates":[[-78.136452076689181,-0.147137767098037],[-78.13649306372433,-0.147119422384307]]}},
{"type":"Feature","properties":{"capa_cad":"C3D-Eje Horizontal","color":"#000000"},"geometry":{"type":"LineString","coordinates":[[-78.136513557157144,-0.147109485856741],[-78.136513557157144,-0.147109485856741]]}},
{"type":"Feature","properties":{"capa_cad":"C3D-Eje Horizontal","color":"#000000"},"geometry":{"type":"LineString","coordinates":[[-78.136534050675422,-0.147100313498988],[-78.136575037712802,-0.147081968782435]]}},
{"type":"Feature","properties":{"capa_cad":"C3D-Eje Horizontal","color":"#000000"},"geometry":{"type":"LineString","coordinates":[[-78.136595531231919,-0.147072796423634],[-78.136595531231919,-0.147072796423634]]}},
{"type":"Feature","properties":{"capa_cad":"C3D-Eje Horizontal","color":"#000000"},"geometry":{"type":"LineString","coordinates":[[-78.136616024666068,-0.147062859894238],[-78.13665701170568,-0.147044515174861]]}},
{"type":"Feature","properties":{"capa_cad":"C3D-Eje Horizontal","color":"#000000"},"geometry":{"type":"LineString","coordinates":[[-78.136677505225904,-0.147035342814648],[-78.136677505225904,-0.147035342814648]]}},
{"type":"Feature","properties":{"capa_cad":"C3D-Eje Horizontal","color":"#000000"},"geometry":{"type":"LineString","coordinates":[[-78.136697998746399,-0.14702617045407],[-78.136738985702962,-0.147007061561586]]}},
{"type":"Feature","properties":{"capa_cad":"C3D-Eje Horizontal","color":"#000000"},"geometry":{"type":"LineString","coordinates":[[-78.136759479224295,-0.146997889199962],[-78.136759479224295,-0.146997889199962]]}},
{"type":"Feature","properties":{"capa_cad":"C3D-Eje Horizontal","color":"#000000"},"geometry":{"type":"LineString","coordinates":[[-78.136779972745899,-0.146988716837972],[-78.136820200647406,-0.146969608028466]]}},
{"type":"Feature","properties":{"capa_cad":"C3D-Eje Horizontal","color":"#000000"},"geometry":{"type":"LineString","coordinates":[[-78.136840694169848,-0.146960435665437],[-78.136840694169848,-0.146960435665437]]}},
{"type":"Feature","properties":{"capa_cad":"C3D-Eje Horizontal","color":"#000000"},"geometry":{"type":"LineString","coordinates":[[-78.136861187692546,-0.146951263302059],[-78.136902174738808,-0.146932918574254]]}},
{"type":"Feature","properties":{"capa_cad":"C3D-Eje Horizontal","color":"#000000"},"geometry":{"type":"LineString","coordinates":[[-78.136922668177021,-0.146922982039376],[-78.136922668177021,-0.146922982039376]]}},
{"type":"Feature","properties":{"capa_cad":"C3D-Eje Horizontal","color":"#000000"},"geometry":{"type":"LineString","coordinates":[[-78.136943161700842,-0.146913809674587],[-78.13698414874932,-0.146895464943959]]}},
{"type":"Feature","properties":{"capa_cad":"C3D-Eje Horizontal","color":"#000000"},"geometry":{"type":"LineString","coordinates":[[-78.137004642188614,-0.146885528407615],[-78.137004642188614,-0.146885528407615]]}},
{"type":"Feature","properties":{"capa_cad":"C3D-Eje Horizontal","color":"#000000"},"geometry":{"type":"LineString","coordinates":[[-78.137025135713543,-0.146876356041414],[-78.137066122764253,-0.146858011307964]]}},
{"type":"Feature","properties":{"capa_cad":"C3D-Eje Horizontal","color":"#000000"},"geometry":{"type":"LineString","coordinates":[[-78.13708661629002,-0.146848838940698],[-78.13708661629002,-0.146848838940698]]}},
{"type":"Feature","properties":{"capa_cad":"C3D-Eje Horizontal","color":"#000000"},"geometry":{"type":"LineString","coordinates":[[-78.137107109730664,-0.146838902402541],[-78.137148096783591,-0.146820557666268]]}},
{"type":"Feature","properties":{"capa_cad":"C3D-Eje Horizontal","color":"#000000"},"geometry":{"type":"LineString","coordinates":[[-78.137167831252981,-0.146811385383581],[-78.137167831252981,-0.146811385383581]]}},
{"type":"Feature","properties":{"capa_cad":"C3D-Eje Horizontal","color":"#000000"},"geometry":{"type":"LineString","coordinates":[[-78.137188324780126,-0.146802213014578],[-78.13722931174982,-0.146783104104867]]}},
{"type":"Feature","properties":{"capa_cad":"C3D-Eje Horizontal","color":"#000000"},"geometry":{"type":"LineString","coordinates":[[-78.13724980527779,-0.146773931734802],[-78.13724980527779,-0.146773931734802]]}},
{"type":"Feature","properties":{"capa_cad":"C3D-Eje Horizontal","color":"#000000"},"geometry":{"type":"LineString","coordinates":[[-78.137270298806044,-0.146764759364388],[-78.13731128577794,-0.146745650451799]]}},
{"type":"Feature","properties":{"capa_cad":"C3D-Eje Horizontal","color":"#000000"},"geometry":{"type":"LineString","coordinates":[[-78.137331779307019,-0.146736478080324],[-78.137331779307019,-0.146736478080324]]}},
{"type":"Feature","properties":{"capa_cad":"C3D-Eje Horizontal","color":"#000000"},"geometry":{"type":"LineString","coordinates":[[-78.137352272836395,-0.146727305708498],[-78.137393259895958,-0.146708960963783]]}},
{"type":"Feature","properties":{"capa_cad":"C3D-Eje Horizontal","color":"#000000"},"geometry":{"type":"LineString","coordinates":[[-78.137413753340653,-0.146699024420145],[-78.137413753340653,-0.146699024420145]]}},
{"type":"Feature","properties":{"capa_cad":"C3D-Eje Horizontal","color":"#000000"},"geometry":{"type":"LineString","coordinates":[[-78.137434246871138,-0.146689852046909],[-78.137475233932932,-0.146671507299372]]}},
{"type":"Feature","properties":{"capa_cad":"C3D-Eje Horizontal","color":"#000000"},"geometry":{"type":"LineString","coordinates":[[-78.13749572737872,-0.146661570754268],[-78.13749572737872,-0.146661570754268]]}},
{"type":"Feature","properties":{"capa_cad":"C3D-Eje Horizontal","color":"#000000"},"geometry":{"type":"LineString","coordinates":[[-78.137515461852601,-0.146652398465729],[-78.137556448916584,-0.146634053715383]]}},
{"type":"Feature","properties":{"capa_cad":"C3D-Eje Horizontal","color":"#000000"},"geometry":{"type":"LineString","coordinates":[[-78.137576942448987,-0.146624881339695],[-78.137576942448987,-0.146624881339695]]}},
{"type":"Feature","properties":{"capa_cad":"C3D-Eje Horizontal","color":"#000000"},"geometry":{"type":"LineString","coordinates":[[-78.137597435896126,-0.146614944792752],[-78.13763842296234,-0.146596600039601]]}},
{"type":"Feature","properties":{"capa_cad":"C3D-Eje Horizontal","color":"#000000"},"geometry":{"type":"LineString","coordinates":[[-78.137658916495852,-0.146587427662502],[-78.137658916495852,-0.146587427662502]]}},
{"type":"Feature","properties":{"capa_cad":"C3D-Eje Horizontal","color":"#000000"},"geometry":{"type":"LineString","coordinates":[[-78.137679410029662,-0.146578255285054],[-78.137720397012501,-0.146559146358121]]}},
{"type":"Feature","properties":{"capa_cad":"C3D-Eje Horizontal","color":"#000000"},"geometry":{"type":"LineString","coordinates":[[-78.137740890547121,-0.146549973979611],[-78.137740890547121,-0.146549973979611]]}},
{"type":"Feature","properties":{"capa_cad":"C3D-Eje Horizontal","color":"#000000"},"geometry":{"type":"LineString","coordinates":[[-78.13776138408204,-0.146540801600752],[-78.137797815863479,-0.146514051477897]]}},
{"type":"Feature","properties":{"capa_cad":"C3D-Eje Horizontal","color":"#000000"},"geometry":{"type":"LineString","coordinates":[[-78.137816031797172,-0.146501058501323],[-78.137816031797172,-0.146501058501323]]}},
{"type":"Feature","properties":{"capa_cad":"C3D-Eje Horizontal","color":"#000000"},"geometry":{"type":"LineString","coordinates":[[-78.137833488587447,-0.146487301439499],[-78.137869920369781,-0.146460551313119]]}},
{"type":"Feature","properties":{"capa_cad":"C3D-Eje Horizontal","color":"#000000"},"geometry":{"type":"LineString","coordinates":[[-78.137888136303957,-0.146447558334805],[-78.137888136303957,-0.146447558334805]]}},
{"type":"Feature","properties":{"capa_cad":"C3D-Eje Horizontal","color":"#000000"},"geometry":{"type":"LineString","coordinates":[[-78.137906352152569,-0.146433801184966],[-78.13794202487783,-0.146407051141326]]}},
{"type":"Feature","properties":{"capa_cad":"C3D-Eje Horizontal","color":"#000000"},"geometry":{"type":"LineString","coordinates":[[-78.137960240812461,-0.146394058161291],[-78.137960240812461,-0.146394058161291]]}},
{"type":"Feature","properties":{"capa_cad":"C3D-Eje Horizontal","color":"#000000"},"geometry":{"type":"LineString","coordinates":[[-78.137978456661514,-0.146380301009664],[-78.138014888445639,-0.146353550876213]]}},
{"type":"Feature","properties":{"capa_cad":"C3D-Eje Horizontal","color":"#000000"},"geometry":{"type":"LineString","coordinates":[[-78.138033104380781,-0.146340557894412],[-78.138033104380781,-0.146340557894412]]}},
{"type":"Feature","properties":{"capa_cad":"C3D-Eje Horizontal","color":"#000000"},"geometry":{"type":"LineString","coordinates":[[-78.138051320230261,-0.146326800740989],[-78.138086992957241,-0.146300050690355]]}},
{"type":"Feature","properties":{"capa_cad":"C3D-Eje Horizontal","color":"#000000"},"geometry":{"type":"LineString","coordinates":[[-78.138105208807033,-0.146286293535587],[-78.138105208807033,-0.146286293535587]]}},
{"type":"Feature","properties":{"capa_cad":"C3D-Eje Horizontal","color":"#000000"},"geometry":{"type":"LineString","coordinates":[[-78.13812342474273,-0.146273300551605],[-78.138159856528688,-0.1462465504111]]}},
{"type":"Feature","properties":{"capa_cad":"C3D-Eje Horizontal","color":"#000000"},"geometry":{"type":"LineString","coordinates":[[-78.138177313320782,-0.146232793340929],[-78.138177313320782,-0.146232793340929]]}},
{"type":"Feature","properties":{"capa_cad":"C3D-Eje Horizontal","color":"#000000"},"geometry":{"type":"LineString","coordinates":[[-78.138195529256961,-0.146219800355226],[-78.1382319610438,-0.146193050211178]]}},
{"type":"Feature","properties":{"capa_cad":"C3D-Eje Horizontal","color":"#000000"},"geometry":{"type":"LineString","coordinates":[[-78.138250176894459,-0.146179293052827],[-78.138250176894459,-0.146179293052827]]}},
{"type":"Feature","properties":{"capa_cad":"C3D-Eje Horizontal","color":"#000000"},"geometry":{"type":"LineString","coordinates":[[-78.138268392831108,-0.146166300065358],[-78.138304065560661,-0.146139550004244]]}},
{"type":"Feature","properties":{"capa_cad":"C3D-Eje Horizontal","color":"#000000"},"geometry":{"type":"LineString","coordinates":[[-78.13832228141176,-0.146125792844105],[-78.13832228141176,-0.146125792844105]]}},
{"type":"Feature","properties":{"capa_cad":"C3D-Eje Horizontal","color":"#000000"},"geometry":{"type":"LineString","coordinates":[[-78.138340497348864,-0.146112799854899],[-78.138354159194378,-0.146102099898466],[-78.138357951392152,-0.146074589295523]]}},
{"type":"Feature","properties":{"capa_cad":"C3D-Eje Horizontal","color":"#000000"},"geometry":{"type":"LineString","coordinates":[[-78.138360226074454,-0.146052428065296],[-78.138360226074454,-0.146052428065296]]}},
{"type":"Feature","properties":{"capa_cad":"C3D-Eje Horizontal","color":"#000000"},"geometry":{"type":"LineString","coordinates":[[-78.138363259728621,-0.146029502577026],[-78.138368568149332,-0.145985180029495]]}},
{"type":"Feature","properties":{"capa_cad":"C3D-Eje Horizontal","color":"#000000"},"geometry":{"type":"LineString","coordinates":[[-78.138371601802163,-0.145962254540876],[-78.138371601802163,-0.145962254540876]]}},
{"type":"Feature","properties":{"capa_cad":"C3D-Eje Horizontal","color":"#000000"},"geometry":{"type":"LineString","coordinates":[[-78.138373876482319,-0.145940093310139],[-78.138379943871797,-0.145895006503733]]}},
{"type":"Feature","properties":{"capa_cad":"C3D-Eje Horizontal","color":"#000000"},"geometry":{"type":"LineString","coordinates":[[-78.13838221855066,-0.145872845272697],[-78.13838221855066,-0.145872845272697]]}},
{"type":"Feature","properties":{"capa_cad":"C3D-Eje Horizontal","color":"#000000"},"geometry":{"type":"LineString","coordinates":[[-78.138385252287364,-0.145850683954917],[-78.138390560615093,-0.145805597234264]]}},
{"type":"Feature","properties":{"capa_cad":"C3D-Eje Horizontal","color":"#000000"},"geometry":{"type":"LineString","coordinates":[[-78.138393594264372,-0.145782671744717],[-78.138393594264372,-0.145782671744717]]}},
{"type":"Feature","properties":{"capa_cad":"C3D-Eje Horizontal","color":"#000000"},"geometry":{"type":"LineString","coordinates":[[-78.138389796647303,-0.145762039549874],[-78.138369297508049,-0.145721540806805]]}},
{"type":"Feature","properties":{"capa_cad":"C3D-Eje Horizontal","color":"#000000"},"geometry":{"type":"LineString","coordinates":[[-78.138359427424092,-0.145700909306741],[-78.138359427424092,-0.145700909306741]]}},
{"type":"Feature","properties":{"capa_cad":"C3D-Eje Horizontal","color":"#000000"},"geometry":{"type":"LineString","coordinates":[[-78.138349557426068,-0.145681041978406],[-78.138329058284853,-0.145640543238204]]}},
{"type":"Feature","properties":{"capa_cad":"C3D-Eje Horizontal","color":"#000000"},"geometry":{"type":"LineString","coordinates":[[-78.138319188286104,-0.145620675910909],[-78.138319188286104,-0.145620675910909]]}},
{"type":"Feature","properties":{"capa_cad":"C3D-Eje Horizontal","color":"#000000"},"geometry":{"type":"LineString","coordinates":[[-78.138308559142672,-0.145600044499423],[-78.138288819057692,-0.145559545675234]]}},
{"type":"Feature","properties":{"capa_cad":"C3D-Eje Horizontal","color":"#000000"},"geometry":{"type":"LineString","coordinates":[[-78.138278189999781,-0.1455396784362],[-78.138278189999781,-0.1455396784362]]}},
{"type":"Feature","properties":{"capa_cad":"C3D-Eje Horizontal","color":"#000000"},"geometry":{"type":"LineString","coordinates":[[-78.138268319999824,-0.14551981111066],[-78.138247061796562,-0.145479312463069]]}},
{"type":"Feature","properties":{"capa_cad":"C3D-Eje Horizontal","color":"#000000"},"geometry":{"type":"LineString","coordinates":[[-78.138237191795881,-0.14545944513858],[-78.138237191795881,-0.14545944513858]]}},
{"type":"Feature","properties":{"capa_cad":"C3D-Eje Horizontal","color":"#000000"},"geometry":{"type":"LineString","coordinates":[[-78.138226562736833,-0.145439577901355],[-78.138206063589806,-0.145399079169755]]}},
{"type":"Feature","properties":{"capa_cad":"C3D-Eje Horizontal","color":"#000000"},"geometry":{"type":"LineString","coordinates":[[-78.138195434530061,-0.145379211933622],[-78.138195434530061,-0.145379211933622]]}},
{"type":"Feature","properties":{"capa_cad":"C3D-Eje Horizontal","color":"#000000"},"geometry":{"type":"LineString","coordinates":[[-78.1381855645282,-0.145359344610861],[-78.138164306321144,-0.145318845969143]]}},
{"type":"Feature","properties":{"capa_cad":"C3D-Eje Horizontal","color":"#000000"},"geometry":{"type":"LineString","coordinates":[[-78.138153677260476,-0.145298978734466],[-78.138153677260476,-0.145298978734466]]}},
{"type":"Feature","properties":{"capa_cad":"C3D-Eje Horizontal","color":"#000000"},"geometry":{"type":"LineString","coordinates":[[-78.138143048199595,-0.145279111500155],[-78.138122549135218,-0.145239376945575]]}},
{"type":"Feature","properties":{"capa_cad":"C3D-Eje Horizontal","color":"#000000"},"geometry":{"type":"LineString","coordinates":[[-78.138111920073641,-0.145219509712348],[-78.138111920073641,-0.145219509712348]]}},
{"type":"Feature","properties":{"capa_cad":"C3D-Eje Horizontal","color":"#000000"},"geometry":{"type":"LineString","coordinates":[[-78.138101291011864,-0.145199642479486],[-78.138080032801057,-0.145159143843664]]}},
{"type":"Feature","properties":{"capa_cad":"C3D-Eje Horizontal","color":"#000000"},"geometry":{"type":"LineString","coordinates":[[-78.138069403738598,-0.145139276611906],[-78.138069403738598,-0.145139276611906]]}},
{"type":"Feature","properties":{"capa_cad":"C3D-Eje Horizontal","color":"#000000"},"geometry":{"type":"LineString","coordinates":[[-78.138058774675883,-0.145119409380514],[-78.138037516549815,-0.145079674918844]]}},
{"type":"Feature","properties":{"capa_cad":"C3D-Eje Horizontal","color":"#000000"},"geometry":{"type":"LineString","coordinates":[[-78.138026887486433,-0.145059807688549],[-78.138026887486433,-0.145059807688549]]}},
{"type":"Feature","properties":{"capa_cad":"C3D-Eje Horizontal","color":"#000000"},"geometry":{"type":"LineString","coordinates":[[-78.138016258422851,-0.145039940458619],[-78.13799424123701,-0.145000206087084]]}},
{"type":"Feature","properties":{"capa_cad":"C3D-Eje Horizontal","color":"#000000"},"geometry":{"type":"LineString","coordinates":[[-78.137983612172746,-0.144980338858281],[-78.137983612172746,-0.144980338858281]]}},
{"type":"Feature","properties":{"capa_cad":"C3D-Eje Horizontal","color":"#000000"},"geometry":{"type":"LineString","coordinates":[[-78.13797298310827,-0.144960471629827],[-78.137950966007367,-0.14492150143242]]}},
{"type":"Feature","properties":{"capa_cad":"C3D-Eje Horizontal","color":"#000000"},"geometry":{"type":"LineString","coordinates":[[-78.137940336942222,-0.144901634205069],[-78.137940336942222,-0.144901634205069]]}},
{"type":"Feature","properties":{"capa_cad":"C3D-Eje Horizontal","color":"#000000"},"geometry":{"type":"LineString","coordinates":[[-78.137929707876864,-0.1448817669781],[-78.137907690687555,-0.144842032612555]]}},
{"type":"Feature","properties":{"capa_cad":"C3D-Eje Horizontal","color":"#000000"},"geometry":{"type":"LineString","coordinates":[[-78.137896302563632,-0.144822165474021],[-78.137896302563632,-0.144822165474021]]}},
{"type":"Feature","properties":{"capa_cad":"C3D-Eje Horizontal","color":"#000000"},"geometry":{"type":"LineString","coordinates":[[-78.137885673584151,-0.144803062419606],[-78.137863656393137,-0.144763328057075]]}},
{"type":"Feature","properties":{"capa_cad":"C3D-Eje Horizontal","color":"#000000"},"geometry":{"type":"LineString","coordinates":[[-78.137853027326244,-0.144743460832697],[-78.137853027326244,-0.144743460832697]]}},
{"type":"Feature","properties":{"capa_cad":"C3D-Eje Horizontal","color":"#000000"},"geometry":{"type":"LineString","coordinates":[[-78.13784163920127,-0.144723593696058],[-78.137819622095364,-0.144684623507609]]}},
{"type":"Feature","properties":{"capa_cad":"C3D-Eje Horizontal","color":"#000000"},"geometry":{"type":"LineString","coordinates":[[-78.137808233969764,-0.14466475637214],[-78.137808233969764,-0.14466475637214]]}},
{"type":"Feature","properties":{"capa_cad":"C3D-Eje Horizontal","color":"#000000"},"geometry":{"type":"LineString","coordinates":[[-78.137796845930822,-0.144645653408085],[-78.137774828736411,-0.144605919051607]]}},
{"type":"Feature","properties":{"capa_cad":"C3D-Eje Horizontal","color":"#000000"},"geometry":{"type":"LineString","coordinates":[[-78.137763440696887,-0.144586816088684],[-78.137763440696887,-0.144586816088684]]}},
{"type":"Feature","properties":{"capa_cad":"C3D-Eje Horizontal","color":"#000000"},"geometry":{"type":"LineString","coordinates":[[-78.137752811628062,-0.144566948867637],[-78.137730035461104,-0.144527978772683]]}},
{"type":"Feature","properties":{"capa_cad":"C3D-Eje Horizontal","color":"#000000"},"geometry":{"type":"LineString","coordinates":[[-78.13771864733387,-0.144508111640297],[-78.13771864733387,-0.144508111640297]]}},
{"type":"Feature","properties":{"capa_cad":"C3D-Eje Horizontal","color":"#000000"},"geometry":{"type":"LineString","coordinates":[[-78.137707259293379,-0.144489008679265],[-78.137684483124858,-0.144450038587399]]}},
{"type":"Feature","properties":{"capa_cad":"C3D-Eje Horizontal","color":"#000000"},"geometry":{"type":"LineString","coordinates":[[-78.13767385405454,-0.144430171368968],[-78.13767385405454,-0.144430171368968]]}},
{"type":"Feature","properties":{"capa_cad":"C3D-Eje Horizontal","color":"#000000"},"geometry":{"type":"LineString","coordinates":[[-78.137662466013282,-0.144411068409443],[-78.137639689756142,-0.144371334149688]]}},
{"type":"Feature","properties":{"capa_cad":"C3D-Eje Horizontal","color":"#000000"},"geometry":{"type":"LineString","coordinates":[[-78.137628301714315,-0.144352231191308],[-78.137628301714315,-0.144352231191308]]}},
{"type":"Feature","properties":{"capa_cad":"C3D-Eje Horizontal","color":"#000000"},"geometry":{"type":"LineString","coordinates":[[-78.137616913585248,-0.144332364062402],[-78.137593378442972,-0.144294158235221]]}},
{"type":"Feature","properties":{"capa_cad":"C3D-Eje Horizontal","color":"#000000"},"geometry":{"type":"LineString","coordinates":[[-78.137581990313308,-0.144274291107486],[-78.137581990313308,-0.144274291107486]]}},
{"type":"Feature","properties":{"capa_cad":"C3D-Eje Horizontal","color":"#000000"},"geometry":{"type":"LineString","coordinates":[[-78.137570602270543,-0.144255188151015],[-78.137547067039691,-0.144216218156078]]}},
{"type":"Feature","properties":{"capa_cad":"C3D-Eje Horizontal","color":"#000000"},"geometry":{"type":"LineString","coordinates":[[-78.137535678996372,-0.144197115200755],[-78.137535678996372,-0.144197115200755]]}},
{"type":"Feature","properties":{"capa_cad":"C3D-Eje Horizontal","color":"#000000"},"geometry":{"type":"LineString","coordinates":[[-78.137524290952868,-0.144178012245808],[-78.137501514778137,-0.144139042166218]]}},
{"type":"Feature","properties":{"capa_cad":"C3D-Eje Horizontal","color":"#000000"},"geometry":{"type":"LineString","coordinates":[[-78.13748936767648,-0.144119939300204],[-78.13748936767648,-0.144119939300204]]}},
{"type":"Feature","properties":{"capa_cad":"C3D-Eje Horizontal","color":"#000000"},"geometry":{"type":"LineString","coordinates":[[-78.137477979545025,-0.144100072175973],[-78.137454444398401,-0.144061866358107]]}},
{"type":"Feature","properties":{"capa_cad":"C3D-Eje Horizontal","color":"#000000"},"geometry":{"type":"LineString","coordinates":[[-78.137442297296033,-0.144042763493663],[-78.137442297296033,-0.144042763493663]]}},
{"type":"Feature","properties":{"capa_cad":"C3D-Eje Horizontal","color":"#000000"},"geometry":{"type":"LineString","coordinates":[[-78.137430909251066,-0.144023660541779],[-78.137407374015766,-0.14398469055626]]}},
{"type":"Feature","properties":{"capa_cad":"C3D-Eje Horizontal","color":"#000000"},"geometry":{"type":"LineString","coordinates":[[-78.137395226912702,-0.14396558769342],[-78.137395226912702,-0.14396558769342]]}},
{"type":"Feature","properties":{"capa_cad":"C3D-Eje Horizontal","color":"#000000"},"geometry":{"type":"LineString","coordinates":[[-78.132075119828372,-0.144976432106411],[-78.132109280631042,-0.145006230710655]]}},
{"type":"Feature","properties":{"capa_cad":"C3D-Eje Horizontal","color":"#000000"},"geometry":{"type":"LineString","coordinates":[[-78.132126740516313,-0.145020747886334],[-78.132126740516313,-0.145020747886334]]}},
{"type":"Feature","properties":{"capa_cad":"C3D-Eje Horizontal","color":"#000000"},"geometry":{"type":"LineString","coordinates":[[-78.132143441347637,-0.145035265149432],[-78.132177602064615,-0.145064299589885]]}},
{"type":"Feature","properties":{"capa_cad":"C3D-Eje Horizontal","color":"#000000"},"geometry":{"type":"LineString","coordinates":[[-78.132195061950299,-0.145078816767258],[-78.132195061950299,-0.145078816767258]]}},
{"type":"Feature","properties":{"capa_cad":"C3D-Eje Horizontal","color":"#000000"},"geometry":{"type":"LineString","coordinates":[[-78.132211762781978,-0.145093334032031],[-78.132245923499724,-0.145122368475871]]}},
{"type":"Feature","properties":{"capa_cad":"C3D-Eje Horizontal","color":"#000000"},"geometry":{"type":"LineString","coordinates":[[-78.132263383385805,-0.145136885654973],[-78.132263383385805,-0.145136885654973]]}},
{"type":"Feature","properties":{"capa_cad":"C3D-Eje Horizontal","color":"#000000"},"geometry":{"type":"LineString","coordinates":[[-78.13228008421784,-0.145151402921421],[-78.132314244936353,-0.145180437368647]]}},
{"type":"Feature","properties":{"capa_cad":"C3D-Eje Horizontal","color":"#000000"},"geometry":{"type":"LineString","coordinates":[[-78.132331704909163,-0.145195718716794],[-78.132331704909163,-0.145195718716794]]}},
{"type":"Feature","properties":{"capa_cad":"C3D-Eje Horizontal","color":"#000000"},"geometry":{"type":"LineString","coordinates":[[-78.132348405741553,-0.145210235984929],[-78.132382566460805,-0.145239270435564]]}},
{"type":"Feature","properties":{"capa_cad":"C3D-Eje Horizontal","color":"#000000"},"geometry":{"type":"LineString","coordinates":[[-78.132400026347682,-0.1452537876181],[-78.132400026347682,-0.1452537876181]]}},
{"type":"Feature","properties":{"capa_cad":"C3D-Eje Horizontal","color":"#000000"},"geometry":{"type":"LineString","coordinates":[[-78.132416727180441,-0.14526830488791],[-78.132450887900461,-0.145297339341932]]}},
{"type":"Feature","properties":{"capa_cad":"C3D-Eje Horizontal","color":"#000000"},"geometry":{"type":"LineString","coordinates":[[-78.13246834778775,-0.145311856526163],[-78.13246834778775,-0.145311856526163]]}},
{"type":"Feature","properties":{"capa_cad":"C3D-Eje Horizontal","color":"#000000"},"geometry":{"type":"LineString","coordinates":[[-78.132485048620865,-0.145326373797647],[-78.132519209341638,-0.145355408255056]]}},
{"type":"Feature","properties":{"capa_cad":"C3D-Eje Horizontal","color":"#000000"},"geometry":{"type":"LineString","coordinates":[[-78.132536669229339,-0.145369925441014],[-78.132536669229339,-0.145369925441014]]}},
{"type":"Feature","properties":{"capa_cad":"C3D-Eje Horizontal","color":"#000000"},"geometry":{"type":"LineString","coordinates":[[-78.132553370148997,-0.145385206881673],[-78.132587530870538,-0.14541424134249]]}},
{"type":"Feature","properties":{"capa_cad":"C3D-Eje Horizontal","color":"#000000"},"geometry":{"type":"LineString","coordinates":[[-78.132604990758637,-0.145428758530155],[-78.132604990758637,-0.145428758530155]]}},
{"type":"Feature","properties":{"capa_cad":"C3D-Eje Horizontal","color":"#000000"},"geometry":{"type":"LineString","coordinates":[[-78.132621691592448,-0.145443275805001],[-78.132655852314741,-0.145472310269204]]}},
{"type":"Feature","properties":{"capa_cad":"C3D-Eje Horizontal","color":"#000000"},"geometry":{"type":"LineString","coordinates":[[-78.132673312203252,-0.145486827458597],[-78.132673312203252,-0.145486827458597]]}},
{"type":"Feature","properties":{"capa_cad":"C3D-Eje Horizontal","color":"#000000"},"geometry":{"type":"LineString","coordinates":[[-78.132690013037418,-0.145501344735117],[-78.132724932814952,-0.145530379116013]]}},
{"type":"Feature","properties":{"capa_cad":"C3D-Eje Horizontal","color":"#000000"},"geometry":{"type":"LineString","coordinates":[[-78.132741633649403,-0.145544896393794],[-78.132741633649403,-0.145544896393794]]}},
{"type":"Feature","properties":{"capa_cad":"C3D-Eje Horizontal","color":"#000000"},"geometry":{"type":"LineString","coordinates":[[-78.132759093538411,-0.145559413585313],[-78.132793254348343,-0.145589212223984]]}},
{"type":"Feature","properties":{"capa_cad":"C3D-Eje Horizontal","color":"#000000"},"geometry":{"type":"LineString","coordinates":[[-78.132810714151603,-0.145602965249131],[-78.132810714151603,-0.145602965249131]]}},
{"type":"Feature","properties":{"capa_cad":"C3D-Eje Horizontal","color":"#000000"},"geometry":{"type":"LineString","coordinates":[[-78.132828932923474,-0.145615954020363],[-78.132865370467727,-0.145641931564032]]}},
{"type":"Feature","properties":{"capa_cad":"C3D-Eje Horizontal","color":"#000000"},"geometry":{"type":"LineString","coordinates":[[-78.132883589240095,-0.145654920336485],[-78.132883589240095,-0.145654920336485]]}},
{"type":"Feature","properties":{"capa_cad":"C3D-Eje Horizontal","color":"#000000"},"geometry":{"type":"LineString","coordinates":[[-78.132901808012633,-0.145667909109323],[-78.132939004526818,-0.145693122401871]]}},
{"type":"Feature","properties":{"capa_cad":"C3D-Eje Horizontal","color":"#000000"},"geometry":{"type":"LineString","coordinates":[[-78.132957223299869,-0.145706111175909],[-78.132957223299869,-0.145706111175909]]}},
{"type":"Feature","properties":{"capa_cad":"C3D-Eje Horizontal","color":"#000000"},"geometry":{"type":"LineString","coordinates":[[-78.132975442073104,-0.145719099950349],[-78.133011879620057,-0.145745077500433]]}},
{"type":"Feature","properties":{"capa_cad":"C3D-Eje Horizontal","color":"#000000"},"geometry":{"type":"LineString","coordinates":[[-78.133030098393775,-0.145758066276094],[-78.133030098393775,-0.145758066276094]]}},
{"type":"Feature","properties":{"capa_cad":"C3D-Eje Horizontal","color":"#000000"},"geometry":{"type":"LineString","coordinates":[[-78.133049076222363,-0.145771054965596],[-78.133085513770681,-0.145797032518925]]}},
{"type":"Feature","properties":{"capa_cad":"C3D-Eje Horizontal","color":"#000000"},"geometry":{"type":"LineString","coordinates":[[-78.133103732545081,-0.145810021296183],[-78.133103732545081,-0.145810021296183]]}},
{"type":"Feature","properties":{"capa_cad":"C3D-Eje Horizontal","color":"#000000"},"geometry":{"type":"LineString","coordinates":[[-78.133121951319652,-0.145823010073843],[-78.13315838886929,-0.145848987630383]]}},
{"type":"Feature","properties":{"capa_cad":"C3D-Eje Horizontal","color":"#000000"},"geometry":{"type":"LineString","coordinates":[[-78.133176607644359,-0.145861976409247],[-78.133176607644359,-0.145861976409247]]}},
{"type":"Feature","properties":{"capa_cad":"C3D-Eje Horizontal","color":"#000000"},"geometry":{"type":"LineString","coordinates":[[-78.133195585474397,-0.145874965102033],[-78.133232023025386,-0.145900942661801]]}},
{"type":"Feature","properties":{"capa_cad":"C3D-Eje Horizontal","color":"#000000"},"geometry":{"type":"LineString","coordinates":[[-78.133251000598349,-0.145911638851919],[-78.133251000598349,-0.145911638851919]]}},
{"type":"Feature","properties":{"capa_cad":"C3D-Eje Horizontal","color":"#000000"},"geometry":{"type":"LineString","coordinates":[[-78.133273013360508,-0.145913164680766],[-78.133317797855099,-0.145915452084119]]}},
{"type":"Feature","properties":{"capa_cad":"C3D-Eje Horizontal","color":"#000000"},"geometry":{"type":"LineString","coordinates":[[-78.133340569673436,-0.145916977826624],[-78.133340569673436,-0.145916977826624]]}},
{"type":"Feature","properties":{"capa_cad":"C3D-Eje Horizontal","color":"#000000"},"geometry":{"type":"LineString","coordinates":[[-78.133362582437329,-0.145918503655606],[-78.133407366935458,-0.14592079105917]]}},
{"type":"Feature","properties":{"capa_cad":"C3D-Eje Horizontal","color":"#000000"},"geometry":{"type":"LineString","coordinates":[[-78.1334301387556,-0.14592231680181],[-78.1334301387556,-0.14592231680181]]}},
{"type":"Feature","properties":{"capa_cad":"C3D-Eje Horizontal","color":"#000000"},"geometry":{"type":"LineString","coordinates":[[-78.133452151521226,-0.145923842630944],[-78.133496936022894,-0.145926130034702]]}},
{"type":"Feature","properties":{"capa_cad":"C3D-Eje Horizontal","color":"#000000"},"geometry":{"type":"LineString","coordinates":[[-78.133518948789828,-0.145927655863933],[-78.133518948789828,-0.145927655863933]]}},
{"type":"Feature","properties":{"capa_cad":"C3D-Eje Horizontal","color":"#000000"},"geometry":{"type":"LineString","coordinates":[[-78.133541720526338,-0.145928417438567],[-78.133586505117407,-0.145931469010732]]}},
{"type":"Feature","properties":{"capa_cad":"C3D-Eje Horizontal","color":"#000000"},"geometry":{"type":"LineString","coordinates":[[-78.133608517886074,-0.145932994840082],[-78.133608517886074,-0.145932994840082]]}},
{"type":"Feature","properties":{"capa_cad":"C3D-Eje Horizontal","color":"#000000"},"geometry":{"type":"LineString","coordinates":[[-78.133631289624375,-0.145933756414808],[-78.133676074218997,-0.145936807987227]]}},
{"type":"Feature","properties":{"capa_cad":"C3D-Eje Horizontal","color":"#000000"},"geometry":{"type":"LineString","coordinates":[[-78.133698086989398,-0.145938333816712],[-78.133698086989398,-0.145938333816712]]}},
{"type":"Feature","properties":{"capa_cad":"C3D-Eje Horizontal","color":"#000000"},"geometry":{"type":"LineString","coordinates":[[-78.133720858729518,-0.145939095391514],[-78.13376488427248,-0.145942147050641]]}},
{"type":"Feature","properties":{"capa_cad":"C3D-Eje Horizontal","color":"#000000"},"geometry":{"type":"LineString","coordinates":[[-78.133787656013936,-0.145942908625495],[-78.133787656013936,-0.145942908625495]]}},
{"type":"Feature","properties":{"capa_cad":"C3D-Eje Horizontal","color":"#000000"},"geometry":{"type":"LineString","coordinates":[[-78.133809668786498,-0.145944434455138],[-78.133854453388153,-0.145947486028099]]}},
{"type":"Feature","properties":{"capa_cad":"C3D-Eje Horizontal","color":"#000000"},"geometry":{"type":"LineString","coordinates":[[-78.133877225131414,-0.145948247603028],[-78.133877225131414,-0.145948247603028]]}},
{"type":"Feature","properties":{"capa_cad":"C3D-Eje Horizontal","color":"#000000"},"geometry":{"type":"LineString","coordinates":[[-78.133899237905723,-0.145949773432806],[-78.133944022510917,-0.145952825006054]]}},
{"type":"Feature","properties":{"capa_cad":"C3D-Eje Horizontal","color":"#000000"},"geometry":{"type":"LineString","coordinates":[[-78.133966794255954,-0.145953586581043],[-78.133966794255954,-0.145953586581043]]}},
{"type":"Feature","properties":{"capa_cad":"C3D-Eje Horizontal","color":"#000000"},"geometry":{"type":"LineString","coordinates":[[-78.133988807032011,-0.145955112410972],[-78.134016892251253,-0.145956637549335],[-78.134030554217105,-0.145947465971326]]}},
{"type":"Feature","properties":{"capa_cad":"C3D-Eje Horizontal","color":"#000000"},"geometry":{"type":"LineString","coordinates":[[-78.13404952914118,-0.145934472945335],[-78.13404952914118,-0.145934472945335]]}},
{"type":"Feature","properties":{"capa_cad":"C3D-Eje Horizontal","color":"#000000"},"geometry":{"type":"LineString","coordinates":[[-78.134067745095919,-0.145922244173872],[-78.134104935975316,-0.145897022374705]]}},
{"type":"Feature","properties":{"capa_cad":"C3D-Eje Horizontal","color":"#000000"},"geometry":{"type":"LineString","coordinates":[[-78.134123910899987,-0.145884029346958],[-78.134123910899987,-0.145884029346958]]}},
{"type":"Feature","properties":{"capa_cad":"C3D-Eje Horizontal","color":"#000000"},"geometry":{"type":"LineString","coordinates":[[-78.134142126855309,-0.145871800573825],[-78.134179317735871,-0.145846578771233]]}},
{"type":"Feature","properties":{"capa_cad":"C3D-Eje Horizontal","color":"#000000"},"geometry":{"type":"LineString","coordinates":[[-78.134197533605658,-0.145833585828254],[-78.134197533605658,-0.145833585828254]]}},
{"type":"Feature","properties":{"capa_cad":"C3D-Eje Horizontal","color":"#000000"},"geometry":{"type":"LineString","coordinates":[[-78.134216508617001,-0.145821356966928],[-78.134253699498743,-0.145796135160893]]}},
{"type":"Feature","properties":{"capa_cad":"C3D-Eje Horizontal","color":"#000000"},"geometry":{"type":"LineString","coordinates":[[-78.134271915455059,-0.145783906384866],[-78.134271915455059,-0.145783906384866]]}},
{"type":"Feature","properties":{"capa_cad":"C3D-Eje Horizontal","color":"#000000"},"geometry":{"type":"LineString","coordinates":[[-78.134290890381052,-0.145770913353163],[-78.134328081263931,-0.14574569154372]]}},
{"type":"Feature","properties":{"capa_cad":"C3D-Eje Horizontal","color":"#000000"},"geometry":{"type":"LineString","coordinates":[[-78.13434629722083,-0.145733462766023],[-78.13434629722083,-0.145733462766023]]}},
{"type":"Feature","properties":{"capa_cad":"C3D-Eje Horizontal","color":"#000000"},"geometry":{"type":"LineString","coordinates":[[-78.134365272147406,-0.145720469732564],[-78.13438121110994,-0.145709769551365],[-78.134386521659238,-0.145684551376762]]}},
{"type":"Feature","properties":{"capa_cad":"C3D-Eje Horizontal","color":"#000000"},"geometry":{"type":"LineString","coordinates":[[-78.13439107349673,-0.145662389963525],[-78.13439107349673,-0.145662389963525]]}},
{"type":"Feature","properties":{"capa_cad":"C3D-Eje Horizontal","color":"#000000"},"geometry":{"type":"LineString","coordinates":[[-78.134395625419884,-0.145640992718863],[-78.134405488148388,-0.14559666980481]]}},
{"type":"Feature","properties":{"capa_cad":"C3D-Eje Horizontal","color":"#000000"},"geometry":{"type":"LineString","coordinates":[[-78.134410039984218,-0.145574508390846],[-78.134410039984218,-0.145574508390846]]}},
{"type":"Feature","properties":{"capa_cad":"C3D-Eje Horizontal","color":"#000000"},"geometry":{"type":"LineString","coordinates":[[-78.134414591819649,-0.145552346976719],[-78.134423695489232,-0.145508024147896]]}},
{"type":"Feature","properties":{"capa_cad":"C3D-Eje Horizontal","color":"#000000"},"geometry":{"type":"LineString","coordinates":[[-78.134428247409588,-0.145486626901993],[-78.134428247409588,-0.145486626901993]]}},
{"type":"Feature","properties":{"capa_cad":"C3D-Eje Horizontal","color":"#000000"},"geometry":{"type":"LineString","coordinates":[[-78.134432799243356,-0.145464465487138],[-78.134442661965252,-0.145420142570083]]}},
{"type":"Feature","properties":{"capa_cad":"C3D-Eje Horizontal","color":"#000000"},"geometry":{"type":"LineString","coordinates":[[-78.13444721379777,-0.145397981154693],[-78.13444721379777,-0.145397981154693]]}},
{"type":"Feature","properties":{"capa_cad":"C3D-Eje Horizontal","color":"#000000"},"geometry":{"type":"LineString","coordinates":[[-78.134451765629876,-0.145375819739108],[-78.134460869379112,-0.1453322610762]]}},
{"type":"Feature","properties":{"capa_cad":"C3D-Eje Horizontal","color":"#000000"},"geometry":{"type":"LineString","coordinates":[[-78.134465421209981,-0.145310099660098],[-78.134465421209981,-0.145310099660098]]}},
{"type":"Feature","properties":{"capa_cad":"C3D-Eje Horizontal","color":"#000000"},"geometry":{"type":"LineString","coordinates":[[-78.134470732096062,-0.145287938156886],[-78.134479835755712,-0.145243615323742]]}},
{"type":"Feature","properties":{"capa_cad":"C3D-Eje Horizontal","color":"#000000"},"geometry":{"type":"LineString","coordinates":[[-78.134484387584905,-0.145221453906894],[-78.134484387584905,-0.145221453906894]]}},
{"type":"Feature","properties":{"capa_cad":"C3D-Eje Horizontal","color":"#000000"},"geometry":{"type":"LineString","coordinates":[[-78.134488939413686,-0.145199292489884],[-78.134498043156427,-0.145155733824117]]}},
{"type":"Feature","properties":{"capa_cad":"C3D-Eje Horizontal","color":"#000000"},"geometry":{"type":"LineString","coordinates":[[-78.134503354039623,-0.145133572319538],[-78.134503354039623,-0.145133572319538]]}},
{"type":"Feature","properties":{"capa_cad":"C3D-Eje Horizontal","color":"#000000"},"geometry":{"type":"LineString","coordinates":[[-78.134507905866755,-0.145111410901801],[-78.134517009519769,-0.145067088065756]]}},
{"type":"Feature","properties":{"capa_cad":"C3D-Eje Horizontal","color":"#000000"},"geometry":{"type":"LineString","coordinates":[[-78.13451928417868,-0.145044926908702],[-78.13451928417868,-0.145044926908702]]}},
{"type":"Feature","properties":{"capa_cad":"C3D-Eje Horizontal","color":"#000000"},"geometry":{"type":"LineString","coordinates":[[-78.134519281670237,-0.145022766012821],[-78.134520794676803,-0.144977679877992]]}},
{"type":"Feature","properties":{"capa_cad":"C3D-Eje Horizontal","color":"#000000"},"geometry":{"type":"LineString","coordinates":[[-78.134520792080494,-0.144954754813242],[-78.134520792080494,-0.144954754813242]]}},
{"type":"Feature","properties":{"capa_cad":"C3D-Eje Horizontal","color":"#000000"},"geometry":{"type":"LineString","coordinates":[[-78.134521548625955,-0.144932593830177],[-78.13452230257333,-0.144887507782318]]}},
{"type":"Feature","properties":{"capa_cad":"C3D-Eje Horizontal","color":"#000000"},"geometry":{"type":"LineString","coordinates":[[-78.134522299975245,-0.144864582717536],[-78.134522299975245,-0.144864582717536]]}},
{"type":"Feature","properties":{"capa_cad":"C3D-Eje Horizontal","color":"#000000"},"geometry":{"type":"LineString","coordinates":[[-78.134523056518944,-0.14484242173438],[-78.134523810462809,-0.144797335686398]]}},
{"type":"Feature","properties":{"capa_cad":"C3D-Eje Horizontal","color":"#000000"},"geometry":{"type":"LineString","coordinates":[[-78.134524566918557,-0.144774410534342],[-78.134524566918557,-0.144774410534342]]}},
{"type":"Feature","properties":{"capa_cad":"C3D-Eje Horizontal","color":"#000000"},"geometry":{"type":"LineString","coordinates":[[-78.134524564404899,-0.144752249638338],[-78.134525318345226,-0.144707163590233]]}},
{"type":"Feature","properties":{"capa_cad":"C3D-Eje Horizontal","color":"#000000"},"geometry":{"type":"LineString","coordinates":[[-78.134526074799169,-0.144684238438085],[-78.134526074799169,-0.144684238438085]]}},
{"type":"Feature","properties":{"capa_cad":"C3D-Eje Horizontal","color":"#000000"},"geometry":{"type":"LineString","coordinates":[[-78.134526072283762,-0.14466207754205],[-78.134527585276189,-0.144616991406458]]}},
{"type":"Feature","properties":{"capa_cad":"C3D-Eje Horizontal","color":"#000000"},"geometry":{"type":"LineString","coordinates":[[-78.134527582672717,-0.144594066341582],[-78.134527582672717,-0.144594066341582]]}},
{"type":"Feature","properties":{"capa_cad":"C3D-Eje Horizontal","color":"#000000"},"geometry":{"type":"LineString","coordinates":[[-78.134528339211229,-0.144571905358139],[-78.134529093144479,-0.144526819309741]]}},
{"type":"Feature","properties":{"capa_cad":"C3D-Eje Horizontal","color":"#000000"},"geometry":{"type":"LineString","coordinates":[[-78.134529090539189,-0.144503894244834],[-78.134529090539189,-0.144503894244834]]}},
{"type":"Feature","properties":{"capa_cad":"C3D-Eje Horizontal","color":"#000000"},"geometry":{"type":"LineString","coordinates":[[-78.134529847075953,-0.144481733261299],[-78.134530601005679,-0.144436647212779]]}},
{"type":"Feature","properties":{"capa_cad":"C3D-Eje Horizontal","color":"#000000"},"geometry":{"type":"LineString","coordinates":[[-78.134531357454236,-0.14441372206034],[-78.134531357454236,-0.14441372206034]]}},
{"type":"Feature","properties":{"capa_cad":"C3D-Eje Horizontal","color":"#000000"},"geometry":{"type":"LineString","coordinates":[[-78.134531354933628,-0.144391561164215],[-78.134532108859815,-0.144346475115589]]}},
{"type":"Feature","properties":{"capa_cad":"C3D-Eje Horizontal","color":"#000000"},"geometry":{"type":"LineString","coordinates":[[-78.134532865306582,-0.14432354996304],[-78.134532865306582,-0.14432354996304]]}},
{"type":"Feature","properties":{"capa_cad":"C3D-Eje Horizontal","color":"#000000"},"geometry":{"type":"LineString","coordinates":[[-78.134533621839878,-0.144301388979309],[-78.134534375762527,-0.14425630293053]]}},
{"type":"Feature","properties":{"capa_cad":"C3D-Eje Horizontal","color":"#000000"},"geometry":{"type":"LineString","coordinates":[[-78.134534373151865,-0.144233377865512],[-78.134534373151865,-0.144233377865512]]}},
{"type":"Feature","properties":{"capa_cad":"C3D-Eje Horizontal","color":"#000000"},"geometry":{"type":"LineString","coordinates":[[-78.134535129683414,-0.144211216881673],[-78.134535883602538,-0.144166130832771]]}},
{"type":"Feature","properties":{"capa_cad":"C3D-Eje Horizontal","color":"#000000"},"geometry":{"type":"LineString","coordinates":[[-78.134535880990072,-0.144143205767721],[-78.134535880990072,-0.144143205767721]]}},
{"type":"Feature","properties":{"capa_cad":"C3D-Eje Horizontal","color":"#000000"},"geometry":{"type":"LineString","coordinates":[[-78.134536637519901,-0.144121044783808],[-78.13453739274243,-0.144087421267307],[-78.134532837188843,-0.144076723429936]]}},
{"type":"Feature","properties":{"capa_cad":"C3D-Eje Horizontal","color":"#000000"},"geometry":{"type":"LineString","coordinates":[[-78.134525244192631,-0.144055327579953],[-78.134525244192631,-0.144055327579953]]}},
{"type":"Feature","properties":{"capa_cad":"C3D-Eje Horizontal","color":"#000000"},"geometry":{"type":"LineString","coordinates":[[-78.134516892227651,-0.144034695986826],[-78.134500188209628,-0.143992668632644]]}},
{"type":"Feature","properties":{"capa_cad":"C3D-Eje Horizontal","color":"#000000"},"geometry":{"type":"LineString","coordinates":[[-78.134492595212137,-0.143971272783824],[-78.134492595212137,-0.143971272783824]]}},
{"type":"Feature","properties":{"capa_cad":"C3D-Eje Horizontal","color":"#000000"},"geometry":{"type":"LineString","coordinates":[[-78.134484243245936,-0.143950641191893],[-78.134468298281021,-0.143908613752309]]}},
{"type":"Feature","properties":{"capa_cad":"C3D-Eje Horizontal","color":"#000000"},"geometry":{"type":"LineString","coordinates":[[-78.134459946226684,-0.143887217992487],[-78.134459946226684,-0.143887217992487]]}},
{"type":"Feature","properties":{"capa_cad":"C3D-Eje Horizontal","color":"#000000"},"geometry":{"type":"LineString","coordinates":[[-78.134451594259289,-0.143866586401753],[-78.134435649291873,-0.143824558964528]]}},
{"type":"Feature","properties":{"capa_cad":"C3D-Eje Horizontal","color":"#000000"},"geometry":{"type":"LineString","coordinates":[[-78.134427297236272,-0.143803163205925],[-78.134427297236272,-0.143803163205925]]}},
{"type":"Feature","properties":{"capa_cad":"C3D-Eje Horizontal","color":"#000000"},"geometry":{"type":"LineString","coordinates":[[-78.134418945267669,-0.143782531616387],[-78.13440300029778,-0.143740504181522]]}},
{"type":"Feature","properties":{"capa_cad":"C3D-Eje Horizontal","color":"#000000"},"geometry":{"type":"LineString","coordinates":[[-78.1343946482409,-0.14371910842412],[-78.1343946482409,-0.14371910842412]]}},
{"type":"Feature","properties":{"capa_cad":"C3D-Eje Horizontal","color":"#000000"},"geometry":{"type":"LineString","coordinates":[[-78.134386296271103,-0.143698476835779],[-78.134370351298713,-0.143656449403274]]}},
{"type":"Feature","properties":{"capa_cad":"C3D-Eje Horizontal","color":"#000000"},"geometry":{"type":"LineString","coordinates":[[-78.134361999328021,-0.143635817815824],[-78.134361999328021,-0.143635817815824]]}},
{"type":"Feature","properties":{"capa_cad":"C3D-Eje Horizontal","color":"#000000"},"geometry":{"type":"LineString","coordinates":[[-78.134353647269577,-0.143614422059963],[-78.134337702294701,-0.143572394629818]]}},
{"type":"Feature","properties":{"capa_cad":"C3D-Eje Horizontal","color":"#000000"},"geometry":{"type":"LineString","coordinates":[[-78.134329350322801,-0.143551763043564],[-78.134329350322801,-0.143551763043564]]}},
{"type":"Feature","properties":{"capa_cad":"C3D-Eje Horizontal","color":"#000000"},"geometry":{"type":"LineString","coordinates":[[-78.134320998263107,-0.143530367288922],[-78.134305053285743,-0.143488339861137]]}},
{"type":"Feature","properties":{"capa_cad":"C3D-Eje Horizontal","color":"#000000"},"geometry":{"type":"LineString","coordinates":[[-78.134296701312621,-0.14346770827608],[-78.134296701312621,-0.14346770827608]]}},
{"type":"Feature","properties":{"capa_cad":"C3D-Eje Horizontal","color":"#000000"},"geometry":{"type":"LineString","coordinates":[[-78.134289108307129,-0.143446312434518],[-78.134272404271812,-0.143404285097214]]}},
{"type":"Feature","properties":{"capa_cad":"C3D-Eje Horizontal","color":"#000000"},"geometry":{"type":"LineString","coordinates":[[-78.134264052297496,-0.143383653513354],[-78.134264052297496,-0.143383653513354]]}},
{"type":"Feature","properties":{"capa_cad":"C3D-Eje Horizontal","color":"#000000"},"geometry":{"type":"LineString","coordinates":[[-78.134256459290711,-0.143362257672955],[-78.134239755252949,-0.143320230338083]]}},
{"type":"Feature","properties":{"capa_cad":"C3D-Eje Horizontal","color":"#000000"},"geometry":{"type":"LineString","coordinates":[[-78.134231403277411,-0.14329959875542],[-78.134231403277411,-0.14329959875542]]}},
{"type":"Feature","properties":{"capa_cad":"C3D-Eje Horizontal","color":"#000000"},"geometry":{"type":"LineString","coordinates":[[-78.134223810269333,-0.143278202916185],[-78.134207106229113,-0.143236175583728]]}},
{"type":"Feature","properties":{"capa_cad":"C3D-Eje Horizontal","color":"#000000"},"geometry":{"type":"LineString","coordinates":[[-78.134199513307763,-0.143215543913972],[-78.134199513307763,-0.143215543913972]]}},
{"type":"Feature","properties":{"capa_cad":"C3D-Eje Horizontal","color":"#000000"},"geometry":{"type":"LineString","coordinates":[[-78.134191161243024,-0.14319414816419],[-78.134174457200331,-0.143152120834132]]}},
{"type":"Feature","properties":{"capa_cad":"C3D-Eje Horizontal","color":"#000000"},"geometry":{"type":"LineString","coordinates":[[-78.134166864277745,-0.143131489165534],[-78.134166864277745,-0.143131489165534]]}},
{"type":"Feature","properties":{"capa_cad":"C3D-Eje Horizontal","color":"#000000"},"geometry":{"type":"LineString","coordinates":[[-78.134158512211741,-0.143110093416953],[-78.134144844300138,-0.143067301567231]]}},
{"type":"Feature","properties":{"capa_cad":"C3D-Eje Horizontal","color":"#000000"},"geometry":{"type":"LineString","coordinates":[[-78.134139528454469,-0.143045905465959],[-78.134139528454469,-0.143045905465959]]}},
{"type":"Feature","properties":{"capa_cad":"C3D-Eje Horizontal","color":"#000000"},"geometry":{"type":"LineString","coordinates":[[-78.134133453465296,-0.143023745284721],[-78.13412206262899,-0.142980189003094]]}},
{"type":"Feature","properties":{"capa_cad":"C3D-Eje Horizontal","color":"#000000"},"geometry":{"type":"LineString","coordinates":[[-78.134116746693991,-0.142958028734101],[-78.134116746693991,-0.142958028734101]]}},
{"type":"Feature","properties":{"capa_cad":"C3D-Eje Horizontal","color":"#000000"},"geometry":{"type":"LineString","coordinates":[[-78.134111430846488,-0.142936632633844],[-78.134100040007183,-0.14289307635392]]}},
{"type":"Feature","properties":{"capa_cad":"C3D-Eje Horizontal","color":"#000000"},"geometry":{"type":"LineString","coordinates":[[-78.134094724070664,-0.142870916085756],[-78.134094724070664,-0.142870916085756]]}},
{"type":"Feature","properties":{"capa_cad":"C3D-Eje Horizontal","color":"#000000"},"geometry":{"type":"LineString","coordinates":[[-78.134088649166401,-0.142849520074845],[-78.134078017291429,-0.142805199539568]]}},
{"type":"Feature","properties":{"capa_cad":"C3D-Eje Horizontal","color":"#000000"},"geometry":{"type":"LineString","coordinates":[[-78.134071942386072,-0.142783803529316],[-78.134071942386072,-0.142783803529316]]}},
{"type":"Feature","properties":{"capa_cad":"C3D-Eje Horizontal","color":"#000000"},"geometry":{"type":"LineString","coordinates":[[-78.13406662644762,-0.142761643262203],[-78.134055235602332,-0.142718086985703]]}},
{"type":"Feature","properties":{"capa_cad":"C3D-Eje Horizontal","color":"#000000"},"geometry":{"type":"LineString","coordinates":[[-78.134049919750765,-0.142696690887725],[-78.134049919750765,-0.142696690887725]]}},
{"type":"Feature","properties":{"capa_cad":"C3D-Eje Horizontal","color":"#000000"},"geometry":{"type":"LineString","coordinates":[[-78.134043844755539,-0.142674530710087],[-78.134033212962507,-0.142630974346645]]}},
{"type":"Feature","properties":{"capa_cad":"C3D-Eje Horizontal","color":"#000000"},"geometry":{"type":"LineString","coordinates":[[-78.134027137966129,-0.142608814169678],[-78.134027137966129,-0.142608814169678]]}},
{"type":"Feature","properties":{"capa_cad":"C3D-Eje Horizontal","color":"#000000"},"geometry":{"type":"LineString","coordinates":[[-78.134021822112729,-0.142587418072731],[-78.134010431261459,-0.142543861799666]]}},
{"type":"Feature","properties":{"capa_cad":"C3D-Eje Horizontal","color":"#000000"},"geometry":{"type":"LineString","coordinates":[[-78.1340051153188,-0.142521701534855],[-78.1340051153188,-0.142521701534855]]}},
{"type":"Feature","properties":{"capa_cad":"C3D-Eje Horizontal","color":"#000000"},"geometry":{"type":"LineString","coordinates":[[-78.133999799375772,-0.14249954127025],[-78.133988408521475,-0.142455984998896]]}},
{"type":"Feature","properties":{"capa_cad":"C3D-Eje Horizontal","color":"#000000"},"geometry":{"type":"LineString","coordinates":[[-78.133982333610277,-0.142434588992184],[-78.133982333610277,-0.142434588992184]]}},
{"type":"Feature","properties":{"capa_cad":"C3D-Eje Horizontal","color":"#000000"},"geometry":{"type":"LineString","coordinates":[[-78.1339770176657,-0.142412428728407],[-78.133965626808447,-0.1423688724588]]}},
{"type":"Feature","properties":{"capa_cad":"C3D-Eje Horizontal","color":"#000000"},"geometry":{"type":"LineString","coordinates":[[-78.133960310862719,-0.142346712195668],[-78.133960310862719,-0.142346712195668]]}},
{"type":"Feature","properties":{"capa_cad":"C3D-Eje Horizontal","color":"#000000"},"geometry":{"type":"LineString","coordinates":[[-78.133954995004885,-0.142325316101168],[-78.133943604144619,-0.142281759833264]]}},
{"type":"Feature","properties":{"capa_cad":"C3D-Eje Horizontal","color":"#000000"},"geometry":{"type":"LineString","coordinates":[[-78.133938288197371,-0.142259599570962],[-78.133938288197371,-0.142259599570962]]}},
{"type":"Feature","properties":{"capa_cad":"C3D-Eje Horizontal","color":"#000000"},"geometry":{"type":"LineString","coordinates":[[-78.13393221328289,-0.14223820356621],[-78.133920822419668,-0.142194647300038]]}},
{"type":"Feature","properties":{"capa_cad":"C3D-Eje Horizontal","color":"#000000"},"geometry":{"type":"LineString","coordinates":[[-78.133915506470871,-0.142172487038563],[-78.133915506470871,-0.142172487038563]]}},
{"type":"Feature","properties":{"capa_cad":"C3D-Eje Horizontal","color":"#000000"},"geometry":{"type":"LineString","coordinates":[[-78.133910190521703,-0.142150326777311],[-78.13390411560539,-0.14212893077368],[-78.133890450579443,-0.142111356502411]]}},
{"type":"Feature","properties":{"capa_cad":"C3D-Eje Horizontal","color":"#000000"},"geometry":{"type":"LineString","coordinates":[[-78.133876026498285,-0.142093782320584],[-78.133876026498285,-0.142093782320584]]}},
{"type":"Feature","properties":{"capa_cad":"C3D-Eje Horizontal","color":"#000000"},"geometry":{"type":"LineString","coordinates":[[-78.133861602505505,-0.142076972307591],[-78.133832754342905,-0.142041823946101]]}},
{"type":"Feature","properties":{"capa_cad":"C3D-Eje Horizontal","color":"#000000"},"geometry":{"type":"LineString","coordinates":[[-78.133819089316589,-0.142024249676956],[-78.133819089316589,-0.142024249676956]]}},
{"type":"Feature","properties":{"capa_cad":"C3D-Eje Horizontal","color":"#000000"},"geometry":{"type":"LineString","coordinates":[[-78.133804665323595,-0.142007439665634],[-78.133775817160497,-0.141972291307613]]}},
{"type":"Feature","properties":{"capa_cad":"C3D-Eje Horizontal","color":"#000000"},"geometry":{"type":"LineString","coordinates":[[-78.133761393078842,-0.141954717129248],[-78.133761393078842,-0.141954717129248]]}},
{"type":"Feature","properties":{"capa_cad":"C3D-Eje Horizontal","color":"#000000"},"geometry":{"type":"LineString","coordinates":[[-78.13374772814069,-0.141937907030514],[-78.133718879977067,-0.141902758675944]]}},
{"type":"Feature","properties":{"capa_cad":"C3D-Eje Horizontal","color":"#000000"},"geometry":{"type":"LineString","coordinates":[[-78.13370445589517,-0.141885184499306],[-78.13370445589517,-0.141885184499306]]}},
{"type":"Feature","properties":{"capa_cad":"C3D-Eje Horizontal","color":"#000000"},"geometry":{"type":"LineString","coordinates":[[-78.133690031901779,-0.14186837449137],[-78.133661942792656,-0.14183322605108]]}},
{"type":"Feature","properties":{"capa_cad":"C3D-Eje Horizontal","color":"#000000"},"geometry":{"type":"LineString","coordinates":[[-78.133647518710504,-0.141815651876168],[-78.133647518710504,-0.141815651876168]]}},
{"type":"Feature","properties":{"capa_cad":"C3D-Eje Horizontal","color":"#000000"},"geometry":{"type":"LineString","coordinates":[[-78.133633094716899,-0.141798841869936],[-78.133605005607222,-0.141763693433054]]}},
{"type":"Feature","properties":{"capa_cad":"C3D-Eje Horizontal","color":"#000000"},"geometry":{"type":"LineString","coordinates":[[-78.133590581613461,-0.141746883428066],[-78.133590581613461,-0.141746883428066]]}},
{"type":"Feature","properties":{"capa_cad":"C3D-Eje Horizontal","color":"#000000"},"geometry":{"type":"LineString","coordinates":[[-78.13357615753101,-0.141729309255306],[-78.133547309365909,-0.141694160911115]]}},
{"type":"Feature","properties":{"capa_cad":"C3D-Eje Horizontal","color":"#000000"},"geometry":{"type":"LineString","coordinates":[[-78.133533644426834,-0.141677350818548],[-78.133533644426834,-0.141677350818548]]}},
{"type":"Feature","properties":{"capa_cad":"C3D-Eje Horizontal","color":"#000000"},"geometry":{"type":"LineString","coordinates":[[-78.133519220344112,-0.141659776647515],[-78.1334903721785,-0.141624628306758]]}},
{"type":"Feature","properties":{"capa_cad":"C3D-Eje Horizontal","color":"#000000"},"geometry":{"type":"LineString","coordinates":[[-78.133475948184341,-0.141607818305174],[-78.133475948184341,-0.141607818305174]]}},
{"type":"Feature","properties":{"capa_cad":"C3D-Eje Horizontal","color":"#000000"},"geometry":{"type":"LineString","coordinates":[[-78.13346228315622,-0.141590244046528],[-78.13343343499011,-0.14155509570924]]}},
{"type":"Feature","properties":{"capa_cad":"C3D-Eje Horizontal","color":"#000000"},"geometry":{"type":"LineString","coordinates":[[-78.133419010995738,-0.141538285709327],[-78.133419010995738,-0.141538285709327]]}},
{"type":"Feature","properties":{"capa_cad":"C3D-Eje Horizontal","color":"#000000"},"geometry":{"type":"LineString","coordinates":[[-78.133405345878529,-0.141519947284305],[-78.133380292719309,-0.14148250599923]]}},
{"type":"Feature","properties":{"capa_cad":"C3D-Eje Horizontal","color":"#000000"},"geometry":{"type":"LineString","coordinates":[[-78.133368145711273,-0.141464167396618],[-78.133368145711273,-0.141464167396618]]}},
{"type":"Feature","properties":{"capa_cad":"C3D-Eje Horizontal","color":"#000000"},"geometry":{"type":"LineString","coordinates":[[-78.133355239559506,-0.141445064715794],[-78.133330186399107,-0.141407623433964]]}},
{"type":"Feature","properties":{"capa_cad":"C3D-Eje Horizontal","color":"#000000"},"geometry":{"type":"LineString","coordinates":[[-78.133318039390502,-0.141389284832933],[-78.133318039390502,-0.141389284832933]]}},
{"type":"Feature","properties":{"capa_cad":"C3D-Eje Horizontal","color":"#000000"},"geometry":{"type":"LineString","coordinates":[[-78.133305133238139,-0.141370182153772],[-78.133280839220177,-0.141333504953678]]}},
{"type":"Feature","properties":{"capa_cad":"C3D-Eje Horizontal","color":"#000000"},"geometry":{"type":"LineString","coordinates":[[-78.133267933067373,-0.141314402275737],[-78.133267933067373,-0.141314402275737]]}},
{"type":"Feature","properties":{"capa_cad":"C3D-Eje Horizontal","color":"#000000"},"geometry":{"type":"LineString","coordinates":[[-78.133255786058044,-0.141296063676674],[-78.133230732895314,-0.141258622401308]]}},
{"type":"Feature","properties":{"capa_cad":"C3D-Eje Horizontal","color":"#000000"},"geometry":{"type":"LineString","coordinates":[[-78.133217826741912,-0.141239519725031],[-78.133217826741912,-0.141239519725031]]}},
{"type":"Feature","properties":{"capa_cad":"C3D-Eje Horizontal","color":"#000000"},"geometry":{"type":"LineString","coordinates":[[-78.133205679732001,-0.141221181127549],[-78.133180626568119,-0.141183739855428]]}},
{"type":"Feature","properties":{"capa_cad":"C3D-Eje Horizontal","color":"#000000"},"geometry":{"type":"LineString","coordinates":[[-78.133167720414122,-0.141164637180815],[-78.133167720414122,-0.141164637180815]]}},
{"type":"Feature","properties":{"capa_cad":"C3D-Eje Horizontal","color":"#000000"},"geometry":{"type":"LineString","coordinates":[[-78.133155573403641,-0.141146298584914],[-78.133130520238581,-0.141108857316038]]}},
{"type":"Feature","properties":{"capa_cad":"C3D-Eje Horizontal","color":"#000000"},"geometry":{"type":"LineString","coordinates":[[-78.133117614084,-0.141089754643088],[-78.133117614084,-0.141089754643088]]}},
{"type":"Feature","properties":{"capa_cad":"C3D-Eje Horizontal","color":"#000000"},"geometry":{"type":"LineString","coordinates":[[-78.133105467072923,-0.141071416048768],[-78.133080413906697,-0.141033974783138]]}},
{"type":"Feature","properties":{"capa_cad":"C3D-Eje Horizontal","color":"#000000"},"geometry":{"type":"LineString","coordinates":[[-78.133068266806077,-0.141014872022147],[-78.133068266806077,-0.141014872022147]]}},
{"type":"Feature","properties":{"capa_cad":"C3D-Eje Horizontal","color":"#000000"},"geometry":{"type":"LineString","coordinates":[[-78.133055360739874,-0.140996533519113],[-78.133030307572483,-0.140959092256728]]}},
{"type":"Feature","properties":{"capa_cad":"C3D-Eje Horizontal","color":"#000000"},"geometry":{"type":"LineString","coordinates":[[-78.133018160471238,-0.140939989497352],[-78.133018160471238,-0.140939989497352]]}},
{"type":"Feature","properties":{"capa_cad":"C3D-Eje Horizontal","color":"#000000"},"geometry":{"type":"LineString","coordinates":[[-78.133005254404509,-0.140921650995948],[-78.132980201235924,-0.140884209736808]]}},
{"type":"Feature","properties":{"capa_cad":"C3D-Eje Horizontal","color":"#000000"},"geometry":{"type":"LineString","coordinates":[[-78.132968054223269,-0.140865871146828],[-78.132968054223269,-0.140865871146828]]}},
{"type":"Feature","properties":{"capa_cad":"C3D-Eje Horizontal","color":"#000000"},"geometry":{"type":"LineString","coordinates":[[-78.13295514806677,-0.140846768479274],[-78.132930094897034,-0.140809327223379]]}},
{"type":"Feature","properties":{"capa_cad":"C3D-Eje Horizontal","color":"#000000"},"geometry":{"type":"LineString","coordinates":[[-78.132917947883797,-0.14079098863498],[-78.132917947883797,-0.14079098863498]]}},
{"type":"Feature","properties":{"capa_cad":"C3D-Eje Horizontal","color":"#000000"},"geometry":{"type":"LineString","coordinates":[[-78.132896693377745,-0.140782585305984],[-78.13285570238618,-0.140765014301444]]}},
{"type":"Feature","properties":{"capa_cad":"C3D-Eje Horizontal","color":"#000000"},"geometry":{"type":"LineString","coordinates":[[-78.132834447881137,-0.140756610973337],[-78.132834447881137,-0.140756610973337]]}},
{"type":"Feature","properties":{"capa_cad":"C3D-Eje Horizontal","color":"#000000"},"geometry":{"type":"LineString","coordinates":[[-78.132813952430823,-0.140748207555651],[-78.132772202476801,-0.140731400811033]]}},
{"type":"Feature","properties":{"capa_cad":"C3D-Eje Horizontal","color":"#000000"},"geometry":{"type":"LineString","coordinates":[[-78.132751707027452,-0.140722997394189],[-78.132751707027452,-0.140722997394189]]}},
{"type":"Feature","properties":{"capa_cad":"C3D-Eje Horizontal","color":"#000000"},"geometry":{"type":"LineString","coordinates":[[-78.132731211578445,-0.140714593977647],[-78.132689461627109,-0.140697787235339]]}},
{"type":"Feature","properties":{"capa_cad":"C3D-Eje Horizontal","color":"#000000"},"geometry":{"type":"LineString","coordinates":[[-78.132668966089753,-0.14068861965206],[-78.132668966089753,-0.14068861965206]]}},
{"type":"Feature","properties":{"capa_cad":"C3D-Eje Horizontal","color":"#000000"},"geometry":{"type":"LineString","coordinates":[[-78.132647711587765,-0.140680216326608],[-78.132606720693346,-0.140663409496688]]}},
{"type":"Feature","properties":{"capa_cad":"C3D-Eje Horizontal","color":"#000000"},"geometry":{"type":"LineString","coordinates":[[-78.132585466639085,-0.140658827009743],[-78.132585466639085,-0.140658827009743]]}},
{"type":"Feature","properties":{"capa_cad":"C3D-Eje Horizontal","color":"#000000"},"geometry":{"type":"LineString","coordinates":[[-78.132562695012837,-0.140658829707871],[-78.132517910815878,-0.140658835014153]]}},
{"type":"Feature","properties":{"capa_cad":"C3D-Eje Horizontal","color":"#000000"},"geometry":{"type":"LineString","coordinates":[[-78.132495139190993,-0.140658837712214],[-78.132495139190993,-0.140658837712214]]}},
{"type":"Feature","properties":{"capa_cad":"C3D-Eje Horizontal","color":"#000000"},"geometry":{"type":"LineString","coordinates":[[-78.132473126620695,-0.14065884032033],[-78.132428342427261,-0.140658845626438]]}},
{"type":"Feature","properties":{"capa_cad":"C3D-Eje Horizontal","color":"#000000"},"geometry":{"type":"LineString","coordinates":[[-78.132405570804153,-0.14065884832441],[-78.132405570804153,-0.14065884832441]]}},
{"type":"Feature","properties":{"capa_cad":"C3D-Eje Horizontal","color":"#000000"},"geometry":{"type":"LineString","coordinates":[[-78.132383558235603,-0.140658850932441],[-78.132338774045692,-0.140658856238374]]}},
{"type":"Feature","properties":{"capa_cad":"C3D-Eje Horizontal","color":"#000000"},"geometry":{"type":"LineString","coordinates":[[-78.132316002424389,-0.140658858936258],[-78.132316002424389,-0.140658858936258]]}},
{"type":"Feature","properties":{"capa_cad":"C3D-Eje Horizontal","color":"#000000"},"geometry":{"type":"LineString","coordinates":[[-78.132293989857573,-0.140658861544203],[-78.132249205671201,-0.140658866849961]]}},
{"type":"Feature","properties":{"capa_cad":"C3D-Eje Horizontal","color":"#000000"},"geometry":{"type":"LineString","coordinates":[[-78.132226434051688,-0.140658869547757],[-78.132226434051688,-0.140658869547757]]}},
{"type":"Feature","properties":{"capa_cad":"C3D-Eje Horizontal","color":"#000000"},"geometry":{"type":"LineString","coordinates":[[-78.132204421486591,-0.140658872155616],[-78.132159637303758,-0.1406588774612]]}},
{"type":"Feature","properties":{"capa_cad":"C3D-Eje Horizontal","color":"#000000"},"geometry":{"type":"LineString","coordinates":[[-78.13213686568605,-0.140658880158907],[-78.13213686568605,-0.140658880158907]]}},
{"type":"Feature","properties":{"capa_cad":"C3D-Eje Horizontal","color":"#000000"},"geometry":{"type":"LineString","coordinates":[[-78.132114853122687,-0.140658882766681],[-78.132070068943392,-0.140658888072074]]}},
{"type":"Feature","properties":{"capa_cad":"C3D-Eje Horizontal","color":"#000000"},"geometry":{"type":"LineString","coordinates":[[-78.13204729732746,-0.140658890769709],[-78.13204729732746,-0.140658890769709]]}},
{"type":"Feature","properties":{"capa_cad":"C3D-Eje Horizontal","color":"#000000"},"geometry":{"type":"LineString","coordinates":[[-78.132025284765859,-0.140658893377396],[-78.131980500590075,-0.140658898682615]]}},
{"type":"Feature","properties":{"capa_cad":"C3D-Eje Horizontal","color":"#000000"},"geometry":{"type":"LineString","coordinates":[[-78.131957728975948,-0.140658901380162],[-78.131957728975948,-0.140658901380162]]}},
{"type":"Feature","properties":{"capa_cad":"C3D-Eje Horizontal","color":"#000000"},"geometry":{"type":"LineString","coordinates":[[-78.131940271542589,-0.140665780952088],[-78.131922058984628,-0.14070628396519]]}},
{"type":"Feature","properties":{"capa_cad":"C3D-Eje Horizontal","color":"#000000"},"geometry":{"type":"LineString","coordinates":[[-78.131912952749829,-0.140726917554792],[-78.131912952749829,-0.140726917554792]]}},
{"type":"Feature","properties":{"capa_cad":"C3D-Eje Horizontal","color":"#000000"},"geometry":{"type":"LineString","coordinates":[[-78.131903087460941,-0.140747551233904],[-78.131884874989794,-0.140788818411389]]}},
{"type":"Feature","properties":{"capa_cad":"C3D-Eje Horizontal","color":"#000000"},"geometry":{"type":"LineString","coordinates":[[-78.131875768753758,-0.140809451999639],[-78.131875768753758,-0.140809451999639]]}},
{"type":"Feature","properties":{"capa_cad":"C3D-Eje Horizontal","color":"#000000"},"geometry":{"type":"LineString","coordinates":[[-78.131866662517396,-0.140830085587553],[-78.131848450043748,-0.140871352762361]]}},
{"type":"Feature","properties":{"capa_cad":"C3D-Eje Horizontal","color":"#000000"},"geometry":{"type":"LineString","coordinates":[[-78.131839343806448,-0.140891986349254],[-78.131839343806448,-0.140891986349254]]}},
{"type":"Feature","properties":{"capa_cad":"C3D-Eje Horizontal","color":"#000000"},"geometry":{"type":"LineString","coordinates":[[-78.131830237568849,-0.14091261993583],[-78.1318120250927,-0.14095388710796]]}},
{"type":"Feature","properties":{"capa_cad":"C3D-Eje Horizontal","color":"#000000"},"geometry":{"type":"LineString","coordinates":[[-78.131802918854163,-0.140974520693531],[-78.131802918854163,-0.140974520693531]]}},
{"type":"Feature","properties":{"capa_cad":"C3D-Eje Horizontal","color":"#000000"},"geometry":{"type":"LineString","coordinates":[[-78.131793812615285,-0.140995154278768],[-78.131775600047575,-0.141035657281241]]}},
{"type":"Feature","properties":{"capa_cad":"C3D-Eje Horizontal","color":"#000000"},"geometry":{"type":"LineString","coordinates":[[-78.131766493807788,-0.141056290865463],[-78.131766493807788,-0.141056290865463]]}},
{"type":"Feature","properties":{"capa_cad":"C3D-Eje Horizontal","color":"#000000"},"geometry":{"type":"LineString","coordinates":[[-78.131757387567703,-0.141076924449367],[-78.131739175086565,-0.141118191616153]]}},
{"type":"Feature","properties":{"capa_cad":"C3D-Eje Horizontal","color":"#000000"},"geometry":{"type":"LineString","coordinates":[[-78.131730068845528,-0.141138825199053],[-78.131730068845528,-0.141138825199053]]}},
{"type":"Feature","properties":{"capa_cad":"C3D-Eje Horizontal","color":"#000000"},"geometry":{"type":"LineString","coordinates":[[-78.131720962604177,-0.141159458781618],[-78.131702750120553,-0.141200725945726]]}},
{"type":"Feature","properties":{"capa_cad":"C3D-Eje Horizontal","color":"#000000"},"geometry":{"type":"LineString","coordinates":[[-78.131693643878265,-0.14122135952727],[-78.131693643878265,-0.14122135952727]]}},
{"type":"Feature","properties":{"capa_cad":"C3D-Eje Horizontal","color":"#000000"},"geometry":{"type":"LineString","coordinates":[[-78.131684537635664,-0.141241993108496],[-78.131666325149524,-0.141283260269926]]}},
{"type":"Feature","properties":{"capa_cad":"C3D-Eje Horizontal","color":"#000000"},"geometry":{"type":"LineString","coordinates":[[-78.131657218905985,-0.141303893850147],[-78.131657218905985,-0.141303893850147]]}},
{"type":"Feature","properties":{"capa_cad":"C3D-Eje Horizontal","color":"#000000"},"geometry":{"type":"LineString","coordinates":[[-78.131647353608514,-0.141324527519485],[-78.13162914103107,-0.141365030511346]]}},
{"type":"Feature","properties":{"capa_cad":"C3D-Eje Horizontal","color":"#000000"},"geometry":{"type":"LineString","coordinates":[[-78.131620034786295,-0.141385664090204],[-78.131620034786295,-0.141385664090204]]}},
{"type":"Feature","properties":{"capa_cad":"C3D-Eje Horizontal","color":"#000000"},"geometry":{"type":"LineString","coordinates":[[-78.131610928541207,-0.141406297668743],[-78.131592716050108,-0.141447564824802]]}},
{"type":"Feature","properties":{"capa_cad":"C3D-Eje Horizontal","color":"#000000"},"geometry":{"type":"LineString","coordinates":[[-78.131583609804068,-0.141468198402337],[-78.131583609804068,-0.141468198402337]]}},
{"type":"Feature","properties":{"capa_cad":"C3D-Eje Horizontal","color":"#000000"},"geometry":{"type":"LineString","coordinates":[[-78.131574503557744,-0.141488831979521],[-78.131556291064129,-0.141530099132918]]}},
{"type":"Feature","properties":{"capa_cad":"C3D-Eje Horizontal","color":"#000000"},"geometry":{"type":"LineString","coordinates":[[-78.131547184816867,-0.141550732709097],[-78.131547184816867,-0.141550732709097]]}},
{"type":"Feature","properties":{"capa_cad":"C3D-Eje Horizontal","color":"#000000"},"geometry":{"type":"LineString","coordinates":[[-78.131538078569264,-0.141571366284959],[-78.131519866073162,-0.141612633435661]]}},
{"type":"Feature","properties":{"capa_cad":"C3D-Eje Horizontal","color":"#000000"},"geometry":{"type":"LineString","coordinates":[[-78.131510759824636,-0.141633267010518],[-78.131510759824636,-0.141633267010518]]}},
{"type":"Feature","properties":{"capa_cad":"C3D-Eje Horizontal","color":"#000000"},"geometry":{"type":"LineString","coordinates":[[-78.131501653575796,-0.141653900585023],[-78.131483440988561,-0.141694403566282]]}},
{"type":"Feature","properties":{"capa_cad":"C3D-Eje Horizontal","color":"#000000"},"geometry":{"type":"LineString","coordinates":[[-78.131474334738797,-0.141715037139789],[-78.131474334738797,-0.141715037139789]]}},
{"type":"Feature","properties":{"capa_cad":"C3D-Eje Horizontal","color":"#000000"},"geometry":{"type":"LineString","coordinates":[[-78.131465228488722,-0.141735670712979],[-78.131447015987632,-0.141776937858336]]}},
{"type":"Feature","properties":{"capa_cad":"C3D-Eje Horizontal","color":"#000000"},"geometry":{"type":"LineString","coordinates":[[-78.131437909736619,-0.141797571430521],[-78.131437909736619,-0.141797571430521]]}},
{"type":"Feature","properties":{"capa_cad":"C3D-Eje Horizontal","color":"#000000"},"geometry":{"type":"LineString","coordinates":[[-78.131428803485278,-0.141818205002355],[-78.131410590981687,-0.14185947214505]]}},
{"type":"Feature","properties":{"capa_cad":"C3D-Eje Horizontal","color":"#000000"},"geometry":{"type":"LineString","coordinates":[[-78.131401484729423,-0.141880105715879],[-78.131401484729423,-0.141880105715879]]}},
{"type":"Feature","properties":{"capa_cad":"C3D-Eje Horizontal","color":"#000000"},"geometry":{"type":"LineString","coordinates":[[-78.131391619423383,-0.141900739375464],[-78.131373406917305,-0.141942006515437]]}},
{"type":"Feature","properties":{"capa_cad":"C3D-Eje Horizontal","color":"#000000"},"geometry":{"type":"LineString","coordinates":[[-78.131364300663776,-0.141962640084912],[-78.131364300663776,-0.141962640084912]]}},
{"type":"Feature","properties":{"capa_cad":"C3D-Eje Horizontal","color":"#000000"},"geometry":{"type":"LineString","coordinates":[[-78.131355194409963,-0.14198327365407],[-78.131336981812979,-0.142023776624681]]}},
{"type":"Feature","properties":{"capa_cad":"C3D-Eje Horizontal","color":"#000000"},"geometry":{"type":"LineString","coordinates":[[-78.131327875558213,-0.14204441019284],[-78.131327875558213,-0.14204441019284]]}},
{"type":"Feature","properties":{"capa_cad":"C3D-Eje Horizontal","color":"#000000"},"geometry":{"type":"LineString","coordinates":[[-78.131318769303149,-0.142065043760665],[-78.131305109875797,-0.142095612028418],[-78.13130511128918,-0.142107838695048]]}},
{"type":"Feature","properties":{"capa_cad":"C3D-Eje Horizontal","color":"#000000"},"geometry":{"type":"LineString","coordinates":[[-78.131303595743802,-0.142129999706109],[-78.131303595743802,-0.142129999706109]]}},
{"type":"Feature","properties":{"capa_cad":"C3D-Eje Horizontal","color":"#000000"},"geometry":{"type":"LineString","coordinates":[[-78.131302839251404,-0.142152160628242],[-78.131300567300187,-0.142197246727898]]}},
{"type":"Feature","properties":{"capa_cad":"C3D-Eje Horizontal","color":"#000000"},"geometry":{"type":"LineString","coordinates":[[-78.131299810894745,-0.142220171816583],[-78.131299810894745,-0.142220171816583]]}},
{"type":"Feature","properties":{"capa_cad":"C3D-Eje Horizontal","color":"#000000"},"geometry":{"type":"LineString","coordinates":[[-78.131298295347193,-0.142242332827389],[-78.131296023392423,-0.142287418926698]]}},
{"type":"Feature","properties":{"capa_cad":"C3D-Eje Horizontal","color":"#000000"},"geometry":{"type":"LineString","coordinates":[[-78.131295266985191,-0.142310344015212],[-78.131295266985191,-0.142310344015212]]}},
{"type":"Feature","properties":{"capa_cad":"C3D-Eje Horizontal","color":"#000000"},"geometry":{"type":"LineString","coordinates":[[-78.131294510489326,-0.142332504937042],[-78.131292238531017,-0.142377591036017]]}},
{"type":"Feature","properties":{"capa_cad":"C3D-Eje Horizontal","color":"#000000"},"geometry":{"type":"LineString","coordinates":[[-78.131290723068574,-0.14240051621313],[-78.131290723068574,-0.14240051621313]]}},
{"type":"Feature","properties":{"capa_cad":"C3D-Eje Horizontal","color":"#000000"},"geometry":{"type":"LineString","coordinates":[[-78.131289966570947,-0.142422677134809],[-78.131287694609114,-0.142467763233419]]}},
{"type":"Feature","properties":{"capa_cad":"C3D-Eje Horizontal","color":"#000000"},"geometry":{"type":"LineString","coordinates":[[-78.131286938198258,-0.142490688321643],[-78.131286938198258,-0.142490688321643]]}},
{"type":"Feature","properties":{"capa_cad":"C3D-Eje Horizontal","color":"#000000"},"geometry":{"type":"LineString","coordinates":[[-78.13128542264549,-0.142512849331848],[-78.131284666145703,-0.142535010253347],[-78.131287705000574,-0.142557934898324]]}},
{"type":"Feature","properties":{"capa_cad":"C3D-Eje Horizontal","color":"#000000"},"geometry":{"type":"LineString","coordinates":[[-78.131290743766968,-0.142580095376789],[-78.131290743766968,-0.142580095376789]]}},
{"type":"Feature","properties":{"capa_cad":"C3D-Eje Horizontal","color":"#000000"},"geometry":{"type":"LineString","coordinates":[[-78.131293782532978,-0.142602255855356],[-78.131300619205106,-0.14264734089096]]}},
{"type":"Feature","properties":{"capa_cad":"C3D-Eje Horizontal","color":"#000000"},"geometry":{"type":"LineString","coordinates":[[-78.131303657969852,-0.142669501369897],[-78.131303657969852,-0.142669501369897]]}},
{"type":"Feature","properties":{"capa_cad":"C3D-Eje Horizontal","color":"#000000"},"geometry":{"type":"LineString","coordinates":[[-78.131306696734171,-0.142691661848951],[-78.131312774261602,-0.142735982807429]]}},
{"type":"Feature","properties":{"capa_cad":"C3D-Eje Horizontal","color":"#000000"},"geometry":{"type":"LineString","coordinates":[[-78.131315813112593,-0.142758907453521],[-78.131315813112593,-0.142758907453521]]}},
{"type":"Feature","properties":{"capa_cad":"C3D-Eje Horizontal","color":"#000000"},"geometry":{"type":"LineString","coordinates":[[-78.131318851875264,-0.142781067933049],[-78.131324929399341,-0.142825388892474]]}},
{"type":"Feature","properties":{"capa_cad":"C3D-Eje Horizontal","color":"#000000"},"geometry":{"type":"LineString","coordinates":[[-78.131328727214211,-0.142847549283932],[-78.131328727214211,-0.142847549283932]]}},
{"type":"Feature","properties":{"capa_cad":"C3D-Eje Horizontal","color":"#000000"},"geometry":{"type":"LineString","coordinates":[[-78.131331766063056,-0.142870473930624],[-78.131337843583822,-0.142914794891025]]}},
{"type":"Feature","properties":{"capa_cad":"C3D-Eje Horizontal","color":"#000000"},"geometry":{"type":"LineString","coordinates":[[-78.131340882343579,-0.142936955371394],[-78.131340882343579,-0.142936955371394]]}},
{"type":"Feature","properties":{"capa_cad":"C3D-Eje Horizontal","color":"#000000"},"geometry":{"type":"LineString","coordinates":[[-78.131343921190705,-0.142959880018584],[-78.131349998708131,-0.143004200979931]]}},
{"type":"Feature","properties":{"capa_cad":"C3D-Eje Horizontal","color":"#000000"},"geometry":{"type":"LineString","coordinates":[[-78.131353037466226,-0.143026361460773],[-78.131353037466226,-0.143026361460773]]}},
{"type":"Feature","properties":{"capa_cad":"C3D-Eje Horizontal","color":"#000000"},"geometry":{"type":"LineString","coordinates":[[-78.131356835277387,-0.143048521853444],[-78.131362912879212,-0.143093606982463]]}},
{"type":"Feature","properties":{"capa_cad":"C3D-Eje Horizontal","color":"#000000"},"geometry":{"type":"LineString","coordinates":[[-78.131365951635644,-0.143115767463793],[-78.131365951635644,-0.143115767463793]]}},
{"type":"Feature","properties":{"capa_cad":"C3D-Eje Horizontal","color":"#000000"},"geometry":{"type":"LineString","coordinates":[[-78.131368990391664,-0.143137927945257],[-78.131375067990092,-0.14318301307523]]}},
{"type":"Feature","properties":{"capa_cad":"C3D-Eje Horizontal","color":"#000000"},"geometry":{"type":"LineString","coordinates":[[-78.131378106744862,-0.143205173557033],[-78.131378106744862,-0.143205173557033]]}},
{"type":"Feature","properties":{"capa_cad":"C3D-Eje Horizontal","color":"#000000"},"geometry":{"type":"LineString","coordinates":[[-78.131381904552725,-0.143227333950784],[-78.131387982147757,-0.143272419081742]]}},
{"type":"Feature","properties":{"capa_cad":"C3D-Eje Horizontal","color":"#000000"},"geometry":{"type":"LineString","coordinates":[[-78.131391020900864,-0.143294579564033],[-78.131391020900864,-0.143294579564033]]}},
{"type":"Feature","properties":{"capa_cad":"C3D-Eje Horizontal","color":"#000000"},"geometry":{"type":"LineString","coordinates":[[-78.131394059653559,-0.143316740046459],[-78.131400137157726,-0.14336106101163]]}},
{"type":"Feature","properties":{"capa_cad":"C3D-Eje Horizontal","color":"#000000"},"geometry":{"type":"LineString","coordinates":[[-78.131403175996653,-0.143383985661135],[-78.131403175996653,-0.143383985661135]]}},
{"type":"Feature","properties":{"capa_cad":"C3D-Eje Horizontal","color":"#000000"},"geometry":{"type":"LineString","coordinates":[[-78.131406214747699,-0.143406146144017],[-78.131413051302033,-0.143450467022113]]}},
{"type":"Feature","properties":{"capa_cad":"C3D-Eje Horizontal","color":"#000000"},"geometry":{"type":"LineString","coordinates":[[-78.131416090051829,-0.14347262750538],[-78.131416090051829,-0.14347262750538]]}},
{"type":"Feature","properties":{"capa_cad":"C3D-Eje Horizontal","color":"#000000"},"geometry":{"type":"LineString","coordinates":[[-78.131419128888638,-0.143495552155485],[-78.131423686706015,-0.143526118297178],[-78.131429001566431,-0.143539108515988]]}},
{"type":"Feature","properties":{"capa_cad":"C3D-Eje Horizontal","color":"#000000"},"geometry":{"type":"LineString","coordinates":[[-78.131438112568176,-0.143559739962593],[-78.131438112568176,-0.143559739962593]]}},
{"type":"Feature","properties":{"capa_cad":"C3D-Eje Horizontal","color":"#000000"},"geometry":{"type":"LineString","coordinates":[[-78.131447982535832,-0.143579607154815],[-78.131466204537986,-0.143620870049691]]}},
{"type":"Feature","properties":{"capa_cad":"C3D-Eje Horizontal","color":"#000000"},"geometry":{"type":"LineString","coordinates":[[-78.131475315538623,-0.143641501497612],[-78.131475315538623,-0.143641501497612]]}},
{"type":"Feature","properties":{"capa_cad":"C3D-Eje Horizontal","color":"#000000"},"geometry":{"type":"LineString","coordinates":[[-78.131484426539004,-0.143662132945876],[-78.131502648538898,-0.143703395843369]]}},
{"type":"Feature","properties":{"capa_cad":"C3D-Eje Horizontal","color":"#000000"},"geometry":{"type":"LineString","coordinates":[[-78.131512518592018,-0.143724027204738],[-78.131512518592018,-0.143724027204738]]}},
{"type":"Feature","properties":{"capa_cad":"C3D-Eje Horizontal","color":"#000000"},"geometry":{"type":"LineString","coordinates":[[-78.131521629504036,-0.1437438944875],[-78.131539851501728,-0.143785157387624]]}},
{"type":"Feature","properties":{"capa_cad":"C3D-Eje Horizontal","color":"#000000"},"geometry":{"type":"LineString","coordinates":[[-78.131548962500162,-0.143805788838167],[-78.131548962500162,-0.143805788838167]]}},
{"type":"Feature","properties":{"capa_cad":"C3D-Eje Horizontal","color":"#000000"},"geometry":{"type":"LineString","coordinates":[[-78.131558073498312,-0.143826420289055],[-78.131577054547407,-0.143867683104029]]}},
{"type":"Feature","properties":{"capa_cad":"C3D-Eje Horizontal","color":"#000000"},"geometry":{"type":"LineString","coordinates":[[-78.131586165544732,-0.143888314555894],[-78.131586165544732,-0.143888314555894]]}},
{"type":"Feature","properties":{"capa_cad":"C3D-Eje Horizontal","color":"#000000"},"geometry":{"type":"LineString","coordinates":[[-78.131595276541759,-0.143908946008086],[-78.131613498447877,-0.1439494447466]]}},
{"type":"Feature","properties":{"capa_cad":"C3D-Eje Horizontal","color":"#000000"},"geometry":{"type":"LineString","coordinates":[[-78.131622609444079,-0.143970076199767],[-78.131622609444079,-0.143970076199767]]}},
{"type":"Feature","properties":{"capa_cad":"C3D-Eje Horizontal","color":"#000000"},"geometry":{"type":"LineString","coordinates":[[-78.131632479493689,-0.143990707565593],[-78.131650701484716,-0.144031970473606]]}},
{"type":"Feature","properties":{"capa_cad":"C3D-Eje Horizontal","color":"#000000"},"geometry":{"type":"LineString","coordinates":[[-78.131659812479811,-0.144052601928094],[-78.131659812479811,-0.144052601928094]]}},
{"type":"Feature","properties":{"capa_cad":"C3D-Eje Horizontal","color":"#000000"},"geometry":{"type":"LineString","coordinates":[[-78.131668923474621,-0.144073233382909],[-78.131687904430109,-0.144113732039016]]}},
{"type":"Feature","properties":{"capa_cad":"C3D-Eje Horizontal","color":"#000000"},"geometry":{"type":"LineString","coordinates":[[-78.131697015424109,-0.144134363494836],[-78.131697015424109,-0.144134363494836]]}},
{"type":"Feature","properties":{"capa_cad":"C3D-Eje Horizontal","color":"#000000"},"geometry":{"type":"LineString","coordinates":[[-78.131706126417825,-0.144154994950966],[-78.131724348404404,-0.144196257864225]]}},
{"type":"Feature","properties":{"capa_cad":"C3D-Eje Horizontal","color":"#000000"},"geometry":{"type":"LineString","coordinates":[[-78.131733459397282,-0.144216889321337],[-78.131733459397282,-0.144216889321337]]}},
{"type":"Feature","properties":{"capa_cad":"C3D-Eje Horizontal","color":"#000000"},"geometry":{"type":"LineString","coordinates":[[-78.131743329443637,-0.144237520691268],[-78.131761551341086,-0.144278019440185]]}},
{"type":"Feature","properties":{"capa_cad":"C3D-Eje Horizontal","color":"#000000"},"geometry":{"type":"LineString","coordinates":[[-78.131770662332855,-0.144298650898629],[-78.131770662332855,-0.144298650898629]]}},
{"type":"Feature","properties":{"capa_cad":"C3D-Eje Horizontal","color":"#000000"},"geometry":{"type":"LineString","coordinates":[[-78.131779773324354,-0.144319282357382],[-78.131797995306485,-0.144360545275887]]}},
{"type":"Feature","properties":{"capa_cad":"C3D-Eje Horizontal","color":"#000000"},"geometry":{"type":"LineString","coordinates":[[-78.13180786535095,-0.144381176648192],[-78.13180786535095,-0.144381176648192]]}},
{"type":"Feature","properties":{"capa_cad":"C3D-Eje Horizontal","color":"#000000"},"geometry":{"type":"LineString","coordinates":[[-78.131816976341327,-0.144401808108283],[-78.131835198321241,-0.144443071029414]]}},
{"type":"Feature","properties":{"capa_cad":"C3D-Eje Horizontal","color":"#000000"},"geometry":{"type":"LineString","coordinates":[[-78.131844309223979,-0.144462938323463],[-78.131844309223979,-0.144462938323463]]}},
{"type":"Feature","properties":{"capa_cad":"C3D-Eje Horizontal","color":"#000000"},"geometry":{"type":"LineString","coordinates":[[-78.131853420213261,-0.14448356978484],[-78.13187240124482,-0.144524832621254]]}},
{"type":"Feature","properties":{"capa_cad":"C3D-Eje Horizontal","color":"#000000"},"geometry":{"type":"LineString","coordinates":[[-78.131881512233264,-0.144545464083625],[-78.131881512233264,-0.144545464083625]]}},
{"type":"Feature","properties":{"capa_cad":"C3D-Eje Horizontal","color":"#000000"},"geometry":{"type":"LineString","coordinates":[[-78.131890623221409,-0.144566095546339],[-78.13190884519689,-0.144607358472716]]}},
{"type":"Feature","properties":{"capa_cad":"C3D-Eje Horizontal","color":"#000000"},"geometry":{"type":"LineString","coordinates":[[-78.131917956097524,-0.144627225769339],[-78.131917956097524,-0.144627225769339]]}},
{"type":"Feature","properties":{"capa_cad":"C3D-Eje Horizontal","color":"#000000"},"geometry":{"type":"LineString","coordinates":[[-78.131927826138465,-0.144647857146082],[-78.131946048111743,-0.144689120075105]]}},
{"type":"Feature","properties":{"capa_cad":"C3D-Eje Horizontal","color":"#000000"},"geometry":{"type":"LineString","coordinates":[[-78.131955159097956,-0.144709751540099],[-78.131955159097956,-0.144709751540099]]}},
{"type":"Feature","properties":{"capa_cad":"C3D-Eje Horizontal","color":"#000000"},"geometry":{"type":"LineString","coordinates":[[-78.131964270083898,-0.144730383005436],[-78.131983251108863,-0.144771645849899]]}},
{"type":"Feature","properties":{"capa_cad":"C3D-Eje Horizontal","color":"#000000"},"geometry":{"type":"LineString","coordinates":[[-78.131992362093968,-0.144792277316214],[-78.131992362093968,-0.144792277316214]]}},
{"type":"Feature","properties":{"capa_cad":"C3D-Eje Horizontal","color":"#000000"},"geometry":{"type":"LineString","coordinates":[[-78.132001472992229,-0.144812144615727],[-78.132019694961045,-0.144853407549996]]}},
{"type":"Feature","properties":{"capa_cad":"C3D-Eje Horizontal","color":"#000000"},"geometry":{"type":"LineString","coordinates":[[-78.132028805945055,-0.144874039017612],[-78.132028805945055,-0.144874039017612]]}},
{"type":"Feature","properties":{"capa_cad":"C3D-Eje Horizontal","color":"#000000"},"geometry":{"type":"LineString","coordinates":[[-78.132037916928766,-0.144894670485572],[-78.132056897949354,-0.144935933335388]]}},
{"type":"Feature","properties":{"capa_cad":"C3D-Eje Horizontal","color":"#000000"},"geometry":{"type":"LineString","coordinates":[[-78.132066008932227,-0.144956564804325],[-78.132066008932227,-0.144956564804325]]}},
{"type":"Feature","properties":{"capa_cad":"C3D-Eje Horizontal","color":"#000000"},"geometry":{"type":"LineString","coordinates":[[-78.132075119828372,-0.144976432106411],[-78.132075119828372,-0.144976432106411]]}},
{"type":"Feature","properties":{"capa_cad":"C3D-Eje Horizontal","color":"#000000"},"geometry":{"type":"LineString","coordinates":[[-78.136743853356293,-0.143072347991809],[-78.136699068550627,-0.143068532359768]]}},
{"type":"Feature","properties":{"capa_cad":"C3D-Eje Horizontal","color":"#000000"},"geometry":{"type":"LineString","coordinates":[[-78.136676296575999,-0.143066242502919],[-78.136676296575999,-0.143066242502919]]}},
{"type":"Feature","properties":{"capa_cad":"C3D-Eje Horizontal","color":"#000000"},"geometry":{"type":"LineString","coordinates":[[-78.136654283746722,-0.143064716727922],[-78.136609498856714,-0.143060136926079]]}},
{"type":"Feature","properties":{"capa_cad":"C3D-Eje Horizontal","color":"#000000"},"geometry":{"type":"LineString","coordinates":[[-78.136586726971757,-0.143058611239699],[-78.136586726971757,-0.143058611239699]]}},
{"type":"Feature","properties":{"capa_cad":"C3D-Eje Horizontal","color":"#000000"},"geometry":{"type":"LineString","coordinates":[[-78.136564713968454,-0.143055557124508],[-78.13652296407929,-0.143040278586912]]}},
{"type":"Feature","properties":{"capa_cad":"C3D-Eje Horizontal","color":"#000000"},"geometry":{"type":"LineString","coordinates":[[-78.136501709518882,-0.143031875192604],[-78.136501709518882,-0.143031875192604]]}},
{"type":"Feature","properties":{"capa_cad":"C3D-Eje Horizontal","color":"#000000"},"geometry":{"type":"LineString","coordinates":[[-78.136480455046723,-0.143024235968714],[-78.13643870516033,-0.14300895743326]]}},
{"type":"Feature","properties":{"capa_cad":"C3D-Eje Horizontal","color":"#000000"},"geometry":{"type":"LineString","coordinates":[[-78.136417450601328,-0.143000554040081],[-78.136417450601328,-0.143000554040081]]}},
{"type":"Feature","properties":{"capa_cad":"C3D-Eje Horizontal","color":"#000000"},"geometry":{"type":"LineString","coordinates":[[-78.13639619613059,-0.142992914817262],[-78.136358240651788,-0.142969994140757]]}},
{"type":"Feature","properties":{"capa_cad":"C3D-Eje Horizontal","color":"#000000"},"geometry":{"type":"LineString","coordinates":[[-78.136338503855924,-0.142958533891569],[-78.136338503855924,-0.142958533891569]]}},
{"type":"Feature","properties":{"capa_cad":"C3D-Eje Horizontal","color":"#000000"},"geometry":{"type":"LineString","coordinates":[[-78.136319526029155,-0.142946309384208],[-78.136280811495368,-0.14292338879921]]}},
{"type":"Feature","properties":{"capa_cad":"C3D-Eje Horizontal","color":"#000000"},"geometry":{"type":"LineString","coordinates":[[-78.136261833669238,-0.142911164293007],[-78.136261833669238,-0.142911164293007]]}},
{"type":"Feature","properties":{"capa_cad":"C3D-Eje Horizontal","color":"#000000"},"geometry":{"type":"LineString","coordinates":[[-78.136242855843321,-0.142898939787178],[-78.136205659160836,-0.142873726518191]]}},
{"type":"Feature","properties":{"capa_cad":"C3D-Eje Horizontal","color":"#000000"},"geometry":{"type":"LineString","coordinates":[[-78.136185922806774,-0.142866087121804],[-78.136185922806774,-0.142866087121804]]}},
{"type":"Feature","properties":{"capa_cad":"C3D-Eje Horizontal","color":"#000000"},"geometry":{"type":"LineString","coordinates":[[-78.136163151018252,-0.142865325609396],[-78.136118366587226,-0.142864566665894]]}},
{"type":"Feature","properties":{"capa_cad":"C3D-Eje Horizontal","color":"#000000"},"geometry":{"type":"LineString","coordinates":[[-78.136095594800068,-0.142863805153477],[-78.136095594800068,-0.142863805153477]]}},
{"type":"Feature","properties":{"capa_cad":"C3D-Eje Horizontal","color":"#000000"},"geometry":{"type":"LineString","coordinates":[[-78.136073582157962,-0.142863807722363],[-78.13604397886229,-0.142863047007189],[-78.136034112446353,-0.14287451070639]]}},
{"type":"Feature","properties":{"capa_cad":"C3D-Eje Horizontal","color":"#000000"},"geometry":{"type":"LineString","coordinates":[[-78.136019692394626,-0.142892088295435],[-78.136019692394626,-0.142892088295435]]}},
{"type":"Feature","properties":{"capa_cad":"C3D-Eje Horizontal","color":"#000000"},"geometry":{"type":"LineString","coordinates":[[-78.1360052723428,-0.142909665884025],[-78.135976432150883,-0.142944056890038]]}},
{"type":"Feature","properties":{"capa_cad":"C3D-Eje Horizontal","color":"#000000"},"geometry":{"type":"LineString","coordinates":[[-78.135962012098744,-0.142961634477272],[-78.135962012098744,-0.142961634477272]]}},
{"type":"Feature","properties":{"capa_cad":"C3D-Eje Horizontal","color":"#000000"},"geometry":{"type":"LineString","coordinates":[[-78.135946832814142,-0.142977683812977],[-78.135915715276198,-0.143010546741333]]}},
{"type":"Feature","properties":{"capa_cad":"C3D-Eje Horizontal","color":"#000000"},"geometry":{"type":"LineString","coordinates":[[-78.135899776934949,-0.14302659616419],[-78.135899776934949,-0.14302659616419]]}},
{"type":"Feature","properties":{"capa_cad":"C3D-Eje Horizontal","color":"#000000"},"geometry":{"type":"LineString","coordinates":[[-78.135884597738055,-0.143043409667847],[-78.135853480199756,-0.14307627259252]]}},
{"type":"Feature","properties":{"capa_cad":"C3D-Eje Horizontal","color":"#000000"},"geometry":{"type":"LineString","coordinates":[[-78.135834504842023,-0.143085444839835],[-78.135834504842023,-0.143085444839835]]}},
{"type":"Feature","properties":{"capa_cad":"C3D-Eje Horizontal","color":"#000000"},"geometry":{"type":"LineString","coordinates":[[-78.135812492819596,-0.143090796592034],[-78.135768468600247,-0.143099971756408]]}},
{"type":"Feature","properties":{"capa_cad":"C3D-Eje Horizontal","color":"#000000"},"geometry":{"type":"LineString","coordinates":[[-78.135746456491177,-0.143104559338305],[-78.135746456491177,-0.143104559338305]]}},
{"type":"Feature","properties":{"capa_cad":"C3D-Eje Horizontal","color":"#000000"},"geometry":{"type":"LineString","coordinates":[[-78.13572444438249,-0.143109146920002],[-78.135680420254147,-0.143119086252404]]}},
{"type":"Feature","properties":{"capa_cad":"C3D-Eje Horizontal","color":"#000000"},"geometry":{"type":"LineString","coordinates":[[-78.135658408146668,-0.143123673833473],[-78.135658408146668,-0.143123673833473]]}},
{"type":"Feature","properties":{"capa_cad":"C3D-Eje Horizontal","color":"#000000"},"geometry":{"type":"LineString","coordinates":[[-78.135636396039587,-0.143128261414361],[-78.135591612067955,-0.143131323307552]]}},
{"type":"Feature","properties":{"capa_cad":"C3D-Eje Horizontal","color":"#000000"},"geometry":{"type":"LineString","coordinates":[[-78.135569599610946,-0.143132854209829],[-78.135569599610946,-0.143132854209829]]}},
{"type":"Feature","properties":{"capa_cad":"C3D-Eje Horizontal","color":"#000000"},"geometry":{"type":"LineString","coordinates":[[-78.135546828098072,-0.143134385200414],[-78.135502044129936,-0.143137447092946]]}},
{"type":"Feature","properties":{"capa_cad":"C3D-Eje Horizontal","color":"#000000"},"geometry":{"type":"LineString","coordinates":[[-78.135480031674632,-0.143138977994914],[-78.135480031674632,-0.143138977994914]]}},
{"type":"Feature","properties":{"capa_cad":"C3D-Eje Horizontal","color":"#000000"},"geometry":{"type":"LineString","coordinates":[[-78.135457260251314,-0.143141273154618],[-78.135413235430633,-0.143145099127507]]}},
{"type":"Feature","properties":{"capa_cad":"C3D-Eje Horizontal","color":"#000000"},"geometry":{"type":"LineString","coordinates":[[-78.135390464008637,-0.143147394286887],[-78.135390464008637,-0.143147394286887]]}},
{"type":"Feature","properties":{"capa_cad":"C3D-Eje Horizontal","color":"#000000"},"geometry":{"type":"LineString","coordinates":[[-78.135368451643231,-0.14314968935778],[-78.135323667769796,-0.143153515418258]]}},
{"type":"Feature","properties":{"capa_cad":"C3D-Eje Horizontal","color":"#000000"},"geometry":{"type":"LineString","coordinates":[[-78.135300896349563,-0.143155810577199],[-78.135300896349563,-0.143155810577199]]}},
{"type":"Feature","properties":{"capa_cad":"C3D-Eje Horizontal","color":"#000000"},"geometry":{"type":"LineString","coordinates":[[-78.135278883898096,-0.143157341478329],[-78.135271293424921,-0.143158106531246],[-78.135240169755733,-0.143137477582593]]}},
{"type":"Feature","properties":{"capa_cad":"C3D-Eje Horizontal","color":"#000000"},"geometry":{"type":"LineString","coordinates":[[-78.135221191949626,-0.143125253083117],[-78.135221191949626,-0.143125253083117]]}},
{"type":"Feature","properties":{"capa_cad":"C3D-Eje Horizontal","color":"#000000"},"geometry":{"type":"LineString","coordinates":[[-78.135202214143703,-0.143113028584051],[-78.135164258532512,-0.143088579587078]]}},
{"type":"Feature","properties":{"capa_cad":"C3D-Eje Horizontal","color":"#000000"},"geometry":{"type":"LineString","coordinates":[[-78.135145280727215,-0.143076355089187],[-78.135145280727215,-0.143076355089187]]}},
{"type":"Feature","properties":{"capa_cad":"C3D-Eje Horizontal","color":"#000000"},"geometry":{"type":"LineString","coordinates":[[-78.13513009767513,-0.143059545134187],[-78.13510124959501,-0.143025160879414]]}},
{"type":"Feature","properties":{"capa_cad":"C3D-Eje Horizontal","color":"#000000"},"geometry":{"type":"LineString","coordinates":[[-78.135086825510939,-0.143007586668057],[-78.135086825510939,-0.143007586668057]]}},
{"type":"Feature","properties":{"capa_cad":"C3D-Eje Horizontal","color":"#000000"},"geometry":{"type":"LineString","coordinates":[[-78.135072401514677,-0.14299077662633],[-78.135043553434144,-0.142956392374971]]}},
{"type":"Feature","properties":{"capa_cad":"C3D-Eje Horizontal","color":"#000000"},"geometry":{"type":"LineString","coordinates":[[-78.135029129349832,-0.14293881816534],[-78.135029129349832,-0.14293881816534]]}},
{"type":"Feature","properties":{"capa_cad":"C3D-Eje Horizontal","color":"#000000"},"geometry":{"type":"LineString","coordinates":[[-78.135014705265476,-0.142921243956163],[-78.135001799556633,-0.142905962077813],[-78.134993447215791,-0.142882273808059]]}},
{"type":"Feature","properties":{"capa_cad":"C3D-Eje Horizontal","color":"#000000"},"geometry":{"type":"LineString","coordinates":[[-78.134986613250206,-0.142860877868983],[-78.134986613250206,-0.142860877868983]]}},
{"type":"Feature","properties":{"capa_cad":"C3D-Eje Horizontal","color":"#000000"},"geometry":{"type":"LineString","coordinates":[[-78.134979020228386,-0.142839482018712],[-78.13496383418375,-0.142796690319019]]}},
{"type":"Feature","properties":{"capa_cad":"C3D-Eje Horizontal","color":"#000000"},"geometry":{"type":"LineString","coordinates":[[-78.134957000216801,-0.142775294380988],[-78.134957000216801,-0.142775294380988]]}},
{"type":"Feature","properties":{"capa_cad":"C3D-Eje Horizontal","color":"#000000"},"geometry":{"type":"LineString","coordinates":[[-78.134949407193645,-0.142753898531834],[-78.134934980202189,-0.142711106745742]]}},
{"type":"Feature","properties":{"capa_cad":"C3D-Eje Horizontal","color":"#000000"},"geometry":{"type":"LineString","coordinates":[[-78.134927387266103,-0.142690475066519],[-78.134927387266103,-0.142690475066519]]}},
{"type":"Feature","properties":{"capa_cad":"C3D-Eje Horizontal","color":"#000000"},"geometry":{"type":"LineString","coordinates":[[-78.134918276129937,-0.142669079395817],[-78.13489929506521,-0.142628580651385]]}},
{"type":"Feature","properties":{"capa_cad":"C3D-Eje Horizontal","color":"#000000"},"geometry":{"type":"LineString","coordinates":[[-78.134889424960463,-0.142607949239501],[-78.134889424960463,-0.142607949239501]]}},
{"type":"Feature","properties":{"capa_cad":"C3D-Eje Horizontal","color":"#000000"},"geometry":{"type":"LineString","coordinates":[[-78.134879554943623,-0.142588081997018],[-78.134860573788643,-0.142546819086231]]}},
{"type":"Feature","properties":{"capa_cad":"C3D-Eje Horizontal","color":"#000000"},"geometry":{"type":"LineString","coordinates":[[-78.134850703771036,-0.142526951844786],[-78.134850703771036,-0.142526951844786]]}},
{"type":"Feature","properties":{"capa_cad":"C3D-Eje Horizontal","color":"#000000"},"geometry":{"type":"LineString","coordinates":[[-78.134849183014083,-0.142504026950919],[-78.134846141587005,-0.14245894133241]]}},
{"type":"Feature","properties":{"capa_cad":"C3D-Eje Horizontal","color":"#000000"},"geometry":{"type":"LineString","coordinates":[[-78.134843861861157,-0.142436780696595],[-78.134843861861157,-0.142436780696595]]}},
{"type":"Feature","properties":{"capa_cad":"C3D-Eje Horizontal","color":"#000000"},"geometry":{"type":"LineString","coordinates":[[-78.134842341102427,-0.142413855802985],[-78.134839299671881,-0.142368770184984]]}},
{"type":"Feature","properties":{"capa_cad":"C3D-Eje Horizontal","color":"#000000"},"geometry":{"type":"LineString","coordinates":[[-78.134837019944328,-0.142346609549481],[-78.134837019944328,-0.142346609549481]]}},
{"type":"Feature","properties":{"capa_cad":"C3D-Eje Horizontal","color":"#000000"},"geometry":{"type":"LineString","coordinates":[[-78.134835499183836,-0.142323684656127],[-78.134832457749809,-0.142278599038634]]}},
{"type":"Feature","properties":{"capa_cad":"C3D-Eje Horizontal","color":"#000000"},"geometry":{"type":"LineString","coordinates":[[-78.13483017802055,-0.142256438403444],[-78.13483017802055,-0.142256438403444]]}},
{"type":"Feature","properties":{"capa_cad":"C3D-Eje Horizontal","color":"#000000"},"geometry":{"type":"LineString","coordinates":[[-78.134841562178337,-0.142241917857457],[-78.134884067711894,-0.142228157832628]]}},
{"type":"Feature","properties":{"capa_cad":"C3D-Eje Horizontal","color":"#000000"},"geometry":{"type":"LineString","coordinates":[[-78.1349053203908,-0.142220513650724],[-78.1349053203908,-0.142220513650724]]}},
{"type":"Feature","properties":{"capa_cad":"C3D-Eje Horizontal","color":"#000000"},"geometry":{"type":"LineString","coordinates":[[-78.134926573158438,-0.142213633637594],[-78.134969078694709,-0.142199873610521]]}},
{"type":"Feature","properties":{"capa_cad":"C3D-Eje Horizontal","color":"#000000"},"geometry":{"type":"LineString","coordinates":[[-78.134990331374979,-0.142192229427438],[-78.134990331374979,-0.142192229427438]]}},
{"type":"Feature","properties":{"capa_cad":"C3D-Eje Horizontal","color":"#000000"},"geometry":{"type":"LineString","coordinates":[[-78.135011584143967,-0.142185349413186],[-78.135054848738918,-0.142171589294854]]}},
{"type":"Feature","properties":{"capa_cad":"C3D-Eje Horizontal","color":"#000000"},"geometry":{"type":"LineString","coordinates":[[-78.135076101508943,-0.142164709279782],[-78.135076101508943,-0.142164709279782]]}},
{"type":"Feature","properties":{"capa_cad":"C3D-Eje Horizontal","color":"#000000"},"geometry":{"type":"LineString","coordinates":[[-78.135097354190904,-0.142157065095206],[-78.135139859732703,-0.142143305063634]]}},
{"type":"Feature","properties":{"capa_cad":"C3D-Eje Horizontal","color":"#000000"},"geometry":{"type":"LineString","coordinates":[[-78.135161112504107,-0.142136425047441],[-78.135161112504107,-0.142136425047441]]}},
{"type":"Feature","properties":{"capa_cad":"C3D-Eje Horizontal","color":"#000000"},"geometry":{"type":"LineString","coordinates":[[-78.135182365187418,-0.142128780861686],[-78.135224870731932,-0.14211502082787]]}},
{"type":"Feature","properties":{"capa_cad":"C3D-Eje Horizontal","color":"#000000"},"geometry":{"type":"LineString","coordinates":[[-78.135246882560764,-0.142108140721491],[-78.135246882560764,-0.142108140721491]]}},
{"type":"Feature","properties":{"capa_cad":"C3D-Eje Horizontal","color":"#000000"},"geometry":{"type":"LineString","coordinates":[[-78.135268135333902,-0.142101260703877],[-78.13531064079271,-0.142086736498481]]}},
{"type":"Feature","properties":{"capa_cad":"C3D-Eje Horizontal","color":"#000000"},"geometry":{"type":"LineString","coordinates":[[-78.135331893566885,-0.142079856480038],[-78.135331893566885,-0.142079856480038]]}},
{"type":"Feature","properties":{"capa_cad":"C3D-Eje Horizontal","color":"#000000"},"geometry":{"type":"LineString","coordinates":[[-78.135353146341387,-0.142072976461302],[-78.135395651802924,-0.142058452253605]]}},
{"type":"Feature","properties":{"capa_cad":"C3D-Eje Horizontal","color":"#000000"},"geometry":{"type":"LineString","coordinates":[[-78.135416904578463,-0.142051572234041],[-78.135416904578463,-0.142051572234041]]}},
{"type":"Feature","properties":{"capa_cad":"C3D-Eje Horizontal","color":"#000000"},"geometry":{"type":"LineString","coordinates":[[-78.135438916410493,-0.142044692125088],[-78.135482181285056,-0.142033224503834]]}},
{"type":"Feature","properties":{"capa_cad":"C3D-Eje Horizontal","color":"#000000"},"geometry":{"type":"LineString","coordinates":[[-78.135504193295262,-0.142027872733038],[-78.135504193295262,-0.142027872733038]]}},
{"type":"Feature","properties":{"capa_cad":"C3D-Eje Horizontal","color":"#000000"},"geometry":{"type":"LineString","coordinates":[[-78.13552544624963,-0.142022521051142],[-78.135568711127192,-0.142011053428026]]}},
{"type":"Feature","properties":{"capa_cad":"C3D-Eje Horizontal","color":"#000000"},"geometry":{"type":"LineString","coordinates":[[-78.13559072305037,-0.142004937486767],[-78.13559072305037,-0.142004937486767]]}},
{"type":"Feature","properties":{"capa_cad":"C3D-Eje Horizontal","color":"#000000"},"geometry":{"type":"LineString","coordinates":[[-78.135612735062494,-0.141999585714808],[-78.135655999943054,-0.141988118089774]]}},
{"type":"Feature","properties":{"capa_cad":"C3D-Eje Horizontal","color":"#000000"},"geometry":{"type":"LineString","coordinates":[[-78.135678011867782,-0.141982002147518],[-78.135678011867782,-0.141982002147518]]}},
{"type":"Feature","properties":{"capa_cad":"C3D-Eje Horizontal","color":"#000000"},"geometry":{"type":"LineString","coordinates":[[-78.135699264825092,-0.141976650463769],[-78.135742529708622,-0.141965182836827]]}},
{"type":"Feature","properties":{"capa_cad":"C3D-Eje Horizontal","color":"#000000"},"geometry":{"type":"LineString","coordinates":[[-78.135764541723447,-0.141959831063238],[-78.135764541723447,-0.141959831063238]]}},
{"type":"Feature","properties":{"capa_cad":"C3D-Eje Horizontal","color":"#000000"},"geometry":{"type":"LineString","coordinates":[[-78.13578655365005,-0.141953715119747],[-78.135829818536578,-0.141942247490887]]}},
{"type":"Feature","properties":{"capa_cad":"C3D-Eje Horizontal","color":"#000000"},"geometry":{"type":"LineString","coordinates":[[-78.135851830552937,-0.14193689571636],[-78.135851830552937,-0.14193689571636]]}},
{"type":"Feature","properties":{"capa_cad":"C3D-Eje Horizontal","color":"#000000"},"geometry":{"type":"LineString","coordinates":[[-78.135873083424613,-0.141930779861074],[-78.135917107547826,-0.141920840480619]]}},
{"type":"Feature","properties":{"capa_cad":"C3D-Eje Horizontal","color":"#000000"},"geometry":{"type":"LineString","coordinates":[[-78.135939119831562,-0.141917781214513],[-78.135939119831562,-0.141917781214513]]}},
{"type":"Feature","properties":{"capa_cad":"C3D-Eje Horizontal","color":"#000000"},"geometry":{"type":"LineString","coordinates":[[-78.135961132027091,-0.141913957778492],[-78.136005915564525,-0.141907074986526]]}},
{"type":"Feature","properties":{"capa_cad":"C3D-Eje Horizontal","color":"#000000"},"geometry":{"type":"LineString","coordinates":[[-78.13602792776129,-0.141903251549993],[-78.13602792776129,-0.141903251549993]]}},
{"type":"Feature","properties":{"capa_cad":"C3D-Eje Horizontal","color":"#000000"},"geometry":{"type":"LineString","coordinates":[[-78.136049940047087,-0.141900192283159],[-78.136094723587888,-0.14189330948994]]}},
{"type":"Feature","properties":{"capa_cad":"C3D-Eje Horizontal","color":"#000000"},"geometry":{"type":"LineString","coordinates":[[-78.136116735786302,-0.141889486052774],[-78.136116735786302,-0.141889486052774]]}},
{"type":"Feature","properties":{"capa_cad":"C3D-Eje Horizontal","color":"#000000"},"geometry":{"type":"LineString","coordinates":[[-78.136138748073748,-0.141886426785333],[-78.136183531529269,-0.14187877982092]]}},
{"type":"Feature","properties":{"capa_cad":"C3D-Eje Horizontal","color":"#000000"},"geometry":{"type":"LineString","coordinates":[[-78.136205543817965,-0.141875720553044],[-78.136205543817965,-0.141875720553044]]}},
{"type":"Feature","properties":{"capa_cad":"C3D-Eje Horizontal","color":"#000000"},"geometry":{"type":"LineString","coordinates":[[-78.136227556018426,-0.141871897115042],[-78.136271580509217,-0.141865014408547]]}},
{"type":"Feature","properties":{"capa_cad":"C3D-Eje Horizontal","color":"#000000"},"geometry":{"type":"LineString","coordinates":[[-78.136294351856293,-0.141861955050821],[-78.136294351856293,-0.141861955050821]]}},
{"type":"Feature","properties":{"capa_cad":"C3D-Eje Horizontal","color":"#000000"},"geometry":{"type":"LineString","coordinates":[[-78.136316364058402,-0.141858131612169],[-78.136361148407275,-0.141858126345738]]}},
{"type":"Feature","properties":{"capa_cad":"C3D-Eje Horizontal","color":"#000000"},"geometry":{"type":"LineString","coordinates":[[-78.136383920110774,-0.141858123667847],[-78.136383920110774,-0.141858123667847]]}},
{"type":"Feature","properties":{"capa_cad":"C3D-Eje Horizontal","color":"#000000"},"geometry":{"type":"LineString","coordinates":[[-78.1364059328466,-0.141858885249292],[-78.136450717287673,-0.141859644152835]]}},
{"type":"Feature","properties":{"capa_cad":"C3D-Eje Horizontal","color":"#000000"},"geometry":{"type":"LineString","coordinates":[[-78.136473489081624,-0.141860405645021],[-78.136473489081624,-0.141860405645021]]}},
{"type":"Feature","properties":{"capa_cad":"C3D-Eje Horizontal","color":"#000000"},"geometry":{"type":"LineString","coordinates":[[-78.136495501730508,-0.141860403056351],[-78.136541045232008,-0.141861161870568]]}},
{"type":"Feature","properties":{"capa_cad":"C3D-Eje Horizontal","color":"#000000"},"geometry":{"type":"LineString","coordinates":[[-78.136563057970861,-0.141861923452026],[-78.136563057970861,-0.141861923452026]]}},
{"type":"Feature","properties":{"capa_cad":"C3D-Eje Horizontal","color":"#000000"},"geometry":{"type":"LineString","coordinates":[[-78.13658582967841,-0.14186192077401],[-78.136630614126574,-0.141862679677442]]}},
{"type":"Feature","properties":{"capa_cad":"C3D-Eje Horizontal","color":"#000000"},"geometry":{"type":"LineString","coordinates":[[-78.136647314975718,-0.141876432778124],[-78.136647314975718,-0.141876432778124]]}},
{"type":"Feature","properties":{"capa_cad":"C3D-Eje Horizontal","color":"#000000"},"geometry":{"type":"LineString","coordinates":[[-78.136664016002285,-0.141891714219725],[-78.136697418055604,-0.141922277104235]]}},
{"type":"Feature","properties":{"capa_cad":"C3D-Eje Horizontal","color":"#000000"},"geometry":{"type":"LineString","coordinates":[[-78.136714119082342,-0.141937558547145],[-78.136714119082342,-0.141937558547145]]}},
{"type":"Feature","properties":{"capa_cad":"C3D-Eje Horizontal","color":"#000000"},"geometry":{"type":"LineString","coordinates":[[-78.136730061052148,-0.141952840079707],[-78.13676346310595,-0.141983402967688]]}},
{"type":"Feature","properties":{"capa_cad":"C3D-Eje Horizontal","color":"#000000"},"geometry":{"type":"LineString","coordinates":[[-78.136780164132944,-0.141998684412333],[-78.136780164132944,-0.141998684412333]]}},
{"type":"Feature","properties":{"capa_cad":"C3D-Eje Horizontal","color":"#000000"},"geometry":{"type":"LineString","coordinates":[[-78.136796106191511,-0.142014730116944],[-78.136829508245782,-0.142045293008434]]}},
{"type":"Feature","properties":{"capa_cad":"C3D-Eje Horizontal","color":"#000000"},"geometry":{"type":"LineString","coordinates":[[-78.136846209273031,-0.142060574454826],[-78.136846209273031,-0.142060574454826]]}},
{"type":"Feature","properties":{"capa_cad":"C3D-Eje Horizontal","color":"#000000"},"geometry":{"type":"LineString","coordinates":[[-78.136862910300337,-0.142075855901653],[-78.136870501668341,-0.142082732543954],[-78.136878096134581,-0.142116355150683]]}},
{"type":"Feature","properties":{"capa_cad":"C3D-Eje Horizontal","color":"#000000"},"geometry":{"type":"LineString","coordinates":[[-78.136882653043969,-0.142138515558011],[-78.136882653043969,-0.142138515558011]]}},
{"type":"Feature","properties":{"capa_cad":"C3D-Eje Horizontal","color":"#000000"},"geometry":{"type":"LineString","coordinates":[[-78.136887209952974,-0.142160675965516],[-78.136896323769776,-0.142204996781054]]}},
{"type":"Feature","properties":{"capa_cad":"C3D-Eje Horizontal","color":"#000000"},"geometry":{"type":"LineString","coordinates":[[-78.136900880677572,-0.142227157189087],[-78.136900880677572,-0.142227157189087]]}},
{"type":"Feature","properties":{"capa_cad":"C3D-Eje Horizontal","color":"#000000"},"geometry":{"type":"LineString","coordinates":[[-78.136905437584971,-0.142249317597296],[-78.136915310455734,-0.142293638325248]]}},
{"type":"Feature","properties":{"capa_cad":"C3D-Eje Horizontal","color":"#000000"},"geometry":{"type":"LineString","coordinates":[[-78.136919867273562,-0.142315034563566],[-78.136919867273562,-0.142315034563566]]}},
{"type":"Feature","properties":{"capa_cad":"C3D-Eje Horizontal","color":"#000000"},"geometry":{"type":"LineString","coordinates":[[-78.136924424179398,-0.142337194972492],[-78.136933537989847,-0.142381515790872]]}},
{"type":"Feature","properties":{"capa_cad":"C3D-Eje Horizontal","color":"#000000"},"geometry":{"type":"LineString","coordinates":[[-78.136938853951648,-0.142403676111404],[-78.136938853951648,-0.142403676111404]]}},
{"type":"Feature","properties":{"capa_cad":"C3D-Eje Horizontal","color":"#000000"},"geometry":{"type":"LineString","coordinates":[[-78.136943410855878,-0.142425836521049],[-78.136952524663144,-0.142470157340868]]}},
{"type":"Feature","properties":{"capa_cad":"C3D-Eje Horizontal","color":"#000000"},"geometry":{"type":"LineString","coordinates":[[-78.136957840623381,-0.142492317662178],[-78.136957840623381,-0.142492317662178]]}},
{"type":"Feature","properties":{"capa_cad":"C3D-Eje Horizontal","color":"#000000"},"geometry":{"type":"LineString","coordinates":[[-78.13696239752602,-0.142514478072542],[-78.136971511330117,-0.1425587988938]]}},
{"type":"Feature","properties":{"capa_cad":"C3D-Eje Horizontal","color":"#000000"},"geometry":{"type":"LineString","coordinates":[[-78.136976827200556,-0.142580195045431],[-78.136976827200556,-0.142580195045431]]}},
{"type":"Feature","properties":{"capa_cad":"C3D-Eje Horizontal","color":"#000000"},"geometry":{"type":"LineString","coordinates":[[-78.136981384101631,-0.142602355456495],[-78.136990497902559,-0.142646676279186]]}},
{"type":"Feature","properties":{"capa_cad":"C3D-Eje Horizontal","color":"#000000"},"geometry":{"type":"LineString","coordinates":[[-78.136995054802426,-0.142668836690795],[-78.136995054802426,-0.142668836690795]]}},
{"type":"Feature","properties":{"capa_cad":"C3D-Eje Horizontal","color":"#000000"},"geometry":{"type":"LineString","coordinates":[[-78.137000370759125,-0.142690997013865],[-78.13700948455687,-0.142735317837994]]}},
{"type":"Feature","properties":{"capa_cad":"C3D-Eje Horizontal","color":"#000000"},"geometry":{"type":"LineString","coordinates":[[-78.137005691825536,-0.142757479225832],[-78.137005691825536,-0.142757479225832]]}},
{"type":"Feature","properties":{"capa_cad":"C3D-Eje Horizontal","color":"#000000"},"geometry":{"type":"LineString","coordinates":[[-78.137000380891237,-0.142778876620397],[-78.13698900014036,-0.142823199838497]]}},
{"type":"Feature","properties":{"capa_cad":"C3D-Eje Horizontal","color":"#000000"},"geometry":{"type":"LineString","coordinates":[[-78.136983689204882,-0.142844597232419],[-78.136983689204882,-0.142844597232419]]}},
{"type":"Feature","properties":{"capa_cad":"C3D-Eje Horizontal","color":"#000000"},"geometry":{"type":"LineString","coordinates":[[-78.136978378357043,-0.142866758796632],[-78.136966997514918,-0.142910317842515]]}},
{"type":"Feature","properties":{"capa_cad":"C3D-Eje Horizontal","color":"#000000"},"geometry":{"type":"LineString","coordinates":[[-78.13696168666587,-0.142932479406074],[-78.13696168666587,-0.142932479406074]]}},
{"type":"Feature","properties":{"capa_cad":"C3D-Eje Horizontal","color":"#000000"},"geometry":{"type":"LineString","coordinates":[[-78.136955616759195,-0.142954641057979],[-78.136929053802731,-0.142989795997644]]}},
{"type":"Feature","properties":{"capa_cad":"C3D-Eje Horizontal","color":"#000000"},"geometry":{"type":"LineString","coordinates":[[-78.136914633826436,-0.143008137770051],[-78.136914633826436,-0.143008137770051]]}},
{"type":"Feature","properties":{"capa_cad":"C3D-Eje Horizontal","color":"#000000"},"geometry":{"type":"LineString","coordinates":[[-78.136900972819276,-0.143025715283072],[-78.13687289174743,-0.143060870396271]]}},
{"type":"Feature","properties":{"capa_cad":"C3D-Eje Horizontal","color":"#000000"},"geometry":{"type":"LineString","coordinates":[[-78.136856193808313,-0.14307233489868],[-78.136856193808313,-0.14307233489868]]}},
{"type":"Feature","properties":{"capa_cad":"C3D-Eje Horizontal","color":"#000000"},"geometry":{"type":"LineString","coordinates":[[-78.13683342209417,-0.143072337552743],[-78.136788637724351,-0.143072342772312]]}},
{"type":"Feature","properties":{"capa_cad":"C3D-Eje Horizontal","color":"#000000"},"geometry":{"type":"LineString","coordinates":[[-78.136765866011544,-0.143072345426307],[-78.136765866011544,-0.143072345426307]]}},
{"type":"Feature","properties":{"capa_cad":"C3D-Eje Horizontal","color":"#000000"},"geometry":{"type":"LineString","coordinates":[[-78.136743853356293,-0.143072347991809],[-78.136743853356293,-0.143072347991809]]}},
{"type":"Feature","properties":{"capa_cad":"C3D-Eje Horizontal","color":"#000000"},"geometry":{"type":"LineString","coordinates":[[-78.132946608264518,-0.139227497964933],[-78.13300809031891,-0.139216028084277]]}},
{"type":"Feature","properties":{"capa_cad":"C3D-Eje Horizontal","color":"#000000"},"geometry":{"type":"LineString","coordinates":[[-78.133030102717598,-0.139214497112057],[-78.133030102717598,-0.139214497112057]]}},
{"type":"Feature","properties":{"capa_cad":"C3D-Eje Horizontal","color":"#000000"},"geometry":{"type":"LineString","coordinates":[[-78.133052874080889,-0.139212201880994],[-78.133096898428818,-0.139205319096764]]}},
{"type":"Feature","properties":{"capa_cad":"C3D-Eje Horizontal","color":"#000000"},"geometry":{"type":"LineString","coordinates":[[-78.133118910558238,-0.139201495620468],[-78.133118910558238,-0.139201495620468]]}},
{"type":"Feature","properties":{"capa_cad":"C3D-Eje Horizontal","color":"#000000"},"geometry":{"type":"LineString","coordinates":[[-78.133140922688071,-0.13919767214402],[-78.133184946948944,-0.139190025190584]]}},
{"type":"Feature","properties":{"capa_cad":"C3D-Eje Horizontal","color":"#000000"},"geometry":{"type":"LineString","coordinates":[[-78.133206959079999,-0.139186201713629],[-78.133206959079999,-0.139186201713629]]}},
{"type":"Feature","properties":{"capa_cad":"C3D-Eje Horizontal","color":"#000000"},"geometry":{"type":"LineString","coordinates":[[-78.133229730266052,-0.139182378145539],[-78.133273754530208,-0.139174731190762]]}},
{"type":"Feature","properties":{"capa_cad":"C3D-Eje Horizontal","color":"#000000"},"geometry":{"type":"LineString","coordinates":[[-78.133295766662897,-0.139170907713129],[-78.133295766662897,-0.139170907713129]]}},
{"type":"Feature","properties":{"capa_cad":"C3D-Eje Horizontal","color":"#000000"},"geometry":{"type":"LineString","coordinates":[[-78.133317019560636,-0.139165555990225],[-78.13336028405044,-0.139151795780639]]}},
{"type":"Feature","properties":{"capa_cad":"C3D-Eje Horizontal","color":"#000000"},"geometry":{"type":"LineString","coordinates":[[-78.133380777623458,-0.139144151643818],[-78.133380777623458,-0.139144151643818]]}},
{"type":"Feature","properties":{"capa_cad":"C3D-Eje Horizontal","color":"#000000"},"geometry":{"type":"LineString","coordinates":[[-78.133402030251503,-0.139136507415716],[-78.133444535508602,-0.139121218958615]]}},
{"type":"Feature","properties":{"capa_cad":"C3D-Eje Horizontal","color":"#000000"},"geometry":{"type":"LineString","coordinates":[[-78.133465788228023,-0.139114338897714],[-78.133465788228023,-0.139114338897714]]}},
{"type":"Feature","properties":{"capa_cad":"C3D-Eje Horizontal","color":"#000000"},"geometry":{"type":"LineString","coordinates":[[-78.133487040947813,-0.139107458836553],[-78.133530305714402,-0.13909599112686]]}},
{"type":"Feature","properties":{"capa_cad":"C3D-Eje Horizontal","color":"#000000"},"geometry":{"type":"LineString","coordinates":[[-78.133552317580452,-0.139089875142057],[-78.133552317580452,-0.139089875142057]]}},
{"type":"Feature","properties":{"capa_cad":"C3D-Eje Horizontal","color":"#000000"},"geometry":{"type":"LineString","coordinates":[[-78.133573570482483,-0.139084523416196],[-78.133616834980785,-0.139070763199944]]}},
{"type":"Feature","properties":{"capa_cad":"C3D-Eje Horizontal","color":"#000000"},"geometry":{"type":"LineString","coordinates":[[-78.133637328557754,-0.139063119059712],[-78.133637328557754,-0.139063119059712]]}},
{"type":"Feature","properties":{"capa_cad":"C3D-Eje Horizontal","color":"#000000"},"geometry":{"type":"LineString","coordinates":[[-78.133658581099468,-0.13905471065989],[-78.13370108663608,-0.139041714700634]]}},
{"type":"Feature","properties":{"capa_cad":"C3D-Eje Horizontal","color":"#000000"},"geometry":{"type":"LineString","coordinates":[[-78.13372309841462,-0.139034834545412],[-78.13372309841462,-0.139034834545412]]}},
{"type":"Feature","properties":{"capa_cad":"C3D-Eje Horizontal","color":"#000000"},"geometry":{"type":"LineString","coordinates":[[-78.133744351229041,-0.139028718649276],[-78.133787615823451,-0.139015722596832]]}},
{"type":"Feature","properties":{"capa_cad":"C3D-Eje Horizontal","color":"#000000"},"geometry":{"type":"LineString","coordinates":[[-78.133808868638937,-0.139009606699933],[-78.133808868638937,-0.139009606699933]]}},
{"type":"Feature","properties":{"capa_cad":"C3D-Eje Horizontal","color":"#000000"},"geometry":{"type":"LineString","coordinates":[[-78.133830880600257,-0.139004254880058],[-78.133873386142568,-0.138991258916632]]}},
{"type":"Feature","properties":{"capa_cad":"C3D-Eje Horizontal","color":"#000000"},"geometry":{"type":"LineString","coordinates":[[-78.133894638778514,-0.13898361468191],[-78.133894638778514,-0.13898361468191]]}},
{"type":"Feature","properties":{"capa_cad":"C3D-Eje Horizontal","color":"#000000"},"geometry":{"type":"LineString","coordinates":[[-78.133915891414787,-0.1389759704469],[-78.133958396778837,-0.138961446144379]]}},
{"type":"Feature","properties":{"capa_cad":"C3D-Eje Horizontal","color":"#000000"},"geometry":{"type":"LineString","coordinates":[[-78.133979649416119,-0.138953801908468],[-78.133979649416119,-0.138953801908468]]}},
{"type":"Feature","properties":{"capa_cad":"C3D-Eje Horizontal","color":"#000000"},"geometry":{"type":"LineString","coordinates":[[-78.134000902144251,-0.138946921840711],[-78.134042648365366,-0.138931633458519]]}},
{"type":"Feature","properties":{"capa_cad":"C3D-Eje Horizontal","color":"#000000"},"geometry":{"type":"LineString","coordinates":[[-78.134063901094493,-0.138924753389909],[-78.134063901094493,-0.138924753389909]]}},
{"type":"Feature","properties":{"capa_cad":"C3D-Eje Horizontal","color":"#000000"},"geometry":{"type":"LineString","coordinates":[[-78.134085153733437,-0.138917109152506],[-78.13411247827085,-0.138904879174204],[-78.134120067283234,-0.138891887397126]]}},
{"type":"Feature","properties":{"capa_cad":"C3D-Eje Horizontal","color":"#000000"},"geometry":{"type":"LineString","coordinates":[[-78.134131450846922,-0.138872781815435],[-78.134131450846922,-0.138872781815435]]}},
{"type":"Feature","properties":{"capa_cad":"C3D-Eje Horizontal","color":"#000000"},"geometry":{"type":"LineString","coordinates":[[-78.134142834319803,-0.138852912064802],[-78.134157253560261,-0.138829221105988],[-78.134169396993926,-0.138816992949131]]}},
{"type":"Feature","properties":{"capa_cad":"C3D-Eje Horizontal","color":"#000000"},"geometry":{"type":"LineString","coordinates":[[-78.134185335250606,-0.138800943492858],[-78.134185335250606,-0.138800943492858]]}},
{"type":"Feature","properties":{"capa_cad":"C3D-Eje Horizontal","color":"#000000"},"geometry":{"type":"LineString","coordinates":[[-78.13420127359791,-0.138785658204734],[-78.13423694584074,-0.138757379676762]]}},
{"type":"Feature","properties":{"capa_cad":"C3D-Eje Horizontal","color":"#000000"},"geometry":{"type":"LineString","coordinates":[[-78.134255920953152,-0.138746679034104],[-78.134255920953152,-0.138746679034104]]}},
{"type":"Feature","properties":{"capa_cad":"C3D-Eje Horizontal","color":"#000000"},"geometry":{"type":"LineString","coordinates":[[-78.134277173594285,-0.13873903479189],[-78.134318919731555,-0.138722982229148]]}},
{"type":"Feature","properties":{"capa_cad":"C3D-Eje Horizontal","color":"#000000"},"geometry":{"type":"LineString","coordinates":[[-78.134339413136971,-0.138713809739901],[-78.134339413136971,-0.138713809739901]]}},
{"type":"Feature","properties":{"capa_cad":"C3D-Eje Horizontal","color":"#000000"},"geometry":{"type":"LineString","coordinates":[[-78.13435990654267,-0.138704637250306],[-78.134400893445616,-0.138687056438814]]}},
{"type":"Feature","properties":{"capa_cad":"C3D-Eje Horizontal","color":"#000000"},"geometry":{"type":"LineString","coordinates":[[-78.134421386942876,-0.138678648116945],[-78.134421386942876,-0.138678648116945]]}},
{"type":"Feature","properties":{"capa_cad":"C3D-Eje Horizontal","color":"#000000"},"geometry":{"type":"LineString","coordinates":[[-78.134442639495816,-0.138670239703423],[-78.134484385728697,-0.138654951304324]]}},
{"type":"Feature","properties":{"capa_cad":"C3D-Eje Horizontal","color":"#000000"},"geometry":{"type":"LineString","coordinates":[[-78.134506397610224,-0.138648835304951],[-78.134506397610224,-0.138648835304951]]}},
{"type":"Feature","properties":{"capa_cad":"C3D-Eje Horizontal","color":"#000000"},"geometry":{"type":"LineString","coordinates":[[-78.134527650436695,-0.138642719396672],[-78.134570915236921,-0.138631251656869]]}},
{"type":"Feature","properties":{"capa_cad":"C3D-Eje Horizontal","color":"#000000"},"geometry":{"type":"LineString","coordinates":[[-78.134592927119968,-0.138625135656473],[-78.134592927119968,-0.138625135656473]]}},
{"type":"Feature","properties":{"capa_cad":"C3D-Eje Horizontal","color":"#000000"},"geometry":{"type":"LineString","coordinates":[[-78.134614179947889,-0.138619019747207],[-78.134656685332473,-0.138604495421167]]}},
{"type":"Feature","properties":{"capa_cad":"C3D-Eje Horizontal","color":"#000000"},"geometry":{"type":"LineString","coordinates":[[-78.134677937979902,-0.138596851173236],[-78.134677937979902,-0.138596851173236]]}},
{"type":"Feature","properties":{"capa_cad":"C3D-Eje Horizontal","color":"#000000"},"geometry":{"type":"LineString","coordinates":[[-78.134699190536878,-0.138588442756072],[-78.134740936777774,-0.138573154350063]]}},
{"type":"Feature","properties":{"capa_cad":"C3D-Eje Horizontal","color":"#000000"},"geometry":{"type":"LineString","coordinates":[[-78.134762189426525,-0.138565510100904],[-78.134762189426525,-0.138565510100904]]}},
{"type":"Feature","properties":{"capa_cad":"C3D-Eje Horizontal","color":"#000000"},"geometry":{"type":"LineString","coordinates":[[-78.134783442075587,-0.138557865851457],[-78.134825188409877,-0.138543341612073]]}},
{"type":"Feature","properties":{"capa_cad":"C3D-Eje Horizontal","color":"#000000"},"geometry":{"type":"LineString","coordinates":[[-78.134846441059935,-0.13853569736173],[-78.134846441059935,-0.13853569736173]]}},
{"type":"Feature","properties":{"capa_cad":"C3D-Eje Horizontal","color":"#000000"},"geometry":{"type":"LineString","coordinates":[[-78.134867693710333,-0.138528053111066],[-78.134910958431149,-0.138515821193754]]}},
{"type":"Feature","properties":{"capa_cad":"C3D-Eje Horizontal","color":"#000000"},"geometry":{"type":"LineString","coordinates":[[-78.134932970774159,-0.138513526034505],[-78.134932970774159,-0.138513526034505]]}},
{"type":"Feature","properties":{"capa_cad":"C3D-Eje Horizontal","color":"#000000"},"geometry":{"type":"LineString","coordinates":[[-78.13495574226414,-0.138511994952825],[-78.134964091877194,-0.13851199394688],[-78.134995215342727,-0.138530330256965]]}},
{"type":"Feature","properties":{"capa_cad":"C3D-Eje Horizontal","color":"#000000"},"geometry":{"type":"LineString","coordinates":[[-78.135014193099153,-0.138541790508387],[-78.135014193099153,-0.138541790508387]]}},
{"type":"Feature","properties":{"capa_cad":"C3D-Eje Horizontal","color":"#000000"},"geometry":{"type":"LineString","coordinates":[[-78.135033171037406,-0.138554779098516],[-78.135053667178269,-0.138568531675424],[-78.135072644208947,-0.138573878574455]]}},
{"type":"Feature","properties":{"capa_cad":"C3D-Eje Horizontal","color":"#000000"},"geometry":{"type":"LineString","coordinates":[[-78.135094657554035,-0.138579989277206],[-78.135094657554035,-0.138579989277206]]}},
{"type":"Feature","properties":{"capa_cad":"C3D-Eje Horizontal","color":"#000000"},"geometry":{"type":"LineString","coordinates":[[-78.135115911934477,-0.138586864240808],[-78.135159179570749,-0.138599085738815]]}},
{"type":"Feature","properties":{"capa_cad":"C3D-Eje Horizontal","color":"#000000"},"geometry":{"type":"LineString","coordinates":[[-78.135180433861535,-0.138605196533837],[-78.135180433861535,-0.138605196533837]]}},
{"type":"Feature","properties":{"capa_cad":"C3D-Eje Horizontal","color":"#000000"},"geometry":{"type":"LineString","coordinates":[[-78.13520168824347,-0.138612071498368],[-78.13524495588284,-0.138624292998097]]}},
{"type":"Feature","properties":{"capa_cad":"C3D-Eje Horizontal","color":"#000000"},"geometry":{"type":"LineString","coordinates":[[-78.135266210175132,-0.138630403793973],[-78.135266210175132,-0.138630403793973]]}},
{"type":"Feature","properties":{"capa_cad":"C3D-Eje Horizontal","color":"#000000"},"geometry":{"type":"LineString","coordinates":[[-78.135288223432994,-0.138635750329336],[-78.135332249586909,-0.138643386723137]]}},
{"type":"Feature","properties":{"capa_cad":"C3D-Eje Horizontal","color":"#000000"},"geometry":{"type":"LineString","coordinates":[[-78.135354262755257,-0.138647969089614],[-78.135354262755257,-0.138647969089614]]}},
{"type":"Feature","properties":{"capa_cad":"C3D-Eje Horizontal","color":"#000000"},"geometry":{"type":"LineString","coordinates":[[-78.135376275924017,-0.138652551456247],[-78.135420302262801,-0.138661716189984]]}},
{"type":"Feature","properties":{"capa_cad":"C3D-Eje Horizontal","color":"#000000"},"geometry":{"type":"LineString","coordinates":[[-78.135442315432812,-0.138666298557087],[-78.135442315432812,-0.138666298557087]]}},
{"type":"Feature","properties":{"capa_cad":"C3D-Eje Horizontal","color":"#000000"},"geometry":{"type":"LineString","coordinates":[[-78.135464328603234,-0.138670880924347],[-78.135508355036094,-0.138680809828827]]}},
{"type":"Feature","properties":{"capa_cad":"C3D-Eje Horizontal","color":"#000000"},"geometry":{"type":"LineString","coordinates":[[-78.135529609151646,-0.138685392287929],[-78.135529609151646,-0.138685392287929]]}},
{"type":"Feature","properties":{"capa_cad":"C3D-Eje Horizontal","color":"#000000"},"geometry":{"type":"LineString","coordinates":[[-78.135551622323717,-0.138689974655828],[-78.13559564875986,-0.138699903561645]]}},
{"type":"Feature","properties":{"capa_cad":"C3D-Eje Horizontal","color":"#000000"},"geometry":{"type":"LineString","coordinates":[[-78.135617661933182,-0.138704485930029],[-78.135617661933182,-0.138704485930029]]}},
{"type":"Feature","properties":{"capa_cad":"C3D-Eje Horizontal","color":"#000000"},"geometry":{"type":"LineString","coordinates":[[-78.13563967510693,-0.13870906829857],[-78.135683701274203,-0.138716704696909]]}},
{"type":"Feature","properties":{"capa_cad":"C3D-Eje Horizontal","color":"#000000"},"geometry":{"type":"LineString","coordinates":[[-78.135705714449202,-0.13872128706589],[-78.135705714449202,-0.13872128706589]]}},
{"type":"Feature","properties":{"capa_cad":"C3D-Eje Horizontal","color":"#000000"},"geometry":{"type":"LineString","coordinates":[[-78.135727727624598,-0.138725869435028],[-78.13577099519253,-0.138737326774102]]}},
{"type":"Feature","properties":{"capa_cad":"C3D-Eje Horizontal","color":"#000000"},"geometry":{"type":"LineString","coordinates":[[-78.135793008459885,-0.138742673313433],[-78.135793008459885,-0.138742673313433]]}},
{"type":"Feature","properties":{"capa_cad":"C3D-Eje Horizontal","color":"#000000"},"geometry":{"type":"LineString","coordinates":[[-78.135814262671332,-0.138748019944274],[-78.135856771458194,-0.138761769885389]]}},
{"type":"Feature","properties":{"capa_cad":"C3D-Eje Horizontal","color":"#000000"},"geometry":{"type":"LineString","coordinates":[[-78.13587650819295,-0.138772465887626],[-78.13587650819295,-0.138772465887626]]}},
{"type":"Feature","properties":{"capa_cad":"C3D-Eje Horizontal","color":"#000000"},"geometry":{"type":"LineString","coordinates":[[-78.135896245018643,-0.138783926059951],[-78.135934959614389,-0.138806846497048]]}},
{"type":"Feature","properties":{"capa_cad":"C3D-Eje Horizontal","color":"#000000"},"geometry":{"type":"LineString","coordinates":[[-78.13595317850934,-0.138819835192648],[-78.13595317850934,-0.138819835192648]]}},
{"type":"Feature","properties":{"capa_cad":"C3D-Eje Horizontal","color":"#000000"},"geometry":{"type":"LineString","coordinates":[[-78.135967602575661,-0.138836645194],[-78.13599796882103,-0.138870265015442]]}},
{"type":"Feature","properties":{"capa_cad":"C3D-Eje Horizontal","color":"#000000"},"geometry":{"type":"LineString","coordinates":[[-78.136017705376133,-0.138879432681091],[-78.136017705376133,-0.138879432681091]]}},
{"type":"Feature","properties":{"capa_cad":"C3D-Eje Horizontal","color":"#000000"},"geometry":{"type":"LineString","coordinates":[[-78.136038201078591,-0.138889364425664],[-78.136078433518534,-0.138909992176912]]}},
{"type":"Feature","properties":{"capa_cad":"C3D-Eje Horizontal","color":"#000000"},"geometry":{"type":"LineString","coordinates":[[-78.136098170165383,-0.138919924013715],[-78.136098170165383,-0.138919924013715]]}},
{"type":"Feature","properties":{"capa_cad":"C3D-Eje Horizontal","color":"#000000"},"geometry":{"type":"LineString","coordinates":[[-78.136117906903095,-0.138930620020745],[-78.136155103662588,-0.138955833159098]]}},
{"type":"Feature","properties":{"capa_cad":"C3D-Eje Horizontal","color":"#000000"},"geometry":{"type":"LineString","coordinates":[[-78.136173322559614,-0.138968821859424],[-78.136173322559614,-0.138968821859424]]}},
{"type":"Feature","properties":{"capa_cad":"C3D-Eje Horizontal","color":"#000000"},"geometry":{"type":"LineString","coordinates":[[-78.136190023524804,-0.138983339082407],[-78.136224184602582,-0.139013137608423]]}},
{"type":"Feature","properties":{"capa_cad":"C3D-Eje Horizontal","color":"#000000"},"geometry":{"type":"LineString","coordinates":[[-78.136241644534081,-0.139026890571536],[-78.136241644534081,-0.139026890571536]]}},
{"type":"Feature","properties":{"capa_cad":"C3D-Eje Horizontal","color":"#000000"},"geometry":{"type":"LineString","coordinates":[[-78.136259104556245,-0.139041407705067],[-78.136290988736363,-0.139073499017951]]}},
{"type":"Feature","properties":{"capa_cad":"C3D-Eje Horizontal","color":"#000000"},"geometry":{"type":"LineString","coordinates":[[-78.136306171769817,-0.139089544766146],[-78.136306171769817,-0.139089544766146]]}},
{"type":"Feature","properties":{"capa_cad":"C3D-Eje Horizontal","color":"#000000"},"geometry":{"type":"LineString","coordinates":[[-78.136321354893738,-0.139106354684811],[-78.136351721051071,-0.139139210353402]]}},
{"type":"Feature","properties":{"capa_cad":"C3D-Eje Horizontal","color":"#000000"},"geometry":{"type":"LineString","coordinates":[[-78.136367663231638,-0.139156020182302],[-78.136367663231638,-0.139156020182302]]}},
{"type":"Feature","properties":{"capa_cad":"C3D-Eje Horizontal","color":"#000000"},"geometry":{"type":"LineString","coordinates":[[-78.136382846265064,-0.139172065932646],[-78.136414730445367,-0.13920415725251]]}},
{"type":"Feature","properties":{"capa_cad":"C3D-Eje Horizontal","color":"#000000"},"geometry":{"type":"LineString","coordinates":[[-78.13643067244513,-0.139219438742974],[-78.13643067244513,-0.139219438742974]]}},
{"type":"Feature","properties":{"capa_cad":"C3D-Eje Horizontal","color":"#000000"},"geometry":{"type":"LineString","coordinates":[[-78.136439783295856,-0.139237777733477],[-78.136439786640466,-0.139266052027809],[-78.136426883850845,-0.139275987786112]]}},
{"type":"Feature","properties":{"capa_cad":"C3D-Eje Horizontal","color":"#000000"},"geometry":{"type":"LineString","coordinates":[[-78.136408668116047,-0.139289745031527],[-78.136408668116047,-0.139289745031527]]}},
{"type":"Feature","properties":{"capa_cad":"C3D-Eje Horizontal","color":"#000000"},"geometry":{"type":"LineString","coordinates":[[-78.136391211438081,-0.139303502185515],[-78.136356298263067,-0.139332544832318]]}},
{"type":"Feature","properties":{"capa_cad":"C3D-Eje Horizontal","color":"#000000"},"geometry":{"type":"LineString","coordinates":[[-78.136339600732327,-0.139347066064098],[-78.136339600732327,-0.139347066064098]]}},
{"type":"Feature","properties":{"capa_cad":"C3D-Eje Horizontal","color":"#000000"},"geometry":{"type":"LineString","coordinates":[[-78.13632214414497,-0.139361587386354],[-78.1362864717332,-0.139389101780379]]}},
{"type":"Feature","properties":{"capa_cad":"C3D-Eje Horizontal","color":"#000000"},"geometry":{"type":"LineString","coordinates":[[-78.136268255908846,-0.139402094852175],[-78.136268255908846,-0.139402094852175]]}},
{"type":"Feature","properties":{"capa_cad":"C3D-Eje Horizontal","color":"#000000"},"geometry":{"type":"LineString","coordinates":[[-78.136250040084619,-0.139415087923541],[-78.136214367583406,-0.13944183814407]]}},
{"type":"Feature","properties":{"capa_cad":"C3D-Eje Horizontal","color":"#000000"},"geometry":{"type":"LineString","coordinates":[[-78.13619615175952,-0.139454831214142],[-78.13619615175952,-0.139454831214142]]}},
{"type":"Feature","properties":{"capa_cad":"C3D-Eje Horizontal","color":"#000000"},"geometry":{"type":"LineString","coordinates":[[-78.136177176879201,-0.139467824374622],[-78.136140745322336,-0.139494574682509]]}},
{"type":"Feature","properties":{"capa_cad":"C3D-Eje Horizontal","color":"#000000"},"geometry":{"type":"LineString","coordinates":[[-78.136122529498962,-0.139507567750837],[-78.136122529498962,-0.139507567750837]]}},
{"type":"Feature","properties":{"capa_cad":"C3D-Eje Horizontal","color":"#000000"},"geometry":{"type":"LineString","coordinates":[[-78.13610431358552,-0.13951979664883],[-78.13606712288292,-0.13954578287416]]}},
{"type":"Feature","properties":{"capa_cad":"C3D-Eje Horizontal","color":"#000000"},"geometry":{"type":"LineString","coordinates":[[-78.13604890696989,-0.139558011770901],[-78.13604890696989,-0.139558011770901]]}},
{"type":"Feature","properties":{"capa_cad":"C3D-Eje Horizontal","color":"#000000"},"geometry":{"type":"LineString","coordinates":[[-78.136029172944063,-0.139570240848802],[-78.135990463588783,-0.139591642233265]]}},
{"type":"Feature","properties":{"capa_cad":"C3D-Eje Horizontal","color":"#000000"},"geometry":{"type":"LineString","coordinates":[[-78.135969970236658,-0.13960157889125],[-78.135969970236658,-0.13960157889125]]}},
{"type":"Feature","properties":{"capa_cad":"C3D-Eje Horizontal","color":"#000000"},"geometry":{"type":"LineString","coordinates":[[-78.135950235941223,-0.139611515458123],[-78.135913804387812,-0.139638265755714]]}},
{"type":"Feature","properties":{"capa_cad":"C3D-Eje Horizontal","color":"#000000"},"geometry":{"type":"LineString","coordinates":[[-78.135894070002863,-0.139647438151648],[-78.135894070002863,-0.139647438151648]]}},
{"type":"Feature","properties":{"capa_cad":"C3D-Eje Horizontal","color":"#000000"},"geometry":{"type":"LineString","coordinates":[[-78.135872057998498,-0.139652789970726],[-78.135828033630517,-0.139660436929384]]}},
{"type":"Feature","properties":{"capa_cad":"C3D-Eje Horizontal","color":"#000000"},"geometry":{"type":"LineString","coordinates":[[-78.135806021357027,-0.139663496238755],[-78.135806021357027,-0.139663496238755]]}},
{"type":"Feature","properties":{"capa_cad":"C3D-Eje Horizontal","color":"#000000"},"geometry":{"type":"LineString","coordinates":[[-78.135783250027629,-0.139666555638697],[-78.135739225482766,-0.139672674256754]]}},
{"type":"Feature","properties":{"capa_cad":"C3D-Eje Horizontal","color":"#000000"},"geometry":{"type":"LineString","coordinates":[[-78.135716454064564,-0.139674969486639],[-78.135716454064564,-0.139674969486639]]}},
{"type":"Feature","properties":{"capa_cad":"C3D-Eje Horizontal","color":"#000000"},"geometry":{"type":"LineString","coordinates":[[-78.135694441612998,-0.139676500456096],[-78.135649657744978,-0.139680326655068]]}},
{"type":"Feature","properties":{"capa_cad":"C3D-Eje Horizontal","color":"#000000"},"geometry":{"type":"LineString","coordinates":[[-78.135627645384773,-0.139682621793837],[-78.135627645384773,-0.139682621793837]]}},
{"type":"Feature","properties":{"capa_cad":"C3D-Eje Horizontal","color":"#000000"},"geometry":{"type":"LineString","coordinates":[[-78.135604873968774,-0.139684917023189],[-78.13556084934055,-0.139690271469714]]}},
{"type":"Feature","properties":{"capa_cad":"C3D-Eje Horizontal","color":"#000000"},"geometry":{"type":"LineString","coordinates":[[-78.135538078015941,-0.139693330868221],[-78.135538078015941,-0.139693330868221]]}},
{"type":"Feature","properties":{"capa_cad":"C3D-Eje Horizontal","color":"#000000"},"geometry":{"type":"LineString","coordinates":[[-78.135516065657839,-0.139695626006408],[-78.135472041123023,-0.139701744621397]]}},
{"type":"Feature","properties":{"capa_cad":"C3D-Eje Horizontal","color":"#000000"},"geometry":{"type":"LineString","coordinates":[[-78.135449269800134,-0.139704804019349],[-78.135449269800134,-0.139704804019349]]}},
{"type":"Feature","properties":{"capa_cad":"C3D-Eje Horizontal","color":"#000000"},"geometry":{"type":"LineString","coordinates":[[-78.135427257623832,-0.139708627495935],[-78.135383233002287,-0.139713981940371]]}},
{"type":"Feature","properties":{"capa_cad":"C3D-Eje Horizontal","color":"#000000"},"geometry":{"type":"LineString","coordinates":[[-78.135360461681117,-0.139717041337751],[-78.135360461681117,-0.139717041337751]]}},
{"type":"Feature","properties":{"capa_cad":"C3D-Eje Horizontal","color":"#000000"},"geometry":{"type":"LineString","coordinates":[[-78.135338449416423,-0.139720100644327],[-78.135294424888258,-0.139726219257077]]}},
{"type":"Feature","properties":{"capa_cad":"C3D-Eje Horizontal","color":"#000000"},"geometry":{"type":"LineString","coordinates":[[-78.135271653568807,-0.139729278653904],[-78.135271653568807,-0.139729278653904]]}},
{"type":"Feature","properties":{"capa_cad":"C3D-Eje Horizontal","color":"#000000"},"geometry":{"type":"LineString","coordinates":[[-78.135249641395816,-0.139733102129234],[-78.135206376647147,-0.139745334004511]]}},
{"type":"Feature","properties":{"capa_cad":"C3D-Eje Horizontal","color":"#000000"},"geometry":{"type":"LineString","coordinates":[[-78.135185123891347,-0.139752214065715],[-78.135185123891347,-0.139752214065715]]}},
{"type":"Feature","properties":{"capa_cad":"C3D-Eje Horizontal","color":"#000000"},"geometry":{"type":"LineString","coordinates":[[-78.135163871135902,-0.13975909412666],[-78.135121365716032,-0.139773618416932]]}},
{"type":"Feature","properties":{"capa_cad":"C3D-Eje Horizontal","color":"#000000"},"geometry":{"type":"LineString","coordinates":[[-78.135100113051607,-0.13978126264623],[-78.135100113051607,-0.13978126264623]]}},
{"type":"Feature","properties":{"capa_cad":"C3D-Eje Horizontal","color":"#000000"},"geometry":{"type":"LineString","coordinates":[[-78.135082656296746,-0.139794255606662],[-78.135053814964053,-0.139817948294101],[-78.135046224495696,-0.1398187133691]]}},
{"type":"Feature","properties":{"capa_cad":"C3D-Eje Horizontal","color":"#000000"},"geometry":{"type":"LineString","coordinates":[[-78.135023453180835,-0.139821772763147],[-78.135023453180835,-0.139821772763147]]}},
{"type":"Feature","properties":{"capa_cad":"C3D-Eje Horizontal","color":"#000000"},"geometry":{"type":"LineString","coordinates":[[-78.135001440652346,-0.139822539559026],[-78.134957414786882,-0.139817195628553]]}},
{"type":"Feature","properties":{"capa_cad":"C3D-Eje Horizontal","color":"#000000"},"geometry":{"type":"LineString","coordinates":[[-78.134936160325708,-0.139809556473656],[-78.134936160325708,-0.139809556473656]]}},
{"type":"Feature","properties":{"capa_cad":"C3D-Eje Horizontal","color":"#000000"},"geometry":{"type":"LineString","coordinates":[[-78.134914905864903,-0.139801917319041],[-78.134873914695831,-0.139783582153144]]}},
{"type":"Feature","properties":{"capa_cad":"C3D-Eje Horizontal","color":"#000000"},"geometry":{"type":"LineString","coordinates":[[-78.13485190154033,-0.139778999766173],[-78.13485190154033,-0.139778999766173]]}},
{"type":"Feature","properties":{"capa_cad":"C3D-Eje Horizontal","color":"#000000"},"geometry":{"type":"LineString","coordinates":[[-78.134829888295243,-0.139773653210325],[-78.134785862166325,-0.139766016775217]]}},
{"type":"Feature","properties":{"capa_cad":"C3D-Eje Horizontal","color":"#000000"},"geometry":{"type":"LineString","coordinates":[[-78.134763849102512,-0.139762198557846],[-78.134763849102512,-0.139762198557846]]}},
{"type":"Feature","properties":{"capa_cad":"C3D-Eje Horizontal","color":"#000000"},"geometry":{"type":"LineString","coordinates":[[-78.134741836129109,-0.139759144509574],[-78.134697051127972,-0.139753036503941]]}},
{"type":"Feature","properties":{"capa_cad":"C3D-Eje Horizontal","color":"#000000"},"geometry":{"type":"LineString","coordinates":[[-78.134675038335871,-0.139751510793836],[-78.134675038335871,-0.139751510793836]]}},
{"type":"Feature","properties":{"capa_cad":"C3D-Eje Horizontal","color":"#000000"},"geometry":{"type":"LineString","coordinates":[[-78.134652266488629,-0.139749985174372],[-78.134608240816576,-0.139746169585455]]}},
{"type":"Feature","properties":{"capa_cad":"C3D-Eje Horizontal","color":"#000000"},"geometry":{"type":"LineString","coordinates":[[-78.134585468880672,-0.139743879797253],[-78.134585468880672,-0.139743879797253]]}},
{"type":"Feature","properties":{"capa_cad":"C3D-Eje Horizontal","color":"#000000"},"geometry":{"type":"LineString","coordinates":[[-78.134563456090731,-0.13974235408737],[-78.134518671456661,-0.139739302758323]]}},
{"type":"Feature","properties":{"capa_cad":"C3D-Eje Horizontal","color":"#000000"},"geometry":{"type":"LineString","coordinates":[[-78.134495899612546,-0.139737777139159],[-78.134495899612546,-0.139737777139159]]}},
{"type":"Feature","properties":{"capa_cad":"C3D-Eje Horizontal","color":"#000000"},"geometry":{"type":"LineString","coordinates":[[-78.134473886734341,-0.139735487260637],[-78.134429102193806,-0.139733200100692]]}},
{"type":"Feature","properties":{"capa_cad":"C3D-Eje Horizontal","color":"#000000"},"geometry":{"type":"LineString","coordinates":[[-78.134407089406906,-0.139731674391061],[-78.134407089406906,-0.139731674391061]]}},
{"type":"Feature","properties":{"capa_cad":"C3D-Eje Horizontal","color":"#000000"},"geometry":{"type":"LineString","coordinates":[[-78.134384317565036,-0.139730148772091],[-78.134341052488878,-0.13973932396173]]}},
{"type":"Feature","properties":{"capa_cad":"C3D-Eje Horizontal","color":"#000000"},"geometry":{"type":"LineString","coordinates":[[-78.134319040513688,-0.139744675770252],[-78.134319040513688,-0.139744675770252]]}},
{"type":"Feature","properties":{"capa_cad":"C3D-Eje Horizontal","color":"#000000"},"geometry":{"type":"LineString","coordinates":[[-78.13429702853891,-0.139750027578546],[-78.134252244725317,-0.139753853767215]]}},
{"type":"Feature","properties":{"capa_cad":"C3D-Eje Horizontal","color":"#000000"},"geometry":{"type":"LineString","coordinates":[[-78.13423023203184,-0.139753092225901],[-78.13423023203184,-0.139753092225901]]}},
{"type":"Feature","properties":{"capa_cad":"C3D-Eje Horizontal","color":"#000000"},"geometry":{"type":"LineString","coordinates":[[-78.134207460193537,-0.139751566606566],[-78.134166469139814,-0.139733995621249]]}},
{"type":"Feature","properties":{"capa_cad":"C3D-Eje Horizontal","color":"#000000"},"geometry":{"type":"LineString","coordinates":[[-78.13414597365842,-0.139725592213325],[-78.13414597365842,-0.139725592213325]]}},
{"type":"Feature","properties":{"capa_cad":"C3D-Eje Horizontal","color":"#000000"},"geometry":{"type":"LineString","coordinates":[[-78.134125478087356,-0.13971642463711],[-78.134083728071005,-0.139699617913347]]}},
{"type":"Feature","properties":{"capa_cad":"C3D-Eje Horizontal","color":"#000000"},"geometry":{"type":"LineString","coordinates":[[-78.134063232500878,-0.139690450338047],[-78.134063232500878,-0.139690450338047]]}},
{"type":"Feature","properties":{"capa_cad":"C3D-Eje Horizontal","color":"#000000"},"geometry":{"type":"LineString","coordinates":[[-78.134042736931093,-0.139681282763076],[-78.134000228132379,-0.13966676863774]]}},
{"type":"Feature","properties":{"capa_cad":"C3D-Eje Horizontal","color":"#000000"},"geometry":{"type":"LineString","coordinates":[[-78.133978973778582,-0.139659893659688],[-78.133978973778582,-0.139659893659688]]}},
{"type":"Feature","properties":{"capa_cad":"C3D-Eje Horizontal","color":"#000000"},"geometry":{"type":"LineString","coordinates":[[-78.133956960640219,-0.139655311277872],[-78.13391293436473,-0.139646146514709]]}},
{"type":"Feature","properties":{"capa_cad":"C3D-Eje Horizontal","color":"#000000"},"geometry":{"type":"LineString","coordinates":[[-78.133891680192605,-0.139640799874295],[-78.133891680192605,-0.139640799874295]]}},
{"type":"Feature","properties":{"capa_cad":"C3D-Eje Horizontal","color":"#000000"},"geometry":{"type":"LineString","coordinates":[[-78.133871184625619,-0.139631632301452],[-78.133843097968281,-0.139617880625403],[-78.133829434707764,-0.139615589752465]]}},
{"type":"Feature","properties":{"capa_cad":"C3D-Eje Horizontal","color":"#000000"},"geometry":{"type":"LineString","coordinates":[[-78.133807421752323,-0.139612535708659],[-78.133807421752323,-0.139612535708659]]}},
{"type":"Feature","properties":{"capa_cad":"C3D-Eje Horizontal","color":"#000000"},"geometry":{"type":"LineString","coordinates":[[-78.133785408617157,-0.139607953328289],[-78.133753527227398,-0.139598787117059],[-78.133743658792312,-0.139592674949514]]}},
{"type":"Feature","properties":{"capa_cad":"C3D-Eje Horizontal","color":"#000000"},"geometry":{"type":"LineString","coordinates":[[-78.133724681067321,-0.139581214692336],[-78.133724681067321,-0.139581214692336]]}},
{"type":"Feature","properties":{"capa_cad":"C3D-Eje Horizontal","color":"#000000"},"geometry":{"type":"LineString","coordinates":[[-78.133704944287629,-0.139569754526231],[-78.133667747623349,-0.139544541418231]]}},
{"type":"Feature","properties":{"capa_cad":"C3D-Eje Horizontal","color":"#000000"},"geometry":{"type":"LineString","coordinates":[[-78.13365104670342,-0.139530024217408],[-78.13365104670342,-0.139530024217408]]}},
{"type":"Feature","properties":{"capa_cad":"C3D-Eje Horizontal","color":"#000000"},"geometry":{"type":"LineString","coordinates":[[-78.133634345693466,-0.139514742848771],[-78.133598666959884,-0.139488001226115]]}},
{"type":"Feature","properties":{"capa_cad":"C3D-Eje Horizontal","color":"#000000"},"geometry":{"type":"LineString","coordinates":[[-78.133579689056106,-0.139475012635626],[-78.133579689056106,-0.139475012635626]]}},
{"type":"Feature","properties":{"capa_cad":"C3D-Eje Horizontal","color":"#000000"},"geometry":{"type":"LineString","coordinates":[[-78.133560711242708,-0.139462788213751],[-78.133522755796875,-0.13943986770747]]}},
{"type":"Feature","properties":{"capa_cad":"C3D-Eje Horizontal","color":"#000000"},"geometry":{"type":"LineString","coordinates":[[-78.133503777984089,-0.139427643286747],[-78.133503777984089,-0.139427643286747]]}},
{"type":"Feature","properties":{"capa_cad":"C3D-Eje Horizontal","color":"#000000"},"geometry":{"type":"LineString","coordinates":[[-78.133484041206941,-0.139416183125348],[-78.133444568014198,-0.139396319476083]]}},
{"type":"Feature","properties":{"capa_cad":"C3D-Eje Horizontal","color":"#000000"},"geometry":{"type":"LineString","coordinates":[[-78.133424072363496,-0.139386387742772],[-78.133424072363496,-0.139386387742772]]}},
{"type":"Feature","properties":{"capa_cad":"C3D-Eje Horizontal","color":"#000000"},"geometry":{"type":"LineString","coordinates":[[-78.133403576713107,-0.139376456009784],[-78.133361826719423,-0.139359649307884]]}},
{"type":"Feature","properties":{"capa_cad":"C3D-Eje Horizontal","color":"#000000"},"geometry":{"type":"LineString","coordinates":[[-78.133340572376198,-0.139352774338836],[-78.133340572376198,-0.139352774338836]]}},
{"type":"Feature","properties":{"capa_cad":"C3D-Eje Horizontal","color":"#000000"},"geometry":{"type":"LineString","coordinates":[[-78.133319318033358,-0.139345899370042],[-78.133276809438996,-0.139332913601158]]}},
{"type":"Feature","properties":{"capa_cad":"C3D-Eje Horizontal","color":"#000000"},"geometry":{"type":"LineString","coordinates":[[-78.133254796132874,-0.139326802891892],[-78.133254796132874,-0.139326802891892]]}},
{"type":"Feature","properties":{"capa_cad":"C3D-Eje Horizontal","color":"#000000"},"geometry":{"type":"LineString","coordinates":[[-78.13323354179154,-0.139319927924008],[-78.133190274506617,-0.139309998919524]]}},
{"type":"Feature","properties":{"capa_cad":"C3D-Eje Horizontal","color":"#000000"},"geometry":{"type":"LineString","coordinates":[[-78.133168261382608,-0.139305416546918],[-78.133168261382608,-0.139305416546918]]}},
{"type":"Feature","properties":{"capa_cad":"C3D-Eje Horizontal","color":"#000000"},"geometry":{"type":"LineString","coordinates":[[-78.133146248349277,-0.139301598342369],[-78.133101463229337,-0.139293962024525]]}},
{"type":"Feature","properties":{"capa_cad":"C3D-Eje Horizontal","color":"#000000"},"geometry":{"type":"LineString","coordinates":[[-78.133079450287539,-0.139290907988216],[-78.133079450287539,-0.139290907988216]]}},
{"type":"Feature","properties":{"capa_cad":"C3D-Eje Horizontal","color":"#000000"},"geometry":{"type":"LineString","coordinates":[[-78.133057437255886,-0.139287089784163],[-78.133013411374407,-0.13928098171208]]}},
{"type":"Feature","properties":{"capa_cad":"C3D-Eje Horizontal","color":"#000000"},"geometry":{"type":"LineString","coordinates":[[-78.132990639289602,-0.139277163599258],[-78.132990639289602,-0.139277163599258]]}},
{"type":"Feature","properties":{"capa_cad":"C3D-Eje Horizontal","color":"#000000"},"geometry":{"type":"LineString","coordinates":[[-78.132969385223817,-0.139272581137023],[-78.13294661295933,-0.139267234688924],[-78.132946608264518,-0.139227497964933]]}},
{"type":"Feature","properties":{"capa_cad":"C3D-Eje Horizontal","color":"#000000"},"geometry":{"type":"LineString","coordinates":[[-78.135950147903998,-0.138867214084617],[-78.134157258089687,-0.138867429535168]]}},
{"type":"Feature","properties":{"capa_cad":"C3D-Eje Horizontal","color":"#000000"},"geometry":{"type":"LineString","coordinates":[[-78.135950143643655,-0.138831298104573],[-78.134157253832058,-0.138831513611747]]}},
{"type":"Feature","properties":{"capa_cad":"C3D-Eje Horizontal","color":"#000000"},"geometry":{"type":"LineString","coordinates":[[-78.132946612688514,-0.139264942185624],[-78.133395213934605,-0.139264888470465],[-78.13348478239412,-0.139264877744592],[-78.134067736608159,-0.139264807926977],[-78.134112520863525,-0.139264802562771],[-78.134291657902637,-0.139264781105117],[-78.134336442166841,-0.139264775740496],[-78.134381226432794,-0.139264770375772],[-78.134560363514254,-0.139264748916046],[-78.134605147789017,-0.139264743550907],[-78.134649932065557,-0.139264738185666],[-78.134739500623937,-0.13926472745494],[-78.134829828245017,-0.139264716632938],[-78.134919396817565,-0.139264705901519],[-78.134964181106483,-0.139264700535672],[-78.135143318279759,-0.139264679071453],[-78.135188102577516,-0.139264673705191],[-78.135232886877006,-0.139264668338825],[-78.135412024092631,-0.139264646872535],[-78.135456808400946,-0.139264641505755],[-78.135501592711023,-0.139264636138872],[-78.135591920392642,-0.139264625313909],[-78.135771057664797,-0.139264603844851],[-78.135815841987252,-0.139264598477363],[-78.135860626311455,-0.139264593109805],[-78.135950194965176,-0.139264582374413],[-78.135994979294679,-0.139264577006579],[-78.136039763625945,-0.139264571638676],[-78.136084547958973,-0.139264566270687],[-78.136129332293763,-0.139264560902594],[-78.136174116630315,-0.139264555534432],[-78.13626368530872,-0.139264544797832],[-78.136309228707205,-0.139264539338398],[-78.136398797396254,-0.139264528601278],[-78.13643978645969,-0.13926452368758],[-78.136398797396254,-0.139264528601278],[-78.13626368530872,-0.139264544797832],[-78.136129332293763,-0.139264560902594],[-78.136084547958973,-0.139264566270687],[-78.136039763625945,-0.139264571638676],[-78.135994979294679,-0.139264577006579],[-78.135950194965176,-0.139264582374413],[-78.135815841987252,-0.139264598477363],[-78.135591920392642,-0.139264625313909],[-78.135547136078998,-0.139264630680949],[-78.135501592711023,-0.139264636138872],[-78.135456808400946,-0.139264641505755],[-78.135232886877006,-0.139264668338825],[-78.135188102577516,-0.139264673705191],[-78.134964181106483,-0.139264700535672],[-78.134829828245017,-0.139264716632938],[-78.134784284905749,-0.139264722089456],[-78.134739500623937,-0.13926472745494],[-78.134605147789017,-0.139264743550907],[-78.134381226432794,-0.139264770375772],[-78.134336442166841,-0.139264775740496],[-78.134112520863525,-0.139264802562771],[-78.134067736608159,-0.139264807926977],[-78.133395213934605,-0.139264888470465],[-78.133260102203948,-0.139264904649558],[-78.132946612688514,-0.139264942185624]]}},
{"type":"Feature","properties":{"capa_cad":"C3D-Eje Horizontal","color":"#000000"},"geometry":{"type":"LineString","coordinates":[[-78.136439782210971,-0.139228607692088],[-78.132946608445124,-0.139229026300467]]}},
{"type":"Feature","properties":{"capa_cad":"C3D-Eje Horizontal","color":"#000000"},"geometry":{"type":"LineString","coordinates":[[-78.132946612688514,-0.139264942185624],[-78.133395213934605,-0.139264888470465],[-78.13348478239412,-0.139264877744592],[-78.134067736608159,-0.139264807926977],[-78.134112520863525,-0.139264802562771],[-78.134291657902637,-0.139264781105117],[-78.134336442166841,-0.139264775740496],[-78.134381226432794,-0.139264770375772],[-78.134560363514254,-0.139264748916046],[-78.134605147789017,-0.139264743550907],[-78.134649932065557,-0.139264738185666],[-78.134739500623937,-0.13926472745494],[-78.134829828245017,-0.139264716632938],[-78.134919396817565,-0.139264705901519],[-78.134964181106483,-0.139264700535672],[-78.135143318279759,-0.139264679071453],[-78.135188102577516,-0.139264673705191],[-78.135232886877006,-0.139264668338825],[-78.135412024092631,-0.139264646872535],[-78.135456808400946,-0.139264641505755],[-78.135501592711023,-0.139264636138872],[-78.135591920392642,-0.139264625313909],[-78.135771057664797,-0.139264603844851],[-78.135815841987252,-0.139264598477363],[-78.135860626311455,-0.139264593109805],[-78.135950194965176,-0.139264582374413],[-78.135994979294679,-0.139264577006579],[-78.136039763625945,-0.139264571638676],[-78.136084547958973,-0.139264566270687],[-78.136129332293763,-0.139264560902594],[-78.136174116630315,-0.139264555534432],[-78.13626368530872,-0.139264544797832],[-78.136309228707205,-0.139264539338398],[-78.136398797396254,-0.139264528601278],[-78.13626368530872,-0.139264544797832],[-78.136129332293763,-0.139264560902594],[-78.136084547958973,-0.139264566270687],[-78.136039763625945,-0.139264571638676],[-78.135994979294679,-0.139264577006579],[-78.135950194965176,-0.139264582374413],[-78.135815841987252,-0.139264598477363],[-78.135591920392642,-0.139264625313909],[-78.135547136078998,-0.139264630680949],[-78.135501592711023,-0.139264636138872],[-78.135456808400946,-0.139264641505755],[-78.135232886877006,-0.139264668338825],[-78.135188102577516,-0.139264673705191],[-78.134964181106483,-0.139264700535672],[-78.134829828245017,-0.139264716632938],[-78.134784284905749,-0.139264722089456],[-78.134739500623937,-0.13926472745494],[-78.134605147789017,-0.139264743550907],[-78.134381226432794,-0.139264770375772],[-78.134336442166841,-0.139264775740496],[-78.134112520863525,-0.139264802562771],[-78.134067736608159,-0.139264807926977],[-78.133395213934605,-0.139264888470465],[-78.133260102203948,-0.139264904649558],[-78.132946612688514,-0.139264942185624]]}}
]
}
