{"type": "FeatureCollection", "features": [{"type": "Feature", "properties": {"tipo": "predio", "clave": "1702606901", "propietario": null, "comunidad": null, "codigo_ficha": null, "ha_en_vaso": 31.69, "pct_del_vaso": 49.8, "area_predio_ha": 323.74, "nombre_predio": "PÁRAMO CHICO", "condicion": "En litigio comunidad–Estado", "investigado": false}, "geometry": {"type": "MultiPolygon", "coordinates": [[[[-78.13385718978641, -0.113896360514003], [-78.13372462041181, -0.113825979111328], [-78.133496558248, -0.113731839970822], [-78.13322794293634, -0.113641162988261], [-78.13299640489011, -0.11360852380434], [-78.13295915229249, -0.11359973898033], [-78.13286704643978, -0.11358037846411], [-78.13275191540666, -0.113556925996373], [-78.13266591806979, -0.113539429301532], [-78.13259486453146, -0.113525091248925], [-78.13244516618833, -0.11349494695874], [-78.13227685673738, -0.113461399701595], [-78.13205925691545, -0.113418809819459], [-78.1318862861804, -0.113380191168146], [-78.13179509782246, -0.113359601893271], [-78.13154159230045, -0.113303675087038], [-78.1311959578696, -0.113227439067294], [-78.13085935800636, -0.113153195501458], [-78.13085679665035, -0.113169113783818], [-78.13084513583331, -0.113241568758384], [-78.1308280289914, -0.113329545952944], [-78.13082327439359, -0.113378317628008], [-78.13080616876697, -0.113453863234081], [-78.13078811650526, -0.113490201090256], [-78.13076816542049, -0.113522712957453], [-78.13073586557076, -0.113559049386409], [-78.1307016663789, -0.113587734931365], [-78.13066520449473, -0.113616304588693], [-78.13060973279418, -0.113634497328232], [-78.13061006924777, -0.11363576057985], [-78.13062601621147, -0.113696016227341], [-78.13062812665376, -0.113710940121109], [-78.13062782571224, -0.113722703921297], [-78.1306270696155, -0.113735491442682], [-78.1306071039458, -0.113788382854203], [-78.13057516971612, -0.113866800366677], [-78.13054283390018, -0.113939994184503], [-78.13052266555557, -0.113982028942534], [-78.13049917615542, -0.114043676674722], [-78.13049367641221, -0.114066859512656], [-78.1304921625982, -0.114081542686481], [-78.13049477470088, -0.114097075648814], [-78.130498964093, -0.11410950132616], [-78.13050680690725, -0.114126683864873], [-78.13051419520117, -0.11413848548384], [-78.13051887489642, -0.114148436279723], [-78.13052409048882, -0.114157736545258], [-78.13052711032553, -0.114170741306301], [-78.13052943209814, -0.114190535567329], [-78.13052861567121, -0.114214278198072], [-78.13052649063287, -0.11423796467459], [-78.13052110635255, -0.114264329965325], [-78.13051954983459, -0.114275180109095], [-78.13051968602942, -0.114286549987079], [-78.13051980039485, -0.114300822191711], [-78.13052345395941, -0.114313175528991], [-78.1305307513947, -0.114327041841756], [-78.1305769370595, -0.114390874237016], [-78.13058453444171, -0.114412075015973], [-78.13058772897807, -0.114428282116679], [-78.13058895269019, -0.114442692683182], [-78.13058864361673, -0.114454924541231], [-78.1305847148412, -0.114466294010129], [-78.13057859697591, -0.114477505130084], [-78.13056939429228, -0.114488371671339], [-78.13056019390629, -0.114503207680625], [-78.13052879036029, -0.114587781377228], [-78.13051399500378, -0.114644576796939], [-78.13051343777671, -0.114661122364409], [-78.13051525738447, -0.11467622875415], [-78.13051788856528, -0.114689377147901], [-78.13052946691263, -0.114733861115883], [-78.13053919323978, -0.114791244538736], [-78.13053863510875, -0.114807833478691], [-78.13053495466973, -0.114822002290676], [-78.13052575394414, -0.114840199649001], [-78.1305233906095, -0.114850256358998], [-78.1305222875883, -0.114858666856727], [-78.13052262194891, -0.114871892727291], [-78.13052961300959, -0.114906804511392], [-78.13053348137728, -0.114916184160017], [-78.13054240796389, -0.1149288560966], [-78.1305498994543, -0.114940788752022], [-78.13055359505648, -0.11495454537018], [-78.1305550714394, -0.114964270851671], [-78.13055687866394, -0.114977513136408], [-78.130567038791, -0.115013947791262], [-78.13059617917872, -0.115068973914067], [-78.13060554401267, -0.115079167351274], [-78.13062905139454, -0.115098588773454], [-78.13064045740774, -0.115107101741834], [-78.1306488034518, -0.115118089331557], [-78.13065947111373, -0.115132315621315], [-78.13068051100926, -0.115180071552777], [-78.13070432233191, -0.11525653480421], [-78.1307099306194, -0.115296914075653], [-78.13071071367712, -0.115310830336429], [-78.13070987543166, -0.115337111150736], [-78.13070461217286, -0.115355725462492], [-78.13066613198733, -0.115416931604426], [-78.1306150588107, -0.115491775239577], [-78.13060480404506, -0.115513101616561], [-78.130603992822, -0.115538378543205], [-78.13060190473686, -0.115560258747399], [-78.13060264374737, -0.115574815647438], [-78.13060600671358, -0.115584993116892], [-78.13062633912952, -0.115607906599288], [-78.13063544179354, -0.115618928606005], [-78.13067008326401, -0.115646442817064], [-78.1306823580595, -0.115655306472439], [-78.13069109522655, -0.115659360864613], [-78.13070217503271, -0.115662882377692], [-78.13071151457176, -0.115665733250197], [-78.13072143136012, -0.115667295662949], [-78.13073060596787, -0.115667994168603], [-78.13080008219323, -0.115657451837949], [-78.13084970189533, -0.115648855622724], [-78.130859556859, -0.115649377997585], [-78.1308704241603, -0.115650799547179], [-78.13087730091645, -0.115652931815388], [-78.13088666266526, -0.115658074193674], [-78.13089337016227, -0.115665393049057], [-78.1308983764978, -0.115675880619984], [-78.1308996506931, -0.115687944574673], [-78.13089955138484, -0.115702628799308], [-78.13089431837922, -0.115732720510761], [-78.13088317412374, -0.11577207612346], [-78.13087187184313, -0.115811991944818], [-78.13085668385645, -0.115854326278238], [-78.13085656625292, -0.115854579271328], [-78.13082232961105, -0.11591583463176], [-78.1308085090857, -0.115944223100628], [-78.13080781681542, -0.115955762771925], [-78.13080898885153, -0.115966202061529], [-78.13081500338095, -0.115983047392031], [-78.1308251921321, -0.116002352719861], [-78.13085588068378, -0.116049049749763], [-78.1308598061167, -0.116062094370071], [-78.13086197721492, -0.116071559692836], [-78.13086101038772, -0.116073284546516], [-78.13085761446622, -0.116078423816909], [-78.1308508533333, -0.116086782232882], [-78.13084552078149, -0.116098178662955], [-78.13085369356311, -0.116109455392824], [-78.13087920597276, -0.116120684198557], [-78.1308922325225, -0.116124470667481], [-78.13090161493722, -0.11612937269698], [-78.13090687467987, -0.116136845017416], [-78.13090844159098, -0.11614770271049], [-78.1309074417656, -0.11615622978344], [-78.13090288582788, -0.116165240816632], [-78.1308947426271, -0.116172128047169], [-78.13087680912628, -0.116186980321802], [-78.13085734850215, -0.116214719434225], [-78.13083981459114, -0.116245529140249], [-78.13083489210827, -0.116257979196849], [-78.13083181271597, -0.116274997087279], [-78.13083105873915, -0.116293170906796], [-78.13083468899839, -0.116305021855633], [-78.1308445062773, -0.116323185011433], [-78.13087007698722, -0.116352546160084], [-78.13093440236158, -0.116420611122479], [-78.13096542855857, -0.116465502830532], [-78.13099418219687, -0.116519063347265], [-78.1310106335911, -0.116560067225001], [-78.1310181276815, -0.116581645716317], [-78.13102306986568, -0.116605121484302], [-78.13101820607382, -0.116631779591915], [-78.13101324620384, -0.116641124910798], [-78.13100452489552, -0.116648864164321], [-78.13098844530906, -0.11665881284219], [-78.13095937487637, -0.11666693764479], [-78.13092115795428, -0.116680305941359], [-78.13090740155968, -0.116686793204921], [-78.13090140660833, -0.116698257333886], [-78.13090068436308, -0.116713233353875], [-78.1309024734822, -0.116727809341788], [-78.1309151289932, -0.116761613026849], [-78.13094861542359, -0.116849900792978], [-78.13095021195804, -0.116869488973687], [-78.13095472633972, -0.116880862921255], [-78.13096071984512, -0.116892496351396], [-78.13097570900395, -0.116908223968937], [-78.13102035388518, -0.116950287955056], [-78.1310618131136, -0.116986219856258], [-78.13109037166161, -0.117025100651249], [-78.13111743077735, -0.117078070065497], [-78.13114234206033, -0.11714878937879], [-78.13116641900642, -0.117233387748724], [-78.1311964460451, -0.117306362957088], [-78.13121275410944, -0.117370820416932], [-78.13121923275564, -0.117439429761243], [-78.13122378608372, -0.117500077376798], [-78.13124157759368, -0.117583894407739], [-78.13125247368681, -0.117637351913737], [-78.13126247199908, -0.117693114385557], [-78.13127295099387, -0.117735217339588], [-78.13129584042677, -0.117793746135429], [-78.13134910253451, -0.117906567577662], [-78.13138886087248, -0.117977832426752], [-78.13140065388416, -0.118002201667074], [-78.13140517010977, -0.11801301088001], [-78.13140928687238, -0.118024369434259], [-78.13141164253618, -0.118036892533071], [-78.13141263729497, -0.11805165549017], [-78.13141300427841, -0.118061495623602], [-78.13141354560857, -0.11807790758536], [-78.13141299188005, -0.118094865201658], [-78.13140587364668, -0.11814559290837], [-78.13139834260708, -0.118160710089359], [-78.13138783920553, -0.118172900232861], [-78.13136365251366, -0.118196248288509], [-78.13135998708198, -0.118203687163321], [-78.13136172552453, -0.118213382864689], [-78.13136374669543, -0.118223055102201], [-78.13138130201696, -0.118255290695354], [-78.13143098420855, -0.118337809902732], [-78.13146181058211, -0.118405119730641], [-78.13150373719347, -0.118451819830063], [-78.1315385215208, -0.118477542343159], [-78.13160941361387, -0.11851581949245], [-78.1316517507909, -0.118532612615969], [-78.13167262422897, -0.118539642015379], [-78.13168715439184, -0.118541234754134], [-78.13171049326864, -0.11854064624177], [-78.13171970037416, -0.118539606266619], [-78.13173839601643, -0.118541387386915], [-78.13174616581036, -0.11854369867811], [-78.13175649219691, -0.118550944742739], [-78.13176620233205, -0.118563403555588], [-78.13177200445568, -0.118576911029039], [-78.13177198575042, -0.118592948851376], [-78.13176929613313, -0.118607268669651], [-78.13174813244147, -0.118638438517425], [-78.13171587079042, -0.118676732013791], [-78.13168926212927, -0.118721176837486], [-78.13168305493387, -0.118736512825724], [-78.13168053700916, -0.118756979784822], [-78.13168051342113, -0.118776821720204], [-78.13168174460786, -0.118796569813441], [-78.1316867151407, -0.118814559911278], [-78.13169628056923, -0.11883763951021], [-78.13171336031405, -0.118859898532306], [-78.1317479429088, -0.11889221453955], [-78.13178236072861, -0.11892092159177], [-78.13179524887167, -0.11893521231838], [-78.13180637330319, -0.118949879657804], [-78.13181624920178, -0.118965032094748], [-78.13182275494441, -0.118979029390506], [-78.13182791554812, -0.118999014638739], [-78.13183047041377, -0.119020638727019], [-78.13183044095246, -0.119045157648059], [-78.13182783163184, -0.119090118223091], [-78.1318162326927, -0.119168056191644], [-78.13179238315591, -0.119237556953357], [-78.13178945239784, -0.11925758291791], [-78.13179066399402, -0.119275753342804], [-78.1317951505594, -0.119286864360488], [-78.1318029943462, -0.11930268524364], [-78.13181242564364, -0.119312193811668], [-78.13183281959797, -0.119329759039391], [-78.13184486772357, -0.119343206633189], [-78.1318582607192, -0.119361934950704], [-78.13186429404188, -0.119378899590379], [-78.13186890331882, -0.119392433147891], [-78.13187388543759, -0.11940248159659], [-78.13188552807814, -0.11942260668202], [-78.1319076549583, -0.119442391313038], [-78.13197540797607, -0.119492783544792], [-78.13204338284989, -0.119541627955162], [-78.13208860187828, -0.119585928529596], [-78.13209899025611, -0.119601202110811], [-78.13210798978982, -0.119619788109107], [-78.13211489996195, -0.119637218195311], [-78.13211747185504, -0.119658985059569], [-78.13211744629017, -0.119680429068445], [-78.13211784358272, -0.119700768934197], [-78.13212032050666, -0.119720884928668], [-78.13212563690722, -0.119735745036061], [-78.13214488089332, -0.119764002342325], [-78.13222029627563, -0.119848575535106], [-78.13231152603329, -0.119970920500901], [-78.13233775226033, -0.120014001055799], [-78.13240501934042, -0.120093756375085], [-78.13245254485778, -0.120148513582096], [-78.13255026883175, -0.120283286369518], [-78.13263959294251, -0.120346904113336], [-78.13269751626048, -0.120404014491049], [-78.1327328689032, -0.120453825080261], [-78.13274335655414, -0.120472438360969], [-78.13275724193522, -0.120486025325085], [-78.13278556086904, -0.120498221386217], [-78.13282947016992, -0.120510185071242], [-78.13287766724295, -0.12052022004469], [-78.13288737839795, -0.12053140934074], [-78.1328969106569, -0.120562468588419], [-78.13289732745208, -0.120576419177126], [-78.13289815095784, -0.120597764799357], [-78.1328985499709, -0.120618670327655], [-78.13289936904893, -0.120639435843929], [-78.13290355665835, -0.120668307834574], [-78.13290647011533, -0.12068516915582], [-78.13291349305324, -0.120705598291745], [-78.1329232640953, -0.120719144161976], [-78.13293461355144, -0.120727621053347], [-78.13294817387356, -0.120742614879802], [-78.13295610158058, -0.120762613099939], [-78.13295607601104, -0.120783911646426], [-78.13295649751515, -0.120795727953911], [-78.13294494872288, -0.120839367472152], [-78.13294369161906, -0.120853085660573], [-78.13294449708185, -0.120866708287681], [-78.1329489223208, -0.120880519246833], [-78.13295596358404, -0.120888800505992], [-78.13300069302753, -0.120911373360068], [-78.13302177829377, -0.120926996889824], [-78.13304663396003, -0.120952919955208], [-78.1330659011999, -0.120981843253598], [-78.13307921331361, -0.121009993348237], [-78.13309448351403, -0.12108421506441], [-78.1331032790576, -0.121173285712709], [-78.13312088475121, -0.121229573200208], [-78.13312742044018, -0.121240281455229], [-78.13313557363638, -0.121249733890934], [-78.13315000783645, -0.121259301753064], [-78.13316946118864, -0.121268077701321], [-78.13323048630983, -0.121274952411713], [-78.13330514521815, -0.121272524295707], [-78.13331735173, -0.121273421057399], [-78.13332785629977, -0.121276195300724], [-78.13333458901556, -0.121282499473761], [-78.13333955822564, -0.121295718644792], [-78.13334039429753, -0.121316939581546], [-78.133341634989, -0.121331278808279], [-78.13334370806629, -0.121342179958079], [-78.13334785937033, -0.121357698682646], [-78.13335531180648, -0.121373566546199], [-78.13339323361942, -0.121427941509117], [-78.13349872303662, -0.121537709349159], [-78.13356710718041, -0.121620779331137], [-78.13358397368044, -0.121647813890018], [-78.13358615369518, -0.121665963667105], [-78.1335856870355, -0.12169935042849], [-78.13358608561116, -0.121715719035604], [-78.13358979613912, -0.121731972337686], [-78.13359547698104, -0.121746302104083], [-78.1336052269108, -0.121755737549958], [-78.13361437721663, -0.121757286382835], [-78.13362236279883, -0.121756096304295], [-78.13363362195362, -0.121752763256675], [-78.13367971259603, -0.121736548720504], [-78.13369834396761, -0.12173527394064], [-78.13372093427112, -0.121735314310853], [-78.13373826779743, -0.121742495204581], [-78.1337716980128, -0.121774039563563], [-78.13384948191319, -0.121859314447409], [-78.13390076110613, -0.121946486753411], [-78.13394597814214, -0.122001017961496], [-78.1340024501754, -0.122066081747898], [-78.13409033539114, -0.122207346130179], [-78.13409734787808, -0.122224589229424], [-78.13409733016141, -0.122239302418497], [-78.1340947022755, -0.12225502915726], [-78.13408313116085, -0.1222884987729], [-78.13406046088018, -0.122348468646896], [-78.13401686293186, -0.122413158437293], [-78.13398713894593, -0.122446783318735], [-78.13397883613577, -0.122460097756952], [-78.13397135045633, -0.122478424508108], [-78.13396928641012, -0.122492416408586], [-78.13397050682924, -0.122511578113082], [-78.13397415032489, -0.122525074556626], [-78.13398308668584, -0.122538178508258], [-78.13400209406635, -0.122554428949791], [-78.13401907845476, -0.12256154024335], [-78.13404039352189, -0.122568436045535], [-78.134054393531, -0.12257594188749], [-78.13411729362831, -0.122633789411235], [-78.13413558762929, -0.122648462107282], [-78.13415489671102, -0.122655108303824], [-78.13428362868393, -0.12266600776874], [-78.13430097104569, -0.122674536840523], [-78.13431118472309, -0.122686624393457], [-78.13432066086023, -0.122704867137936], [-78.1343286308308, -0.122723909399357], [-78.13434512088178, -0.122745938953565], [-78.13439513635869, -0.122773504824675], [-78.13445656825003, -0.122804508293181], [-78.1344701186464, -0.122819931369031], [-78.13447886013456, -0.122834032873531], [-78.13448282666576, -0.122848270304791], [-78.13448324700946, -0.122862365488925], [-78.13448190933507, -0.122873892473338], [-78.13447613286628, -0.12288946616856], [-78.13446595885554, -0.122900994908489], [-78.13444942821553, -0.12291450905718], [-78.13443121618361, -0.122922320451939], [-78.13441483090793, -0.122927779992947], [-78.13440153645749, -0.12293625425218], [-78.13439694102118, -0.122944698729737], [-78.13439615553011, -0.122954411359379], [-78.13439975626024, -0.122964906974379], [-78.13440550743549, -0.122976094070226], [-78.134418749836, -0.122992781239901], [-78.13443158550676, -0.123002386008599], [-78.13448291181264, -0.123034479032966], [-78.13452639166891, -0.123067578716468], [-78.13466259860928, -0.123211312572518], [-78.13471950449363, -0.12327296453969], [-78.13473161415706, -0.123289969659064], [-78.13473817342299, -0.123306734724855], [-78.13473990488916, -0.12332257308477], [-78.134739454181, -0.1233322703923], [-78.13473683166617, -0.123347979066216], [-78.1347308190989, -0.123363891584199], [-78.13472533943558, -0.123382027901353], [-78.1347224018135, -0.123398371766373], [-78.13472153109025, -0.123424486402931], [-78.13473328547836, -0.123523813294193], [-78.13473744132754, -0.123597177337153], [-78.13474030684962, -0.123617099155993], [-78.13474723290139, -0.123628347830462], [-78.13475931617964, -0.123631897552622], [-78.13477399455063, -0.123632765693912], [-78.13479085650769, -0.12363496777546], [-78.13480016460223, -0.123638260575731], [-78.1348098370562, -0.123650331818918], [-78.13481332982182, -0.123671561206033], [-78.13481374167677, -0.12368939365313], [-78.13481068669711, -0.123711998499814], [-78.13480444872864, -0.123728951931197], [-78.13478915933042, -0.123742923425057], [-78.13476069925498, -0.123749374690454], [-78.13474300973157, -0.12375580815225], [-78.13473849675725, -0.123765228518142], [-78.13473766040663, -0.123780434084366], [-78.13473931606183, -0.123808450154989], [-78.13474221449779, -0.123847791991476], [-78.13475385592018, -0.123878838896408], [-78.13477224813158, -0.12390665257937], [-78.13479830182366, -0.123934189695285], [-78.13482900413081, -0.123959634598435], [-78.13487566733347, -0.123986599279017], [-78.13490175303708, -0.124008590150117], [-78.1349303215638, -0.12403696246543], [-78.13494952012572, -0.124061479032885], [-78.13496531985756, -0.124084354305698], [-78.13496896602653, -0.124097895042291], [-78.13496772491405, -0.124112768045007], [-78.13496693814811, -0.124125890837947], [-78.13496698715159, -0.124137581527463], [-78.13496910303405, -0.124150843790584], [-78.13497242921339, -0.124160346336067], [-78.13497708100294, -0.124170453529965], [-78.1349839241283, -0.12418493615984], [-78.13499249362397, -0.124204133925966], [-78.13500058922764, -0.124223215077145], [-78.1350071076945, -0.124235344716315], [-78.1350097718992, -0.124249324492726], [-78.13501323804033, -0.124267659674504], [-78.13501626273498, -0.124284636708034], [-78.13501954455808, -0.124297621696423], [-78.1350255188356, -0.124303986354112], [-78.13503471584967, -0.124313607912944], [-78.13503844425279, -0.124321958422476], [-78.1350398169653, -0.124335219701905], [-78.13503992194876, -0.12436045073788], [-78.13504039184106, -0.124372678208364], [-78.13504216565164, -0.124386907279749], [-78.13504090960593, -0.124398733366229], [-78.1350392641052, -0.124409817560289], [-78.1350380789454, -0.124421828891018], [-78.13503931587478, -0.124429115599468], [-78.13504647779216, -0.124458686460858], [-78.13505782385099, -0.124473651201208], [-78.13507066594481, -0.124481918674877], [-78.13508977852923, -0.124496333977907], [-78.13510308533432, -0.124506618322393], [-78.13511584234692, -0.124521478401659], [-78.13513314090983, -0.124536644392993], [-78.13514790480176, -0.124551817335928], [-78.13516005530103, -0.124581178210195], [-78.13516953844363, -0.124617443146925], [-78.13517340915908, -0.124637755438198], [-78.1351777912231, -0.124652102264625], [-78.13517399601396, -0.124680547860012], [-78.13516805918808, -0.124693056550623], [-78.13514656004645, -0.124761432688748], [-78.13514623819782, -0.124782884854428], [-78.13515082798973, -0.124801858099959], [-78.13515710855987, -0.124814375359288], [-78.13516910229829, -0.124840816710391], [-78.13519305742552, -0.124918885258911], [-78.13520119855316, -0.12494018835872], [-78.13520523884976, -0.124960957888351], [-78.13520032699367, -0.124973694395939], [-78.13519346860826, -0.124984139177582], [-78.1351846928443, -0.124996611411089], [-78.13517407079438, -0.125001115558347], [-78.13516695914427, -0.125004728245084], [-78.13515849511691, -0.12501454394899], [-78.13515152642826, -0.125024112232676], [-78.13514539218754, -0.125036169103053], [-78.13514094354943, -0.12504812405264], [-78.13513854138725, -0.125067698323134], [-78.13513818922218, -0.125087253843589], [-78.13513103170538, -0.125099981970499], [-78.13512290631714, -0.125107358009631], [-78.13511339643816, -0.125119106382664], [-78.13510473294765, -0.125130831355215], [-78.13509709677889, -0.125145950335716], [-78.13509636124684, -0.125166550366673], [-78.13509721985527, -0.125177975490344], [-78.13510161837416, -0.12518950491691], [-78.13510925745844, -0.125197131178752], [-78.13512922511916, -0.125214100142135], [-78.13515222801908, -0.125241741777093], [-78.13516165822524, -0.125252867852534], [-78.13516903922468, -0.125264994883507], [-78.13517856438199, -0.125286114708446], [-78.13518336009508, -0.125309746001195], [-78.13518508214743, -0.12532111790901], [-78.13518840715543, -0.12533305744992], [-78.13519680102891, -0.125349368229013], [-78.13520310766216, -0.125361519539553], [-78.13521454060854, -0.125377998722405], [-78.13522642361423, -0.125399154952825], [-78.13523950607275, -0.125417266207331], [-78.13526969661395, -0.125460545320022], [-78.13528115517155, -0.125480854838741], [-78.13529059863264, -0.125493883885917], [-78.13529550388382, -0.125500651435904], [-78.13531123008342, -0.125522708071959], [-78.13532607570342, -0.125545558869765], [-78.13533760745572, -0.125561330553683], [-78.13534538565212, -0.125577259048665], [-78.13535160665569, -0.12559272653941], [-78.13535066258842, -0.125599573864004], [-78.13534780407619, -0.125606224897459], [-78.13534783032111, -0.125612478668489], [-78.13535195715147, -0.125621519573686], [-78.13535455272608, -0.125630942529729], [-78.13535729119681, -0.125638655903338], [-78.13535597734965, -0.125645416442131], [-78.13535599744215, -0.125650472048029], [-78.13535932767337, -0.125655639161574], [-78.1353704892423, -0.125666784409171], [-78.1353777587525, -0.1256724281517], [-78.1353906989868, -0.125677832165154], [-78.1354009537214, -0.125683612680305], [-78.13541322854797, -0.125700238344316], [-78.13542437903628, -0.12572245802991], [-78.13543340988774, -0.125741303464557], [-78.13543810216648, -0.125758619540067], [-78.13544656706439, -0.12577381078165], [-78.1354560321589, -0.125802427722252], [-78.13546373495315, -0.125826633126195], [-78.13546980814603, -0.125847692942093], [-78.13547122147112, -0.125883418464401], [-78.13547461771003, -0.125900559100508], [-78.13547964363738, -0.125920040223641], [-78.13548883749773, -0.125933799352363], [-78.13549533611447, -0.125946748563303], [-78.13549969507001, -0.125958877074749], [-78.13550312916583, -0.125974544858688], [-78.13550866899706, -0.125989374341397], [-78.13551294453734, -0.126009193326265], [-78.13551750213801, -0.12601868788574], [-78.13552294542389, -0.126029949068303], [-78.13552788924328, -0.126036938910153], [-78.13553410568862, -0.126044797246248], [-78.1355417528938, -0.126052008768195], [-78.13556007535738, -0.126077096356233], [-78.13557958303055, -0.12610629000453], [-78.13559484545031, -0.126134184719412], [-78.13560209533313, -0.126146940647027], [-78.13560864117713, -0.126163006359133], [-78.13561001704078, -0.12618009526918], [-78.13560745635097, -0.126196398519881], [-78.1356034839221, -0.126203572610303], [-78.13559847652648, -0.126211619457016], [-78.13559318085733, -0.126221137321595], [-78.13558874378661, -0.126233883820368], [-78.13558596139328, -0.126250267465854], [-78.13558803300023, -0.126266022749136], [-78.13559989503449, -0.126290065070382], [-78.13560539745116, -0.126294092996871], [-78.13562222960526, -0.126298056219097], [-78.13562986781838, -0.126297218532569], [-78.13564341458819, -0.126296312828983], [-78.13567046126867, -0.126296210111665], [-78.13569163596412, -0.126298258198235], [-78.13570499032885, -0.126300372282448], [-78.13572475698587, -0.126308681211756], [-78.13573997071813, -0.126330368240386], [-78.1357508603054, -0.126349910562003], [-78.13575226418416, -0.126381608776614], [-78.13575441282421, -0.126398773676801], [-78.13575823489136, -0.126420472995039], [-78.13576529376432, -0.12643986670267], [-78.13577132606078, -0.126449097580578], [-78.13578022345318, -0.126457171273826], [-78.13578741591138, -0.126461557212632], [-78.1358003562394, -0.126466119991244], [-78.13582497370281, -0.126478388106591], [-78.13583680524631, -0.126485818768113], [-78.1358476594101, -0.126500986792572], [-78.13585467249085, -0.126512352972066], [-78.13585677789435, -0.126522730074495], [-78.13586104068959, -0.126527759046734], [-78.13586830539417, -0.126536292488718], [-78.13587281838835, -0.126543294937217], [-78.13587087555415, -0.126548241895811], [-78.13587053775234, -0.126559372323656], [-78.13587621559823, -0.126567867638434], [-78.13588052420828, -0.126580707278789], [-78.13590126411738, -0.126627059419358], [-78.13590848005664, -0.12664647122003], [-78.13591855608468, -0.126669457052085], [-78.13593588465649, -0.126697282436036], [-78.13594621901866, -0.126721711336872], [-78.13594926888774, -0.126737998047995], [-78.13595130329205, -0.126749204642733], [-78.13596299507199, -0.126762488771803], [-78.13597458046002, -0.12677198773553], [-78.13598711014947, -0.126780740436319], [-78.13600282595851, -0.126791056709439], [-78.13602400730896, -0.126797934514506], [-78.13604280832449, -0.126797022173258], [-78.13607234490455, -0.1268042234929], [-78.13608866951569, -0.12681213717921], [-78.13609494772085, -0.126821532543102], [-78.13610204603481, -0.126833192404448], [-78.13610951181688, -0.126841475577076], [-78.13611718845021, -0.126850415685974], [-78.13612447091496, -0.126860677708698], [-78.13613305170551, -0.126874799125336], [-78.1361437458618, -0.126900323227714], [-78.13614931658037, -0.126919864064549], [-78.13615273719908, -0.126943714804], [-78.13615726554403, -0.126958018295306], [-78.13616476739112, -0.126972966380949], [-78.13617180780807, -0.126988739396428], [-78.13616301415144, -0.127033006378163], [-78.13615492832702, -0.12704769519941], [-78.13614842455382, -0.127057179496974], [-78.13614334806815, -0.127073103866682], [-78.13614527217852, -0.127083338184677], [-78.1361532860834, -0.127094134314792], [-78.13616149849695, -0.127103562426225], [-78.13617463821801, -0.127115037728304], [-78.13619783637371, -0.127129916185294], [-78.13621383954316, -0.127138915057328], [-78.13622936751361, -0.127143372413856], [-78.13624465058552, -0.127146636095636], [-78.13627268501749, -0.127150733412553], [-78.13630305698229, -0.127160073642714], [-78.13632363254456, -0.127182752535305], [-78.13634393474388, -0.12721004153439], [-78.13636508773581, -0.12722180327116], [-78.13638111455988, -0.127227932333937], [-78.13639599992813, -0.127232030893551], [-78.13641072019831, -0.127235672216263], [-78.13642426419186, -0.127235619515239], [-78.13643317266707, -0.127232729914248], [-78.1364457655868, -0.127229722354418], [-78.13645571693777, -0.127227506047481], [-78.13646404876994, -0.127228404248016], [-78.13647038864521, -0.127232017525901], [-78.13648319476044, -0.127240961828187], [-78.13649098456507, -0.12724917094767], [-78.13650021264091, -0.127261884644506], [-78.13650245004632, -0.127279780575078], [-78.13650252421438, -0.127299018100882], [-78.13650585818428, -0.127319067418925], [-78.13651224628725, -0.127332981675174], [-78.13652567862165, -0.127344358524236], [-78.13654055670845, -0.127357513808558], [-78.1365481630381, -0.127369117711716], [-78.13654998179834, -0.127390513216307], [-78.13654550101593, -0.127416931998715], [-78.13654759433462, -0.127439143479545], [-78.13655644170244, -0.127453181804844], [-78.13656412371886, -0.127462129150604], [-78.13656895291959, -0.1274747872379], [-78.13657526229159, -0.127502634908219], [-78.13659213049489, -0.127529717514506], [-78.13660644380762, -0.127544822694814], [-78.13662996140962, -0.127560464738694], [-78.13664907443417, -0.127570818456259], [-78.1366666698138, -0.127580199736648], [-78.13668406043064, -0.127582572717712], [-78.13672611857916, -0.127582829536223], [-78.13676734872172, -0.12758732321536], [-78.13678400834122, -0.127593268022913], [-78.13679677612606, -0.12759983406708], [-78.1368114058784, -0.127602298905663], [-78.13682342509887, -0.12760895522556], [-78.1368346167983, -0.12762356217925], [-78.13684466690759, -0.127637352155874], [-78.13685481941484, -0.127650440955031], [-78.13686482585646, -0.12766951785777], [-78.13686484764607, -0.127675381283911], [-78.13686224806811, -0.127686019008455], [-78.13685683208637, -0.12769574740099], [-78.13685374253528, -0.127705589907394], [-78.13685459322151, -0.127715401230194], [-78.1368529585896, -0.127733396127936], [-78.13685033930611, -0.127743663376335], [-78.13684359593452, -0.127752638021798], [-78.13683806651586, -0.127765484705133], [-78.13683735200573, -0.127774148287279], [-78.136841278764, -0.127782361497042], [-78.13684671042026, -0.127793185359893], [-78.13685175720596, -0.127802408010436], [-78.13685591547778, -0.127811104669375], [-78.13685980929088, -0.127816933290222], [-78.13686499487973, -0.127820914205782], [-78.13687918824934, -0.127833057397459], [-78.13689181383725, -0.127834992507718], [-78.13690260945218, -0.127835786172742], [-78.13691007156851, -0.12783664090771], [-78.13692673284179, -0.127843869727375], [-78.13694128572584, -0.127851549203979], [-78.13695277041957, -0.127862588803668], [-78.13696661105377, -0.127874731053522], [-78.13697933229044, -0.127888276460015], [-78.13699325743698, -0.127907224593313], [-78.13700809779044, -0.127928802289835], [-78.1370167296766, -0.127951546732902], [-78.13701853574125, -0.127974026559137], [-78.13701553208034, -0.127986316913268], [-78.137009682151, -0.12799990902682], [-78.13700351522472, -0.128014964927595], [-78.13699240198343, -0.12804555486745], [-78.13698377291111, -0.128070244614586], [-78.1369785228895, -0.12808879662469], [-78.1369781662115, -0.12810004362448], [-78.13698368220136, -0.128135410028193], [-78.13698623423507, -0.128148816946281], [-78.13698834195701, -0.128162453327375], [-78.13699534432627, -0.128181288638693], [-78.13700124911486, -0.128190964993217], [-78.1370059344181, -0.12820617843728], [-78.13700912799503, -0.128213334361593], [-78.13701766784112, -0.128224292310248], [-78.13702102609193, -0.128227645927725], [-78.13702639496792, -0.128229936241074], [-78.1370409723866, -0.128234900424566], [-78.13705544829405, -0.128240660663484], [-78.13706956281172, -0.128243526648607], [-78.13708418871207, -0.128248368852646], [-78.13709251656995, -0.128260830359648], [-78.13709300623465, -0.128272466001566], [-78.13709225051079, -0.128288503815615], [-78.13709713778921, -0.128303467891979], [-78.13710006668994, -0.128309718385553], [-78.13710276028475, -0.128317302558184], [-78.13710278383817, -0.128323418088644], [-78.13709938507233, -0.128337325832439], [-78.13709392665201, -0.128349275254507], [-78.13708951411573, -0.128359059781957], [-78.13708671434499, -0.128378056637384], [-78.13708388512163, -0.128395555329684], [-78.13708352058535, -0.128404802674875], [-78.13708602866203, -0.128417979173155], [-78.13708905674982, -0.128436242967371], [-78.13708865514185, -0.128447931820801], [-78.13708348874579, -0.128456987061944], [-78.13707576939797, -0.12846090869437], [-78.13707116620976, -0.128465964689643], [-78.13706655028027, -0.128472597455828], [-78.13706458801651, -0.128482668698654], [-78.13706166696227, -0.128494619309741], [-78.13705412093468, -0.128513813515575], [-78.13704711691562, -0.128525940769867], [-78.13704317713398, -0.128537983432241], [-78.13704284016917, -0.128557538986066], [-78.13703836503319, -0.128581360845468], [-78.13703922872541, -0.128595208528525], [-78.1370425779666, -0.128614958771674], [-78.13704750054838, -0.128627202129766], [-78.13705160591722, -0.128635381931135], [-78.13705778714562, -0.128645071873638], [-78.1370573960646, -0.128658925740287], [-78.13705572552222, -0.128668818103966], [-78.13705205831069, -0.128683396282893], [-78.13705129057642, -0.128694406494993], [-78.13705176264305, -0.128710883593969], [-78.1370547066386, -0.128726620928675], [-78.13705811445544, -0.12874424592485], [-78.13706110746537, -0.128763121448982], [-78.13706493124062, -0.128785253621823], [-78.13706914313654, -0.128803979287445], [-78.13707547649526, -0.128825748499667], [-78.1370801638322, -0.128846790132172], [-78.13708399572364, -0.128868566290337], [-78.13709030658576, -0.1288988753725], [-78.13709660654128, -0.128914334781282], [-78.137101367391, -0.128936133635094], [-78.13710099151439, -0.128950438397557], [-78.13709889463482, -0.128960325291302], [-78.13709566382724, -0.12897311892013], [-78.1370953241034, -0.128985176447012], [-78.13709920798128, -0.12899151741004], [-78.13710471865672, -0.12899391617455], [-78.13710942005497, -0.128993534486946], [-78.13711532696244, -0.12899223669112], [-78.13712230629744, -0.128992210374359], [-78.13712819685935, -0.128992609527241], [-78.13713587443897, -0.128993009786253], [-78.13714484250106, -0.128995121599654], [-78.13715460753991, -0.128997642831759], [-78.13716589008301, -0.129002393403771], [-78.13717486116096, -0.129009642152876], [-78.13718405040787, -0.129016311722695], [-78.13719577489843, -0.129025924587676], [-78.13720750123093, -0.129035119088755], [-78.13722279572453, -0.129048689199805], [-78.13723393058777, -0.129065773822626], [-78.13724494676572, -0.129092744661348], [-78.13725085397364, -0.12911282772253], [-78.13725798526065, -0.129134483177499], [-78.13726471533839, -0.129156182863354], [-78.13727483413818, -0.129189635989985], [-78.13727911577087, -0.129210739929617], [-78.13728045439017, -0.129231426074489], [-78.13728012333405, -0.129254216501778], [-78.13727637257495, -0.12927740592945], [-78.13727000428341, -0.129287097162481], [-78.13725255854823, -0.129295954926222], [-78.13723148832129, -0.129298530487969], [-78.13722496450636, -0.129302424239651], [-78.1372118493153, -0.129312398434186], [-78.13719821613657, -0.129323287910956], [-78.13717214096174, -0.129343849857178], [-78.13715178552054, -0.129359433646499], [-78.13711810440617, -0.12938105916068], [-78.1371043473212, -0.129376347158361], [-78.13709794882797, -0.129367227354946], [-78.13709458840165, -0.129359288895026], [-78.13708736614865, -0.129348481987185], [-78.13708162239939, -0.12934351608248], [-78.13707439837638, -0.129340489123413], [-78.13706974462644, -0.129340172336417], [-78.13706545311236, -0.129343186239932], [-78.13706041860605, -0.129352621905086], [-78.13705392384598, -0.129369555431303], [-78.1370486677052, -0.12938645747233], [-78.13704625157804, -0.129401821014712], [-78.13703478519267, -0.129451703547735], [-78.13702323791588, -0.129486577366382], [-78.13701754597798, -0.129499803534524], [-78.13701484176656, -0.129514899579509], [-78.13701761408772, -0.129524708412955], [-78.13702428006243, -0.129541695844122], [-78.13703767831852, -0.129576661054165], [-78.13704651147471, -0.129597171847642], [-78.13705213414342, -0.129617314512809], [-78.13705049593584, -0.129634913636139], [-78.13704522881373, -0.129669623714814], [-78.13704033603285, -0.129703757342537], [-78.13702968669205, -0.129727131214268], [-78.13701832543298, -0.129735991470079], [-78.13700841504192, -0.129741022457782], [-78.13700209302698, -0.129746230959048], [-78.13699077630547, -0.129758112839342], [-78.13698169270317, -0.129769813351556], [-78.13694158251555, -0.129822764831289], [-78.13692828864596, -0.129841288806972], [-78.13691577672228, -0.129858196341097], [-78.13690336340782, -0.12987617735621], [-78.13689129688271, -0.129899143540621], [-78.13688152747115, -0.129919541068053], [-78.1368689452816, -0.129938724746724], [-78.13686381950936, -0.129945603225158], [-78.1368527162815, -0.12995856672876], [-78.13684619669674, -0.129972708139034], [-78.13684617749344, -0.129991783916747], [-78.13684781337362, -0.130002845001821], [-78.13685622683332, -0.130020119072368], [-78.1368701372602, -0.130033975473925], [-78.13687894598972, -0.130040193209668], [-78.13689475684434, -0.130043259104987], [-78.13690895885225, -0.130042279424455], [-78.13693403459202, -0.130041824167668], [-78.13695435849614, -0.130043305674258], [-78.13696491656091, -0.130049398914382], [-78.136973520055, -0.130060895425959], [-78.13697459891422, -0.130076752727936], [-78.1369662568739, -0.130102676802055], [-78.13694608049914, -0.130130078706563], [-78.13692273318671, -0.130164558102251], [-78.13691511849892, -0.130179513525493], [-78.13690718912893, -0.130207205978906], [-78.13690318161835, -0.130238648797405], [-78.1368973663394, -0.130286925371866], [-78.1368979613921, -0.130342720585188], [-78.13689872583113, -0.130376887383123], [-78.13689231828413, -0.130416172221256], [-78.13688257435976, -0.130441276570194], [-78.13687445363126, -0.130462578779763], [-78.13686679189134, -0.130480857614977], [-78.1368642718061, -0.130494702198543], [-78.13686639688899, -0.130513306546224], [-78.13687302295992, -0.13053379630809], [-78.13687202863773, -0.130556165575762], [-78.13686336919632, -0.13057907702401], [-78.13685618084786, -0.130593950265524], [-78.1368407833713, -0.130610207774729], [-78.1368198593192, -0.130621847282151], [-78.1367966628669, -0.13063180765007], [-78.13677420380606, -0.130637314286045], [-78.13674109183464, -0.130642100437698], [-78.1367106998013, -0.130643638480074], [-78.1366903139603, -0.130642251833169], [-78.13666229720369, -0.130640571545663], [-78.1366499791182, -0.130641834259642], [-78.13663630207785, -0.130651620421291], [-78.13661444313355, -0.130668100372157], [-78.13659626729225, -0.130688393009048], [-78.13658070917059, -0.130712446704686], [-78.13656815140888, -0.130729825894748], [-78.1365525523136, -0.13075110916501], [-78.13653725344719, -0.130776354729244], [-78.13653443421806, -0.130800383682621], [-78.13653693822933, -0.130817497138842], [-78.13654335135051, -0.130839956707243], [-78.1365563839064, -0.130854308183789], [-78.13656270406331, -0.130857589860826], [-78.1365797378717, -0.1308641573347], [-78.13660249327435, -0.130873115473328], [-78.13662159487028, -0.130881114478611], [-78.13664457938344, -0.130880092446614], [-78.13666360185918, -0.130873478518026], [-78.13668240011866, -0.130873272853479], [-78.13669723658089, -0.130881174684109], [-78.13670577744301, -0.130890851353376], [-78.13671342974727, -0.130908309674031], [-78.13671352478171, -0.130917146836475], [-78.1367059097484, -0.130927163205834], [-78.13668744153902, -0.130945354950115], [-78.13667305979384, -0.130964161608161], [-78.13665777401648, -0.130984743724233], [-78.13663285103787, -0.131015278723423], [-78.13659994436145, -0.131038023820328], [-78.13658139151136, -0.131042804407366], [-78.13656553376583, -0.131041717364503], [-78.13653297331548, -0.131026982320225], [-78.13651425225208, -0.131011347083415], [-78.13649943356404, -0.130997129131868], [-78.13648088883966, -0.130993603883609], [-78.13646921922474, -0.13099889489031], [-78.13645783443324, -0.131009438521732], [-78.13644787376876, -0.131022452742975], [-78.13643995486625, -0.131036859637489], [-78.13643702883682, -0.131052875504232], [-78.1364355709499, -0.13106314829653], [-78.136433217626, -0.131102228465988], [-78.13643230365784, -0.131128240121158], [-78.13643020478051, -0.131155535646777], [-78.13642580871866, -0.131193886379966], [-78.13641719420526, -0.131216265602545], [-78.13640823783662, -0.131237672518228], [-78.13639643972586, -0.131260017939851], [-78.13638220688775, -0.131279561938801], [-78.13636747707461, -0.131296766475152], [-78.13635207744333, -0.131308264738046], [-78.13633470328254, -0.131358509783722], [-78.13632894700557, -0.131376953278169], [-78.13632251841122, -0.131395871985197], [-78.13632270401446, -0.131413283357741], [-78.13632554560942, -0.131429383018755], [-78.13634016866126, -0.131451154092888], [-78.13634618222589, -0.131459048584277], [-78.13635947282273, -0.131477284645684], [-78.13637094179035, -0.131492083225598], [-78.13639637699363, -0.131511255007725], [-78.13640643033082, -0.13151992163603], [-78.1364126415699, -0.131533807882793], [-78.13640832313682, -0.131552460274091], [-78.13640507438393, -0.131580696306694], [-78.1364029858594, -0.13161155831744], [-78.13638579344344, -0.131642100515417], [-78.1363714330348, -0.131654766337456], [-78.13634836694725, -0.131662788486058], [-78.13632376194904, -0.131667459929982], [-78.13631123092524, -0.131670663527364], [-78.13629362759518, -0.131684061787465], [-78.1362777517994, -0.131699599053841], [-78.13626544556053, -0.131715036434097], [-78.1362534428876, -0.131736622805374], [-78.13624049175533, -0.131756035019538], [-78.13622764498703, -0.131773271391391], [-78.13621727807401, -0.131791099000471], [-78.13620755949846, -0.131814078976324], [-78.13619349195466, -0.131832283858095], [-78.13618000074483, -0.131841687802616], [-78.13616865266252, -0.131852974181136], [-78.13616049741401, -0.131869848753465], [-78.1361595632479, -0.13189181229928], [-78.13615664337239, -0.131916700547876], [-78.13615400891666, -0.13193374202107], [-78.13614737933884, -0.131952001075218], [-78.13614118895728, -0.131967674094733], [-78.13613382525085, -0.131985361088445], [-78.13612597604214, -0.132002428160286], [-78.1361109765059, -0.132023570513491], [-78.13609979690102, -0.132037129447289], [-78.13608720324693, -0.132046452169285], [-78.13607624541933, -0.13205928463895], [-78.13606672799068, -0.132081385436273], [-78.13605833621307, -0.132102374943669], [-78.13605538766927, -0.132118927534284], [-78.13605129215989, -0.132142440373832], [-78.13604766704078, -0.132173119669462], [-78.13604443060247, -0.132203417693517], [-78.13604201499602, -0.132237403378656], [-78.13603866645602, -0.13225906303369], [-78.13603347099094, -0.132294387521119], [-78.13602879932652, -0.132309436330572], [-78.13602329751758, -0.132323729639015], [-78.1360117592259, -0.132342190522692], [-78.1360000484435, -0.132354239485318], [-78.1359920630944, -0.132368767438549], [-78.1359832434968, -0.132387015389527], [-78.13597716132513, -0.132406067857168], [-78.1359720739452, -0.132422422309821], [-78.13596045155438, -0.13243852028451], [-78.1359487434183, -0.132450967730665], [-78.1359370588479, -0.132469229804178], [-78.13593569234068, -0.132480876063019], [-78.1359366055381, -0.132493085526169], [-78.1359367564811, -0.132507355997582], [-78.13593884978121, -0.132521056527684], [-78.13594218964958, -0.132535839708227], [-78.13594312558054, -0.132545479353915], [-78.13594004879779, -0.132561018998312], [-78.13593552546725, -0.132581770401934], [-78.13593369854573, -0.132593169022328], [-78.13593307498951, -0.13260669936025], [-78.13593798747725, -0.132628258772771], [-78.13594096866005, -0.132640133243975], [-78.13594026486206, -0.132648987475691], [-78.13594282398182, -0.132662736854473], [-78.13594194491147, -0.132665968002705], [-78.13593779230087, -0.132686415841743], [-78.13593383992266, -0.132698372634897], [-78.13592611857568, -0.132711794617089], [-78.13591394044863, -0.132721406528525], [-78.13590062696284, -0.13273068668844], [-78.13588566870047, -0.13274405360989], [-78.13587237330495, -0.132752124763228], [-78.13585250549741, -0.132772966540396], [-78.13583862186849, -0.132783992375313], [-78.13582253373785, -0.132796115818723], [-78.13580758099127, -0.132808351439927], [-78.13579344629883, -0.132832792897213], [-78.1357823418931, -0.132855770886363], [-78.13577789895041, -0.132872088362098], [-78.13577764891393, -0.132884373589839], [-78.13578103904001, -0.132906940329507], [-78.13578241397632, -0.132923426553259], [-78.13578287392819, -0.132966590364118], [-78.1357773577474, -0.132980917097521], [-78.13577322111377, -0.132995090381195], [-78.13576920896965, -0.133019377601049], [-78.13577212619491, -0.133040999126856], [-78.13577680122684, -0.133051289796185], [-78.13578505436156, -0.13306519164371], [-78.13579699935266, -0.13307696324989], [-78.13580946869016, -0.133094959773308], [-78.13581086700404, -0.133103291069043], [-78.13580980445519, -0.13311756772209], [-78.13580801646556, -0.133133772558751], [-78.13580893931866, -0.1331478027631], [-78.13581066767293, -0.133158355130363], [-78.13580915112192, -0.133171270014785], [-78.13580292442877, -0.133190357698496], [-78.13580096451943, -0.133195242295462], [-78.1357953407123, -0.133208856983707], [-78.13579527648787, -0.133220939828387], [-78.13579373784032, -0.133230888212533], [-78.13579178591509, -0.133236583333688], [-78.13579023601775, -0.133242911017343], [-78.13578765585066, -0.133248250952624], [-78.1357588708405, -0.133261898167193], [-78.13574866800698, -0.133265511345722], [-78.13574575160709, -0.133267846793127], [-78.13574194616298, -0.133274271800305], [-78.1357414608543, -0.133279750230536], [-78.13574035373925, -0.133291317000557], [-78.13573549051496, -0.133301805343408], [-78.13573007549714, -0.133310582215516], [-78.13572652557377, -0.133319427979241], [-78.13572850051658, -0.133332013460146], [-78.13573353811594, -0.133342639405955], [-78.1357418579201, -0.133354339205642], [-78.13574668145655, -0.133361067024401], [-78.13575029887349, -0.133366207991694], [-78.13575540598916, -0.133373329810555], [-78.13575758927784, -0.133384916845521], [-78.13576513922082, -0.133417860941543], [-78.13576312921828, -0.133429029121063], [-78.13575515364667, -0.133444275421577], [-78.1357429889762, -0.13346165732532], [-78.13573362517575, -0.133474515264973], [-78.13572379010397, -0.133487883679388], [-78.13571310084203, -0.133498880964165], [-78.13570404429358, -0.133501474117967], [-78.1356924993994, -0.133507053355888], [-78.13568415972775, -0.133511920034729], [-78.13568227660954, -0.133512480041596], [-78.13568156039813, -0.133512212493882], [-78.13568085495675, -0.133511949465409], [-78.13567115805833, -0.133502489511559], [-78.13565349693496, -0.133487797721098], [-78.13563884450586, -0.133479846187084], [-78.13562116524521, -0.133474518333175], [-78.13561076221431, -0.133470767200037], [-78.13560193843391, -0.133470747189164], [-78.13557828433423, -0.133479805647326], [-78.13556070367159, -0.133483379102886], [-78.13553290411978, -0.133481960813347], [-78.13550343695438, -0.133480304683096], [-78.13548577478353, -0.133482432379613], [-78.13548185680688, -0.133484032183432], [-78.13546450820407, -0.133491113414726], [-78.13545443280587, -0.133502633045794], [-78.13544537040376, -0.133517037065107], [-78.13544060970095, -0.133533528889547], [-78.13544158227282, -0.133552207179018], [-78.13544249912167, -0.133563785026503], [-78.13544264560888, -0.133577662428277], [-78.13543872225874, -0.133594650423447], [-78.13542939500391, -0.133609704997804], [-78.13540680337405, -0.133628470877922], [-78.13539690602542, -0.133637089994], [-78.13538677977184, -0.133653714014874], [-78.13537729625493, -0.133685011560346], [-78.13537401075446, -0.133696887099051], [-78.1353672958821, -0.133707435759772], [-78.13535950527233, -0.133714354560209], [-78.13534854630575, -0.133721422080915], [-78.13533035104518, -0.133730845321482], [-78.1353002062635, -0.133752171995654], [-78.13529606102762, -0.13375532414447], [-78.13527026881015, -0.133789010675368], [-78.13526269618583, -0.133804682606346], [-78.13525470979717, -0.133828044065397], [-78.13525232756649, -0.133852457966006], [-78.13525255980294, -0.133854422404667], [-78.13525589809989, -0.133882568817921], [-78.13526806738803, -0.13391044609683], [-78.13529375316507, -0.133935436181002], [-78.13530518571893, -0.133946556240487], [-78.1353163796237, -0.133956830508934], [-78.13532494672084, -0.133972149228546], [-78.13533614053593, -0.134006358775779], [-78.1353376982673, -0.134040759653347], [-78.13534406048983, -0.134083521141072], [-78.13535035267455, -0.13411880629137], [-78.13535822782508, -0.134156715663272], [-78.13536484968787, -0.134174169346081], [-78.1353867712522, -0.134236833407629], [-78.13538756452517, -0.134261312743799], [-78.13538193370498, -0.134281101672981], [-78.13536827725605, -0.134298883677485], [-78.1352834236378, -0.134372127949213], [-78.13527579829297, -0.134385716184605], [-78.13527074295273, -0.134411879124778], [-78.13527071583204, -0.134413545347202], [-78.13527036511289, -0.134434734563383], [-78.13527329964454, -0.134453946202689], [-78.13527830969956, -0.134477457383385], [-78.13527972025685, -0.134496151083862], [-78.13527850670162, -0.134504462189521], [-78.13527255489377, -0.134513665484712], [-78.13525879079467, -0.134523260918737], [-78.13524174519151, -0.13453348938306], [-78.13521943364627, -0.134544031674488], [-78.13520840812228, -0.134552253970266], [-78.13520109578597, -0.134560154122502], [-78.13519558624058, -0.134578996999385], [-78.13519382847817, -0.134597507797876], [-78.13519201325275, -0.134616187561417], [-78.13518610668756, -0.134629943162227], [-78.13518370380378, -0.134638926399451], [-78.1351821267308, -0.134647326916918], [-78.1351826717775, -0.134660673050146], [-78.1351782338834, -0.134671985509059], [-78.13516872744097, -0.134691860718436], [-78.13515918329236, -0.134711812728417], [-78.13513539238144, -0.13474717653907], [-78.13512316091331, -0.134767681228427], [-78.13511987445781, -0.134779957052868], [-78.13512120035736, -0.13479339725164], [-78.13512516701368, -0.134805339606365], [-78.13513251420929, -0.134821712678217], [-78.13513887036507, -0.134854697285961], [-78.13514043168779, -0.134888867742941], [-78.13513527506355, -0.134929086054319], [-78.13512486734696, -0.134965430942717], [-78.13511723839515, -0.134979109531047], [-78.13510828065027, -0.134988746190225], [-78.13509784136076, -0.134995782132893], [-78.13508128128782, -0.135006354011544], [-78.13504071937078, -0.135029325756274], [-78.13502887767085, -0.135055465292333], [-78.13502538815384, -0.135069560023268], [-78.13502422303324, -0.135093433712349], [-78.13502515438374, -0.135118986526053], [-78.13503240847416, -0.135140927526838], [-78.13507378637506, -0.135216497209014], [-78.13508619241365, -0.135253455634882], [-78.1350881593622, -0.135288079742713], [-78.13508719830482, -0.13530918755923], [-78.13508868487904, -0.135337745790676], [-78.13508943313356, -0.135370866175033], [-78.13508821910374, -0.135406087179357], [-78.13508638571882, -0.135418791477639], [-78.13508657742311, -0.13543722389262], [-78.13508658185658, -0.135437685629142], [-78.13508589589644, -0.135439682487827], [-78.13508443791413, -0.13544280422775], [-78.13508375876015, -0.135447985348707], [-78.13508301286203, -0.135455937781201], [-78.13507965976245, -0.135462434214936], [-78.13507553840047, -0.13546861249241], [-78.1350729719872, -0.135479038745372], [-78.13507058089013, -0.135486957548831], [-78.13506325642736, -0.135498706998416], [-78.13505372082989, -0.135506885185223], [-78.13504375945897, -0.135517924999837], [-78.13503930511432, -0.135524041792913], [-78.1350329083998, -0.135538465987425], [-78.1350273522415, -0.135556670914607], [-78.1350277876704, -0.135563291591556], [-78.13502944783569, -0.135573435523174], [-78.13503155772598, -0.135583117772469], [-78.13503163939461, -0.135590816393588], [-78.13503062203496, -0.135594552628863], [-78.13502659072684, -0.135598182784398], [-78.13501689424383, -0.135600638497232], [-78.13501408185269, -0.135603853145309], [-78.13501278723524, -0.135606874605493], [-78.13501174358538, -0.135612831868843], [-78.13501144829984, -0.135620398520305], [-78.13501387621172, -0.135635238515581], [-78.13501565836822, -0.135638388652896], [-78.13502457026073, -0.135652333057569], [-78.13502783185896, -0.135660685355642], [-78.13503249815594, -0.135668709817127], [-78.13503928613278, -0.135677752881], [-78.13505384960509, -0.135701613989124], [-78.13505907925231, -0.135712260744787], [-78.13506370435887, -0.135719462028642], [-78.13507065859442, -0.135726697927056], [-78.13507433008425, -0.13572986365125], [-78.13507587574364, -0.135736769092825], [-78.13507354132057, -0.135743581001197], [-78.13506951903356, -0.135746818094501], [-78.13506539881759, -0.135750873831277], [-78.13506407916388, -0.135753084765599], [-78.13506247838856, -0.135756904965323], [-78.1350633699729, -0.135761802545343], [-78.13506449333589, -0.135764902906714], [-78.13506702645283, -0.135770478377405], [-78.1350680862964, -0.135779445760017], [-78.13506351647159, -0.135782974648304], [-78.13505603525529, -0.135784387877955], [-78.13504917355452, -0.135784031946653], [-78.13503781372638, -0.135780489409753], [-78.13502740168694, -0.135777120475905], [-78.13502079039499, -0.135776822404491], [-78.1350109513436, -0.135778073609463], [-78.13500402650371, -0.135780358872607], [-78.1349988382356, -0.135784176836566], [-78.13499210335463, -0.135789186454765], [-78.13498692451105, -0.135796811256438], [-78.13498236764205, -0.135804648476628], [-78.13497779437847, -0.135814511549958], [-78.13497406945748, -0.135823005781368], [-78.13497229549952, -0.135834069160205], [-78.13497244817354, -0.135848526663849], [-78.13497294156824, -0.135858311729629], [-78.13497420062274, -0.135867648704868], [-78.13497663434127, -0.135878886979807], [-78.13498061821086, -0.135889374554373], [-78.13498497366938, -0.135899821511759], [-78.13498927753298, -0.135906343255698], [-78.13499554418948, -0.135914061591216], [-78.13500523263079, -0.135926526005523], [-78.13503090601, -0.135949688159808], [-78.13503807854823, -0.135955224427311], [-78.13504208312622, -0.135957549850584], [-78.1350459128239, -0.135958677992358], [-78.13505301702155, -0.135957683082323], [-78.13505761886736, -0.135956622814416], [-78.13506177005428, -0.135956330546587], [-78.13506940501436, -0.135960296425081], [-78.13507556051901, -0.135966795801264], [-78.13507838153168, -0.135974200178961], [-78.13508085155792, -0.135981992156071], [-78.13508407609618, -0.135992534760316], [-78.13508898445032, -0.136002918533634], [-78.13509502294251, -0.136012225359421], [-78.13510059874834, -0.136025344388599], [-78.13510399833417, -0.136035663826621], [-78.13510406402186, -0.136041855253323], [-78.13510263082424, -0.136047899215062], [-78.13509980279167, -0.136054346915961], [-78.13509915850963, -0.136060625906201], [-78.13510030215565, -0.136066774089398], [-78.13510329468971, -0.136073411337606], [-78.13510480190578, -0.136079019215754], [-78.13510589443243, -0.136084821316766], [-78.13510618250014, -0.13609280188413], [-78.1351059181624, -0.136104291036787], [-78.13511125505649, -0.136126393559007], [-78.13511452939544, -0.136148435293798], [-78.1351222059313, -0.136172749188512], [-78.13512769960292, -0.136204917755747], [-78.1351364362528, -0.136243466078124], [-78.13514631201814, -0.13627332287678], [-78.13515508391387, -0.136309811012528], [-78.1351638472486, -0.136335198507933], [-78.13517038238105, -0.136357151179596], [-78.13517771820095, -0.136370873118876], [-78.13519261441064, -0.136381595132594], [-78.13519827303708, -0.136385016814333], [-78.13521722247498, -0.136404104778832], [-78.1352295476442, -0.136418774282937], [-78.1352364068551, -0.136432592850594], [-78.1352408484551, -0.136458366568011], [-78.1352440629569, -0.136477838480412], [-78.13524927670812, -0.136486239810733], [-78.135261354824, -0.136502829421744], [-78.13527395226205, -0.136522435289141], [-78.13527043766277, -0.136543534669138], [-78.1352628138844, -0.136558831584483], [-78.13526280097442, -0.136576888986804], [-78.13527047181263, -0.13661891963625], [-78.1352704467024, -0.136656600368031], [-78.13527480483957, -0.136697395408396], [-78.1352781159043, -0.136727538767934], [-78.1352746583762, -0.136751740189269], [-78.13525983977654, -0.136767748269395], [-78.13524009229724, -0.13678755626865], [-78.13521712594864, -0.13681717599674], [-78.13520642066561, -0.136834357433804], [-78.13520097187656, -0.136870332430684], [-78.13519769592438, -0.13689978103644], [-78.1352029893023, -0.136925413896849], [-78.13521447448018, -0.136939083027794], [-78.13523070993226, -0.136948902521096], [-78.13524841437783, -0.136961167314385], [-78.13526846101094, -0.136976877790503], [-78.13528739195927, -0.137000429513595], [-78.13530082568738, -0.137021848999033], [-78.13530870457025, -0.137050215543008], [-78.13530644133047, -0.137077271558546], [-78.13530307428911, -0.137095255366214], [-78.135298416289, -0.137108100284177], [-78.13528260155937, -0.137122827848507], [-78.13526945734543, -0.137134913628278], [-78.13524410195289, -0.137162557807582], [-78.13521637305934, -0.137185916861164], [-78.13516464965919, -0.137220117941754], [-78.13513517123066, -0.137245302038862], [-78.13511672405615, -0.13726707188479], [-78.1351026950018, -0.137293051199297], [-78.13509947409588, -0.137312392217294], [-78.13509945778088, -0.13733632839226], [-78.13510380351953, -0.137360450330634], [-78.13510818167954, -0.137383647897546], [-78.13511697889376, -0.137425799764313], [-78.1351202563344, -0.137466783522408], [-78.13513012052583, -0.137533203315475], [-78.13513333476018, -0.1376524987582], [-78.13513984717594, -0.137676570359601], [-78.13514861596846, -0.137708614635307], [-78.13515743450284, -0.137737499052861], [-78.13516079773201, -0.137759009491242], [-78.13515738509585, -0.137782908208693], [-78.13514287443637, -0.137813134346382], [-78.1351010328664, -0.137886032057883], [-78.13508579386152, -0.137919876994078], [-78.13508364128052, -0.137937086563875], [-78.13508362289365, -0.137963226601376], [-78.13508690081406, -0.137977551657726], [-78.13508799852757, -0.137999925655415], [-78.1350879865227, -0.138017730049026], [-78.13508691676795, -0.138039206515913], [-78.13507796671466, -0.138081818871681], [-78.13506348324515, -0.138109786024402], [-78.13505704449233, -0.138122712042539], [-78.13505493123533, -0.138141298691873], [-78.13505818878367, -0.138153339463032], [-78.1350581745383, -0.138174839550882], [-78.13505592456447, -0.138188349798599], [-78.13505149098077, -0.138208335831198], [-78.13504597739478, -0.138230435236159], [-78.13504262048467, -0.138246119393549], [-78.13503577131652, -0.138261005253731], [-78.13502134215017, -0.138277704606569], [-78.13501278968009, -0.138290576150642], [-78.13500621623847, -0.138311440214086], [-78.13499941389074, -0.138325087253291], [-78.13498937604874, -0.138337392966934], [-78.13498319544873, -0.138345660089601], [-78.13498216243907, -0.138360061426692], [-78.1349887648204, -0.138382246338045], [-78.13498646219746, -0.13840066218368], [-78.13498188678575, -0.138413275782937], [-78.13497292123355, -0.13842789120942], [-78.13496532398989, -0.138438778578233], [-78.13495885521911, -0.13845499818555], [-78.13495335895458, -0.138474829571615], [-78.13494661055626, -0.138495127962476], [-78.13493320264729, -0.138513059032359], [-78.134923277645, -0.138527441213581], [-78.13491117775942, -0.138542889369093], [-78.13490272762616, -0.138555604600796], [-78.13490167174157, -0.138566147592702], [-78.13489946730765, -0.138581575267185], [-78.134898351953, -0.138601509291531], [-78.13489167310807, -0.138640499409216], [-78.13488501180042, -0.138660537573863], [-78.13487387972273, -0.138696248913043], [-78.13485840079373, -0.138717320615115], [-78.13485323391718, -0.138729757035312], [-78.13485423114027, -0.13873680608395], [-78.13485745868311, -0.138752000389744], [-78.1348639496967, -0.138767260152538], [-78.13487049019389, -0.138781534101857], [-78.13488030005635, -0.138799098431616], [-78.13489458812455, -0.138821236391402], [-78.13491003245063, -0.138849012911882], [-78.13491995600823, -0.138869006114147], [-78.1349278021142, -0.138885939497799], [-78.13493334229848, -0.138926246738704], [-78.13493332790992, -0.138948813967264], [-78.1349286774098, -0.138966288883797], [-78.13489507023812, -0.138998873753882], [-78.13486653125719, -0.139018682440109], [-78.13484381390805, -0.13904472572341], [-78.13482868889051, -0.13907831674061], [-78.13482762453174, -0.139092103628164], [-78.13482869117666, -0.139103995942445], [-78.1348330563442, -0.139130430178026], [-78.1348385314986, -0.139159162385956], [-78.13484291859193, -0.139182401520761], [-78.13484729837454, -0.139206715930197], [-78.13485276841293, -0.139233204517438], [-78.1348615678891, -0.139270918845397], [-78.13486376535862, -0.139290917429264], [-78.13486706923102, -0.139313162480339], [-78.13486703447896, -0.139363043506801], [-78.13486810566306, -0.139389330958455], [-78.13487352393561, -0.139413373515107], [-78.13488008515951, -0.139434315081792], [-78.13488776328566, -0.13945974222018], [-78.13489448614222, -0.139480063942564], [-78.13489115577647, -0.139521009840516], [-78.13489420798807, -0.139531265089391], [-78.13490480902415, -0.139545145575297], [-78.1349212270041, -0.139559479475323], [-78.13493343739744, -0.139572893905451], [-78.13494556329783, -0.139587328481777], [-78.13495699187986, -0.139601141300934], [-78.13495816368109, -0.139611808358087], [-78.1349592533579, -0.139626170196227], [-78.13496143495037, -0.139643819439185], [-78.13496362985828, -0.139662685823407], [-78.13496475599494, -0.139679844285946], [-78.13495795950232, -0.139696885211802], [-78.13495248992048, -0.139711144138198], [-78.13494595569519, -0.139734069292318], [-78.1349426605365, -0.139765867222064], [-78.13494155529882, -0.139791020399318], [-78.13494478728478, -0.139813870851695], [-78.1349513376015, -0.139835883178125], [-78.13495575226798, -0.139853685403172], [-78.13495908192283, -0.13987047908532], [-78.13496016850065, -0.139888162530577], [-78.13497433876705, -0.139956336738912], [-78.13497950455258, -0.139967783185196], [-78.13500511984556, -0.1399882138618], [-78.13502016130148, -0.139992555669957], [-78.13503570702534, -0.139998160763144], [-78.13505565750293, -0.140007102463761], [-78.13507040950392, -0.140015111920325], [-78.13508182462135, -0.140028906671713], [-78.13508972751873, -0.140043688617942], [-78.13509423589603, -0.140058458399594], [-78.13509755562426, -0.140083058222511], [-78.13509972671551, -0.140120588318984], [-78.1351041354534, -0.140142828995237], [-78.13510299987718, -0.140166450581919], [-78.13509968447727, -0.140187460516263], [-78.13509857525985, -0.140208362291312], [-78.13509745474902, -0.140226181005853], [-78.135094123315, -0.140246181624617], [-78.1350919549217, -0.140260281021294], [-78.13509300247327, -0.140274089857676], [-78.13509724464309, -0.140285846125024], [-78.13510689449394, -0.140305284503185], [-78.13512302784419, -0.140320452397758], [-78.13512888555668, -0.14032517349015], [-78.13513369508006, -0.140336072318333], [-78.13513367119991, -0.1403700230138], [-78.13512914639105, -0.140387028074824], [-78.13511695674445, -0.140417034891946], [-78.13510259657103, -0.140449161269414], [-78.13508826283638, -0.140477918151301], [-78.13507506553917, -0.140505494176907], [-78.13505862600613, -0.14054286565188], [-78.13505095554719, -0.140572513394102], [-78.13504430313375, -0.140600289017298], [-78.13503533838886, -0.140622762974783], [-78.13501971551649, -0.140646271625882], [-78.13500695686446, -0.140661201919982], [-78.13500694924703, -0.140672137199854], [-78.13501224474375, -0.140687076052191], [-78.13502209137044, -0.14070470817453], [-78.13503089117539, -0.140724651558203], [-78.13504081842751, -0.140743539685247], [-78.13504633284951, -0.140759095719393], [-78.13505625610502, -0.140781308164753], [-78.13506399121387, -0.140810274696583], [-78.13507060812148, -0.140838074551866], [-78.13507394921662, -0.140863963806274], [-78.13506941597124, -0.140891186692009], [-78.13505816978407, -0.140912619425984], [-78.13504390521058, -0.140933534026724], [-78.13503741768199, -0.140948716294003], [-78.13503091435949, -0.14096827646668], [-78.13502875748426, -0.140990867828496], [-78.1350328983886, -0.141008614002516], [-78.13504199761732, -0.14101676102068], [-78.1350592834326, -0.141024389488265], [-78.13507128924101, -0.141029892954324], [-78.13508471957641, -0.141034413488059], [-78.13509401730053, -0.141041438268981], [-78.13510020048261, -0.141048912653001], [-78.13510019156745, -0.141063088217891], [-78.1350990498743, -0.141077867242338], [-78.1350923501882, -0.141095780141064], [-78.13508571460359, -0.141117953488173], [-78.13507128258668, -0.141150244300857], [-78.13504582299473, -0.141192441639743], [-78.13500598990171, -0.141243498726801], [-78.13498796881781, -0.141259311170535], [-78.13496742375241, -0.141268457495892], [-78.13495338881883, -0.141268436776926], [-78.13493301894162, -0.141261583205779], [-78.13492229046491, -0.141255096787581], [-78.13490334518511, -0.141254011930106], [-78.13488277917146, -0.141258333970416], [-78.13486993488743, -0.14126154193634], [-78.13485151590177, -0.14127240173655], [-78.13482746709005, -0.141286643888065], [-78.13480225603908, -0.141307528204458], [-78.13476682751089, -0.141334170749692], [-78.13474591166656, -0.141344095922489], [-78.13472207159907, -0.141361478984989], [-78.13469487219443, -0.141392036912983], [-78.1346862318507, -0.141403934346037], [-78.13468085023574, -0.141417967373505], [-78.13467540191323, -0.141434355154859], [-78.13467214271348, -0.141450682667678], [-78.13466994731569, -0.141472613490442], [-78.13466884859919, -0.141495521233174], [-78.13467200741022, -0.141514638031229], [-78.13468136009676, -0.141527193710856], [-78.13469620599729, -0.141537876023382], [-78.13472145827419, -0.141546741603213], [-78.13473517703713, -0.14155595543798], [-78.13474438264528, -0.141567541545387], [-78.13475000679648, -0.141581134989947], [-78.13475586409558, -0.141596470590328], [-78.13475311782383, -0.141601982163575], [-78.13473700611063, -0.141622732065948], [-78.13468668782956, -0.141696027038367], [-78.13464435918469, -0.141757320580189], [-78.13462146565661, -0.141792280432797], [-78.1345819747127, -0.141849023829456], [-78.13456149616948, -0.141879215721929], [-78.13455085728187, -0.141903287905773], [-78.13454966804518, -0.141932341870549], [-78.13455451622526, -0.141949879399029], [-78.13456639087562, -0.141963536875131], [-78.13458299085684, -0.141971942358218], [-78.13459420603544, -0.14197649063618], [-78.13460981107328, -0.141981363852129], [-78.13461578193849, -0.141992793236301], [-78.13460962683733, -0.142012440183984], [-78.13457531723172, -0.142056129115071], [-78.13456301200998, -0.142062288271413], [-78.13454457813751, -0.142062827220146], [-78.13453195816372, -0.142066663200635], [-78.13452543256842, -0.142070181877998], [-78.13452135382204, -0.142079863361733], [-78.13452185974593, -0.142089512889011], [-78.13452398828353, -0.142100377950958], [-78.13453276919769, -0.142113160364075], [-78.13454691226747, -0.142131484276851], [-78.13455993189072, -0.142147525574939], [-78.13457412190876, -0.142163612199339], [-78.13458720083185, -0.142179152011718], [-78.13460127590992, -0.142195675961311], [-78.13463347386546, -0.142222541987671], [-78.13467337259651, -0.142250809547425], [-78.13470554209853, -0.14228278267888], [-78.1347235143881, -0.142313320033716], [-78.1347263899695, -0.142336398149606], [-78.13472461074346, -0.14236053740421], [-78.13472620619585, -0.142378186575371], [-78.13473708856307, -0.142395820644908], [-78.13475830073789, -0.142413896961723], [-78.13477002358232, -0.142421242831169], [-78.13478194494631, -0.142427280323439], [-78.13478961002899, -0.14244151738632], [-78.13478524043633, -0.142451499730956], [-78.13478254986592, -0.142463805422651], [-78.13478871224723, -0.142479725690696], [-78.1347868511318, -0.142505560076001], [-78.13478043618099, -0.1425143223139], [-78.13477773054113, -0.142525095510314], [-78.13477770232313, -0.142535539230966], [-78.1347810601129, -0.142556756911642], [-78.13478156311163, -0.142582765986476], [-78.13478147844796, -0.142614160400011], [-78.13478359421893, -0.142626614883333], [-78.13480747141298, -0.142657528880995], [-78.13483064847844, -0.142674282590541], [-78.13484214944124, -0.142675887910649], [-78.13485902932796, -0.142670830812776], [-78.13487497887344, -0.142669677118747], [-78.1348922050359, -0.142673306301362], [-78.13490967977893, -0.142684509429973], [-78.13492236903429, -0.142693848750092], [-78.13493371177971, -0.142704723105595], [-78.13494466617652, -0.142742254304132], [-78.13495356827407, -0.142827337721398], [-78.13496028592678, -0.142867451761383], [-78.13496581778199, -0.142901432064701], [-78.13497797807702, -0.142920464161551], [-78.13499342070658, -0.142939444263009], [-78.13503944289978, -0.142957237273695], [-78.13504803353315, -0.142969987145755], [-78.13506555387983, -0.142982569168847], [-78.13507433438969, -0.142998570192563], [-78.1350789799112, -0.143014492987525], [-78.13507837220276, -0.143029517854154], [-78.13507995538704, -0.14306638825875], [-78.13509016779857, -0.143087077303571], [-78.13510196221365, -0.143096297242697], [-78.13512700039986, -0.143108975995179], [-78.1351390524095, -0.143125437361246], [-78.13513664705918, -0.143153742108141], [-78.1351275636717, -0.143184367344439], [-78.13512415580075, -0.143219569089694], [-78.13513126483531, -0.143259170850041], [-78.13514369044668, -0.143281048401094], [-78.13516133038438, -0.143291869342315], [-78.13518186508213, -0.143294092961214], [-78.1351968922252, -0.143290766017947], [-78.13522403425662, -0.143289044478585], [-78.13524314855361, -0.143309590074803], [-78.13525063009078, -0.143341791459648], [-78.13524768143931, -0.143365129992951], [-78.13523809503404, -0.14339163568649], [-78.1352380474285, -0.143413564980087], [-78.13524501513815, -0.14343477860917], [-78.13526054367216, -0.143448601927099], [-78.13524579449019, -0.143461366932977], [-78.13523239245207, -0.143467516000233], [-78.13522325374899, -0.143480978383591], [-78.1352206567553, -0.143491326003352], [-78.13520541266405, -0.143492571038351], [-78.1351944480899, -0.143493708182122], [-78.13518214100074, -0.143493118390255], [-78.1351698396556, -0.143496857713122], [-78.13516031569331, -0.143504811744037], [-78.13515553493343, -0.143515437394222], [-78.13515381977763, -0.143536610168436], [-78.13515601368071, -0.143555833482378], [-78.13516050702499, -0.14358285238336], [-78.13516160787673, -0.143600779807141], [-78.1351621453455, -0.143616486128275], [-78.13515970715501, -0.143634529668637], [-78.13514936589596, -0.143646722349739], [-78.13513676687968, -0.1436551386304], [-78.13511437698901, -0.143659834485464], [-78.1350936761861, -0.143658096972045], [-78.13508144983854, -0.14366501875654], [-78.13506916171573, -0.143677894306764], [-78.13505538954594, -0.143693995495831], [-78.13504186383261, -0.143705856154217], [-78.13503148407841, -0.143724451687634], [-78.13503197814458, -0.14374990867232], [-78.1350271546534, -0.143772097592874], [-78.13501209125545, -0.143785453501809], [-78.1350016232469, -0.143806402882221], [-78.13500046167785, -0.143829132613618], [-78.13500826496822, -0.143864937564121], [-78.1350262511676, -0.14393474329279], [-78.1350522218195, -0.143998323376068], [-78.13506869013666, -0.144040391325667], [-78.13508222492268, -0.144099593737351], [-78.13509114884813, -0.144131366099045], [-78.1351069388679, -0.144157066283451], [-78.13511450214976, -0.144174178581797], [-78.13511672272, -0.144195388900582], [-78.13512618384169, -0.144216267615424], [-78.13513753754947, -0.144239862771111], [-78.13514771242833, -0.144266250783589], [-78.13516173932159, -0.144294685923382], [-78.1351733695391, -0.144310581599752], [-78.13517452722719, -0.14433326373798], [-78.13516122771912, -0.144352037808701], [-78.13514124143609, -0.144364050347535], [-78.13513336234907, -0.144374575301752], [-78.13513214316774, -0.144412894717234], [-78.13512920491037, -0.14445338886252], [-78.13513537506226, -0.144493043823412], [-78.1351306838597, -0.144526646042334], [-78.1351266597091, -0.144551691320474], [-78.13512714906113, -0.144578809110877], [-78.1351315595458, -0.144600757040974], [-78.13514625518042, -0.144635729764689], [-78.13515822488137, -0.144685664738678], [-78.13514945408451, -0.144749753665271], [-78.13513731653927, -0.14482135644124], [-78.13513496994088, -0.144846054952444], [-78.1351303690779, -0.14486778035555], [-78.13512978592986, -0.144880014026327], [-78.13513134880442, -0.144892341944168], [-78.13513755352231, -0.144899669970022], [-78.1351538227533, -0.144911593145055], [-78.13517735693425, -0.144929022838329], [-78.1351883815834, -0.144942659461715], [-78.13518463929896, -0.144967341531194], [-78.13517066550142, -0.144980736419629], [-78.13514814481383, -0.1449905619294], [-78.13512647839053, -0.145001982389244], [-78.13510066891517, -0.145013212565823], [-78.1350869065421, -0.145029762826097], [-78.13507667724593, -0.145050801682613], [-78.13506151900835, -0.145075904270853], [-78.13503407670272, -0.145095799692445], [-78.13500648847466, -0.145105568529242], [-78.13498153531654, -0.14511635334015], [-78.13495440705096, -0.145129934492738], [-78.13493838791561, -0.145141975533249], [-78.13491504951187, -0.145152230139776], [-78.13489282939706, -0.145170044345723], [-78.1348773214047, -0.145199978394009], [-78.13487945130566, -0.145228292745073], [-78.13489676131331, -0.145278762419293], [-78.13491301040285, -0.145300884446603], [-78.1349263016806, -0.145319022155891], [-78.13493099553844, -0.145335729283008], [-78.13493211014976, -0.145358204489182], [-78.13492715292176, -0.145373050788776], [-78.13491588857954, -0.145381203370082], [-78.13489946219553, -0.145384228305824], [-78.13487911652794, -0.145377738812228], [-78.13486649827135, -0.145374946001068], [-78.13484865208117, -0.145377083427161], [-78.13483096252197, -0.145389823630175], [-78.13480957336053, -0.145409005072092], [-78.13479673784046, -0.145428012310223], [-78.13478832672493, -0.145450982367787], [-78.13478488327188, -0.145483103743632], [-78.13479380927896, -0.145547826519273], [-78.13479188560522, -0.145627813201487], [-78.13478893213934, -0.145653373653148], [-78.1347860472295, -0.145662017954838], [-78.13477969209644, -0.145701498719286], [-78.13477475952521, -0.145720066916735], [-78.1347824994777, -0.145731037523756], [-78.13479400117362, -0.145741015564698], [-78.13481126261834, -0.145749476308353], [-78.13483172752943, -0.145756971522247], [-78.13485135299919, -0.145766328933419], [-78.13486825490948, -0.145778872967384], [-78.13487537937061, -0.145780964794354], [-78.13490310943334, -0.145827806984508], [-78.13491116420032, -0.145854735985971], [-78.13491111331001, -0.145873879496171], [-78.13490406294089, -0.145889163767176], [-78.13489734820489, -0.145904836625959], [-78.13489503083643, -0.145925337041405], [-78.13489041569515, -0.145939166840063], [-78.13488586690103, -0.145960645559864], [-78.13488357054005, -0.145985351298408], [-78.1348879738914, -0.146006709182287], [-78.13489466911486, -0.146031712453897], [-78.1349166878639, -0.146087326899632], [-78.13492295294385, -0.146114042425398], [-78.13492567797, -0.146163007565503], [-78.13492497919897, -0.146209247029757], [-78.13491735425934, -0.146232677113988], [-78.13490941545233, -0.146246871535713], [-78.13490372791428, -0.146273462636105], [-78.13490032165485, -0.146288153712883], [-78.13489973360308, -0.146303545436543], [-78.13490680636716, -0.146324001879862], [-78.13492218149352, -0.146344024763732], [-78.1349398492498, -0.146354652385238], [-78.13496765730498, -0.146366737000235], [-78.13498584203991, -0.146377434265675], [-78.1349997709232, -0.14639978281343], [-78.13501035034618, -0.146420677049557], [-78.13503068657775, -0.146437836185913], [-78.13504173492835, -0.146455515499855], [-78.13505472456058, -0.146488201934998], [-78.13507110406407, -0.146515106716593], [-78.13507848882357, -0.146531244030298], [-78.13509597039624, -0.146566134005823], [-78.13510592372187, -0.146583943298214], [-78.1351034612254, -0.146602187425791], [-78.1350981354705, -0.146614031938977], [-78.13509004949891, -0.146627919119788], [-78.13507918534481, -0.146643965529233], [-78.13507203228795, -0.146654993861924], [-78.13506868743042, -0.146673799006182], [-78.13506864685434, -0.146689369713935], [-78.13507409461505, -0.146713266834803], [-78.1350884798662, -0.146732322754621], [-78.13510173374293, -0.146747982826681], [-78.13512476690107, -0.146759656605423], [-78.13514384943153, -0.146761346979638], [-78.13516009822258, -0.146757432904544], [-78.1351742760978, -0.146755679956529], [-78.13518439830499, -0.146758253791982], [-78.13519486138144, -0.146769437105666], [-78.1352079276691, -0.146778069008836], [-78.13523796693872, -0.146812004611647], [-78.13524208325852, -0.146831816420542], [-78.13524087425436, -0.146845972856691], [-78.13523682504237, -0.146870068449506], [-78.1352339638327, -0.146889863092726], [-78.13523448359909, -0.146903268866197], [-78.1352377712119, -0.146925194976033], [-78.1352454877629, -0.146943658186085], [-78.13525871138232, -0.146964317839149], [-78.13527228558955, -0.146973667263549], [-78.13529213478681, -0.146981147965026], [-78.13530621160076, -0.146990653776432], [-78.13532485535734, -0.147012487899163], [-78.13532889155, -0.147027163676679], [-78.13533657752146, -0.147046113018013], [-78.13535940181666, -0.147069792819992], [-78.13538251484228, -0.147088631208096], [-78.1353969486586, -0.147099874677359], [-78.13542573078324, -0.147110186591018], [-78.13545438110793, -0.147126443227854], [-78.13548807178314, -0.147151888253622], [-78.13550359913833, -0.147167612785107], [-78.13552604643982, -0.147198517675835], [-78.13553119627656, -0.147221870806916], [-78.13553748376133, -0.147248680329783], [-78.13553448225338, -0.147263592844666], [-78.13552997027905, -0.147277676568848], [-78.13552989674629, -0.147305257840436], [-78.1355320865557, -0.147327940122448], [-78.13553705295874, -0.14735388654319], [-78.13554761966297, -0.14737588950511], [-78.1355690761599, -0.147413093221609], [-78.13558517435705, -0.147442821720964], [-78.1355854530492, -0.147453318800662], [-78.13558631782337, -0.147463943363026], [-78.13557729621239, -0.147480811376933], [-78.13556416962045, -0.147494547907474], [-78.13555423516878, -0.147511687784006], [-78.13555027770434, -0.147534122588562], [-78.1355474116334, -0.147556741867586], [-78.13554899530419, -0.147581683958611], [-78.13556333531969, -0.14760348048965], [-78.13557763169834, -0.147622596957826], [-78.13558564591077, -0.147643527026395], [-78.13559397405577, -0.147666086314787], [-78.13560882618039, -0.147683917043063], [-78.13562204942805, -0.147693402875738], [-78.13564279851511, -0.147703634246799], [-78.13565703287675, -0.147709410056863], [-78.13568024269289, -0.147722345299501], [-78.13569482810779, -0.147741256692876], [-78.1357043134699, -0.14776163576353], [-78.13572826653804, -0.147780931498445], [-78.13575671236072, -0.147782096311675], [-78.1357933847592, -0.147771951010459], [-78.13585053493995, -0.147759980398827], [-78.13588345689944, -0.14776064610568], [-78.13591213786148, -0.147768985481891], [-78.13592963485536, -0.147788426763678], [-78.13594763027312, -0.147812646313811], [-78.13595157410525, -0.147826586564849], [-78.13595667997721, -0.147849742718293], [-78.13595941114885, -0.147892245406125], [-78.1359674208577, -0.14798323109637], [-78.13596425080763, -0.148003520878707], [-78.13596748296659, -0.14803078633316], [-78.13597619178826, -0.148045415743676], [-78.13598635945291, -0.148057489981461], [-78.13599855822407, -0.148062916745389], [-78.13602866165789, -0.148058387334011], [-78.13603840820265, -0.148050820101865], [-78.13606909074227, -0.148016874272358], [-78.13607428013613, -0.148011652175932], [-78.13608610440288, -0.147997880235312], [-78.13609255051153, -0.14799150531662], [-78.13611272480799, -0.147983613242548], [-78.13613998499532, -0.147977663009245], [-78.13622061699861, -0.147950487973393], [-78.13624470110842, -0.147941871723751], [-78.13626422838342, -0.147940131230454], [-78.13628885582997, -0.147950012521116], [-78.13635281892367, -0.147962149780209], [-78.13638523418363, -0.147973684758204], [-78.13640850208044, -0.147981749649797], [-78.13642551952982, -0.147989218260262], [-78.13643008865078, -0.147991524826415], [-78.13643870376174, -0.147995050867179], [-78.13646443257635, -0.147969392143772], [-78.13648846603535, -0.14794985053036], [-78.13651502390965, -0.147947323016774], [-78.13654438492087, -0.14795106229247], [-78.13656782351654, -0.147957870307364], [-78.13660548017563, -0.147964657581575], [-78.13662945698843, -0.147966909745348], [-78.13665078445227, -0.147960507843359], [-78.13666692534693, -0.147944291330344], [-78.136682537016, -0.147918521046695], [-78.13673871774547, -0.147858686014568], [-78.13677201825246, -0.147840248886391], [-78.13681115868087, -0.147846141792016], [-78.13683450717657, -0.147862690541015], [-78.13684030890614, -0.147883869738434], [-78.13684249469776, -0.147902829238453], [-78.13684778858297, -0.147915695302456], [-78.13686814730552, -0.147939548321336], [-78.13689567994362, -0.147943881924903], [-78.13692254405085, -0.147933113668859], [-78.13694329894228, -0.147912260504682], [-78.13696029514686, -0.147889488520307], [-78.13698955059816, -0.147876582668604], [-78.13702539777653, -0.147890661714099], [-78.13704828573469, -0.147914982223157], [-78.13706174818098, -0.147949066653546], [-78.13707714837713, -0.147983592290817], [-78.13710004578898, -0.148011174780257], [-78.13714074033074, -0.148034574135881], [-78.13717759806828, -0.14804930571471], [-78.13720251794551, -0.1480676555413], [-78.13723124955622, -0.148101201615457], [-78.1372716936565, -0.14811783392377], [-78.13730947703388, -0.148123522451614], [-78.13741307583052, -0.148157467725323], [-78.13745851577036, -0.148166514106369], [-78.13748749359117, -0.148169950635396], [-78.1375192569549, -0.14817688715007], [-78.1375541081086, -0.148203065216486], [-78.13759967351713, -0.148234574986146], [-78.13763044251169, -0.148254607175136], [-78.13767088237336, -0.148262414984921], [-78.13769984580752, -0.148259109792611], [-78.13773611128249, -0.148266049607956], [-78.13777106323036, -0.148283193551526], [-78.13780686850032, -0.148309248861955], [-78.13784803398238, -0.14834191195993], [-78.13791700695649, -0.148391471396365], [-78.13796508759937, -0.148427695566992], [-78.13800546565176, -0.148476498588966], [-78.13802993529977, -0.148527165463014], [-78.13805403291079, -0.148560415491655], [-78.13808467357411, -0.148580363645684], [-78.13813339174531, -0.148600581624615], [-78.13819493497148, -0.148621038021404], [-78.13822782855213, -0.148647447180699], [-78.13824035925965, -0.148668197174948], [-78.13824921697831, -0.148690624666676], [-78.13827321828423, -0.148725952058304], [-78.13829824923442, -0.148739185773053], [-78.1383660301946, -0.148768485580664], [-78.13840499451885, -0.148783175003338], [-78.1384420307469, -0.148799111136878], [-78.13847832410138, -0.148826667413902], [-78.13850855183574, -0.148895810888886], [-78.13852303826181, -0.148930790970897], [-78.13853401235201, -0.148967498269173], [-78.1385600528671, -0.148996045360041], [-78.13863805335194, -0.149032199396478], [-78.13866505083041, -0.149066346199521], [-78.1386916968165, -0.149097803857079], [-78.13871264798809, -0.149121235032327], [-78.13874302631501, -0.149143204521554], [-78.13876294024882, -0.149143249598851], [-78.13878703743583, -0.149131162642411], [-78.1388153504674, -0.149118672330167], [-78.13884961726865, -0.149117597923972], [-78.13888227225019, -0.149129030881535], [-78.13890693499695, -0.14913700202046], [-78.13894281116636, -0.149156314757926], [-78.13902519402924, -0.149209306999003], [-78.13905804013116, -0.149228163027484], [-78.13912114851585, -0.149229421874039], [-78.13915185206042, -0.149235226080991], [-78.13916646918523, -0.149245092555688], [-78.13916988433628, -0.149280009766165], [-78.13916872871468, -0.149311434882016], [-78.13917308516652, -0.149348109710751], [-78.13918178259742, -0.149374548268122], [-78.1392036150947, -0.149405476711273], [-78.13923649727904, -0.149429890773151], [-78.13927835042868, -0.149447763976766], [-78.13931712268193, -0.149455672821128], [-78.13944532510503, -0.149484071606609], [-78.1395447558294, -0.1495181059665], [-78.13979859408549, -0.149669227877098], [-78.1398333309745, -0.149684003536281], [-78.13986275540765, -0.149711493911107], [-78.13988072338326, -0.149739902642847], [-78.13989721392244, -0.149768830749341], [-78.13992116428842, -0.149788666039853], [-78.13996320115669, -0.149808852498026], [-78.13999997161807, -0.149825797966755], [-78.14004101295265, -0.149847156261707], [-78.14010198843009, -0.149865187425932], [-78.14014952575803, -0.14987644617209], [-78.1402206793886, -0.149874362802093], [-78.14024233519682, -0.14987670958161], [-78.14030190854463, -0.149902928058522], [-78.14034594423566, -0.149937219940606], [-78.14036164979746, -0.149970153604079], [-78.14038367150746, -0.150002463714405], [-78.1404147352619, -0.150033899431001], [-78.14044822404496, -0.150073434410168], [-78.14046929730316, -0.150103737510528], [-78.14049666901704, -0.150131437274744], [-78.14052924737125, -0.150145754547707], [-78.14055796631337, -0.150145819776769], [-78.1406194702888, -0.150158363486868], [-78.14065732244347, -0.150167432460049], [-78.14071503263271, -0.150178755815642], [-78.14075811929047, -0.150181080125255], [-78.14077583814043, -0.150178886718771], [-78.14082733992738, -0.150176743847927], [-78.14086986981003, -0.150181355089394], [-78.14093969979385, -0.150191573137585], [-78.14101361144402, -0.150177281639219], [-78.14104185772854, -0.15016092572612], [-78.14106267028842, -0.150132308819699], [-78.1411104648312, -0.150036292499115], [-78.14111941770449, -0.149982590155165], [-78.14113406487964, -0.149933986657827], [-78.14115211382051, -0.149898859863255], [-78.14118785610864, -0.149850600697099], [-78.14120893898867, -0.149813810774814], [-78.14122562146902, -0.149774722423639], [-78.1412368907489, -0.14974305099448], [-78.14125291308729, -0.149721201393686], [-78.1412747840369, -0.14970501811891], [-78.14130439680527, -0.149699343799734], [-78.14134207990489, -0.149697193668377], [-78.14141847339442, -0.149668353626921], [-78.14147578025214, -0.149634060572404], [-78.14149335369271, -0.149604267638869], [-78.14151465188495, -0.149568229523657], [-78.14162530638866, -0.149431148331421], [-78.14163910249206, -0.149425532470547], [-78.14169228927435, -0.149414485726576], [-78.14180458703152, -0.149403641906177], [-78.14197480691105, -0.149362237843926], [-78.1419870460385, -0.149285054072431], [-78.14207115100581, -0.149084920737208], [-78.14211536979228, -0.148973861613946], [-78.14217289913267, -0.148836030595125], [-78.14223030864349, -0.148729520080931], [-78.14227004613711, -0.148609794833094], [-78.14231868073641, -0.148436693355522], [-78.14233646705165, -0.148307667202054], [-78.14238968663581, -0.14817400205585], [-78.14247385160448, -0.148022645739993], [-78.14265971374058, -0.147822549813371], [-78.14285418660428, -0.147702773146532], [-78.14285535766481, -0.14770469977146], [-78.14317839102303, -0.147617481926117], [-78.14337348811064, -0.147501905176397], [-78.14373333555757, -0.147288729270825], [-78.14373404821524, -0.147288729362845], [-78.14377042663288, -0.147291349981579], [-78.14383911938519, -0.147296298831823], [-78.14395169411559, -0.147303868367026], [-78.14407177028724, -0.147349218389888], [-78.14416933614109, -0.147356786895655], [-78.1442744035648, -0.147387022278916], [-78.14445398026507, -0.147454844418509], [-78.14445451697674, -0.14745504689436], [-78.14455960368717, -0.14733416957997], [-78.14468720163538, -0.147251073781977], [-78.14470222778638, -0.147122629806548], [-78.14458966937717, -0.146979057577697], [-78.1445741892908, -0.146901083900965], [-78.14455216841579, -0.146790161402171], [-78.14453826688315, -0.146614940649106], [-78.14453718167819, -0.146601268131718], [-78.14453820000689, -0.146590227169033], [-78.14455589433257, -0.14647737336249], [-78.1445564061773, -0.146475488517696], [-78.14459798051624, -0.146322507970363], [-78.14460710571194, -0.146288930443315], [-78.1446223972823, -0.146232661587098], [-78.14461920539655, -0.146141798727723], [-78.144623994367, -0.146116391902566], [-78.14465057709505, -0.145975361339126], [-78.14466551881326, -0.14589609308772], [-78.14462569484785, -0.145877711472595], [-78.14460470676053, -0.145868023999452], [-78.14459295311423, -0.145862270176332], [-78.14458427965388, -0.145858266117539], [-78.14443971809922, -0.145791540245888], [-78.14426964003229, -0.145489292254851], [-78.14420544325203, -0.145447461838583], [-78.14409953876316, -0.145378453953169], [-78.14378934446698, -0.145247450277572], [-78.14360924817167, -0.145035868454243], [-78.14358882331447, -0.144965334481365], [-78.1435392307113, -0.144794078880203], [-78.14350922753437, -0.144663110055324], [-78.14347923477858, -0.144441474056501], [-78.14348736745265, -0.144406014224145], [-78.14353930751867, -0.144179552528361], [-78.1435393363941, -0.143947845189612], [-78.1435293521365, -0.143766508653717], [-78.1434819595961, -0.14355645192054], [-78.14347934646126, -0.143544870155785], [-78.14357944504039, -0.143293026937311], [-78.14371957051976, -0.143051263831057], [-78.143769624577, -0.142890082359147], [-78.14376963143408, -0.142834591391856], [-78.14376965194842, -0.142668450111101], [-78.14376965666064, -0.142630259465578], [-78.14376966810252, -0.142537485066936], [-78.14375966996991, -0.142466965081564], [-78.14372966934833, -0.142305773591073], [-78.14362964693257, -0.141933015391837], [-78.14360969625135, -0.141419228837814], [-78.14355974205816, -0.140764399340392], [-78.14374998417219, -0.139837595081808], [-78.14404026020325, -0.139182807084759], [-78.14437051246858, -0.138951140766238], [-78.14466073140898, -0.138769839749496], [-78.14501098414836, -0.138648992303061], [-78.14523117552415, -0.138306495551157], [-78.14523123444256, -0.137812858346325], [-78.14503119707477, -0.136976673621509], [-78.14470103087598, -0.136482997910376], [-78.14404062243666, -0.136140395763719], [-78.14340019831982, -0.136049651248724], [-78.14318674018013, -0.13587668500122], [-78.14266639077469, -0.135849759003594], [-78.14184463828275, -0.135860993112107], [-78.14169239530857, -0.135863074928822], [-78.14091853817533, -0.135862982678489], [-78.14030478932389, -0.135862909496678], [-78.14008834889582, -0.135875701207168], [-78.13962432475245, -0.135903125132425], [-78.13909061908186, -0.136010518904338], [-78.13871703136986, -0.136023907138995], [-78.13810328618173, -0.136010400966337], [-78.13764965662403, -0.135929754227693], [-78.13739615373824, -0.135916291113334], [-78.1376097399574, -0.134989494777834], [-78.13772990738013, -0.134250737865619], [-78.13799684501089, -0.133458268430134], [-78.13866405928174, -0.132612117455002], [-78.13875750948588, -0.132142000070244], [-78.13906445398113, -0.131524153971571], [-78.1391979522181, -0.130865989920209], [-78.13923806740175, -0.130086925608754], [-78.13926485262314, -0.12918697029704], [-78.13933171136057, -0.127870619689774], [-78.1393984493872, -0.127628846483857], [-78.13950519313597, -0.127588561658284], [-78.139665302234, -0.127575147630047], [-78.13998553029458, -0.127467725952551], [-78.1404925595318, -0.127293163421019], [-78.14071938840524, -0.127212595101851], [-78.14099958362807, -0.127158897563217], [-78.1415332767686, -0.127172389093947], [-78.14201367068377, -0.127293335123116], [-78.14253958205826, -0.127294762794088], [-78.14229033677586, -0.127160617433328], [-78.14214052439966, -0.127089108007848], [-78.14193311970536, -0.126928111547747], [-78.14182837973709, -0.12685631894123], [-78.14181110855625, -0.126844480785458], [-78.14149413210072, -0.126745581948823], [-78.14126931914014, -0.126685933948383], [-78.14110788545833, -0.126630131494838], [-78.14101363664795, -0.126594516564462], [-78.14096453498553, -0.126572207610287], [-78.14087364634024, -0.126530913047704], [-78.14065205494431, -0.126379788892705], [-78.14037905230391, -0.126142747793881], [-78.14028081107442, -0.126083974193002], [-78.14015820096033, -0.126004229938722], [-78.14004730851303, -0.125914948627667], [-78.13996267202336, -0.125826366906721], [-78.13971817306123, -0.125522137775233], [-78.13962366472036, -0.125339880975111], [-78.1395730363643, -0.125193496385863], [-78.139454057482, -0.124751385214441], [-78.13937557761322, -0.124459761682338], [-78.13929030731492, -0.124188559629192], [-78.13927532194327, -0.1241290986504], [-78.13923464619509, -0.123967703798296], [-78.13922629009728, -0.123908383603928], [-78.1403713042981, -0.123765464211183], [-78.14037173511572, -0.123765524798989], [-78.1416230212856, -0.123941930099733], [-78.14235783037167, -0.118292251121847], [-78.14169417807709, -0.118423120393616], [-78.14162551073393, -0.117446425411018], [-78.14148574793636, -0.115458535277111], [-78.14144101119405, -0.114822240822342], [-78.14143984994482, -0.114805724343051], [-78.14142984606367, -0.114663439009014], [-78.14130701579133, -0.11291644272539], [-78.14117896818941, -0.111095281137925], [-78.14117239560014, -0.111001803353811], [-78.14113547626768, -0.110476725015014], [-78.14099280919162, -0.110381524456042], [-78.1402775208356, -0.110227143240875], [-78.1398857959624, -0.110347125681895], [-78.13905123876917, -0.110741397094545], [-78.13850622045646, -0.111015675970558], [-78.13823827905053, -0.111015649844335], [-78.13772283611891, -0.111704597798309], [-78.13702216248682, -0.11258707746664], [-78.13636142452232, -0.11340743448704], [-78.13559962009262, -0.114922699988828], [-78.13385718978641, -0.113896360514003]]]]}}, {"type": "Feature", "properties": {"tipo": "solape", "clave": "1702606901", "propietario": null, "comunidad": null, "codigo_ficha": null, "ha_en_vaso": 31.69, "pct_del_vaso": 49.8, "area_predio_ha": 323.74, "nombre_predio": "PÁRAMO CHICO", "condicion": "En litigio comunidad–Estado", "investigado": false}, "geometry": {"type": "Polygon", "coordinates": [[[-78.13524410195289, -0.137162557807582], [-78.13521637305934, -0.137185916861164], [-78.13516464965919, -0.137220117941754], [-78.13513517123066, -0.137245302038862], [-78.13511672405615, -0.13726707188479], [-78.1351026950018, -0.137293051199297], [-78.13509947409588, -0.137312392217294], [-78.13509945778088, -0.13733632839226], [-78.13510380351953, -0.137360450330634], [-78.13510818167954, -0.137383647897546], [-78.13511697889376, -0.137425799764313], [-78.1351202563344, -0.137466783522408], [-78.13513012052583, -0.137533203315475], [-78.13513333476018, -0.1376524987582], [-78.13513984717594, -0.137676570359601], [-78.13514861596846, -0.137708614635307], [-78.13515743450284, -0.137737499052861], [-78.13516079773201, -0.137759009491242], [-78.13515738509585, -0.137782908208693], [-78.13514287443637, -0.137813134346382], [-78.1351010328664, -0.137886032057883], [-78.13508579386152, -0.137919876994078], [-78.13508364128052, -0.137937086563875], [-78.13508362289365, -0.137963226601376], [-78.13508690081406, -0.137977551657726], [-78.13508799852757, -0.137999925655415], [-78.1350879865227, -0.138017730049026], [-78.13508691676795, -0.138039206515913], [-78.13507796671466, -0.138081818871681], [-78.13506348324515, -0.138109786024402], [-78.13505704449233, -0.138122712042539], [-78.13505493123533, -0.138141298691873], [-78.13505818878367, -0.138153339463032], [-78.1350581745383, -0.138174839550882], [-78.13505592456447, -0.138188349798599], [-78.13505149098077, -0.138208335831198], [-78.13504597739478, -0.138230435236159], [-78.13504262048467, -0.138246119393549], [-78.13503577131652, -0.138261005253731], [-78.13502134215017, -0.138277704606569], [-78.13501278968009, -0.138290576150642], [-78.13500621623847, -0.138311440214086], [-78.13499941389074, -0.138325087253291], [-78.13498937604874, -0.138337392966934], [-78.13498319544873, -0.138345660089601], [-78.13498216243907, -0.138360061426692], [-78.1349887648204, -0.138382246338045], [-78.13498646219746, -0.13840066218368], [-78.13498188678575, -0.138413275782937], [-78.13497292123355, -0.13842789120942], [-78.13496532398989, -0.138438778578233], [-78.13495885521911, -0.13845499818555], [-78.13495335895458, -0.138474829571615], [-78.13494661055626, -0.138495127962476], [-78.13493320264729, -0.138513059032359], [-78.134923277645, -0.138527441213581], [-78.13491117775942, -0.138542889369093], [-78.13490272762616, -0.138555604600796], [-78.13490167174157, -0.138566147592702], [-78.13489946730765, -0.138581575267185], [-78.134898351953, -0.138601509291531], [-78.13489167310807, -0.138640499409216], [-78.13488501180042, -0.138660537573863], [-78.13487387972273, -0.138696248913043], [-78.13485840079373, -0.138717320615115], [-78.13485323391718, -0.138729757035312], [-78.13485423114027, -0.13873680608395], [-78.13485745868311, -0.138752000389744], [-78.1348639496967, -0.138767260152538], [-78.13487049019389, -0.138781534101857], [-78.13488030005635, -0.138799098431616], [-78.13489458812455, -0.138821236391402], [-78.13491003245063, -0.138849012911882], [-78.13491995600823, -0.138869006114147], [-78.1349278021142, -0.138885939497799], [-78.13493334229848, -0.138926246738704], [-78.13493332790992, -0.138948813967264], [-78.1349286774098, -0.138966288883797], [-78.13489507023812, -0.138998873753882], [-78.13486653125719, -0.139018682440109], [-78.13484381390805, -0.13904472572341], [-78.13482868889051, -0.13907831674061], [-78.13482762453174, -0.139092103628164], [-78.13482869117666, -0.139103995942445], [-78.1348330563442, -0.139130430178026], [-78.1348385314986, -0.139159162385956], [-78.13484291859193, -0.139182401520761], [-78.13484729837454, -0.139206715930197], [-78.13485276841293, -0.139233204517438], [-78.1348615678891, -0.139270918845397], [-78.13486376535862, -0.139290917429264], [-78.13486706923102, -0.139313162480339], [-78.13486703447896, -0.139363043506801], [-78.13486810566306, -0.139389330958455], [-78.13487352393561, -0.139413373515107], [-78.13488008515951, -0.139434315081792], [-78.13488776328566, -0.13945974222018], [-78.13489448614222, -0.139480063942564], [-78.13489115577647, -0.139521009840516], [-78.13489420798807, -0.139531265089391], [-78.13490480902415, -0.139545145575297], [-78.1349212270041, -0.139559479475323], [-78.13493343739744, -0.139572893905451], [-78.13494556329783, -0.139587328481777], [-78.13495699187986, -0.139601141300934], [-78.13495816368109, -0.139611808358087], [-78.1349592533579, -0.139626170196227], [-78.13496143495037, -0.139643819439185], [-78.13496362985828, -0.139662685823407], [-78.13496475599494, -0.139679844285946], [-78.13495795950232, -0.139696885211802], [-78.13495248992048, -0.139711144138198], [-78.13494595569519, -0.139734069292318], [-78.1349426605365, -0.139765867222064], [-78.13494155529882, -0.139791020399318], [-78.13494478728478, -0.139813870851695], [-78.1349513376015, -0.139835883178125], [-78.13495575226798, -0.139853685403172], [-78.13495908192283, -0.13987047908532], [-78.13496016850065, -0.139888162530577], [-78.13497433876705, -0.139956336738912], [-78.13497950455258, -0.139967783185196], [-78.13500511984556, -0.1399882138618], [-78.13502016130148, -0.139992555669957], [-78.13503570702534, -0.139998160763144], [-78.13505565750293, -0.140007102463761], [-78.13507040950392, -0.140015111920325], [-78.13508182462135, -0.140028906671713], [-78.13508972751873, -0.140043688617942], [-78.13509423589603, -0.140058458399594], [-78.13509755562426, -0.140083058222511], [-78.13509972671551, -0.140120588318984], [-78.1351041354534, -0.140142828995237], [-78.13510299987718, -0.140166450581919], [-78.13509968447727, -0.140187460516263], [-78.13509857525985, -0.140208362291312], [-78.13509745474902, -0.140226181005853], [-78.135094123315, -0.140246181624617], [-78.1350919549217, -0.140260281021294], [-78.13509300247327, -0.140274089857676], [-78.13509724464309, -0.140285846125024], [-78.13510689449394, -0.140305284503185], [-78.13512302784419, -0.140320452397758], [-78.13512888555668, -0.14032517349015], [-78.13513369508006, -0.140336072318333], [-78.13513367119991, -0.1403700230138], [-78.13512914639105, -0.140387028074824], [-78.13511695674445, -0.140417034891946], [-78.13510259657103, -0.140449161269414], [-78.13508826283638, -0.140477918151301], [-78.13507506553917, -0.140505494176907], [-78.13505862600613, -0.14054286565188], [-78.13505095554719, -0.140572513394102], [-78.13504430313375, -0.140600289017298], [-78.13503533838886, -0.140622762974783], [-78.13501971551649, -0.140646271625882], [-78.13500695686446, -0.140661201919982], [-78.13500694924703, -0.140672137199854], [-78.13501224474375, -0.140687076052191], [-78.13502209137044, -0.14070470817453], [-78.13503089117539, -0.140724651558203], [-78.13504081842751, -0.140743539685247], [-78.13504633284951, -0.140759095719393], [-78.13505625610502, -0.140781308164753], [-78.13506399121387, -0.140810274696583], [-78.13507060812148, -0.140838074551866], [-78.13507394921662, -0.140863963806274], [-78.13506941597124, -0.140891186692009], [-78.13505816978407, -0.140912619425984], [-78.13504390521058, -0.140933534026724], [-78.13503741768199, -0.140948716294003], [-78.13503091435949, -0.14096827646668], [-78.13502875748426, -0.140990867828496], [-78.1350328983886, -0.141008614002516], [-78.13504199761732, -0.14101676102068], [-78.1350592834326, -0.141024389488265], [-78.13507128924101, -0.141029892954324], [-78.13508471957641, -0.141034413488059], [-78.13509401730053, -0.141041438268981], [-78.13510020048261, -0.141048912653001], [-78.13510019156745, -0.141063088217891], [-78.1350990498743, -0.141077867242338], [-78.1350923501882, -0.141095780141064], [-78.13508571460359, -0.141117953488173], [-78.13507128258668, -0.141150244300857], [-78.13504582299473, -0.141192441639743], [-78.13500598990171, -0.141243498726801], [-78.13498796881781, -0.141259311170535], [-78.13496742375241, -0.141268457495892], [-78.13495338881883, -0.141268436776926], [-78.13493301894162, -0.141261583205779], [-78.13492229046491, -0.141255096787581], [-78.13490334518511, -0.141254011930106], [-78.13488277917146, -0.141258333970416], [-78.13486993488743, -0.14126154193634], [-78.13485151590177, -0.14127240173655], [-78.13482746709005, -0.141286643888065], [-78.13480225603908, -0.141307528204458], [-78.13476682751089, -0.141334170749692], [-78.13474591166656, -0.141344095922489], [-78.13472207159907, -0.141361478984989], [-78.13469487219443, -0.141392036912983], [-78.1346862318507, -0.141403934346037], [-78.13468085023574, -0.141417967373505], [-78.13467540191323, -0.141434355154859], [-78.13467214271348, -0.141450682667678], [-78.13466994731569, -0.141472613490442], [-78.13466884859919, -0.141495521233174], [-78.13467200741022, -0.141514638031229], [-78.13468136009676, -0.141527193710856], [-78.13469620599729, -0.141537876023382], [-78.13472145827419, -0.141546741603213], [-78.13473517703713, -0.14155595543798], [-78.13474438264528, -0.141567541545387], [-78.13475000679648, -0.141581134989947], [-78.13475586409558, -0.141596470590328], [-78.13475311782383, -0.141601982163575], [-78.13473700611063, -0.141622732065948], [-78.13468668782956, -0.141696027038367], [-78.13464435918469, -0.141757320580189], [-78.13462146565661, -0.141792280432797], [-78.1345819747127, -0.141849023829456], [-78.13456149616948, -0.141879215721929], [-78.13455085728187, -0.141903287905773], [-78.13454966804518, -0.141932341870549], [-78.13455451622526, -0.141949879399029], [-78.13456639087562, -0.141963536875131], [-78.13458299085684, -0.141971942358218], [-78.13459420603544, -0.14197649063618], [-78.13460981107328, -0.141981363852129], [-78.13461578193849, -0.141992793236301], [-78.13460962683733, -0.142012440183984], [-78.13457531723172, -0.142056129115071], [-78.13456301200998, -0.142062288271413], [-78.13454457813751, -0.142062827220146], [-78.13453195816372, -0.142066663200635], [-78.13452543256842, -0.142070181877998], [-78.13452135382204, -0.142079863361733], [-78.13452185974593, -0.142089512889011], [-78.13452398828353, -0.142100377950958], [-78.13453276919769, -0.142113160364075], [-78.13454691226747, -0.142131484276851], [-78.13455993189072, -0.142147525574939], [-78.13457412190876, -0.142163612199339], [-78.13458720083185, -0.142179152011718], [-78.13460127590992, -0.142195675961311], [-78.13463347386546, -0.142222541987671], [-78.13467337259651, -0.142250809547425], [-78.13470554209853, -0.14228278267888], [-78.1347235143881, -0.142313320033716], [-78.1347263899695, -0.142336398149606], [-78.13472461074346, -0.14236053740421], [-78.13472620619585, -0.142378186575371], [-78.13473708856307, -0.142395820644908], [-78.13475830073789, -0.142413896961723], [-78.13477002358232, -0.142421242831169], [-78.13478194494631, -0.142427280323439], [-78.13478961002899, -0.14244151738632], [-78.13478524043633, -0.142451499730956], [-78.13478254986592, -0.142463805422651], [-78.13478871224723, -0.142479725690696], [-78.1347868511318, -0.142505560076001], [-78.13478043618099, -0.1425143223139], [-78.13477773054113, -0.142525095510314], [-78.13477770232313, -0.142535539230966], [-78.1347810601129, -0.142556756911642], [-78.13478156311163, -0.142582765986476], [-78.13478147844796, -0.142614160400011], [-78.13478359421893, -0.142626614883333], [-78.13480747141298, -0.142657528880995], [-78.13483064847844, -0.142674282590541], [-78.13484214944124, -0.142675887910649], [-78.13485902932796, -0.142670830812776], [-78.13487497887344, -0.142669677118747], [-78.1348922050359, -0.142673306301362], [-78.13490967977893, -0.142684509429973], [-78.13492236903429, -0.142693848750092], [-78.13493371177971, -0.142704723105595], [-78.13494466617652, -0.142742254304132], [-78.13495356827407, -0.142827337721398], [-78.13496028592678, -0.142867451761383], [-78.13496581778199, -0.142901432064701], [-78.13497797807702, -0.142920464161551], [-78.13499342070658, -0.142939444263009], [-78.13503944289978, -0.142957237273695], [-78.13504803353315, -0.142969987145755], [-78.13506555387983, -0.142982569168847], [-78.13507433438969, -0.142998570192563], [-78.1350789799112, -0.143014492987525], [-78.13507837220276, -0.143029517854154], [-78.13507995538704, -0.14306638825875], [-78.13509016779857, -0.143087077303571], [-78.13510196221365, -0.143096297242697], [-78.13512700039986, -0.143108975995179], [-78.1351390524095, -0.143125437361246], [-78.13513664705918, -0.143153742108141], [-78.1351275636717, -0.143184367344439], [-78.13512415580075, -0.143219569089694], [-78.13513126483531, -0.143259170850041], [-78.13514369044668, -0.143281048401094], [-78.13516133038438, -0.143291869342315], [-78.13518186508213, -0.143294092961214], [-78.1351968922252, -0.143290766017947], [-78.13522403425662, -0.143289044478585], [-78.13524314855361, -0.143309590074803], [-78.13525063009078, -0.143341791459648], [-78.13524768143931, -0.143365129992951], [-78.13523809503404, -0.14339163568649], [-78.1352380474285, -0.143413564980087], [-78.13524501513815, -0.14343477860917], [-78.13526054367216, -0.143448601927099], [-78.13524579449019, -0.143461366932977], [-78.13523239245207, -0.143467516000233], [-78.13522325374899, -0.143480978383591], [-78.1352206567553, -0.143491326003352], [-78.13520541266405, -0.143492571038351], [-78.1351944480899, -0.143493708182122], [-78.13518214100074, -0.143493118390255], [-78.1351698396556, -0.143496857713122], [-78.13516031569331, -0.143504811744037], [-78.13515553493343, -0.143515437394222], [-78.13515381977763, -0.143536610168436], [-78.13515601368071, -0.143555833482378], [-78.13516050702499, -0.14358285238336], [-78.13516160787673, -0.143600779807141], [-78.1351621453455, -0.143616486128275], [-78.13515970715501, -0.143634529668637], [-78.13514936589596, -0.143646722349739], [-78.13513676687968, -0.1436551386304], [-78.13511437698901, -0.143659834485464], [-78.1350936761861, -0.143658096972045], [-78.13508144983854, -0.14366501875654], [-78.13506916171573, -0.143677894306764], [-78.13505538954594, -0.143693995495831], [-78.13504186383261, -0.143705856154217], [-78.13503148407841, -0.143724451687634], [-78.13503197814458, -0.14374990867232], [-78.1350271546534, -0.143772097592874], [-78.13501209125545, -0.143785453501809], [-78.1350016232469, -0.143806402882221], [-78.13500046167785, -0.143829132613618], [-78.13500826496822, -0.143864937564121], [-78.1350262511676, -0.14393474329279], [-78.1350522218195, -0.143998323376068], [-78.13506869013666, -0.144040391325667], [-78.13508222492268, -0.144099593737351], [-78.13509114884813, -0.144131366099045], [-78.1351069388679, -0.144157066283451], [-78.13511450214976, -0.144174178581797], [-78.13511672272, -0.144195388900582], [-78.13512618384169, -0.144216267615424], [-78.13513753754947, -0.144239862771111], [-78.13514771242833, -0.144266250783589], [-78.13516173932159, -0.144294685923382], [-78.1351733695391, -0.144310581599752], [-78.13517452722719, -0.14433326373798], [-78.13516122771912, -0.144352037808701], [-78.13514124143609, -0.144364050347535], [-78.13513336234907, -0.144374575301752], [-78.13513214316774, -0.144412894717234], [-78.13512920491037, -0.14445338886252], [-78.13513537506226, -0.144493043823412], [-78.1351306838597, -0.144526646042334], [-78.1351266597091, -0.144551691320474], [-78.13512714906113, -0.144578809110877], [-78.1351315595458, -0.144600757040974], [-78.13514625518042, -0.144635729764689], [-78.13515822488137, -0.144685664738678], [-78.13514945408451, -0.144749753665271], [-78.13513731653927, -0.14482135644124], [-78.13513496994088, -0.144846054952444], [-78.1351303690779, -0.14486778035555], [-78.13512978592986, -0.144880014026327], [-78.13513134880442, -0.144892341944168], [-78.13513755352231, -0.144899669970022], [-78.1351538227533, -0.144911593145055], [-78.13517735693425, -0.144929022838329], [-78.1351883815834, -0.144942659461715], [-78.13518463929896, -0.144967341531194], [-78.13517066550142, -0.144980736419629], [-78.13514814481383, -0.1449905619294], [-78.13512647839053, -0.145001982389244], [-78.13510066891517, -0.145013212565823], [-78.1350869065421, -0.145029762826097], [-78.13507667724593, -0.145050801682613], [-78.13506151900835, -0.145075904270853], [-78.13503407670272, -0.145095799692445], [-78.13500648847466, -0.145105568529242], [-78.13498153531654, -0.14511635334015], [-78.13495440705096, -0.145129934492738], [-78.13493838791561, -0.145141975533249], [-78.13491504951187, -0.145152230139776], [-78.13489282939706, -0.145170044345723], [-78.1348773214047, -0.145199978394009], [-78.13487945130566, -0.145228292745073], [-78.13489676131331, -0.145278762419293], [-78.13491301040285, -0.145300884446603], [-78.1349263016806, -0.145319022155891], [-78.13493099553844, -0.145335729283008], [-78.13493211014976, -0.145358204489182], [-78.13492715292176, -0.145373050788776], [-78.13491588857954, -0.145381203370082], [-78.13489946219553, -0.145384228305824], [-78.13487911652794, -0.145377738812228], [-78.13486649827135, -0.145374946001068], [-78.13484865208117, -0.145377083427161], [-78.13483096252197, -0.145389823630175], [-78.13480957336053, -0.145409005072092], [-78.13479673784046, -0.145428012310223], [-78.13478832672493, -0.145450982367787], [-78.13478488327188, -0.145483103743632], [-78.13479380927896, -0.145547826519273], [-78.13479188560522, -0.145627813201487], [-78.13478893213934, -0.145653373653148], [-78.1347860472295, -0.145662017954838], [-78.13477969209644, -0.145701498719286], [-78.13477475952521, -0.145720066916735], [-78.1347824994777, -0.145731037523756], [-78.13479400117362, -0.145741015564698], [-78.13481126261834, -0.145749476308353], [-78.13483172752943, -0.145756971522247], [-78.13485135299919, -0.145766328933419], [-78.13486825490948, -0.145778872967384], [-78.13487537937061, -0.145780964794354], [-78.13490310943334, -0.145827806984508], [-78.13491116420032, -0.145854735985971], [-78.13491111331001, -0.145873879496171], [-78.13490406294089, -0.145889163767176], [-78.13489734820489, -0.145904836625959], [-78.13489503083643, -0.145925337041405], [-78.13489041569515, -0.145939166840063], [-78.13488586690103, -0.145960645559864], [-78.13488357054005, -0.145985351298408], [-78.1348879738914, -0.146006709182287], [-78.13489466911486, -0.146031712453897], [-78.1349166878639, -0.146087326899632], [-78.13492295294385, -0.146114042425398], [-78.13492567797, -0.146163007565503], [-78.13492497919897, -0.146209247029757], [-78.13491735425934, -0.146232677113988], [-78.13490941545233, -0.146246871535713], [-78.13490372791428, -0.146273462636105], [-78.13490032165485, -0.146288153712883], [-78.13489973360308, -0.146303545436543], [-78.13490680636716, -0.146324001879862], [-78.13492218149352, -0.146344024763732], [-78.1349398492498, -0.146354652385238], [-78.13496765730498, -0.146366737000235], [-78.13498584203991, -0.146377434265675], [-78.1349997709232, -0.14639978281343], [-78.13501035034618, -0.146420677049557], [-78.13503068657775, -0.146437836185913], [-78.13504173492835, -0.146455515499855], [-78.13505472456058, -0.146488201934998], [-78.13507110406407, -0.146515106716593], [-78.13507848882357, -0.146531244030298], [-78.13509597039624, -0.146566134005823], [-78.13510592372187, -0.146583943298214], [-78.1351034612254, -0.146602187425791], [-78.1350981354705, -0.146614031938977], [-78.13509004949891, -0.146627919119788], [-78.13507918534481, -0.146643965529233], [-78.13507203228795, -0.146654993861924], [-78.13506868743042, -0.146673799006182], [-78.13506864685434, -0.146689369713935], [-78.13507409461505, -0.146713266834803], [-78.1350884798662, -0.146732322754621], [-78.13510173374293, -0.146747982826681], [-78.13512476690107, -0.146759656605423], [-78.13514384943153, -0.146761346979638], [-78.13516009822258, -0.146757432904544], [-78.1351742760978, -0.146755679956529], [-78.13518439830499, -0.146758253791982], [-78.13519486138144, -0.146769437105666], [-78.1352079276691, -0.146778069008836], [-78.13523796693872, -0.146812004611647], [-78.13524208325852, -0.146831816420542], [-78.13524087425436, -0.146845972856691], [-78.13523682504237, -0.146870068449506], [-78.1352339638327, -0.146889863092726], [-78.13523448359909, -0.146903268866197], [-78.1352377712119, -0.146925194976033], [-78.1352454877629, -0.146943658186085], [-78.13525871138232, -0.146964317839149], [-78.13527228558955, -0.146973667263549], [-78.13529213478681, -0.146981147965026], [-78.13530621160076, -0.146990653776432], [-78.13532485535734, -0.147012487899163], [-78.13532889155, -0.147027163676679], [-78.13533657752146, -0.147046113018013], [-78.13535940181666, -0.147069792819992], [-78.13538251484228, -0.147088631208096], [-78.1353969486586, -0.147099874677359], [-78.13542573078324, -0.147110186591018], [-78.13545438110793, -0.147126443227854], [-78.13548807178314, -0.147151888253622], [-78.13550359913833, -0.147167612785107], [-78.13552604643982, -0.147198517675835], [-78.13553119627656, -0.147221870806916], [-78.13553748376133, -0.147248680329783], [-78.13553448225338, -0.147263592844666], [-78.13552997027905, -0.147277676568848], [-78.13552989674629, -0.147305257840436], [-78.1355320865557, -0.147327940122448], [-78.13553705295874, -0.14735388654319], [-78.13554761966297, -0.14737588950511], [-78.1355690761599, -0.147413093221609], [-78.13558517435705, -0.147442821720964], [-78.1355854530492, -0.147453318800662], [-78.13558631782337, -0.147463943363026], [-78.13557729621239, -0.147480811376933], [-78.13556416962045, -0.147494547907474], [-78.13555423516878, -0.147511687784006], [-78.13555027770434, -0.147534122588562], [-78.1355474116334, -0.147556741867586], [-78.13554899530419, -0.147581683958611], [-78.13556333531969, -0.14760348048965], [-78.13557763169834, -0.147622596957826], [-78.13558564591077, -0.147643527026395], [-78.13559397405577, -0.147666086314787], [-78.13560882618039, -0.147683917043063], [-78.13562204942805, -0.147693402875738], [-78.13564279851511, -0.147703634246799], [-78.13565703287675, -0.147709410056863], [-78.13567292660763, -0.147718267915237], [-78.13575226912393, -0.147686978066218], [-78.1378664946877, -0.146728248882365], [-78.13852626854587, -0.146207456200607], [-78.13858283671881, -0.145745391731741], [-78.1380822696533, -0.144777062034744], [-78.13753461188168, -0.143846822787413], [-78.13859877368756, -0.143409219344202], [-78.13837494086843, -0.142628231601773], [-78.13772232576731, -0.141520261021244], [-78.13750468579151, -0.141246643513923], [-78.13693313202421, -0.140617779312696], [-78.13706926781121, -0.139098989316895], [-78.13697958919128, -0.138764494805005], [-78.1367534866777, -0.138400978373755], [-78.13651240296971, -0.13819619463574], [-78.13548521847918, -0.137783362673868], [-78.13542765438818, -0.137369094362548], [-78.13525882276625, -0.137146508172445], [-78.13524410195289, -0.137162557807582]]]}}, {"type": "Feature", "properties": {"tipo": "predio", "clave": "1702605313", "propietario": null, "comunidad": null, "codigo_ficha": null, "ha_en_vaso": 31.49, "pct_del_vaso": 49.5, "area_predio_ha": 652.5, "nombre_predio": null, "condicion": "En litigio comunidad–Estado", "investigado": false}, "geometry": {"type": "MultiPolygon", "coordinates": [[[[-78.12017717354274, -0.112245471714089], [-78.12018716271302, -0.112302864173614], [-78.1202460288138, -0.112582107304399], [-78.12029919663925, -0.112849874414908], [-78.12038464848152, -0.113238137335088], [-78.12043781767713, -0.113490604167341], [-78.12045680181649, -0.113622574118483], [-78.12044348555354, -0.113808093378044], [-78.12041495672013, -0.114131317787047], [-78.12036822361621, -0.114350519165004], [-78.12033544179336, -0.114452360294749], [-78.12025136263286, -0.114595796195848], [-78.12007466036574, -0.114813812387781], [-78.1196460753528, -0.115270906597213], [-78.11943422473193, -0.115515694774263], [-78.1192461240228, -0.115730841529416], [-78.11904852463901, -0.115955549826706], [-78.11893642463306, -0.116078899601498], [-78.11869417539488, -0.116350461027026], [-78.11854787490931, -0.116517797076604], [-78.118354075204, -0.116729117145904], [-78.11821347405382, -0.116905060278282], [-78.11814222363175, -0.116991118851837], [-78.11810482528075, -0.117043559634], [-78.11803106986144, -0.117146982918621], [-78.11795791819826, -0.117253123315081], [-78.11790186655918, -0.117330576831906], [-78.11777456712593, -0.11746826908013], [-78.11772041712568, -0.117530422466208], [-78.11767386376575, -0.1176107458043], [-78.11763966170619, -0.117670032391068], [-78.11758265377856, -0.117812513634179], [-78.11756554900639, -0.117878495705951], [-78.11754653351743, -0.118047757554936], [-78.11754174944535, -0.118389151774045], [-78.1175426771738, -0.118600492663927], [-78.11754077145407, -0.118655000864365], [-78.11756544802451, -0.118855823881767], [-78.11761862279344, -0.11904134960613], [-78.117702188282, -0.119275649234374], [-78.11776070977629, -0.119424956499836], [-78.11797735281066, -0.119912089953611], [-78.11812573630452, -0.120264737501144], [-78.11838534893624, -0.120866391023384], [-78.11855248886629, -0.121252750681988], [-78.11865125412744, -0.121474619942112], [-78.118744318396, -0.121711790752893], [-78.11881078561893, -0.121952782684474], [-78.11885445679927, -0.122172734127704], [-78.11893421892579, -0.122440504240354], [-78.11901018296705, -0.12269679851079], [-78.11914311917903, -0.12315009486097], [-78.11924567289293, -0.123469507212029], [-78.1193406278036, -0.123790831668551], [-78.11939379981014, -0.123995483998946], [-78.11941088934141, -0.124073901294339], [-78.11945076503295, -0.124255601245467], [-78.11946405321282, -0.124353144219007], [-78.11948113337569, -0.124517628469955], [-78.11949822120995, -0.124611347011468], [-78.11949058827817, -0.124919271950832], [-78.11944114350356, -0.125376373392184], [-78.11940268019146, -0.125683301849821], [-78.11938410023672, -0.125831561971815], [-78.11936888801505, -0.125961615318753], [-78.11936317059018, -0.126126097037776], [-78.11935363026164, -0.126504787422719], [-78.11934787318124, -0.127026921613191], [-78.1193497664269, -0.127080474325133], [-78.11936115768209, -0.127147415552189], [-78.11936301463018, -0.127535670707721], [-78.11937246441728, -0.127973652560537], [-78.1193933082567, -0.128459451383367], [-78.11940847098234, -0.128773307254041], [-78.11941697857397, -0.129141480208575], [-78.11943273658153, -0.129443821837131], [-78.11944222243469, -0.129556665665954], [-78.11947069750406, -0.129747927099406], [-78.11949916386847, -0.130015691992754], [-78.11949911955085, -0.130405858053306], [-78.11950667473855, -0.130794113919722], [-78.1195256232232, -0.131228272100175], [-78.11955885527964, -0.13176069092215], [-78.11961218679036, -0.1326321174964], [-78.11964417386874, -0.133252516091753], [-78.11967975925513, -0.133553751485024], [-78.11979366233079, -0.134270983958057], [-78.11987883493563, -0.134759013547744], [-78.11996047787788, -0.135158752997194], [-78.12001363277722, -0.135491549104907], [-78.12007818400758, -0.135843471806846], [-78.12013134007967, -0.136164792502193], [-78.12017690278488, -0.136434472654417], [-78.12022815679259, -0.136771093513957], [-78.12028511233804, -0.13708858899284], [-78.12033447660191, -0.137344881317698], [-78.1203743415318, -0.137599259628078], [-78.12040850177152, -0.13789762721006], [-78.1204331693146, -0.138146265959713], [-78.1204483363711, -0.13840255418067], [-78.12047489558901, -0.138712396356728], [-78.12051096327593, -0.138947648174287], [-78.12054893683106, -0.139127435707384], [-78.12057172192046, -0.139228805880888], [-78.12058603490671, -0.139354480450665], [-78.12058365189243, -0.139421420176128], [-78.1205753244078, -0.139548128365216], [-78.12057413131944, -0.139601919320408], [-78.12058836236477, -0.139744169181803], [-78.12060615043741, -0.139922280824802], [-78.12062274536864, -0.140154184333862], [-78.12064052974122, -0.14036935186219], [-78.12065950283193, -0.140573761504369], [-78.12067491371602, -0.140776976175492], [-78.12067726861073, -0.140932373502381], [-78.12065825359562, -0.14107701012477], [-78.12065586224003, -0.141210890776516], [-78.12067913473577, -0.141448771436843], [-78.12073607152217, -0.141907798857166], [-78.12075386356729, -0.142058417282997], [-78.12075027012783, -0.142309443520757], [-78.12073243584204, -0.142506676852953], [-78.12075020727326, -0.142815083205456], [-78.12076439391497, -0.143309966653199], [-78.12075723922977, -0.143557406122288], [-78.12073228683359, -0.143700846518286], [-78.12070376490345, -0.143901664780926], [-78.12056832146394, -0.144565075061402], [-78.12045425520745, -0.145185454867983], [-78.12036157802075, -0.145683909866029], [-78.12030809348714, -0.146096304644864], [-78.12025136544982, -0.14672367355939], [-78.12080456379624, -0.146774998247883], [-78.12085145588618, -0.146779347846774], [-78.1213642650287, -0.146693293053766], [-78.12140508801873, -0.146669443779322], [-78.12145738968805, -0.146658940090307], [-78.12149746288718, -0.146651876560015], [-78.12155081527257, -0.146629698723948], [-78.12158805242969, -0.146628331910106], [-78.12162737607585, -0.146643230749627], [-78.12169093030015, -0.146673818013902], [-78.1217258179075, -0.146663900297527], [-78.12176761383353, -0.146661157919076], [-78.12180079193382, -0.146669975759904], [-78.12187063202082, -0.146683351503391], [-78.1218735803178, -0.146684213903037], [-78.12189513923532, -0.146690517376815], [-78.12194401002085, -0.146712174448863], [-78.1219853536821, -0.146736838573135], [-78.12201495314315, -0.146746961630378], [-78.12204487897888, -0.146773692577457], [-78.12204875704327, -0.146775187605774], [-78.12208275046268, -0.146788299381775], [-78.12210786854985, -0.146805246619288], [-78.12212146442214, -0.146805347776424], [-78.12214342232649, -0.146821957568694], [-78.12221179419272, -0.146855362851144], [-78.12224785078475, -0.146870573017865], [-78.12229516435416, -0.146885237074811], [-78.12232849969071, -0.146906881303233], [-78.12234638810789, -0.146930953262377], [-78.12235788447136, -0.146946424091623], [-78.12241956228463, -0.146981646526914], [-78.12250255571682, -0.14700977589708], [-78.12256651800162, -0.14702216057748], [-78.12267720897046, -0.14703993487472], [-78.12275591977178, -0.147057949892681], [-78.12282623796162, -0.1470809877452], [-78.12288550655244, -0.147118198674726], [-78.12302719937061, -0.147136126103985], [-78.12306893633432, -0.147138628127488], [-78.12312038876114, -0.147130102274484], [-78.12320390333805, -0.147161146698259], [-78.12330735011275, -0.147201708451486], [-78.12340640493406, -0.147237688471691], [-78.12347437750529, -0.147263770214959], [-78.12357299021708, -0.147275930816269], [-78.12376199861406, -0.147384890563493], [-78.12376253149861, -0.147386861349331], [-78.12373081437194, -0.1478330785685], [-78.12372213332512, -0.147889291195528], [-78.12366762070874, -0.148242274523265], [-78.12407015554429, -0.148909934026156], [-78.12492348935476, -0.149649895111008], [-78.12561066874044, -0.150007841801889], [-78.12591847775138, -0.15003172002847], [-78.12615646224454, -0.150031751524412], [-78.12643989373447, -0.150031789031613], [-78.1264403730397, -0.150031645424866], [-78.1264406656378, -0.150031645463584], [-78.12731744169278, -0.14976935264824], [-78.12742625998334, -0.149655806936349], [-78.12787223326795, -0.149190457838711], [-78.1282498323257, -0.148963730531795], [-78.12830791741926, -0.148902984547267], [-78.12838552040327, -0.148821826362434], [-78.12841964327437, -0.148786140030985], [-78.12844665306224, -0.14875789200182], [-78.12851869606293, -0.14866754900273], [-78.12855660661498, -0.14858975958467], [-78.12857439907484, -0.148565140955945], [-78.12858326541169, -0.148554953261412], [-78.12859227537623, -0.148544602939715], [-78.12861612774586, -0.148529198083631], [-78.12864732898504, -0.148522320443223], [-78.12870691498284, -0.148501586383552], [-78.1287276844717, -0.148491784269794], [-78.12878377528769, -0.148465311966316], [-78.12896204596645, -0.148382044350785], [-78.12903824457277, -0.148347495683187], [-78.12917099524282, -0.148287304242587], [-78.12939324016047, -0.148197079257542], [-78.12953875490075, -0.148136224403109], [-78.1295938445447, -0.148113185566907], [-78.1296038031922, -0.14810998545214], [-78.12963823345474, -0.148098923695367], [-78.12970492568337, -0.148089471823895], [-78.12975230318287, -0.148111873450326], [-78.12978745497524, -0.14812946729474], [-78.1298264336443, -0.148148977247767], [-78.12984744694784, -0.148155706304922], [-78.12986435057267, -0.148161118297068], [-78.12989907315897, -0.1481661982873], [-78.12994707878701, -0.148168923451898], [-78.12997863448216, -0.148169846520484], [-78.12998830816348, -0.148170129702852], [-78.13004598217702, -0.1481794460035], [-78.13006852678859, -0.148178463130676], [-78.13009271753134, -0.148170224653367], [-78.1301237747912, -0.148152589746492], [-78.1301509113549, -0.148122786597577], [-78.13018766316038, -0.148080101329159], [-78.13025602117384, -0.148057375943995], [-78.13040738905075, -0.147988320807034], [-78.13044989450647, -0.147970484977846], [-78.13047093315916, -0.14796165694196], [-78.13055470862194, -0.147908413015511], [-78.13065525315135, -0.147888079086752], [-78.13081996604674, -0.147830664774104], [-78.13107194423752, -0.147802852555483], [-78.13107333814283, -0.147802698223048], [-78.13157476799246, -0.147873752229526], [-78.13177028847265, -0.147899085440035], [-78.13212212453892, -0.147944674018855], [-78.13231780517097, -0.147876882306484], [-78.13242474610958, -0.147839834544962], [-78.13259828875167, -0.147779713208959], [-78.13263011114748, -0.147745221858906], [-78.13270016260819, -0.147669293177705], [-78.1329666260074, -0.147597795004918], [-78.13327336461109, -0.147515488744098], [-78.13328802023774, -0.147511557312579], [-78.13336562214565, -0.14748258649268], [-78.13366233351493, -0.147371818435406], [-78.13377383378011, -0.147330193570471], [-78.13394605579487, -0.147330215891675], [-78.13411866860274, -0.147369733371591], [-78.13419379281552, -0.147393945827248], [-78.13431361748374, -0.147432564632534], [-78.13441474027269, -0.147377763120527], [-78.13457152357005, -0.147322543218136], [-78.13481621235863, -0.147234149338322], [-78.13487697997463, -0.147212198095249], [-78.13510291050258, -0.14714164137314], [-78.1351131067173, -0.147098812386859], [-78.13519060203154, -0.146773280440626], [-78.13519094507778, -0.146771841061245], [-78.1351820300595, -0.146762310618944], [-78.13517399009388, -0.146760266557651], [-78.1351608964724, -0.14676188591376], [-78.13514418273775, -0.146765911974331], [-78.13512351695245, -0.146764080435203], [-78.13509890600861, -0.146751607676639], [-78.13508498266275, -0.146735155970792], [-78.13506993692853, -0.146715225287853], [-78.13506415726046, -0.146689875146852], [-78.13506420154287, -0.146673391810807], [-78.13506777633702, -0.146653292751224], [-78.13507545186867, -0.146641458481063], [-78.13508625497802, -0.146625502423069], [-78.13509414524158, -0.146611951353629], [-78.1350991028981, -0.146600925448211], [-78.13510127431513, -0.14658483725593], [-78.13509201014885, -0.146568260553168], [-78.13507444602268, -0.14653320792039], [-78.13506713843067, -0.146517240492118], [-78.13505069970184, -0.146490236307736], [-78.13503771904197, -0.146457575174447], [-78.13502726295204, -0.146440842902153], [-78.13500676697446, -0.146423548206288], [-78.13499586272087, -0.146402014184635], [-78.13498262660289, -0.146380775338107], [-78.1349656283363, -0.146370775799027], [-78.13493780053633, -0.14635868214548], [-78.1349191509388, -0.146347465255079], [-78.13490280841707, -0.146326182638386], [-78.13489521706168, -0.146304224357227], [-78.13489585374407, -0.146287547730943], [-78.13489934801167, -0.146272473542216], [-78.13490517205683, -0.146245251751713], [-78.13491322757147, -0.146230847711533], [-78.1349205023314, -0.146208492857765], [-78.1349211884295, -0.146163099154927], [-78.13491849384917, -0.146114692439265], [-78.13491239562269, -0.146088688966133], [-78.13489040379173, -0.146033141389904], [-78.13488360629634, -0.146007756789109], [-78.13487903969202, -0.145985605529908], [-78.13488142233626, -0.145959961873249], [-78.13488608069581, -0.145937971734096], [-78.13489062580187, -0.14592435156002], [-78.13489296473546, -0.145903661392939], [-78.13489996677123, -0.145887318105225], [-78.13490662749844, -0.145872875932737], [-78.13490667458815, -0.14585539503286], [-78.13489897151067, -0.145829642554377], [-78.13487242775133, -0.145784804685166], [-78.13486623311407, -0.145782985862381], [-78.13484904042616, -0.145770224928843], [-78.13483009076832, -0.145761190186857], [-78.13480950828539, -0.145753641645847], [-78.13479151269307, -0.145744821178158], [-78.13478010881894, -0.145734928991046], [-78.1347791557291, -0.145734101177994], [-78.1347698785548, -0.145720951812051], [-78.13477529782797, -0.145700551191103], [-78.13478167631499, -0.14566092946934], [-78.1347845289008, -0.145652382751553], [-78.13478740329737, -0.145627496370006], [-78.13478931433288, -0.145548084371455], [-78.13478036142318, -0.145483173645329], [-78.1347839234924, -0.145449942672971], [-78.13479271709433, -0.145425929918447], [-78.13480617383264, -0.145406002902427], [-78.13482815723688, -0.145386290223966], [-78.1348469778078, -0.145372733317698], [-78.13486672144008, -0.145370370235916], [-78.13488027850454, -0.145373369186196], [-78.13489975358674, -0.145379582069029], [-78.13491408863837, -0.145376941796372], [-78.13492336024493, -0.145370231094405], [-78.13492758479853, -0.145357575010152], [-78.13492653822846, -0.145336466045056], [-78.13492220502265, -0.145321042065864], [-78.13491691938181, -0.145313829816352], [-78.13490940013148, -0.14530356946305], [-78.13489274362577, -0.145280892577757], [-78.13487502089892, -0.145229215651046], [-78.13487274942105, -0.145199032652208], [-78.13488928984286, -0.145167107217375], [-78.13491271458699, -0.145148326320904], [-78.13493611761764, -0.145138042807597], [-78.13495204698958, -0.145126070428656], [-78.13497964918977, -0.145112250787976], [-78.13500485726475, -0.14510135757838], [-78.1350319787477, -0.145091753135858], [-78.13505815719196, -0.145072773796174], [-78.13507273549344, -0.145048630749677], [-78.13508311561628, -0.145027282883675], [-78.13509791211943, -0.145009491218591], [-78.13512454379286, -0.144997901516797], [-78.13514620842074, -0.14498648286385], [-78.13516814926115, -0.144976910286144], [-78.13518043367169, -0.144965134420998], [-78.13518205688476, -0.144954433376014], [-78.13518364416745, -0.144943958224675], [-78.13517423664655, -0.144932320555118], [-78.13515117273641, -0.144915239708647], [-78.13513448349244, -0.144903007451265], [-78.13512706726601, -0.144894249786986], [-78.13512528381234, -0.144880192364183], [-78.13512590475297, -0.144867197872997], [-78.13513052717046, -0.144845365848747], [-78.13513286478155, -0.144820761310171], [-78.13514501849437, -0.144749064562875], [-78.13515366351936, -0.144685893670998], [-78.13514197908894, -0.144637149668996], [-78.13512725115248, -0.144602099232287], [-78.1351226702405, -0.144579301903237], [-78.13512216483487, -0.144551369070045], [-78.13512624647264, -0.144525971398067], [-78.13513083885599, -0.144493079390789], [-78.13512469202131, -0.144453576236628], [-78.13512766084848, -0.144412657406693], [-78.13512892327978, -0.144372998872092], [-78.13513818661556, -0.14436062534241], [-78.13515811904183, -0.144348643518891], [-78.13516996426682, -0.144331922226891], [-78.13516895700003, -0.14431216774912], [-78.13515789393517, -0.144297047427528], [-78.13514360323019, -0.144268077327295], [-78.13513341937866, -0.144241667627528], [-78.13512212309926, -0.144218189946275], [-78.13511233715545, -0.144196593737513], [-78.13511011299776, -0.144175361732125], [-78.13510296247087, -0.144159181994067], [-78.13508700195189, -0.144133205288655], [-78.13507787706575, -0.144100715448828], [-78.1350643925149, -0.144041733520382], [-78.13504805878677, -0.144000010760449], [-78.13502198405146, -0.143936175851009], [-78.1350038991697, -0.143865988793897], [-78.13499594876608, -0.143829507937467], [-78.13499718951337, -0.14380522222928], [-78.13500847269788, -0.143782641063296], [-78.13502308547723, -0.143769686292644], [-78.13502748149091, -0.143749463536219], [-78.13502697315073, -0.143723310783318], [-78.13503833144938, -0.143702962403421], [-78.1350521982678, -0.143690801795302], [-78.13506584117185, -0.143674852393515], [-78.13507867327888, -0.143661407648487], [-78.13509267689447, -0.143653479485945], [-78.13511409931755, -0.143655276727567], [-78.1351350064219, -0.143650893328291], [-78.13514636133463, -0.143643308195978], [-78.1351554386619, -0.143632606283673], [-78.13515764686915, -0.143616257854763], [-78.13515712550083, -0.143600996103473], [-78.1351560425629, -0.143583366867706], [-78.13515156895008, -0.143556465436407], [-78.13514931049295, -0.143536685501121], [-78.13515112632655, -0.143514287467616], [-78.13515665405237, -0.143501999300653], [-78.13516767348308, -0.143492796692922], [-78.13518158329309, -0.143488567825545], [-78.13519432479222, -0.1434891793584], [-78.13520500035267, -0.143488071093099], [-78.13521709222711, -0.143487084087926], [-78.1352190983416, -0.143479092964285], [-78.1352293932971, -0.143463926550351], [-78.13524335364103, -0.14345752274025], [-78.13525371514119, -0.143448554078967], [-78.13525212935146, -0.143447142466604], [-78.13524861584455, -0.143444014687883], [-78.13524113561982, -0.143437355167257], [-78.13523355780904, -0.143414287288375], [-78.13523360919433, -0.143390834537469], [-78.13524329256809, -0.143364059585529], [-78.13524607590843, -0.143342027627016], [-78.13524254236275, -0.143326816096283], [-78.13523905187529, -0.143311796132789], [-78.13522220447895, -0.143293686909054], [-78.13519751815505, -0.143295253339713], [-78.13518211403196, -0.143298663365972], [-78.13515985247727, -0.143296253389263], [-78.13514036911914, -0.143284300917321], [-78.13512698513723, -0.143260738948295], [-78.13511962855164, -0.143219754659704], [-78.13512313887448, -0.143183493916546], [-78.1351322150784, -0.143152893980069], [-78.13513443706097, -0.143126748797387], [-78.1351240254889, -0.143112526741126], [-78.13509955451669, -0.143100135402523], [-78.1350866059687, -0.143090011725236], [-78.13507551238754, -0.14306754068438], [-78.1350738808782, -0.143029522710827], [-78.13507446518157, -0.14301505264738], [-78.13507016776047, -0.143000320831704], [-78.13506211768848, -0.142985651795823], [-78.13504477145048, -0.142973194490417], [-78.13503652002751, -0.142960947058642], [-78.13499070246527, -0.142943233589739], [-78.13497434268297, -0.142923125689157], [-78.13496153986941, -0.142903086909182], [-78.1349558591349, -0.142868192151349], [-78.13494911995703, -0.14282794979863], [-78.13494265271395, -0.142766136912961], [-78.13494024654773, -0.142743135655945], [-78.13492974432205, -0.142707158693906], [-78.13492903803676, -0.142706480910663], [-78.13491948568432, -0.142697323606149], [-78.13490714823529, -0.142688242757709], [-78.13489048481001, -0.142677560200284], [-78.13487467493917, -0.142674229380914], [-78.13485984015658, -0.142675301891403], [-78.13484249711857, -0.14268049808438], [-78.1348289318343, -0.142678605162724], [-78.13480432600286, -0.142660817563818], [-78.13477936115706, -0.142628493825165], [-78.13477698887368, -0.142614537538691], [-78.13477703210216, -0.14259884846442], [-78.13477707537449, -0.142582803374652], [-78.1347765795112, -0.14255715754506], [-78.13477321275202, -0.142535891069353], [-78.13477324467397, -0.142524527491859], [-78.13477630052992, -0.1425123555779], [-78.13478246951117, -0.142503931252876], [-78.13478416339626, -0.142480415465527], [-78.1347778753987, -0.142464169888451], [-78.13478095392854, -0.142450089589385], [-78.13478461605486, -0.142441722779881], [-78.13477867027662, -0.142430679228937], [-78.13476782410592, -0.142425187641289], [-78.13475565072828, -0.142417557987302], [-78.13473364879574, -0.142398809298626], [-78.13472183316719, -0.142379662498176], [-78.13472010864584, -0.142360574791452], [-78.13472188068192, -0.142336513245013], [-78.13471917725917, -0.142314814033116], [-78.13470197669785, -0.142285586984231], [-78.1346704856579, -0.142254288017747], [-78.13463074667622, -0.14222613433059], [-78.13459811794299, -0.142198908620474], [-78.13458378620399, -0.142182082838895], [-78.13457073240848, -0.142166573751813], [-78.13455651546795, -0.142150456401896], [-78.13454340251421, -0.142134299432326], [-78.13453556011044, -0.142124137554445], [-78.13452914996148, -0.142115832738279], [-78.13451976600437, -0.14210217376512], [-78.13451855059398, -0.142095971354478], [-78.13451753969575, -0.142090809907934], [-78.13451739528172, -0.142090072558419], [-78.13451681772214, -0.142079060404788], [-78.13452191817537, -0.142066951999359], [-78.13453023359686, -0.142062468508854], [-78.13454385167952, -0.142058329045945], [-78.13456189601554, -0.142057800891597], [-78.13457242039533, -0.142052534262116], [-78.13460559532422, -0.142010289130211], [-78.13461093872458, -0.141993229970276], [-78.13460670509963, -0.141985124216464], [-78.13459269942793, -0.141980749983259], [-78.13458114140381, -0.141976062509185], [-78.13456359187788, -0.141967176196301], [-78.13455046622505, -0.141952081851919], [-78.13454515511769, -0.141932867198037], [-78.13454625522994, -0.14190598455502], [-78.13454640917155, -0.141902239183336], [-78.13455756159865, -0.141877005043702], [-78.13457828431861, -0.14184645355194], [-78.13461775371736, -0.141789740874824], [-78.13464064365445, -0.141754786443398], [-78.13468299923034, -0.14169345314697], [-78.13473338932768, -0.141620053366873], [-78.1347493071399, -0.141599554639154], [-78.1347509635216, -0.141596229624444], [-78.13474584017949, -0.141582815153501], [-78.13474048341791, -0.141569866907423], [-78.1347321070144, -0.141559325456353], [-78.1347194418842, -0.141550818362181], [-78.13469411960165, -0.141541929280141], [-78.13467818597132, -0.141530462513814], [-78.13466775999626, -0.141516466374011], [-78.13466434288385, -0.141495786328711], [-78.13466547039549, -0.141472278604165], [-78.13466769994152, -0.141450009842124], [-78.13467080556633, -0.141434452171144], [-78.13467105793188, -0.141433188980094], [-78.13467662657037, -0.141416436162349], [-78.13468225778323, -0.141401750772104], [-78.13469130478647, -0.141389274186769], [-78.134719050872, -0.141358102787388], [-78.13474361801711, -0.141340188502738], [-78.1347645051381, -0.141330277783813], [-78.13479948664678, -0.141303971319453], [-78.13482488799674, -0.141282929801543], [-78.13484924379163, -0.141268505162396], [-78.13486822647697, -0.141257314717212], [-78.13488177984465, -0.141253927927961], [-78.13490300826466, -0.141249466816568], [-78.13492365169057, -0.141250649472923], [-78.13493490788548, -0.141257455828503], [-78.13495412177038, -0.141263920711058], [-78.1349664782923, -0.141263937607106], [-78.13498553334875, -0.141255456140929], [-78.13500272141985, -0.141240373696745], [-78.13502240142562, -0.141215148731533], [-78.13504212721332, -0.141189864133966], [-78.13506730312282, -0.14114813662826], [-78.13508150171354, -0.141116368063414], [-78.13508809778945, -0.141094330250405], [-78.13509462509037, -0.141076876355574], [-78.1350957038557, -0.141062910557017], [-78.13509571254927, -0.141050545792398], [-78.13509090420507, -0.141044735997084], [-78.13508260805064, -0.141038466744046], [-78.13506964262521, -0.141034103493095], [-78.13506348669799, -0.141031280809007], [-78.13505745193262, -0.141028515066331], [-78.13503954504871, -0.141020611829453], [-78.13502885374679, -0.141011038744294], [-78.13502421945073, -0.140991176294631], [-78.1350264967506, -0.140967330760913], [-78.13503322095107, -0.140947103764158], [-78.13503995627343, -0.140931341420993], [-78.13505432318529, -0.140910278643728], [-78.13506510972155, -0.140889720530807], [-78.13506941302599, -0.140863880113835], [-78.13506618850151, -0.140838894466872], [-78.13505964156683, -0.140811387384464], [-78.13505201590861, -0.140782831097471], [-78.1350421662317, -0.140760784922365], [-78.13503670026071, -0.140745364433202], [-78.13502685197423, -0.140726628119595], [-78.13501802435025, -0.140706644974432], [-78.13500814631655, -0.140688955018322], [-78.13500246141876, -0.140672917348941], [-78.13500247113124, -0.140659524296778], [-78.13501613643496, -0.140643531489641], [-78.13503134815525, -0.140620642652465], [-78.1350400166193, -0.140598909604586], [-78.13504660258005, -0.140571414087066], [-78.1350543754073, -0.14054137239111], [-78.13507099090852, -0.140503597935555], [-78.13508423488994, -0.140475924327756], [-78.1350985434868, -0.140447219851229], [-78.13511283183702, -0.14041525249736], [-78.13512488501549, -0.140385581800049], [-78.1351291835391, -0.14036942608854], [-78.13512919656274, -0.140350924120703], [-78.13512920723002, -0.140337029573061], [-78.13512522860587, -0.14032801212798], [-78.1351200906552, -0.140323871231081], [-78.13510324114466, -0.14030803097499], [-78.13509311571094, -0.140287632922503], [-78.1350885738611, -0.140275050734296], [-78.1350874402834, -0.140260105167466], [-78.13508969311226, -0.140245461818314], [-78.13509299041486, -0.140225663600226], [-78.13509409473886, -0.140208099696971], [-78.13509521475277, -0.140186984675395], [-78.13509852835624, -0.140165985584025], [-78.13509962613793, -0.140143166383306], [-78.1350952640435, -0.14012116426142], [-78.13509416775067, -0.14010220855381], [-78.13509308578882, -0.140083495010899], [-78.13508983779913, -0.140059431931126], [-78.13508556627977, -0.140045439268586], [-78.13507808692826, -0.140031448921966], [-78.13506751717601, -0.140018673527469], [-78.13505367702206, -0.140011161159234], [-78.13503403528388, -0.140002356842706], [-78.13501878573749, -0.139996858409876], [-78.13500302985955, -0.139992310494544], [-78.13497586734611, -0.139970647126817], [-78.13497004832274, -0.139957751237258], [-78.13495570941602, -0.13988876738924], [-78.13495462104555, -0.13987106406479], [-78.13495137212078, -0.139854675202218], [-78.13494700948705, -0.139837079002783], [-78.13494039098401, -0.139814842577039], [-78.13493705317879, -0.13979124032252], [-78.13493818361505, -0.139765532342479], [-78.13494153269072, -0.139733204914086], [-78.13494823213418, -0.139709705095318], [-78.13495378431655, -0.139695229316854], [-78.13496021090761, -0.139679115431864], [-78.13495916002665, -0.139663097312764], [-78.13495697946375, -0.139644361047758], [-78.1349547871117, -0.139626621444267], [-78.13495369564353, -0.139612228883792], [-78.13495267984247, -0.139602989522502], [-78.13494212534299, -0.139590232207067], [-78.13493006764612, -0.13957588076967], [-78.13491809237897, -0.13956272298876], [-78.134901527217, -0.139548260760471], [-78.1348901454392, -0.139533359118944], [-78.1348866141332, -0.139521489994647], [-78.13488993910492, -0.139480616383616], [-78.13488348720838, -0.139461113349591], [-78.13487579831587, -0.139435651873434], [-78.13486918864334, -0.139414554882937], [-78.13486363939965, -0.139389928589381], [-78.13486254673565, -0.139363135123259], [-78.13486256637344, -0.139334336721161], [-78.13486258145844, -0.139313496259856], [-78.13485931345778, -0.139291500604857], [-78.13485713750713, -0.139271686356612], [-78.1348483864732, -0.139234181668253], [-78.13484289311239, -0.13920757922556], [-78.13483850615404, -0.139183226864438], [-78.13483551833836, -0.139167398264937], [-78.13483412264833, -0.139160009416398], [-78.1348286385246, -0.139131226606286], [-78.13482423748208, -0.139104570082597], [-78.13482312064045, -0.139092131992222], [-78.13482427669025, -0.13907717405976], [-78.13484000142962, -0.139042249413149], [-78.13486352668203, -0.139015280949687], [-78.13489222184896, -0.138995363851371], [-78.13492466566427, -0.138963906522936], [-78.13492884024924, -0.138948218854861], [-78.13492884361214, -0.138942659048748], [-78.13492885452865, -0.138926557026358], [-78.13492344885792, -0.138887232910997], [-78.13491591501717, -0.138870971838574], [-78.13490606504061, -0.138851126834562], [-78.13489074454927, -0.13882357261308], [-78.13487645827581, -0.138801438267955], [-78.13486649047941, -0.138783590190811], [-78.13485984948363, -0.138769095752639], [-78.13485316106537, -0.138753375133511], [-78.1348498097314, -0.138737597091756], [-78.13484861701006, -0.138729161908032], [-78.13485446981086, -0.13871507380402], [-78.13486982306281, -0.138694171962099], [-78.13488074323728, -0.138659143713337], [-78.13488730937038, -0.138639392879639], [-78.13489388582346, -0.13860099731368], [-78.13489499758032, -0.138581126540461], [-78.13489721638692, -0.138565599472585], [-78.13489837471518, -0.1385540300118], [-78.13490754481099, -0.138540230556498], [-78.13491966983149, -0.138524751681934], [-78.13492956610722, -0.138510411062485], [-78.13494258621392, -0.138492996800504], [-78.1349490670465, -0.138473504381911], [-78.13495459922827, -0.138453544690123], [-78.13495647207444, -0.13844884804263], [-78.13496135350476, -0.138436609472083], [-78.13496917337811, -0.138425404065719], [-78.13497782831861, -0.138411292806268], [-78.13498207332358, -0.138399591795609], [-78.13498419446766, -0.138382628905261], [-78.13497762617882, -0.138360563272397], [-78.13497881382527, -0.138344005981649], [-78.13498584723104, -0.138334600435758], [-78.13499562833695, -0.13832260914122], [-78.13500204644212, -0.138309733723619], [-78.1350087042856, -0.138288598592652], [-78.1350177702448, -0.138274955442734], [-78.13503196781198, -0.138258523525252], [-78.13503833936069, -0.138244676738853], [-78.13504160646627, -0.138229408223333], [-78.13504712364437, -0.138207292554228], [-78.13505151771474, -0.138187483621112], [-78.1350536868509, -0.138174461303786], [-78.13505369880563, -0.13815709515328], [-78.13505370097863, -0.138153942517897], [-78.1350503752473, -0.138141646925299], [-78.13505267718766, -0.138121403109582], [-78.13505948761438, -0.138107728961709], [-78.13507370355299, -0.138080278631708], [-78.13508245244128, -0.138038622252994], [-78.13508349880355, -0.138017615651666], [-78.13508351078157, -0.138000035349174], [-78.13508243813794, -0.137978174595399], [-78.13507913509945, -0.137963739297721], [-78.13507913836088, -0.137958987302935], [-78.13507915358171, -0.137936802291369], [-78.13508142654854, -0.137918634927734], [-78.13509703723642, -0.1378839641528], [-78.13513890573836, -0.137811017650728], [-78.13515304112994, -0.137781572171995], [-78.1351562597327, -0.137759039663703], [-78.13515305076322, -0.137738519581997], [-78.13514430759366, -0.13770987914378], [-78.13513551906361, -0.137677764385529], [-78.1351288631037, -0.137653163261385], [-78.13512564172099, -0.13753360035473], [-78.13511579546633, -0.137467299838356], [-78.13511252878057, -0.137426448006285], [-78.13510378180058, -0.13738453469428], [-78.13509939108228, -0.137361275681637], [-78.13509496999993, -0.137336732659938], [-78.13509498640818, -0.137312013973596], [-78.13509839413656, -0.137291557944536], [-78.1351130049295, -0.137264499810362], [-78.13513199250288, -0.137242092093038], [-78.13516195565568, -0.137216494208814], [-78.13521369162231, -0.137182284093747], [-78.13524100042177, -0.137159279197933], [-78.1352662893871, -0.137131707298066], [-78.13527956465697, -0.137119502259808], [-78.1352945733004, -0.137105524580571], [-78.1352987321009, -0.137094054871148], [-78.13530198957129, -0.137076662000249], [-78.13530311849566, -0.137063158841023], [-78.1353041647275, -0.137050648720619], [-78.13529668059637, -0.137023702672669], [-78.13528373863092, -0.137003065758134], [-78.13526529767078, -0.136980123115825], [-78.1352457625917, -0.136964813896605], [-78.13522828071952, -0.136952702740914], [-78.13521152652271, -0.136942570541919], [-78.13519882803362, -0.136927455516059], [-78.13519315610812, -0.136899995545083], [-78.13519652191066, -0.136869740945312], [-78.13520212519828, -0.136832750328597], [-78.13521344631576, -0.136814578627709], [-78.13523672685358, -0.136784554127767], [-78.13525661257147, -0.136764606991814], [-78.13527041681319, -0.136749695751726], [-78.13527359227793, -0.136727464129478], [-78.1352703439746, -0.136697884619666], [-78.13526595894044, -0.136656841991741], [-78.13526598403075, -0.136619329328418], [-78.1352583131926, -0.136577298679134], [-78.13525832627815, -0.136557759384255], [-78.13526612422142, -0.136542117317335], [-78.1352692382306, -0.136523417832528], [-78.13525765842326, -0.136505393375209], [-78.13524555876975, -0.136488774846659], [-78.1352397832616, -0.136479468048709], [-78.13523642346063, -0.136459123248043], [-78.13523209846257, -0.136434018203572], [-78.13522577406181, -0.136421278590199], [-78.13521391734612, -0.136407165755604], [-78.1351954884231, -0.136388603744664], [-78.13519014930039, -0.136385375470143], [-78.13517426048894, -0.136373937691702], [-78.13516621396936, -0.136358887385531], [-78.1351595765575, -0.13633658952917], [-78.13515077374447, -0.136311086369209], [-78.13514199467184, -0.136274569317734], [-78.13513210993433, -0.136244685410329], [-78.13512329792991, -0.136205804556846], [-78.13511783475295, -0.136173822133534], [-78.13511014386216, -0.136149459443166], [-78.1351068228808, -0.136127163793266], [-78.13510141780641, -0.136104780245553], [-78.13510169296892, -0.136092832069028], [-78.13510142279601, -0.136085326793741], [-78.13510042534958, -0.136080030716156], [-78.1350990580891, -0.136074945131498], [-78.13509599197566, -0.136068143420585], [-78.13509462767274, -0.136060813311455], [-78.13509541213266, -0.136053173527039], [-78.13509836046887, -0.136046451148313], [-78.13509957096403, -0.136041346896614], [-78.1350995176931, -0.136036416887159], [-78.13509639804155, -0.136026946860007], [-78.13509105194413, -0.136014366399757], [-78.13508506191052, -0.13600513548158], [-78.13507988256498, -0.135994178797964], [-78.13507657010175, -0.135983343419143], [-78.13507414493559, -0.135975697829462], [-78.13507169180315, -0.135969258533018], [-78.13506667783567, -0.135963962879074], [-78.13506082888348, -0.135960926107603], [-78.13505827893289, -0.135961104714137], [-78.13505383326441, -0.135962128856994], [-78.1350491964614, -0.135962789732621], [-78.13504782139806, -0.135962977515545], [-78.13504557300786, -0.135963285371926], [-78.13504030728585, -0.135961733273363], [-78.13503558112978, -0.135958990303898], [-78.13503463609949, -0.135958260087857], [-78.13502803883613, -0.13595316845684], [-78.13500194186011, -0.135929624935704], [-78.13499203983542, -0.135916883996462], [-78.13498558920858, -0.135908939740749], [-78.13498099997885, -0.135901963455515], [-78.13497645160213, -0.135891056546354], [-78.13497232237565, -0.135880182216717], [-78.13496977742146, -0.135868434302158], [-78.1349684699427, -0.135858730462495], [-78.13496796222029, -0.135848665281251], [-78.1349678814384, -0.13584107328461], [-78.13496780421724, -0.135833730679997], [-78.13496973087052, -0.135821713125411], [-78.1349737071722, -0.135812644239007], [-78.13497838996409, -0.135802546244658], [-78.13498313176487, -0.135794392789073], [-78.1349888258897, -0.135786007223758], [-78.13499618013194, -0.135780536847142], [-78.13500195185584, -0.135776288842644], [-78.13500996276903, -0.135773645886392], [-78.13502060782923, -0.135772291768015], [-78.13502820282696, -0.135772633329301], [-78.13503916414378, -0.135776181240082], [-78.1350499657187, -0.135779548413277], [-78.13505573241939, -0.135779848191048], [-78.13506163571388, -0.135778732958631], [-78.13506332774287, -0.135777426565317], [-78.13506265346086, -0.135771713970428], [-78.13506033928866, -0.135766619237329], [-78.13505902391267, -0.135762992961957], [-78.1350578219778, -0.135756392975885], [-78.13506006737279, -0.135751033130801], [-78.13506184845649, -0.135748048776018], [-78.13506662665019, -0.135743346145281], [-78.1350697252729, -0.135740864345398], [-78.13507121750791, -0.135736510109256], [-78.13507028006539, -0.13573231913342], [-78.13506757962209, -0.135729992059356], [-78.1350601730785, -0.135722286238637], [-78.13505517107185, -0.135714495767248], [-78.135049918094, -0.13570380202199], [-78.13503557537543, -0.135680304184587], [-78.13502875868184, -0.135671221359232], [-78.13502378369148, -0.135662665548317], [-78.13502055618959, -0.135654401806438], [-78.1350156098246, -0.135646661943446], [-78.13501181838905, -0.135640730307598], [-78.13500957857894, -0.135636772303689], [-78.13500694617387, -0.135620679904374], [-78.13500727206595, -0.135612348817012], [-78.13500845941998, -0.13560556930133], [-78.1350102442321, -0.13560140575821], [-78.13501444800751, -0.135596599145399], [-78.13502442273817, -0.135594072985471], [-78.1350266444009, -0.135592072695729], [-78.13502714455079, -0.135590232136659], [-78.13502707531877, -0.135583630478816], [-78.13502503898734, -0.135574287989245], [-78.13502332500858, -0.135563809721897], [-78.13502281969457, -0.135556139061702], [-78.1350286990941, -0.135536875162272], [-78.13503540285082, -0.135521758852225], [-78.13504027911048, -0.135515062002812], [-78.13505059236522, -0.135503633685193], [-78.13505982097095, -0.135495717503757], [-78.13506646137414, -0.135485066741661], [-78.13506864415926, -0.135477838258403], [-78.13507137220819, -0.135466754209079], [-78.13507579340354, -0.13546012597807], [-78.13507862760294, -0.135454636085067], [-78.13507929801392, -0.135447476998181], [-78.13508007957971, -0.135441516992351], [-78.1350820887942, -0.135437215225729], [-78.13508189443179, -0.135418489142797], [-78.13508374218932, -0.135405683643856], [-78.13508494360933, -0.135370838532828], [-78.13508419892189, -0.135337915132287], [-78.13508270518555, -0.135309201482112], [-78.13508366624166, -0.135288104508809], [-78.13508174586673, -0.135254322555243], [-78.13506966283212, -0.135218325590774], [-78.1350282795473, -0.135142746872229], [-78.13502069348279, -0.135119799229612], [-78.13501973171424, -0.135093406071032], [-78.13502092742594, -0.13506889625628], [-78.13502462347626, -0.135053968437294], [-78.13503724444772, -0.13502611036016], [-78.1350789786379, -0.135002475517348], [-78.13509539150236, -0.134991995787681], [-78.13510535684983, -0.134985279660637], [-78.135113591081, -0.134976421812716], [-78.1351206993466, -0.13496367567055], [-78.13513086821801, -0.134928165673828], [-78.13513593141151, -0.13488868106901], [-78.13513440231588, -0.134855233490361], [-78.1351282094151, -0.134823091050738], [-78.13512098245887, -0.134806990878254], [-78.13511678431738, -0.134794349115193], [-78.13511532753138, -0.134779580619322], [-78.13511899112099, -0.134765897041798], [-78.13513160860965, -0.134744745425678], [-78.13515528281931, -0.134709553283934], [-78.13516468332537, -0.13468990124986], [-78.13517411974198, -0.134670172414317], [-78.13517814823305, -0.134659902653283], [-78.13517762108596, -0.134646995668422], [-78.13517932568969, -0.13463791747134], [-78.13518185787653, -0.134628451730802], [-78.13518761540843, -0.134615043092095], [-78.13518936233734, -0.134597073544654], [-78.1351911596416, -0.134578136255014], [-78.13519708940666, -0.13455785490784], [-78.13520540532652, -0.134548870562713], [-78.13521712202139, -0.134540133300661], [-78.13523963821855, -0.134529493445353], [-78.1352563624774, -0.134519458311889], [-78.13526927563292, -0.134510457341441], [-78.13527420943944, -0.13450282617783], [-78.1352752074112, -0.134495991517799], [-78.13527385779285, -0.134478105636805], [-78.13526888361991, -0.134454764335935], [-78.13526587195872, -0.134435043061098], [-78.13526622810782, -0.134413470722175], [-78.13526626245525, -0.134411406919662], [-78.13527153154112, -0.134384132585365], [-78.13527990379971, -0.13436921434923], [-78.13536500696054, -0.134295755051831], [-78.13537785728995, -0.134279024734608], [-78.13538305531624, -0.134260750176544], [-78.13538230855195, -0.134237676836927], [-78.13536063642266, -0.134175726643617], [-78.135353908682, -0.134157992834504], [-78.13534594741543, -0.134119667799737], [-78.13533963190947, -0.134084254336594], [-78.13533322484395, -0.134041198272382], [-78.13533168501857, -0.134007184134915], [-78.13532082138371, -0.133973981229438], [-78.13531282321293, -0.133959680022724], [-78.1353021139317, -0.133949850379165], [-78.13529063471073, -0.133938685134517], [-78.13526431354268, -0.133913076917867], [-78.13525152152317, -0.133883771888677], [-78.1352481043196, -0.133854958614552], [-78.13524781290175, -0.133852506228685], [-78.13525029577576, -0.133827074894226], [-78.13525854074611, -0.133802952640334], [-78.13526643476882, -0.133786619317077], [-78.1352928751131, -0.133752085292135], [-78.13529756251508, -0.133748519361433], [-78.13532802325882, -0.133726970440467], [-78.13534630468904, -0.133717502030327], [-78.13535679510123, -0.133710736254632], [-78.13536385682785, -0.133704466148375], [-78.13536986789555, -0.133695021595783], [-78.13537298817782, -0.13368374602356], [-78.13538265486416, -0.133651844899487], [-78.13539344363343, -0.133634131223117], [-78.13540390649361, -0.133625018811618], [-78.1354259739056, -0.133606688401824], [-78.13543452014838, -0.133592896959049], [-78.1354381525474, -0.133577168538697], [-78.13543801315974, -0.13356398871178], [-78.13543710348037, -0.133552504838867], [-78.13543608792175, -0.133533002467403], [-78.13544123831615, -0.133515160720536], [-78.13545083036827, -0.133499914614549], [-78.13546183933863, -0.133487327045865], [-78.13548016990393, -0.13347984473438], [-78.13548464438568, -0.133478019097526], [-78.13550329387171, -0.133475772242497], [-78.13553314338951, -0.133477450103736], [-78.13556036851494, -0.133478837603601], [-78.1355770336583, -0.133475450180747], [-78.13560111859941, -0.133466227319083], [-78.13561154719308, -0.133466251132597], [-78.13562256591538, -0.133470224621916], [-78.13564057007672, -0.13347565010196], [-78.13565601588748, -0.133484031839496], [-78.13567415266473, -0.133499121266848], [-78.13568275826958, -0.133507515755973], [-78.13569039960265, -0.133503055612194], [-78.13570244715106, -0.133497234270191], [-78.13571072639816, -0.133494863309128], [-78.13572036720035, -0.133484944791861], [-78.13573001196221, -0.133471834782837], [-78.135739345241, -0.133459020212119], [-78.13575131780478, -0.133441911171101], [-78.13575883732125, -0.133427539495581], [-78.13576055812857, -0.133417970642626], [-78.1357596000324, -0.133413788699696], [-78.13575319657578, -0.133385845224506], [-78.13575118371668, -0.133375159995837], [-78.13574664914378, -0.133368835213542], [-78.13574303172686, -0.133363694246257], [-78.13573821357468, -0.133356975464075], [-78.13572965865154, -0.133344944921632], [-78.13572416879873, -0.133333366535373], [-78.13572189788346, -0.133318896123904], [-78.13572606010975, -0.133308528780634], [-78.1357315379675, -0.13329965071345], [-78.13573596128431, -0.133290109285018], [-78.1357369929139, -0.133279334054041], [-78.13573756629914, -0.133272843609492], [-78.13574231614683, -0.13326482477413], [-78.13574646589022, -0.133261502747156], [-78.13575716598517, -0.13325771252255], [-78.13578431198471, -0.133244842206298], [-78.1357859925944, -0.133241365375425], [-78.13578747783765, -0.133235303340691], [-78.13578936511777, -0.133229796159447], [-78.13579079059002, -0.133220577865612], [-78.13579085846834, -0.133207943829389], [-78.1357968126652, -0.133193528596041], [-78.13579870793255, -0.13318880483116], [-78.13580474786973, -0.133170290003931], [-78.13580613684381, -0.133158459416819], [-78.13580447665534, -0.133148320903403], [-78.13580351258666, -0.133133670829137], [-78.13580533471959, -0.133117149738826], [-78.1358063505234, -0.133103501981434], [-78.13580521232016, -0.133096712246686], [-78.13579355961426, -0.133079895911951], [-78.13578149975034, -0.133068010439567], [-78.13577282305592, -0.133053394703657], [-78.13576776935557, -0.13304226906972], [-78.13576467098017, -0.133019310204456], [-78.13576883940628, -0.13299407965139], [-78.13577310533792, -0.13297946181489], [-78.13577837731275, -0.132965769375612], [-78.13577823701314, -0.132952651892663], [-78.135778097615, -0.132939499169686], [-78.13577792801223, -0.132923639277104], [-78.13577657996609, -0.132907467507094], [-78.13577315396505, -0.132884667636213], [-78.13577342385668, -0.132871435444869], [-78.1357781236069, -0.132854171033234], [-78.13578948477178, -0.132830665375528], [-78.13580411500891, -0.132805365562327], [-78.13581977329372, -0.132792553530828], [-78.13583588655789, -0.132780410211275], [-78.13584948294549, -0.132769612048388], [-78.13586954644187, -0.13274856427474], [-78.13588299802133, -0.132740399165867], [-78.13589785036206, -0.132727128012968], [-78.13591127694785, -0.132717768349996], [-78.1359226687523, -0.132708776212008], [-78.13592972578174, -0.132696507137791], [-78.13593345010288, -0.132685246085145], [-78.1359375775684, -0.132664917517604], [-78.13593822317755, -0.132662546563276], [-78.13593574299246, -0.132649227304302], [-78.13593643600346, -0.132640515839164], [-78.13593362527686, -0.132629317275891], [-78.13592856387118, -0.132607107258707], [-78.13592922702006, -0.132592702246837], [-78.1359311150182, -0.132580925931483], [-78.135935656309, -0.132560093206593], [-78.13593859478908, -0.132545252927616], [-78.13593775029865, -0.132536563873095], [-78.13593443913791, -0.132521901777491], [-78.13593227229357, -0.132507725948621], [-78.13593211957564, -0.13249328017991], [-78.13593118487053, -0.132480779757153], [-78.1359327238758, -0.13246766246805], [-78.13594519663421, -0.132448166177515], [-78.13595699274043, -0.132435626575052], [-78.13596801188345, -0.132420365257857], [-78.13597288377277, -0.132404701125717], [-78.13597906830171, -0.132385326990725], [-78.13598808001976, -0.132366683288138], [-78.13599641548538, -0.132351517438549], [-78.13600821603299, -0.132339376319829], [-78.13601926956, -0.132321692470365], [-78.13602456128025, -0.132307944908091], [-78.13602908210154, -0.132293376792992], [-78.13603422906093, -0.13225838482254], [-78.1360375524503, -0.132236893233092], [-78.13603996086411, -0.132203014171292], [-78.136043208085, -0.132172611331749], [-78.13604685117222, -0.132141782041776], [-78.13605096823761, -0.13211813908733], [-78.13605400120423, -0.132101120252234], [-78.13606258690785, -0.132079642826812], [-78.13607239881014, -0.13205685894689], [-78.1360841340176, -0.132043117552187], [-78.13609669535724, -0.132033818319861], [-78.136107418945, -0.132020810525338], [-78.13612208094858, -0.132000147037701], [-78.13612971828356, -0.131983538966949], [-78.13613703350934, -0.131965965820489], [-78.13614318618271, -0.131950390384779], [-78.13614964158175, -0.131932608408002], [-78.13615219699376, -0.131916087395713], [-78.13615508632392, -0.131891450342753], [-78.13615605288976, -0.131868716938874], [-78.13616495327845, -0.13185030272914], [-78.13617712540263, -0.131838197790156], [-78.13619037246013, -0.131828963692962], [-78.13620365902229, -0.131811768938607], [-78.13621326088503, -0.131789065449006], [-78.13622390070623, -0.131770766195593], [-78.1362368318567, -0.131753417787911], [-78.13624961601639, -0.131734256753534], [-78.13626171205335, -0.131712502324656], [-78.13627442583703, -0.131696553557461], [-78.13629069839298, -0.131680627791661], [-78.13630924782014, -0.13166650857308], [-78.13632279310187, -0.131663046665194], [-78.13634721140626, -0.131658409536136], [-78.13636913756325, -0.131650784836904], [-78.13638226461755, -0.131639206799256], [-78.13639857725877, -0.131610225909958], [-78.13640060464529, -0.131580281943727], [-78.13640389472657, -0.13155168447843], [-78.13640792580328, -0.13153426997772], [-78.13640275007005, -0.1315226970513], [-78.13639356906317, -0.131514782314016], [-78.13636777307711, -0.131495337604776], [-78.13635589309308, -0.131480011278532], [-78.13634259172761, -0.13146175895119], [-78.1363365261131, -0.131453795780675], [-78.13632129462748, -0.131431119235177], [-78.13631821982, -0.131413705721747], [-78.13631802357718, -0.131395144976572], [-78.13632468202123, -0.131375544986358], [-78.13633044188978, -0.131357088842062], [-78.13634829370265, -0.131305464967359], [-78.13636440245651, -0.131293437280238], [-78.13637869241272, -0.131276747741696], [-78.13639262901384, -0.131257610325883], [-78.13640418114349, -0.131235731130431], [-78.13640837203461, -0.131225713467364], [-78.1364130333684, -0.131214571787552], [-78.13642141624604, -0.131192794331937], [-78.13642573683906, -0.131155101406614], [-78.13642782133506, -0.131127986598257], [-78.13642873529912, -0.131102011086938], [-78.13643110301106, -0.131062690563275], [-78.13643259862579, -0.131052146697168], [-78.13643567374046, -0.131035317613072], [-78.1364441115327, -0.131019965619012], [-78.13645451385594, -0.131006374955665], [-78.1364667155013, -0.130995076013688], [-78.13648033289462, -0.130988899709034], [-78.13650157020315, -0.13099293670145], [-78.13651723608348, -0.131007969792359], [-78.13653537020677, -0.131023113406393], [-78.1365666400503, -0.13103726458016], [-78.1365809773621, -0.13103824843812], [-78.13658143153448, -0.131038131023187], [-78.13659805998647, -0.131033845384042], [-78.1366297871925, -0.131011917000364], [-78.13665424158607, -0.130981954825957], [-78.13666948427448, -0.130961430534985], [-78.1366840778722, -0.130942347401518], [-78.13670254069558, -0.130924161078198], [-78.13670902105926, -0.130915637315962], [-78.13670895266918, -0.130909285040727], [-78.13670195540485, -0.130893323147502], [-78.13669442146171, -0.130884786929942], [-78.13668130818667, -0.130877803349212], [-78.13666437862366, -0.130877987542365], [-78.13664542795453, -0.130884576178499], [-78.13662079374063, -0.130885672115354], [-78.13660081438492, -0.130877306149819], [-78.1365781182178, -0.130868371511373], [-78.13656086721261, -0.130861719074628], [-78.13655361366132, -0.130857952963786], [-78.13653932828574, -0.130842222458591], [-78.13653254193332, -0.130818454443099], [-78.13652990698141, -0.130800448220958], [-78.13653291128381, -0.130774845228059], [-78.13654882418754, -0.13074858590188], [-78.13656453100502, -0.130727156261784], [-78.13657701156545, -0.130709883687007], [-78.1365926989564, -0.130685631215538], [-78.13661140262246, -0.130664747688723], [-78.13663365652134, -0.130647969597101], [-78.13664834607714, -0.130637460676342], [-78.13666220257709, -0.130636039106383], [-78.1366905980961, -0.130637742930706], [-78.1367107380109, -0.130639113284594], [-78.13674065972664, -0.130637598681545], [-78.13677335163877, -0.130632873925964], [-78.13679524163861, -0.1306275063781], [-78.13681788876508, -0.130617780881577], [-78.13683801035893, -0.130606587657594], [-78.13685245093497, -0.130591342064219], [-78.13685924606541, -0.130577282012521], [-78.13686757690611, -0.130555237977208], [-78.13686850283979, -0.130534413848111], [-78.13686198982043, -0.130514272886701], [-78.13685973741238, -0.130494549874711], [-78.13686246585868, -0.130479555943071], [-78.136870290996, -0.130460890388271], [-78.13687839017696, -0.130439644199156], [-78.13688796710855, -0.130414971749271], [-78.13689422915306, -0.130376568802716], [-78.13689347364499, -0.130342795973087], [-78.13689287503865, -0.130286677272788], [-78.13689872804969, -0.130238089866379], [-78.13690278227332, -0.130206287422774], [-78.13691092713978, -0.130177841396419], [-78.13691886681198, -0.130162246265561], [-78.13694242239, -0.130127459671647], [-78.1369622145553, -0.130100580000839], [-78.13697006277125, -0.130076190173694], [-78.1369691344508, -0.130062543080954], [-78.13696188604969, -0.130052857527513], [-78.13695301346998, -0.130047736747558], [-78.13693391201569, -0.130046345740046], [-78.13690915221353, -0.130046793804079], [-78.13689448168205, -0.130047805960386], [-78.13687715579998, -0.130044447127322], [-78.13686725035444, -0.130037455789452], [-78.13685253043052, -0.130022793289249], [-78.13684347806526, -0.1300042035124], [-78.13684168971768, -0.129992115926787], [-78.1368417108662, -0.129971708251342], [-78.1368489091629, -0.129956094059864], [-78.13686032118783, -0.129942769153817], [-78.13686527460483, -0.129936121975859], [-78.13687761621019, -0.129917305129063], [-78.13688729045944, -0.129897104574394], [-78.13689952396375, -0.129873823958255], [-78.13691213297567, -0.1298555574297], [-78.13692467003447, -0.129838615561874], [-78.13693797826699, -0.129820071708798], [-78.13697813872457, -0.129767053368867], [-78.13698729952921, -0.1297552344946], [-78.13699904173842, -0.129742907190776], [-78.13700595439444, -0.129737212623027], [-78.13701591864158, -0.1297321527264], [-78.13702606630949, -0.129724239299246], [-78.13703120873262, -0.129712953086838], [-78.13703598666133, -0.129702466513905], [-78.13704078961689, -0.129668959970641], [-78.13704604057051, -0.129634361935985], [-78.13704758891463, -0.129617729648583], [-78.13704227308342, -0.129598689403704], [-78.13703352427488, -0.129578373796307], [-78.13702009910037, -0.129543338102938], [-78.137013357753, -0.129526160908393], [-78.13701024091091, -0.129515128568878], [-78.13701322174053, -0.129498487408901], [-78.13701904295895, -0.129484961262156], [-78.13703046094497, -0.129450477781723], [-78.13704184292021, -0.129400956677083], [-78.13704428599283, -0.129385423262045], [-78.13704968399722, -0.129368065825582], [-78.13705633318045, -0.129350731121041], [-78.13706200687513, -0.129340097362234], [-78.13706847242123, -0.129335556631084], [-78.1370754400318, -0.129336030906478], [-78.13708400492824, -0.129339620053707], [-78.1370907502436, -0.129345453522989], [-78.13709855042079, -0.129357122525697], [-78.13710188931125, -0.129365013996287], [-78.1371071714336, -0.129372541539212], [-78.13711750899266, -0.129376082094238], [-78.13714921715442, -0.129355725002446], [-78.13716939845644, -0.12934027311811], [-78.13719543772598, -0.129319740082807], [-78.13720910142413, -0.129308825308833], [-78.1372224607688, -0.129298666808727], [-78.13723001144722, -0.129294160536527], [-78.13725123784967, -0.129291565113363], [-78.13726691890504, -0.129283603515005], [-78.1372720986401, -0.129275722950713], [-78.13727564102405, -0.12925381841107], [-78.13727596484247, -0.129231539417622], [-78.13727465668516, -0.129211341217407], [-78.13727047911078, -0.129190748724255], [-78.13726042670514, -0.129157514275198], [-78.13725371277744, -0.129135866999734], [-78.13724657072335, -0.129114180821381], [-78.13724070837588, -0.129094249569267], [-78.13722994344288, -0.129067891396287], [-78.13721937573274, -0.129051676095834], [-78.13720463586864, -0.129038599410331], [-78.13719297953887, -0.12902945913286], [-78.13718131966596, -0.129019898683672], [-78.13717214298374, -0.129013238151211], [-78.1371635739707, -0.129006316548908], [-78.1371531763682, -0.129001938358149], [-78.13714377392837, -0.128999509333751], [-78.13713524206304, -0.128997500579533], [-78.13712793068073, -0.128997120241079], [-78.13712216397963, -0.128996728330975], [-78.13711582010869, -0.128996752912552], [-78.13711008194443, -0.128998012776509], [-78.13710396420277, -0.128998509963638], [-78.13709613078677, -0.128995098909955], [-78.1370908003256, -0.128986399401262], [-78.13709119231414, -0.12897249131876], [-78.13709452369193, -0.128959296505433], [-78.13709651640076, -0.12894990296252], [-78.13709686703795, -0.12893656504339], [-78.13709230713596, -0.128915687878841], [-78.13708599820744, -0.128900206782844], [-78.13707958866803, -0.128869424206084], [-78.13707576215846, -0.12884767877082], [-78.13707112864738, -0.128826879307806], [-78.13706479708341, -0.128805113710235], [-78.13706052956722, -0.128786140453491], [-78.13705668067661, -0.128763865509967], [-78.13705369484225, -0.128745033359247], [-78.13705029958423, -0.128727469808998], [-78.13704728741561, -0.128711369221648], [-78.13704679746257, -0.12869431382023], [-78.13704761014398, -0.128682678325887], [-78.13705133123256, -0.128667883290427], [-78.1370529191459, -0.128658480665652], [-78.13705326156847, -0.128646338201535], [-78.1370477049241, -0.128637627826093], [-78.13704341111217, -0.128629072108137], [-78.1370382354919, -0.128616201626915], [-78.13703476426443, -0.12859573210884], [-78.13703385039942, -0.128581078413898], [-78.13703835966233, -0.128557075839535], [-78.13703870204586, -0.128537220293036], [-78.13704300096902, -0.128524078900387], [-78.13705007141945, -0.12851183599353], [-78.1370533115874, -0.128503596481225], [-78.13705738222262, -0.128493241747931], [-78.1370602045017, -0.128481694128887], [-78.13706233021212, -0.128470787983234], [-78.13706765890866, -0.128463130621347], [-78.13707301612915, -0.128457247018631], [-78.13708026693043, -0.128453563882237], [-78.13708420883238, -0.128446653636299], [-78.13708455641199, -0.128436540645659], [-78.13708161084308, -0.12841877564501], [-78.13707901665273, -0.128405141918223], [-78.13707941179398, -0.128395101220538], [-78.13708102759539, -0.128385103129509], [-78.13708228053616, -0.128377362176627], [-78.13708516653784, -0.128357768958602], [-78.1370898448136, -0.128347397124736], [-78.13709512906718, -0.128335828999945], [-78.137098294364, -0.128322879040081], [-78.1370982760477, -0.128318095408567], [-78.13709591444145, -0.128311447397335], [-78.13709296041542, -0.128305142685265], [-78.13708772859609, -0.128289123171715], [-78.13708851311162, -0.128272454651992], [-78.13708808611109, -0.128262295490633], [-78.13708132511124, -0.128252176277227], [-78.1370684134641, -0.128247901723698], [-78.1370541697024, -0.128245010423304], [-78.13703942813271, -0.128239143530247], [-78.13702479865829, -0.128234161268948], [-78.13701848022183, -0.12823146603826], [-78.1370143088828, -0.128227302708533], [-78.13700525930258, -0.128215688692883], [-78.13700172833153, -0.128207779132802], [-78.13699712916176, -0.128192845812766], [-78.13699129257438, -0.128183281511655], [-78.13698397795216, -0.128163604015205], [-78.13698181103406, -0.128149589925021], [-78.13697926079529, -0.128136184814372], [-78.13697366767117, -0.128100325039561], [-78.13697405497498, -0.128088094932508], [-78.1369794935558, -0.128068874283804], [-78.1369881782933, -0.128044029124783], [-78.13699933103904, -0.128013327143765], [-78.13700554824139, -0.127998150167039], [-78.13701126350404, -0.12798486887487], [-78.13701400316597, -0.127973659190073], [-78.13701230824468, -0.1279525546472], [-78.13700409987742, -0.127930925287372], [-78.13698960771625, -0.127909855450106], [-78.1369758853851, -0.127891182032341], [-78.13696349979165, -0.127877994486962], [-78.1369497453137, -0.127865928148717], [-78.13693864293467, -0.127855255451305], [-78.13692480086692, -0.12784795014261], [-78.13690890426743, -0.127841053931525], [-78.1369021924913, -0.127840286025887], [-78.1368913125077, -0.127839485122583], [-78.13687725266297, -0.127837331181317], [-78.13686217978031, -0.127824434293129], [-78.13685649878727, -0.127820073812297], [-78.13685201089625, -0.127813355987897], [-78.13684776647992, -0.127804478600442], [-78.13684274123118, -0.127795293903288], [-78.13683725393922, -0.127784359795727], [-78.13683277800902, -0.127774998959531], [-78.13683365609043, -0.12776437098172], [-78.13683969185661, -0.127750344261105], [-78.13684621619431, -0.127741660548441], [-78.13684852299492, -0.127732623960476], [-78.13685008753366, -0.127715391688555], [-78.13684919381978, -0.127705086998473], [-78.13685269100152, -0.127693943361995], [-78.136858035165, -0.127684345079012], [-78.13686035817265, -0.127674842237975], [-78.13686034158388, -0.127670645040388], [-78.13685934013203, -0.127668736536791], [-78.1368510368765, -0.127652905536065], [-78.13684108898116, -0.127640078802243], [-78.13683102989768, -0.127626277981483], [-78.13682044305797, -0.127612460837075], [-78.13681859781317, -0.127611439568571], [-78.1368099118802, -0.127606628762027], [-78.13679535213541, -0.127604174774371], [-78.13678223073707, -0.127597426164456], [-78.13676634477297, -0.127591757943448], [-78.13672586317605, -0.127587345671562], [-78.13668374399431, -0.127587088846057], [-78.13666527633677, -0.127584569361897], [-78.13664696116655, -0.12757480487683], [-78.13662765607853, -0.127564346320754], [-78.1366071190121, -0.127550688000072], [-78.13660354613893, -0.127548310243376], [-78.13658857051365, -0.127532505606964], [-78.13657105619107, -0.127504385602284], [-78.13656464813668, -0.127476106003011], [-78.13656021553726, -0.127464485286222], [-78.13655282967333, -0.127455883146598], [-78.13654322849804, -0.12744064837831], [-78.1365409773962, -0.127416761616437], [-78.13654546177096, -0.127390322955484], [-78.13654378822336, -0.127370647910371], [-78.13653714210773, -0.12736050793715], [-78.13652275223905, -0.127347784625444], [-78.13650859116436, -0.127335791443665], [-78.13650153185789, -0.127320411482755], [-78.13649803823054, -0.127299402530049], [-78.13649796407266, -0.127280072837734], [-78.13649590422368, -0.127263608220063], [-78.13648753586776, -0.12725207652042], [-78.13648026299018, -0.12724441322955], [-78.13647209324694, -0.12723870702315], [-78.13646799895187, -0.127235846690186], [-78.1364626463164, -0.127232797365359], [-78.13645596954184, -0.127232076454283], [-78.13644676855868, -0.12723412658379], [-78.13643438028508, -0.1272370853724], [-78.13642497814135, -0.127240133950693], [-78.13641018476146, -0.127240191933495], [-78.13639487212629, -0.12723640416227], [-78.13637972288717, -0.127232233285565], [-78.13636319704806, -0.127225912605022], [-78.13634092039594, -0.127213527262739], [-78.13632017128465, -0.12718563642015], [-78.13630057213518, -0.127164032913438], [-78.13627170081823, -0.127155155490994], [-78.13624386204856, -0.127151085303641], [-78.136228284588, -0.127147760144524], [-78.13621210681404, -0.127143116574988], [-78.13619553463529, -0.127133795959931], [-78.13617194697157, -0.12711866987465], [-78.1361583262118, -0.127106773444131], [-78.1361497961069, -0.127096980245302], [-78.13614105529696, -0.127085204538364], [-78.13613872573276, -0.127072816007542], [-78.13614435350286, -0.12705516222101], [-78.13615104758635, -0.127045402348599], [-78.13615875097655, -0.127031431841753], [-78.1361671261441, -0.126989271994189], [-78.13616071564958, -0.126974912269764], [-78.13615309894179, -0.126959734658508], [-78.1361513690727, -0.126954271337474], [-78.13614834808241, -0.126944729953659], [-78.13614491849546, -0.126920814154538], [-78.13613950568393, -0.126901829949146], [-78.13612904841828, -0.126876867908591], [-78.1361207260744, -0.126863173017057], [-78.13611365719265, -0.126853212818471], [-78.13610615286653, -0.126844471519415], [-78.13609843939155, -0.126835915433875], [-78.13609117057453, -0.126823975439472], [-78.13608562464727, -0.126815675312831], [-78.13607082578469, -0.126808500936227], [-78.13604237879741, -0.126801565394463], [-78.13602340724698, -0.126802486752565], [-78.13600087782928, -0.126795171457832], [-78.13598460558137, -0.12678449007082], [-78.13597188024187, -0.126775600001969], [-78.1359598784297, -0.126765759433439], [-78.13594711331774, -0.126751257140596], [-78.13594485645673, -0.126738823440978], [-78.13594189987832, -0.126723030102407], [-78.13593189393275, -0.126699380135922], [-78.13591458151411, -0.126671580054444], [-78.13590432243247, -0.126648176741836], [-78.13589711187677, -0.126628781206513], [-78.13587634325366, -0.126582362196955], [-78.13587215666992, -0.126569887622018], [-78.13586600858694, -0.126560687451972], [-78.13586641305339, -0.126547314312394], [-78.13586779386603, -0.126543800390665], [-78.13586470413885, -0.126539004675973], [-78.13585762968962, -0.12653069534635], [-78.13585261305272, -0.126524777154233], [-78.13585043588398, -0.126514049449552], [-78.13584392892982, -0.126503501982123], [-78.13583367961961, -0.126489181595682], [-78.1358227850505, -0.12648233837411], [-78.13581194866357, -0.126476939101566], [-78.13579861274596, -0.126470292592185], [-78.13578549112069, -0.126465664734637], [-78.13577753400368, -0.126460814263766], [-78.1357678935168, -0.126452064599968], [-78.13576125817009, -0.126441911989698], [-78.13575388525058, -0.126421654411869], [-78.1357499752792, -0.126399450878789], [-78.1357477889743, -0.126381993210211], [-78.13574642449016, -0.12635118413605], [-78.13573620075228, -0.126332831017442], [-78.13572183596716, -0.126312349476756], [-78.13570376021025, -0.126304750959596], [-78.13569107181364, -0.126302741766124], [-78.135670254338, -0.126300728055678], [-78.13565735389516, -0.126300778128064], [-78.13564357206143, -0.126300830813351], [-78.1356302604506, -0.126301720278308], [-78.1356219544547, -0.126302631985303], [-78.13560349239825, -0.126298283651278], [-78.13559636555243, -0.126293068222758], [-78.13558368154818, -0.126267359584208], [-78.13558142340733, -0.126250182024374], [-78.13558438362983, -0.126232748423241], [-78.13558907568368, -0.126219271849406], [-78.13559461553353, -0.126209314865575], [-78.13559961933855, -0.126201271632866], [-78.13560314829155, -0.126194899884149], [-78.13560550060535, -0.126179923085425], [-78.13560422513143, -0.126164072109465], [-78.13559805436107, -0.126148928104202], [-78.1355909319054, -0.126136396281903], [-78.13557574845403, -0.126108646150779], [-78.13555640410776, -0.126079696490824], [-78.13553838317488, -0.126055020974789], [-78.13553079879146, -0.12604786909696], [-78.13552430414528, -0.126039658328655], [-78.13551907315531, -0.126032263645203], [-78.13551346475847, -0.12602065907894], [-78.13550867205399, -0.126010676553064], [-78.13550435345367, -0.125990655158628], [-78.13549881541675, -0.1259758329049], [-78.13549537593866, -0.125960138012635], [-78.13549120899985, -0.1259485426425], [-78.13548495805188, -0.125936088628137], [-78.13547549317698, -0.125921922852461], [-78.1354702411633, -0.125901568833296], [-78.1354667516315, -0.125883952896883], [-78.1354653454655, -0.125848422551651], [-78.13545944274217, -0.125827951897485], [-78.13545176686512, -0.125803831434354], [-78.13544244353588, -0.125775646427088], [-78.13543391761691, -0.125760344940411], [-78.13542918945113, -0.125742893322019], [-78.1354203542201, -0.125724458140358], [-78.13540939756011, -0.125702621599745], [-78.13539792502164, -0.125687082143432], [-78.13538873650654, -0.125681903539144], [-78.13537548932543, -0.125676371181504], [-78.13536752696801, -0.125670190628072], [-78.13535582513515, -0.125658504972068], [-78.13535151494904, -0.125651817906584], [-78.13535148786961, -0.125644987643016], [-78.1353526508439, -0.125639007792064], [-78.1353502712812, -0.125632308289616], [-78.13534772953852, -0.125623076901325], [-78.135343346071, -0.125613475740058], [-78.13534331285523, -0.125605299122068], [-78.1353463006472, -0.12559834449563], [-78.13534699679496, -0.125593302522794], [-78.13534128725443, -0.125579105540527], [-78.13533375672556, -0.12556368489225], [-78.13532238830233, -0.125548137317489], [-78.13530752832426, -0.125525263024723], [-78.13529840077469, -0.125512463524607], [-78.13529186853296, -0.125503300369704], [-78.13527737982463, -0.125483310388211], [-78.13526589972992, -0.125462964723428], [-78.13523585456899, -0.125419891646065], [-78.13523501100255, -0.125418724110827], [-78.13522264288315, -0.125401603273098], [-78.13521073834059, -0.125380409089452], [-78.13519926411384, -0.12536386845774], [-78.13519281928721, -0.125351453282828], [-78.1351842100483, -0.125334723212889], [-78.13518068765758, -0.125322071618972], [-78.13517894049144, -0.125310538868882], [-78.13517426857337, -0.125287518418734], [-78.13516506824966, -0.125267117889674], [-78.13515801569345, -0.125255531243502], [-78.13514880087094, -0.125244658197819], [-78.13512603489252, -0.125217300317167], [-78.1351062251853, -0.12520046691011], [-78.13509777480749, -0.125192029132488], [-78.13509279484424, -0.125178976184249], [-78.13509186812122, -0.125166640231441], [-78.13509264687107, -0.12514479143988], [-78.13510090427529, -0.125128441834197], [-78.13510985502248, -0.125116330155488], [-78.13511964497347, -0.125104234833583], [-78.13512748491395, -0.125097117190639], [-78.13513372316578, -0.125086026273104], [-78.13513405907635, -0.125067379765473], [-78.13513655466645, -0.125047039258476], [-78.13514127982931, -0.125034341585922], [-78.13514769595946, -0.12502173174766], [-78.13515498601743, -0.125011722545949], [-78.13516414842364, -0.125001095492286], [-78.13517218639251, -0.124997011231811], [-78.13518177083121, -0.124992947923863], [-78.13518976560943, -0.124981587023959], [-78.13519631698365, -0.124971606655398], [-78.13520058422031, -0.12496054172412], [-78.13519687044935, -0.124941443877543], [-78.1351888136668, -0.124920364878127], [-78.13516489981262, -0.124842428258983], [-78.13515306220991, -0.124816332097619], [-78.13514658781165, -0.124803428982847], [-78.13514649989213, -0.124803059403657], [-78.13514174143654, -0.124783393987462], [-78.13514208316538, -0.124760702094484], [-78.1351638750078, -0.124691393480756], [-78.13516964305646, -0.124679240787307], [-78.13517321190139, -0.124652483078939], [-78.13516904696657, -0.12463884830765], [-78.1351651601051, -0.124618445655385], [-78.13515579359512, -0.12458262891368], [-78.13514409354634, -0.124554357821991], [-78.1351300601762, -0.12453993313404], [-78.13511265571289, -0.124524674964606], [-78.13509999023853, -0.124509921519338], [-78.13508706755124, -0.124499933595376], [-78.13506922848103, -0.124486478951016], [-78.13506810933214, -0.124485635776298], [-78.13505473772308, -0.124477026686532], [-78.13504233989005, -0.12446067571955], [-78.13503491959518, -0.12443003316883], [-78.13503355350093, -0.124421989235422], [-78.13503480874675, -0.124409260459658], [-78.13503645783962, -0.124398158194173], [-78.1350376474004, -0.124386948350818], [-78.13503591484147, -0.124373048191811], [-78.13503543420806, -0.124360547835156], [-78.13503538173975, -0.124347715906711], [-78.1350353310039, -0.124335463181527], [-78.13503405512424, -0.124323148878078], [-78.13503094228919, -0.124316175511431], [-78.13502227117769, -0.12430710520176], [-78.13501548202197, -0.124299873005832], [-78.1350118736317, -0.124285594036804], [-78.13500882561549, -0.124268481461851], [-78.13500536306186, -0.124250171581141], [-78.13500283161976, -0.124236880357043], [-78.13499654287837, -0.124225180853199], [-78.13498838266779, -0.124205947891422], [-78.13497985086019, -0.124186833260003], [-78.13497301850289, -0.124172374124767], [-78.13496826800667, -0.124162050057836], [-78.13496473545486, -0.124151961961694], [-78.13496250117693, -0.124137951510836], [-78.13496245043189, -0.124125763845119], [-78.13496324798977, -0.124112442262969], [-78.13496442798936, -0.124098310199773], [-78.13496119093753, -0.124086291158215], [-78.13494591170132, -0.124064169538654], [-78.13492696980246, -0.124039980099822], [-78.13489873153742, -0.1240119367283], [-78.13487308918137, -0.123990319992913], [-78.13482644213374, -0.123963364349924], [-78.13479523904087, -0.123937503739501], [-78.13476872944754, -0.123909484055404], [-78.13474983828202, -0.123880914914655], [-78.13474781848522, -0.123875530185919], [-78.13473778769617, -0.123848776425333], [-78.13473483907107, -0.123808751467483], [-78.13473316549641, -0.123780442630991], [-78.13473406479964, -0.123764078665894], [-78.13473976280004, -0.123752184392299], [-78.13475943956719, -0.123745030079772], [-78.13478702002632, -0.123738777508965], [-78.13480062187281, -0.123726347360612], [-78.13480630679179, -0.123710895640185], [-78.13480924679439, -0.123689140158251], [-78.13480885102256, -0.123671985407503], [-78.13480560222985, -0.123652243360602], [-78.13479747334826, -0.123642096937753], [-78.13478981308523, -0.123639388037496], [-78.13477357401626, -0.123637267346948], [-78.13475854560475, -0.12363637748132], [-78.13474432443975, -0.123632200433348], [-78.13473600025559, -0.123618678167783], [-78.13473297150097, -0.123597630454801], [-78.13472881206765, -0.123524210389004], [-78.13471703436532, -0.123424679283652], [-78.13471792670185, -0.123397890569449], [-78.13472097029661, -0.123380964802306], [-78.1347265702738, -0.123362429110326], [-78.1347324786965, -0.123346789466087], [-78.13473498445457, -0.123331789196216], [-78.13473540637453, -0.123322715364519], [-78.13473377892178, -0.123307829402619], [-78.13472764318168, -0.123292146886798], [-78.13471602350465, -0.123275830358164], [-78.13465933121176, -0.12321440973389], [-78.13452339530046, -0.123070961442432], [-78.13448036956558, -0.123038206980328], [-78.13442905941457, -0.123006124800731], [-78.13441560628175, -0.122996059133081], [-78.13440172491497, -0.122978565889891], [-78.13439562018013, -0.122966692025603], [-78.13439160670792, -0.122954989166572], [-78.13439254498493, -0.12294337178075], [-78.13439815664186, -0.122933060591233], [-78.1344128962388, -0.122923664823969], [-78.13442962977444, -0.122918089660745], [-78.13444708962864, -0.122910601670696], [-78.13446284651688, -0.122897719953053], [-78.13447222161548, -0.122887096526423], [-78.13447751506598, -0.12287282395217], [-78.13447875212218, -0.122862169827252], [-78.13447835681553, -0.122848958359278], [-78.13447471327767, -0.122835875754123], [-78.13446651022446, -0.122822641756559], [-78.13445378188008, -0.122808154891285], [-78.13442362956245, -0.122792937849053], [-78.13439305183161, -0.122777507513843], [-78.13434211911733, -0.122749435531861], [-78.13432471190556, -0.122726180607449], [-78.13431659836436, -0.122706794965492], [-78.13430744168802, -0.12268916669831], [-78.13429815954545, -0.122678181628537], [-78.13428241473085, -0.122670438854381], [-78.13415396817499, -0.122659562913171], [-78.13413339898572, -0.122652484663539], [-78.1341143780353, -0.122637228168496], [-78.1340517848688, -0.122579662598546], [-78.13403863747901, -0.122572614066093], [-78.13401752704532, -0.122565783344522], [-78.1339997241323, -0.12255832859767], [-78.13397972595202, -0.122541232287141], [-78.13397001961751, -0.12252699876247], [-78.13396605672133, -0.122512322193336], [-78.13396477716358, -0.122492226168373], [-78.13396699210571, -0.122477215032377], [-78.1339748315099, -0.122458022678192], [-78.13398353648898, -0.122444061311417], [-78.13401331433379, -0.122410376798737], [-78.13405645266634, -0.122346368267437], [-78.13406200015649, -0.122331691817636], [-78.13406764191491, -0.122316768697182], [-78.13407891465744, -0.12228695317678], [-78.13409034032502, -0.122253904619557], [-78.13409284247558, -0.122238922427242], [-78.13409285826276, -0.122225476074211], [-78.13408632852963, -0.122209416732637], [-78.13399883637224, -0.12206878490734], [-78.13394256536493, -0.122003952462131], [-78.13389708448462, -0.121949103161403], [-78.13387045642075, -0.121903836672231], [-78.13384585913498, -0.121862023027704], [-78.13376850600676, -0.121777219865056], [-78.1337357991406, -0.121746358698971], [-78.13372004342936, -0.121739830367517], [-78.13369849248264, -0.121739791915711], [-78.13368062043956, -0.121741014368508], [-78.13363499653754, -0.121757066307978], [-78.1336233280895, -0.12176052039301], [-78.13361433185597, -0.121761860359486], [-78.13360311543902, -0.121759960711665], [-78.13359166752815, -0.121748882354091], [-78.13358550034687, -0.121733323650853], [-78.13358161039284, -0.121716286011986], [-78.13358119930902, -0.121699373441368], [-78.13358166235562, -0.121666203541747], [-78.13357963837574, -0.121649360375088], [-78.13356346286832, -0.121623433693665], [-78.13349537846675, -0.121540725180514], [-78.13338976340762, -0.121430827209892], [-78.13335141801768, -0.121375846795478], [-78.1333436299753, -0.121359263251606], [-78.13333933153204, -0.12134319332053], [-78.13333718489723, -0.121331901811376], [-78.13333591372486, -0.121317224638208], [-78.1333351027182, -0.121296630796757], [-78.13333076340807, -0.121285086951691], [-78.13332562636921, -0.121280277489337], [-78.13331661347708, -0.121277897371066], [-78.13330505319237, -0.12127704766503], [-78.13323030811937, -0.121279479385921], [-78.13316826519498, -0.121272488906987], [-78.1331478425409, -0.121263275516986], [-78.13313258983743, -0.121253165412674], [-78.13312379048826, -0.121242962927185], [-78.13311677020866, -0.121231463074428], [-78.13309885945296, -0.121174197868737], [-78.1330900405975, -0.121084897706092], [-78.1330749282843, -0.121011444059637], [-78.13306199126127, -0.120984083743842], [-78.13304312785253, -0.120955769509031], [-78.13301881244907, -0.120930408534941], [-78.13299834105544, -0.120915240480481], [-78.13295314311887, -0.120892430835549], [-78.13294492801266, -0.120882768764118], [-78.1329400505592, -0.12086754996177], [-78.13293919133991, -0.120853011087498], [-78.13294051493746, -0.120838573647576], [-78.13295198830637, -0.120795216041957], [-78.13295158828134, -0.120783990685462], [-78.13295161197338, -0.120763478263233], [-78.13294430699749, -0.120745050550892], [-78.13293158847439, -0.120730987512869], [-78.1329200379843, -0.120722358796793], [-78.13290947003858, -0.120707710460654], [-78.13290211152183, -0.120686301796284], [-78.13289912451019, -0.120669021200978], [-78.13289489384954, -0.120639854635137], [-78.1328948473001, -0.120638681768831], [-78.13289406403089, -0.120618803583001], [-78.13289366501803, -0.120597896247607], [-78.1328928415098, -0.120576574118824], [-78.13289244260346, -0.120563216287879], [-78.13288337152514, -0.120533658857788], [-78.13287528113966, -0.120524336553027], [-78.13282842855861, -0.120514581835262], [-78.13278408485873, -0.12050250063718], [-78.13275471046077, -0.12048984905413], [-78.13273976967606, -0.120475228269901], [-78.13272908101257, -0.120456258953052], [-78.13269409451418, -0.120406963449614], [-78.13268143326785, -0.120394478997936], [-78.13266540837296, -0.120378679818326], [-78.13263670966742, -0.12035038444044], [-78.1325470768248, -0.120286547994833], [-78.13252384904091, -0.1202545132384], [-78.1324490369617, -0.120151337836111], [-78.13240161913689, -0.120096705336049], [-78.13238506688566, -0.120077077594455], [-78.1323736506421, -0.120063544212387], [-78.13233410795561, -0.120016659034818], [-78.1323078099373, -0.119973462812793], [-78.13221682607295, -0.119851446780134], [-78.13214134607547, -0.119766801293357], [-78.13212161031078, -0.119737821062833], [-78.13211592781848, -0.119721941666714], [-78.13211336121648, -0.11970109194734], [-78.13211295856799, -0.119680470160853], [-78.13211298410958, -0.119659250242511], [-78.13211051265219, -0.119638341799947], [-78.13210388244029, -0.119621618351116], [-78.13209510006563, -0.119603480556647], [-78.1320886198932, -0.119593953319205], [-78.1320851514172, -0.119588852185403], [-78.13206394821069, -0.11956808002133], [-78.13204049778393, -0.119545105571466], [-78.13197277061397, -0.119496439194383], [-78.13190482553703, -0.119445904175049], [-78.13188201120249, -0.119425505030254], [-78.13186993422883, -0.119404629919196], [-78.13186475469197, -0.119394182062832], [-78.13186005927733, -0.11938039368382], [-78.13185424848024, -0.119364057966486], [-78.13184137060003, -0.119346048961044], [-78.13182968145026, -0.119333002599073], [-78.1318093736525, -0.119315511474804], [-78.13179930337095, -0.119305359483349], [-78.13179105756889, -0.119288727133904], [-78.13178623540884, -0.119276781163551], [-78.13178494315883, -0.119257403533614], [-78.13178800505106, -0.119236481221321], [-78.13181185638334, -0.119166975038496], [-78.13182336370942, -0.119089651502063], [-78.13182595324967, -0.119045023446372], [-78.13182595713947, -0.11904212563255], [-78.1318259826697, -0.119020903912369], [-78.13182349595796, -0.118999854514771], [-78.13181851479068, -0.118980568664319], [-78.13181232132405, -0.118967240058165], [-78.13180270926144, -0.118952492457349], [-78.13179179841616, -0.118938107060498], [-78.13177925309552, -0.118924195877713], [-78.13175210744242, -0.118901555388241], [-78.13174498246029, -0.118895611729146], [-78.13171003549826, -0.11886295593382], [-78.13169236704447, -0.118839928798453], [-78.13168246601823, -0.118816041354801], [-78.13167729451072, -0.118797324749467], [-78.1316760256908, -0.118776960403823], [-78.13167604932207, -0.118756699202647], [-78.13167867504161, -0.118735363001111], [-78.13168523775482, -0.118719146953195], [-78.13171221447188, -0.118674087726693], [-78.13174455870696, -0.118635694844092], [-78.1317650617061, -0.118605500804894], [-78.13176749807785, -0.118592523695406], [-78.13176751484825, -0.11857784306556], [-78.13176231393474, -0.118565732605506], [-78.13175337558489, -0.118554264208185], [-78.13174419617563, -0.118547824265789], [-78.13173754109638, -0.118545843804938], [-78.13173332896721, -0.118545443074847], [-78.13171950873206, -0.11854412600512], [-78.1317107001363, -0.118545160600258], [-78.13168696723707, -0.118545758107328], [-78.13167165801548, -0.118544080349721], [-78.13165021555479, -0.118536859329734], [-78.13160752476041, -0.1185199252091], [-78.1315361210963, -0.118481373314864], [-78.13150071392167, -0.118455189905809], [-78.13145802269166, -0.118407636737643], [-78.13142701505518, -0.118339932925743], [-78.13137741362885, -0.118257549265467], [-78.13135949217919, -0.118224639556138], [-78.13135732029477, -0.118214249852557], [-78.13135530736183, -0.118203018019689], [-78.13135998004653, -0.118193535329211], [-78.13136875798999, -0.118185051532772], [-78.13138458503484, -0.118169782508785], [-78.13139458395707, -0.118158177839128], [-78.13140153326898, -0.118144228035955], [-78.13140540361202, -0.118116647257042], [-78.1314085149758, -0.118094474385263], [-78.13140905609848, -0.118077908925794], [-78.13140852013728, -0.118061655996501], [-78.13140815494096, -0.118051893572038], [-78.13140718348363, -0.118037468560098], [-78.13140494623123, -0.118025572565084], [-78.13140099098045, -0.118014662208313], [-78.13139656448709, -0.118004068059158], [-78.1313848845422, -0.117979930149681], [-78.13136241150222, -0.117939648484802], [-78.13134511543603, -0.117908645420664], [-78.13129172052084, -0.117795545659237], [-78.13126866777803, -0.117736599388106], [-78.13125808291726, -0.117694066314465], [-78.13124806666401, -0.117638208060476], [-78.13123718492466, -0.117584819228976], [-78.13123677673929, -0.11758289454028], [-78.1312193342056, -0.117500722079363], [-78.13121476115819, -0.117439814228129], [-78.13120832016887, -0.11737159704598], [-78.13119217718601, -0.117307791995278], [-78.13116217527231, -0.11723488004102], [-78.13113806602647, -0.117150167815745], [-78.13111330189822, -0.117079865976315], [-78.13108654788655, -0.11702749296289], [-78.13105850445693, -0.11698931340667], [-78.13101735575111, -0.116953650807164], [-78.13097255471257, -0.116911440423412], [-78.13095703426535, -0.116895154332797], [-78.13095064053473, -0.116882745581553], [-78.13094579414731, -0.116870534875843], [-78.13094419582139, -0.11685091145502], [-78.1309415245521, -0.116843869506073], [-78.13091093371679, -0.116763215563471], [-78.13089808438878, -0.11672889861969], [-78.1308961840677, -0.11671340276618], [-78.13089697287181, -0.116697038839454], [-78.1309041330594, -0.116683344771098], [-78.13091946561391, -0.116676114918788], [-78.13095803618032, -0.116662621963052], [-78.13098663449198, -0.116654630843134], [-78.13100184699783, -0.116645218808434], [-78.13100967068274, -0.116638276428814], [-78.13101391776799, -0.116630271963871], [-78.13101849598213, -0.116605184265928], [-78.13101379601734, -0.11658286511774], [-78.13100643293052, -0.116561658918872], [-78.13099011433887, -0.116520989383092], [-78.13096160119699, -0.116467875264437], [-78.13093091422155, -0.116423475144012], [-78.13086676295217, -0.116355594531761], [-78.13084080275428, -0.116325785162805], [-78.13083642087385, -0.116317677708398], [-78.13083053319859, -0.116306785236796], [-78.13082654224604, -0.116293759584649], [-78.13082734121008, -0.116274496040811], [-78.13083055710474, -0.11625672637791], [-78.1308357632833, -0.116243560707451], [-78.13085356111839, -0.116212288390669], [-78.13087349212252, -0.11618387705577], [-78.13089187443188, -0.116168654355299], [-78.13089929953752, -0.116162372456335], [-78.13090223867825, -0.116156560868601], [-78.13090307804819, -0.116154899253174], [-78.13090373202178, -0.116149324172149], [-78.13090391617547, -0.116147763691731], [-78.13090258963783, -0.116138570435333], [-78.13089858268489, -0.116132878314571], [-78.13089056087297, -0.116128686645613], [-78.13087767792588, -0.116124941756448], [-78.13085078336218, -0.116113105597117], [-78.13084032755056, -0.116098676913432], [-78.1308470264567, -0.116084358414449], [-78.1308539985384, -0.116075738882656], [-78.13085721312933, -0.116070867056252], [-78.13085546727889, -0.116063259557165], [-78.13085177512869, -0.116050992047769], [-78.1308212696478, -0.11600457334226], [-78.13081088886172, -0.11598488035495], [-78.13080458899462, -0.115967233511456], [-78.13080331293554, -0.115955881585824], [-78.13080408431992, -0.115943047982432], [-78.13081690836715, -0.115916704235075], [-78.13081835550504, -0.115913730669609], [-78.13085211726123, -0.115853324635086], [-78.13085253289769, -0.115852586444819], [-78.13086759788558, -0.115810603595329], [-78.13088993847369, -0.115731708044024], [-78.1308950655084, -0.115702221726921], [-78.13089516116307, -0.115688168207506], [-78.13089399636443, -0.115677134356176], [-78.13088961638174, -0.115667958861178], [-78.13088386556008, -0.115661684652811], [-78.13087554849314, -0.115657115256712], [-78.13086946872984, -0.1156552306532], [-78.13085914892218, -0.115653881446486], [-78.1308499671119, -0.115653393476558], [-78.13080079798385, -0.115661912028779], [-78.1307307724541, -0.115672537433437], [-78.13072091392436, -0.115671786449909], [-78.13071051247078, -0.115670148086209], [-78.13070084803141, -0.115667197785752], [-78.13068947384066, -0.115663584076512], [-78.13068009047333, -0.115659229626801], [-78.13066738488901, -0.115650053285592], [-78.13063229288845, -0.115622181207192], [-78.13062293894296, -0.115610857376045], [-78.1306020411396, -0.115587305901998], [-78.13059819364817, -0.115575659146941], [-78.13059740626531, -0.115560157087561], [-78.13059951232016, -0.115538088938693], [-78.1306003487562, -0.115511996977088], [-78.13061116729585, -0.115489499605688], [-78.13066238589539, -0.115414442738369], [-78.13070047289462, -0.115353860033336], [-78.13070540753627, -0.11533640951149], [-78.13070622236974, -0.115310885902882], [-78.13070546081448, -0.115297354573439], [-78.13069992966011, -0.11525753011392], [-78.13067630496619, -0.11518166867224], [-78.13065557734447, -0.115134622993873], [-78.13064523096007, -0.115120823230913], [-78.13063727619277, -0.115110352534022], [-78.13062629019815, -0.115102152250129], [-78.13061003884586, -0.115088725975296], [-78.13060245793285, -0.115082463332538], [-78.13059425977698, -0.115073538653022], [-78.13059249181127, -0.115071613828499], [-78.13056284889478, -0.115015640693276], [-78.13055247522969, -0.114978436158797], [-78.13055063033585, -0.114964919179151], [-78.13054919700646, -0.114955479236271], [-78.13054574365042, -0.114942626232028], [-78.13053867752737, -0.11493137131168], [-78.13052953017686, -0.114918384903687], [-78.13052530108456, -0.11490813054413], [-78.13051814495795, -0.114872400091533], [-78.13051779272098, -0.114858427854451], [-78.13051814752106, -0.114855713508063], [-78.13051897119344, -0.114849439067236], [-78.13052151052118, -0.114838632395946], [-78.13053073638257, -0.114820388053571], [-78.13053416720929, -0.114807177021078], [-78.13053469293271, -0.114791551304125], [-78.13052507604127, -0.114734814862496], [-78.13051351384327, -0.114690395954742], [-78.1305108234546, -0.114676947563416], [-78.13050894107096, -0.114661318892773], [-78.13050952710452, -0.114643918532787], [-78.13052450742516, -0.114586414717948], [-78.13055614798593, -0.114501199497099], [-78.13056576310287, -0.11448569487356], [-78.13057488499794, -0.114474925911827], [-78.13058060069096, -0.114464452080261], [-78.1305841757331, -0.11445410543891], [-78.13058445958049, -0.114442827768708], [-78.1305832789008, -0.114428915987937], [-78.1305801991922, -0.114413289003237], [-78.13057293201356, -0.114393013533107], [-78.13052693480707, -0.114329441390691], [-78.13051928021774, -0.114314893735637], [-78.13051531800228, -0.114301497625271], [-78.13051519831426, -0.114286594714819], [-78.13051505856318, -0.114274883279773], [-78.13051668334222, -0.11426355062622], [-78.1305220442746, -0.114237304607025], [-78.13052413516881, -0.114213995827511], [-78.13052493539337, -0.114190723061668], [-78.13052268357006, -0.114171523369517], [-78.13051986649094, -0.114159395110547], [-78.13051488780795, -0.114150515941464], [-78.13051025477506, -0.114140664545102], [-78.13050285212266, -0.114128841238595], [-78.13049478856112, -0.11411117435388], [-78.13049040894585, -0.114098186624917], [-78.1304876353813, -0.11408168861307], [-78.13048924262961, -0.114066098245058], [-78.1304948806516, -0.114042337123929], [-78.13051854242477, -0.113980234000259], [-78.13053876283723, -0.113938092624033], [-78.13057104299284, -0.11386502530335], [-78.13060292874356, -0.113786723445703], [-78.13060459322277, -0.11378231409635], [-78.1306226304664, -0.113734533193266], [-78.1306233416103, -0.113722511911243], [-78.13062362994143, -0.1137112017117], [-78.13062161098505, -0.113696919375623], [-78.13060553930953, -0.1136361938494], [-78.13060348024932, -0.113637190302399], [-78.13059116448426, -0.113643151856048], [-78.13050377179859, -0.113660356485157], [-78.1304448743788, -0.11369477733955], [-78.13040535366446, -0.113741631711684], [-78.13036830043143, -0.113814307292422], [-78.13032650009846, -0.113868812117879], [-78.13029420067714, -0.113891760042285], [-78.13022675739272, -0.113893666174623], [-78.13018876279352, -0.1138831427793], [-78.13014507117066, -0.113848711655153], [-78.13005151350194, -0.113773154105352], [-78.12998502829198, -0.113689471497178], [-78.12987818034307, -0.113526889810459], [-78.12979507854895, -0.113383436788153], [-78.12974047580356, -0.113218469472267], [-78.12970487768074, -0.112979390819448], [-78.12968613158378, -0.112833536192343], [-78.12968392531549, -0.112816368692393], [-78.12968137544324, -0.112815930198457], [-78.12874060941093, -0.112654023064241], [-78.12832443807761, -0.112980729849119], [-78.12711862774198, -0.112665706201914], [-78.12671423563083, -0.112560056667118], [-78.12670957752216, -0.112558839977607], [-78.12667890311425, -0.112550826640536], [-78.12665521331324, -0.112634862326559], [-78.12654474750686, -0.113040082631064], [-78.12646612574088, -0.113395854583283], [-78.12567077007934, -0.113277961037989], [-78.12552903201693, -0.113256952067587], [-78.12621003234148, -0.11147418463132], [-78.1263227720498, -0.111179045685268], [-78.12633035967573, -0.111162212622642], [-78.1263456381657, -0.111128321513913], [-78.12632079958588, -0.11111999976332], [-78.12583932703812, -0.110958682422411], [-78.12505603857136, -0.110659374545321], [-78.12479965749601, -0.110728233389365], [-78.12368350209468, -0.111023977536708], [-78.12333025091125, -0.11112256182958], [-78.12305714968598, -0.111185290704729], [-78.12285529452133, -0.111215155996772], [-78.12268015631217, -0.111236056743305], [-78.12251392226307, -0.111250982059748], [-78.12241893247288, -0.111250972726245], [-78.12238331519183, -0.111227062232082], [-78.12171655534897, -0.111510392658394], [-78.12128177325317, -0.111695146788882], [-78.12124328208833, -0.111845781556997], [-78.12017717354274, -0.112245471714089]]]]}}, {"type": "Feature", "properties": {"tipo": "solape", "clave": "1702605313", "propietario": null, "comunidad": null, "codigo_ficha": null, "ha_en_vaso": 31.49, "pct_del_vaso": 49.5, "area_predio_ha": 652.5, "nombre_predio": null, "condicion": "En litigio comunidad–Estado", "investigado": false}, "geometry": {"type": "Polygon", "coordinates": [[[-78.13510291050258, -0.14714164137314], [-78.1351131067173, -0.147098812386859], [-78.13519060203154, -0.146773280440626], [-78.13519094507778, -0.146771841061245], [-78.1351820300595, -0.146762310618944], [-78.13517399009388, -0.146760266557651], [-78.1351608964724, -0.14676188591376], [-78.13514418273775, -0.146765911974331], [-78.13512351695245, -0.146764080435203], [-78.13509890600861, -0.146751607676639], [-78.13508498266275, -0.146735155970792], [-78.13506993692853, -0.146715225287853], [-78.13506415726046, -0.146689875146852], [-78.13506420154287, -0.146673391810807], [-78.13506777633702, -0.146653292751224], [-78.13507545186867, -0.146641458481063], [-78.13508625497802, -0.146625502423069], [-78.13509414524158, -0.146611951353629], [-78.1350991028981, -0.146600925448211], [-78.13510127431513, -0.14658483725593], [-78.13509201014885, -0.146568260553168], [-78.13507444602268, -0.14653320792039], [-78.13506713843067, -0.146517240492118], [-78.13505069970184, -0.146490236307736], [-78.13503771904197, -0.146457575174447], [-78.13502726295204, -0.146440842902153], [-78.13500676697446, -0.146423548206288], [-78.13499586272087, -0.146402014184635], [-78.13498262660289, -0.146380775338107], [-78.1349656283363, -0.146370775799027], [-78.13493780053633, -0.14635868214548], [-78.1349191509388, -0.146347465255079], [-78.13490280841707, -0.146326182638386], [-78.13489521706168, -0.146304224357227], [-78.13489585374407, -0.146287547730943], [-78.13489934801167, -0.146272473542216], [-78.13490517205683, -0.146245251751713], [-78.13491322757147, -0.146230847711533], [-78.1349205023314, -0.146208492857765], [-78.1349211884295, -0.146163099154927], [-78.13491849384917, -0.146114692439265], [-78.13491239562269, -0.146088688966133], [-78.13489040379173, -0.146033141389904], [-78.13488360629634, -0.146007756789109], [-78.13487903969202, -0.145985605529908], [-78.13488142233626, -0.145959961873249], [-78.13488608069581, -0.145937971734096], [-78.13489062580187, -0.14592435156002], [-78.13489296473546, -0.145903661392939], [-78.13489996677123, -0.145887318105225], [-78.13490662749844, -0.145872875932737], [-78.13490667458815, -0.14585539503286], [-78.13489897151067, -0.145829642554377], [-78.13487242775133, -0.145784804685166], [-78.13486623311407, -0.145782985862381], [-78.13484904042616, -0.145770224928843], [-78.13483009076832, -0.145761190186857], [-78.13480950828539, -0.145753641645847], [-78.13479151269307, -0.145744821178158], [-78.13478010881894, -0.145734928991046], [-78.1347791557291, -0.145734101177994], [-78.1347698785548, -0.145720951812051], [-78.13477529782797, -0.145700551191103], [-78.13478167631499, -0.14566092946934], [-78.1347845289008, -0.145652382751553], [-78.13478740329737, -0.145627496370006], [-78.13478931433288, -0.145548084371455], [-78.13478036142318, -0.145483173645329], [-78.1347839234924, -0.145449942672971], [-78.13479271709433, -0.145425929918447], [-78.13480617383264, -0.145406002902427], [-78.13482815723688, -0.145386290223966], [-78.1348469778078, -0.145372733317698], [-78.13486672144008, -0.145370370235916], [-78.13488027850454, -0.145373369186196], [-78.13489975358674, -0.145379582069029], [-78.13491408863837, -0.145376941796372], [-78.13492336024493, -0.145370231094405], [-78.13492758479853, -0.145357575010152], [-78.13492653822846, -0.145336466045056], [-78.13492220502265, -0.145321042065864], [-78.13491691938181, -0.145313829816352], [-78.13490940013148, -0.14530356946305], [-78.13489274362577, -0.145280892577757], [-78.13487502089892, -0.145229215651046], [-78.13487274942105, -0.145199032652208], [-78.13488928984286, -0.145167107217375], [-78.13491271458699, -0.145148326320904], [-78.13493611761764, -0.145138042807597], [-78.13495204698958, -0.145126070428656], [-78.13497964918977, -0.145112250787976], [-78.13500485726475, -0.14510135757838], [-78.1350319787477, -0.145091753135858], [-78.13505815719196, -0.145072773796174], [-78.13507273549344, -0.145048630749677], [-78.13508311561628, -0.145027282883675], [-78.13509791211943, -0.145009491218591], [-78.13512454379286, -0.144997901516797], [-78.13514620842074, -0.14498648286385], [-78.13516814926115, -0.144976910286144], [-78.13518043367169, -0.144965134420998], [-78.13518205688476, -0.144954433376014], [-78.13518364416745, -0.144943958224675], [-78.13517423664655, -0.144932320555118], [-78.13515117273641, -0.144915239708647], [-78.13513448349244, -0.144903007451265], [-78.13512706726601, -0.144894249786986], [-78.13512528381234, -0.144880192364183], [-78.13512590475297, -0.144867197872997], [-78.13513052717046, -0.144845365848747], [-78.13513286478155, -0.144820761310171], [-78.13514501849437, -0.144749064562875], [-78.13515366351936, -0.144685893670998], [-78.13514197908894, -0.144637149668996], [-78.13512725115248, -0.144602099232287], [-78.1351226702405, -0.144579301903237], [-78.13512216483487, -0.144551369070045], [-78.13512624647264, -0.144525971398067], [-78.13513083885599, -0.144493079390789], [-78.13512469202131, -0.144453576236628], [-78.13512766084848, -0.144412657406693], [-78.13512892327978, -0.144372998872092], [-78.13513818661556, -0.14436062534241], [-78.13515811904183, -0.144348643518891], [-78.13516996426682, -0.144331922226891], [-78.13516895700003, -0.14431216774912], [-78.13515789393517, -0.144297047427528], [-78.13514360323019, -0.144268077327295], [-78.13513341937866, -0.144241667627528], [-78.13512212309926, -0.144218189946275], [-78.13511233715545, -0.144196593737513], [-78.13511011299776, -0.144175361732125], [-78.13510296247087, -0.144159181994067], [-78.13508700195189, -0.144133205288655], [-78.13507787706575, -0.144100715448828], [-78.1350643925149, -0.144041733520382], [-78.13504805878677, -0.144000010760449], [-78.13502198405146, -0.143936175851009], [-78.1350038991697, -0.143865988793897], [-78.13499594876608, -0.143829507937467], [-78.13499718951337, -0.14380522222928], [-78.13500847269788, -0.143782641063296], [-78.13502308547723, -0.143769686292644], [-78.13502748149091, -0.143749463536219], [-78.13502697315073, -0.143723310783318], [-78.13503833144938, -0.143702962403421], [-78.1350521982678, -0.143690801795302], [-78.13506584117185, -0.143674852393515], [-78.13507867327888, -0.143661407648487], [-78.13509267689447, -0.143653479485945], [-78.13511409931755, -0.143655276727567], [-78.1351350064219, -0.143650893328291], [-78.13514636133463, -0.143643308195978], [-78.1351554386619, -0.143632606283673], [-78.13515764686915, -0.143616257854763], [-78.13515712550083, -0.143600996103473], [-78.1351560425629, -0.143583366867706], [-78.13515156895008, -0.143556465436407], [-78.13514931049295, -0.143536685501121], [-78.13515112632655, -0.143514287467616], [-78.13515665405237, -0.143501999300653], [-78.13516767348308, -0.143492796692922], [-78.13518158329309, -0.143488567825545], [-78.13519432479222, -0.1434891793584], [-78.13520500035267, -0.143488071093099], [-78.13521709222711, -0.143487084087926], [-78.1352190983416, -0.143479092964285], [-78.1352293932971, -0.143463926550351], [-78.13524335364103, -0.14345752274025], [-78.13525371514119, -0.143448554078967], [-78.13525212935146, -0.143447142466604], [-78.13524861584455, -0.143444014687883], [-78.13524113561982, -0.143437355167257], [-78.13523355780904, -0.143414287288375], [-78.13523360919433, -0.143390834537469], [-78.13524329256809, -0.143364059585529], [-78.13524607590843, -0.143342027627016], [-78.13524254236275, -0.143326816096283], [-78.13523905187529, -0.143311796132789], [-78.13522220447895, -0.143293686909054], [-78.13519751815505, -0.143295253339713], [-78.13518211403196, -0.143298663365972], [-78.13515985247727, -0.143296253389263], [-78.13514036911914, -0.143284300917321], [-78.13512698513723, -0.143260738948295], [-78.13511962855164, -0.143219754659704], [-78.13512313887448, -0.143183493916546], [-78.1351322150784, -0.143152893980069], [-78.13513443706097, -0.143126748797387], [-78.1351240254889, -0.143112526741126], [-78.13509955451669, -0.143100135402523], [-78.1350866059687, -0.143090011725236], [-78.13507551238754, -0.14306754068438], [-78.1350738808782, -0.143029522710827], [-78.13507446518157, -0.14301505264738], [-78.13507016776047, -0.143000320831704], [-78.13506211768848, -0.142985651795823], [-78.13504477145048, -0.142973194490417], [-78.13503652002751, -0.142960947058642], [-78.13499070246527, -0.142943233589739], [-78.13497434268297, -0.142923125689157], [-78.13496153986941, -0.142903086909182], [-78.1349558591349, -0.142868192151349], [-78.13494911995703, -0.14282794979863], [-78.13494265271395, -0.142766136912961], [-78.13494024654773, -0.142743135655945], [-78.13492974432205, -0.142707158693906], [-78.13492903803676, -0.142706480910663], [-78.13491948568432, -0.142697323606149], [-78.13490714823529, -0.142688242757709], [-78.13489048481001, -0.142677560200284], [-78.13487467493917, -0.142674229380914], [-78.13485984015658, -0.142675301891403], [-78.13484249711857, -0.14268049808438], [-78.1348289318343, -0.142678605162724], [-78.13480432600286, -0.142660817563818], [-78.13477936115706, -0.142628493825165], [-78.13477698887368, -0.142614537538691], [-78.13477703210216, -0.14259884846442], [-78.13477707537449, -0.142582803374652], [-78.1347765795112, -0.14255715754506], [-78.13477321275202, -0.142535891069353], [-78.13477324467397, -0.142524527491859], [-78.13477630052992, -0.1425123555779], [-78.13478246951117, -0.142503931252876], [-78.13478416339626, -0.142480415465527], [-78.1347778753987, -0.142464169888451], [-78.13478095392854, -0.142450089589385], [-78.13478461605486, -0.142441722779881], [-78.13477867027662, -0.142430679228937], [-78.13476782410592, -0.142425187641289], [-78.13475565072828, -0.142417557987302], [-78.13473364879574, -0.142398809298626], [-78.13472183316719, -0.142379662498176], [-78.13472010864584, -0.142360574791452], [-78.13472188068192, -0.142336513245013], [-78.13471917725917, -0.142314814033116], [-78.13470197669785, -0.142285586984231], [-78.1346704856579, -0.142254288017747], [-78.13463074667622, -0.14222613433059], [-78.13459811794299, -0.142198908620474], [-78.13458378620399, -0.142182082838895], [-78.13457073240848, -0.142166573751813], [-78.13455651546795, -0.142150456401896], [-78.13454340251421, -0.142134299432326], [-78.13453556011044, -0.142124137554445], [-78.13452914996148, -0.142115832738279], [-78.13451976600437, -0.14210217376512], [-78.13451855059398, -0.142095971354478], [-78.13451753969575, -0.142090809907934], [-78.13451739528172, -0.142090072558419], [-78.13451681772214, -0.142079060404788], [-78.13452191817537, -0.142066951999359], [-78.13453023359686, -0.142062468508854], [-78.13454385167952, -0.142058329045945], [-78.13456189601554, -0.142057800891597], [-78.13457242039533, -0.142052534262116], [-78.13460559532422, -0.142010289130211], [-78.13461093872458, -0.141993229970276], [-78.13460670509963, -0.141985124216464], [-78.13459269942793, -0.141980749983259], [-78.13458114140381, -0.141976062509185], [-78.13456359187788, -0.141967176196301], [-78.13455046622505, -0.141952081851919], [-78.13454515511769, -0.141932867198037], [-78.13454625522994, -0.14190598455502], [-78.13454640917155, -0.141902239183336], [-78.13455756159865, -0.141877005043702], [-78.13457828431861, -0.14184645355194], [-78.13461775371736, -0.141789740874824], [-78.13464064365445, -0.141754786443398], [-78.13468299923034, -0.14169345314697], [-78.13473338932768, -0.141620053366873], [-78.1347493071399, -0.141599554639154], [-78.1347509635216, -0.141596229624444], [-78.13474584017949, -0.141582815153501], [-78.13474048341791, -0.141569866907423], [-78.1347321070144, -0.141559325456353], [-78.1347194418842, -0.141550818362181], [-78.13469411960165, -0.141541929280141], [-78.13467818597132, -0.141530462513814], [-78.13466775999626, -0.141516466374011], [-78.13466434288385, -0.141495786328711], [-78.13466547039549, -0.141472278604165], [-78.13466769994152, -0.141450009842124], [-78.13467080556633, -0.141434452171144], [-78.13467105793188, -0.141433188980094], [-78.13467662657037, -0.141416436162349], [-78.13468225778323, -0.141401750772104], [-78.13469130478647, -0.141389274186769], [-78.134719050872, -0.141358102787388], [-78.13474361801711, -0.141340188502738], [-78.1347645051381, -0.141330277783813], [-78.13479948664678, -0.141303971319453], [-78.13482488799674, -0.141282929801543], [-78.13484924379163, -0.141268505162396], [-78.13486822647697, -0.141257314717212], [-78.13488177984465, -0.141253927927961], [-78.13490300826466, -0.141249466816568], [-78.13492365169057, -0.141250649472923], [-78.13493490788548, -0.141257455828503], [-78.13495412177038, -0.141263920711058], [-78.1349664782923, -0.141263937607106], [-78.13498553334875, -0.141255456140929], [-78.13500272141985, -0.141240373696745], [-78.13502240142562, -0.141215148731533], [-78.13504212721332, -0.141189864133966], [-78.13506730312282, -0.14114813662826], [-78.13508150171354, -0.141116368063414], [-78.13508809778945, -0.141094330250405], [-78.13509462509037, -0.141076876355574], [-78.1350957038557, -0.141062910557017], [-78.13509571254927, -0.141050545792398], [-78.13509090420507, -0.141044735997084], [-78.13508260805064, -0.141038466744046], [-78.13506964262521, -0.141034103493095], [-78.13506348669799, -0.141031280809007], [-78.13505745193262, -0.141028515066331], [-78.13503954504871, -0.141020611829453], [-78.13502885374679, -0.141011038744294], [-78.13502421945073, -0.140991176294631], [-78.1350264967506, -0.140967330760913], [-78.13503322095107, -0.140947103764158], [-78.13503995627343, -0.140931341420993], [-78.13505432318529, -0.140910278643728], [-78.13506510972155, -0.140889720530807], [-78.13506941302599, -0.140863880113835], [-78.13506618850151, -0.140838894466872], [-78.13505964156683, -0.140811387384464], [-78.13505201590861, -0.140782831097471], [-78.1350421662317, -0.140760784922365], [-78.13503670026071, -0.140745364433202], [-78.13502685197423, -0.140726628119595], [-78.13501802435025, -0.140706644974432], [-78.13500814631655, -0.140688955018322], [-78.13500246141876, -0.140672917348941], [-78.13500247113124, -0.140659524296778], [-78.13501613643496, -0.140643531489641], [-78.13503134815525, -0.140620642652465], [-78.1350400166193, -0.140598909604586], [-78.13504660258005, -0.140571414087066], [-78.1350543754073, -0.14054137239111], [-78.13507099090852, -0.140503597935555], [-78.13508423488994, -0.140475924327756], [-78.1350985434868, -0.140447219851229], [-78.13511283183702, -0.14041525249736], [-78.13512488501549, -0.140385581800049], [-78.1351291835391, -0.14036942608854], [-78.13512919656274, -0.140350924120703], [-78.13512920723002, -0.140337029573061], [-78.13512522860587, -0.14032801212798], [-78.1351200906552, -0.140323871231081], [-78.13510324114466, -0.14030803097499], [-78.13509311571094, -0.140287632922503], [-78.1350885738611, -0.140275050734296], [-78.1350874402834, -0.140260105167466], [-78.13508969311226, -0.140245461818314], [-78.13509299041486, -0.140225663600226], [-78.13509409473886, -0.140208099696971], [-78.13509521475277, -0.140186984675395], [-78.13509852835624, -0.140165985584025], [-78.13509962613793, -0.140143166383306], [-78.1350952640435, -0.14012116426142], [-78.13509416775067, -0.14010220855381], [-78.13509308578882, -0.140083495010899], [-78.13508983779913, -0.140059431931126], [-78.13508556627977, -0.140045439268586], [-78.13507808692826, -0.140031448921966], [-78.13506751717601, -0.140018673527469], [-78.13505367702206, -0.140011161159234], [-78.13503403528388, -0.140002356842706], [-78.13501878573749, -0.139996858409876], [-78.13500302985955, -0.139992310494544], [-78.13497586734611, -0.139970647126817], [-78.13497004832274, -0.139957751237258], [-78.13495570941602, -0.13988876738924], [-78.13495462104555, -0.13987106406479], [-78.13495137212078, -0.139854675202218], [-78.13494700948705, -0.139837079002783], [-78.13494039098401, -0.139814842577039], [-78.13493705317879, -0.13979124032252], [-78.13493818361505, -0.139765532342479], [-78.13494153269072, -0.139733204914086], [-78.13494823213418, -0.139709705095318], [-78.13495378431655, -0.139695229316854], [-78.13496021090761, -0.139679115431864], [-78.13495916002665, -0.139663097312764], [-78.13495697946375, -0.139644361047758], [-78.1349547871117, -0.139626621444267], [-78.13495369564353, -0.139612228883792], [-78.13495267984247, -0.139602989522502], [-78.13494212534299, -0.139590232207067], [-78.13493006764612, -0.13957588076967], [-78.13491809237897, -0.13956272298876], [-78.134901527217, -0.139548260760471], [-78.1348901454392, -0.139533359118944], [-78.1348866141332, -0.139521489994647], [-78.13488993910492, -0.139480616383616], [-78.13488348720838, -0.139461113349591], [-78.13487579831587, -0.139435651873434], [-78.13486918864334, -0.139414554882937], [-78.13486363939965, -0.139389928589381], [-78.13486254673565, -0.139363135123259], [-78.13486256637344, -0.139334336721161], [-78.13486258145844, -0.139313496259856], [-78.13485931345778, -0.139291500604857], [-78.13485713750713, -0.139271686356612], [-78.1348483864732, -0.139234181668253], [-78.13484289311239, -0.13920757922556], [-78.13483850615404, -0.139183226864438], [-78.13483551833836, -0.139167398264937], [-78.13483412264833, -0.139160009416398], [-78.1348286385246, -0.139131226606286], [-78.13482423748208, -0.139104570082597], [-78.13482312064045, -0.139092131992222], [-78.13482427669025, -0.13907717405976], [-78.13484000142962, -0.139042249413149], [-78.13486352668203, -0.139015280949687], [-78.13489222184896, -0.138995363851371], [-78.13492466566427, -0.138963906522936], [-78.13492884024924, -0.138948218854861], [-78.13492884361214, -0.138942659048748], [-78.13492885452865, -0.138926557026358], [-78.13492344885792, -0.138887232910997], [-78.13491591501717, -0.138870971838574], [-78.13490606504061, -0.138851126834562], [-78.13489074454927, -0.13882357261308], [-78.13487645827581, -0.138801438267955], [-78.13486649047941, -0.138783590190811], [-78.13485984948363, -0.138769095752639], [-78.13485316106537, -0.138753375133511], [-78.1348498097314, -0.138737597091756], [-78.13484861701006, -0.138729161908032], [-78.13485446981086, -0.13871507380402], [-78.13486982306281, -0.138694171962099], [-78.13488074323728, -0.138659143713337], [-78.13488730937038, -0.138639392879639], [-78.13489388582346, -0.13860099731368], [-78.13489499758032, -0.138581126540461], [-78.13489721638692, -0.138565599472585], [-78.13489837471518, -0.1385540300118], [-78.13490754481099, -0.138540230556498], [-78.13491966983149, -0.138524751681934], [-78.13492956610722, -0.138510411062485], [-78.13494258621392, -0.138492996800504], [-78.1349490670465, -0.138473504381911], [-78.13495459922827, -0.138453544690123], [-78.13495647207444, -0.13844884804263], [-78.13496135350476, -0.138436609472083], [-78.13496917337811, -0.138425404065719], [-78.13497782831861, -0.138411292806268], [-78.13498207332358, -0.138399591795609], [-78.13498419446766, -0.138382628905261], [-78.13497762617882, -0.138360563272397], [-78.13497881382527, -0.138344005981649], [-78.13498584723104, -0.138334600435758], [-78.13499562833695, -0.13832260914122], [-78.13500204644212, -0.138309733723619], [-78.1350087042856, -0.138288598592652], [-78.1350177702448, -0.138274955442734], [-78.13503196781198, -0.138258523525252], [-78.13503833936069, -0.138244676738853], [-78.13504160646627, -0.138229408223333], [-78.13504712364437, -0.138207292554228], [-78.13505151771474, -0.138187483621112], [-78.1350536868509, -0.138174461303786], [-78.13505369880563, -0.13815709515328], [-78.13505370097863, -0.138153942517897], [-78.1350503752473, -0.138141646925299], [-78.13505267718766, -0.138121403109582], [-78.13505948761438, -0.138107728961709], [-78.13507370355299, -0.138080278631708], [-78.13508245244128, -0.138038622252994], [-78.13508349880355, -0.138017615651666], [-78.13508351078157, -0.138000035349174], [-78.13508243813794, -0.137978174595399], [-78.13507913509945, -0.137963739297721], [-78.13507913836088, -0.137958987302935], [-78.13507915358171, -0.137936802291369], [-78.13508142654854, -0.137918634927734], [-78.13509703723642, -0.1378839641528], [-78.13513890573836, -0.137811017650728], [-78.13515304112994, -0.137781572171995], [-78.1351562597327, -0.137759039663703], [-78.13515305076322, -0.137738519581997], [-78.13514430759366, -0.13770987914378], [-78.13513551906361, -0.137677764385529], [-78.1351288631037, -0.137653163261385], [-78.13512564172099, -0.13753360035473], [-78.13511579546633, -0.137467299838356], [-78.13511252878057, -0.137426448006285], [-78.13510378180058, -0.13738453469428], [-78.13509939108228, -0.137361275681637], [-78.13509496999993, -0.137336732659938], [-78.13509498640818, -0.137312013973596], [-78.13509839413656, -0.137291557944536], [-78.1351130049295, -0.137264499810362], [-78.13513199250288, -0.137242092093038], [-78.13516195565568, -0.137216494208814], [-78.13521369162231, -0.137182284093747], [-78.13524100042177, -0.137159279197933], [-78.13525605766138, -0.137142862682144], [-78.13517321289743, -0.137033640873812], [-78.1324602762018, -0.139184049779723], [-78.13182443352635, -0.140476142199838], [-78.13112449692076, -0.142052747502308], [-78.13110119881956, -0.142543710082183], [-78.13124579920452, -0.143577850695307], [-78.13192522084402, -0.14509119751132], [-78.13269085165345, -0.145744428947879], [-78.13318335336199, -0.14609298924807], [-78.13406543674401, -0.146145122419563], [-78.1346743759564, -0.146648284906958], [-78.1350117105473, -0.147170122563589], [-78.13510291050258, -0.14714164137314]]]}}]}