{
"type": "FeatureCollection",
"name": "sectores_huella",
"features": [
{"type":"Feature","properties":{"sector":"Sector 1","predios":3326,"area_riego_ha":3019.37,"area_ha":2692.74},"geometry":{"type":"MultiPolygon","coordinates":[[[[-78.1871109,-0.1131783],[-78.1862001,-0.1089271],[-78.184482,-0.1085892],[-78.1852729,-0.1121643],[-78.186335,-0.1123563],[-78.1864867,-0.1130584],[-78.1871109,-0.1131783]]],[[[-78.2007285,-0.1116549],[-78.200163,-0.1110357],[-78.1981311,-0.1116432],[-78.1986748,-0.1122939],[-78.2007285,-0.1116549]]],[[[-78.1717779,-0.1060961],[-78.171739,-0.1062061],[-78.171718,-0.1067093],[-78.1721174,-0.1067532],[-78.1722131,-0.1059444],[-78.1719799,-0.1059436],[-78.1718668,-0.1060006],[-78.1717779,-0.1060961]]],[[[-78.1719501,-0.1058845],[-78.1721997,-0.1058855],[-78.1723668,-0.1048595],[-78.1721026,-0.1048065],[-78.1719053,-0.1050717],[-78.1718522,-0.1051948],[-78.1717496,-0.1060461],[-78.1719501,-0.1058845]]],[[[-78.1628775,-0.1046178],[-78.1636013,-0.1019733],[-78.1628987,-0.1016734],[-78.1626149,-0.1025476],[-78.1629225,-0.1026512],[-78.1627405,-0.1032679],[-78.1623336,-0.1031922],[-78.1621735,-0.1037648],[-78.1625983,-0.1038654],[-78.1624427,-0.1046751],[-78.1628775,-0.1046178]]],[[[-78.1621709,-0.1009239],[-78.1619806,-0.1015927],[-78.1619472,-0.1016445],[-78.1618258,-0.1016775],[-78.1617213,-0.102531],[-78.1612013,-0.1026283],[-78.1613807,-0.1033501],[-78.1615843,-0.1033495],[-78.1619426,-0.1041371],[-78.1620044,-0.1041459],[-78.1624367,-0.1026778],[-78.1624742,-0.1025674],[-78.1625996,-0.1025043],[-78.1629676,-0.1012593],[-78.1621709,-0.1009239]]],[[[-78.1684662,-0.1017435],[-78.1691728,-0.1023051],[-78.16996,-0.1008899],[-78.1697357,-0.1008429],[-78.1691238,-0.1005655],[-78.1684662,-0.1017435]]],[[[-78.1626965,-0.0997662],[-78.1620925,-0.0994975],[-78.1623016,-0.0987678],[-78.1620235,-0.0986318],[-78.1614631,-0.1002972],[-78.1621846,-0.1008997],[-78.1629767,-0.1012329],[-78.1632016,-0.1004107],[-78.1631792,-0.1003665],[-78.1626152,-0.1001139],[-78.1626965,-0.0997662]]],[[[-78.1897919,-0.0997165],[-78.1886508,-0.1008231],[-78.1890602,-0.100992],[-78.1901248,-0.0998384],[-78.1897919,-0.0997165]]],[[[-78.1680176,-0.0998398],[-78.1677873,-0.1002105],[-78.168512,-0.1007292],[-78.1687096,-0.1003372],[-78.1680176,-0.0998398]]],[[[-78.1698892,-0.0987406],[-78.1695891,-0.0987167],[-78.1694639,-0.0986222],[-78.1694116,-0.0989655],[-78.1694339,-0.0998705],[-78.169797,-0.1000073],[-78.169775,-0.0996887],[-78.1698273,-0.0989714],[-78.1698892,-0.0987406]]],[[[-78.1793221,-0.0992481],[-78.1795517,-0.0996377],[-78.1795202,-0.0994833],[-78.1794086,-0.0992418],[-78.1793721,-0.0990732],[-78.1793776,-0.0988583],[-78.1794745,-0.0986288],[-78.1795031,-0.0981602],[-78.1796684,-0.0977471],[-78.1796722,-0.0975883],[-78.1795639,-0.0973282],[-78.1795378,-0.0971138],[-78.1791206,-0.0964025],[-78.1784699,-0.0965898],[-78.178768,-0.0972749],[-78.1789899,-0.0979549],[-78.1791969,-0.098379],[-78.1791565,-0.0987145],[-78.17918,-0.0988305],[-78.1793221,-0.0992481]]],[[[-78.1630003,-0.0982484],[-78.1630416,-0.0973128],[-78.1631675,-0.0971941],[-78.1630756,-0.0971903],[-78.1628804,-0.0970896],[-78.162655,-0.0970425],[-78.1622538,-0.0967607],[-78.1619473,-0.0966403],[-78.1618781,-0.0970207],[-78.1622412,-0.0970906],[-78.162102,-0.0985902],[-78.1628759,-0.0989487],[-78.1630003,-0.0982484]]],[[[-78.1643969,-0.0975345],[-78.1647758,-0.0979929],[-78.1649262,-0.0980864],[-78.1655642,-0.0980761],[-78.1658279,-0.0981405],[-78.1658814,-0.0981863],[-78.1660368,-0.0976026],[-78.166472,-0.0965965],[-78.1665202,-0.0963359],[-78.1666727,-0.0959276],[-78.1666825,-0.0956499],[-78.1667513,-0.0953933],[-78.1674159,-0.0942688],[-78.1674812,-0.0934564],[-78.1674305,-0.0933368],[-78.1668198,-0.0929643],[-78.1658984,-0.0922828],[-78.164514,-0.0909893],[-78.1634778,-0.0903063],[-78.1633771,-0.0905173],[-78.1621023,-0.0901139],[-78.1617567,-0.0912678],[-78.16167,-0.0922436],[-78.1629329,-0.092639],[-78.163214,-0.0927009],[-78.1631861,-0.0934414],[-78.1616436,-0.0931271],[-78.1615671,-0.0942858],[-78.1627076,-0.0943217],[-78.1627045,-0.0943579],[-78.1615427,-0.0943398],[-78.1626807,-0.0962522],[-78.1627148,-0.0964065],[-78.1626129,-0.0968576],[-78.1630722,-0.0970604],[-78.16329,-0.0969606],[-78.1634858,-0.0969182],[-78.1635682,-0.0969133],[-78.1638519,-0.0969871],[-78.1643343,-0.0973104],[-78.1644421,-0.0974607],[-78.1643969,-0.0975345]]],[[[-78.1699065,-0.0986776],[-78.1701131,-0.0985866],[-78.1703141,-0.0984231],[-78.1705859,-0.0983343],[-78.1712176,-0.0978217],[-78.1715163,-0.097639],[-78.1716547,-0.097624],[-78.1716682,-0.0975975],[-78.1714389,-0.096091],[-78.170925,-0.094484],[-78.1707232,-0.0938933],[-78.1696855,-0.0937419],[-78.1693734,-0.0937706],[-78.169134,-0.0937347],[-78.1678632,-0.0917521],[-78.1674336,-0.0911779],[-78.1674051,-0.0912661],[-78.16741,-0.0915903],[-78.1672938,-0.0923479],[-78.1674154,-0.0931975],[-78.1675225,-0.0935176],[-78.1674632,-0.0943442],[-78.1671497,-0.0948018],[-78.166772,-0.0954401],[-78.1667207,-0.095651],[-78.166715,-0.0959594],[-78.1665254,-0.0966293],[-78.1661164,-0.0975172],[-78.1659159,-0.0982133],[-78.1660325,-0.0981509],[-78.1661755,-0.0981339],[-78.1666367,-0.0981708],[-78.1668228,-0.0982655],[-78.1670574,-0.0983224],[-78.1673334,-0.0983274],[-78.1676424,-0.0982905],[-78.1679616,-0.0983311],[-78.1682474,-0.0982937],[-78.1687588,-0.0984189],[-78.1688808,-0.0984763],[-78.1693345,-0.098531],[-78.1696233,-0.0986733],[-78.1699065,-0.0986776]]],[[[-78.1792924,-0.0963037],[-78.1802623,-0.0958251],[-78.1806078,-0.0957581],[-78.180819,-0.095797],[-78.1812191,-0.0956152],[-78.1812324,-0.0954943],[-78.1811227,-0.0951225],[-78.181147,-0.0951037],[-78.1811365,-0.0947939],[-78.181094,-0.0946025],[-78.1808586,-0.0946827],[-78.1807015,-0.0947825],[-78.1784183,-0.0964326],[-78.1784552,-0.0965501],[-78.1792924,-0.0963037]]],[[[-78.1716052,-0.0964478],[-78.172166,-0.096581],[-78.1724023,-0.0957163],[-78.1730086,-0.0959346],[-78.1728457,-0.0953652],[-78.172662,-0.0950524],[-78.1723989,-0.0947628],[-78.1721979,-0.0946003],[-78.1720504,-0.0944986],[-78.171747,-0.0944108],[-78.1718112,-0.0949881],[-78.1711858,-0.0950497],[-78.1715056,-0.0959744],[-78.1716052,-0.0964478]]],[[[-78.1618481,-0.0962802],[-78.1621491,-0.0954953],[-78.1618701,-0.0950684],[-78.1616992,-0.0956274],[-78.1613859,-0.0956245],[-78.1605712,-0.0957043],[-78.1605653,-0.0965072],[-78.1610843,-0.0965163],[-78.1613935,-0.0964777],[-78.1613925,-0.0962732],[-78.1618481,-0.0962802]]],[[[-78.173092,-0.0958437],[-78.1731703,-0.0955319],[-78.1731291,-0.0946929],[-78.1732223,-0.0942665],[-78.173074,-0.0940511],[-78.1729568,-0.0938005],[-78.1722332,-0.0945271],[-78.172633,-0.0949095],[-78.1727926,-0.095116],[-78.1729165,-0.0953527],[-78.1730522,-0.0958388],[-78.1731099,-0.0959204],[-78.173092,-0.0958437]]],[[[-78.1725313,-0.0932842],[-78.1729451,-0.0937441],[-78.1728665,-0.0934486],[-78.173394,-0.0927068],[-78.1733972,-0.0925312],[-78.1733152,-0.0919895],[-78.1733283,-0.0919282],[-78.1734282,-0.0918627],[-78.1734514,-0.0918042],[-78.1734597,-0.0915894],[-78.1733892,-0.0914301],[-78.1734396,-0.091211],[-78.1734444,-0.0909486],[-78.1734663,-0.090897],[-78.1735974,-0.0907918],[-78.1736757,-0.0906224],[-78.173595,-0.0904569],[-78.1736041,-0.090223],[-78.17351,-0.0900038],[-78.1728606,-0.0903823],[-78.1728589,-0.0904283],[-78.1725799,-0.0906387],[-78.1728408,-0.0910893],[-78.1710993,-0.0926765],[-78.1711396,-0.0932322],[-78.170813,-0.0936291],[-78.1707797,-0.0937391],[-78.1708308,-0.093849],[-78.1710101,-0.0940623],[-78.1714632,-0.0942928],[-78.1725313,-0.0932842]]],[[[-78.1678919,-0.0917194],[-78.1691539,-0.0936722],[-78.1692062,-0.0936981],[-78.169309,-0.0937189],[-78.1697138,-0.0936749],[-78.170729,-0.0938285],[-78.1707282,-0.0936975],[-78.1710696,-0.0932538],[-78.1710945,-0.0930957],[-78.1709349,-0.0918783],[-78.1703257,-0.0904675],[-78.1697105,-0.0906508],[-78.1692612,-0.0896702],[-78.1699003,-0.0895134],[-78.1681354,-0.0860649],[-78.1680825,-0.0859979],[-78.1678661,-0.0859203],[-78.1678185,-0.0859699],[-78.1678985,-0.0861109],[-78.1679751,-0.0863626],[-78.1679869,-0.0865225],[-78.1679366,-0.0868549],[-78.1679588,-0.0874172],[-78.1680666,-0.0878983],[-78.168329,-0.0877839],[-78.1687865,-0.0887389],[-78.167918,-0.088991],[-78.1678672,-0.0895228],[-78.1676358,-0.0899877],[-78.1676854,-0.0905034],[-78.1675958,-0.0908319],[-78.1689566,-0.0904919],[-78.1691243,-0.0909149],[-78.1675931,-0.0913123],[-78.1678919,-0.0917194]]],[[[-78.1725908,-0.0907713],[-78.1718316,-0.091415],[-78.172077,-0.091734],[-78.1727727,-0.0910835],[-78.1725908,-0.0907713]]],[[[-78.17245,-0.0904088],[-78.1722523,-0.0901047],[-78.1714317,-0.0907438],[-78.1715841,-0.091076],[-78.17245,-0.0904088]]],[[[-78.1716733,-0.0891596],[-78.1709269,-0.0880432],[-78.171439,-0.0876753],[-78.1709665,-0.0871238],[-78.1706888,-0.0866847],[-78.1703661,-0.0863425],[-78.1698953,-0.0859925],[-78.1693701,-0.0856704],[-78.1691185,-0.0856048],[-78.1683674,-0.0852985],[-78.1681096,-0.085223],[-78.1679621,-0.0852167],[-78.1678671,-0.0852552],[-78.1677335,-0.0853788],[-78.1676939,-0.0854976],[-78.1676994,-0.085726],[-78.1677693,-0.0858308],[-78.1680508,-0.0859113],[-78.1681328,-0.0859838],[-78.1682604,-0.0861765],[-78.1685416,-0.0867467],[-78.1694793,-0.0858348],[-78.1698199,-0.0862263],[-78.1700563,-0.0867036],[-78.1690324,-0.0876742],[-78.1692709,-0.0881327],[-78.170277,-0.0871494],[-78.1706295,-0.0876282],[-78.1695313,-0.088663],[-78.1699207,-0.0894135],[-78.1706219,-0.0889341],[-78.1708983,-0.0894831],[-78.1709356,-0.0895727],[-78.1702717,-0.090173],[-78.1706026,-0.0909343],[-78.1712557,-0.0903398],[-78.1709958,-0.0897172],[-78.1716733,-0.0891596]]],[[[-78.1647506,-0.0890204],[-78.1668457,-0.0909225],[-78.1673647,-0.0913936],[-78.1673809,-0.0911454],[-78.1674357,-0.0909343],[-78.1675189,-0.0907896],[-78.1676091,-0.0904884],[-78.1675916,-0.0899565],[-78.1677873,-0.0895958],[-78.1678669,-0.0893466],[-78.1678462,-0.0885124],[-78.1677743,-0.0883597],[-78.1672688,-0.0884503],[-78.1658292,-0.088584],[-78.1653732,-0.0885481],[-78.1651723,-0.0886528],[-78.1649346,-0.0888891],[-78.1647506,-0.0890204]]],[[[-78.1726264,-0.0898654],[-78.172272,-0.0888934],[-78.171724,-0.0892383],[-78.1722895,-0.090063],[-78.1726264,-0.0898654]]],[[[-78.1639845,-0.0894035],[-78.1642906,-0.0889785],[-78.1634695,-0.0887598],[-78.1632264,-0.0886431],[-78.1629623,-0.0884614],[-78.1627147,-0.0882112],[-78.1625792,-0.08854],[-78.1622972,-0.0895109],[-78.1636716,-0.0899228],[-78.1639845,-0.0894035]]],[[[-78.1724039,-0.0890672],[-78.1726497,-0.0898509],[-78.1733815,-0.0893964],[-78.1733495,-0.0892557],[-78.173163,-0.0889252],[-78.172804,-0.0885645],[-78.1723059,-0.0888724],[-78.1724039,-0.0890672]]],[[[-78.1617782,-0.0879197],[-78.1613378,-0.0877903],[-78.1611265,-0.0884722],[-78.1615695,-0.0886112],[-78.1615532,-0.0886657],[-78.1598012,-0.0881293],[-78.1597557,-0.0884037],[-78.1597544,-0.0886419],[-78.1608641,-0.0889819],[-78.1607774,-0.0895504],[-78.1598163,-0.0892516],[-78.1599122,-0.089968],[-78.1610669,-0.0903115],[-78.1610511,-0.0903661],[-78.1619012,-0.0906208],[-78.1626604,-0.0881547],[-78.1624247,-0.0879201],[-78.1618978,-0.0875107],[-78.1617782,-0.0879197]]],[[[-78.1652049,-0.0885268],[-78.1653437,-0.0884775],[-78.1658966,-0.0884974],[-78.166748,-0.0884185],[-78.1653399,-0.086769],[-78.1643669,-0.0852679],[-78.163902,-0.0844346],[-78.1625687,-0.0858634],[-78.1614999,-0.0871537],[-78.1622176,-0.087656],[-78.1630043,-0.0884091],[-78.1632324,-0.0885673],[-78.1635033,-0.0886953],[-78.164533,-0.0889675],[-78.1646375,-0.0889472],[-78.1652049,-0.0885268]]],[[[-78.1678856,-0.0875581],[-78.1678465,-0.0868481],[-78.1678968,-0.0865203],[-78.1678219,-0.0861597],[-78.1677556,-0.0862771],[-78.1676624,-0.0863301],[-78.1675149,-0.0863192],[-78.167394,-0.0862378],[-78.1668215,-0.0848552],[-78.1668016,-0.0847351],[-78.1668332,-0.0844979],[-78.1668032,-0.0843109],[-78.1666194,-0.0840855],[-78.1664902,-0.0837919],[-78.1663752,-0.0836499],[-78.1661124,-0.0834924],[-78.1653237,-0.0843299],[-78.1644098,-0.0852343],[-78.1653774,-0.0867301],[-78.1668131,-0.0884116],[-78.1675441,-0.0883452],[-78.1677398,-0.0882997],[-78.1678027,-0.0882333],[-78.1678904,-0.0881019],[-78.1678709,-0.087988],[-78.1679777,-0.0879373],[-78.1679702,-0.0878071],[-78.1678856,-0.0875581]]],[[[-78.1710795,-0.0872007],[-78.1714867,-0.0876616],[-78.1721637,-0.0872071],[-78.1719816,-0.0869924],[-78.1719048,-0.0867855],[-78.1719263,-0.086729],[-78.1720155,-0.0866613],[-78.1720471,-0.0865378],[-78.1719997,-0.0865041],[-78.1710312,-0.087104],[-78.1710795,-0.0872007]]],[[[-78.1610918,-0.086965],[-78.1614519,-0.0871336],[-78.1622229,-0.0861962],[-78.1618319,-0.0859572],[-78.1610918,-0.086965]]],[[[-78.1674081,-0.0859414],[-78.167477,-0.0861596],[-78.1675266,-0.0861988],[-78.1676964,-0.0862352],[-78.1677774,-0.0860807],[-78.167719,-0.0859231],[-78.1674081,-0.0859414]]],[[[-78.1709855,-0.0857527],[-78.1709739,-0.0854678],[-78.1708284,-0.0851737],[-78.1708334,-0.0849293],[-78.1707596,-0.0847594],[-78.1707886,-0.0845002],[-78.1707568,-0.084453],[-78.1705097,-0.0843237],[-78.1705084,-0.0841817],[-78.1703343,-0.0839745],[-78.1702685,-0.0836446],[-78.1698403,-0.0833648],[-78.1695874,-0.083129],[-78.1695282,-0.0829835],[-78.1694245,-0.0828682],[-78.1690594,-0.0826275],[-78.1689758,-0.0827454],[-78.1688511,-0.0830634],[-78.1686969,-0.0832173],[-78.1685454,-0.0834704],[-78.1685308,-0.0835548],[-78.1685779,-0.0837274],[-78.1686574,-0.0838442],[-78.1689444,-0.0840776],[-78.1691799,-0.0844922],[-78.1694639,-0.0847297],[-78.169878,-0.0852916],[-78.1701899,-0.0857568],[-78.1703705,-0.0862342],[-78.1705676,-0.0864914],[-78.1713253,-0.0860322],[-78.1710638,-0.0858995],[-78.1709855,-0.0857527]]],[[[-78.1702857,-0.0862233],[-78.1703023,-0.0861664],[-78.1701909,-0.0858815],[-78.1697964,-0.0852999],[-78.1695347,-0.0857075],[-78.1700797,-0.0860551],[-78.1702857,-0.0862233]]],[[[-78.1630321,-0.0852697],[-78.1638611,-0.084399],[-78.1637047,-0.0842692],[-78.1627502,-0.0837216],[-78.1623507,-0.0834295],[-78.1620473,-0.0830865],[-78.1612323,-0.0820468],[-78.1609129,-0.0823662],[-78.1602589,-0.0831361],[-78.160147,-0.0831803],[-78.1599903,-0.083148],[-78.1599862,-0.0837077],[-78.1601165,-0.0838129],[-78.1610961,-0.082796],[-78.1614303,-0.0830934],[-78.1604554,-0.0841195],[-78.1601508,-0.0838534],[-78.1601196,-0.083868],[-78.1599815,-0.0837558],[-78.1599431,-0.0840537],[-78.1598584,-0.0862718],[-78.1598937,-0.0863015],[-78.1600658,-0.0862062],[-78.1609281,-0.0850097],[-78.1615077,-0.0856479],[-78.1609198,-0.0864337],[-78.1607362,-0.0867335],[-78.1609037,-0.0868553],[-78.1616437,-0.0858417],[-78.1618319,-0.0859572],[-78.1626716,-0.0850326],[-78.1630321,-0.0852697]]],[[[-78.1682908,-0.085206],[-78.168762,-0.0853795],[-78.1691648,-0.0845518],[-78.1690791,-0.084464],[-78.1689122,-0.0841269],[-78.1685496,-0.0838355],[-78.168469,-0.0835269],[-78.1679725,-0.0840684],[-78.1679575,-0.0842886],[-78.1680624,-0.0844056],[-78.1678004,-0.0851857],[-78.1679542,-0.0851486],[-78.1682908,-0.085206]]],[[[-78.1676237,-0.084914],[-78.167806,-0.0849725],[-78.1678613,-0.0848003],[-78.1676724,-0.0847398],[-78.1676237,-0.084914]]],[[[-78.1668642,-0.0847324],[-78.1670174,-0.0852124],[-78.1671676,-0.0851191],[-78.1672219,-0.0850265],[-78.1672207,-0.0849722],[-78.1671362,-0.0848684],[-78.1670667,-0.0846956],[-78.1672381,-0.084418],[-78.1673867,-0.0842445],[-78.1675234,-0.0839034],[-78.1675841,-0.0835673],[-78.1674796,-0.0833888],[-78.1678573,-0.0835547],[-78.1681285,-0.0823857],[-78.168037,-0.0823367],[-78.1679686,-0.0821744],[-78.1677686,-0.0820797],[-78.1674933,-0.0821579],[-78.1673848,-0.082086],[-78.1662815,-0.083309],[-78.1663789,-0.083454],[-78.1664242,-0.0836189],[-78.1665932,-0.0838698],[-78.1666569,-0.0840458],[-78.1668392,-0.0842699],[-78.1668842,-0.0844909],[-78.1668642,-0.0847324]]],[[[-78.163647,-0.084174],[-78.1639023,-0.0843617],[-78.1646076,-0.083705],[-78.1652649,-0.0830082],[-78.1652163,-0.082832],[-78.1649791,-0.0826943],[-78.164817,-0.0825593],[-78.1645698,-0.0822297],[-78.1643622,-0.0820919],[-78.1642826,-0.0821745],[-78.1642834,-0.0822474],[-78.163646,-0.0828008],[-78.1630164,-0.0834942],[-78.1627249,-0.0835374],[-78.1625059,-0.0834763],[-78.1627788,-0.0836755],[-78.163647,-0.084174]]],[[[-78.1662583,-0.0833435],[-78.1661555,-0.0834448],[-78.1663764,-0.0835828],[-78.1663568,-0.0834838],[-78.1662583,-0.0833435]]],[[[-78.1655904,-0.0814614],[-78.165536,-0.0808313],[-78.1652959,-0.0804111],[-78.1651961,-0.0801546],[-78.1649047,-0.0798502],[-78.1648555,-0.0793402],[-78.1649129,-0.0790625],[-78.1648921,-0.0789487],[-78.1647839,-0.0787731],[-78.1646893,-0.0787004],[-78.1645698,-0.078678],[-78.1643715,-0.0787899],[-78.1641374,-0.0788371],[-78.1639152,-0.0788024],[-78.163894,-0.078654],[-78.1639945,-0.0782011],[-78.1639471,-0.0781048],[-78.1637979,-0.0779491],[-78.1632616,-0.0786173],[-78.1632347,-0.0785947],[-78.1637711,-0.0779281],[-78.163383,-0.0776703],[-78.1633036,-0.0776689],[-78.1632389,-0.0777178],[-78.1630462,-0.0780478],[-78.1628388,-0.0781366],[-78.1626827,-0.0781214],[-78.1626129,-0.077952],[-78.1617,-0.0791553],[-78.1621384,-0.0799563],[-78.162326,-0.080155],[-78.162815,-0.080436],[-78.1640723,-0.0789444],[-78.1643808,-0.0792591],[-78.16331,-0.0805756],[-78.1634253,-0.0806355],[-78.163686,-0.0808615],[-78.1638049,-0.0810125],[-78.1640121,-0.0815712],[-78.164253,-0.0819769],[-78.1644687,-0.0820803],[-78.1646133,-0.0821895],[-78.1647759,-0.0824236],[-78.1650252,-0.0826479],[-78.1654365,-0.0828602],[-78.1656325,-0.0826508],[-78.1652672,-0.0824095],[-78.1649202,-0.0821164],[-78.1655904,-0.0814614]]],[[[-78.1639459,-0.0816003],[-78.1637431,-0.0810504],[-78.1636293,-0.0809061],[-78.1633856,-0.0806808],[-78.1632657,-0.0806199],[-78.1623681,-0.0815576],[-78.1620657,-0.081277],[-78.1614438,-0.0818275],[-78.1612743,-0.0820128],[-78.1620888,-0.0830519],[-78.1623897,-0.0833915],[-78.1631301,-0.082665],[-78.1634684,-0.0829173],[-78.1636039,-0.0827596],[-78.1642225,-0.0822257],[-78.1640584,-0.0818026],[-78.1639459,-0.0816003]]],[[[-78.1656406,-0.0814125],[-78.166292,-0.0805758],[-78.1657264,-0.0799377],[-78.1656797,-0.0798096],[-78.1655302,-0.0796598],[-78.1651918,-0.0800086],[-78.1653446,-0.0803874],[-78.1655949,-0.0808365],[-78.1656406,-0.0814125]]],[[[-78.1626898,-0.0804679],[-78.1622922,-0.0801978],[-78.1621002,-0.0799956],[-78.1618484,-0.0802126],[-78.1611492,-0.0809538],[-78.160593,-0.0814648],[-78.1612375,-0.0819464],[-78.1613945,-0.0817747],[-78.1617859,-0.0814545],[-78.1626691,-0.0805333],[-78.1626898,-0.0804679]]],[[[-78.1661548,-0.0792694],[-78.1660778,-0.0790955],[-78.1656404,-0.0795462],[-78.1657114,-0.0796436],[-78.1657651,-0.0798561],[-78.1658332,-0.0799785],[-78.1663286,-0.0805283],[-78.1665703,-0.0802157],[-78.1662216,-0.0800807],[-78.166134,-0.0799129],[-78.1660336,-0.0798302],[-78.1660077,-0.0795882],[-78.1660458,-0.0794521],[-78.1661548,-0.0792694]]],[[[-78.1650202,-0.0780214],[-78.164904,-0.0776264],[-78.1645748,-0.0773133],[-78.1645112,-0.0772739],[-78.1643104,-0.0774544],[-78.1635416,-0.0768786],[-78.1629788,-0.0772916],[-78.16268,-0.077894],[-78.1627326,-0.0780803],[-78.1628283,-0.0780821],[-78.1630095,-0.0780046],[-78.1631969,-0.0776817],[-78.1632861,-0.0776144],[-78.1633974,-0.0776163],[-78.1634999,-0.0776734],[-78.1638902,-0.0779516],[-78.1640505,-0.0781927],[-78.1639476,-0.0786606],[-78.1639519,-0.0787565],[-78.1641342,-0.0787825],[-78.1643526,-0.0787384],[-78.1645597,-0.0786215],[-78.1647177,-0.078654],[-78.1648369,-0.0787523],[-78.1649487,-0.0789461],[-78.1649652,-0.0790849],[-78.16491,-0.0793192],[-78.1656011,-0.0784776],[-78.1650202,-0.0780214]]],[[[-78.165437,-0.0779849],[-78.165246,-0.0778439],[-78.1652347,-0.0777793],[-78.1652404,-0.0776725],[-78.1652922,-0.0775534],[-78.1652821,-0.0774831],[-78.1651383,-0.0773057],[-78.1651661,-0.0772262],[-78.1653277,-0.0770728],[-78.1653192,-0.0770213],[-78.1652387,-0.0769832],[-78.1651326,-0.0770505],[-78.1650356,-0.0770668],[-78.1648101,-0.0770051],[-78.1645534,-0.077236],[-78.1649623,-0.0775785],[-78.1650626,-0.0779626],[-78.1651295,-0.0780398],[-78.1656421,-0.0784276],[-78.1659478,-0.0780048],[-78.165907,-0.0779104],[-78.1658687,-0.0778981],[-78.1657384,-0.077983],[-78.1656205,-0.0780116],[-78.165437,-0.0779849]]],[[[-78.1618799,-0.077461],[-78.1619648,-0.0771458],[-78.1619802,-0.0769546],[-78.1620815,-0.0765453],[-78.1620383,-0.0762373],[-78.1620494,-0.0761158],[-78.1618077,-0.0764099],[-78.1611474,-0.0773757],[-78.1610318,-0.0777087],[-78.1609993,-0.0779925],[-78.1609969,-0.0781939],[-78.161051,-0.0785318],[-78.1619131,-0.0775227],[-78.1618799,-0.077461]]],[[[-78.1621199,-0.0766335],[-78.1620335,-0.0769641],[-78.1620174,-0.0771581],[-78.1619421,-0.0773818],[-78.1619489,-0.0774684],[-78.1625772,-0.0763107],[-78.1621392,-0.0760209],[-78.1620904,-0.0761968],[-78.1621347,-0.0764386],[-78.1621199,-0.0766335]]],[[[-78.1626093,-0.0735397],[-78.1627374,-0.0736911],[-78.1628315,-0.0736043],[-78.1624858,-0.0733133],[-78.1623901,-0.0734007],[-78.1626093,-0.0735397]]],[[[-78.1630951,-0.0731453],[-78.162922,-0.0729152],[-78.1625864,-0.0732215],[-78.1629317,-0.0735118],[-78.1631517,-0.0733088],[-78.1630951,-0.0731453]]],[[[-78.1855436,-0.0634907],[-78.1853529,-0.0637681],[-78.1856517,-0.0639427],[-78.185848,-0.0636823],[-78.1855436,-0.0634907]]],[[[-78.1621516,-0.0494694],[-78.1625822,-0.0492408],[-78.1622677,-0.0486718],[-78.1622373,-0.0486911],[-78.1620953,-0.0484653],[-78.1615969,-0.0487273],[-78.161914,-0.0491094],[-78.1621516,-0.0494694]]],[[[-78.1684993,-0.0486518],[-78.1685507,-0.0482621],[-78.1681465,-0.0482389],[-78.1681115,-0.048624],[-78.1684993,-0.0486518]]],[[[-78.1646844,-0.0486],[-78.1644373,-0.0481682],[-78.1643351,-0.0482495],[-78.1645789,-0.048654],[-78.1646844,-0.0486]]],[[[-78.1650101,-0.048099],[-78.1649745,-0.0477353],[-78.1646433,-0.0480054],[-78.1648423,-0.0484472],[-78.1650101,-0.048099]]],[[[-78.1615264,-0.0468034],[-78.1614257,-0.0468679],[-78.1609743,-0.0461892],[-78.1608919,-0.0462716],[-78.1613228,-0.0469338],[-78.1612481,-0.0469817],[-78.1608176,-0.0463458],[-78.1605681,-0.0465861],[-78.160963,-0.0471643],[-78.1606121,-0.0473891],[-78.1602502,-0.0468759],[-78.1591162,-0.0474828],[-78.1595698,-0.0481572],[-78.1600339,-0.0487642],[-78.1602766,-0.0486295],[-78.1609983,-0.0480432],[-78.1613237,-0.0479511],[-78.1619823,-0.0475445],[-78.1615264,-0.0468034]]],[[[-78.164597,-0.0462256],[-78.1642721,-0.0457177],[-78.1642047,-0.0457072],[-78.1640603,-0.0458009],[-78.1632925,-0.046532],[-78.1637872,-0.0473465],[-78.1647079,-0.046617],[-78.164597,-0.0462256]]],[[[-78.1629039,-0.045751],[-78.1622041,-0.0462167],[-78.1617032,-0.0454815],[-78.1615129,-0.0456494],[-78.1619986,-0.0463563],[-78.1621881,-0.0462282],[-78.1626924,-0.0469942],[-78.1633825,-0.0463977],[-78.1629039,-0.045751]]],[[[-78.1640966,-0.0456992],[-78.1641809,-0.0456586],[-78.1641928,-0.0456036],[-78.1639729,-0.0453733],[-78.1638081,-0.0455083],[-78.1635747,-0.0453048],[-78.1631737,-0.0455693],[-78.1636686,-0.046137],[-78.1640966,-0.0456992]]],[[[-78.1620951,-0.044744],[-78.1616529,-0.045],[-78.161862,-0.045313],[-78.1620055,-0.0452033],[-78.1621154,-0.0450215],[-78.1621765,-0.0448331],[-78.1620951,-0.044744]]],[[[-78.162884,-0.0394937],[-78.1630646,-0.0385129],[-78.162232,-0.0388264],[-78.1606936,-0.0394935],[-78.16107,-0.0403118],[-78.160934,-0.0404287],[-78.1602172,-0.0407554],[-78.1599589,-0.0410411],[-78.1598342,-0.041122],[-78.1595755,-0.0412018],[-78.159192,-0.0412638],[-78.1588545,-0.0413699],[-78.1578716,-0.0417711],[-78.1577265,-0.0417679],[-78.1573675,-0.0415915],[-78.1580765,-0.0427163],[-78.158047,-0.0427109],[-78.1580819,-0.0427704],[-78.1585912,-0.0427615],[-78.1586416,-0.0428056],[-78.1587945,-0.0427694],[-78.1590805,-0.042761],[-78.1592053,-0.0428301],[-78.1593653,-0.0428599],[-78.1595258,-0.0429514],[-78.1595536,-0.0428317],[-78.1601215,-0.0429542],[-78.1599282,-0.0425511],[-78.1604509,-0.042506],[-78.1610362,-0.0420999],[-78.161234,-0.0418734],[-78.1618765,-0.0409737],[-78.162884,-0.0394937]]],[[[-78.1631384,-0.0384356],[-78.1631153,-0.0362619],[-78.1614494,-0.0369118],[-78.1621101,-0.0383869],[-78.1613411,-0.038756],[-78.1614823,-0.0390652],[-78.1622603,-0.0387321],[-78.1631384,-0.0384356]]],[[[-78.1640105,-0.0330097],[-78.1628566,-0.0336857],[-78.161946,-0.0342636],[-78.1613634,-0.0345791],[-78.1604767,-0.0349862],[-78.160596,-0.0350161],[-78.161135,-0.034907],[-78.1612755,-0.0349317],[-78.16148,-0.034874],[-78.1616171,-0.0348878],[-78.1618599,-0.0346351],[-78.1620345,-0.0346489],[-78.1622391,-0.0345994],[-78.1623537,-0.0345198],[-78.1626319,-0.0345088],[-78.1644405,-0.0341546],[-78.1651225,-0.0341299],[-78.1650788,-0.0339239],[-78.1652073,-0.0337253],[-78.165125,-0.0336776],[-78.1649286,-0.0337105],[-78.1648933,-0.0336116],[-78.1649563,-0.0335001],[-78.1659533,-0.0335686],[-78.1662378,-0.0336345],[-78.1662119,-0.0335494],[-78.1664011,-0.0332454],[-78.1663651,-0.0331184],[-78.1664327,-0.0329778],[-78.16664,-0.0329868],[-78.1668518,-0.0331728],[-78.1671401,-0.0337853],[-78.1672213,-0.0337808],[-78.167762,-0.0335403],[-78.1680729,-0.0335676],[-78.1682269,-0.0336117],[-78.1684082,-0.033523],[-78.1685684,-0.0333072],[-78.1662333,-0.0325754],[-78.1656472,-0.0326202],[-78.1648899,-0.0326],[-78.1644139,-0.0326749],[-78.1643487,-0.0327753],[-78.1640105,-0.0330097]]],[[[-78.1626875,-0.0326641],[-78.1625481,-0.032543],[-78.1622138,-0.0327607],[-78.1623032,-0.0328429],[-78.1626875,-0.0326641]]],[[[-78.168967,-0.0286746],[-78.1690673,-0.0283889],[-78.1690257,-0.0282653],[-78.1689274,-0.0281622],[-78.1683822,-0.0280736],[-78.1680233,-0.0280646],[-78.1606163,-0.0318715],[-78.1605848,-0.031978],[-78.1606145,-0.0320699],[-78.1607348,-0.0321987],[-78.1612931,-0.0319316],[-78.16171,-0.0317873],[-78.1628417,-0.0310616],[-78.1687782,-0.0289747],[-78.168967,-0.0286746]]],[[[-78.1600805,-0.1094485],[-78.1600049,-0.1092892],[-78.1600343,-0.1091702],[-78.1599877,-0.1091255],[-78.1576033,-0.1094187],[-78.1576624,-0.1097138],[-78.1592382,-0.1095652],[-78.1600805,-0.1094485]]],[[[-78.1587037,-0.1034557],[-78.1590416,-0.1034068],[-78.1585447,-0.1027152],[-78.1582069,-0.10277],[-78.1587037,-0.1034557]]],[[[-78.1603297,-0.1017037],[-78.16007,-0.1008909],[-78.1597596,-0.1008723],[-78.1600295,-0.1016788],[-78.1603297,-0.1017037]]],[[[-78.158843,-0.1008637],[-78.1591107,-0.1016905],[-78.1595963,-0.1016742],[-78.1593242,-0.1008584],[-78.158843,-0.1008637]]],[[[-78.1576395,-0.100165],[-78.1579391,-0.1010033],[-78.158843,-0.1008637],[-78.1585253,-0.1000127],[-78.1576395,-0.100165]]],[[[-78.1602405,-0.0973992],[-78.1613858,-0.0972923],[-78.1614169,-0.0965985],[-78.160937,-0.0966353],[-78.1606299,-0.0965769],[-78.16041,-0.0966594],[-78.1604123,-0.0966878],[-78.1602013,-0.0968145],[-78.1596569,-0.0967177],[-78.1594893,-0.0967168],[-78.1594781,-0.0973544],[-78.1591781,-0.0973385],[-78.1592332,-0.0981528],[-78.1597334,-0.0981924],[-78.1596741,-0.0973617],[-78.1602405,-0.0973992]]],[[[-78.1590109,-0.0973241],[-78.1590112,-0.0966647],[-78.158022,-0.0964725],[-78.1577727,-0.0963136],[-78.157834,-0.0973398],[-78.1568573,-0.0976423],[-78.1566207,-0.0984926],[-78.1576526,-0.0982659],[-78.1585948,-0.0981295],[-78.1585314,-0.0973294],[-78.1590109,-0.0973241]]],[[[-78.1595687,-0.0956821],[-78.1595618,-0.0951301],[-78.1583733,-0.0948761],[-78.1583843,-0.0948231],[-78.1586386,-0.0948654],[-78.1595947,-0.0950819],[-78.1596475,-0.094942],[-78.159656,-0.09463],[-78.158432,-0.0943542],[-78.1581468,-0.0943076],[-78.1581387,-0.0947786],[-78.1576714,-0.0947976],[-78.1576361,-0.0943246],[-78.1570148,-0.0943541],[-78.156193,-0.0945162],[-78.1563127,-0.0949563],[-78.1562421,-0.0949767],[-78.1564255,-0.0956303],[-78.1565798,-0.0960368],[-78.1567867,-0.0964041],[-78.1572161,-0.0962958],[-78.1574926,-0.0960504],[-78.1575887,-0.0960153],[-78.1577497,-0.0960698],[-78.1579275,-0.0962223],[-78.158101,-0.096314],[-78.1587154,-0.096459],[-78.1596428,-0.0965927],[-78.1596957,-0.0959021],[-78.1596757,-0.0958203],[-78.1595687,-0.0956821]]],[[[-78.1597189,-0.0946378],[-78.1596783,-0.0950478],[-78.1603244,-0.0950512],[-78.1618214,-0.0949866],[-78.1616354,-0.0946332],[-78.1597189,-0.0946378]]],[[[-78.1616088,-0.0945887],[-78.1601611,-0.0922241],[-78.159949,-0.0910348],[-78.1599022,-0.090618],[-78.1588245,-0.0908186],[-78.1579063,-0.0910758],[-78.1581408,-0.0919182],[-78.1582388,-0.0921065],[-78.1588683,-0.0919487],[-78.159476,-0.0918576],[-78.1596871,-0.0929473],[-78.158721,-0.0928585],[-78.1588274,-0.093022],[-78.158853,-0.0931664],[-78.158873,-0.0944001],[-78.1596746,-0.094578],[-78.1599524,-0.0945996],[-78.1616088,-0.0945887]]],[[[-78.1588127,-0.0934623],[-78.1566882,-0.0935034],[-78.1566905,-0.0935431],[-78.1558951,-0.0936008],[-78.1560211,-0.0942648],[-78.1561061,-0.0944822],[-78.1572655,-0.0942965],[-78.158176,-0.0942708],[-78.1588023,-0.0943919],[-78.1588127,-0.0934623]]],[[[-78.1606416,-0.0917402],[-78.1608619,-0.0910157],[-78.1599969,-0.0907725],[-78.160222,-0.0921535],[-78.1615004,-0.0942694],[-78.1616477,-0.0920311],[-78.1606416,-0.0917402]]],[[[-78.1588025,-0.089914],[-78.1578834,-0.0900753],[-78.1574749,-0.090107],[-78.1576343,-0.0909872],[-78.1579012,-0.091015],[-78.1588936,-0.0907519],[-78.1588025,-0.089914]]],[[[-78.1594045,-0.0906707],[-78.1598859,-0.0905769],[-78.1598014,-0.089743],[-78.1593119,-0.0898136],[-78.1594045,-0.0906707]]],[[[-78.1598749,-0.087332],[-78.1598037,-0.0866686],[-78.1578043,-0.0871094],[-78.1581636,-0.0891894],[-78.1597145,-0.088953],[-78.1596825,-0.0885692],[-78.1597003,-0.0882788],[-78.1598393,-0.0876584],[-78.1598749,-0.087332]]],[[[-78.1614977,-0.0872437],[-78.1598514,-0.0863488],[-78.1598134,-0.0863834],[-78.1599313,-0.08717],[-78.1599178,-0.0875867],[-78.1598098,-0.0880889],[-78.1606802,-0.0883358],[-78.1608904,-0.0876572],[-78.1612673,-0.0877693],[-78.1614977,-0.0872437]]],[[[-78.1582671,-0.0852997],[-78.1574406,-0.0849494],[-78.1575044,-0.0851117],[-78.1566661,-0.085465],[-78.1568917,-0.0860542],[-78.1577482,-0.0856994],[-78.1578689,-0.0859996],[-78.1570116,-0.0863547],[-78.1573303,-0.0871537],[-78.1597847,-0.0866303],[-78.1597563,-0.0862968],[-78.1589904,-0.0858233],[-78.1586948,-0.0855364],[-78.1582671,-0.0852997]]],[[[-78.1583585,-0.0852397],[-78.1587195,-0.0854641],[-78.1589747,-0.0857103],[-78.1597522,-0.08622],[-78.1598243,-0.0849718],[-78.1596447,-0.0852753],[-78.1580897,-0.084431],[-78.1578089,-0.0850138],[-78.1583585,-0.0852397]]],[[[-78.1597757,-0.0830603],[-78.1593392,-0.0828373],[-78.1588004,-0.0834101],[-78.1584634,-0.0838584],[-78.1598366,-0.0846844],[-78.1599132,-0.0832826],[-78.1599043,-0.0831738],[-78.1597757,-0.0830603]]],[[[-78.1574344,-0.0836512],[-78.1578139,-0.0838958],[-78.1583875,-0.0831563],[-78.1587548,-0.083381],[-78.1592949,-0.0828056],[-78.1585322,-0.082354],[-78.1579723,-0.0829505],[-78.1574344,-0.0836512]]],[[[-78.1596554,-0.0824302],[-78.1593546,-0.0827605],[-78.1598656,-0.0830447],[-78.1596554,-0.0824302]]],[[[-78.1608604,-0.0823169],[-78.1611874,-0.0819898],[-78.1605399,-0.0814941],[-78.159725,-0.0823605],[-78.159969,-0.0830702],[-78.1601504,-0.0831072],[-78.1602067,-0.0830858],[-78.1608604,-0.0823169]]],[[[-78.1589889,-0.0811561],[-78.158555,-0.0805153],[-78.1576444,-0.0815269],[-78.1578776,-0.081751],[-78.1585762,-0.082292],[-78.1589594,-0.0825258],[-78.159469,-0.0819783],[-78.1589889,-0.0811561]]],[[[-78.1588154,-0.0807495],[-78.1590651,-0.081108],[-78.1595323,-0.0819077],[-78.160162,-0.0812618],[-78.1597803,-0.0810309],[-78.1592212,-0.0805906],[-78.1590533,-0.0805035],[-78.1588154,-0.0807495]]],[[[-78.1590202,-0.080473],[-78.158807,-0.080288],[-78.1586306,-0.0804668],[-78.1587849,-0.0807156],[-78.1590202,-0.080473]]],[[[-78.161044,-0.079786],[-78.1608113,-0.0796218],[-78.1607872,-0.0796385],[-78.1603965,-0.0801293],[-78.1603631,-0.0800976],[-78.1601635,-0.0801877],[-78.1597451,-0.0798388],[-78.1591073,-0.0804532],[-78.1598174,-0.0809901],[-78.1604313,-0.080451],[-78.161044,-0.079786]]],[[[-78.1585787,-0.0800986],[-78.1583392,-0.0799079],[-78.1582176,-0.0798176],[-78.1584702,-0.0802081],[-78.1585787,-0.0800986]]],[[[-78.1619965,-0.0797693],[-78.1615658,-0.0790453],[-78.1614563,-0.0789973],[-78.1611911,-0.0789591],[-78.1611455,-0.0789182],[-78.1609721,-0.0784756],[-78.160943,-0.0781971],[-78.1609789,-0.0776969],[-78.1610912,-0.0773382],[-78.1614867,-0.0767744],[-78.1610863,-0.0765391],[-78.1607933,-0.076279],[-78.1606719,-0.0762468],[-78.1596375,-0.0774288],[-78.1603168,-0.0780023],[-78.1602895,-0.078028],[-78.1599346,-0.0777571],[-78.1596148,-0.0774556],[-78.1589841,-0.0781059],[-78.1604066,-0.0791919],[-78.1614911,-0.0800747],[-78.161689,-0.0801801],[-78.1618324,-0.08016],[-78.1620716,-0.079948],[-78.1619965,-0.0797693]]],[[[-78.1585947,-0.0785352],[-78.158151,-0.0789711],[-78.1578121,-0.0792437],[-78.1581196,-0.0796776],[-78.1587578,-0.0801497],[-78.1599699,-0.0789502],[-78.1589559,-0.0781512],[-78.158928,-0.078151],[-78.1585947,-0.0785352]]],[[[-78.1595624,-0.0774363],[-78.1601206,-0.076798],[-78.1595154,-0.0761852],[-78.159008,-0.0768536],[-78.1584214,-0.0774408],[-78.1589675,-0.0780521],[-78.1595624,-0.0774363]]],[[[-78.1620896,-0.0759697],[-78.1622135,-0.0757013],[-78.1621864,-0.0755354],[-78.1620767,-0.0754025],[-78.1618017,-0.0752941],[-78.1615841,-0.0751052],[-78.1615227,-0.0749308],[-78.1615144,-0.0746232],[-78.1612976,-0.0741324],[-78.1610601,-0.0737221],[-78.1609715,-0.0736241],[-78.1608324,-0.0735606],[-78.1606383,-0.0733572],[-78.1605418,-0.0733133],[-78.1602761,-0.0732826],[-78.1601383,-0.0731307],[-78.1600979,-0.0728413],[-78.1600127,-0.0726551],[-78.1599817,-0.0724987],[-78.1599561,-0.0719887],[-78.1598735,-0.0717863],[-78.1592534,-0.0711385],[-78.1589515,-0.0708981],[-78.158928,-0.0710368],[-78.1588605,-0.0711029],[-78.1585469,-0.0711982],[-78.158378,-0.0712963],[-78.1582322,-0.0714136],[-78.1580394,-0.0717037],[-78.1571985,-0.072255],[-78.1569121,-0.072632],[-78.1567707,-0.0734127],[-78.1567344,-0.074447],[-78.1566864,-0.0748187],[-78.1558479,-0.0770161],[-78.1566843,-0.0773622],[-78.1565293,-0.0778319],[-78.1566228,-0.0778393],[-78.1567533,-0.0779296],[-78.1572131,-0.0785055],[-78.1576626,-0.0781247],[-78.1589582,-0.0768189],[-78.158821,-0.0766865],[-78.1595396,-0.0758467],[-78.159011,-0.0753694],[-78.1598541,-0.074452],[-78.1603113,-0.0748017],[-78.1604061,-0.0749196],[-78.1606297,-0.074709],[-78.1614032,-0.0755188],[-78.1617512,-0.0757395],[-78.161119,-0.0764956],[-78.1615169,-0.0767293],[-78.1620896,-0.0759697]]],[[[-78.1552652,-0.056687],[-78.1553658,-0.056853],[-78.155345,-0.0568881],[-78.1556886,-0.0574975],[-78.1557238,-0.0574827],[-78.1558998,-0.0577076],[-78.1559997,-0.0579222],[-78.1560381,-0.0581446],[-78.1560754,-0.0591373],[-78.1561214,-0.0594186],[-78.1561787,-0.0594628],[-78.1573596,-0.0591754],[-78.1579444,-0.0591583],[-78.1582385,-0.0591174],[-78.1590379,-0.0591375],[-78.1594883,-0.0581981],[-78.159832,-0.0577159],[-78.1600911,-0.0574634],[-78.1604201,-0.0572614],[-78.1606694,-0.0571611],[-78.1614439,-0.0569484],[-78.1614606,-0.0568196],[-78.1616591,-0.0564922],[-78.1616862,-0.0563504],[-78.1616278,-0.0562021],[-78.1615435,-0.056128],[-78.1614212,-0.0560671],[-78.1610977,-0.0560021],[-78.1608912,-0.0558389],[-78.160719,-0.0556404],[-78.1605207,-0.0552662],[-78.1603747,-0.0551515],[-78.1592834,-0.0552088],[-78.1586185,-0.0553319],[-78.158495,-0.0552685],[-78.158387,-0.0550677],[-78.1582338,-0.0549398],[-78.1577078,-0.0548621],[-78.1572293,-0.0544795],[-78.1570167,-0.0543934],[-78.156841,-0.0543827],[-78.1566273,-0.0544209],[-78.1557878,-0.0547101],[-78.1555503,-0.0548751],[-78.1554588,-0.0551465],[-78.1553805,-0.0552624],[-78.1552095,-0.0553987],[-78.1551846,-0.0554995],[-78.1551637,-0.0559832],[-78.1552652,-0.056687]]],[[[-78.1641468,-0.0560721],[-78.1645723,-0.055879],[-78.1646737,-0.0557246],[-78.1651551,-0.0556483],[-78.1651985,-0.0556017],[-78.1653988,-0.0555152],[-78.165456,-0.055364],[-78.1654096,-0.055184],[-78.1654811,-0.0549824],[-78.1654453,-0.0548888],[-78.1651878,-0.0548168],[-78.1650055,-0.0547051],[-78.1646693,-0.0547843],[-78.1645477,-0.0542911],[-78.1642294,-0.0543486],[-78.1641865,-0.054219],[-78.1641543,-0.053913],[-78.1645722,-0.0537666],[-78.1647897,-0.0536466],[-78.1648434,-0.0533766],[-78.1648017,-0.0532085],[-78.1647391,-0.0531035],[-78.1648539,-0.052775],[-78.1650684,-0.0524449],[-78.1650685,-0.0522079],[-78.1655021,-0.0519754],[-78.1657495,-0.0516514],[-78.1657972,-0.0514113],[-78.1655379,-0.0514503],[-78.1654351,-0.0513018],[-78.1653785,-0.0510258],[-78.1652801,-0.0509568],[-78.1651579,-0.0509568],[-78.1652846,-0.0507782],[-78.1651684,-0.0506312],[-78.1647109,-0.0505157],[-78.164848,-0.0501076],[-78.1650149,-0.0499486],[-78.1655663,-0.0497386],[-78.1655186,-0.0496576],[-78.1651028,-0.0495781],[-78.1648853,-0.0494851],[-78.1646081,-0.049296],[-78.1642743,-0.049224],[-78.1637736,-0.049404],[-78.1635114,-0.049584],[-78.1632282,-0.049713],[-78.1628587,-0.049809],[-78.1622864,-0.050148],[-78.1621687,-0.0501795],[-78.161975,-0.0503145],[-78.1614028,-0.0504915],[-78.1608186,-0.0505035],[-78.1607501,-0.0504585],[-78.1602658,-0.050364],[-78.1598426,-0.050358],[-78.1596608,-0.0503849],[-78.159479,-0.05055],[-78.159181,-0.050979],[-78.1588337,-0.0512655],[-78.1587831,-0.0513525],[-78.1575388,-0.0522181],[-78.1567952,-0.0531106],[-78.1565899,-0.0532948],[-78.1561755,-0.0539992],[-78.1560886,-0.0540824],[-78.1557851,-0.05419],[-78.1552599,-0.054598],[-78.1551601,-0.0549585],[-78.1551509,-0.055335],[-78.1553671,-0.0551514],[-78.1555072,-0.0548487],[-78.1556782,-0.0546938],[-78.1565797,-0.0543744],[-78.1569245,-0.0543285],[-78.157058,-0.0543486],[-78.157266,-0.0544447],[-78.1576925,-0.0548067],[-78.1581759,-0.0548697],[-78.1583051,-0.0549127],[-78.1583896,-0.0549768],[-78.1585359,-0.0552293],[-78.158596,-0.0552688],[-78.1591791,-0.0551653],[-78.1603817,-0.0550972],[-78.1605434,-0.0552142],[-78.1607607,-0.0556029],[-78.1610364,-0.0558927],[-78.1611456,-0.0559525],[-78.1615201,-0.0560406],[-78.1616311,-0.056116],[-78.1617258,-0.0562369],[-78.1617421,-0.0563141],[-78.1617067,-0.0565212],[-78.161512,-0.0568348],[-78.1615124,-0.0569141],[-78.1615825,-0.0569702],[-78.1620737,-0.0569213],[-78.163334,-0.0565809],[-78.1638949,-0.056272],[-78.1641468,-0.0560721]]],[[[-78.1581205,-0.0509845],[-78.1583067,-0.0510328],[-78.1584378,-0.0509821],[-78.158605,-0.050874],[-78.1587348,-0.0506427],[-78.1588206,-0.0506839],[-78.1586583,-0.0503879],[-78.1587129,-0.0503349],[-78.1582708,-0.0498109],[-78.1579531,-0.0499304],[-78.1582046,-0.0503195],[-78.1580532,-0.0505573],[-78.15772,-0.0500404],[-78.1573802,-0.0502175],[-78.1576636,-0.0506983],[-78.1578128,-0.0508839],[-78.1579392,-0.0510005],[-78.1581205,-0.0509845]]],[[[-78.1589651,-0.0495167],[-78.1594356,-0.0501379],[-78.1596131,-0.0499461],[-78.1599659,-0.0500122],[-78.1600837,-0.0499861],[-78.1595905,-0.0491299],[-78.15916,-0.049367],[-78.1589651,-0.0495167]]],[[[-78.1613328,-0.0495505],[-78.1614101,-0.0493122],[-78.1611631,-0.0489245],[-78.1610699,-0.0488699],[-78.1610361,-0.0489151],[-78.160348,-0.048647],[-78.1602101,-0.0487374],[-78.1606902,-0.0496195],[-78.1608305,-0.0494868],[-78.1610329,-0.0494561],[-78.1613328,-0.0495505]]],[[[-78.1591953,-0.0483932],[-78.1590975,-0.0484557],[-78.1586067,-0.0477438],[-78.1583461,-0.0478899],[-78.1586762,-0.04835],[-78.1584515,-0.0485014],[-78.1581319,-0.0480262],[-78.1577813,-0.0483291],[-78.1582251,-0.0490065],[-78.1586699,-0.0487248],[-78.1591027,-0.0493423],[-78.159651,-0.0490192],[-78.1591953,-0.0483932]]],[[[-78.1585066,-0.0472598],[-78.1588457,-0.0470807],[-78.1590553,-0.0474492],[-78.1593426,-0.04729],[-78.158894,-0.0465481],[-78.158303,-0.0468793],[-78.1585066,-0.0472598]]],[[[-78.1594554,-0.0472245],[-78.1601845,-0.046832],[-78.1597768,-0.0460548],[-78.159023,-0.0464805],[-78.1594554,-0.0472245]]],[[[-78.1603344,-0.0467251],[-78.1607683,-0.0462678],[-78.1604002,-0.0457274],[-78.1598784,-0.0459942],[-78.1603344,-0.0467251]]],[[[-78.1587399,-0.0455915],[-78.1582535,-0.0460075],[-78.1578957,-0.0453707],[-78.1563953,-0.0459909],[-78.156721,-0.0467597],[-78.1564606,-0.0468626],[-78.1561664,-0.0460649],[-78.1552431,-0.0462815],[-78.1558151,-0.0474612],[-78.1565076,-0.0475409],[-78.1562406,-0.0469498],[-78.1563269,-0.0469155],[-78.1563287,-0.0470604],[-78.156555,-0.0475715],[-78.1566976,-0.0476448],[-78.1568033,-0.0476603],[-78.1585995,-0.0466562],[-78.158428,-0.0463365],[-78.1589519,-0.0459822],[-78.1587399,-0.0455915]]],[[[-78.1592191,-0.0463177],[-78.1620907,-0.0446978],[-78.1619013,-0.044328],[-78.1603385,-0.044386],[-78.1598281,-0.0446427],[-78.1592905,-0.044248],[-78.1591213,-0.044372],[-78.158737,-0.0445271],[-78.1583368,-0.0449363],[-78.1585312,-0.0452068],[-78.1585719,-0.0451687],[-78.1591846,-0.046303],[-78.1592191,-0.0463177]]],[[[-78.160532,-0.0456573],[-78.1607035,-0.0459164],[-78.1608693,-0.0461667],[-78.1609789,-0.0460571],[-78.1606641,-0.0455824],[-78.160532,-0.0456573]]],[[[-78.1598568,-0.0410404],[-78.1601903,-0.040706],[-78.1609858,-0.0403271],[-78.1606418,-0.0395327],[-78.1589962,-0.0402291],[-78.1593653,-0.041078],[-78.1588887,-0.0413128],[-78.1595601,-0.041145],[-78.1598568,-0.0410404]]],[[[-78.1590912,-0.0382146],[-78.1581807,-0.038677],[-78.1566713,-0.039345],[-78.1566428,-0.0394501],[-78.1571409,-0.040445],[-78.1567711,-0.0405017],[-78.1569507,-0.0406641],[-78.1570313,-0.0407133],[-78.1573222,-0.0407681],[-78.1579219,-0.0406326],[-78.1582639,-0.0405027],[-78.1589105,-0.0401839],[-78.1597984,-0.0398326],[-78.1590912,-0.0382146]]],[[[-78.1614576,-0.0390758],[-78.1607149,-0.0374815],[-78.159895,-0.0378393],[-78.1606208,-0.039466],[-78.1614576,-0.0390758]]],[[[-78.1587069,-0.0373686],[-78.1590624,-0.0381663],[-78.1598763,-0.0378135],[-78.1595138,-0.0369771],[-78.1587069,-0.0373686]]],[[[-78.1601021,-0.0360902],[-78.1593266,-0.0364551],[-78.159909,-0.0377986],[-78.1606952,-0.0374392],[-78.1601021,-0.0360902]]],[[[-78.1608912,-0.0355643],[-78.1600908,-0.0359756],[-78.1607253,-0.0374093],[-78.1614759,-0.037048],[-78.1613123,-0.036669],[-78.1613456,-0.0366544],[-78.1608912,-0.0355643]]],[[[-78.158595,-0.0363887],[-78.1593538,-0.0359706],[-78.1596077,-0.0356498],[-78.1598297,-0.0354291],[-78.1601114,-0.03526],[-78.1603717,-0.0349679],[-78.1607814,-0.0348013],[-78.1602276,-0.0341315],[-78.1596372,-0.0345673],[-78.159107,-0.03502],[-78.1579337,-0.0361094],[-78.1580432,-0.0364165],[-78.158149,-0.0365773],[-78.158595,-0.0363887]]],[[[-78.1576038,-0.0346513],[-78.1574426,-0.0347237],[-78.1571186,-0.0352271],[-78.1570109,-0.035344],[-78.1578028,-0.0359585],[-78.1579225,-0.0360915],[-78.1590625,-0.0349874],[-78.1595655,-0.0345729],[-78.1602286,-0.0340935],[-78.159174,-0.0331635],[-78.1590273,-0.0333056],[-78.1589658,-0.0334241],[-78.158702,-0.0335499],[-78.1585962,-0.03364],[-78.1583994,-0.0338975],[-78.1577578,-0.0344983],[-78.157725,-0.0345682],[-78.1576038,-0.0346513]]],[[[-78.1608127,-0.0337796],[-78.1613455,-0.0345377],[-78.1619198,-0.0342314],[-78.161333,-0.0334409],[-78.1608127,-0.0337796]]],[[[-78.1617436,-0.0331453],[-78.1609683,-0.0324802],[-78.1607815,-0.0322328],[-78.1601122,-0.0322948],[-78.1598338,-0.0325387],[-78.1596398,-0.0326605],[-78.1596167,-0.0326702],[-78.159504,-0.0325671],[-78.1594561,-0.0325886],[-78.1593896,-0.0327414],[-78.1598207,-0.0333303],[-78.1604867,-0.0339212],[-78.1617436,-0.0331453]]],[[[-78.1598505,-0.032261],[-78.1601409,-0.032086],[-78.1587758,-0.0306885],[-78.1584903,-0.0310362],[-78.1596601,-0.0324515],[-78.1597955,-0.0323469],[-78.1598505,-0.032261]]],[[[-78.1584646,-0.03032],[-78.1590064,-0.0308602],[-78.159433,-0.0229747],[-78.1589061,-0.0229727],[-78.158695,-0.0229138],[-78.1584646,-0.03032]]],[[[-78.1565095,-0.113341],[-78.1566655,-0.1140552],[-78.1572542,-0.1139078],[-78.1571197,-0.1132075],[-78.1565095,-0.113341]]],[[[-78.1565346,-0.1086732],[-78.1567834,-0.1100173],[-78.157151,-0.1098926],[-78.1568872,-0.1085628],[-78.1565346,-0.1086732]]],[[[-78.154998,-0.1025839],[-78.1557188,-0.1052036],[-78.1560598,-0.1049487],[-78.1556963,-0.103665],[-78.1560907,-0.1034009],[-78.1558897,-0.1025536],[-78.1557529,-0.1021324],[-78.1556051,-0.1021954],[-78.154998,-0.1025839]]],[[[-78.1557781,-0.102064],[-78.1559013,-0.1024854],[-78.1563015,-0.1023388],[-78.1561788,-0.1019074],[-78.1556277,-0.1007389],[-78.1568014,-0.1009445],[-78.1567826,-0.1008241],[-78.1567047,-0.1007414],[-78.1566922,-0.1006071],[-78.1566516,-0.1005481],[-78.1566608,-0.1003981],[-78.1564847,-0.0996929],[-78.1557471,-0.0990316],[-78.1556604,-0.0989771],[-78.1555275,-0.0989628],[-78.1554072,-0.0990082],[-78.1553287,-0.0990892],[-78.1551858,-0.0995024],[-78.1548516,-0.0999914],[-78.1548324,-0.1000757],[-78.1557781,-0.102064]]],[[[-78.156563,-0.0997224],[-78.1567045,-0.1003974],[-78.1568609,-0.1002935],[-78.1585058,-0.0999765],[-78.1583388,-0.0991012],[-78.1576283,-0.0992111],[-78.1576211,-0.0983458],[-78.1566447,-0.0985615],[-78.1566067,-0.0987921],[-78.1566081,-0.0992246],[-78.1565656,-0.0993181],[-78.1565826,-0.0994478],[-78.1565057,-0.0994787],[-78.1564914,-0.0995291],[-78.156563,-0.0997224]]],[[[-78.1564057,-0.0994125],[-78.1563963,-0.099004],[-78.1562225,-0.0987468],[-78.1561033,-0.0983505],[-78.1559263,-0.0982672],[-78.1553993,-0.0981844],[-78.1552988,-0.098193],[-78.1551218,-0.098276],[-78.1554241,-0.09889],[-78.1556244,-0.0988842],[-78.1558189,-0.0989772],[-78.1562237,-0.0993393],[-78.1563444,-0.0994875],[-78.1564057,-0.0994125]]],[[[-78.155924,-0.0976588],[-78.1559063,-0.0975189],[-78.1558776,-0.0974974],[-78.1551139,-0.0974144],[-78.1553179,-0.097778],[-78.1551507,-0.097778],[-78.1550539,-0.0978185],[-78.1549128,-0.0975047],[-78.1549706,-0.0973764],[-78.1545956,-0.0966366],[-78.1542045,-0.0971525],[-78.1543204,-0.0975717],[-78.154548,-0.0972885],[-78.1546523,-0.0975469],[-78.1546132,-0.09758],[-78.1547128,-0.0976901],[-78.1541656,-0.0983487],[-78.1536197,-0.0988097],[-78.1538771,-0.0995426],[-78.1544537,-0.0991371],[-78.1543093,-0.0987799],[-78.1547935,-0.0981155],[-78.1550185,-0.0978717],[-78.1551326,-0.0982052],[-78.1552707,-0.0981448],[-78.1554437,-0.098138],[-78.1553279,-0.0978066],[-78.1560423,-0.0978286],[-78.155924,-0.0976588]]],[[[-78.1560639,-0.0945367],[-78.1553942,-0.0947508],[-78.1549763,-0.0949217],[-78.154963,-0.0949569],[-78.155177,-0.0954234],[-78.1552209,-0.0960618],[-78.1553064,-0.0963334],[-78.1554165,-0.0965801],[-78.1559196,-0.0972554],[-78.1566521,-0.0970885],[-78.1566562,-0.0966963],[-78.1566989,-0.0965589],[-78.1563926,-0.0966435],[-78.1562835,-0.0962751],[-78.1565766,-0.0961487],[-78.1563744,-0.09567],[-78.1560639,-0.0945367]]],[[[-78.1558469,-0.0931469],[-78.1577163,-0.0930826],[-78.1587767,-0.093078],[-78.1584397,-0.092493],[-78.1567311,-0.0925887],[-78.1567325,-0.0926297],[-78.1556532,-0.0926804],[-78.1558469,-0.0931469]]],[[[-78.1580674,-0.091879],[-78.1578484,-0.0911876],[-78.1577741,-0.0911035],[-78.1576688,-0.0910618],[-78.1567457,-0.0910257],[-78.1559992,-0.0910407],[-78.1550853,-0.0911698],[-78.1550114,-0.0912036],[-78.1550909,-0.0915639],[-78.1553106,-0.0919211],[-78.1554651,-0.0922899],[-78.1567179,-0.0922135],[-78.1567057,-0.0918583],[-78.1580674,-0.091879]]],[[[-78.1557099,-0.0910018],[-78.1567055,-0.0909526],[-78.1575777,-0.0909914],[-78.1573377,-0.0897117],[-78.1570189,-0.0890379],[-78.157363,-0.0889731],[-78.1573734,-0.088925],[-78.1571579,-0.0877064],[-78.1570675,-0.087284],[-78.1570354,-0.0872517],[-78.154245,-0.0878522],[-78.1544081,-0.0884665],[-78.1550536,-0.0883687],[-78.155308,-0.0891215],[-78.1549768,-0.089145],[-78.1554129,-0.0897774],[-78.1562006,-0.0897145],[-78.1562136,-0.0897349],[-78.155049,-0.0898277],[-78.1543932,-0.0899159],[-78.1546596,-0.0903163],[-78.1549126,-0.0908019],[-78.1549929,-0.0911168],[-78.1557099,-0.0910018]]],[[[-78.1572663,-0.0871722],[-78.1559038,-0.0837376],[-78.155626,-0.0835439],[-78.1551736,-0.083135],[-78.1548517,-0.0829657],[-78.1545452,-0.0833886],[-78.1546999,-0.0837187],[-78.1536075,-0.0841432],[-78.1539126,-0.084871],[-78.1549979,-0.0844433],[-78.1553025,-0.0852211],[-78.1542212,-0.0856325],[-78.1542346,-0.0856659],[-78.15506,-0.0853516],[-78.155281,-0.0859868],[-78.1544911,-0.0863029],[-78.1550352,-0.0876316],[-78.1572663,-0.0871722]]],[[[-78.1566557,-0.0831895],[-78.155899,-0.0826477],[-78.1559311,-0.0826046],[-78.1551891,-0.0820528],[-78.1549661,-0.0818355],[-78.154413,-0.0824648],[-78.1548623,-0.0828875],[-78.1553917,-0.0832084],[-78.1554552,-0.0833202],[-78.1562172,-0.0838964],[-78.1566557,-0.0831895]]],[[[-78.1570825,-0.0811429],[-78.1571095,-0.0811068],[-78.1574145,-0.0813393],[-78.1583908,-0.0802507],[-78.1579772,-0.0795767],[-78.1567451,-0.0780293],[-78.1565841,-0.0779087],[-78.1565129,-0.078023],[-78.1563725,-0.0781166],[-78.1560757,-0.0784173],[-78.1560601,-0.0786492],[-78.1559825,-0.0787125],[-78.155628,-0.0787145],[-78.1553291,-0.0786662],[-78.1551531,-0.0786961],[-78.1541322,-0.0809594],[-78.1547836,-0.0815829],[-78.1552133,-0.080765],[-78.1554415,-0.0809795],[-78.1549795,-0.0817724],[-78.1552161,-0.0820055],[-78.1560067,-0.0825934],[-78.1559748,-0.0826362],[-78.1566814,-0.0831414],[-78.1572057,-0.0823818],[-78.1577981,-0.0817549],[-78.1570825,-0.0811429]]],[[[-78.1564816,-0.0779966],[-78.1565343,-0.0778955],[-78.1563561,-0.0778674],[-78.1561354,-0.0777401],[-78.1556768,-0.0774043],[-78.1553954,-0.0781627],[-78.1557497,-0.0783843],[-78.155641,-0.0786617],[-78.155972,-0.0786868],[-78.1560356,-0.0786307],[-78.1560268,-0.078447],[-78.1560527,-0.0783933],[-78.1563461,-0.078093],[-78.1564816,-0.0779966]]],[[[-78.1548424,-0.0721452],[-78.1568294,-0.0718011],[-78.1568409,-0.0715876],[-78.1547893,-0.0719347],[-78.1548424,-0.0721452]]],[[[-78.1568524,-0.0713748],[-78.1568977,-0.0707436],[-78.1545744,-0.0711035],[-78.1544587,-0.0706682],[-78.1532191,-0.0711456],[-78.1534218,-0.0719288],[-78.1546645,-0.0714468],[-78.1547393,-0.0717364],[-78.1568524,-0.0713748]]],[[[-78.156594,-0.0693514],[-78.1565707,-0.0694423],[-78.1565902,-0.0696707],[-78.1569289,-0.0702788],[-78.1569665,-0.0706604],[-78.1570601,-0.0706039],[-78.157294,-0.0703311],[-78.157712,-0.0701028],[-78.1577761,-0.0700072],[-78.1577794,-0.0698574],[-78.1576313,-0.069789],[-78.1575248,-0.0696582],[-78.1574888,-0.0695108],[-78.1574891,-0.0691284],[-78.1574091,-0.0690177],[-78.1573195,-0.0689658],[-78.1572167,-0.0689523],[-78.1569275,-0.069077],[-78.156747,-0.0691863],[-78.156594,-0.0693514]]],[[[-78.1576733,-0.0673542],[-78.1574517,-0.0679897],[-78.1572897,-0.0681681],[-78.1571919,-0.0683561],[-78.1570682,-0.0684084],[-78.1569099,-0.0685598],[-78.1567206,-0.0685369],[-78.1562625,-0.0686531],[-78.1564206,-0.068892],[-78.1566859,-0.0691494],[-78.1572527,-0.0688634],[-78.1576537,-0.0688178],[-78.1577629,-0.0685512],[-78.1577717,-0.0683975],[-78.1578395,-0.0682878],[-78.1579454,-0.067928],[-78.1580187,-0.0678984],[-78.1580886,-0.0679253],[-78.1581634,-0.0680677],[-78.1582325,-0.0680102],[-78.1582764,-0.06791],[-78.1582714,-0.0678213],[-78.158223,-0.0677186],[-78.1581203,-0.0676477],[-78.1578063,-0.0679628],[-78.1577394,-0.0679839],[-78.1576706,-0.067958],[-78.1575882,-0.0678509],[-78.1576695,-0.0675354],[-78.1576733,-0.0673542]]],[[[-78.1585673,-0.0663766],[-78.1582899,-0.0669949],[-78.158295,-0.0670758],[-78.1583351,-0.0671044],[-78.1584709,-0.067083],[-78.1585686,-0.0671063],[-78.1586227,-0.0671754],[-78.1585953,-0.0672497],[-78.1583343,-0.0673231],[-78.1577293,-0.06766],[-78.1576376,-0.0677931],[-78.1576785,-0.0678982],[-78.1577806,-0.0679084],[-78.157944,-0.0677701],[-78.1580553,-0.0676218],[-78.1581889,-0.0676113],[-78.1582766,-0.0676915],[-78.158326,-0.0678491],[-78.1582731,-0.0680731],[-78.1582023,-0.0681374],[-78.1581317,-0.0681415],[-78.158045,-0.0679843],[-78.1579702,-0.0679962],[-78.1578435,-0.0684149],[-78.1577992,-0.068723],[-78.1577175,-0.0689008],[-78.1572932,-0.0688942],[-78.1573968,-0.0689427],[-78.1575254,-0.0690684],[-78.1575502,-0.0691512],[-78.1575483,-0.0695296],[-78.1575788,-0.0696387],[-78.157687,-0.0697554],[-78.1577988,-0.0697986],[-78.1577798,-0.0695367],[-78.1579375,-0.0692964],[-78.1580754,-0.0692236],[-78.1581879,-0.069108],[-78.1583433,-0.0690678],[-78.1588212,-0.068309],[-78.1589154,-0.0678018],[-78.1588453,-0.0674771],[-78.1588803,-0.0669071],[-78.1590632,-0.0664173],[-78.1589237,-0.0663472],[-78.1588424,-0.0663759],[-78.1585673,-0.0663766]]],[[[-78.1557295,-0.0681733],[-78.155883,-0.0680771],[-78.1559212,-0.0681423],[-78.1563682,-0.0678768],[-78.1560002,-0.0672873],[-78.1554121,-0.0676653],[-78.1557295,-0.0681733]]],[[[-78.1562754,-0.0661379],[-78.1560371,-0.066187],[-78.1558715,-0.0662754],[-78.1557342,-0.0662641],[-78.1556803,-0.066158],[-78.1556678,-0.0659612],[-78.155634,-0.065934],[-78.1553621,-0.0661134],[-78.1558221,-0.0669367],[-78.156335,-0.0676998],[-78.1569682,-0.0672551],[-78.1562754,-0.0661379]]],[[[-78.1567241,-0.0626024],[-78.1564378,-0.0614216],[-78.1546681,-0.0620387],[-78.1547875,-0.0636434],[-78.1554798,-0.0634045],[-78.1554136,-0.0630439],[-78.1567241,-0.0626024]]],[[[-78.1557736,-0.0541],[-78.1558569,-0.0540688],[-78.1558295,-0.0539797],[-78.1556649,-0.0538359],[-78.1556881,-0.0537963],[-78.1558718,-0.0538786],[-78.1560352,-0.0538571],[-78.1560931,-0.0538139],[-78.1562182,-0.0534525],[-78.1564054,-0.0532113],[-78.1564407,-0.0530861],[-78.1565828,-0.052908],[-78.156644,-0.0530165],[-78.1568853,-0.052836],[-78.1568984,-0.0528742],[-78.1569393,-0.0528429],[-78.1575056,-0.0520786],[-78.156785,-0.0507138],[-78.1566832,-0.0508251],[-78.1567346,-0.051011],[-78.1565075,-0.0511206],[-78.1564724,-0.0510104],[-78.1562271,-0.0511802],[-78.1562451,-0.0512295],[-78.155722,-0.051513],[-78.1557194,-0.0520511],[-78.1556038,-0.0526144],[-78.1557408,-0.0527138],[-78.1558375,-0.0527187],[-78.1558593,-0.0527809],[-78.1551349,-0.0539853],[-78.1550403,-0.0539047],[-78.1548975,-0.0538727],[-78.1547063,-0.0542152],[-78.154552,-0.0547565],[-78.1546034,-0.0551883],[-78.1547591,-0.0550604],[-78.1549952,-0.0547265],[-78.1550318,-0.0547937],[-78.1551631,-0.0546901],[-78.1552423,-0.0545334],[-78.1557736,-0.0541]]],[[[-78.1582124,-0.0516196],[-78.1572358,-0.0503417],[-78.1570509,-0.0504948],[-78.1578345,-0.0518796],[-78.1580125,-0.0517188],[-78.1582124,-0.0516196]]],[[[-78.1556029,-0.0501171],[-78.155346,-0.050319],[-78.1555156,-0.0507273],[-78.1557046,-0.0514269],[-78.1559617,-0.051305],[-78.1556029,-0.0501171]]],[[[-78.1566948,-0.0505295],[-78.1577101,-0.0499547],[-78.1573739,-0.0494118],[-78.1570551,-0.0489961],[-78.1563006,-0.0496128],[-78.1563885,-0.0497515],[-78.1565145,-0.0500987],[-78.1566617,-0.050748],[-78.1567592,-0.0506438],[-78.1566948,-0.0505295]]],[[[-78.1558577,-0.0499136],[-78.1560745,-0.0507644],[-78.1562104,-0.0511349],[-78.1564486,-0.0509354],[-78.1560776,-0.0497654],[-78.1558577,-0.0499136]]],[[[-78.1553335,-0.0502521],[-78.1573896,-0.0486559],[-78.1578835,-0.0481613],[-78.158346,-0.0478213],[-78.1579732,-0.0470609],[-78.1568097,-0.0476933],[-78.1567145,-0.0476911],[-78.1564701,-0.0476065],[-78.1557762,-0.0475264],[-78.155135,-0.0477583],[-78.1548069,-0.0479171],[-78.1549473,-0.0485898],[-78.1555439,-0.0483062],[-78.1558115,-0.0488861],[-78.1548307,-0.049351],[-78.1549034,-0.0494888],[-78.154984,-0.0494432],[-78.1550069,-0.0494819],[-78.1550896,-0.0496332],[-78.1550119,-0.0496796],[-78.1553335,-0.0502521]]],[[[-78.1583299,-0.0497304],[-78.1578594,-0.0490769],[-78.1575275,-0.0485823],[-78.1573151,-0.0487841],[-78.1580311,-0.0498536],[-78.1583299,-0.0497304]]],[[[-78.1565347,-0.0458671],[-78.156294,-0.0450614],[-78.1566166,-0.0449498],[-78.1566577,-0.045093],[-78.1570431,-0.0449401],[-78.1570124,-0.0448606],[-78.1574395,-0.0446912],[-78.1571856,-0.0441289],[-78.157651,-0.0439287],[-78.1564508,-0.0443679],[-78.1557551,-0.0444587],[-78.1553109,-0.0445549],[-78.1553527,-0.0448878],[-78.1557017,-0.0454536],[-78.1558239,-0.0457294],[-78.155889,-0.0460647],[-78.1565347,-0.0458671]]],[[[-78.1574801,-0.0447809],[-78.1577369,-0.0453498],[-78.1578567,-0.0453039],[-78.1579385,-0.0451991],[-78.1580703,-0.0451091],[-78.1581932,-0.0449433],[-78.1579265,-0.044451],[-78.1574801,-0.0447809]]],[[[-78.1563791,-0.0443073],[-78.1563462,-0.0437636],[-78.1553336,-0.0438241],[-78.1553275,-0.0436515],[-78.1549557,-0.0436022],[-78.1548383,-0.0442886],[-78.1543532,-0.044286],[-78.1542997,-0.0444513],[-78.1552825,-0.0444437],[-78.155279,-0.0444859],[-78.1563791,-0.0443073]]],[[[-78.1579457,-0.0444248],[-78.158726,-0.0435691],[-78.1576889,-0.043951],[-78.1579457,-0.0444248]]],[[[-78.1564351,-0.0434895],[-78.156414,-0.0441564],[-78.1564593,-0.0442865],[-78.1571496,-0.044043],[-78.1576862,-0.0438782],[-78.1576988,-0.0439018],[-78.1585611,-0.0435597],[-78.1581949,-0.0435195],[-78.1575153,-0.043363],[-78.1568719,-0.0435588],[-78.1567422,-0.0433089],[-78.1564351,-0.0434895]]],[[[-78.1564126,-0.0433476],[-78.1558939,-0.04333],[-78.1559927,-0.0424738],[-78.1555733,-0.0423839],[-78.155456,-0.0426771],[-78.1553587,-0.0426566],[-78.1553723,-0.0425491],[-78.1547513,-0.0424896],[-78.1546677,-0.0431032],[-78.155389,-0.0431351],[-78.1553527,-0.0436173],[-78.1553847,-0.0436392],[-78.155373,-0.0437804],[-78.1563624,-0.0437023],[-78.1564126,-0.0433476]]],[[[-78.1579986,-0.0427975],[-78.1576083,-0.0426803],[-78.1572306,-0.0425086],[-78.1567454,-0.0425676],[-78.1564355,-0.0425395],[-78.1564394,-0.0429243],[-78.1564933,-0.0429239],[-78.1564685,-0.0433815],[-78.1564997,-0.0433948],[-78.1565752,-0.0433565],[-78.1567621,-0.0432302],[-78.1569071,-0.0434883],[-78.1575131,-0.0433069],[-78.1583912,-0.0434967],[-78.158515,-0.0428309],[-78.1582012,-0.0428298],[-78.1579986,-0.0427975]]],[[[-78.1572565,-0.0425023],[-78.1580106,-0.0427042],[-78.15661,-0.0417114],[-78.1566228,-0.0420532],[-78.1572565,-0.0425023]]],[[[-78.1557456,-0.0410215],[-78.1552597,-0.0416907],[-78.1557617,-0.0420389],[-78.1555919,-0.0423447],[-78.155793,-0.0423883],[-78.156423,-0.0424407],[-78.1565478,-0.0422325],[-78.1565461,-0.0419987],[-78.1562125,-0.0417624],[-78.1563207,-0.0415064],[-78.156022,-0.0412947],[-78.1560229,-0.0411923],[-78.1557456,-0.0410215]]],[[[-78.1560173,-0.0409785],[-78.1565419,-0.0413504],[-78.1568516,-0.040942],[-78.156228,-0.0403612],[-78.1559374,-0.0407654],[-78.1560173,-0.0409785]]],[[[-78.1568977,-0.0407061],[-78.1563705,-0.0401653],[-78.156228,-0.0403612],[-78.1566807,-0.0407829],[-78.1568516,-0.040942],[-78.1569076,-0.0408682],[-78.1570655,-0.0411226],[-78.1576114,-0.040889],[-78.1580227,-0.0406728],[-78.1573328,-0.0408387],[-78.1571112,-0.0408041],[-78.1568977,-0.0407061]]],[[[-78.1553236,-0.0402637],[-78.1558699,-0.0406964],[-78.1563265,-0.0400463],[-78.1565502,-0.0393679],[-78.1566707,-0.0387161],[-78.1569673,-0.0379055],[-78.156982,-0.0376946],[-78.1569308,-0.037452],[-78.1562065,-0.0379517],[-78.1556573,-0.038285],[-78.1545968,-0.0386572],[-78.1548253,-0.0390046],[-78.1544952,-0.0393187],[-78.1541194,-0.0395901],[-78.154449,-0.0400694],[-78.1544956,-0.0400038],[-78.1551852,-0.0395124],[-78.1556763,-0.0399152],[-78.1555374,-0.040095],[-78.1553236,-0.0402637]]],[[[-78.1577435,-0.0387884],[-78.157456,-0.0383416],[-78.1579931,-0.0379555],[-78.1575679,-0.0370171],[-78.1570593,-0.0373953],[-78.1570846,-0.0378626],[-78.1569223,-0.0383468],[-78.1570349,-0.0384137],[-78.157087,-0.0383555],[-78.1571427,-0.038407],[-78.1570918,-0.0384643],[-78.1571697,-0.0386664],[-78.1567291,-0.0389515],[-78.1566804,-0.0392776],[-78.1577435,-0.0387884]]],[[[-78.1577202,-0.0360444],[-78.1569038,-0.0353879],[-78.1566589,-0.0350718],[-78.1553267,-0.0363589],[-78.1559263,-0.0369514],[-78.1552455,-0.0374799],[-78.1559018,-0.0380756],[-78.1569607,-0.0373486],[-78.1570145,-0.0372578],[-78.1577722,-0.0367163],[-78.1579146,-0.0365487],[-78.1579116,-0.0363689],[-78.1578031,-0.0361437],[-78.1577202,-0.0360444]]],[[[-78.1574391,-0.0347208],[-78.1575904,-0.0346529],[-78.157714,-0.0345699],[-78.1577639,-0.0344872],[-78.1582186,-0.0340437],[-78.1576658,-0.0333187],[-78.1571134,-0.0326833],[-78.1558025,-0.0340824],[-78.1561242,-0.0343035],[-78.1564173,-0.034574],[-78.1570064,-0.0353405],[-78.157115,-0.0352243],[-78.1574391,-0.0347208]]],[[[-78.1576052,-0.0319982],[-78.1578183,-0.0317455],[-78.1567168,-0.0301468],[-78.1565408,-0.0303185],[-78.1576052,-0.0319982]]],[[[-78.1574718,-0.0294102],[-78.1570939,-0.0297789],[-78.1582654,-0.0312158],[-78.1587416,-0.0306659],[-78.1574718,-0.0294102]]],[[[-78.1567666,-0.03004],[-78.1559987,-0.0210343],[-78.1559868,-0.0210349],[-78.1551718,-0.0212065],[-78.1563288,-0.0304807],[-78.1567666,-0.03004]]],[[[-78.1545057,-0.1102188],[-78.1546472,-0.1110903],[-78.1557623,-0.1103319],[-78.1556325,-0.1096273],[-78.1553841,-0.1097216],[-78.1545057,-0.1102188]]],[[[-78.1537558,-0.1105784],[-78.1544674,-0.1102934],[-78.1544229,-0.1099654],[-78.1537026,-0.110254],[-78.1537558,-0.1105784]]],[[[-78.1542874,-0.1086228],[-78.1543499,-0.1090527],[-78.1553811,-0.1084844],[-78.1552886,-0.1080728],[-78.1542874,-0.1086228]]],[[[-78.1545446,-0.1051267],[-78.1542049,-0.1036816],[-78.1540566,-0.1031293],[-78.1533188,-0.1036427],[-78.1535268,-0.1044908],[-78.1536195,-0.1051483],[-78.1537485,-0.1055684],[-78.1545446,-0.1051267]]],[[[-78.1543888,-0.1008379],[-78.1546187,-0.1004611],[-78.1547394,-0.1000432],[-78.1550462,-0.0995732],[-78.154779,-0.0991552],[-78.155007,-0.0988442],[-78.1548595,-0.0985444],[-78.1544931,-0.0991597],[-78.1540904,-0.0994731],[-78.154346,-0.1001165],[-78.1541095,-0.1002955],[-78.1542882,-0.1008934],[-78.1543888,-0.1008379]]],[[[-78.1540932,-0.1004411],[-78.1539947,-0.1001498],[-78.1535644,-0.1002384],[-78.1536473,-0.1005256],[-78.1540932,-0.1004411]]],[[[-78.1539378,-0.0970224],[-78.1536426,-0.0965167],[-78.1532303,-0.0970006],[-78.153417,-0.0979366],[-78.1534754,-0.0979212],[-78.1536643,-0.0977203],[-78.1535736,-0.097449],[-78.1539378,-0.0970224]]],[[[-78.1554115,-0.0967612],[-78.1553501,-0.0965598],[-78.1551942,-0.096276],[-78.155159,-0.0960228],[-78.154804,-0.0960116],[-78.1547071,-0.0960331],[-78.154499,-0.0961607],[-78.1544605,-0.0963659],[-78.1545789,-0.0965994],[-78.1551034,-0.0966753],[-78.1554115,-0.0967612]]],[[[-78.1545316,-0.0960847],[-78.1548542,-0.095984],[-78.1551576,-0.0959853],[-78.1550775,-0.095668],[-78.1550855,-0.0953739],[-78.1550194,-0.0952047],[-78.1548113,-0.094896],[-78.1547678,-0.0947567],[-78.1542942,-0.0949899],[-78.154234,-0.0948845],[-78.1547331,-0.0946098],[-78.1546973,-0.0945235],[-78.1542958,-0.09474],[-78.1538826,-0.0951422],[-78.1536903,-0.0948315],[-78.1531808,-0.0953013],[-78.1529187,-0.095483],[-78.1532237,-0.0969274],[-78.1535756,-0.0965416],[-78.1533498,-0.0956445],[-78.1535269,-0.0954812],[-78.1537754,-0.096323],[-78.1543298,-0.0957736],[-78.1546086,-0.0956359],[-78.1546265,-0.0956905],[-78.1544198,-0.0957752],[-78.1541839,-0.0959704],[-78.1544385,-0.0964103],[-78.1544873,-0.0961331],[-78.1545316,-0.0960847]]],[[[-78.1549317,-0.0948742],[-78.156021,-0.0945104],[-78.1560353,-0.0944649],[-78.1558884,-0.0939287],[-78.1557724,-0.0931606],[-78.1544969,-0.0936377],[-78.1547748,-0.0942938],[-78.1549317,-0.0948742]]],[[[-78.1542902,-0.0942377],[-78.1545564,-0.0941394],[-78.1543828,-0.0937712],[-78.1543753,-0.0936809],[-78.1542793,-0.0935253],[-78.1542696,-0.0933978],[-78.1542126,-0.0932538],[-78.154075,-0.0930904],[-78.1539561,-0.0928157],[-78.153862,-0.0927063],[-78.1538573,-0.0926537],[-78.1539011,-0.0925849],[-78.1538881,-0.0925322],[-78.1538281,-0.0924959],[-78.1537607,-0.092302],[-78.1537009,-0.0922786],[-78.1536182,-0.0920311],[-78.1535371,-0.0919944],[-78.1533694,-0.0917502],[-78.153358,-0.0915732],[-78.1532423,-0.0914618],[-78.1530665,-0.0911462],[-78.1530665,-0.0910924],[-78.1527851,-0.090723],[-78.1527317,-0.0904469],[-78.1526195,-0.0902281],[-78.1524467,-0.0900559],[-78.1523956,-0.0900611],[-78.1523082,-0.0899622],[-78.1521628,-0.0898785],[-78.1514451,-0.09056],[-78.1518589,-0.091268],[-78.152012,-0.0916446],[-78.1520676,-0.0918907],[-78.1523561,-0.0923416],[-78.1524682,-0.0928251],[-78.1526211,-0.0938468],[-78.1528206,-0.0946997],[-78.1529021,-0.0954117],[-78.1530783,-0.0953184],[-78.1532811,-0.0951432],[-78.1531631,-0.0947416],[-78.1536564,-0.0942462],[-78.1536718,-0.0942817],[-78.1532036,-0.0947521],[-78.1533089,-0.0951191],[-78.1540757,-0.09439],[-78.1542902,-0.0942377]]],[[[-78.1550033,-0.091587],[-78.1549243,-0.0912346],[-78.154898,-0.0912158],[-78.1543312,-0.0913528],[-78.1535212,-0.0916705],[-78.1539023,-0.092411],[-78.1539523,-0.0924428],[-78.1540952,-0.0928056],[-78.1554312,-0.0923678],[-78.1552502,-0.0919723],[-78.1550033,-0.091587]]],[[[-78.1538389,-0.0905572],[-78.1546212,-0.0903296],[-78.1543502,-0.0899324],[-78.1532785,-0.0902688],[-78.1528203,-0.0904966],[-78.1530457,-0.0908832],[-78.1538389,-0.0905572]]],[[[-78.1537924,-0.0894319],[-78.1536065,-0.0894627],[-78.1534885,-0.0893659],[-78.1530546,-0.0880485],[-78.1530232,-0.0880371],[-78.1523721,-0.0880962],[-78.1524287,-0.0887989],[-78.1524709,-0.0889011],[-78.151499,-0.0892591],[-78.1516168,-0.089527],[-78.1517058,-0.0896131],[-78.1520763,-0.0897279],[-78.1524566,-0.0899339],[-78.152607,-0.0900758],[-78.1527281,-0.0902551],[-78.1528072,-0.0904775],[-78.1530024,-0.0903462],[-78.1537942,-0.0900493],[-78.1543036,-0.0898988],[-78.1537924,-0.0894319]]],[[[-78.1543244,-0.0898643],[-78.1545184,-0.0898488],[-78.1541914,-0.0892729],[-78.1538354,-0.0894001],[-78.1543244,-0.0898643]]],[[[-78.153682,-0.0870494],[-78.1545785,-0.086692],[-78.1544123,-0.0862755],[-78.1538003,-0.0865506],[-78.1537298,-0.0866262],[-78.1536455,-0.0865906],[-78.1536776,-0.0865014],[-78.1537814,-0.0864992],[-78.1543922,-0.0862251],[-78.152975,-0.0827177],[-78.1525941,-0.0832398],[-78.1523283,-0.0836697],[-78.1528241,-0.0849423],[-78.152039,-0.0852644],[-78.1527585,-0.0870688],[-78.1535439,-0.0867608],[-78.153682,-0.0870494]]],[[[-78.1541394,-0.082246],[-78.1541472,-0.0818316],[-78.1539811,-0.082026],[-78.153754,-0.0817427],[-78.1533163,-0.0822936],[-78.1534534,-0.0825455],[-78.1540944,-0.0827869],[-78.1541209,-0.0828223],[-78.1543551,-0.0825573],[-78.1541735,-0.0823421],[-78.1541394,-0.082246]]],[[[-78.1543893,-0.080042],[-78.1551193,-0.0785041],[-78.1553569,-0.0779365],[-78.1550931,-0.077637],[-78.1548009,-0.0769309],[-78.1543766,-0.0757042],[-78.1539619,-0.0758013],[-78.153723,-0.0749973],[-78.1534342,-0.0750659],[-78.1536818,-0.0758668],[-78.1530974,-0.0760036],[-78.1528346,-0.0750723],[-78.1516193,-0.0753462],[-78.1532998,-0.0811421],[-78.1541981,-0.080525],[-78.1543893,-0.080042]],[[-78.1539777,-0.0788275],[-78.1539403,-0.0787087],[-78.1541864,-0.0794913],[-78.1539777,-0.0788275]]],[[[-78.1544718,-0.0757655],[-78.1547117,-0.0764553],[-78.154868,-0.076905],[-78.1554813,-0.0757909],[-78.1551742,-0.0755169],[-78.1544718,-0.0757655]]],[[[-78.1562173,-0.0757522],[-78.1564948,-0.0749943],[-78.154703,-0.0750965],[-78.1549848,-0.075348],[-78.1562173,-0.0757522]]],[[[-78.1553156,-0.0739885],[-78.1551063,-0.0731502],[-78.1538477,-0.0736055],[-78.1540707,-0.0744492],[-78.1553156,-0.0739885]]],[[[-78.1544319,-0.0705675],[-78.1567286,-0.0702087],[-78.1566056,-0.0700308],[-78.1543782,-0.0703575],[-78.1542438,-0.0698363],[-78.1538262,-0.0699967],[-78.1540364,-0.0707727],[-78.1544447,-0.0706156],[-78.1544319,-0.0705675]]],[[[-78.1561663,-0.0687742],[-78.1556885,-0.0688909],[-78.1554958,-0.0689053],[-78.1545587,-0.0689356],[-78.15406,-0.0688991],[-78.154159,-0.0695115],[-78.1565569,-0.0691398],[-78.1562564,-0.0688241],[-78.1561663,-0.0687742]]],[[[-78.1537908,-0.0688363],[-78.1546997,-0.0688816],[-78.1539354,-0.0678064],[-78.153575,-0.0688912],[-78.153615,-0.0689172],[-78.1537908,-0.0688363]]],[[[-78.1553307,-0.0661345],[-78.1551416,-0.0662722],[-78.1553083,-0.0665791],[-78.1554979,-0.0664422],[-78.1553307,-0.0661345]]],[[[-78.1543575,-0.0666811],[-78.155257,-0.0660588],[-78.1548949,-0.0656022],[-78.1556072,-0.065176],[-78.155248,-0.0639203],[-78.1545511,-0.0642437],[-78.1537764,-0.0647883],[-78.1526181,-0.0656752],[-78.1527083,-0.0660179],[-78.1527737,-0.0665618],[-78.1528628,-0.0668418],[-78.1542338,-0.0668644],[-78.1543575,-0.0666811]]],[[[-78.1545942,-0.0611328],[-78.1546373,-0.0616008],[-78.1563846,-0.0609518],[-78.1563442,-0.0607088],[-78.1562839,-0.0605124],[-78.1545942,-0.0611328]]],[[[-78.1559699,-0.0591208],[-78.1559202,-0.0580696],[-78.1558841,-0.0579328],[-78.1557843,-0.0577836],[-78.1556314,-0.0576424],[-78.1551313,-0.0580675],[-78.1547636,-0.0576384],[-78.1546269,-0.057912],[-78.1543327,-0.0574818],[-78.1541545,-0.0576395],[-78.1540261,-0.0578142],[-78.1544649,-0.0582079],[-78.1545147,-0.0586092],[-78.1543613,-0.0590468],[-78.1544199,-0.0590255],[-78.1543994,-0.0590573],[-78.1544883,-0.0595984],[-78.1559699,-0.0591208]],[[-78.1550033,-0.0581772],[-78.1547402,-0.0584026],[-78.1550793,-0.058112],[-78.1550033,-0.0581772]]],[[[-78.154395,-0.0553352],[-78.1534268,-0.055093],[-78.1533768,-0.0558508],[-78.1531079,-0.0558449],[-78.1531598,-0.0558981],[-78.1531321,-0.0559465],[-78.1531105,-0.0573552],[-78.1534846,-0.0573795],[-78.1536571,-0.0568486],[-78.153709,-0.0564353],[-78.1537219,-0.0558551],[-78.154395,-0.0553352]]],[[[-78.1544811,-0.0547663],[-78.1545932,-0.0543006],[-78.1548468,-0.053857],[-78.1545914,-0.0535787],[-78.1545669,-0.0536066],[-78.1545269,-0.0535639],[-78.1541804,-0.0538927],[-78.1541106,-0.0538927],[-78.1546673,-0.0533495],[-78.1541328,-0.0526376],[-78.1537649,-0.0529203],[-78.1538664,-0.0530546],[-78.1537802,-0.0531305],[-78.1536748,-0.0529896],[-78.1531366,-0.0532672],[-78.1537654,-0.0541857],[-78.153798,-0.054171],[-78.1537458,-0.0551496],[-78.154353,-0.0553038],[-78.1545466,-0.0552393],[-78.1544811,-0.0547663]]],[[[-78.1549248,-0.0528098],[-78.1550833,-0.0529527],[-78.155254,-0.0528057],[-78.1551557,-0.052718],[-78.1551795,-0.0526909],[-78.1553964,-0.0529177],[-78.1555163,-0.052597],[-78.1556048,-0.0522082],[-78.1556549,-0.0517736],[-78.1556255,-0.0515546],[-78.1543981,-0.0524703],[-78.1547445,-0.0529703],[-78.1549248,-0.0528098]]],[[[-78.1552081,-0.0501912],[-78.1543489,-0.0486754],[-78.1542585,-0.0487444],[-78.1540375,-0.049022],[-78.1542117,-0.0492727],[-78.1541282,-0.0493412],[-78.1539516,-0.0491263],[-78.1534585,-0.0497132],[-78.1528605,-0.0502756],[-78.1530693,-0.0505408],[-78.1533033,-0.0511322],[-78.1530243,-0.0513402],[-78.1531585,-0.0517982],[-78.152989,-0.0518777],[-78.1527907,-0.0512745],[-78.1529981,-0.051173],[-78.1529045,-0.0507912],[-78.1528077,-0.0506404],[-78.1527256,-0.0507415],[-78.1525789,-0.0505442],[-78.1521822,-0.0507571],[-78.1521226,-0.0510719],[-78.1522508,-0.0512512],[-78.1526456,-0.0520772],[-78.1524672,-0.0521808],[-78.1531033,-0.053243],[-78.1536227,-0.0529836],[-78.1538966,-0.0527388],[-78.1552907,-0.0517418],[-78.1550377,-0.0513022],[-78.1550118,-0.0511834],[-78.1555005,-0.050929],[-78.1554274,-0.0506599],[-78.1552081,-0.0501912]]],[[[-78.1530354,-0.0481538],[-78.1534953,-0.0486674],[-78.1541222,-0.0481236],[-78.1540238,-0.0473728],[-78.1538041,-0.0475322],[-78.1534348,-0.0478716],[-78.1530354,-0.0481538]]],[[[-78.1547924,-0.0478446],[-78.1554635,-0.0475874],[-78.1550197,-0.0463266],[-78.1545114,-0.0464472],[-78.1547924,-0.0478446]]],[[[-78.1540641,-0.0457416],[-78.1540024,-0.0457033],[-78.1539074,-0.0457045],[-78.1540745,-0.0463962],[-78.1538434,-0.0464699],[-78.1536621,-0.0457067],[-78.1535374,-0.0457075],[-78.1537464,-0.0465008],[-78.1536821,-0.0465213],[-78.1534162,-0.0457071],[-78.1526749,-0.0457328],[-78.152465,-0.0457806],[-78.1524203,-0.0458275],[-78.1524152,-0.0459075],[-78.1526872,-0.0467025],[-78.1532233,-0.0464869],[-78.1533054,-0.046648],[-78.1528266,-0.0468782],[-78.1525145,-0.0471398],[-78.1529569,-0.0481569],[-78.1534112,-0.0478424],[-78.1537851,-0.0475064],[-78.1540491,-0.0473414],[-78.1542135,-0.0467406],[-78.1540641,-0.0457416]]],[[[-78.1553004,-0.0448767],[-78.1550001,-0.0449505],[-78.1552198,-0.0462129],[-78.155842,-0.0460706],[-78.1557611,-0.0457201],[-78.1553004,-0.0448767]]],[[[-78.1540266,-0.0451062],[-78.1540675,-0.0448298],[-78.1541422,-0.0446062],[-78.1531858,-0.0445797],[-78.1532319,-0.0440617],[-78.1526671,-0.0439857],[-78.1525773,-0.0436837],[-78.1521556,-0.0436656],[-78.1520737,-0.0443254],[-78.1519267,-0.0447507],[-78.1521999,-0.0448793],[-78.1528011,-0.0444004],[-78.1529094,-0.0443521],[-78.1530433,-0.0445702],[-78.1532151,-0.0450083],[-78.1525353,-0.0452638],[-78.1524237,-0.0451104],[-78.1520421,-0.0455008],[-78.1522331,-0.0457765],[-78.1527374,-0.0456704],[-78.1540442,-0.0456401],[-78.1540266,-0.0451062]]],[[[-78.1541533,-0.044579],[-78.1544173,-0.0438327],[-78.1538464,-0.0438381],[-78.1532937,-0.0437417],[-78.1532168,-0.044556],[-78.1541533,-0.044579]]],[[[-78.154364,-0.0426621],[-78.1541026,-0.0425885],[-78.1539312,-0.0438049],[-78.1541761,-0.0437982],[-78.154364,-0.0426621]]],[[[-78.1546968,-0.0423335],[-78.1548144,-0.0420068],[-78.1544908,-0.0418449],[-78.1539604,-0.0416879],[-78.1535279,-0.0417116],[-78.1525284,-0.042036],[-78.1524287,-0.0417791],[-78.1523306,-0.0417223],[-78.1522058,-0.041727],[-78.1521654,-0.041874],[-78.152163,-0.0436026],[-78.1529336,-0.0436433],[-78.1536567,-0.0437756],[-78.1538498,-0.0425665],[-78.1535016,-0.0427107],[-78.1533907,-0.0423238],[-78.1541208,-0.0422267],[-78.1546968,-0.0423335]]],[[[-78.1551355,-0.0405665],[-78.1552408,-0.0403741],[-78.1546374,-0.0399625],[-78.1545165,-0.0400682],[-78.1543946,-0.0402458],[-78.1542104,-0.0406688],[-78.1540833,-0.041097],[-78.1538575,-0.0416387],[-78.1543814,-0.0417834],[-78.1546696,-0.0412814],[-78.1551848,-0.0416387],[-78.1553734,-0.0414446],[-78.155685,-0.0409851],[-78.1551355,-0.0405665]]],[[[-78.1538232,-0.0416276],[-78.1541592,-0.0406383],[-78.1542788,-0.040409],[-78.1538175,-0.0397102],[-78.1540707,-0.0395193],[-78.153966,-0.0393528],[-78.1531731,-0.0399434],[-78.1530455,-0.0396188],[-78.1524806,-0.0399153],[-78.1525355,-0.0401365],[-78.152604,-0.0409346],[-78.1526321,-0.0410537],[-78.1527801,-0.0413476],[-78.1524641,-0.0417276],[-78.152557,-0.0419516],[-78.1533194,-0.0417159],[-78.1538232,-0.0416276]]],[[[-78.1533495,-0.0214603],[-78.153115,-0.021791],[-78.1528328,-0.0219082],[-78.1527889,-0.0219568],[-78.1527032,-0.0224525],[-78.1527398,-0.0227131],[-78.1528825,-0.0229794],[-78.1532856,-0.0233903],[-78.1533345,-0.0242102],[-78.1533953,-0.0243059],[-78.153471,-0.0247479],[-78.1535287,-0.024876],[-78.153618,-0.0249674],[-78.1536028,-0.025029],[-78.1536475,-0.0251755],[-78.1537441,-0.0252794],[-78.1537614,-0.0254146],[-78.1538166,-0.0255291],[-78.1538008,-0.0258632],[-78.1539278,-0.0262378],[-78.1539752,-0.0266906],[-78.1540385,-0.0268269],[-78.1541306,-0.0269323],[-78.1541507,-0.027082],[-78.1542667,-0.0272113],[-78.1542353,-0.0272698],[-78.1542454,-0.0273401],[-78.1543444,-0.0276599],[-78.154417,-0.0277654],[-78.1544236,-0.0280496],[-78.1545687,-0.0285636],[-78.1546517,-0.0287064],[-78.1547173,-0.0291755],[-78.1547926,-0.0293491],[-78.1547817,-0.0294743],[-78.1549069,-0.0295826],[-78.1548958,-0.0297519],[-78.1549679,-0.0302522],[-78.1549204,-0.0305126],[-78.1548527,-0.0314049],[-78.1548581,-0.0320011],[-78.1550984,-0.0325265],[-78.1550993,-0.0320467],[-78.1555898,-0.0313613],[-78.1536158,-0.021086],[-78.1535082,-0.0213476],[-78.1533495,-0.0214603]]],[[[-78.1528066,-0.1134961],[-78.1541128,-0.1132597],[-78.1540283,-0.112641],[-78.1527211,-0.1128776],[-78.1528066,-0.1134961]]],[[[-78.1525867,-0.1125624],[-78.1513644,-0.1127836],[-78.1514656,-0.1133725],[-78.1520503,-0.1132667],[-78.1520801,-0.1134661],[-78.1526962,-0.1133546],[-78.1525867,-0.1125624]]],[[[-78.151571,-0.1100687],[-78.1519483,-0.1125862],[-78.1525747,-0.1124728],[-78.1522261,-0.1099501],[-78.151571,-0.1100687]]],[[[-78.1534825,-0.1086455],[-78.1534572,-0.1086914],[-78.1534011,-0.1086918],[-78.1529329,-0.1083128],[-78.1521109,-0.1084615],[-78.1523799,-0.1104084],[-78.1536912,-0.1101711],[-78.1534825,-0.1086455]]],[[[-78.1531504,-0.1068936],[-78.1530186,-0.1063926],[-78.1529442,-0.1062281],[-78.1518298,-0.1064298],[-78.1519253,-0.1071153],[-78.1531504,-0.1068936]]],[[[-78.1523414,-0.103225],[-78.1525099,-0.1039369],[-78.1531946,-0.1033347],[-78.1530664,-0.1027544],[-78.1523414,-0.103225]]],[[[-78.1525041,-0.1015796],[-78.1521729,-0.1017816],[-78.1522547,-0.1020385],[-78.1526103,-0.1018224],[-78.1525041,-0.1015796]]],[[[-78.152782,-0.1009725],[-78.1523859,-0.1012397],[-78.1526549,-0.1018589],[-78.1530187,-0.1015193],[-78.1529696,-0.1014937],[-78.152782,-0.1009725]]],[[[-78.1531783,-0.1006463],[-78.1528669,-0.0992385],[-78.1525404,-0.0994374],[-78.1528885,-0.1009015],[-78.1531783,-0.1006463]]],[[[-78.1516884,-0.1004755],[-78.1523266,-0.1000119],[-78.1522501,-0.0996514],[-78.1516242,-0.1001061],[-78.1516884,-0.1004755]]],[[[-78.1534848,-0.0999003],[-78.1538712,-0.0997419],[-78.1536071,-0.0989546],[-78.1532648,-0.0991043],[-78.1534848,-0.0999003]]],[[[-78.152856,-0.0991792],[-78.1526229,-0.0979442],[-78.1520079,-0.0981154],[-78.1513649,-0.0982276],[-78.1513725,-0.0981971],[-78.1516162,-0.0981608],[-78.1515644,-0.0973414],[-78.1525482,-0.0971093],[-78.1523271,-0.096359],[-78.1522629,-0.0962873],[-78.1519463,-0.0960829],[-78.1518522,-0.0959601],[-78.1517753,-0.0956561],[-78.1517899,-0.0951515],[-78.1517425,-0.0947515],[-78.1510171,-0.0947446],[-78.1509653,-0.0949816],[-78.1510563,-0.0953019],[-78.1510089,-0.0962129],[-78.151057,-0.0961657],[-78.1511162,-0.0962202],[-78.1514412,-0.0961342],[-78.1517556,-0.0965297],[-78.1514295,-0.0966167],[-78.151471,-0.0968304],[-78.1510182,-0.096948],[-78.1510877,-0.0974287],[-78.1512987,-0.0973858],[-78.1513401,-0.0973465],[-78.1513707,-0.0973715],[-78.151357,-0.0973979],[-78.1510375,-0.0974856],[-78.1509987,-0.0978737],[-78.1510644,-0.0980472],[-78.1510752,-0.0983116],[-78.1510598,-0.0983965],[-78.151003,-0.0984652],[-78.1509875,-0.0986419],[-78.1510259,-0.0989544],[-78.1496639,-0.0991207],[-78.1497234,-0.0994966],[-78.1497191,-0.0996624],[-78.150868,-0.0995161],[-78.1508213,-0.0996696],[-78.1508415,-0.0998133],[-78.1501909,-0.0999166],[-78.1503149,-0.1002039],[-78.1508958,-0.1001299],[-78.1508906,-0.100082],[-78.1509327,-0.1001048],[-78.1509914,-0.1004698],[-78.1510201,-0.1004756],[-78.1527017,-0.0992618],[-78.152856,-0.0991792]]],[[[-78.1535952,-0.098904],[-78.1532509,-0.0974903],[-78.1528976,-0.0976157],[-78.1529704,-0.0979875],[-78.1527277,-0.0981284],[-78.1529082,-0.099178],[-78.1529856,-0.0991761],[-78.1535952,-0.098904]]],[[[-78.1528019,-0.0971306],[-78.1527476,-0.0968953],[-78.1531128,-0.096677],[-78.153011,-0.0961514],[-78.1528324,-0.0962346],[-78.1520501,-0.0956471],[-78.1518369,-0.0956718],[-78.1518873,-0.0958853],[-78.1519764,-0.0960358],[-78.1522889,-0.0962502],[-78.1523911,-0.0963544],[-78.1526374,-0.0971888],[-78.1528019,-0.0971306]]],[[[-78.1528371,-0.0954002],[-78.1527869,-0.0948122],[-78.1518075,-0.0947928],[-78.1517999,-0.0949359],[-78.1518634,-0.0952375],[-78.1518352,-0.0955724],[-78.1518876,-0.0956053],[-78.1523507,-0.0955695],[-78.1528371,-0.0954002]]],[[[-78.152673,-0.0943948],[-78.1523638,-0.0925784],[-78.1521988,-0.0922198],[-78.1515508,-0.0922891],[-78.1516457,-0.0929254],[-78.1519037,-0.0942122],[-78.1518896,-0.0944295],[-78.152673,-0.0943948]]],[[[-78.1531047,-0.0879953],[-78.1535463,-0.0879326],[-78.153964,-0.087856],[-78.1538686,-0.0875832],[-78.1530138,-0.0877681],[-78.1531047,-0.0879953]]],[[[-78.1526943,-0.0870785],[-78.1525814,-0.0867802],[-78.1518123,-0.0870843],[-78.1517627,-0.0869519],[-78.1514175,-0.0870419],[-78.1510536,-0.0861243],[-78.1506288,-0.0866853],[-78.1503437,-0.0861949],[-78.1498903,-0.086704],[-78.1498817,-0.08675],[-78.1500149,-0.0869936],[-78.150172,-0.087137],[-78.150507,-0.0872209],[-78.1509005,-0.087398],[-78.1510421,-0.0875175],[-78.1513128,-0.0876574],[-78.1516013,-0.0880806],[-78.1517011,-0.0881416],[-78.1517866,-0.0881524],[-78.1521868,-0.0880845],[-78.1519061,-0.0873348],[-78.1526943,-0.0870785]]],[[[-78.1521663,-0.0831371],[-78.1523838,-0.0833547],[-78.1525069,-0.0831616],[-78.1523424,-0.082997],[-78.1521663,-0.0831371]]],[[[-78.1519371,-0.0829078],[-78.1518607,-0.0828314],[-78.1520367,-0.0826913],[-78.1518075,-0.0824621],[-78.1516314,-0.0826021],[-78.1517843,-0.082755],[-78.1516082,-0.082895],[-78.1516846,-0.0829715],[-78.1518374,-0.0831243],[-78.1520135,-0.0829842],[-78.1520899,-0.0830607],[-78.1522659,-0.0829206],[-78.1521131,-0.0827678],[-78.1519371,-0.0829078]]],[[[-78.1523052,-0.0819367],[-78.1520392,-0.0810098],[-78.1519929,-0.0809463],[-78.1520304,-0.080882],[-78.1518802,-0.0803614],[-78.1529166,-0.0800653],[-78.1526643,-0.0792428],[-78.1513984,-0.0796118],[-78.1508769,-0.0777993],[-78.1495832,-0.0781534],[-78.150549,-0.0815117],[-78.1516601,-0.081202],[-78.1516892,-0.0813062],[-78.1514764,-0.0813659],[-78.1515968,-0.0817824],[-78.1518057,-0.081724],[-78.1518348,-0.0818282],[-78.1516269,-0.0818865],[-78.151687,-0.0820947],[-78.151893,-0.082037],[-78.1519221,-0.0821413],[-78.1517171,-0.0821988],[-78.1517472,-0.0823029],[-78.1519513,-0.0822459],[-78.1523052,-0.0819367]]],[[[-78.1538768,-0.073997],[-78.1537708,-0.073588],[-78.1525273,-0.0738823],[-78.1526176,-0.0743053],[-78.1538768,-0.073997]]],[[[-78.1521917,-0.0726184],[-78.1522749,-0.0729168],[-78.1510244,-0.0732428],[-78.1512708,-0.0740667],[-78.1524882,-0.0737575],[-78.1523047,-0.0730333],[-78.153569,-0.0727403],[-78.153449,-0.0723053],[-78.1521917,-0.0726184]]],[[[-78.1519544,-0.0717862],[-78.1527853,-0.0715827],[-78.1525724,-0.0707669],[-78.1517266,-0.0709853],[-78.1519544,-0.0717862]]],[[[-78.1533423,-0.0690848],[-78.1530856,-0.0689852],[-78.1527445,-0.0672788],[-78.1527889,-0.0668883],[-78.1526791,-0.0661263],[-78.1525871,-0.0657288],[-78.1523791,-0.0652535],[-78.1521658,-0.0652668],[-78.1520639,-0.0653126],[-78.1519808,-0.0654727],[-78.1516411,-0.066582],[-78.151089,-0.0686064],[-78.1521059,-0.068911],[-78.152099,-0.0689467],[-78.1520391,-0.0689287],[-78.1519229,-0.0693284],[-78.1509797,-0.0690535],[-78.1504835,-0.0707901],[-78.1514922,-0.070344],[-78.152098,-0.0698899],[-78.1527101,-0.0695577],[-78.1533423,-0.0690848]]],[[[-78.1522893,-0.0649861],[-78.1523956,-0.0643268],[-78.1524017,-0.0638987],[-78.1521979,-0.0632656],[-78.1520687,-0.0629879],[-78.1522061,-0.0623091],[-78.1518248,-0.0622167],[-78.1517866,-0.0621771],[-78.1517085,-0.0610532],[-78.1516001,-0.0605228],[-78.1515495,-0.060494],[-78.1502067,-0.0618019],[-78.1490367,-0.0625413],[-78.1481873,-0.0614952],[-78.1469764,-0.0624826],[-78.1477148,-0.0634513],[-78.147197,-0.0639714],[-78.14777,-0.065077],[-78.1479768,-0.0656644],[-78.148191,-0.0660562],[-78.1484741,-0.0663496],[-78.148708,-0.0667001],[-78.1490852,-0.066858],[-78.1492521,-0.066242],[-78.1493106,-0.0662585],[-78.1488087,-0.0682766],[-78.1509494,-0.0689013],[-78.1518508,-0.0657149],[-78.1504885,-0.0650871],[-78.1510673,-0.0645938],[-78.1523488,-0.0651817],[-78.1522893,-0.0649861]]],[[[-78.1546773,-0.0626487],[-78.1523443,-0.063645],[-78.1524546,-0.0639386],[-78.154702,-0.062982],[-78.1546773,-0.0626487]]],[[[-78.1521668,-0.0630234],[-78.1522451,-0.0626952],[-78.1523186,-0.0623274],[-78.1522662,-0.0623176],[-78.1521169,-0.0630504],[-78.1521668,-0.0630234]]],[[[-78.1526392,-0.0623986],[-78.1525733,-0.0624537],[-78.1524009,-0.0629174],[-78.1546269,-0.0619694],[-78.1545976,-0.0615891],[-78.1526392,-0.0623986]]],[[[-78.1530761,-0.0600891],[-78.1531446,-0.0599471],[-78.1528952,-0.0597922],[-78.1529727,-0.0596327],[-78.1527679,-0.0595586],[-78.1526599,-0.059781],[-78.1528394,-0.0599071],[-78.1529924,-0.0603793],[-78.1530745,-0.0604115],[-78.1532686,-0.0601426],[-78.1531551,-0.06008],[-78.1530761,-0.0600891]]],[[[-78.15259,-0.0593015],[-78.1524097,-0.0592961],[-78.152351,-0.0594025],[-78.1528769,-0.0595596],[-78.1529735,-0.0594081],[-78.15259,-0.0593015]]],[[[-78.1530576,-0.0588101],[-78.1531753,-0.0574349],[-78.1528643,-0.0574357],[-78.1527486,-0.0590537],[-78.1529522,-0.0590744],[-78.1530031,-0.0590305],[-78.1530576,-0.0588101]]],[[[-78.1525552,-0.0574454],[-78.1522562,-0.0573939],[-78.1522259,-0.0586909],[-78.1522708,-0.058925],[-78.1522608,-0.059029],[-78.1524901,-0.0590121],[-78.1525552,-0.0574454]]],[[[-78.1526381,-0.057365],[-78.1530567,-0.0573548],[-78.1530694,-0.0562332],[-78.1526521,-0.0562231],[-78.1526381,-0.057365]]],[[[-78.1527364,-0.0550157],[-78.1526589,-0.0558341],[-78.1530718,-0.055844],[-78.1530659,-0.0550357],[-78.1527887,-0.0549918],[-78.1527364,-0.0550157]]],[[[-78.1531967,-0.0543659],[-78.1526426,-0.0535138],[-78.1522612,-0.0537679],[-78.152113,-0.0539974],[-78.1520519,-0.0541651],[-78.152601,-0.054354],[-78.1527442,-0.0543764],[-78.1527122,-0.0548952],[-78.1530722,-0.0550054],[-78.1530912,-0.0543693],[-78.1531967,-0.0543659]]],[[[-78.1520476,-0.0542176],[-78.1520351,-0.054369],[-78.1524385,-0.0546977],[-78.152448,-0.0543448],[-78.1520476,-0.0542176]]],[[[-78.1518324,-0.0515608],[-78.1512727,-0.0519554],[-78.15101,-0.0521021],[-78.1508123,-0.0521783],[-78.1504739,-0.0521693],[-78.1503284,-0.0522589],[-78.1503272,-0.0523379],[-78.1506015,-0.0528507],[-78.1509835,-0.0534594],[-78.1516013,-0.0527119],[-78.1523349,-0.0522577],[-78.1518324,-0.0515608]]],[[[-78.151759,-0.0496947],[-78.1515253,-0.0493873],[-78.1513585,-0.049598],[-78.1521866,-0.0506653],[-78.1525298,-0.0504806],[-78.1518503,-0.0495712],[-78.151759,-0.0496947]]],[[[-78.1526312,-0.0504101],[-78.153398,-0.0496465],[-78.1535587,-0.0494341],[-78.1529782,-0.0489183],[-78.1526263,-0.0485117],[-78.1521679,-0.0488085],[-78.1517183,-0.0491788],[-78.1526312,-0.0504101]]],[[[-78.1520659,-0.0488551],[-78.1525948,-0.0484822],[-78.1521213,-0.0477273],[-78.1521146,-0.0477832],[-78.1517726,-0.0480361],[-78.1511299,-0.0483545],[-78.1510727,-0.0485698],[-78.1503608,-0.049376],[-78.1500497,-0.0497992],[-78.1499879,-0.0499068],[-78.1499333,-0.0502845],[-78.1499267,-0.0507637],[-78.1510089,-0.0499754],[-78.1514583,-0.0494328],[-78.1512332,-0.049197],[-78.1514,-0.0490326],[-78.1516123,-0.0492567],[-78.1519562,-0.0489455],[-78.1517181,-0.0485743],[-78.1518225,-0.0484888],[-78.1520659,-0.0488551]]],[[[-78.1521063,-0.0474985],[-78.1526715,-0.0469414],[-78.1526744,-0.0467961],[-78.1523645,-0.0459033],[-78.1523286,-0.0458477],[-78.1521919,-0.0457948],[-78.1517881,-0.0452339],[-78.1507779,-0.0465075],[-78.1513673,-0.0469875],[-78.151428,-0.0469392],[-78.1517642,-0.0473114],[-78.1511419,-0.0477919],[-78.1511009,-0.0480626],[-78.1511212,-0.0482897],[-78.1515253,-0.0481249],[-78.1519873,-0.047825],[-78.1520602,-0.0477237],[-78.1520641,-0.04759],[-78.1521063,-0.0474985]]],[[[-78.1523795,-0.0125789],[-78.1522539,-0.0126241],[-78.1523086,-0.0127593],[-78.1524392,-0.0127059],[-78.1523795,-0.0125789]]],[[[-78.1498791,-0.1130525],[-78.1499395,-0.1133511],[-78.1506644,-0.11322],[-78.1507818,-0.1138046],[-78.1514285,-0.1136875],[-78.151276,-0.1127996],[-78.1498791,-0.1130525]]],[[[-78.1501379,-0.1105988],[-78.1503541,-0.1116752],[-78.151061,-0.1115472],[-78.1506875,-0.1093719],[-78.1492076,-0.109606],[-78.1494296,-0.1107471],[-78.1501379,-0.1105988]]],[[[-78.151509,-0.1053646],[-78.1512792,-0.1042957],[-78.150547,-0.1044567],[-78.1507612,-0.105529],[-78.151509,-0.1053646]]],[[[-78.149527,-0.1032282],[-78.1497541,-0.1043433],[-78.150492,-0.1041811],[-78.1502851,-0.1031451],[-78.149527,-0.1032282]]],[[[-78.1520462,-0.1037403],[-78.1518808,-0.1032859],[-78.1511877,-0.1034426],[-78.1512813,-0.1038776],[-78.1520462,-0.1037403]]],[[[-78.1502785,-0.1023458],[-78.1505887,-0.102468],[-78.1509977,-0.1024818],[-78.1512309,-0.1024527],[-78.1512509,-0.1025184],[-78.1517094,-0.1023773],[-78.1516631,-0.1019947],[-78.1515631,-0.1018267],[-78.1519347,-0.1015639],[-78.1516884,-0.1004755],[-78.1515343,-0.1005937],[-78.1514634,-0.1002173],[-78.1513118,-0.1003203],[-78.1514414,-0.1010483],[-78.1515376,-0.1013919],[-78.1511491,-0.1015804],[-78.151103,-0.101507],[-78.1509958,-0.1011198],[-78.150149,-0.1010654],[-78.1502287,-0.1015954],[-78.1502785,-0.1023458]]],[[[-78.1505687,-0.1002115],[-78.1498341,-0.1002635],[-78.1498338,-0.1002801],[-78.149971,-0.1006303],[-78.1506045,-0.1005592],[-78.1505687,-0.1002115]]],[[[-78.1499484,-0.0979093],[-78.1494354,-0.0980075],[-78.1495611,-0.0986051],[-78.1503032,-0.0985323],[-78.150225,-0.0979242],[-78.1499484,-0.0979093]]],[[[-78.1509323,-0.0978309],[-78.1510179,-0.0974256],[-78.1509903,-0.0972877],[-78.1501538,-0.0974061],[-78.1500912,-0.0969681],[-78.1497889,-0.0970091],[-78.149874,-0.0974543],[-78.14975,-0.0974758],[-78.1498202,-0.0978742],[-78.1509323,-0.0978309]]],[[[-78.1510165,-0.094311],[-78.1510164,-0.0944575],[-78.1518118,-0.0944556],[-78.151836,-0.09434],[-78.1518352,-0.0943167],[-78.1510165,-0.094311]]],[[[-78.1510403,-0.0940323],[-78.1511566,-0.0940343],[-78.1518119,-0.0940457],[-78.151783,-0.0938826],[-78.1510934,-0.0938988],[-78.1510403,-0.0940323]]],[[[-78.1517744,-0.0938407],[-78.1515618,-0.0928042],[-78.1511455,-0.0927872],[-78.1511523,-0.0927089],[-78.1510373,-0.0925113],[-78.1515239,-0.0925176],[-78.1514904,-0.0922661],[-78.151525,-0.0919897],[-78.1508348,-0.0920004],[-78.1506882,-0.0918853],[-78.1505382,-0.0916943],[-78.1502864,-0.0912983],[-78.1501137,-0.0908175],[-78.1501366,-0.0905514],[-78.1501719,-0.0903574],[-78.1501533,-0.0900066],[-78.1495339,-0.0901318],[-78.1494862,-0.0898466],[-78.1500968,-0.0897229],[-78.1501434,-0.0896081],[-78.1501426,-0.089473],[-78.150033,-0.0892218],[-78.1500301,-0.0891233],[-78.1498799,-0.0889697],[-78.1498448,-0.0889079],[-78.149824,-0.0888233],[-78.1498276,-0.0887193],[-78.1496819,-0.0884109],[-78.1497629,-0.088138],[-78.1497385,-0.0880066],[-78.1496909,-0.0876167],[-78.1490526,-0.0876458],[-78.1486035,-0.0877228],[-78.1487156,-0.0881563],[-78.148172,-0.0882514],[-78.1480474,-0.0887549],[-78.1478964,-0.0891626],[-78.147767,-0.0893712],[-78.147622,-0.0895231],[-78.1488506,-0.0894152],[-78.1490927,-0.0914453],[-78.1498006,-0.0914042],[-78.1498302,-0.0914631],[-78.1497833,-0.091465],[-78.1499143,-0.0919666],[-78.1493135,-0.0919728],[-78.1492063,-0.0914882],[-78.1480576,-0.0915208],[-78.1482733,-0.0925771],[-78.1494104,-0.0924549],[-78.1499898,-0.0924183],[-78.1500299,-0.0924513],[-78.148796,-0.0925529],[-78.1489079,-0.0932742],[-78.1484537,-0.0932999],[-78.1485329,-0.0938923],[-78.1488234,-0.095194],[-78.1499309,-0.0951595],[-78.1498289,-0.0944451],[-78.1501014,-0.0944329],[-78.1499063,-0.09387],[-78.1494595,-0.0938776],[-78.1493683,-0.0932859],[-78.1508398,-0.0932766],[-78.1508464,-0.0935003],[-78.1511948,-0.093498],[-78.1510957,-0.0938497],[-78.1517744,-0.0938407]],[[-78.1511337,-0.0927807],[-78.1511166,-0.0930319],[-78.151214,-0.0933158],[-78.1511587,-0.0932326],[-78.1511029,-0.0930348],[-78.1510972,-0.0928897],[-78.1511337,-0.0927807]]],[[[-78.1516024,-0.091715],[-78.1515999,-0.0914026],[-78.1511,-0.0914159],[-78.151243,-0.0917198],[-78.1516024,-0.091715]]],[[[-78.1515789,-0.090964],[-78.1512685,-0.0903146],[-78.1513276,-0.0899705],[-78.1507649,-0.0899813],[-78.1507231,-0.0896808],[-78.1501005,-0.0897283],[-78.1501514,-0.0899647],[-78.1501595,-0.0900738],[-78.15077,-0.0899874],[-78.1508486,-0.09006],[-78.1510398,-0.0901385],[-78.1510372,-0.0904416],[-78.1501715,-0.0904053],[-78.1501182,-0.0908166],[-78.1502374,-0.0911339],[-78.1515945,-0.0911013],[-78.1515789,-0.090964]]],[[[-78.1501145,-0.0896947],[-78.1513995,-0.0896159],[-78.151457,-0.08951],[-78.1513907,-0.0893553],[-78.1513807,-0.0891056],[-78.1512256,-0.0890812],[-78.1512081,-0.0889013],[-78.1511411,-0.0888949],[-78.1511751,-0.0892188],[-78.1504661,-0.0892402],[-78.1501064,-0.089343],[-78.1501471,-0.0894722],[-78.15015,-0.0895238],[-78.1501479,-0.0896087],[-78.1501145,-0.0896947]]],[[[-78.1498489,-0.0889061],[-78.1499276,-0.0890089],[-78.1502682,-0.0888804],[-78.150171,-0.0884918],[-78.1497633,-0.0885785],[-78.1498319,-0.0887179],[-78.1498489,-0.0889061]]],[[[-78.151052,-0.087676],[-78.1507718,-0.0874299],[-78.1504983,-0.0873073],[-78.1505914,-0.0884556],[-78.1508568,-0.0884811],[-78.1508973,-0.0880747],[-78.150868,-0.0880738],[-78.1508629,-0.0877026],[-78.151052,-0.087676]]],[[[-78.1497649,-0.0881079],[-78.1503594,-0.0880368],[-78.1503044,-0.0872662],[-78.1502649,-0.0873067],[-78.1500939,-0.0873059],[-78.1500926,-0.0873844],[-78.1496714,-0.0874344],[-78.1497452,-0.088022],[-78.1497649,-0.0881079]]],[[[-78.1510703,-0.0836825],[-78.1491273,-0.0845633],[-78.1494247,-0.0851866],[-78.1494281,-0.0855424],[-78.1494915,-0.0859957],[-78.1497718,-0.0866274],[-78.1500282,-0.0863868],[-78.151397,-0.0847562],[-78.1512545,-0.0842787],[-78.1507565,-0.0844738],[-78.1505795,-0.0840139],[-78.151119,-0.0838183],[-78.1510703,-0.0836825]]],[[[-78.151791,-0.0842572],[-78.1517639,-0.0841649],[-78.1516089,-0.0844335],[-78.1513927,-0.0844941],[-78.1514641,-0.0846933],[-78.151791,-0.0842572]]],[[[-78.1513315,-0.0842861],[-78.1515477,-0.0842255],[-78.1514559,-0.0839136],[-78.1512398,-0.0839742],[-78.1513315,-0.0842861]]],[[[-78.1516415,-0.083749],[-78.1514253,-0.0838096],[-78.1514559,-0.0839136],[-78.1516721,-0.083853],[-78.1516415,-0.083749]]],[[[-78.1516109,-0.083645],[-78.1515191,-0.083333],[-78.151303,-0.0833937],[-78.1513947,-0.0837055],[-78.1516109,-0.083645]]],[[[-78.1512724,-0.0832899],[-78.1514886,-0.0832291],[-78.151458,-0.0831251],[-78.1510256,-0.0832463],[-78.1510868,-0.0834543],[-78.151303,-0.0833937],[-78.1512724,-0.0832899]]],[[[-78.1508566,-0.0829245],[-78.149856,-0.0793302],[-78.1473217,-0.0804617],[-78.1478356,-0.0809787],[-78.1479087,-0.0812426],[-78.1482415,-0.0817791],[-78.1483174,-0.0820909],[-78.1486139,-0.0827866],[-78.148727,-0.0832502],[-78.1489657,-0.0837899],[-78.1508566,-0.0829245]]],[[[-78.1511806,-0.0829777],[-78.1512112,-0.0830817],[-78.1514274,-0.0830211],[-78.1513968,-0.0829171],[-78.1511806,-0.0829777]]],[[[-78.1509645,-0.0830384],[-78.1511806,-0.0829777],[-78.15115,-0.0828738],[-78.1509339,-0.0829344],[-78.1509645,-0.0830384]]],[[[-78.1508791,-0.082734],[-78.1509074,-0.0828386],[-78.1513397,-0.0827174],[-78.1512832,-0.0825081],[-78.151067,-0.0825688],[-78.1510953,-0.0826734],[-78.1508791,-0.082734]]],[[[-78.1508508,-0.0826294],[-78.151067,-0.0825688],[-78.1510387,-0.0824641],[-78.1508226,-0.0825247],[-78.1508508,-0.0826294]]],[[[-78.1512266,-0.0822989],[-78.1510104,-0.0823595],[-78.1510387,-0.0824641],[-78.1512549,-0.0824035],[-78.1512266,-0.0822989]]],[[[-78.1507095,-0.0821062],[-78.1507943,-0.0824201],[-78.1510104,-0.0823595],[-78.1509539,-0.0821503],[-78.1511701,-0.0820896],[-78.1511418,-0.081985],[-78.1507095,-0.0821062]]],[[[-78.1506812,-0.0820016],[-78.1508973,-0.081941],[-78.1508691,-0.0818364],[-78.1506529,-0.081897],[-78.1506812,-0.0820016]]],[[[-78.1506246,-0.0817924],[-78.1508408,-0.0817317],[-78.1508691,-0.0818364],[-78.1510852,-0.0817758],[-78.1510004,-0.0814619],[-78.1505681,-0.0815831],[-78.1506246,-0.0817924]]],[[[-78.151182,-0.081411],[-78.1512385,-0.0816201],[-78.1514569,-0.0815577],[-78.1513972,-0.0813506],[-78.151182,-0.081411]]],[[[-78.1506935,-0.077172],[-78.1519674,-0.0768206],[-78.1519109,-0.0766188],[-78.1506338,-0.0769626],[-78.1506935,-0.077172]]],[[[-78.1505185,-0.0765581],[-78.1505771,-0.0767633],[-78.1518572,-0.0764272],[-78.1517997,-0.0762218],[-78.1505185,-0.0765581]]],[[[-78.1509839,-0.0741126],[-78.1510464,-0.0743201],[-78.1512459,-0.0742666],[-78.1511833,-0.0740587],[-78.1509839,-0.0741126]]],[[[-78.1508015,-0.0595719],[-78.1510939,-0.0589226],[-78.1507393,-0.0584834],[-78.1506489,-0.0583247],[-78.1505512,-0.0582413],[-78.1501349,-0.0577106],[-78.1500004,-0.0577275],[-78.1496109,-0.0580837],[-78.1495653,-0.058035],[-78.148901,-0.0588864],[-78.1502389,-0.0605686],[-78.1507086,-0.0599939],[-78.1508015,-0.0595719]]],[[[-78.1519315,-0.0575518],[-78.1519522,-0.0573233],[-78.1515621,-0.0572257],[-78.1517412,-0.0574599],[-78.1519283,-0.0577886],[-78.1519709,-0.0577797],[-78.1519315,-0.0575518]]],[[[-78.151468,-0.0571187],[-78.1514648,-0.0557869],[-78.1525977,-0.055823],[-78.1526151,-0.0556381],[-78.1505226,-0.0553676],[-78.1504303,-0.0557472],[-78.1509344,-0.0557666],[-78.1508072,-0.0572148],[-78.1511676,-0.0571126],[-78.151468,-0.0571187]]],[[[-78.1526537,-0.0554511],[-78.1527157,-0.0549376],[-78.152523,-0.0548144],[-78.1521541,-0.0545048],[-78.151824,-0.0543374],[-78.1512327,-0.0539106],[-78.1511532,-0.0538808],[-78.1510831,-0.0539357],[-78.1507316,-0.054584],[-78.1507068,-0.0545751],[-78.1506165,-0.0549642],[-78.1526537,-0.0554511]]],[[[-78.1519425,-0.0543132],[-78.1519814,-0.0541643],[-78.1516801,-0.0540646],[-78.1513039,-0.0538804],[-78.1518884,-0.054295],[-78.1519425,-0.0543132]]],[[[-78.1501921,-0.0517046],[-78.1500197,-0.0514665],[-78.1498689,-0.0510706],[-78.1498907,-0.0508405],[-78.1498711,-0.0503821],[-78.1499286,-0.0499415],[-78.1500118,-0.0497572],[-78.1503414,-0.0493038],[-78.1510432,-0.0485363],[-78.151071,-0.0483111],[-78.1510258,-0.0481287],[-78.1510345,-0.0478147],[-78.1510235,-0.0477772],[-78.1508393,-0.0479631],[-78.1505082,-0.0483852],[-78.1502961,-0.0482156],[-78.1504509,-0.0481198],[-78.1508187,-0.047493],[-78.1506044,-0.047207],[-78.1502444,-0.0468911],[-78.1501167,-0.0470458],[-78.1498466,-0.0468311],[-78.1499521,-0.0466834],[-78.1498377,-0.0466121],[-78.1494597,-0.0471284],[-78.1495802,-0.0472147],[-78.1493721,-0.0474788],[-78.1490079,-0.0471803],[-78.1495458,-0.0464135],[-78.1490447,-0.0459616],[-78.1486095,-0.0465227],[-78.1483855,-0.0463534],[-78.1488252,-0.0457614],[-78.1487611,-0.0457208],[-78.1481498,-0.0464288],[-78.1479443,-0.0468056],[-78.1478996,-0.0469988],[-78.1481153,-0.0477741],[-78.1486097,-0.0471463],[-78.1488684,-0.0473386],[-78.1478937,-0.0485135],[-78.147691,-0.048122],[-78.1473939,-0.0477223],[-78.14717,-0.0479441],[-78.1474005,-0.0481346],[-78.1475004,-0.0484669],[-78.1476701,-0.0487621],[-78.1485195,-0.0496437],[-78.1490847,-0.0506044],[-78.149481,-0.0511111],[-78.1496649,-0.0514388],[-78.1499841,-0.0518577],[-78.1502206,-0.0522694],[-78.1504001,-0.0521306],[-78.1504201,-0.0520575],[-78.1503189,-0.0518079],[-78.1501921,-0.0517046]]],[[[-78.1503736,-0.0517876],[-78.1505433,-0.0520865],[-78.1507695,-0.052121],[-78.1512277,-0.0518876],[-78.1514424,-0.051728],[-78.1505292,-0.0504045],[-78.1499466,-0.0507955],[-78.1499204,-0.0509114],[-78.1499549,-0.0512103],[-78.1501389,-0.0515462],[-78.1503736,-0.0517876]]],[[[-78.150322,-0.0462224],[-78.1499686,-0.0466098],[-78.1503754,-0.0469103],[-78.1507122,-0.046515],[-78.1504744,-0.0463704],[-78.150322,-0.0462224]]],[[[-78.1503739,-0.0462189],[-78.1507429,-0.0464724],[-78.1515879,-0.0454119],[-78.1517548,-0.0451553],[-78.1517535,-0.0451084],[-78.1516823,-0.0450349],[-78.1511609,-0.0447077],[-78.1509246,-0.0445969],[-78.1508183,-0.0448654],[-78.1506583,-0.0451286],[-78.1501913,-0.0457034],[-78.1499748,-0.0458644],[-78.1502287,-0.0460535],[-78.1502271,-0.0460107],[-78.1503927,-0.046122],[-78.1503739,-0.0462189]]],[[[-78.1519008,-0.0446752],[-78.1520266,-0.0443124],[-78.1521135,-0.0436219],[-78.1513817,-0.0435862],[-78.1512341,-0.0434305],[-78.1513425,-0.0430513],[-78.1513481,-0.0429328],[-78.1505103,-0.0427521],[-78.1498159,-0.042449],[-78.1498393,-0.0423953],[-78.1504551,-0.0426723],[-78.1512419,-0.0428823],[-78.1513325,-0.0427928],[-78.1521166,-0.0428561],[-78.1521062,-0.0418105],[-78.1514598,-0.0417073],[-78.1520356,-0.0412674],[-78.1520082,-0.0412234],[-78.1525396,-0.0408153],[-78.1524866,-0.0401012],[-78.152426,-0.0399222],[-78.1510602,-0.0405956],[-78.1505661,-0.0408932],[-78.1512486,-0.0416552],[-78.1503131,-0.0413777],[-78.1501379,-0.0417442],[-78.1498065,-0.0414057],[-78.1491613,-0.0418473],[-78.1489679,-0.041888],[-78.1485911,-0.0420466],[-78.148017,-0.0422204],[-78.1477388,-0.0424496],[-78.1475182,-0.0424734],[-78.1475089,-0.0425726],[-78.1476021,-0.0426427],[-78.1476506,-0.0426975],[-78.1478685,-0.0427354],[-78.1479416,-0.0428414],[-78.1480961,-0.0428602],[-78.148152,-0.042801],[-78.1485926,-0.0431411],[-78.1491977,-0.0432961],[-78.149193,-0.0434199],[-78.1490793,-0.0437152],[-78.1490921,-0.0437566],[-78.1494733,-0.0437932],[-78.1499584,-0.0440909],[-78.1512308,-0.0446999],[-78.1517324,-0.0449875],[-78.15181,-0.044989],[-78.1518485,-0.0449495],[-78.1519008,-0.0446752]]],[[[-78.1489252,-0.1155234],[-78.1490468,-0.1162269],[-78.1503799,-0.1159077],[-78.1502373,-0.1151942],[-78.1489252,-0.1155234]]],[[[-78.1486018,-0.1140744],[-78.1472992,-0.1143589],[-78.1474073,-0.1150843],[-78.1487273,-0.1148004],[-78.1486018,-0.1140744]]],[[[-78.1484035,-0.1125063],[-78.148531,-0.1132435],[-78.1497909,-0.1129598],[-78.1496395,-0.1122021],[-78.1484035,-0.1125063]]],[[[-78.1469295,-0.1118786],[-78.1481575,-0.1116045],[-78.1480418,-0.1108355],[-78.1468148,-0.1111092],[-78.1469295,-0.1118786]]],[[[-78.1482713,-0.1117415],[-78.1494879,-0.1114434],[-78.1493324,-0.1106652],[-78.1481364,-0.1109613],[-78.1482713,-0.1117415]]],[[[-78.1480325,-0.1107821],[-78.1477154,-0.1089027],[-78.1474641,-0.1089939],[-78.1472345,-0.1082949],[-78.1464249,-0.1084881],[-78.1468068,-0.1110555],[-78.1480325,-0.1107821]]],[[[-78.1477921,-0.1089696],[-78.1481272,-0.1109078],[-78.1493218,-0.110612],[-78.1487967,-0.107984],[-78.1479453,-0.1082542],[-78.1481487,-0.1088423],[-78.1477921,-0.1089696]]],[[[-78.1490869,-0.108993],[-78.1497897,-0.1088658],[-78.1495617,-0.1077305],[-78.1488563,-0.1078582],[-78.1490869,-0.108993]]],[[[-78.1472959,-0.1063774],[-78.1484084,-0.1060401],[-78.148243,-0.1052577],[-78.1470243,-0.105592],[-78.1472959,-0.1063774]]],[[[-78.1489722,-0.1047959],[-78.1497193,-0.1046317],[-78.1495388,-0.1037134],[-78.1493876,-0.1037737],[-78.1493911,-0.1038512],[-78.1493302,-0.1038691],[-78.1492713,-0.1036963],[-78.1493825,-0.103659],[-78.1493851,-0.1037164],[-78.1495279,-0.1036594],[-78.1495022,-0.10354],[-78.148753,-0.1037047],[-78.1489722,-0.1047959]]],[[[-78.1472667,-0.1029956],[-78.1473379,-0.1034896],[-78.1474338,-0.1034784],[-78.147748,-0.1035613],[-78.1473558,-0.1028366],[-78.1472667,-0.1029956]]],[[[-78.1486989,-0.1022234],[-78.1484557,-0.1025532],[-78.1483515,-0.1028251],[-78.1496754,-0.1027289],[-78.1498578,-0.1023364],[-78.1495882,-0.1021537],[-78.1491999,-0.1020255],[-78.1489498,-0.1020551],[-78.1486989,-0.1022234]]],[[[-78.14793,-0.1017685],[-78.1470197,-0.0999496],[-78.1462199,-0.1006657],[-78.1464754,-0.1011646],[-78.1444859,-0.1027219],[-78.1448446,-0.1036646],[-78.1456133,-0.1030731],[-78.1457666,-0.1034339],[-78.1449855,-0.1040349],[-78.1452633,-0.1047649],[-78.1460615,-0.1041507],[-78.1461652,-0.1043555],[-78.1463617,-0.1039782],[-78.1465481,-0.1037619],[-78.1464826,-0.1029759],[-78.1467707,-0.1027947],[-78.1468871,-0.1027351],[-78.1469325,-0.1027436],[-78.1464709,-0.1018895],[-78.146765,-0.1017461],[-78.1473558,-0.1028366],[-78.14793,-0.1017685]]],[[[-78.1491911,-0.1016038],[-78.1495189,-0.1018441],[-78.1496183,-0.1010267],[-78.150072,-0.1010585],[-78.1498976,-0.1006357],[-78.1498497,-0.1004327],[-78.1497527,-0.1002556],[-78.1496394,-0.1002607],[-78.149649,-0.1006509],[-78.1490634,-0.1006867],[-78.1487376,-0.1011428],[-78.1487247,-0.1019355],[-78.1488384,-0.1017421],[-78.148977,-0.1016231],[-78.1491911,-0.1016038]]],[[[-78.1493379,-0.1001009],[-78.1495641,-0.0997257],[-78.1495838,-0.0995168],[-78.1492427,-0.0976085],[-78.1464226,-0.0978185],[-78.1464472,-0.098502],[-78.1463976,-0.098584],[-78.1464036,-0.0986284],[-78.146546,-0.0989019],[-78.1465971,-0.0989327],[-78.1468272,-0.0994314],[-78.1481307,-0.0993286],[-78.1484716,-0.1010544],[-78.1486664,-0.1009268],[-78.1493379,-0.1001009]]],[[[-78.1489489,-0.096129],[-78.147834,-0.0962179],[-78.1479101,-0.0966043],[-78.1468638,-0.0967176],[-78.1464373,-0.0974205],[-78.1480346,-0.0973229],[-78.1479657,-0.0969415],[-78.1490789,-0.0968506],[-78.1489489,-0.096129]]],[[[-78.1487791,-0.0953533],[-78.148059,-0.0954014],[-78.148197,-0.0961523],[-78.1489417,-0.0960933],[-78.1487791,-0.0953533]]],[[[-78.1477165,-0.0950897],[-78.1459124,-0.0952143],[-78.1458686,-0.0952445],[-78.1458102,-0.0951933],[-78.1458537,-0.0951372],[-78.1460581,-0.0951499],[-78.1460345,-0.0948097],[-78.1480557,-0.0946788],[-78.1484937,-0.0940717],[-78.1484438,-0.0937525],[-78.1479954,-0.093785],[-78.1480134,-0.093967],[-78.1453523,-0.0941573],[-78.1452926,-0.0939268],[-78.1484341,-0.0936988],[-78.1478188,-0.0906015],[-78.1464072,-0.0907017],[-78.1452691,-0.0925246],[-78.145041,-0.0929619],[-78.1447938,-0.0933257],[-78.1451289,-0.0935365],[-78.1445533,-0.0936733],[-78.1442729,-0.0941192],[-78.1447752,-0.0940085],[-78.1447803,-0.0940285],[-78.1442556,-0.0941463],[-78.1434088,-0.0955051],[-78.1442762,-0.0952778],[-78.1455082,-0.0948698],[-78.1454741,-0.0946683],[-78.1456954,-0.0955727],[-78.1474356,-0.0954444],[-78.1477165,-0.0950897]],[[-78.1450887,-0.0931184],[-78.1451877,-0.0935217],[-78.1451717,-0.0935262],[-78.145084,-0.0931415],[-78.1450887,-0.0931184]]],[[[-78.1482824,-0.0949714],[-78.1486912,-0.0949284],[-78.1486282,-0.0946231],[-78.1482585,-0.0946606],[-78.1482824,-0.0949714]]],[[[-78.1480651,-0.0914883],[-78.1490472,-0.0914413],[-78.1489425,-0.0906305],[-78.1479176,-0.0907489],[-78.1480651,-0.0914883]]],[[[-78.147171,-0.089477],[-78.1468054,-0.090078],[-78.1476072,-0.0900028],[-78.1474995,-0.0896938],[-78.1475109,-0.089597],[-78.1478443,-0.0891366],[-78.1480496,-0.0884109],[-78.1478656,-0.0884237],[-78.1475561,-0.0889302],[-78.147171,-0.089477]]],[[[-78.1496071,-0.0871782],[-78.1496247,-0.0870944],[-78.1495927,-0.0869538],[-78.1495248,-0.086964],[-78.1495418,-0.0867811],[-78.1493622,-0.086734],[-78.1485642,-0.0862626],[-78.1484033,-0.0862085],[-78.1482518,-0.086212],[-78.1481042,-0.0862887],[-78.1480497,-0.086368],[-78.1479993,-0.0868549],[-78.1480419,-0.0873884],[-78.1496071,-0.0871782]]],[[[-78.1479041,-0.0872],[-78.147891,-0.0864775],[-78.1479563,-0.0862622],[-78.1477577,-0.0861823],[-78.1476134,-0.0861897],[-78.147299,-0.0862798],[-78.1465153,-0.0864303],[-78.1467004,-0.087222],[-78.1468361,-0.0881174],[-78.146896,-0.0881353],[-78.1479451,-0.0880623],[-78.1479859,-0.0877826],[-78.1479041,-0.0872]]],[[[-78.1496205,-0.0867094],[-78.1495118,-0.0862921],[-78.1493864,-0.0862841],[-78.1493548,-0.0862442],[-78.1493019,-0.0858547],[-78.1493261,-0.0857775],[-78.1492739,-0.0855774],[-78.1493514,-0.0854226],[-78.1493367,-0.0852135],[-78.1492643,-0.0850128],[-78.1490873,-0.0848523],[-78.149115,-0.0846996],[-78.148972,-0.08454],[-78.1489485,-0.0844399],[-78.1489704,-0.084385],[-78.1489081,-0.0843086],[-78.1476629,-0.0847141],[-78.147781,-0.0850413],[-78.1479076,-0.0856591],[-78.1480064,-0.0856119],[-78.1480803,-0.0857925],[-78.1482723,-0.0857266],[-78.148368,-0.0859919],[-78.1483732,-0.0860948],[-78.1485973,-0.0861535],[-78.148933,-0.0863316],[-78.1493982,-0.0866481],[-78.1496205,-0.0867094]]],[[[-78.1493478,-0.0860687],[-78.1493831,-0.0862417],[-78.1495408,-0.0862713],[-78.1495846,-0.0863239],[-78.1494558,-0.0860497],[-78.1493843,-0.0857938],[-78.1493396,-0.0858483],[-78.1493666,-0.0859751],[-78.1493478,-0.0860687]]],[[[-78.148758,-0.0835571],[-78.1486186,-0.083416],[-78.1486228,-0.0832052],[-78.1485626,-0.0828964],[-78.1483618,-0.0825765],[-78.1481418,-0.081771],[-78.1479287,-0.0814929],[-78.1478205,-0.0814199],[-78.1476496,-0.0809423],[-78.147481,-0.0808572],[-78.1474129,-0.0807534],[-78.147252,-0.0806459],[-78.1471688,-0.0804759],[-78.146165,-0.0809034],[-78.1474806,-0.0841921],[-78.1487604,-0.0836788],[-78.148758,-0.0835571]]],[[[-78.1486925,-0.0832612],[-78.1487042,-0.0834244],[-78.148825,-0.0835574],[-78.1486925,-0.0832612]]],[[[-78.1477932,-0.0779446],[-78.1492259,-0.0771816],[-78.1490366,-0.0765291],[-78.1485554,-0.0767813],[-78.1483407,-0.0761819],[-78.1473447,-0.0766922],[-78.1473291,-0.0766394],[-78.1475739,-0.0765139],[-78.1473928,-0.0759262],[-78.1471549,-0.07605],[-78.1469555,-0.0754394],[-78.1484956,-0.0746266],[-78.1482221,-0.0737053],[-78.1478469,-0.073878],[-78.1479928,-0.0742886],[-78.1463351,-0.0750551],[-78.1461242,-0.074611],[-78.1460437,-0.0741126],[-78.1480684,-0.073189],[-78.1479051,-0.0726527],[-78.1471573,-0.0730059],[-78.1466698,-0.073109],[-78.1463862,-0.0732265],[-78.1454838,-0.0739818],[-78.1455374,-0.0739831],[-78.1456039,-0.0740435],[-78.1457004,-0.0742651],[-78.1457863,-0.0746561],[-78.1459158,-0.0749228],[-78.1459181,-0.075168],[-78.1459652,-0.0752664],[-78.1459299,-0.0753742],[-78.1459579,-0.0756011],[-78.1459939,-0.0752813],[-78.1459791,-0.0750215],[-78.1459317,-0.0748967],[-78.1459653,-0.0748838],[-78.1460147,-0.0750138],[-78.1460298,-0.0752816],[-78.1459937,-0.0755991],[-78.1460583,-0.075951],[-78.1464002,-0.0765669],[-78.1464116,-0.0768137],[-78.1465997,-0.0771292],[-78.1466984,-0.0774697],[-78.1468979,-0.0778369],[-78.1469548,-0.0783687],[-78.1470805,-0.0790715],[-78.1471018,-0.0791447],[-78.1473434,-0.0794713],[-78.1491833,-0.0785775],[-78.1493079,-0.0790096],[-78.1497201,-0.0788311],[-78.1494098,-0.0778139],[-78.1479256,-0.0785748],[-78.1477932,-0.0779446]]],[[[-78.1486807,-0.0752556],[-78.1476323,-0.0758014],[-78.1478143,-0.0763907],[-78.1488503,-0.0758596],[-78.1486807,-0.0752556]]],[[[-78.1493049,-0.0760404],[-78.149668,-0.075786],[-78.1495558,-0.0754809],[-78.1498924,-0.0753554],[-78.1498626,-0.0752744],[-78.1501238,-0.0751838],[-78.1490801,-0.0717035],[-78.1487519,-0.0719454],[-78.1483479,-0.0723728],[-78.1479694,-0.0726172],[-78.148639,-0.0748356],[-78.1490852,-0.0764339],[-78.1493049,-0.0760404]]],[[[-78.1482247,-0.0723669],[-78.1488616,-0.071753],[-78.1493746,-0.0714274],[-78.1497992,-0.071076],[-78.1504289,-0.0708065],[-78.1506232,-0.0700352],[-78.1484984,-0.0694441],[-78.1475868,-0.0727048],[-78.1480394,-0.0724917],[-78.1482247,-0.0723669]]],[[[-78.1486182,-0.0690402],[-78.150731,-0.0696508],[-78.1508431,-0.069289],[-78.1487055,-0.0686605],[-78.1486182,-0.0690402]]],[[[-78.1486859,-0.0667427],[-78.1484651,-0.0664027],[-78.1482001,-0.066156],[-78.148018,-0.0658479],[-78.1466447,-0.0654666],[-78.1478229,-0.0653803],[-78.147721,-0.0650995],[-78.147368,-0.0644084],[-78.1467307,-0.0649753],[-78.146488,-0.0646425],[-78.1465913,-0.0645092],[-78.1457366,-0.0635104],[-78.1454685,-0.0637516],[-78.1463682,-0.0647976],[-78.1457325,-0.0653537],[-78.1455902,-0.0653966],[-78.1456027,-0.0657639],[-78.1457227,-0.0662447],[-78.1457224,-0.0664834],[-78.1489614,-0.0674262],[-78.1490706,-0.0669335],[-78.1486859,-0.0667427]],[[-78.1463777,-0.0651278],[-78.1464622,-0.0649105],[-78.146424,-0.0648608],[-78.1464,-0.0648153],[-78.1463974,-0.0647934],[-78.1464667,-0.0649107],[-78.1463821,-0.0651291],[-78.1463806,-0.0653935],[-78.1463677,-0.0653316],[-78.146372,-0.0651843],[-78.1463777,-0.0651278]]],[[[-78.1471301,-0.0608536],[-78.1473271,-0.0610859],[-78.147621,-0.0608381],[-78.1474424,-0.060614],[-78.1471301,-0.0608536]]],[[[-78.1481206,-0.0597801],[-78.1476232,-0.0601455],[-78.1484709,-0.0612239],[-78.1487227,-0.0614976],[-78.1492634,-0.0612087],[-78.1481206,-0.0597801]]],[[[-78.1500982,-0.0606977],[-78.1487693,-0.0590435],[-78.1485149,-0.0593613],[-78.1497615,-0.0609297],[-78.1500982,-0.0606977]]],[[[-78.1478016,-0.0573046],[-78.1488291,-0.058804],[-78.1499914,-0.0572705],[-78.1498053,-0.0571262],[-78.1496308,-0.0570452],[-78.1491048,-0.0569892],[-78.1486336,-0.0570322],[-78.1478452,-0.0572865],[-78.1478016,-0.0573046]]],[[[-78.1478241,-0.0471021],[-78.1477588,-0.0470714],[-78.147654,-0.0468443],[-78.1476005,-0.046589],[-78.1475819,-0.0464586],[-78.1476423,-0.0460083],[-78.1470944,-0.0460411],[-78.147115,-0.0462233],[-78.1470373,-0.046377],[-78.1470448,-0.0465731],[-78.147266,-0.0474579],[-78.1474045,-0.0477307],[-78.1475928,-0.0479606],[-78.1477405,-0.0481984],[-78.1480809,-0.0478177],[-78.1478776,-0.0470499],[-78.1478241,-0.0471021]]],[[[-78.1478103,-0.047043],[-78.1478938,-0.0467861],[-78.1481205,-0.046377],[-78.1485577,-0.0458692],[-78.1487879,-0.0455216],[-78.1491914,-0.0450077],[-78.1497357,-0.0444818],[-78.1493604,-0.0441536],[-78.149579,-0.0439073],[-78.1495115,-0.0438685],[-78.1493507,-0.0438267],[-78.1490121,-0.0438014],[-78.1488572,-0.0439796],[-78.1486004,-0.0440966],[-78.1479772,-0.0441336],[-78.1478963,-0.0441067],[-78.1476273,-0.0441453],[-78.1473568,-0.044562],[-78.1471566,-0.0449876],[-78.1471577,-0.0450401],[-78.1472928,-0.0452603],[-78.1476615,-0.0453554],[-78.1476955,-0.0459308],[-78.147625,-0.0465157],[-78.1476908,-0.0468414],[-78.1478103,-0.047043]]],[[[-78.1495621,-0.0456237],[-78.1490538,-0.0452923],[-78.1488087,-0.0456141],[-78.1488786,-0.0457348],[-78.1492076,-0.0460348],[-78.1495621,-0.0456237]]],[[[-78.1499317,-0.0451563],[-78.1504787,-0.0443817],[-78.1499958,-0.0441557],[-78.1497644,-0.0445105],[-78.1492247,-0.0450555],[-78.1491065,-0.0452187],[-78.1498327,-0.0456067],[-78.1500811,-0.0451576],[-78.1499317,-0.0451563]]],[[[-78.1485304,-0.0440651],[-78.148768,-0.0440101],[-78.1489153,-0.0438473],[-78.1487832,-0.0437892],[-78.1485326,-0.0436627],[-78.1484307,-0.0435827],[-78.1482556,-0.0433879],[-78.1476609,-0.0440899],[-78.1478988,-0.0440531],[-78.1479955,-0.0440787],[-78.1485304,-0.0440651]]],[[[-78.1479958,-0.0430387],[-78.1479737,-0.043062],[-78.1479453,-0.0430271],[-78.1477347,-0.0432234],[-78.1477035,-0.0431907],[-78.1471685,-0.0438442],[-78.1473933,-0.0439618],[-78.1480702,-0.0431531],[-78.1479958,-0.0430387]]],[[[-78.1491688,-0.0433421],[-78.1485706,-0.0431867],[-78.1481572,-0.0428676],[-78.1479974,-0.043037],[-78.1484323,-0.043581],[-78.1485338,-0.0436608],[-78.1489169,-0.0438455],[-78.1490663,-0.0436709],[-78.1491688,-0.0433421]]],[[[-78.1475158,-0.0424735],[-78.1470756,-0.0424453],[-78.1470207,-0.0424857],[-78.1468824,-0.0424449],[-78.1468364,-0.0424987],[-78.1467055,-0.0425472],[-78.1469894,-0.0428419],[-78.1472267,-0.0427956],[-78.1474973,-0.0429091],[-78.147701,-0.0427228],[-78.1476493,-0.0426994],[-78.1475068,-0.0425738],[-78.1475158,-0.0424735]]],[[[-78.1478759,-0.0411689],[-78.1485807,-0.0419035],[-78.1487362,-0.0418719],[-78.1488996,-0.0418848],[-78.1491855,-0.0418253],[-78.1492123,-0.0418003],[-78.1491935,-0.0417801],[-78.1493493,-0.0416753],[-78.1486791,-0.0410276],[-78.1482481,-0.0411545],[-78.1479699,-0.0411858],[-78.1478759,-0.0411689]]],[[[-78.1497315,-0.0413548],[-78.1488537,-0.0405107],[-78.1492015,-0.0402578],[-78.148766,-0.039855],[-78.148029,-0.040372],[-78.1493642,-0.0416132],[-78.1497315,-0.0413548]]],[[[-78.1473143,-0.0123096],[-78.1478412,-0.0124061],[-78.1478494,-0.012229],[-78.1476359,-0.0117669],[-78.1478042,-0.0117567],[-78.1478104,-0.0117007],[-78.1477674,-0.0114865],[-78.14765,-0.0112718],[-78.1474786,-0.0113223],[-78.1472573,-0.0114482],[-78.1472988,-0.0115395],[-78.1475151,-0.011535],[-78.1474834,-0.0117795],[-78.1474574,-0.0117759],[-78.1473129,-0.0119741],[-78.1472797,-0.0117293],[-78.1469945,-0.0117761],[-78.1470371,-0.0120155],[-78.1472309,-0.0120377],[-78.1472938,-0.0119947],[-78.1473143,-0.0123096]]],[[[-78.1488073,-0.0116601],[-78.1493292,-0.0123029],[-78.1493833,-0.0121741],[-78.1495852,-0.0120875],[-78.149688,-0.012004],[-78.1496908,-0.0118923],[-78.1496304,-0.0116893],[-78.1496826,-0.0116082],[-78.149472,-0.0110222],[-78.1495064,-0.0109317],[-78.1494146,-0.010847],[-78.1494169,-0.0110091],[-78.1491584,-0.0108384],[-78.1490107,-0.0109774],[-78.1490975,-0.0111661],[-78.1494014,-0.0112629],[-78.1492948,-0.0114358],[-78.1491549,-0.0115839],[-78.1490337,-0.0115232],[-78.1488073,-0.0116601]]],[[[-78.1475859,-0.0049641],[-78.1476095,-0.0049302],[-78.1476057,-0.0047274],[-78.1477463,-0.0045323],[-78.147975,-0.0040478],[-78.1476927,-0.0038424],[-78.1475752,-0.0038208],[-78.1474883,-0.0038401],[-78.1472553,-0.0039739],[-78.1469,-0.0040923],[-78.1466992,-0.004209],[-78.1470615,-0.0047398],[-78.1473826,-0.0046136],[-78.1474737,-0.0048278],[-78.1473973,-0.0048577],[-78.1475859,-0.0049641]]],[[[-78.1472943,-0.1148129],[-78.1469942,-0.1127992],[-78.1455578,-0.1131153],[-78.14582,-0.1147171],[-78.1446756,-0.1147835],[-78.1438186,-0.1153593],[-78.1439318,-0.116916],[-78.1445583,-0.1168467],[-78.1444664,-0.1155624],[-78.145332,-0.1155206],[-78.1454288,-0.1167104],[-78.1454714,-0.1167544],[-78.145475,-0.1168139],[-78.1453953,-0.1168749],[-78.1452848,-0.116848],[-78.1445678,-0.1169368],[-78.1446341,-0.1178411],[-78.1462454,-0.1175138],[-78.1458806,-0.1151176],[-78.1472943,-0.1148129]]],[[[-78.1445461,-0.1089827],[-78.1441093,-0.1087882],[-78.1439999,-0.1088045],[-78.1438032,-0.1088992],[-78.1427548,-0.1099174],[-78.1426528,-0.1102339],[-78.1427432,-0.1114983],[-78.1433089,-0.1113275],[-78.1437248,-0.1110841],[-78.1444056,-0.1107963],[-78.1448664,-0.1107257],[-78.1449873,-0.1107753],[-78.1450554,-0.1108486],[-78.1450954,-0.111028],[-78.1450341,-0.1111688],[-78.1446985,-0.1114959],[-78.145286,-0.1114534],[-78.1448901,-0.1083586],[-78.1447185,-0.1088789],[-78.1446483,-0.1089537],[-78.1445461,-0.1089827]]],[[[-78.1456629,-0.1051918],[-78.1453371,-0.1053207],[-78.1451922,-0.1053295],[-78.1457534,-0.1070075],[-78.1462964,-0.1065406],[-78.1463915,-0.1063569],[-78.1459426,-0.1049578],[-78.1458521,-0.1050632],[-78.1456629,-0.1051918]]],[[[-78.1442432,-0.1043311],[-78.1443756,-0.1048865],[-78.1441201,-0.1055738],[-78.1440906,-0.1056312],[-78.1439425,-0.10571],[-78.1434896,-0.1058666],[-78.14365,-0.1058406],[-78.1438405,-0.1059116],[-78.1440779,-0.1060549],[-78.1441905,-0.1060786],[-78.1444859,-0.105719],[-78.1447436,-0.1055482],[-78.1450022,-0.1051949],[-78.145089,-0.1051371],[-78.1453287,-0.1050728],[-78.1444581,-0.1027839],[-78.1438481,-0.1032304],[-78.1439575,-0.1036119],[-78.1437058,-0.1037082],[-78.1438835,-0.1042052],[-78.1441415,-0.1041039],[-78.1442432,-0.1043311]]],[[[-78.1446467,-0.1017822],[-78.144527,-0.1015165],[-78.1452665,-0.1011674],[-78.1444879,-0.0995784],[-78.1426972,-0.1001298],[-78.1418734,-0.1004169],[-78.1416121,-0.0995778],[-78.1423937,-0.099326],[-78.14191,-0.0981584],[-78.1418271,-0.098027],[-78.1401557,-0.1007684],[-78.1402298,-0.1008406],[-78.1402517,-0.1009507],[-78.141756,-0.1004577],[-78.1419343,-0.1009801],[-78.1429683,-0.1006026],[-78.1431028,-0.1009846],[-78.1431478,-0.1012333],[-78.1432119,-0.1013493],[-78.1433506,-0.1018889],[-78.1436114,-0.1025505],[-78.1420495,-0.1031659],[-78.1422409,-0.1036631],[-78.1437676,-0.1030779],[-78.1438137,-0.1032063],[-78.144907,-0.1023364],[-78.1447644,-0.1020525],[-78.1454781,-0.1015656],[-78.1453777,-0.1013576],[-78.1446467,-0.1017822]]],[[[-78.1464049,-0.101154],[-78.1454589,-0.0992683],[-78.144523,-0.0995669],[-78.1456142,-0.1017734],[-78.1464049,-0.101154]]],[[[-78.1456344,-0.098958],[-78.1456683,-0.0988817],[-78.1463932,-0.0985521],[-78.146416,-0.0985031],[-78.1464095,-0.0982087],[-78.1462978,-0.0982172],[-78.1460402,-0.0970783],[-78.1466335,-0.097032],[-78.1467984,-0.0967266],[-78.1459522,-0.0967952],[-78.1458429,-0.0961836],[-78.1471105,-0.0960795],[-78.1472827,-0.0957728],[-78.145771,-0.0958834],[-78.1455166,-0.0949012],[-78.1440304,-0.0953797],[-78.1453379,-0.0987205],[-78.1452859,-0.0987419],[-78.1439753,-0.0953942],[-78.14338,-0.0955501],[-78.1433533,-0.0956724],[-78.1431518,-0.0959936],[-78.1433182,-0.0961732],[-78.1431998,-0.0963599],[-78.1430499,-0.0961534],[-78.1428505,-0.0964744],[-78.1432849,-0.0975974],[-78.143235,-0.0976177],[-78.1428122,-0.09653],[-78.1425413,-0.0968785],[-78.1421443,-0.0975156],[-78.1423677,-0.0980849],[-78.1419743,-0.0982166],[-78.1427361,-0.1000335],[-78.1428583,-0.1000558],[-78.1436687,-0.0997882],[-78.1429514,-0.0979397],[-78.1433145,-0.0978255],[-78.1440409,-0.0996685],[-78.1456811,-0.0991496],[-78.1456344,-0.098958]]],[[[-78.144778,-0.0932237],[-78.1416512,-0.0939441],[-78.141814,-0.0946664],[-78.1441852,-0.0941386],[-78.144778,-0.0932237]]],[[[-78.1446961,-0.0931658],[-78.1447929,-0.0931439],[-78.1449973,-0.0928279],[-78.1448496,-0.0923367],[-78.14146,-0.0930979],[-78.1416308,-0.0938747],[-78.1444976,-0.0932174],[-78.144461,-0.0930261],[-78.1446647,-0.0929853],[-78.1446961,-0.0931658]]],[[[-78.1455075,-0.092026],[-78.1471014,-0.0894851],[-78.1467515,-0.0895135],[-78.1467388,-0.0894783],[-78.147108,-0.0894498],[-78.147386,-0.0889607],[-78.1445208,-0.0891721],[-78.1445124,-0.0891272],[-78.1446859,-0.0891148],[-78.1446417,-0.088896],[-78.1446778,-0.0888932],[-78.1447221,-0.0891122],[-78.1455826,-0.0890508],[-78.1455114,-0.0888249],[-78.1455482,-0.0888221],[-78.1456194,-0.0890483],[-78.147408,-0.0889137],[-78.1474837,-0.08879],[-78.1472808,-0.088805],[-78.1474063,-0.0886021],[-78.1476077,-0.0885871],[-78.1479539,-0.0881049],[-78.1468061,-0.0881634],[-78.1459338,-0.0882501],[-78.1458007,-0.087329],[-78.1466466,-0.0872619],[-78.1464927,-0.0865568],[-78.1459315,-0.0845308],[-78.1434357,-0.0846872],[-78.1433515,-0.0842833],[-78.1421732,-0.0843788],[-78.1422824,-0.0847599],[-78.1405554,-0.0848683],[-78.1408022,-0.0854514],[-78.1411794,-0.0858583],[-78.1413146,-0.0860411],[-78.1413764,-0.0861887],[-78.1414524,-0.0861831],[-78.1415184,-0.0862737],[-78.1416959,-0.0863961],[-78.1417604,-0.0867073],[-78.1418447,-0.0867937],[-78.1419775,-0.0868622],[-78.1420336,-0.086907],[-78.1420823,-0.0869633],[-78.142103,-0.0870171],[-78.1421069,-0.0870483],[-78.1421075,-0.0873775],[-78.1421395,-0.0874769],[-78.1422454,-0.0876154],[-78.1422823,-0.0877563],[-78.142438,-0.0879241],[-78.1425961,-0.0882227],[-78.1427444,-0.088373],[-78.142904,-0.0886941],[-78.1430152,-0.0892578],[-78.143096,-0.0894898],[-78.1432021,-0.0896232],[-78.1433579,-0.0899401],[-78.1436834,-0.0902854],[-78.1437147,-0.090398],[-78.1437353,-0.0905412],[-78.1438871,-0.0908899],[-78.1439681,-0.0912172],[-78.1440911,-0.0914191],[-78.144148,-0.0915779],[-78.1442742,-0.0917467],[-78.1444028,-0.0921072],[-78.1455075,-0.092026]],[[-78.144649,-0.0864259],[-78.1445394,-0.0862908],[-78.1444334,-0.0861201],[-78.1443521,-0.0859689],[-78.144649,-0.0864259]],[[-78.1420231,-0.086237],[-78.1419815,-0.086144],[-78.1419863,-0.0861436],[-78.1420335,-0.0862603],[-78.1420344,-0.0865101],[-78.1420159,-0.0866212],[-78.1420231,-0.086237]]],[[[-78.1476474,-0.0861343],[-78.1478333,-0.0861463],[-78.1479368,-0.0861996],[-78.1477184,-0.0850568],[-78.1465803,-0.0821912],[-78.1454612,-0.0826715],[-78.1456431,-0.083163],[-78.1460173,-0.0847265],[-78.1464925,-0.0863685],[-78.1465751,-0.0863815],[-78.1476474,-0.0861343]]],[[[-78.1463104,-0.0815115],[-78.1458166,-0.0803696],[-78.1454947,-0.0795293],[-78.1453623,-0.0795821],[-78.1452434,-0.0799262],[-78.1449613,-0.0801528],[-78.1448814,-0.0803737],[-78.1444739,-0.0810336],[-78.1444411,-0.0812071],[-78.1444682,-0.0813621],[-78.1445422,-0.0815127],[-78.1446225,-0.0815866],[-78.1446747,-0.0817201],[-78.1448925,-0.0819568],[-78.1449471,-0.0820766],[-78.1463104,-0.0815115]]],[[[-78.1470729,-0.0802836],[-78.1470461,-0.0798287],[-78.1471075,-0.0797344],[-78.1472535,-0.079679],[-78.1472914,-0.0796249],[-78.1472917,-0.0795056],[-78.1470604,-0.0792507],[-78.1469431,-0.0789788],[-78.146917,-0.0787766],[-78.1467481,-0.0784784],[-78.1467718,-0.0781927],[-78.1467355,-0.0781283],[-78.1467175,-0.0778921],[-78.1466477,-0.077749],[-78.1466085,-0.0777679],[-78.1465771,-0.0775818],[-78.1464903,-0.0773984],[-78.1465044,-0.0772363],[-78.1463501,-0.0769112],[-78.1461793,-0.0769606],[-78.1460208,-0.0762569],[-78.1458449,-0.0760093],[-78.1457862,-0.0756739],[-78.1441712,-0.0758875],[-78.1442533,-0.0763622],[-78.1443274,-0.0762345],[-78.1444632,-0.0761457],[-78.1448771,-0.0760216],[-78.1450683,-0.0760718],[-78.1452052,-0.0761531],[-78.1455103,-0.076531],[-78.1456619,-0.0766438],[-78.1459575,-0.0767785],[-78.1460043,-0.076835],[-78.1461127,-0.0770749],[-78.1462827,-0.0776332],[-78.1464086,-0.0778717],[-78.1459581,-0.0780768],[-78.1457842,-0.0776342],[-78.1446445,-0.0780894],[-78.1448859,-0.0785046],[-78.1452933,-0.0794571],[-78.1453577,-0.079488],[-78.1455079,-0.0794374],[-78.1455719,-0.0794818],[-78.1460513,-0.0806682],[-78.1470729,-0.0802836]]],[[[-78.1450464,-0.0790335],[-78.14446,-0.077925],[-78.1441936,-0.0768901],[-78.1441658,-0.0766784],[-78.1441911,-0.0763331],[-78.1440389,-0.0753633],[-78.143151,-0.0757173],[-78.1429596,-0.0752554],[-78.1425901,-0.0753986],[-78.1424442,-0.0747287],[-78.1410583,-0.0753],[-78.1414425,-0.0758652],[-78.1419835,-0.0767713],[-78.1421943,-0.0773852],[-78.1423311,-0.0779781],[-78.1424608,-0.0783777],[-78.1441822,-0.0776498],[-78.1441872,-0.0780201],[-78.1426099,-0.0786966],[-78.1430265,-0.0796002],[-78.1434186,-0.0802912],[-78.1437032,-0.0810315],[-78.1438609,-0.081304],[-78.1448294,-0.0820047],[-78.1446098,-0.0817563],[-78.1443785,-0.0814102],[-78.1443571,-0.0811544],[-78.1444794,-0.0808381],[-78.1448221,-0.0803411],[-78.1449551,-0.0800076],[-78.1451914,-0.079845],[-78.1452354,-0.0797386],[-78.1452426,-0.0795485],[-78.1442301,-0.0799607],[-78.1440163,-0.0794757],[-78.1450464,-0.0790335]]],[[[-78.1465983,-0.0774385],[-78.1467419,-0.0778437],[-78.1468101,-0.0781672],[-78.1468454,-0.0785748],[-78.1470201,-0.0788438],[-78.1469193,-0.0783737],[-78.1468624,-0.0778454],[-78.1467089,-0.0775834],[-78.1466184,-0.0773001],[-78.1465983,-0.0774385]]],[[[-78.1446246,-0.078039],[-78.1461936,-0.0774124],[-78.1459835,-0.0768244],[-78.1455262,-0.0765879],[-78.1451979,-0.0761621],[-78.1450526,-0.076077],[-78.144867,-0.0760463],[-78.144458,-0.0761581],[-78.1443462,-0.0762327],[-78.1442737,-0.0763438],[-78.1442304,-0.0765474],[-78.1442427,-0.0767798],[-78.1444234,-0.0774097],[-78.1444819,-0.0775287],[-78.1445501,-0.0775044],[-78.1445795,-0.0778777],[-78.1446246,-0.078039]]],[[[-78.1455465,-0.0738828],[-78.1462409,-0.0732636],[-78.146169,-0.0731536],[-78.1461184,-0.0725875],[-78.145452,-0.072693],[-78.1453163,-0.073103],[-78.1452976,-0.0733434],[-78.1453746,-0.0735643],[-78.1454039,-0.0737939],[-78.1454523,-0.0738696],[-78.1455465,-0.0738828]]],[[[-78.1452609,-0.0730445],[-78.1453435,-0.0728139],[-78.1453753,-0.072705],[-78.1452398,-0.0727264],[-78.1452609,-0.0730445]]],[[[-78.1440624,-0.0727204],[-78.1444259,-0.0729792],[-78.1450495,-0.073022],[-78.1450243,-0.0727521],[-78.1439762,-0.0725625],[-78.1440624,-0.0727204]]],[[[-78.1471339,-0.0729372],[-78.1474916,-0.0727723],[-78.1476481,-0.0722352],[-78.146124,-0.0723699],[-78.1461968,-0.0726071],[-78.1462288,-0.0730577],[-78.1462641,-0.0731617],[-78.1463626,-0.0731578],[-78.1466505,-0.073039],[-78.1471339,-0.0729372]]],[[[-78.145538,-0.0721798],[-78.1459613,-0.0713086],[-78.1451627,-0.0711545],[-78.1450598,-0.0711899],[-78.1450127,-0.0713266],[-78.1450122,-0.0714979],[-78.1450662,-0.0716641],[-78.1451406,-0.0716704],[-78.1451615,-0.0717465],[-78.1451726,-0.0721908],[-78.145538,-0.0721798]]],[[[-78.1477506,-0.0718896],[-78.1483841,-0.0696461],[-78.1454957,-0.0688312],[-78.1455366,-0.0690318],[-78.1455087,-0.069139],[-78.1454559,-0.0692568],[-78.1454584,-0.0693609],[-78.1454455,-0.0694664],[-78.1454882,-0.0697068],[-78.1454976,-0.0698364],[-78.145395,-0.0702435],[-78.1454583,-0.0703422],[-78.1454784,-0.0704618],[-78.1454692,-0.0704985],[-78.1454541,-0.0705232],[-78.145322,-0.0706542],[-78.1453499,-0.0707072],[-78.1463923,-0.0709948],[-78.1463104,-0.071376],[-78.1460141,-0.0713188],[-78.1460614,-0.0717481],[-78.1477506,-0.0718896]]],[[[-78.1459905,-0.0714337],[-78.1459443,-0.0714292],[-78.1457979,-0.0717258],[-78.1460252,-0.071745],[-78.1459905,-0.0714337]]],[[[-78.1449465,-0.0702437],[-78.1450272,-0.0702263],[-78.1450594,-0.0702898],[-78.1452988,-0.0697038],[-78.1454907,-0.0697663],[-78.145441,-0.0694664],[-78.1454497,-0.0692659],[-78.145532,-0.0690216],[-78.1433635,-0.0684484],[-78.1430413,-0.0691124],[-78.143388,-0.0692033],[-78.1431613,-0.0697931],[-78.143565,-0.0698989],[-78.1435945,-0.0697543],[-78.1437197,-0.0693724],[-78.1437613,-0.069301],[-78.1435711,-0.0699005],[-78.1443152,-0.0700954],[-78.1444954,-0.0694934],[-78.1448731,-0.0695923],[-78.1446872,-0.0701928],[-78.1449465,-0.0702437]]],[[[-78.1458528,-0.0678872],[-78.1457114,-0.068234],[-78.1457041,-0.0683807],[-78.1456062,-0.0685356],[-78.1484749,-0.0693486],[-78.1486502,-0.0686693],[-78.1458528,-0.0678872]]],[[[-78.1457176,-0.0682056],[-78.1458481,-0.067891],[-78.1458383,-0.0677877],[-78.1439355,-0.0672874],[-78.1437361,-0.067684],[-78.1457176,-0.0682056]]],[[[-78.1441771,-0.0668097],[-78.1458406,-0.0672366],[-78.1457582,-0.0669269],[-78.145682,-0.0661218],[-78.1456138,-0.065881],[-78.1447612,-0.0656432],[-78.1441771,-0.0668097]]],[[[-78.1447231,-0.0656274],[-78.1452568,-0.0645983],[-78.1451744,-0.0643377],[-78.1449659,-0.0638688],[-78.1448034,-0.0635992],[-78.1445172,-0.0635171],[-78.1441957,-0.0636009],[-78.1440637,-0.0635887],[-78.1437895,-0.0642483],[-78.1434544,-0.0648182],[-78.1426369,-0.0658939],[-78.1436329,-0.0658197],[-78.1447231,-0.0656274]]],[[[-78.1451974,-0.063946],[-78.1453322,-0.0639682],[-78.1453365,-0.0641386],[-78.1454232,-0.0642697],[-78.1455195,-0.0643069],[-78.1456257,-0.0645117],[-78.1456583,-0.0646726],[-78.1456356,-0.0647816],[-78.145661,-0.0648165],[-78.1459929,-0.0645268],[-78.1459744,-0.0644227],[-78.1454269,-0.0637861],[-78.1454685,-0.0637516],[-78.1454297,-0.0637266],[-78.1459491,-0.0632682],[-78.1456755,-0.0629936],[-78.1450601,-0.0635321],[-78.1451939,-0.0636507],[-78.1451974,-0.063946]]],[[[-78.1451896,-0.0637507],[-78.1451059,-0.0635954],[-78.144862,-0.0634705],[-78.1448951,-0.0632741],[-78.1448,-0.0631852],[-78.1447888,-0.0631088],[-78.1444411,-0.0630365],[-78.1443285,-0.0628363],[-78.1443063,-0.0626358],[-78.1442529,-0.0625585],[-78.1442091,-0.0625737],[-78.144257,-0.0630409],[-78.1440766,-0.0635571],[-78.1441744,-0.0635678],[-78.1444882,-0.0634684],[-78.1448388,-0.0635535],[-78.1450137,-0.0638435],[-78.1452917,-0.0645297],[-78.1453601,-0.0643947],[-78.1453048,-0.0643611],[-78.145285,-0.0640902],[-78.1451515,-0.0639843],[-78.1451322,-0.0639299],[-78.1451896,-0.0637507]]],[[[-78.1461842,-0.0630633],[-78.1459427,-0.0627598],[-78.1457163,-0.0629579],[-78.1459859,-0.0632263],[-78.1461842,-0.0630633]]],[[[-78.145829,-0.0614513],[-78.1467361,-0.0626201],[-78.147009,-0.062398],[-78.1465859,-0.0618354],[-78.1460911,-0.0612596],[-78.145829,-0.0614513]]],[[[-78.1462834,-0.060986],[-78.1480946,-0.059659],[-78.1480377,-0.059561],[-78.1465285,-0.0605688],[-78.1462834,-0.060986]]],[[[-78.1471943,-0.0583661],[-78.1436404,-0.0601005],[-78.143697,-0.0604323],[-78.1436079,-0.0606163],[-78.1435357,-0.060873],[-78.147344,-0.0586504],[-78.1471943,-0.0583661]]],[[[-78.1473573,-0.0440041],[-78.1471429,-0.043892],[-78.1468197,-0.0443274],[-78.1469857,-0.044647],[-78.1472188,-0.0441856],[-78.1473573,-0.0440041]]],[[[-78.1465267,-0.043289],[-78.1460447,-0.0429466],[-78.1460875,-0.0432963],[-78.1465333,-0.0435731],[-78.1465267,-0.043289]]],[[[-78.1451256,-0.0159421],[-78.1452723,-0.0159582],[-78.1453922,-0.0157004],[-78.1460725,-0.0161124],[-78.1461048,-0.0160483],[-78.1461625,-0.0160189],[-78.1461768,-0.0158356],[-78.1461177,-0.0157981],[-78.1461199,-0.0157391],[-78.1462438,-0.0155383],[-78.1465653,-0.0154305],[-78.1467881,-0.0154317],[-78.1468368,-0.0153934],[-78.1468382,-0.0153244],[-78.1467664,-0.0151786],[-78.1458505,-0.0148897],[-78.1456777,-0.0151663],[-78.1455769,-0.0151445],[-78.1453077,-0.0155919],[-78.1452792,-0.0157174],[-78.1451256,-0.0159421]]],[[[-78.1455412,-0.0151367],[-78.1446998,-0.0149541],[-78.1445873,-0.015224],[-78.14416,-0.015836],[-78.1450762,-0.0159366],[-78.1453604,-0.0153889],[-78.1455412,-0.0151367]]],[[[-78.1451913,-0.011869],[-78.1439643,-0.0119463],[-78.1438651,-0.0123947],[-78.1453771,-0.0128612],[-78.1454103,-0.0126606],[-78.1453005,-0.0124241],[-78.1452338,-0.012389],[-78.144933,-0.0124064],[-78.1448709,-0.0123809],[-78.1449959,-0.0123195],[-78.1450767,-0.0122205],[-78.1451645,-0.0120367],[-78.1451913,-0.011869]]],[[[-78.1458592,-0.0102095],[-78.1458493,-0.0105444],[-78.1458101,-0.0107582],[-78.1459869,-0.0104106],[-78.1459976,-0.010195],[-78.1460922,-0.0099364],[-78.146062,-0.0098767],[-78.1459394,-0.009907],[-78.1458592,-0.0102095]]],[[[-78.1454867,-0.0103425],[-78.1454822,-0.0108508],[-78.1456176,-0.0108383],[-78.1456198,-0.0109192],[-78.1457211,-0.0106807],[-78.1457817,-0.0100267],[-78.145826,-0.0098939],[-78.1459033,-0.0098047],[-78.146033,-0.0097669],[-78.1461137,-0.0097955],[-78.1461785,-0.0098836],[-78.146152,-0.0100585],[-78.1462343,-0.0100846],[-78.1464121,-0.0098809],[-78.1466887,-0.0097286],[-78.146702,-0.0096773],[-78.1467209,-0.0097089],[-78.1468726,-0.0089831],[-78.1471273,-0.0081591],[-78.1464298,-0.0087268],[-78.1459642,-0.0086648],[-78.1460294,-0.0079724],[-78.1460858,-0.0078565],[-78.1460877,-0.007762],[-78.1462567,-0.0076261],[-78.1464976,-0.0075708],[-78.146406,-0.0073207],[-78.1462849,-0.0071104],[-78.1461604,-0.0069779],[-78.1457833,-0.0074138],[-78.1454307,-0.0074044],[-78.1451816,-0.0073466],[-78.1455526,-0.0079311],[-78.1457619,-0.0084042],[-78.1457725,-0.0087211],[-78.1457017,-0.009282],[-78.1457587,-0.0093509],[-78.1457171,-0.0095082],[-78.1455461,-0.009764],[-78.1454214,-0.0101537],[-78.1454867,-0.0103425]]],[[[-78.1445803,-0.0088586],[-78.1446742,-0.0091825],[-78.1445752,-0.0094228],[-78.1445943,-0.0094917],[-78.1446322,-0.0095088],[-78.1447486,-0.0093415],[-78.1450112,-0.0084273],[-78.1449942,-0.0082517],[-78.1449066,-0.0080808],[-78.1445748,-0.0077173],[-78.1431969,-0.0080561],[-78.1429446,-0.0074331],[-78.144161,-0.0073828],[-78.1446711,-0.00732],[-78.1447622,-0.0072838],[-78.1446941,-0.0072719],[-78.1446875,-0.007188],[-78.1452869,-0.0068824],[-78.1453861,-0.0068557],[-78.146159,-0.0068787],[-78.1462302,-0.0065913],[-78.1453105,-0.0060481],[-78.1447275,-0.0062382],[-78.1434604,-0.0065092],[-78.1427265,-0.0068445],[-78.1424739,-0.0069212],[-78.1423121,-0.0065834],[-78.1422985,-0.006487],[-78.1422667,-0.0065059],[-78.1421403,-0.0066665],[-78.1419338,-0.0067739],[-78.1417792,-0.0069341],[-78.1417509,-0.0070836],[-78.1416971,-0.0071537],[-78.1417123,-0.0072455],[-78.1415894,-0.0072943],[-78.1415729,-0.0074094],[-78.1415066,-0.0074546],[-78.1414283,-0.0076465],[-78.1412807,-0.0077994],[-78.1410445,-0.0081743],[-78.1409678,-0.0082432],[-78.1408406,-0.0086305],[-78.1406895,-0.0088267],[-78.1407225,-0.0090288],[-78.1406258,-0.0093578],[-78.1416439,-0.0098469],[-78.1420045,-0.0093533],[-78.1423362,-0.009023],[-78.142662,-0.0087844],[-78.1431763,-0.0085158],[-78.1434524,-0.0084559],[-78.1440805,-0.0085105],[-78.1442858,-0.00859],[-78.1444438,-0.0086948],[-78.1445803,-0.0088586]]],[[[-78.1451425,-0.0074205],[-78.1450196,-0.0073539],[-78.1448294,-0.0073471],[-78.1441832,-0.0074357],[-78.144301,-0.0077166],[-78.144709,-0.007618],[-78.1453994,-0.007823],[-78.1453908,-0.0077517],[-78.1451425,-0.0074205]]],[[[-78.1417234,-0.1166609],[-78.1416531,-0.1164517],[-78.1416782,-0.1163371],[-78.1417524,-0.1162304],[-78.1420438,-0.1160391],[-78.1426815,-0.1157609],[-78.1425645,-0.114126],[-78.1417713,-0.1140797],[-78.1416259,-0.1140079],[-78.1415507,-0.1138809],[-78.1415578,-0.1137156],[-78.141631,-0.1136067],[-78.1417206,-0.1135526],[-78.1421687,-0.113419],[-78.1421307,-0.1128717],[-78.141307,-0.1129164],[-78.1416942,-0.1184231],[-78.142588,-0.1182469],[-78.1425141,-0.1168926],[-78.141872,-0.1167627],[-78.1417234,-0.1166609]]],[[[-78.1417891,-0.1165988],[-78.141872,-0.1166659],[-78.1422048,-0.1167484],[-78.1431569,-0.1169101],[-78.1430694,-0.1156902],[-78.1420858,-0.1161192],[-78.1418476,-0.1162701],[-78.1417493,-0.1164069],[-78.1417501,-0.1165188],[-78.1417891,-0.1165988]]],[[[-78.1416475,-0.1137329],[-78.1416511,-0.1138927],[-78.1417753,-0.1139881],[-78.1430164,-0.1140617],[-78.1433166,-0.1140191],[-78.1432341,-0.1128701],[-78.1425979,-0.1133657],[-78.1417462,-0.1136389],[-78.1416475,-0.1137329]]],[[[-78.1450108,-0.1109924],[-78.1449548,-0.1108659],[-78.1448632,-0.1108168],[-78.1444314,-0.1108834],[-78.1437649,-0.1111652],[-78.1433431,-0.1114121],[-78.1427413,-0.1115962],[-78.1428469,-0.1130721],[-78.1441477,-0.1119262],[-78.1449496,-0.1111272],[-78.1450108,-0.1109924]]],[[[-78.144223,-0.1087282],[-78.1445004,-0.108876],[-78.1446398,-0.1088307],[-78.1447861,-0.1083873],[-78.144789,-0.1082544],[-78.144736,-0.1081608],[-78.1444612,-0.1079524],[-78.1439129,-0.1076681],[-78.1438913,-0.1076874],[-78.1438897,-0.1076658],[-78.1437388,-0.1076428],[-78.1435919,-0.1076588],[-78.1425812,-0.1079551],[-78.1427152,-0.1098285],[-78.1430578,-0.1094946],[-78.1429726,-0.1083032],[-78.1434385,-0.1081948],[-78.1434656,-0.1090985],[-78.1437524,-0.108824],[-78.1440511,-0.1086987],[-78.144223,-0.1087282]]],[[[-78.1430744,-0.1068418],[-78.1419827,-0.1078363],[-78.1417048,-0.1080561],[-78.1413988,-0.1082251],[-78.1413488,-0.1083205],[-78.1413816,-0.1084198],[-78.1414891,-0.1084662],[-78.1419436,-0.1083692],[-78.1424044,-0.1079123],[-78.1436039,-0.1075628],[-78.1437628,-0.1075512],[-78.1439348,-0.1075839],[-78.1444235,-0.1078253],[-78.1442933,-0.1063741],[-78.1440079,-0.1065582],[-78.1433412,-0.1067078],[-78.1430744,-0.1068418]]],[[[-78.1416096,-0.1056041],[-78.1417075,-0.1063147],[-78.1430014,-0.1058183],[-78.1427606,-0.1051912],[-78.1416096,-0.1056041]]],[[[-78.1436279,-0.1043056],[-78.143454,-0.1038044],[-78.1432023,-0.1039007],[-78.1433746,-0.1044051],[-78.1436279,-0.1043056]]],[[[-78.1421238,-0.0974349],[-78.142749,-0.0963763],[-78.143175,-0.0956861],[-78.1416146,-0.0961846],[-78.1421238,-0.0974349]]],[[[-78.1421515,-0.095911],[-78.1427606,-0.0957108],[-78.1432594,-0.0955865],[-78.1441688,-0.0941659],[-78.1418212,-0.0946961],[-78.1421156,-0.0958938],[-78.1421515,-0.095911]]],[[[-78.1441272,-0.0915499],[-78.1440867,-0.0914204],[-78.1439766,-0.0912461],[-78.1439187,-0.0910927],[-78.1411401,-0.0917342],[-78.1412561,-0.0922124],[-78.1441272,-0.0915499]]],[[[-78.1437421,-0.0905781],[-78.1436578,-0.0902586],[-78.1435173,-0.0901633],[-78.1433631,-0.0899824],[-78.1431713,-0.0896928],[-78.1407895,-0.0902727],[-78.1410301,-0.0912858],[-78.1437421,-0.0905781]]],[[[-78.1458335,-0.0840613],[-78.1455921,-0.0831717],[-78.1453751,-0.0826027],[-78.1450868,-0.0822926],[-78.1447757,-0.0820239],[-78.1406372,-0.0823261],[-78.1405102,-0.0823291],[-78.1404954,-0.0821273],[-78.1392142,-0.0822156],[-78.1392196,-0.0824234],[-78.1390773,-0.082786],[-78.1394032,-0.0832987],[-78.1396962,-0.0838294],[-78.1397358,-0.0839615],[-78.1397729,-0.083992],[-78.1399316,-0.0839996],[-78.1401185,-0.0841238],[-78.1401689,-0.0842379],[-78.1402968,-0.0843386],[-78.1403853,-0.0844939],[-78.1421682,-0.0843614],[-78.1421697,-0.0843356],[-78.1433446,-0.0842294],[-78.1458335,-0.0840613]]],[[[-78.1446967,-0.0819759],[-78.143804,-0.0813459],[-78.1436523,-0.0811063],[-78.143528,-0.0808167],[-78.1426573,-0.0808478],[-78.1428057,-0.0810475],[-78.142855,-0.0811432],[-78.1428971,-0.0813391],[-78.1427974,-0.0810529],[-78.1426403,-0.0808484],[-78.1420158,-0.08087],[-78.1419862,-0.0810632],[-78.1418944,-0.0811304],[-78.1417036,-0.0812125],[-78.1417341,-0.0813114],[-78.1416934,-0.0813648],[-78.1403796,-0.0814364],[-78.1403778,-0.0806984],[-78.1391766,-0.0807248],[-78.1391498,-0.0807489],[-78.1390938,-0.0815688],[-78.1391705,-0.0819539],[-78.1415047,-0.0817888],[-78.1415337,-0.0822047],[-78.1446967,-0.0819759]]],[[[-78.1417058,-0.0811829],[-78.1419483,-0.0810838],[-78.1419865,-0.0810234],[-78.1420023,-0.0808705],[-78.1417278,-0.08088],[-78.1417058,-0.0811829]]],[[[-78.1425445,-0.0805735],[-78.1434158,-0.0805294],[-78.1433149,-0.0802252],[-78.1430171,-0.0797577],[-78.1426114,-0.0789143],[-78.1423269,-0.0781764],[-78.1421283,-0.0773657],[-78.1419184,-0.0767862],[-78.1416552,-0.0770149],[-78.1415248,-0.0770784],[-78.1410691,-0.0770557],[-78.1409347,-0.0770907],[-78.1412583,-0.0778672],[-78.1413564,-0.0789608],[-78.1416936,-0.0794652],[-78.1417035,-0.079371],[-78.1417678,-0.0792463],[-78.1418756,-0.0791988],[-78.1419803,-0.0792646],[-78.1421004,-0.0794461],[-78.1421221,-0.0795664],[-78.1421897,-0.0796116],[-78.1422804,-0.0798603],[-78.1419607,-0.0798688],[-78.1420124,-0.0800898],[-78.1422319,-0.0800776],[-78.1422397,-0.0802202],[-78.1419664,-0.0802353],[-78.1419065,-0.0798734],[-78.1417192,-0.0798837],[-78.1417129,-0.0795737],[-78.1413179,-0.0789978],[-78.1413143,-0.0790807],[-78.1408059,-0.0791015],[-78.1408242,-0.07995],[-78.1407579,-0.0806322],[-78.1423169,-0.0805632],[-78.1423165,-0.080736],[-78.1425548,-0.0807255],[-78.1425445,-0.0805735]]],[[[-78.1410079,-0.0743129],[-78.1409235,-0.0746788],[-78.1409376,-0.0748359],[-78.1438401,-0.0736304],[-78.1437153,-0.0732172],[-78.1410079,-0.0743129]]],[[[-78.1435526,-0.0727194],[-78.1430643,-0.0713931],[-78.1408695,-0.0722819],[-78.1410251,-0.0726971],[-78.1401428,-0.0730626],[-78.1404157,-0.0733333],[-78.1408078,-0.0738488],[-78.1435526,-0.0727194]]],[[[-78.1444142,-0.0729784],[-78.1440384,-0.0727046],[-78.1439684,-0.0725612],[-78.1435301,-0.0724871],[-78.1436631,-0.0729268],[-78.1444142,-0.0729784]]],[[[-78.1433437,-0.0719817],[-78.1434293,-0.0722126],[-78.1449796,-0.0724768],[-78.1447139,-0.0721617],[-78.1433437,-0.0719817]]],[[[-78.1426075,-0.0711229],[-78.1419886,-0.0711103],[-78.1413962,-0.071203],[-78.1414122,-0.0715969],[-78.1426075,-0.0711229]]],[[[-78.145141,-0.0708432],[-78.1453548,-0.0706105],[-78.1454504,-0.0705205],[-78.145474,-0.0704577],[-78.1427331,-0.069737],[-78.1424047,-0.0703507],[-78.1450994,-0.0710771],[-78.145141,-0.0708432]]],[[[-78.1412106,-0.069918],[-78.1397916,-0.0700402],[-78.1391537,-0.0717264],[-78.1393135,-0.0717856],[-78.1400851,-0.0714599],[-78.1403331,-0.0713856],[-78.1408847,-0.0712406],[-78.1419877,-0.0710693],[-78.1420626,-0.0709705],[-78.1422939,-0.0704514],[-78.1429484,-0.0691668],[-78.1415042,-0.0692933],[-78.1412106,-0.069918]]],[[[-78.1404273,-0.0685423],[-78.1400771,-0.0693946],[-78.1416086,-0.0692569],[-78.1415828,-0.0689559],[-78.141762,-0.0689383],[-78.1417352,-0.0686294],[-78.1432891,-0.0684835],[-78.143614,-0.0678332],[-78.1407591,-0.0680866],[-78.1404273,-0.0685423]]],[[[-78.1419935,-0.0660207],[-78.1421462,-0.0659265],[-78.1424182,-0.0659328],[-78.1424772,-0.0659088],[-78.1433031,-0.064878],[-78.1437665,-0.0640812],[-78.1441908,-0.06305],[-78.1441994,-0.0629396],[-78.1441258,-0.0625874],[-78.1440963,-0.0626001],[-78.1438843,-0.0623921],[-78.1439028,-0.0623572],[-78.1439405,-0.0623588],[-78.1439634,-0.0624279],[-78.1441025,-0.0625547],[-78.1442001,-0.0624219],[-78.1441237,-0.0623452],[-78.1441203,-0.0621001],[-78.1437146,-0.06162],[-78.1435477,-0.0613081],[-78.1429987,-0.061415],[-78.143656,-0.0622092],[-78.1437167,-0.0623237],[-78.1437634,-0.062527],[-78.1439012,-0.0626771],[-78.1427057,-0.0629787],[-78.1422555,-0.0632663],[-78.1429663,-0.0643428],[-78.1430996,-0.064609],[-78.1416264,-0.0659525],[-78.1419588,-0.0660757],[-78.1419935,-0.0660207]]],[[[-78.1419997,-0.0628776],[-78.1419224,-0.0626468],[-78.1415916,-0.0627878],[-78.1416569,-0.0630337],[-78.1419997,-0.0628776]]],[[[-78.141608,-0.0624489],[-78.1415878,-0.0627334],[-78.1419548,-0.0625736],[-78.1418613,-0.0623418],[-78.141608,-0.0624489]]],[[[-78.1419525,-0.061926],[-78.1421505,-0.0617848],[-78.1417553,-0.0611395],[-78.1413802,-0.0609518],[-78.1414237,-0.0610318],[-78.1412952,-0.0610936],[-78.1410755,-0.061331],[-78.1410563,-0.061435],[-78.141089,-0.0615326],[-78.1415934,-0.0613318],[-78.1419525,-0.061926]]],[[[-78.1430015,-0.0575827],[-78.1430886,-0.0573743],[-78.1430648,-0.0573265],[-78.1428729,-0.0572234],[-78.1428327,-0.0570578],[-78.1427057,-0.0570632],[-78.1413814,-0.0574332],[-78.1410436,-0.0582711],[-78.1411562,-0.0588612],[-78.1430857,-0.0580521],[-78.1429284,-0.0576037],[-78.1430015,-0.0575827]]],[[[-78.142366,-0.0462737],[-78.1422598,-0.0460136],[-78.1423224,-0.0458614],[-78.1423155,-0.045548],[-78.1422519,-0.0454842],[-78.1421583,-0.0451747],[-78.1414413,-0.0451535],[-78.1413006,-0.0462008],[-78.1412002,-0.0466035],[-78.1410756,-0.0469046],[-78.1423325,-0.0469207],[-78.142426,-0.0466679],[-78.1423373,-0.0464015],[-78.142366,-0.0462737]]],[[[-78.1414378,-0.0451178],[-78.1421668,-0.0451537],[-78.1421886,-0.0448986],[-78.142138,-0.0447194],[-78.1414989,-0.0447377],[-78.1414378,-0.0451178]]],[[[-78.1416048,-0.0444161],[-78.1415472,-0.0445675],[-78.1422007,-0.0445762],[-78.1422691,-0.0444249],[-78.1416048,-0.0444161]]],[[[-78.1445888,-0.0414119],[-78.1445857,-0.0412865],[-78.1444423,-0.0411511],[-78.1444085,-0.0410772],[-78.1444192,-0.040581],[-78.1443586,-0.0403941],[-78.144359,-0.0402293],[-78.1443262,-0.0401261],[-78.1443497,-0.0399483],[-78.1442282,-0.039685],[-78.1442158,-0.0395742],[-78.1442245,-0.0395078],[-78.1443446,-0.0393267],[-78.1443441,-0.0390987],[-78.1446147,-0.0388114],[-78.1446061,-0.0386429],[-78.1445129,-0.0385032],[-78.1444599,-0.0383239],[-78.1445969,-0.0379062],[-78.1444624,-0.0375231],[-78.1444924,-0.0374187],[-78.1445791,-0.0373073],[-78.144568,-0.0372465],[-78.1432086,-0.0382059],[-78.1430629,-0.0380985],[-78.1429625,-0.0381527],[-78.1427891,-0.0381875],[-78.1427103,-0.0381839],[-78.1426881,-0.0381508],[-78.1414678,-0.0397181],[-78.141813,-0.0400834],[-78.1419327,-0.0403202],[-78.1421189,-0.041348],[-78.1421693,-0.0420388],[-78.1421567,-0.0424879],[-78.1421918,-0.0426081],[-78.1439362,-0.0426062],[-78.144004,-0.0419596],[-78.1439117,-0.0414976],[-78.1438303,-0.0413812],[-78.1445888,-0.0414119]]],[[[-78.14279,-0.036786],[-78.1410131,-0.0391379],[-78.141257,-0.0394259],[-78.1429444,-0.0373655],[-78.143061,-0.0371454],[-78.1432218,-0.0369383],[-78.14279,-0.036786]]],[[[-78.1404751,-0.0288635],[-78.1406101,-0.0285127],[-78.140747,-0.0283844],[-78.1410734,-0.028198],[-78.1410887,-0.028096],[-78.1411618,-0.0279603],[-78.1413422,-0.0277298],[-78.1415963,-0.027637],[-78.1420252,-0.0273927],[-78.1421133,-0.0274033],[-78.142245,-0.027175],[-78.1423867,-0.0270975],[-78.1425584,-0.0269066],[-78.1424902,-0.0267337],[-78.1425023,-0.0265922],[-78.1423756,-0.0264475],[-78.1423756,-0.026295],[-78.1423195,-0.0260535],[-78.1423524,-0.0259726],[-78.1423378,-0.0258389],[-78.1422179,-0.0257808],[-78.1420003,-0.025906],[-78.1412018,-0.0262478],[-78.1408453,-0.0264598],[-78.1396006,-0.0269334],[-78.1390251,-0.0271958],[-78.1389649,-0.0273234],[-78.138984,-0.027085],[-78.1390543,-0.026932],[-78.1393449,-0.026559],[-78.1393771,-0.0261868],[-78.1392496,-0.026063],[-78.1391664,-0.0258475],[-78.1391378,-0.0254305],[-78.1392049,-0.0253161],[-78.1386268,-0.0253055],[-78.1383634,-0.025835],[-78.1382162,-0.0264285],[-78.13805,-0.0268994],[-78.1376655,-0.0276954],[-78.1387523,-0.0277687],[-78.1386349,-0.0279721],[-78.1379733,-0.028272],[-78.1375493,-0.0283506],[-78.1372833,-0.0283542],[-78.1371863,-0.0285882],[-78.137131,-0.0288962],[-78.137167,-0.0293977],[-78.1372619,-0.0296867],[-78.1372922,-0.0297095],[-78.1376392,-0.0295615],[-78.1382135,-0.0292766],[-78.1398569,-0.0285557],[-78.1400868,-0.0290593],[-78.1396247,-0.0292905],[-78.139501,-0.0293204],[-78.1391321,-0.0299356],[-78.1394467,-0.0305043],[-78.1395703,-0.0304595],[-78.1399079,-0.030239],[-78.1404727,-0.0297266],[-78.1405057,-0.0297897],[-78.1401246,-0.0301255],[-78.1398145,-0.0303502],[-78.1395039,-0.0305299],[-78.1391878,-0.0306505],[-78.1398406,-0.031378],[-78.1402837,-0.031794],[-78.140584,-0.0323316],[-78.1407921,-0.0321501],[-78.1411954,-0.0319079],[-78.1421239,-0.0320188],[-78.1420272,-0.0309992],[-78.1420177,-0.0304329],[-78.1438561,-0.0309459],[-78.1438248,-0.0308697],[-78.1437017,-0.0308047],[-78.1436449,-0.0306601],[-78.1437247,-0.0305484],[-78.1439246,-0.0304245],[-78.143988,-0.0301625],[-78.1439529,-0.0300708],[-78.1437555,-0.0299743],[-78.1437401,-0.0299301],[-78.1440958,-0.0295045],[-78.1440119,-0.0293218],[-78.1436909,-0.0290915],[-78.1436577,-0.0290097],[-78.1438583,-0.0284427],[-78.143841,-0.0282554],[-78.1437914,-0.0281345],[-78.1436912,-0.028127],[-78.1434048,-0.0278993],[-78.1433226,-0.0277433],[-78.1432822,-0.0275614],[-78.1429982,-0.0274858],[-78.142762,-0.0275166],[-78.1427058,-0.0274932],[-78.1425542,-0.02721],[-78.1425613,-0.0269329],[-78.1423973,-0.0271123],[-78.1422587,-0.0271881],[-78.1421189,-0.0274221],[-78.1420288,-0.0274113],[-78.1416037,-0.0276536],[-78.1413532,-0.027745],[-78.1411768,-0.0279703],[-78.1410766,-0.0282014],[-78.1407497,-0.028388],[-78.1406139,-0.0285153],[-78.140479,-0.0288659],[-78.1402693,-0.0290552],[-78.1404751,-0.0288635]],[[-78.140905,-0.0306323],[-78.1418952,-0.0296671],[-78.1420097,-0.02995],[-78.1409411,-0.0307038],[-78.140905,-0.0306323]],[[-78.1410608,-0.029384],[-78.1410089,-0.029336],[-78.1411477,-0.0287562],[-78.1414657,-0.029073],[-78.1410608,-0.029384]]],[[[-78.1438081,-0.0170518],[-78.1437467,-0.0171216],[-78.143627,-0.0171619],[-78.1434104,-0.0171444],[-78.1428855,-0.0173396],[-78.1423392,-0.0173559],[-78.1433449,-0.0189388],[-78.1430545,-0.0191105],[-78.1435763,-0.0190866],[-78.1438643,-0.0191105],[-78.1440473,-0.0190612],[-78.1447049,-0.018995],[-78.1447074,-0.0187485],[-78.1448978,-0.0182331],[-78.1454169,-0.0176678],[-78.1455463,-0.0174198],[-78.1458417,-0.0173238],[-78.1459709,-0.0170614],[-78.1461031,-0.0169233],[-78.1458624,-0.0168291],[-78.1457364,-0.0168819],[-78.1455777,-0.0168945],[-78.1452833,-0.0168563],[-78.1452099,-0.0167884],[-78.1450435,-0.0168028],[-78.1447378,-0.0167703],[-78.1444245,-0.0166944],[-78.1441652,-0.0168408],[-78.1441059,-0.0169275],[-78.1438081,-0.0170518]]],[[[-78.141585,-0.0146322],[-78.1413032,-0.0148358],[-78.1427322,-0.0157626],[-78.1429758,-0.0155969],[-78.1432162,-0.0153309],[-78.141835,-0.0143514],[-78.141585,-0.0146322]]],[[[-78.1435408,-0.0138337],[-78.1449477,-0.0142232],[-78.1450784,-0.013873],[-78.1436252,-0.0134693],[-78.1435408,-0.0138337]]],[[[-78.1424714,-0.0104407],[-78.1425763,-0.010504],[-78.1426201,-0.0106167],[-78.1425989,-0.0108188],[-78.1425037,-0.0110367],[-78.1425406,-0.0110395],[-78.1432472,-0.0099564],[-78.1433452,-0.0098787],[-78.1440843,-0.0085821],[-78.1436525,-0.0085362],[-78.1432279,-0.0085864],[-78.1425782,-0.0089249],[-78.1420838,-0.0093782],[-78.1417297,-0.0098832],[-78.1422171,-0.0102818],[-78.142194,-0.0103759],[-78.1422253,-0.0104513],[-78.1424714,-0.0104407]]],[[[-78.1416268,-0.102213],[-78.1401291,-0.1028316],[-78.1404138,-0.1032847],[-78.141825,-0.1027224],[-78.1416268,-0.102213]]],[[[-78.1401033,-0.10081],[-78.1400139,-0.1009018],[-78.1400775,-0.1010076],[-78.1402003,-0.1009675],[-78.1401631,-0.1008486],[-78.1401033,-0.10081]]],[[[-78.1399317,-0.100325],[-78.1398954,-0.1005402],[-78.1399649,-0.1008071],[-78.1400745,-0.1007419],[-78.1401935,-0.1006028],[-78.1418098,-0.0979251],[-78.1412041,-0.0963174],[-78.139652,-0.0968114],[-78.1397254,-0.0969635],[-78.1397932,-0.0974355],[-78.1398614,-0.0976771],[-78.1398493,-0.097858],[-78.1397808,-0.0980049],[-78.1397007,-0.0984788],[-78.1398338,-0.0997462],[-78.1399171,-0.1000128],[-78.1399317,-0.100325]]],[[[-78.1400656,-0.0966396],[-78.14094,-0.0963662],[-78.1407698,-0.0958755],[-78.1400048,-0.0960443],[-78.1398237,-0.0955623],[-78.1392121,-0.0956984],[-78.1394522,-0.0961818],[-78.1397943,-0.0960967],[-78.139894,-0.0962198],[-78.1400656,-0.0966396]]],[[[-78.1418565,-0.0951234],[-78.1406477,-0.095375],[-78.14083,-0.0958623],[-78.1413372,-0.0957501],[-78.1414718,-0.0961991],[-78.1420527,-0.0959983],[-78.1418565,-0.0951234]]],[[[-78.1418395,-0.0950745],[-78.1414876,-0.0935497],[-78.141179,-0.0936197],[-78.141155,-0.0935099],[-78.1412228,-0.0934945],[-78.1411855,-0.0933135],[-78.1411134,-0.0933577],[-78.1410544,-0.0933199],[-78.1410545,-0.0932881],[-78.1414123,-0.0932055],[-78.1413795,-0.0930555],[-78.1388016,-0.0936484],[-78.1388693,-0.0937614],[-78.1388973,-0.0938965],[-78.1388883,-0.0940236],[-78.1389335,-0.0942422],[-78.1389224,-0.0945817],[-78.139056,-0.095218],[-78.1391047,-0.0953161],[-78.1391387,-0.0955859],[-78.1391914,-0.0956808],[-78.1418395,-0.0950745]]],[[[-78.1408312,-0.091563],[-78.1410223,-0.0915196],[-78.1409961,-0.0914167],[-78.1407997,-0.0914617],[-78.1408312,-0.091563]]],[[[-78.1405117,-0.0909139],[-78.1404554,-0.0906861],[-78.1389796,-0.0910277],[-78.1381913,-0.0912206],[-78.1380969,-0.0914776],[-78.1405117,-0.0909139]]],[[[-78.140384,-0.0904015],[-78.1396844,-0.090564],[-78.1396986,-0.0908124],[-78.1404421,-0.0906336],[-78.140384,-0.0904015]]],[[[-78.1420641,-0.0874806],[-78.1421202,-0.0874431],[-78.1421031,-0.0873782],[-78.1421,-0.0873195],[-78.1420986,-0.0870181],[-78.1420305,-0.0869103],[-78.1419386,-0.0868454],[-78.140045,-0.0873325],[-78.1403632,-0.0885752],[-78.1424639,-0.0880559],[-78.1422261,-0.0877552],[-78.1422217,-0.0876679],[-78.1420841,-0.0875423],[-78.1420641,-0.0874806]]],[[[-78.1395571,-0.0853357],[-78.1406116,-0.0851404],[-78.1403549,-0.0846387],[-78.1403369,-0.0844828],[-78.1402154,-0.0843926],[-78.1400908,-0.0841718],[-78.1399854,-0.0840758],[-78.1397957,-0.0840193],[-78.1397388,-0.0840415],[-78.1397121,-0.0840146],[-78.1396913,-0.0838645],[-78.1396251,-0.0837785],[-78.1396149,-0.0837138],[-78.1393992,-0.0833008],[-78.1390752,-0.0827912],[-78.1390776,-0.082951],[-78.13922,-0.0835239],[-78.1394897,-0.0839906],[-78.1395164,-0.085021],[-78.1395571,-0.0853357]]],[[[-78.1392363,-0.080453],[-78.1391533,-0.0806786],[-78.1407197,-0.0806348],[-78.1407883,-0.0799513],[-78.1407805,-0.0795882],[-78.1397932,-0.0795743],[-78.139541,-0.0799152],[-78.1393751,-0.0802978],[-78.1392363,-0.080453]]],[[[-78.1398318,-0.0791514],[-78.1397499,-0.0793638],[-78.1396942,-0.0794451],[-78.1396787,-0.0795723],[-78.1397289,-0.0795733],[-78.1399196,-0.0791015],[-78.1398264,-0.0791053],[-78.1398318,-0.0791514]]],[[[-78.1407695,-0.0790668],[-78.1399842,-0.0790986],[-78.1398986,-0.0793513],[-78.1407751,-0.0793378],[-78.1407695,-0.0790668]]],[[[-78.1407227,-0.0772639],[-78.1394578,-0.077327],[-78.1395481,-0.0774],[-78.1396998,-0.0775935],[-78.1397536,-0.0776973],[-78.1397622,-0.0777497],[-78.139763,-0.0778903],[-78.1397282,-0.0780461],[-78.1402997,-0.0780291],[-78.1407227,-0.0772639]]],[[[-78.1412355,-0.0780014],[-78.1411497,-0.0776601],[-78.1409041,-0.0771135],[-78.1406351,-0.0775287],[-78.1403659,-0.0780272],[-78.1412355,-0.0780014]]],[[[-78.1411443,-0.0755955],[-78.1409495,-0.075239],[-78.140882,-0.0749214],[-78.1401113,-0.0749456],[-78.1402838,-0.0750885],[-78.1403509,-0.0751956],[-78.1405225,-0.0759924],[-78.1407118,-0.0766444],[-78.1418334,-0.076623],[-78.1414127,-0.075946],[-78.1411443,-0.0755955]]],[[[-78.1386702,-0.0730089],[-78.1386075,-0.0732246],[-78.1389367,-0.0733452],[-78.1387703,-0.0737547],[-78.1406243,-0.0737329],[-78.1401032,-0.0731468],[-78.1398322,-0.0729413],[-78.1397216,-0.0728098],[-78.1396592,-0.0726492],[-78.1393176,-0.0727978],[-78.1386702,-0.0730089]]],[[[-78.1402417,-0.0714718],[-78.1393725,-0.0717937],[-78.1395092,-0.0720737],[-78.1403446,-0.0717323],[-78.1402417,-0.0714718]]],[[[-78.1398217,-0.0697637],[-78.1403561,-0.068448],[-78.1405229,-0.0682201],[-78.1403172,-0.0681991],[-78.1396401,-0.0683437],[-78.1396039,-0.0683755],[-78.1397451,-0.068846],[-78.1397305,-0.0690486],[-78.1396572,-0.069276],[-78.1394507,-0.069426],[-78.1393769,-0.069581],[-78.1393534,-0.0697062],[-78.1393893,-0.0697007],[-78.1393541,-0.0697845],[-78.1393669,-0.0699757],[-78.1393195,-0.0700864],[-78.1393504,-0.0704948],[-78.1391755,-0.0709531],[-78.1389979,-0.0711038],[-78.1388981,-0.0712659],[-78.1388813,-0.0716167],[-78.1389313,-0.0717489],[-78.1390489,-0.0717489],[-78.1395003,-0.0704939],[-78.1398217,-0.0697637]]],[[[-78.1415469,-0.0657559],[-78.1418958,-0.0654103],[-78.1419744,-0.0652357],[-78.1395881,-0.0673131],[-78.1401169,-0.0676785],[-78.1402964,-0.068145],[-78.140551,-0.0681829],[-78.1410475,-0.0674671],[-78.1413934,-0.0668006],[-78.1417817,-0.0663599],[-78.1419282,-0.0661327],[-78.1418625,-0.0660795],[-78.1415704,-0.0659806],[-78.141516,-0.0658858],[-78.1415469,-0.0657559]]],[[[-78.1417866,-0.0645147],[-78.1419101,-0.0641059],[-78.1418697,-0.0638058],[-78.1417652,-0.0636779],[-78.141397,-0.0636272],[-78.1393557,-0.0648767],[-78.1393974,-0.0650887],[-78.1394838,-0.0651848],[-78.1395572,-0.0654222],[-78.1397342,-0.0656506],[-78.1395547,-0.0659603],[-78.1395708,-0.0660226],[-78.139524,-0.0662231],[-78.1393602,-0.0663207],[-78.1392838,-0.0664294],[-78.1392194,-0.0666777],[-78.1392904,-0.0671303],[-78.139266,-0.0672453],[-78.1408313,-0.0657957],[-78.1419694,-0.064804],[-78.141834,-0.0647024],[-78.1417972,-0.0646414],[-78.1417866,-0.0645147]]],[[[-78.1412012,-0.0633505],[-78.1415703,-0.063017],[-78.1415589,-0.0624805],[-78.1410667,-0.0626804],[-78.1393251,-0.0632575],[-78.1393286,-0.0634983],[-78.1392602,-0.0638007],[-78.1393137,-0.0639841],[-78.1392903,-0.0640715],[-78.1393234,-0.0642514],[-78.1392981,-0.0643414],[-78.1411551,-0.0634728],[-78.1412012,-0.0633505]]],[[[-78.1403178,-0.0600604],[-78.1403373,-0.0597622],[-78.1388694,-0.0606079],[-78.1389398,-0.0607473],[-78.1388809,-0.0611155],[-78.1402956,-0.0603651],[-78.1402558,-0.0606581],[-78.1412208,-0.0602017],[-78.1410041,-0.0600532],[-78.1409806,-0.0599678],[-78.1410039,-0.0597601],[-78.1403178,-0.0600604]]],[[[-78.1409922,-0.0582894],[-78.1413082,-0.0575742],[-78.1413241,-0.0574492],[-78.1406998,-0.0576236],[-78.1405358,-0.0584253],[-78.1405097,-0.0587845],[-78.1388212,-0.0595192],[-78.1389041,-0.059858],[-78.1388858,-0.0600514],[-78.1403564,-0.0591998],[-78.1411055,-0.0588826],[-78.1409922,-0.0582894]]],[[[-78.1390565,-0.0575698],[-78.1389287,-0.0575706],[-78.1388367,-0.0576998],[-78.1387303,-0.0577422],[-78.1386921,-0.0578784],[-78.1407681,-0.0573437],[-78.1407693,-0.0567794],[-78.1393591,-0.0571128],[-78.1392606,-0.0572538],[-78.1391647,-0.0573098],[-78.1391181,-0.0575003],[-78.1390565,-0.0575698]]],[[[-78.1406334,-0.0542721],[-78.1408502,-0.0542071],[-78.1411713,-0.0537933],[-78.1411168,-0.0535783],[-78.1411656,-0.0534923],[-78.140967,-0.0534836],[-78.1410314,-0.0531437],[-78.1409648,-0.0529481],[-78.1409117,-0.0528212],[-78.1407127,-0.0526249],[-78.1405465,-0.0525531],[-78.1407073,-0.0529402],[-78.1407072,-0.0529875],[-78.1406695,-0.0530114],[-78.1404479,-0.0528971],[-78.1402998,-0.0527429],[-78.1402252,-0.0527751],[-78.140153,-0.0526535],[-78.139994,-0.0526001],[-78.1399505,-0.0526103],[-78.1400648,-0.0527612],[-78.1400441,-0.0528654],[-78.1400083,-0.0528913],[-78.1389038,-0.0527873],[-78.1386686,-0.0527296],[-78.1382899,-0.0527419],[-78.1381256,-0.0531199],[-78.1383904,-0.0529548],[-78.1384719,-0.0529574],[-78.1385671,-0.0530509],[-78.1387337,-0.0533343],[-78.1386842,-0.05333],[-78.1385134,-0.0530693],[-78.1384305,-0.0530001],[-78.1381071,-0.0532002],[-78.1380586,-0.0533015],[-78.1380573,-0.0534614],[-78.1381286,-0.0535726],[-78.1381962,-0.0539384],[-78.1381943,-0.0540848],[-78.1380833,-0.0545669],[-78.1381596,-0.0549555],[-78.1381715,-0.0551984],[-78.1384232,-0.0549199],[-78.1387259,-0.0551867],[-78.1394017,-0.0556145],[-78.1401041,-0.055775],[-78.1401014,-0.0555926],[-78.1400171,-0.0553733],[-78.1401211,-0.0550694],[-78.1402089,-0.0549474],[-78.1401949,-0.0547118],[-78.1403408,-0.0545134],[-78.1404122,-0.0544432],[-78.1405356,-0.0543983],[-78.1406334,-0.0542721]]],[[[-78.1410749,-0.0525687],[-78.1408658,-0.0523988],[-78.140778,-0.0522729],[-78.1395913,-0.0521859],[-78.1396809,-0.051897],[-78.1389003,-0.0518226],[-78.1389462,-0.0516182],[-78.1384803,-0.051598],[-78.1384397,-0.0522396],[-78.1383089,-0.0526943],[-78.1386713,-0.052679],[-78.1388895,-0.0527359],[-78.1399886,-0.0528444],[-78.1400005,-0.052706],[-78.1399136,-0.0526024],[-78.1399969,-0.0525683],[-78.1401692,-0.0526259],[-78.1402423,-0.0527117],[-78.1403112,-0.0526894],[-78.1404744,-0.052849],[-78.1406536,-0.0529541],[-78.1405808,-0.052689],[-78.1405117,-0.0525814],[-78.1405174,-0.0525315],[-78.1405619,-0.0525117],[-78.1407312,-0.0525992],[-78.1409637,-0.0528008],[-78.1410484,-0.0530247],[-78.1410852,-0.0526517],[-78.1410749,-0.0525687]]],[[[-78.1411641,-0.0525462],[-78.1412507,-0.0525897],[-78.1413337,-0.0526208],[-78.1413,-0.0525559],[-78.1411641,-0.0525462]]],[[[-78.1407509,-0.0514428],[-78.1409092,-0.0512774],[-78.1412189,-0.0511924],[-78.1412978,-0.050804],[-78.1413718,-0.0508184],[-78.1413747,-0.0507059],[-78.1413069,-0.0504591],[-78.1403504,-0.0503338],[-78.1388654,-0.0500268],[-78.1385362,-0.0512127],[-78.1384876,-0.0515564],[-78.139655,-0.051658],[-78.1398322,-0.0517481],[-78.1399434,-0.0518701],[-78.1406433,-0.0520022],[-78.1407509,-0.0514428]]],[[[-78.141458,-0.0516488],[-78.1417321,-0.0515111],[-78.1418185,-0.0510941],[-78.1414295,-0.0510764],[-78.1413268,-0.0512887],[-78.1410281,-0.0513458],[-78.1409402,-0.051395],[-78.1408369,-0.0515266],[-78.141458,-0.0516488]]],[[[-78.1414271,-0.0507675],[-78.1418757,-0.0508176],[-78.1419649,-0.0503865],[-78.1414066,-0.0505169],[-78.1414271,-0.0507675]]],[[[-78.1412817,-0.0500575],[-78.1419989,-0.0502221],[-78.1420739,-0.0498598],[-78.1412784,-0.0497691],[-78.1412571,-0.0499657],[-78.1412817,-0.0500575]]],[[[-78.1411494,-0.0489519],[-78.1410717,-0.0482155],[-78.1408993,-0.0474725],[-78.139454,-0.0474084],[-78.139379,-0.047787],[-78.1395269,-0.0478205],[-78.1394427,-0.0481718],[-78.1392705,-0.0481359],[-78.1390589,-0.0489882],[-78.1389183,-0.0497514],[-78.1412779,-0.0503226],[-78.1412109,-0.0498941],[-78.1412507,-0.0496344],[-78.1412501,-0.0493063],[-78.1411494,-0.0489519]]],[[[-78.1417634,-0.0489918],[-78.1419102,-0.0489552],[-78.1418413,-0.0488819],[-78.1418932,-0.0488574],[-78.1420932,-0.0482272],[-78.1420424,-0.0479531],[-78.1420771,-0.0478037],[-78.142063,-0.0474715],[-78.1421013,-0.0473447],[-78.1409505,-0.0473057],[-78.1411666,-0.0483274],[-78.1412203,-0.0488168],[-78.1412129,-0.0490048],[-78.1417634,-0.0489918]]],[[[-78.1409464,-0.0470443],[-78.1411907,-0.0465125],[-78.1412944,-0.0460366],[-78.140335,-0.0460195],[-78.140212,-0.0466663],[-78.1401885,-0.0470533],[-78.1406299,-0.0470295],[-78.1409115,-0.0470623],[-78.1409464,-0.0470443]]],[[[-78.1413012,-0.0458667],[-78.141336,-0.0455581],[-78.1404855,-0.0454237],[-78.1403948,-0.0458563],[-78.1413012,-0.0458667]]],[[[-78.1403402,-0.0456998],[-78.1405359,-0.0451246],[-78.1408832,-0.0444296],[-78.1410504,-0.0439134],[-78.1411953,-0.043316],[-78.1412452,-0.0425667],[-78.1411316,-0.0417785],[-78.1410961,-0.0416915],[-78.1397716,-0.0414112],[-78.1393756,-0.0412467],[-78.1392116,-0.0410334],[-78.1391513,-0.0408299],[-78.1391273,-0.040697],[-78.139136,-0.0402603],[-78.1381559,-0.0402486],[-78.1381548,-0.0405596],[-78.1382198,-0.040647],[-78.1383281,-0.0406657],[-78.1383384,-0.0407305],[-78.1383022,-0.0408363],[-78.1381768,-0.0409126],[-78.1381472,-0.0410605],[-78.1380831,-0.0411342],[-78.1380914,-0.0413085],[-78.138121,-0.0413929],[-78.1382441,-0.0415182],[-78.1382954,-0.0416469],[-78.1384448,-0.0418432],[-78.13852,-0.0420249],[-78.1385289,-0.0425707],[-78.1385981,-0.0426449],[-78.1385289,-0.0428569],[-78.1386028,-0.0430742],[-78.1385297,-0.0431269],[-78.1385359,-0.043244],[-78.1384477,-0.0433172],[-78.1384333,-0.0433865],[-78.1383497,-0.0434197],[-78.1381585,-0.043695],[-78.1381391,-0.0438882],[-78.1380747,-0.0439906],[-78.1379732,-0.0443932],[-78.1378792,-0.0445867],[-78.1378533,-0.0447529],[-78.137881,-0.0448895],[-78.1378402,-0.0450115],[-78.1378973,-0.0452514],[-78.1378375,-0.0453843],[-78.1378441,-0.0455014],[-78.1377884,-0.0456274],[-78.137897,-0.0458132],[-78.1379196,-0.0459193],[-78.1379182,-0.0462478],[-78.1378561,-0.0464463],[-78.1377505,-0.0465825],[-78.1376282,-0.0471892],[-78.1375108,-0.047404],[-78.137504,-0.0475519],[-78.1387954,-0.0475675],[-78.1391108,-0.0468089],[-78.1394488,-0.0468151],[-78.1394599,-0.0456694],[-78.1403402,-0.0456998]]],[[[-78.1406671,-0.0450239],[-78.1405012,-0.0453713],[-78.1413531,-0.0455059],[-78.1413884,-0.0450855],[-78.1406671,-0.0450239]]],[[[-78.141869,-0.0438519],[-78.1419365,-0.0434084],[-78.1420806,-0.0427587],[-78.1420973,-0.0420379],[-78.1420596,-0.0416894],[-78.1420665,-0.0413436],[-78.1420036,-0.0409651],[-78.1406969,-0.0409752],[-78.1411966,-0.0396813],[-78.1414548,-0.0399231],[-78.141797,-0.0401509],[-78.1415835,-0.039949],[-78.1412218,-0.0394684],[-78.141113,-0.0395999],[-78.1408612,-0.0393274],[-78.1406323,-0.0390385],[-78.1407298,-0.0389116],[-78.1406801,-0.0388455],[-78.1405012,-0.0387557],[-78.1404539,-0.0388302],[-78.1403745,-0.0387002],[-78.1402369,-0.0386416],[-78.1399441,-0.0386838],[-78.1396665,-0.0389618],[-78.1393701,-0.0395879],[-78.14042,-0.0400387],[-78.1404004,-0.0400891],[-78.1393576,-0.0396218],[-78.1392394,-0.0399191],[-78.1391984,-0.0403098],[-78.1392068,-0.0407432],[-78.1392705,-0.040988],[-78.1394211,-0.0411902],[-78.1396048,-0.0412781],[-78.1399494,-0.0413807],[-78.1404901,-0.0414753],[-78.1410959,-0.0416283],[-78.1411888,-0.0417008],[-78.1413057,-0.0425467],[-78.1413034,-0.0429607],[-78.1412367,-0.0433387],[-78.1410137,-0.0442067],[-78.1416368,-0.0442129],[-78.141869,-0.0438519]]],[[[-78.1399738,-0.0386438],[-78.1402893,-0.0386159],[-78.140542,-0.0386916],[-78.140729,-0.0387911],[-78.1407761,-0.0388513],[-78.1423205,-0.0367002],[-78.1417236,-0.0363074],[-78.1415424,-0.0362203],[-78.1420532,-0.0355123],[-78.1426684,-0.0351445],[-78.1427486,-0.0350009],[-78.1427445,-0.0349509],[-78.1426106,-0.0348483],[-78.1426156,-0.0346853],[-78.1424363,-0.0342941],[-78.1425209,-0.0338288],[-78.1426113,-0.0336365],[-78.1420481,-0.0337295],[-78.1419092,-0.033632],[-78.1417864,-0.0336696],[-78.1416555,-0.0336341],[-78.1415175,-0.0336481],[-78.1414026,-0.033605],[-78.1412264,-0.0336144],[-78.1410287,-0.0337629],[-78.1408504,-0.0337992],[-78.1407153,-0.0340218],[-78.140646,-0.0340794],[-78.1403658,-0.0342025],[-78.1399987,-0.0342857],[-78.1401364,-0.0346026],[-78.1400534,-0.0347239],[-78.1400747,-0.0349506],[-78.1403722,-0.0349364],[-78.1407779,-0.0359201],[-78.140786,-0.0363744],[-78.1413935,-0.0366377],[-78.1411238,-0.0372034],[-78.1407971,-0.0369964],[-78.1398246,-0.0385508],[-78.1399738,-0.0386438]]],[[[-78.1403003,-0.0372219],[-78.1402743,-0.0371989],[-78.1402248,-0.0372083],[-78.1402693,-0.0372166],[-78.1403003,-0.0372219]]],[[[-78.140971,-0.0177353],[-78.1410641,-0.0177868],[-78.1414846,-0.0175256],[-78.1413518,-0.0174621],[-78.1410487,-0.0175107],[-78.1408422,-0.0173678],[-78.1406171,-0.0173182],[-78.1403788,-0.0172081],[-78.1401482,-0.0171782],[-78.1398791,-0.017085],[-78.1396536,-0.0171404],[-78.1392443,-0.0176297],[-78.1407607,-0.0180269],[-78.1407835,-0.017943],[-78.1409206,-0.0177581],[-78.140971,-0.0177353]]],[[[-78.1384745,-0.0159015],[-78.1373691,-0.0162288],[-78.1372253,-0.0162854],[-78.1372113,-0.0163431],[-78.1379558,-0.0165576],[-78.1386932,-0.0166541],[-78.1390589,-0.0169101],[-78.1396516,-0.0171346],[-78.1398799,-0.0170767],[-78.1400647,-0.0171333],[-78.1415459,-0.0164041],[-78.139724,-0.015321],[-78.1395408,-0.0153577],[-78.1391846,-0.0156476],[-78.1390414,-0.0154052],[-78.1384758,-0.015471],[-78.1386481,-0.0158285],[-78.1385306,-0.015846],[-78.1386184,-0.0158852],[-78.1384745,-0.0159015]]],[[[-78.140706,-0.0150961],[-78.1400389,-0.0152544],[-78.1417927,-0.0162808],[-78.1425121,-0.0159356],[-78.1410212,-0.0149851],[-78.140706,-0.0150961]]],[[[-78.1406486,-0.015059],[-78.1408381,-0.0149838],[-78.1406033,-0.0146641],[-78.1397718,-0.0149263],[-78.1399523,-0.0152122],[-78.1406486,-0.015059]]],[[[-78.1417798,-0.0139518],[-78.1417046,-0.0140768],[-78.1415908,-0.014053],[-78.1415358,-0.0142457],[-78.1414503,-0.0143561],[-78.1410607,-0.0145075],[-78.1412393,-0.0147953],[-78.1414617,-0.0146402],[-78.1417353,-0.0143743],[-78.1418492,-0.0141353],[-78.141853,-0.0140511],[-78.1417798,-0.0139518]]],[[[-78.1400832,-0.0139646],[-78.1404702,-0.0137352],[-78.141016,-0.0144537],[-78.1414491,-0.0143001],[-78.1414996,-0.0141662],[-78.1415686,-0.0136868],[-78.1412141,-0.0132134],[-78.1409399,-0.0132278],[-78.1408344,-0.0130042],[-78.1401159,-0.0131646],[-78.1397538,-0.0133702],[-78.1396956,-0.0133845],[-78.1395462,-0.0133308],[-78.1395513,-0.0132541],[-78.1396247,-0.013191],[-78.1404641,-0.0126461],[-78.1406631,-0.0125584],[-78.14025,-0.0114832],[-78.1401881,-0.011799],[-78.1401124,-0.0119203],[-78.1400386,-0.0121516],[-78.139602,-0.0127164],[-78.1389391,-0.0134416],[-78.138321,-0.0143333],[-78.1379893,-0.01463],[-78.1384054,-0.015374],[-78.1389387,-0.0152998],[-78.1385627,-0.0148522],[-78.1389771,-0.0147523],[-78.1393694,-0.014491],[-78.1397383,-0.0148703],[-78.1405811,-0.0145977],[-78.1400832,-0.0139646]]],[[[-78.1401736,-0.0131024],[-78.1408175,-0.0129602],[-78.140696,-0.0126441],[-78.1404918,-0.0127342],[-78.1400668,-0.0129996],[-78.139701,-0.0132745],[-78.139777,-0.0132793],[-78.1401736,-0.0131024]]],[[[-78.1419097,-0.0124629],[-78.1413016,-0.012222],[-78.1412287,-0.0124841],[-78.1418132,-0.0127071],[-78.1419097,-0.0124629]]],[[[-78.1407364,-0.0083767],[-78.1398411,-0.00867],[-78.1397437,-0.0087405],[-78.1395163,-0.0088279],[-78.1391285,-0.0088896],[-78.1390432,-0.0089314],[-78.1389758,-0.0090285],[-78.1389148,-0.0089761],[-78.1382737,-0.0091863],[-78.1381437,-0.00929],[-78.1377349,-0.0093551],[-78.137499,-0.0094316],[-78.1366648,-0.0108589],[-78.1364479,-0.010713],[-78.1359431,-0.0106039],[-78.1357319,-0.0109299],[-78.135825,-0.0110055],[-78.1358952,-0.0111186],[-78.1360221,-0.0115786],[-78.136084,-0.0119515],[-78.1362531,-0.0123103],[-78.1365036,-0.0129917],[-78.1365586,-0.0132328],[-78.1366025,-0.0137931],[-78.1365143,-0.0143517],[-78.136498,-0.0149384],[-78.1365391,-0.0153519],[-78.1366756,-0.015659],[-78.1371658,-0.0151976],[-78.1377089,-0.014814],[-78.1382836,-0.0143004],[-78.1390181,-0.0132996],[-78.1396242,-0.0126647],[-78.1396642,-0.0125671],[-78.1400014,-0.0121368],[-78.1400773,-0.0119825],[-78.1401457,-0.0117235],[-78.1402645,-0.0111164],[-78.1402856,-0.0108901],[-78.140248,-0.0106776],[-78.1403057,-0.0105008],[-78.1403122,-0.0102754],[-78.1403683,-0.0100432],[-78.1404668,-0.0098741],[-78.1404812,-0.0095803],[-78.1406386,-0.0090557],[-78.1406104,-0.0088144],[-78.1407565,-0.0086285],[-78.1409054,-0.0082558],[-78.1407364,-0.0083767]],[[-78.1374672,-0.0104383],[-78.1381285,-0.0106892],[-78.1382792,-0.0108636],[-78.1390405,-0.0105841],[-78.1397997,-0.0103848],[-78.1400528,-0.0113637],[-78.1382067,-0.0119602],[-78.1376505,-0.0114888],[-78.1375322,-0.0112473],[-78.1373843,-0.0110406],[-78.1370688,-0.0109263],[-78.1374672,-0.0104383]]],[[[-78.1383865,-0.0982142],[-78.1381135,-0.0976255],[-78.1370987,-0.0985709],[-78.1373745,-0.0991786],[-78.1383865,-0.0982142]]],[[[-78.1370843,-0.0959438],[-78.1368859,-0.0961332],[-78.1368842,-0.0961665],[-78.1370264,-0.0962],[-78.1372413,-0.0963141],[-78.1374884,-0.0965615],[-78.138812,-0.0952073],[-78.138772,-0.0947382],[-78.1388958,-0.0946004],[-78.1388186,-0.0937771],[-78.1386768,-0.0934833],[-78.1384826,-0.0933583],[-78.1383461,-0.0933257],[-78.1382044,-0.0931823],[-78.1380139,-0.0931045],[-78.1380014,-0.0929768],[-78.1380443,-0.0928933],[-78.1380233,-0.0928304],[-78.1379638,-0.092838],[-78.137868,-0.0927545],[-78.1379333,-0.0927121],[-78.1379831,-0.0925258],[-78.1394738,-0.0921551],[-78.1393735,-0.091691],[-78.1379629,-0.0920589],[-78.137931,-0.0922679],[-78.1379686,-0.0923155],[-78.1379266,-0.0922641],[-78.137802,-0.0922683],[-78.1373443,-0.092532],[-78.1368174,-0.0930011],[-78.1364603,-0.093149],[-78.1362581,-0.093435],[-78.1362847,-0.0934687],[-78.1365974,-0.0935518],[-78.1367595,-0.0933165],[-78.137109,-0.0930411],[-78.1372456,-0.093005],[-78.1373288,-0.0930441],[-78.1371219,-0.0930923],[-78.1370131,-0.0931655],[-78.1368245,-0.0933204],[-78.1366487,-0.0935713],[-78.1374789,-0.0939149],[-78.1376337,-0.0939207],[-78.137947,-0.0943239],[-78.138323,-0.0946468],[-78.1383848,-0.0946056],[-78.1385031,-0.0944081],[-78.1385394,-0.0941155],[-78.1385953,-0.0941589],[-78.1386015,-0.0943041],[-78.138562,-0.0944527],[-78.1384322,-0.0946608],[-78.1383159,-0.0947189],[-78.1378971,-0.0943759],[-78.1376135,-0.0939952],[-78.137551,-0.0939837],[-78.1374845,-0.0948055],[-78.1371626,-0.0958127],[-78.1370843,-0.0959438]]],[[[-78.138886,-0.0894262],[-78.138853,-0.08935],[-78.1388426,-0.089262],[-78.1388478,-0.0891928],[-78.1388916,-0.0890568],[-78.1388929,-0.0889542],[-78.1388146,-0.0889126],[-78.1387989,-0.088889],[-78.1386337,-0.0885279],[-78.1386256,-0.0884558],[-78.1384982,-0.0883849],[-78.1384059,-0.0881805],[-78.1373223,-0.088045],[-78.1372756,-0.0891799],[-78.1374421,-0.089155],[-78.1372933,-0.0894782],[-78.1377346,-0.0895532],[-78.1377486,-0.0894163],[-78.1378529,-0.0894436],[-78.1378501,-0.0894705],[-78.1387894,-0.0895272],[-78.138886,-0.0894262]]],[[[-78.1403718,-0.0888965],[-78.1401539,-0.0880966],[-78.1386352,-0.0884892],[-78.1388028,-0.0888868],[-78.1388971,-0.0889524],[-78.1388964,-0.0890548],[-78.1388488,-0.0892857],[-78.1403718,-0.0888965]]],[[[-78.1394377,-0.0841778],[-78.1393929,-0.0839102],[-78.1391991,-0.0836491],[-78.1391317,-0.0834751],[-78.1390139,-0.0829635],[-78.1389978,-0.0828411],[-78.1390363,-0.0827276],[-78.1390009,-0.0827006],[-78.1388816,-0.0827982],[-78.1388227,-0.0829027],[-78.138839,-0.083103],[-78.1389214,-0.0831866],[-78.1389208,-0.0832364],[-78.1386193,-0.0835315],[-78.1386989,-0.0836537],[-78.1387266,-0.0838043],[-78.1388265,-0.0839533],[-78.138961,-0.084077],[-78.1389797,-0.084224],[-78.1388203,-0.084542],[-78.1388138,-0.084702],[-78.1388373,-0.0847844],[-78.1392983,-0.0846636],[-78.1394294,-0.0851267],[-78.1394531,-0.0851233],[-78.1394377,-0.0841778]]],[[[-78.1373001,-0.0824549],[-78.138869,-0.0827949],[-78.1389596,-0.0827113],[-78.138993,-0.0825683],[-78.1388198,-0.0825263],[-78.1387623,-0.0827165],[-78.1385477,-0.0826508],[-78.1386208,-0.0824087],[-78.1390186,-0.0825206],[-78.139038,-0.0824158],[-78.1391027,-0.0823127],[-78.1390881,-0.0822377],[-78.139021,-0.0821616],[-78.1390289,-0.0819117],[-78.1389643,-0.0817877],[-78.1389234,-0.0814739],[-78.1389826,-0.0812387],[-78.1389325,-0.0810864],[-78.1383811,-0.0809761],[-78.1371882,-0.0809067],[-78.1369837,-0.0816835],[-78.1371336,-0.081734],[-78.1371997,-0.0818524],[-78.1372742,-0.082091],[-78.1373001,-0.0824549]]],[[[-78.1390101,-0.0817896],[-78.1390643,-0.0818937],[-78.1390321,-0.0819735],[-78.1391098,-0.081968],[-78.1390323,-0.081517],[-78.1389669,-0.0815196],[-78.1390101,-0.0817896]]],[[[-78.1372644,-0.0806964],[-78.1389562,-0.0808614],[-78.1389397,-0.0807614],[-78.1389728,-0.0806811],[-78.1373393,-0.080486],[-78.1372644,-0.0806964]]],[[[-78.1393371,-0.0801494],[-78.1391307,-0.0803498],[-78.1391147,-0.0804651],[-78.1389824,-0.0807163],[-78.1390849,-0.0807136],[-78.1391914,-0.0803944],[-78.1393517,-0.0802185],[-78.1395215,-0.0798436],[-78.1395131,-0.0797784],[-78.1393835,-0.0799361],[-78.1393878,-0.0800135],[-78.1393371,-0.0801494]]],[[[-78.1375859,-0.0798411],[-78.1374964,-0.0800674],[-78.1391068,-0.0803333],[-78.1391969,-0.0801851],[-78.1375859,-0.0798411]]],[[[-78.1367843,-0.0787084],[-78.1364973,-0.0790396],[-78.13643,-0.0792007],[-78.1357933,-0.079516],[-78.1357253,-0.0795028],[-78.1356785,-0.0795335],[-78.1354637,-0.0800244],[-78.1355296,-0.0800211],[-78.1363028,-0.0805282],[-78.1365416,-0.0799621],[-78.1372905,-0.0803947],[-78.1378083,-0.0791359],[-78.1368721,-0.0786148],[-78.1367843,-0.0787084]]],[[[-78.1392355,-0.0781783],[-78.1390115,-0.0780734],[-78.1384213,-0.0776934],[-78.138319,-0.0782799],[-78.137964,-0.0789455],[-78.1392238,-0.0792308],[-78.1392746,-0.0784652],[-78.1392355,-0.0781783]]],[[[-78.1396899,-0.0794437],[-78.1398273,-0.0791507],[-78.1397852,-0.0790226],[-78.1398227,-0.0788586],[-78.1398106,-0.0786958],[-78.1396978,-0.0783754],[-78.1396949,-0.0781701],[-78.1397585,-0.0778899],[-78.1397577,-0.0777501],[-78.1396961,-0.077596],[-78.1395449,-0.0774032],[-78.1394724,-0.0773559],[-78.1394008,-0.0774096],[-78.1392513,-0.0780042],[-78.1393182,-0.0784444],[-78.1392626,-0.0790151],[-78.1392686,-0.0792551],[-78.139293,-0.07952],[-78.1393367,-0.0796567],[-78.1394155,-0.0797208],[-78.1395309,-0.0797342],[-78.1396718,-0.0795817],[-78.1396899,-0.0794437]]],[[[-78.1379294,-0.0788861],[-78.1380668,-0.0786291],[-78.1372081,-0.077983],[-78.1370841,-0.0782961],[-78.1379294,-0.0788861]]],[[[-78.1406739,-0.0766452],[-78.140317,-0.0752073],[-78.140258,-0.0751137],[-78.1400589,-0.0749472],[-78.1384197,-0.0749819],[-78.1383907,-0.0751798],[-78.1383376,-0.0752811],[-78.138392,-0.075545],[-78.1383935,-0.0755835],[-78.1383666,-0.0757322],[-78.1384107,-0.0759273],[-78.138543,-0.0761299],[-78.138932,-0.076414],[-78.1390083,-0.0766061],[-78.1390997,-0.0766752],[-78.1406739,-0.0766452]]],[[[-78.1381505,-0.0755415],[-78.1381435,-0.0752714],[-78.1382328,-0.074316],[-78.1373044,-0.0744725],[-78.1372866,-0.0742318],[-78.1365058,-0.0745201],[-78.13647,-0.0739623],[-78.1359993,-0.0741221],[-78.1358236,-0.0732135],[-78.1372719,-0.0732845],[-78.1376006,-0.0732448],[-78.1375886,-0.0731881],[-78.137674,-0.0731025],[-78.1377238,-0.0729689],[-78.1376458,-0.0723437],[-78.1368695,-0.0723987],[-78.1370488,-0.0720282],[-78.1357866,-0.0720823],[-78.1358078,-0.0719685],[-78.1370863,-0.0718949],[-78.1370585,-0.0720038],[-78.1377751,-0.0719789],[-78.1383495,-0.0720843],[-78.13833,-0.0718635],[-78.1375522,-0.0716301],[-78.1370309,-0.0715826],[-78.1371188,-0.0714119],[-78.1371386,-0.0711502],[-78.1373587,-0.070428],[-78.1375589,-0.0705859],[-78.1378552,-0.0706146],[-78.1385761,-0.0709297],[-78.1387764,-0.0704328],[-78.1388026,-0.0698355],[-78.1389535,-0.069366],[-78.1377842,-0.0695592],[-78.1377427,-0.0698755],[-78.1374398,-0.0696342],[-78.1372256,-0.0697758],[-78.1371244,-0.0698174],[-78.1370147,-0.0698159],[-78.1367768,-0.069638],[-78.1361966,-0.0694014],[-78.1359324,-0.0703562],[-78.1358029,-0.0710976],[-78.136687,-0.0710859],[-78.1369636,-0.0714311],[-78.1357409,-0.0714554],[-78.1352656,-0.0728801],[-78.1354461,-0.0729901],[-78.1352956,-0.0731967],[-78.1351349,-0.0731921],[-78.135062,-0.073312],[-78.134972,-0.0738313],[-78.1349378,-0.0752089],[-78.1349892,-0.0757855],[-78.1351581,-0.0764727],[-78.135232,-0.0771539],[-78.1350512,-0.0775044],[-78.1349384,-0.0776729],[-78.1347114,-0.0779043],[-78.1346753,-0.0780162],[-78.1349046,-0.0786304],[-78.1348916,-0.078771],[-78.1350853,-0.078808],[-78.1351027,-0.0786421],[-78.1350557,-0.0782763],[-78.1353557,-0.0783093],[-78.1352958,-0.0787808],[-78.1357567,-0.0788451],[-78.1358319,-0.0787524],[-78.1358961,-0.0788089],[-78.1357651,-0.0790537],[-78.1357546,-0.0791934],[-78.1359716,-0.0790027],[-78.1363664,-0.078734],[-78.1368526,-0.0779547],[-78.1371727,-0.0776527],[-78.1374354,-0.0772327],[-78.1373084,-0.0768009],[-78.1372502,-0.0767194],[-78.1373581,-0.0764239],[-78.1376084,-0.0761282],[-78.13765,-0.0760236],[-78.1376782,-0.0757741],[-78.1377161,-0.0757652],[-78.1376898,-0.0760344],[-78.1376069,-0.0762087],[-78.1379839,-0.0765928],[-78.1381904,-0.0763167],[-78.1382415,-0.0761509],[-78.1381505,-0.0755415]],[[-78.1376351,-0.0752652],[-78.1371762,-0.0752214],[-78.1372456,-0.0748795],[-78.1376162,-0.0747713],[-78.1376351,-0.0752652]]],[[[-78.1382527,-0.0754831],[-78.1382991,-0.075805],[-78.1383738,-0.0758025],[-78.1383621,-0.0757321],[-78.1383875,-0.0755457],[-78.1383331,-0.0752808],[-78.1383863,-0.0751786],[-78.1384152,-0.0749942],[-78.138271,-0.07503],[-78.1382527,-0.0754831]]],[[[-78.1383508,-0.07452],[-78.138422,-0.0742749],[-78.1383435,-0.0742897],[-78.1383046,-0.0746386],[-78.1383555,-0.0746285],[-78.1383508,-0.07452]]],[[[-78.1382617,-0.073684],[-78.1382703,-0.0734403],[-78.1383303,-0.0731837],[-78.1379579,-0.0731834],[-78.1375829,-0.0732915],[-78.1372091,-0.0733012],[-78.1373308,-0.0738105],[-78.1382617,-0.073684]]],[[[-78.1388272,-0.0705208],[-78.1392694,-0.070582],[-78.1393053,-0.0704663],[-78.1392708,-0.0700598],[-78.139313,-0.0700068],[-78.1393142,-0.0699351],[-78.1392778,-0.0698442],[-78.1393509,-0.0696536],[-78.1393428,-0.0695885],[-78.1393922,-0.0694649],[-78.1396428,-0.0692742],[-78.1396761,-0.0691786],[-78.139265,-0.0690651],[-78.1391493,-0.069082],[-78.1391136,-0.0688335],[-78.1397106,-0.0687819],[-78.1395815,-0.0684459],[-78.1396194,-0.068434],[-78.139571,-0.0682999],[-78.139493,-0.0681901],[-78.1392666,-0.0680793],[-78.1391609,-0.0679162],[-78.1391603,-0.067784],[-78.1392508,-0.0676893],[-78.1392684,-0.0676242],[-78.1381459,-0.0674791],[-78.138296,-0.0677254],[-78.1385081,-0.0683476],[-78.1386638,-0.068489],[-78.1386944,-0.0685593],[-78.1385564,-0.069048],[-78.1386397,-0.0690932],[-78.1388486,-0.0691203],[-78.1389492,-0.069179],[-78.1389815,-0.0692382],[-78.1389849,-0.0694246],[-78.1388576,-0.0698671],[-78.1388411,-0.070167],[-78.1388272,-0.0705208]]],[[[-78.1374883,-0.0683244],[-78.1373708,-0.0673161],[-78.1373902,-0.0672829],[-78.1380384,-0.0671148],[-78.1380479,-0.0669602],[-78.1378912,-0.0662563],[-78.1379352,-0.0659135],[-78.1377595,-0.0656505],[-78.137618,-0.0655038],[-78.1371735,-0.0652038],[-78.1370562,-0.0650771],[-78.1368429,-0.0653378],[-78.1368761,-0.06599],[-78.1366499,-0.0669759],[-78.1369902,-0.0669668],[-78.1369693,-0.0667103],[-78.1369092,-0.0666599],[-78.1369255,-0.0666171],[-78.1369704,-0.0666024],[-78.1370134,-0.0666244],[-78.1370623,-0.0670313],[-78.136637,-0.0670286],[-78.1365641,-0.0674421],[-78.1370827,-0.0674154],[-78.1371327,-0.0677545],[-78.1364978,-0.0677657],[-78.1364439,-0.0680729],[-78.1372265,-0.0680426],[-78.1372791,-0.0682953],[-78.1364046,-0.0683095],[-78.1362219,-0.069186],[-78.1364701,-0.0692495],[-78.1364665,-0.0694422],[-78.1368607,-0.0696433],[-78.1370333,-0.0697786],[-78.1371267,-0.0697814],[-78.1372423,-0.0697291],[-78.1383815,-0.0687727],[-78.1379062,-0.0688525],[-78.1374581,-0.0688624],[-78.1375222,-0.0683193],[-78.1374883,-0.0683244]]],[[[-78.138443,-0.0690429],[-78.1385495,-0.0688255],[-78.1385321,-0.0687948],[-78.1383024,-0.0688796],[-78.1380374,-0.0691089],[-78.1384601,-0.0691233],[-78.138443,-0.0690429]]],[[[-78.1381233,-0.0670326],[-78.1381079,-0.0671235],[-78.1384472,-0.0672287],[-78.1386209,-0.0669024],[-78.1386902,-0.0665931],[-78.1388638,-0.0665224],[-78.1388735,-0.0660342],[-78.1389182,-0.0656936],[-78.1388327,-0.065421],[-78.1387187,-0.0652274],[-78.1385923,-0.0651066],[-78.1384656,-0.0650883],[-78.1377259,-0.0655548],[-78.137958,-0.0658728],[-78.1379748,-0.0663819],[-78.1381233,-0.0670326]]],[[[-78.1377046,-0.0645715],[-78.1377237,-0.0646564],[-78.1379789,-0.0648453],[-78.1380768,-0.0647168],[-78.1382563,-0.0642843],[-78.1385441,-0.0642449],[-78.1386728,-0.064263],[-78.1387522,-0.06431],[-78.1387916,-0.0642607],[-78.1386678,-0.0641012],[-78.1387179,-0.0638081],[-78.1385188,-0.0635242],[-78.1383484,-0.0633456],[-78.1381639,-0.0632368],[-78.1377193,-0.063919],[-78.138005,-0.0640475],[-78.1380168,-0.0640916],[-78.1379118,-0.0643484],[-78.1377046,-0.0645715]]],[[[-78.1370568,-0.0647867],[-78.137166,-0.0646289],[-78.1376672,-0.0639051],[-78.1373814,-0.063779],[-78.1370416,-0.0642939],[-78.1369675,-0.0647121],[-78.1370568,-0.0647867]]],[[[-78.1373669,-0.0637374],[-78.1377753,-0.0629871],[-78.1372987,-0.0628196],[-78.1371536,-0.0636977],[-78.1373669,-0.0637374]]],[[[-78.1387007,-0.0631207],[-78.1387266,-0.0629757],[-78.1386935,-0.0628807],[-78.1385757,-0.0627524],[-78.1385191,-0.0627101],[-78.1384477,-0.0627656],[-78.1373898,-0.0618899],[-78.1373215,-0.0619678],[-78.1373402,-0.0623501],[-78.1382901,-0.0629928],[-78.1383338,-0.0629373],[-78.1387622,-0.0634921],[-78.1387007,-0.0631207]]],[[[-78.1369736,-0.0608887],[-78.1372005,-0.0615461],[-78.1376619,-0.0611262],[-78.1378579,-0.061273],[-78.13829,-0.0609646],[-78.1388267,-0.0609181],[-78.1388504,-0.060758],[-78.1387526,-0.0605568],[-78.1387479,-0.0603616],[-78.1387809,-0.0602329],[-78.1387554,-0.0601231],[-78.1386943,-0.0600786],[-78.1386201,-0.0599519],[-78.1388852,-0.0601095],[-78.1388804,-0.0600637],[-78.1388996,-0.0598583],[-78.1388132,-0.0595066],[-78.1388205,-0.0594016],[-78.1386948,-0.0592357],[-78.1386704,-0.0591408],[-78.1387115,-0.0588706],[-78.1386926,-0.0584663],[-78.1388358,-0.0582543],[-78.1385166,-0.0582711],[-78.1385162,-0.0577279],[-78.1387381,-0.057461],[-78.1389539,-0.0573072],[-78.1393546,-0.0567531],[-78.1395158,-0.056621],[-78.1389204,-0.0561889],[-78.1386256,-0.0558853],[-78.138399,-0.0557139],[-78.1381609,-0.0554462],[-78.1377429,-0.0565179],[-78.1370089,-0.0576884],[-78.1374385,-0.057954],[-78.1374909,-0.0578912],[-78.1378221,-0.058405],[-78.1376436,-0.0584981],[-78.1374432,-0.0587085],[-78.137094,-0.0590101],[-78.137638,-0.059781],[-78.1375334,-0.0600743],[-78.1369059,-0.059196],[-78.1365225,-0.059497],[-78.1367245,-0.0598396],[-78.1369209,-0.0603261],[-78.1369682,-0.0608371],[-78.1372057,-0.0608846],[-78.1373074,-0.0606832],[-78.1373934,-0.0607373],[-78.1377654,-0.060831],[-78.1377474,-0.0608823],[-78.1373333,-0.0607796],[-78.1372338,-0.0609487],[-78.1369736,-0.0608887]]],[[[-78.1370272,-0.05818],[-78.1368297,-0.0580091],[-78.1366507,-0.0583423],[-78.1365511,-0.0586081],[-78.1371224,-0.0589669],[-78.1375887,-0.0585528],[-78.1371853,-0.0579969],[-78.1370272,-0.05818]]],[[[-78.1376557,-0.0565048],[-78.1380843,-0.0554044],[-78.1375481,-0.0550482],[-78.1373176,-0.0547455],[-78.1374107,-0.0547583],[-78.1374764,-0.0548902],[-78.1380486,-0.0546723],[-78.1380422,-0.0544823],[-78.1381383,-0.0539814],[-78.1381089,-0.0537681],[-78.1379667,-0.0533485],[-78.1379903,-0.0532413],[-78.1382486,-0.0526891],[-78.1374896,-0.0528628],[-78.1371324,-0.0530043],[-78.137047,-0.0531587],[-78.1369285,-0.0532655],[-78.1364409,-0.0535209],[-78.1363586,-0.0534258],[-78.1363343,-0.053435],[-78.1363214,-0.0538726],[-78.1364932,-0.0539886],[-78.1359331,-0.0545907],[-78.1363078,-0.054885],[-78.1365932,-0.0551886],[-78.1367932,-0.0555836],[-78.1368291,-0.0557399],[-78.1368259,-0.0559195],[-78.1356623,-0.0549234],[-78.1354413,-0.0552839],[-78.1353412,-0.0553141],[-78.135248,-0.0552749],[-78.1352287,-0.0553165],[-78.1351861,-0.05535],[-78.1350837,-0.055524],[-78.1350754,-0.0556177],[-78.1351133,-0.0556993],[-78.1350383,-0.0559065],[-78.1348837,-0.0560279],[-78.1365693,-0.0572951],[-78.1365922,-0.0565261],[-78.1366224,-0.0563913],[-78.1366521,-0.0563429],[-78.1366935,-0.0563443],[-78.1366556,-0.056406],[-78.1366137,-0.0566451],[-78.1366031,-0.0570061],[-78.1366411,-0.0575745],[-78.1366702,-0.0576364],[-78.1368836,-0.0577221],[-78.1374271,-0.0568367],[-78.137551,-0.0566845],[-78.1374527,-0.0566419],[-78.1375072,-0.0564465],[-78.1376557,-0.0565048]]],[[[-78.1388279,-0.0498506],[-78.1373845,-0.0493733],[-78.1372913,-0.0498603],[-78.1371322,-0.0501788],[-78.1369719,-0.0506421],[-78.1368966,-0.0512301],[-78.1367651,-0.0519017],[-78.1361973,-0.053014],[-78.1359836,-0.0532579],[-78.1358609,-0.0536559],[-78.1362717,-0.0538446],[-78.1363257,-0.0534071],[-78.1363753,-0.0534206],[-78.1364409,-0.0534938],[-78.1369275,-0.0532301],[-78.1370177,-0.0531485],[-78.1370898,-0.0529959],[-78.137342,-0.0528788],[-78.1382573,-0.0526616],[-78.1383801,-0.0522909],[-78.1384793,-0.0511781],[-78.138762,-0.0502352],[-78.1388279,-0.0498506]]],[[[-78.1376161,-0.0489069],[-78.1389308,-0.0493013],[-78.1390582,-0.0487208],[-78.1381125,-0.048383],[-78.1376161,-0.0489069]]],[[[-78.137504,-0.0475519],[-78.1372293,-0.0480677],[-78.1380528,-0.0483617],[-78.1385293,-0.0478691],[-78.137504,-0.0475519]]],[[[-78.1378298,-0.0445872],[-78.1380401,-0.0439765],[-78.1380716,-0.0436753],[-78.1369759,-0.0436498],[-78.1367913,-0.0441783],[-78.1367329,-0.0446545],[-78.1367109,-0.0454411],[-78.1366431,-0.0456226],[-78.1367156,-0.0460743],[-78.1366685,-0.0464098],[-78.136593,-0.0466435],[-78.1360849,-0.0475724],[-78.1358558,-0.0481495],[-78.1370888,-0.0481712],[-78.1372554,-0.0478613],[-78.1373769,-0.0477297],[-78.1377883,-0.0464241],[-78.1378467,-0.0461554],[-78.1377817,-0.0457719],[-78.1377311,-0.0456677],[-78.1377582,-0.0454722],[-78.1377213,-0.0453984],[-78.1377841,-0.0453347],[-78.1378352,-0.0451634],[-78.1378298,-0.0445872]]],[[[-78.1378964,-0.0411913],[-78.1369585,-0.0411754],[-78.1369384,-0.0419667],[-78.1383433,-0.0419849],[-78.1382353,-0.0419029],[-78.1381748,-0.041738],[-78.1379847,-0.0414412],[-78.1379094,-0.0414153],[-78.1378964,-0.0411913]]],[[[-78.1380952,-0.039714],[-78.138123,-0.0394731],[-78.1380258,-0.0393968],[-78.1381819,-0.0390635],[-78.1382946,-0.0389813],[-78.1384002,-0.0386919],[-78.1383833,-0.0385306],[-78.1383059,-0.0383238],[-78.1383485,-0.0379912],[-78.1374102,-0.0380002],[-78.1373506,-0.0385017],[-78.1371949,-0.039069],[-78.137124,-0.0399651],[-78.138136,-0.0399651],[-78.138131,-0.0397968],[-78.1380952,-0.039714]]],[[[-78.1387563,-0.0378759],[-78.1386268,-0.0379138],[-78.1384482,-0.0380607],[-78.1384887,-0.0383983],[-78.1385568,-0.0385537],[-78.1384965,-0.0386204],[-78.1385253,-0.0387027],[-78.1384335,-0.0388409],[-78.1384747,-0.0389542],[-78.1384487,-0.0390217],[-78.1383323,-0.0391409],[-78.1383574,-0.0392073],[-78.1392889,-0.0396053],[-78.1394852,-0.0391598],[-78.1398166,-0.0387245],[-78.1387563,-0.0378759]]],[[[-78.1375262,-0.037625],[-78.1374482,-0.0378294],[-78.1386159,-0.037805],[-78.1386894,-0.0377803],[-78.138765,-0.0376477],[-78.1375262,-0.037625]]],[[[-78.1372458,-0.0367715],[-78.1371969,-0.0367797],[-78.1369447,-0.0370286],[-78.1367661,-0.0374324],[-78.1366531,-0.0377826],[-78.1373879,-0.037786],[-78.1376795,-0.0371356],[-78.1375658,-0.0370692],[-78.1372458,-0.0367715]]],[[[-78.1375216,-0.0368659],[-78.139269,-0.0368942],[-78.1394483,-0.0368088],[-78.1395431,-0.0366854],[-78.1393696,-0.0366103],[-78.1390678,-0.0365644],[-78.1387915,-0.0366313],[-78.1387787,-0.036695],[-78.138494,-0.0366962],[-78.1383862,-0.0366503],[-78.1383369,-0.0365834],[-78.1380516,-0.0363883],[-78.1382126,-0.0363112],[-78.1383224,-0.0362944],[-78.1385076,-0.0363705],[-78.1387042,-0.0363131],[-78.1388383,-0.036315],[-78.1389986,-0.0364405],[-78.1393662,-0.0364953],[-78.1395122,-0.0364881],[-78.1397758,-0.0363375],[-78.140043,-0.0362694],[-78.1402003,-0.0361878],[-78.1402288,-0.0361304],[-78.1400472,-0.0358543],[-78.1399723,-0.0356294],[-78.1382727,-0.0350367],[-78.1383422,-0.0337418],[-78.1378458,-0.033617],[-78.1373857,-0.0338909],[-78.1370568,-0.0342362],[-78.1382747,-0.0350715],[-78.1382252,-0.0353678],[-78.1380941,-0.0357725],[-78.1378403,-0.036071],[-78.1372256,-0.0366502],[-78.1376027,-0.0370049],[-78.1375216,-0.0368659]]],[[[-78.1383086,-0.0324396],[-78.1384205,-0.032962],[-78.1383626,-0.0337418],[-78.1386816,-0.0337413],[-78.1387629,-0.0334148],[-78.1388361,-0.0332666],[-78.1389292,-0.0332216],[-78.1392457,-0.033365],[-78.1394591,-0.0333473],[-78.1396016,-0.0332613],[-78.1396586,-0.0332039],[-78.1399357,-0.0325426],[-78.1398229,-0.0324836],[-78.1393055,-0.0318324],[-78.1389719,-0.0314809],[-78.138428,-0.0311393],[-78.1382142,-0.0312903],[-78.1382526,-0.03135],[-78.1379551,-0.0315336],[-78.1378743,-0.0316837],[-78.1378655,-0.0318253],[-78.137918,-0.032055],[-78.1380554,-0.0321164],[-78.1381847,-0.0322444],[-78.1383086,-0.0324396]]],[[[-78.1383075,-0.0258778],[-78.1385113,-0.0254044],[-78.1386232,-0.0253055],[-78.1395093,-0.0223091],[-78.1406002,-0.0200275],[-78.1411447,-0.0195704],[-78.1409191,-0.0177677],[-78.1407876,-0.017945],[-78.1407329,-0.018155],[-78.1405914,-0.0184522],[-78.1405737,-0.0185836],[-78.1404391,-0.0186888],[-78.1402304,-0.018938],[-78.1400603,-0.0190491],[-78.1398901,-0.0192274],[-78.1398423,-0.0193756],[-78.1396896,-0.0194945],[-78.139626,-0.0196311],[-78.1396019,-0.0197809],[-78.1395473,-0.0198062],[-78.1395112,-0.019875],[-78.1394223,-0.0201813],[-78.1393336,-0.0203392],[-78.1393421,-0.0204693],[-78.1392767,-0.0206554],[-78.139262,-0.0208772],[-78.1391687,-0.0210923],[-78.1391526,-0.021237],[-78.1390792,-0.0213688],[-78.1390711,-0.0215497],[-78.1389642,-0.0217948],[-78.1389861,-0.0220005],[-78.1389654,-0.022276],[-78.1388654,-0.0225639],[-78.1387831,-0.0230811],[-78.1388142,-0.0233463],[-78.1386701,-0.0237628],[-78.1386131,-0.0241966],[-78.1384665,-0.0247202],[-78.1382893,-0.02507],[-78.1380921,-0.0253581],[-78.1379558,-0.0257257],[-78.1378545,-0.0258912],[-78.1377475,-0.025985],[-78.1375988,-0.0264567],[-78.1374533,-0.0266267],[-78.1371455,-0.027242],[-78.1369608,-0.0274356],[-78.1369148,-0.027592],[-78.1368552,-0.0277091],[-78.1367987,-0.0277715],[-78.1369231,-0.0275311],[-78.1368403,-0.027425],[-78.1367371,-0.0271652],[-78.136933,-0.0268903],[-78.1372863,-0.0262149],[-78.1374466,-0.0259908],[-78.1376605,-0.0252041],[-78.1372706,-0.0223375],[-78.1371762,-0.0224202],[-78.13727,-0.022333],[-78.1371599,-0.0210779],[-78.1388821,-0.0208204],[-78.1388687,-0.0208638],[-78.138896,-0.0208129],[-78.1389272,-0.0207867],[-78.1391948,-0.0207773],[-78.1392571,-0.020568],[-78.1392622,-0.0202526],[-78.139358,-0.0200813],[-78.1393227,-0.01999],[-78.1390731,-0.0199028],[-78.1387786,-0.019592],[-78.1383464,-0.0192788],[-78.1381683,-0.0192071],[-78.1364875,-0.0187927],[-78.136024,-0.0187155],[-78.1353847,-0.0197194],[-78.135309,-0.0199016],[-78.1352387,-0.0199136],[-78.1347577,-0.0210927],[-78.134643,-0.021538],[-78.1346237,-0.021873],[-78.1347833,-0.022728],[-78.1347664,-0.0231892],[-78.134637,-0.0238669],[-78.1342041,-0.0252739],[-78.1341243,-0.0256335],[-78.1343422,-0.02662],[-78.134365,-0.0275839],[-78.1344177,-0.0279698],[-78.1344847,-0.0281147],[-78.1351858,-0.0290103],[-78.1351562,-0.0290362],[-78.1345478,-0.0282373],[-78.1344737,-0.0281589],[-78.1343067,-0.0280657],[-78.1342394,-0.0284277],[-78.1340494,-0.0289058],[-78.1335849,-0.0297528],[-78.1340681,-0.0301518],[-78.1338011,-0.0305844],[-78.1338787,-0.0306411],[-78.1335544,-0.0307399],[-78.1339888,-0.0310856],[-78.1343296,-0.0316152],[-78.134928,-0.0328966],[-78.1350574,-0.0333724],[-78.1351049,-0.0334429],[-78.1353127,-0.0334405],[-78.1356656,-0.0333036],[-78.1357428,-0.033245],[-78.1360836,-0.0327729],[-78.1365844,-0.0323913],[-78.1365445,-0.0323061],[-78.1362111,-0.0325737],[-78.1358767,-0.0327902],[-78.1356382,-0.0328284],[-78.1355352,-0.0327556],[-78.1355153,-0.0325864],[-78.1357567,-0.0320313],[-78.1358013,-0.0317854],[-78.1358006,-0.0311702],[-78.1358102,-0.0317866],[-78.1357654,-0.0320339],[-78.1356215,-0.0323582],[-78.135546,-0.0326483],[-78.1355659,-0.0327192],[-78.1356527,-0.0327884],[-78.1359093,-0.0327429],[-78.1367414,-0.0321385],[-78.1369756,-0.0320687],[-78.1369339,-0.0320285],[-78.1369878,-0.0319685],[-78.1377304,-0.0317101],[-78.1378341,-0.0316533],[-78.1378698,-0.0315877],[-78.1378301,-0.0313193],[-78.1376524,-0.0307885],[-78.1371639,-0.0296067],[-78.1370922,-0.02917],[-78.1370982,-0.0287824],[-78.1372515,-0.0283634],[-78.137201,-0.0283777],[-78.1375615,-0.0276883],[-78.1376159,-0.027692],[-78.1377241,-0.0274988],[-78.1380083,-0.0268825],[-78.1381732,-0.0264154],[-78.1383075,-0.0258778]]],[[[-78.1389287,-0.0207911],[-78.1388153,-0.0209426],[-78.1387217,-0.0210304],[-78.1387216,-0.0211549],[-78.1386524,-0.021377],[-78.1386024,-0.0213963],[-78.1387457,-0.0219448],[-78.138657,-0.0223465],[-78.1388972,-0.0223984],[-78.1389397,-0.0217871],[-78.1392032,-0.0207763],[-78.1389928,-0.0208063],[-78.1389287,-0.0207911]]],[[[-78.1387172,-0.021154],[-78.1387167,-0.0210352],[-78.1386066,-0.021377],[-78.1386488,-0.0213729],[-78.1387172,-0.021154]]],[[[-78.138691,-0.0166612],[-78.1379553,-0.0165598],[-78.1372215,-0.0163487],[-78.1371527,-0.0167429],[-78.1371431,-0.0170794],[-78.1392394,-0.0176284],[-78.1396477,-0.0171404],[-78.1390558,-0.0169151],[-78.138691,-0.0166612]]],[[[-78.1359861,-0.0978524],[-78.1356091,-0.0984412],[-78.1357323,-0.0985752],[-78.1359826,-0.0991221],[-78.1368961,-0.0981207],[-78.1365351,-0.0973101],[-78.1361215,-0.097959],[-78.1359861,-0.0978524]]],[[[-78.1365834,-0.097233],[-78.1371353,-0.0964032],[-78.1368708,-0.0963009],[-78.1365584,-0.0963216],[-78.1359035,-0.0965127],[-78.1358798,-0.0965821],[-78.1353727,-0.0972111],[-78.1349453,-0.0978309],[-78.1353491,-0.0981853],[-78.1362198,-0.0969077],[-78.1365834,-0.097233]]],[[[-78.1370143,-0.0959148],[-78.1353873,-0.0946857],[-78.1353096,-0.0948765],[-78.1349345,-0.0954677],[-78.1354169,-0.0960236],[-78.1357001,-0.0964477],[-78.1360829,-0.0963211],[-78.1358811,-0.0960482],[-78.1361219,-0.0959753],[-78.1360951,-0.0959355],[-78.1361404,-0.0959219],[-78.1364569,-0.096216],[-78.1367635,-0.0961473],[-78.1370143,-0.0959148]]],[[[-78.1374311,-0.094695],[-78.1374785,-0.0940501],[-78.1374516,-0.0939864],[-78.1364655,-0.0935774],[-78.1362334,-0.093529],[-78.1360193,-0.093757],[-78.1357938,-0.0941163],[-78.1356373,-0.0942492],[-78.1354818,-0.0944915],[-78.1368468,-0.0954765],[-78.1371511,-0.0956262],[-78.1373665,-0.0949831],[-78.1374311,-0.094695]]],[[[-78.136247,-0.0912839],[-78.1367658,-0.091515],[-78.1368705,-0.0912594],[-78.1362073,-0.0909897],[-78.1354451,-0.0907515],[-78.1352047,-0.0909607],[-78.136247,-0.0912839]]],[[[-78.1359896,-0.0901254],[-78.1361589,-0.0891566],[-78.136152,-0.0890041],[-78.1358788,-0.0888857],[-78.135673,-0.0888472],[-78.135729,-0.0894819],[-78.1355333,-0.0897134],[-78.1357254,-0.0903953],[-78.1359896,-0.0901254]]],[[[-78.1371979,-0.08945],[-78.136938,-0.089161],[-78.1362082,-0.0890135],[-78.1362042,-0.0892538],[-78.1361312,-0.0896643],[-78.1375202,-0.0901652],[-78.1373319,-0.0896573],[-78.1371979,-0.08945]]],[[[-78.136303,-0.0847558],[-78.1362512,-0.0850494],[-78.1370489,-0.0852612],[-78.1371263,-0.0849721],[-78.136303,-0.0847558]]],[[[-78.1366463,-0.083878],[-78.1366471,-0.083415],[-78.1371153,-0.0834965],[-78.1371395,-0.0833873],[-78.1373167,-0.0834222],[-78.1373471,-0.0833105],[-78.136646,-0.083229],[-78.1366542,-0.0827943],[-78.1372992,-0.0829124],[-78.1372249,-0.082186],[-78.1371572,-0.0818673],[-78.1371049,-0.0817704],[-78.1369698,-0.0817222],[-78.1368024,-0.0822789],[-78.1367079,-0.0822521],[-78.1366529,-0.0827272],[-78.1361563,-0.0826253],[-78.1361426,-0.083301],[-78.1354661,-0.0831445],[-78.1354355,-0.0832932],[-78.135454,-0.0835901],[-78.1357155,-0.0836368],[-78.1357147,-0.0837374],[-78.1354843,-0.083748],[-78.1355066,-0.0838583],[-78.1357134,-0.0838902],[-78.1357121,-0.0840489],[-78.1365363,-0.0842387],[-78.1365221,-0.0842719],[-78.1372523,-0.0843983],[-78.137225,-0.0839849],[-78.1366463,-0.083878]]],[[[-78.1362394,-0.0819687],[-78.1365532,-0.0807826],[-78.1365245,-0.0807204],[-78.1363222,-0.080577],[-78.1362689,-0.0808459],[-78.1360467,-0.080703],[-78.135934,-0.081834],[-78.1362394,-0.0819687]]],[[[-78.1370002,-0.0813964],[-78.1370634,-0.0811487],[-78.1365725,-0.0808725],[-78.1364987,-0.0811435],[-78.1370002,-0.0813964]]],[[[-78.1368277,-0.0781357],[-78.1364742,-0.0787023],[-78.136364,-0.0788128],[-78.1366242,-0.0788483],[-78.1368376,-0.0786509],[-78.1370557,-0.0783544],[-78.1371659,-0.0780489],[-78.1375155,-0.0774065],[-78.1374001,-0.0773841],[-78.137212,-0.0776834],[-78.1368277,-0.0781357]]],[[[-78.1352434,-0.068399],[-78.1338835,-0.0684922],[-78.1336481,-0.0692576],[-78.1361626,-0.0690561],[-78.1363235,-0.0682996],[-78.1355829,-0.0683297],[-78.1352434,-0.068399]]],[[[-78.1363639,-0.0680431],[-78.1366399,-0.0666687],[-78.1358859,-0.0666868],[-78.1343963,-0.0668258],[-78.1343831,-0.0667943],[-78.1351,-0.0667388],[-78.1350629,-0.0664496],[-78.1351108,-0.066446],[-78.135136,-0.0667375],[-78.1358878,-0.0666764],[-78.1358631,-0.0663839],[-78.1353116,-0.0664293],[-78.1352993,-0.0661962],[-78.1350825,-0.0662152],[-78.135083,-0.0656611],[-78.1350233,-0.0655947],[-78.1342232,-0.0650243],[-78.1340848,-0.0651126],[-78.1343048,-0.0653515],[-78.1345979,-0.0662535],[-78.1343963,-0.0662694],[-78.1342265,-0.0657297],[-78.1335946,-0.0661366],[-78.1337833,-0.0665468],[-78.1337908,-0.0671799],[-78.133995,-0.0679892],[-78.1339537,-0.0682645],[-78.1363639,-0.0680431]],[[-78.1343581,-0.067734],[-78.1355262,-0.0676352],[-78.1355328,-0.0678263],[-78.1344069,-0.0679245],[-78.1343581,-0.067734]]],[[[-78.1368071,-0.065261],[-78.136943,-0.0645185],[-78.1365682,-0.0643837],[-78.1367244,-0.0637305],[-78.136147,-0.0637399],[-78.1362088,-0.0633859],[-78.1361343,-0.06336],[-78.1361869,-0.0631963],[-78.1362574,-0.0632219],[-78.1363373,-0.0631209],[-78.137148,-0.0632513],[-78.1372705,-0.0626357],[-78.1372408,-0.0620598],[-78.136808,-0.0625638],[-78.1364154,-0.0619042],[-78.1362722,-0.0618902],[-78.1358353,-0.0619988],[-78.1361552,-0.0624421],[-78.1353372,-0.0628815],[-78.1347559,-0.0633003],[-78.1348406,-0.0635143],[-78.1338431,-0.0636519],[-78.1336774,-0.0643734],[-78.1327748,-0.0640789],[-78.1327642,-0.0645121],[-78.132858,-0.064695],[-78.132982,-0.0650706],[-78.1337476,-0.0646515],[-78.135032,-0.0655621],[-78.1351364,-0.0656741],[-78.1351361,-0.0661565],[-78.1357306,-0.0661025],[-78.135903,-0.065331],[-78.1360999,-0.0654654],[-78.1362818,-0.0655409],[-78.1362074,-0.0660591],[-78.1367796,-0.0660069],[-78.1367675,-0.065258],[-78.1368071,-0.065261]]],[[[-78.1353091,-0.0612825],[-78.1353937,-0.0620047],[-78.1354294,-0.0620085],[-78.1358201,-0.0619707],[-78.1365899,-0.0617967],[-78.1366356,-0.0615512],[-78.1367213,-0.0616113],[-78.1370069,-0.0612396],[-78.1369047,-0.0609423],[-78.1368822,-0.0605489],[-78.1367101,-0.0607572],[-78.1363548,-0.0613444],[-78.1359227,-0.0613197],[-78.1356096,-0.061258],[-78.1356091,-0.0612309],[-78.1359275,-0.0612928],[-78.1363369,-0.0613031],[-78.1365512,-0.0609523],[-78.1364813,-0.0608375],[-78.1356019,-0.0607801],[-78.1356014,-0.0607466],[-78.1364845,-0.0608122],[-78.1365713,-0.0609373],[-78.1366738,-0.060763],[-78.1368821,-0.060518],[-78.1368629,-0.0603403],[-78.1367075,-0.059954],[-78.1364546,-0.0595082],[-78.1364401,-0.0593991],[-78.1361682,-0.0594423],[-78.1352305,-0.0593821],[-78.1351444,-0.0595801],[-78.1345382,-0.0592294],[-78.1345236,-0.0593111],[-78.1344004,-0.0595913],[-78.1346491,-0.0599961],[-78.1350259,-0.0602102],[-78.1347802,-0.0608933],[-78.1340523,-0.0603123],[-78.1339359,-0.0607],[-78.1347846,-0.0612465],[-78.1349992,-0.0611869],[-78.1352462,-0.0611926],[-78.1353091,-0.0612825]],[[-78.1363588,-0.060103],[-78.1363878,-0.0602815],[-78.1359832,-0.0603949],[-78.1360225,-0.060532],[-78.1355728,-0.0604426],[-78.1354793,-0.0598372],[-78.1360042,-0.0596803],[-78.1363588,-0.060103]]],[[[-78.1364248,-0.0592879],[-78.1364473,-0.0587995],[-78.1347653,-0.0580242],[-78.1347486,-0.0581378],[-78.1346613,-0.0584773],[-78.1346392,-0.0587458],[-78.1346087,-0.058931],[-78.1345851,-0.0590135],[-78.1352099,-0.0592726],[-78.1352995,-0.0591612],[-78.1362176,-0.0593549],[-78.1362461,-0.0592437],[-78.1364248,-0.0592879]]],[[[-78.1365193,-0.0588445],[-78.1364732,-0.0591342],[-78.1364938,-0.0593049],[-78.1366338,-0.0593958],[-78.1369551,-0.0591122],[-78.1365193,-0.0588445]]],[[[-78.1359805,-0.052506],[-78.1360956,-0.0521636],[-78.1362266,-0.0520415],[-78.1362674,-0.0519332],[-78.1362968,-0.0516114],[-78.1362623,-0.0513084],[-78.1362698,-0.0510359],[-78.1363525,-0.0508584],[-78.1363159,-0.0505793],[-78.1363473,-0.0504855],[-78.1363592,-0.0501245],[-78.1364218,-0.0499965],[-78.1365328,-0.0495137],[-78.1366209,-0.049271],[-78.1366103,-0.0490314],[-78.1355106,-0.0490235],[-78.1355445,-0.0491991],[-78.1356671,-0.0493771],[-78.135684,-0.0494589],[-78.1356256,-0.0497801],[-78.1354369,-0.0504045],[-78.1353273,-0.0505608],[-78.1351703,-0.0506682],[-78.1349771,-0.0508801],[-78.1347675,-0.0510277],[-78.1348752,-0.0512264],[-78.134975,-0.0513347],[-78.1352774,-0.0513593],[-78.1354242,-0.0514779],[-78.1354733,-0.0515681],[-78.1355198,-0.0517135],[-78.1353985,-0.0521161],[-78.1354674,-0.0525769],[-78.1354082,-0.0527614],[-78.1358213,-0.0528808],[-78.1358723,-0.0528491],[-78.1360135,-0.0525777],[-78.1359805,-0.052506]]],[[[-78.1361644,-0.0522979],[-78.1360749,-0.0526925],[-78.1360733,-0.0528928],[-78.1359833,-0.0528898],[-78.1358909,-0.0529378],[-78.1359027,-0.0530332],[-78.1358125,-0.0531259],[-78.1357626,-0.0533394],[-78.1356471,-0.0535125],[-78.1358064,-0.0536087],[-78.1359008,-0.0532898],[-78.1361759,-0.0529431],[-78.1367196,-0.0518869],[-78.136721,-0.0516668],[-78.1368392,-0.0512055],[-78.1368976,-0.050657],[-78.1370048,-0.050304],[-78.1371915,-0.0498954],[-78.1365289,-0.0497009],[-78.1363747,-0.0506712],[-78.1364582,-0.0508886],[-78.1363341,-0.0512189],[-78.1363908,-0.051884],[-78.1361644,-0.0522979]]],[[[-78.1367613,-0.0486505],[-78.1366536,-0.0491316],[-78.1373327,-0.0493562],[-78.1374134,-0.0491117],[-78.137554,-0.0488883],[-78.1367613,-0.0486505]]],[[[-78.1360357,-0.0475502],[-78.1365318,-0.0466421],[-78.1366027,-0.0464623],[-78.1366643,-0.0460217],[-78.1365959,-0.0457161],[-78.1366633,-0.0453872],[-78.1366897,-0.0444759],[-78.1367664,-0.0440183],[-78.1361236,-0.0440139],[-78.1360628,-0.044461],[-78.1353893,-0.0444616],[-78.1353637,-0.0446303],[-78.1353634,-0.0454152],[-78.1354487,-0.0458827],[-78.1354381,-0.0466387],[-78.1352179,-0.0483887],[-78.1350417,-0.0492057],[-78.1348929,-0.0496966],[-78.1347033,-0.0500645],[-78.1343151,-0.0506719],[-78.1343772,-0.0507541],[-78.1346891,-0.0509056],[-78.1347422,-0.0509805],[-78.1352942,-0.0505177],[-78.135386,-0.0503859],[-78.1355738,-0.0497651],[-78.1356296,-0.0494615],[-78.1354707,-0.0491569],[-78.1354676,-0.0487925],[-78.1357711,-0.0482578],[-78.1358514,-0.0479768],[-78.1360357,-0.0475502]]],[[[-78.1369241,-0.0418777],[-78.1369342,-0.0409374],[-78.1360514,-0.0409198],[-78.135812,-0.0419321],[-78.1356576,-0.042834],[-78.1356391,-0.0432017],[-78.1371257,-0.0432323],[-78.1371875,-0.0430731],[-78.1372132,-0.0428923],[-78.137093,-0.0425837],[-78.1368706,-0.0422832],[-78.1369241,-0.0418777]]],[[[-78.1371008,-0.0392285],[-78.1372752,-0.0385147],[-78.1373406,-0.0379774],[-78.13661,-0.0379761],[-78.13653,-0.0383359],[-78.1365248,-0.0385122],[-78.1363156,-0.0397796],[-78.1361286,-0.0405581],[-78.1369783,-0.040575],[-78.1370333,-0.0401931],[-78.1371008,-0.0392285]]],[[[-78.1368508,-0.0367311],[-78.1367855,-0.0365734],[-78.1366528,-0.0363906],[-78.1360794,-0.0357835],[-78.1364361,-0.0365987],[-78.1364673,-0.0367876],[-78.136448,-0.0369811],[-78.1361987,-0.0373586],[-78.1361481,-0.0374742],[-78.1360983,-0.0377971],[-78.1360232,-0.0379354],[-78.1358846,-0.0381203],[-78.1356841,-0.0382993],[-78.1355598,-0.0383387],[-78.1353443,-0.0383322],[-78.1348731,-0.0381114],[-78.134746,-0.0380993],[-78.1346189,-0.0381178],[-78.1345323,-0.0381696],[-78.1344517,-0.0382848],[-78.1344841,-0.0390971],[-78.1343019,-0.0398734],[-78.1342638,-0.0404602],[-78.134197,-0.040497],[-78.1340554,-0.0404493],[-78.1332265,-0.0395663],[-78.1331054,-0.0394755],[-78.1330009,-0.0394803],[-78.1326922,-0.0395998],[-78.1325188,-0.0397289],[-78.1324708,-0.0399852],[-78.1323247,-0.0404],[-78.1324479,-0.0406314],[-78.1326867,-0.0413898],[-78.1328013,-0.0412904],[-78.1330202,-0.0412497],[-78.1331308,-0.0415641],[-78.1331898,-0.0415712],[-78.1345474,-0.0412188],[-78.1345973,-0.0415464],[-78.1346566,-0.0417197],[-78.1347694,-0.0418991],[-78.1348169,-0.0421202],[-78.1348844,-0.0422436],[-78.1349982,-0.041803],[-78.1350284,-0.0414397],[-78.134979,-0.0410986],[-78.1349108,-0.0408757],[-78.1348601,-0.0403958],[-78.1349928,-0.0397512],[-78.1350477,-0.0396454],[-78.1351775,-0.0395442],[-78.1351463,-0.0394813],[-78.135226,-0.0394917],[-78.1357425,-0.0397746],[-78.1358542,-0.0397601],[-78.1360115,-0.0396705],[-78.1360972,-0.0395132],[-78.1363681,-0.0385196],[-78.1363284,-0.0384253],[-78.136407,-0.0381287],[-78.1364664,-0.0381443],[-78.1365049,-0.0379608],[-78.1364502,-0.0379506],[-78.1365379,-0.0376066],[-78.1366594,-0.0373122],[-78.1368526,-0.0370203],[-78.1368508,-0.0367311]]],[[[-78.1358726,-0.0380603],[-78.1360481,-0.0377744],[-78.1360859,-0.0374538],[-78.1361283,-0.0373503],[-78.1364044,-0.0369278],[-78.1364009,-0.0366693],[-78.1359355,-0.0355943],[-78.1355865,-0.0350373],[-78.1353879,-0.0346096],[-78.1351193,-0.0337328],[-78.1344451,-0.0340209],[-78.1330728,-0.034895],[-78.1340063,-0.0355649],[-78.1348126,-0.0362793],[-78.1350752,-0.0367463],[-78.1347037,-0.0371609],[-78.1354284,-0.03828],[-78.1356822,-0.0382406],[-78.1358726,-0.0380603]]],[[[-78.1366418,-0.0323828],[-78.1360851,-0.0328302],[-78.1357977,-0.033243],[-78.1368651,-0.0328381],[-78.1366418,-0.0323828]]],[[[-78.1365593,-0.01389],[-78.1365191,-0.0132373],[-78.1364778,-0.0130631],[-78.1362535,-0.0124391],[-78.1360788,-0.012074],[-78.135879,-0.0111871],[-78.135788,-0.0110254],[-78.1357079,-0.0109593],[-78.1353215,-0.0114655],[-78.1336672,-0.0129033],[-78.1334993,-0.0129596],[-78.1330239,-0.012881],[-78.1326657,-0.0129062],[-78.1323052,-0.0130037],[-78.1322242,-0.0134439],[-78.1328611,-0.0134879],[-78.1331029,-0.0135914],[-78.1334329,-0.0138222],[-78.13359,-0.0140445],[-78.1336316,-0.0142207],[-78.1335853,-0.0147461],[-78.1336005,-0.0148541],[-78.1336667,-0.0149745],[-78.1338524,-0.0151018],[-78.1351444,-0.0156581],[-78.1362682,-0.0157485],[-78.1366664,-0.0157485],[-78.1365409,-0.015534],[-78.1364042,-0.0151051],[-78.1363457,-0.0150348],[-78.1362059,-0.0149681],[-78.1364547,-0.0146372],[-78.1364857,-0.0142525],[-78.1365593,-0.01389]]],[[[-78.1348689,-0.1028653],[-78.1352988,-0.1025005],[-78.1348791,-0.1016306],[-78.1340133,-0.1024163],[-78.1344318,-0.1032783],[-78.1346849,-0.1030575],[-78.1345792,-0.102876],[-78.1348079,-0.1027495],[-78.1348689,-0.1028653]]],[[[-78.1345811,-0.1010225],[-78.1337278,-0.1017645],[-78.1339082,-0.1021781],[-78.1340567,-0.1021018],[-78.133932,-0.1018713],[-78.1339997,-0.1018305],[-78.134029,-0.1018842],[-78.1347127,-0.1012909],[-78.1345811,-0.1010225]]],[[[-78.1358107,-0.0989396],[-78.1343455,-0.1004554],[-78.134605,-0.100956],[-78.136054,-0.0994505],[-78.1358548,-0.099083],[-78.1358107,-0.0989396]]],[[[-78.1343381,-0.0999094],[-78.1345506,-0.0995497],[-78.13479,-0.0993297],[-78.1347599,-0.0992865],[-78.1349807,-0.0991608],[-78.1346985,-0.0987995],[-78.1345855,-0.0989163],[-78.1345608,-0.09889],[-78.1347649,-0.0986788],[-78.1353031,-0.0982684],[-78.1348455,-0.0978605],[-78.1346234,-0.0980829],[-78.1342121,-0.0985927],[-78.1337108,-0.0986814],[-78.1337372,-0.0988802],[-78.1332803,-0.098671],[-78.1333539,-0.0992878],[-78.1335996,-0.0993564],[-78.1333551,-0.099773],[-78.1337129,-0.0999784],[-78.1337425,-0.1000018],[-78.1337145,-0.1000209],[-78.1338547,-0.1001741],[-78.1339621,-0.100211],[-78.1341136,-0.1002004],[-78.1343381,-0.0999094]]],[[[-78.1347902,-0.0987048],[-78.1350937,-0.0990933],[-78.1355756,-0.0988028],[-78.1356772,-0.0986665],[-78.1353311,-0.0982924],[-78.1347902,-0.0987048]]],[[[-78.1341546,-0.0985478],[-78.1342135,-0.0985129],[-78.1347892,-0.0978073],[-78.1340716,-0.0970874],[-78.1339849,-0.0972874],[-78.1338685,-0.0972629],[-78.1338232,-0.097376],[-78.1341945,-0.0977554],[-78.1337344,-0.0983816],[-78.1337403,-0.0986193],[-78.1341546,-0.0985478]]],[[[-78.135219,-0.0971007],[-78.1348909,-0.0972704],[-78.1346646,-0.0969819],[-78.1344487,-0.0970444],[-78.1342563,-0.0970681],[-78.1341439,-0.0970483],[-78.1349058,-0.0977936],[-78.1355583,-0.0968853],[-78.1354418,-0.0966986],[-78.1350242,-0.0968471],[-78.135219,-0.0971007]]],[[[-78.1341085,-0.0969158],[-78.1342344,-0.0969416],[-78.1344853,-0.0968934],[-78.1354125,-0.0965729],[-78.134752,-0.0957406],[-78.1340256,-0.0967099],[-78.1339844,-0.0968385],[-78.1341085,-0.0969158]]],[[[-78.1348177,-0.0955319],[-78.1352525,-0.0948559],[-78.1353483,-0.0945813],[-78.1355521,-0.0942334],[-78.1351481,-0.0939627],[-78.1350021,-0.0937398],[-78.1346347,-0.093445],[-78.1338256,-0.0946315],[-78.1348177,-0.0955319]]],[[[-78.1356032,-0.0941732],[-78.1357574,-0.0940379],[-78.1351565,-0.0930716],[-78.1349611,-0.0932687],[-78.1350745,-0.0937128],[-78.1351971,-0.0939098],[-78.1356032,-0.0941732]]],[[[-78.1340087,-0.0925489],[-78.1332055,-0.0934564],[-78.134027,-0.0940655],[-78.134326,-0.0936458],[-78.1342089,-0.093551],[-78.1342852,-0.0934484],[-78.134395,-0.093545],[-78.1346402,-0.0931905],[-78.1340087,-0.0925489]]],[[[-78.1351201,-0.0925048],[-78.135175,-0.0923651],[-78.1351766,-0.0922266],[-78.1348004,-0.0917004],[-78.1342495,-0.0922955],[-78.1348153,-0.0929081],[-78.1351201,-0.0925048]]],[[[-78.1350254,-0.090295],[-78.1350326,-0.0895726],[-78.1348285,-0.0895771],[-78.1344165,-0.0892254],[-78.1349746,-0.0888864],[-78.1348578,-0.0883592],[-78.1348148,-0.0877097],[-78.1346451,-0.087769],[-78.1343189,-0.0880515],[-78.1335167,-0.0885188],[-78.1331242,-0.0888222],[-78.1331143,-0.0888798],[-78.1331584,-0.0889896],[-78.1334271,-0.089234],[-78.1337664,-0.0890286],[-78.1347343,-0.0898549],[-78.1346516,-0.0900989],[-78.1349976,-0.090319],[-78.1350254,-0.090295]]],[[[-78.1350143,-0.0865644],[-78.1352442,-0.08594],[-78.1353019,-0.0854981],[-78.1353352,-0.0844985],[-78.1353944,-0.0842464],[-78.1354061,-0.0839791],[-78.1353509,-0.0839796],[-78.1352511,-0.0839058],[-78.1353938,-0.0837269],[-78.1353584,-0.0834421],[-78.1353945,-0.0832164],[-78.1353039,-0.0832127],[-78.1353185,-0.0829031],[-78.1354235,-0.0828871],[-78.1353989,-0.0825037],[-78.1348636,-0.0831511],[-78.1344843,-0.0826427],[-78.1352717,-0.0817842],[-78.1352268,-0.0815463],[-78.1352489,-0.0812895],[-78.1351723,-0.0810987],[-78.1347201,-0.0815693],[-78.1327857,-0.0838888],[-78.1326979,-0.0840987],[-78.1326903,-0.084562],[-78.1326346,-0.0847659],[-78.1325174,-0.0849245],[-78.1322721,-0.0851031],[-78.1322972,-0.0851761],[-78.1320528,-0.0853178],[-78.1320723,-0.0853861],[-78.1325782,-0.086111],[-78.1330302,-0.0858532],[-78.1325337,-0.085041],[-78.1327848,-0.0848979],[-78.1332674,-0.0857157],[-78.1335058,-0.0855775],[-78.1333809,-0.0853582],[-78.1334618,-0.0852927],[-78.1335271,-0.0853744],[-78.133455,-0.0854339],[-78.1335291,-0.085564],[-78.1339909,-0.0852958],[-78.1340172,-0.085343],[-78.132622,-0.086163],[-78.1327435,-0.0862815],[-78.1330857,-0.086395],[-78.1332201,-0.0864704],[-78.1334444,-0.086684],[-78.1344686,-0.0861291],[-78.1344957,-0.086176],[-78.1334899,-0.0867381],[-78.1335924,-0.0870794],[-78.1335695,-0.0873817],[-78.1333539,-0.0881327],[-78.1331812,-0.0885629],[-78.1331672,-0.0887028],[-78.1335303,-0.0884449],[-78.1343016,-0.0879983],[-78.1346133,-0.0877249],[-78.1348123,-0.0876535],[-78.1348328,-0.0872434],[-78.1350143,-0.0865644]],[[-78.1340897,-0.084087],[-78.1336235,-0.0846364],[-78.1333089,-0.0840718],[-78.1337471,-0.0835391],[-78.1340897,-0.084087]]],[[[-78.1360108,-0.0863087],[-78.1352706,-0.0861655],[-78.135158,-0.0864767],[-78.1359079,-0.0866147],[-78.1360108,-0.0863087]]],[[[-78.135397,-0.0809867],[-78.1354148,-0.0811937],[-78.135343,-0.0813046],[-78.1353647,-0.0816719],[-78.1357113,-0.0817316],[-78.1357542,-0.0811366],[-78.135397,-0.0809867]]],[[[-78.1346411,-0.0807424],[-78.1349282,-0.0804294],[-78.1347985,-0.079941],[-78.134621,-0.0795001],[-78.1345101,-0.0796015],[-78.1344584,-0.0795124],[-78.1322824,-0.0821608],[-78.1327321,-0.0830231],[-78.1327664,-0.0830254],[-78.1328588,-0.0829261],[-78.1339207,-0.0816533],[-78.133685,-0.0811911],[-78.1339775,-0.0808371],[-78.1342088,-0.0812889],[-78.1346411,-0.0807424]]],[[[-78.1357718,-0.0808116],[-78.1357992,-0.0802394],[-78.1354701,-0.0800406],[-78.1353959,-0.0801875],[-78.1353611,-0.0803677],[-78.1353684,-0.0806701],[-78.1357718,-0.0808116]]],[[[-78.1344061,-0.0792189],[-78.1345081,-0.0791773],[-78.1344635,-0.0790403],[-78.1344002,-0.07913],[-78.1343205,-0.0789555],[-78.1338697,-0.0794708],[-78.134047,-0.0799306],[-78.1344671,-0.0794243],[-78.1344061,-0.0792189]]],[[[-78.1356809,-0.0789376],[-78.1352705,-0.0789001],[-78.1352039,-0.079202],[-78.1354182,-0.0793016],[-78.1356809,-0.0789376]]],[[[-78.1351647,-0.0791748],[-78.1352171,-0.0789893],[-78.1350531,-0.078942],[-78.1349837,-0.0790936],[-78.1351647,-0.0791748]]],[[[-78.1348429,-0.0786823],[-78.1346189,-0.0780304],[-78.1346639,-0.0778784],[-78.1347764,-0.0777241],[-78.1342885,-0.0774787],[-78.1343046,-0.0773245],[-78.1340225,-0.0772251],[-78.1342286,-0.07633],[-78.1334758,-0.0759402],[-78.1327619,-0.0771265],[-78.1327503,-0.0780618],[-78.1328148,-0.0781222],[-78.13293,-0.0781391],[-78.133138,-0.0782354],[-78.133618,-0.0783341],[-78.1341805,-0.0785037],[-78.1343947,-0.0787187],[-78.1345583,-0.079101],[-78.1347057,-0.0790257],[-78.134823,-0.0788095],[-78.1348429,-0.0786823]]],[[[-78.1348961,-0.076691],[-78.1348806,-0.0771997],[-78.1348502,-0.0773103],[-78.1346691,-0.0776273],[-78.13481,-0.0776992],[-78.1349807,-0.0774896],[-78.1351491,-0.0771631],[-78.1351197,-0.0767903],[-78.1348961,-0.076691]]],[[[-78.1349702,-0.0759605],[-78.1348913,-0.0752868],[-78.1348849,-0.074568],[-78.1349392,-0.0736909],[-78.1350509,-0.0731669],[-78.1331484,-0.072544],[-78.132977,-0.072386],[-78.1330593,-0.0727639],[-78.1330673,-0.0730826],[-78.1340158,-0.0734639],[-78.1340452,-0.073262],[-78.134782,-0.0735239],[-78.1346658,-0.0737266],[-78.1341159,-0.0735042],[-78.134112,-0.0738287],[-78.1331044,-0.0734603],[-78.1331307,-0.0737476],[-78.1341087,-0.0741111],[-78.1340836,-0.0744505],[-78.1331633,-0.0741084],[-78.1332508,-0.0748426],[-78.1334834,-0.0758756],[-78.1337826,-0.0760564],[-78.135111,-0.0767227],[-78.1349702,-0.0759605]]],[[[-78.1358273,-0.0705457],[-78.1334339,-0.070723],[-78.1334672,-0.0709891],[-78.134588,-0.0709106],[-78.1345895,-0.0711631],[-78.1345624,-0.0711881],[-78.1346242,-0.0714244],[-78.1335191,-0.071499],[-78.1335198,-0.0715406],[-78.1349015,-0.0718798],[-78.1349211,-0.0718326],[-78.1349493,-0.0718408],[-78.1346796,-0.0726423],[-78.1346047,-0.0729682],[-78.135085,-0.0731376],[-78.1356503,-0.0714971],[-78.1358273,-0.0705457]]],[[[-78.1359772,-0.0698125],[-78.1334468,-0.0700075],[-78.1333903,-0.0701879],[-78.1333995,-0.0704805],[-78.1358748,-0.0702935],[-78.1359772,-0.0698125]]],[[[-78.1352879,-0.069812],[-78.1356256,-0.069796],[-78.1356739,-0.0695906],[-78.1360388,-0.0695607],[-78.1361025,-0.069301],[-78.1335807,-0.0695103],[-78.1334584,-0.0699699],[-78.1349246,-0.0698579],[-78.1349707,-0.0696341],[-78.1353074,-0.0696019],[-78.1352879,-0.069812]]],[[[-78.1356874,-0.062591],[-78.1354366,-0.0621915],[-78.1352389,-0.0621314],[-78.1352013,-0.0620923],[-78.1352423,-0.0620222],[-78.1353616,-0.0619977],[-78.135274,-0.0612872],[-78.1352264,-0.0612347],[-78.1351624,-0.0612215],[-78.1349145,-0.0612489],[-78.1346398,-0.0613577],[-78.1344525,-0.0614896],[-78.1339689,-0.0622283],[-78.1337676,-0.0627475],[-78.1346084,-0.062767],[-78.1347409,-0.0632461],[-78.1353081,-0.0628358],[-78.135679,-0.0626417],[-78.1356874,-0.062591]]],[[[-78.1354182,-0.0621508],[-78.1354939,-0.0622173],[-78.1354079,-0.0620443],[-78.1352235,-0.0620778],[-78.1352482,-0.0621096],[-78.1354182,-0.0621508]]],[[[-78.1352029,-0.0551801],[-78.1352306,-0.0546785],[-78.1351467,-0.0539894],[-78.1346073,-0.0537947],[-78.1345917,-0.0537156],[-78.133879,-0.0534519],[-78.1337533,-0.0537671],[-78.1329137,-0.0534679],[-78.1328628,-0.0540321],[-78.1327591,-0.0544869],[-78.1344596,-0.0551252],[-78.1341885,-0.0556987],[-78.132795,-0.0551768],[-78.1329039,-0.0557297],[-78.132923,-0.0563531],[-78.1330668,-0.0573011],[-78.1338168,-0.0572138],[-78.1338252,-0.0573252],[-78.1330862,-0.0574201],[-78.1331415,-0.0576597],[-78.1338435,-0.0575692],[-78.1338515,-0.0576752],[-78.1338502,-0.0581243],[-78.13322,-0.0582106],[-78.1332932,-0.0585163],[-78.1333561,-0.0594284],[-78.1331128,-0.0610592],[-78.1330609,-0.0618531],[-78.1329778,-0.0624245],[-78.1330282,-0.0626494],[-78.1332586,-0.0628087],[-78.1332973,-0.0628812],[-78.1333428,-0.0628686],[-78.133431,-0.0626919],[-78.1334993,-0.0624747],[-78.1336136,-0.0621991],[-78.1336926,-0.0618264],[-78.1337346,-0.0616893],[-78.1337384,-0.0614969],[-78.1337849,-0.06118],[-78.1338714,-0.0607917],[-78.1339271,-0.0607078],[-78.1340092,-0.0604089],[-78.1341294,-0.0600976],[-78.1342305,-0.0598731],[-78.134356,-0.0596875],[-78.1345268,-0.0592808],[-78.1346338,-0.0587435],[-78.1346559,-0.0584747],[-78.1347616,-0.0580102],[-78.1347506,-0.0578644],[-78.134798,-0.0576488],[-78.1348053,-0.0573821],[-78.133946,-0.0575208],[-78.1339155,-0.0570662],[-78.1348143,-0.0569475],[-78.1348024,-0.0564208],[-78.1348357,-0.0561123],[-78.1348688,-0.0560355],[-78.1349447,-0.0559509],[-78.1350332,-0.0559031],[-78.1351059,-0.0557125],[-78.1350701,-0.0556162],[-78.1350784,-0.0555211],[-78.1351813,-0.0553464],[-78.1352431,-0.0552714],[-78.1352029,-0.0551801]]],[[[-78.1352095,-0.0535505],[-78.1352013,-0.0537617],[-78.1355428,-0.0538728],[-78.1355421,-0.0536587],[-78.1352095,-0.0535505]]],[[[-78.1343857,-0.053181],[-78.1339545,-0.053075],[-78.1340839,-0.0527561],[-78.1348045,-0.053019],[-78.1348683,-0.0529072],[-78.1352449,-0.0530273],[-78.1354041,-0.0525713],[-78.1353587,-0.0520728],[-78.1354559,-0.0517168],[-78.1354184,-0.0515861],[-78.1353078,-0.0514589],[-78.1351776,-0.0513975],[-78.1349463,-0.0513707],[-78.1348359,-0.0512542],[-78.1346467,-0.0509461],[-78.1342759,-0.0507397],[-78.1338964,-0.0513323],[-78.1336342,-0.0518144],[-78.1334638,-0.0521404],[-78.1333406,-0.0525379],[-78.1330785,-0.052923],[-78.1330087,-0.0530918],[-78.1338309,-0.0534306],[-78.1338842,-0.0534253],[-78.1339119,-0.0532843],[-78.135132,-0.0536811],[-78.1351453,-0.0534658],[-78.1343857,-0.053181]]],[[[-78.134763,-0.0498231],[-78.1349144,-0.0494494],[-78.1351559,-0.0483783],[-78.1353754,-0.0466345],[-78.1353915,-0.045941],[-78.1353045,-0.0455068],[-78.1353047,-0.0449142],[-78.1350465,-0.0449033],[-78.1350629,-0.0446492],[-78.1352451,-0.0440709],[-78.1352501,-0.0439557],[-78.1353945,-0.0439623],[-78.1355061,-0.0435532],[-78.1355417,-0.0434019],[-78.1355736,-0.0427411],[-78.1356924,-0.0419964],[-78.1354573,-0.0422816],[-78.1350601,-0.0429271],[-78.1350578,-0.043237],[-78.1349634,-0.0436209],[-78.1348888,-0.0437926],[-78.1347811,-0.0438342],[-78.1346913,-0.043817],[-78.1345289,-0.0435983],[-78.1346411,-0.044005],[-78.1345692,-0.0444378],[-78.1345423,-0.0452799],[-78.1343284,-0.0455363],[-78.1342742,-0.0457066],[-78.1340278,-0.0456934],[-78.1337733,-0.0459911],[-78.1339831,-0.0462871],[-78.1334855,-0.0467707],[-78.1337793,-0.0470716],[-78.1331607,-0.0479427],[-78.133491,-0.0482372],[-78.1339717,-0.0484745],[-78.1341295,-0.048171],[-78.1342101,-0.0482132],[-78.1339951,-0.0485586],[-78.133783,-0.0484829],[-78.1334872,-0.0482813],[-78.1328783,-0.0477309],[-78.132626,-0.0480384],[-78.1324612,-0.0485645],[-78.1332177,-0.0489736],[-78.1330735,-0.0490943],[-78.1327513,-0.0498664],[-78.1325765,-0.0498039],[-78.1326368,-0.0499033],[-78.1326308,-0.0499881],[-78.1329224,-0.0500121],[-78.1343171,-0.050543],[-78.134763,-0.0498231]]],[[[-78.1341134,-0.0431301],[-78.1340265,-0.0429674],[-78.1339926,-0.0428159],[-78.1339383,-0.0428078],[-78.1339578,-0.0427151],[-78.1338739,-0.0422752],[-78.1337584,-0.0420196],[-78.1335846,-0.0417594],[-78.1334271,-0.041633],[-78.1331898,-0.0415712],[-78.1330179,-0.0415834],[-78.1329431,-0.0416323],[-78.1328775,-0.0416949],[-78.1328615,-0.0418326],[-78.1328971,-0.0420078],[-78.1328422,-0.0421873],[-78.1325328,-0.0425823],[-78.1322764,-0.0430689],[-78.13304,-0.043275],[-78.1331738,-0.0422484],[-78.1332269,-0.0422581],[-78.1330926,-0.0432885],[-78.1338843,-0.0434911],[-78.1338213,-0.0440856],[-78.1338671,-0.0441139],[-78.1338827,-0.0444862],[-78.13291,-0.0445989],[-78.1328608,-0.0450501],[-78.1329166,-0.045875],[-78.1331498,-0.0457962],[-78.1338544,-0.0454653],[-78.1339747,-0.0456882],[-78.1340113,-0.045637],[-78.1342444,-0.0456614],[-78.1342794,-0.0455097],[-78.1344102,-0.0453525],[-78.1344693,-0.0450389],[-78.1345359,-0.0442744],[-78.1346064,-0.0440073],[-78.1345085,-0.0435708],[-78.1345692,-0.0435247],[-78.1345078,-0.0433626],[-78.1341986,-0.0432099],[-78.1341134,-0.0431301]]],[[[-78.1348909,-0.0427394],[-78.1349086,-0.0431696],[-78.1348685,-0.043621],[-78.1349083,-0.043621],[-78.1350036,-0.0432285],[-78.1350108,-0.0429028],[-78.1355062,-0.0421171],[-78.1357376,-0.0418739],[-78.135808,-0.0414756],[-78.13504,-0.041408],[-78.135016,-0.0418057],[-78.1349022,-0.0422463],[-78.1349155,-0.0425848],[-78.1348909,-0.0427394]]],[[[-78.1358981,-0.0409763],[-78.1359917,-0.0405386],[-78.1349002,-0.0405196],[-78.1349611,-0.0409635],[-78.1358981,-0.0409763]]],[[[-78.1345582,-0.0231449],[-78.1347108,-0.0230853],[-78.1347298,-0.0228789],[-78.1345582,-0.0231449]]],[[[-78.1357532,-0.0179654],[-78.1351887,-0.0177458],[-78.1351084,-0.017764],[-78.1348837,-0.0177],[-78.1344731,-0.0183874],[-78.1339995,-0.0182503],[-78.1337989,-0.0189983],[-78.1355765,-0.0191875],[-78.1357895,-0.0188239],[-78.1360146,-0.018557],[-78.1365399,-0.0181216],[-78.1357532,-0.0179654]]],[[[-78.1340234,-0.018221],[-78.1344604,-0.0183386],[-78.1348671,-0.0176577],[-78.1343325,-0.0175101],[-78.1340234,-0.018221]]],[[[-78.133598,-0.1000718],[-78.1329576,-0.0997082],[-78.1328935,-0.0998286],[-78.1329141,-0.0998446],[-78.1326742,-0.100065],[-78.1329903,-0.1003627],[-78.133105,-0.1005436],[-78.1333017,-0.1002803],[-78.133598,-0.1000718]]],[[[-78.1337108,-0.0975163],[-78.132281,-0.0963933],[-78.1316837,-0.096901],[-78.1318896,-0.0970013],[-78.1317744,-0.0971734],[-78.1315605,-0.0970558],[-78.1313773,-0.0972943],[-78.1317862,-0.0976383],[-78.131883,-0.0976912],[-78.1321398,-0.0976944],[-78.1323001,-0.0977367],[-78.1332501,-0.0983453],[-78.1333827,-0.097849],[-78.1336742,-0.0980552],[-78.1336603,-0.0978917],[-78.1337108,-0.0975163]]],[[[-78.1339451,-0.0969724],[-78.1338173,-0.0968741],[-78.1336393,-0.0973609],[-78.1337351,-0.0974315],[-78.1339451,-0.0969724]]],[[[-78.1336976,-0.0967791],[-78.1335246,-0.0966341],[-78.1334319,-0.0967831],[-78.1333624,-0.096726],[-78.1331965,-0.0970253],[-78.1334856,-0.0972442],[-78.1336976,-0.0967791]]],[[[-78.134209,-0.0963621],[-78.1345205,-0.0959463],[-78.1337881,-0.0953218],[-78.1334925,-0.0957186],[-78.133366,-0.0956001],[-78.1336408,-0.0951962],[-78.133579,-0.0952834],[-78.13346,-0.0951813],[-78.1329062,-0.095873],[-78.1330219,-0.0960221],[-78.1336374,-0.0965694],[-78.1339661,-0.0961439],[-78.134209,-0.0963621]]],[[[-78.1327121,-0.0943905],[-78.1327581,-0.0943493],[-78.1326294,-0.0941235],[-78.1321129,-0.0947001],[-78.1324553,-0.0953433],[-78.1327722,-0.0957962],[-78.1330419,-0.0955086],[-78.1327723,-0.0951526],[-78.1329205,-0.0949848],[-78.1331771,-0.0953494],[-78.1332879,-0.0952155],[-78.1327121,-0.0943905]]],[[[-78.1339761,-0.0941273],[-78.1331467,-0.0935202],[-78.132944,-0.0937568],[-78.1331386,-0.0939872],[-78.1331974,-0.0939313],[-78.1335508,-0.0943647],[-78.1336526,-0.0942159],[-78.1338326,-0.0943756],[-78.1339761,-0.0941273]]],[[[-78.1331357,-0.0934406],[-78.134162,-0.0922996],[-78.1336948,-0.0915809],[-78.1326503,-0.092758],[-78.1331357,-0.0934406]]],[[[-78.1337,-0.0914822],[-78.1347404,-0.0903041],[-78.1340752,-0.0898632],[-78.1330106,-0.0910544],[-78.1333446,-0.0912832],[-78.133451,-0.0911616],[-78.1336078,-0.0912521],[-78.1334967,-0.0913779],[-78.1337,-0.0914822]]],[[[-78.1329368,-0.0910158],[-78.1339898,-0.089816],[-78.133669,-0.0895668],[-78.1333565,-0.0899353],[-78.1330138,-0.0896469],[-78.1333276,-0.0892911],[-78.1324267,-0.0884912],[-78.1323041,-0.088347],[-78.1315601,-0.0892113],[-78.132531,-0.0901898],[-78.1322797,-0.0904761],[-78.1329368,-0.0910158]]],[[[-78.1334862,-0.087333],[-78.133499,-0.0870618],[-78.1334063,-0.0868136],[-78.1328739,-0.0871621],[-78.1328409,-0.0871191],[-78.1333576,-0.0867681],[-78.1333656,-0.0867365],[-78.1330947,-0.0864994],[-78.1326332,-0.0863181],[-78.1323873,-0.0860106],[-78.1314831,-0.0865833],[-78.1310514,-0.0869397],[-78.1325595,-0.0885306],[-78.132744,-0.0886905],[-78.1329895,-0.0888325],[-78.1330176,-0.088818],[-78.1331154,-0.0884757],[-78.1332683,-0.0881055],[-78.1334862,-0.087333]],[[-78.1329837,-0.0877767],[-78.1327899,-0.0874884],[-78.1330023,-0.0873293],[-78.1332125,-0.0876032],[-78.1329837,-0.0877767]]],[[[-78.133002,-0.0834795],[-78.1330433,-0.0834861],[-78.1331433,-0.0833725],[-78.1329031,-0.0829574],[-78.1327815,-0.0831044],[-78.133002,-0.0834795]]],[[[-78.1340722,-0.082275],[-78.1343314,-0.0819557],[-78.1341286,-0.0814775],[-78.1338552,-0.0818191],[-78.1340722,-0.082275]]],[[[-78.1335398,-0.0805477],[-78.1333242,-0.0801383],[-78.1328984,-0.0806717],[-78.1331092,-0.0810709],[-78.1335398,-0.0805477]]],[[[-78.1333052,-0.0793446],[-78.1328571,-0.0799028],[-78.1331758,-0.0802095],[-78.1336586,-0.0796531],[-78.1333052,-0.0793446]]],[[[-78.1324452,-0.0803358],[-78.1334962,-0.0790121],[-78.1329904,-0.0788193],[-78.1333729,-0.0783426],[-78.1328323,-0.0781895],[-78.1325971,-0.0782431],[-78.1323335,-0.0784953],[-78.1319992,-0.078929],[-78.1326004,-0.0792863],[-78.1322077,-0.0797412],[-78.1316981,-0.0793199],[-78.1305986,-0.0807838],[-78.1306245,-0.0808192],[-78.1308672,-0.0808988],[-78.1311845,-0.0811577],[-78.1312554,-0.0811651],[-78.1315826,-0.0810043],[-78.1316659,-0.0810216],[-78.1317698,-0.0811074],[-78.1324452,-0.0803358]]],[[[-78.1337487,-0.0787808],[-78.1336391,-0.078919],[-78.134001,-0.0792228],[-78.13411,-0.0790877],[-78.1337487,-0.0787808]]],[[[-78.1330959,-0.0740033],[-78.1329621,-0.0724499],[-78.1328994,-0.0723724],[-78.1322398,-0.0721293],[-78.1316983,-0.0718587],[-78.1313207,-0.0716961],[-78.1313229,-0.0717169],[-78.1304196,-0.0710576],[-78.1303534,-0.0713224],[-78.1303723,-0.0721421],[-78.131396,-0.0724983],[-78.1314676,-0.0733191],[-78.1303377,-0.0729665],[-78.1303711,-0.073249],[-78.1306062,-0.0740346],[-78.1316551,-0.0741916],[-78.1317113,-0.0744988],[-78.1306843,-0.0743587],[-78.1308358,-0.0751282],[-78.1310201,-0.0755801],[-78.1319006,-0.0752713],[-78.1320438,-0.0755095],[-78.1311793,-0.0759865],[-78.131296,-0.0762001],[-78.1321522,-0.0756685],[-78.1325533,-0.0762528],[-78.1330428,-0.0765965],[-78.1334444,-0.0758983],[-78.1332593,-0.0751277],[-78.1323392,-0.0747095],[-78.1323969,-0.0745774],[-78.133229,-0.0749562],[-78.1330959,-0.0740033]],[[-78.1327592,-0.073596],[-78.132108,-0.07331],[-78.1320502,-0.0726474],[-78.1327178,-0.0729312],[-78.1327592,-0.073596]]],[[[-78.1348219,-0.0720783],[-78.1335117,-0.0718049],[-78.133544,-0.0726475],[-78.1345729,-0.0729576],[-78.1348219,-0.0720783]]],[[[-78.1324924,-0.0719026],[-78.1334702,-0.0722977],[-78.1334679,-0.0717664],[-78.1314796,-0.0710148],[-78.1314772,-0.0712693],[-78.132573,-0.0716926],[-78.1324924,-0.0719026]]],[[[-78.1338012,-0.0686267],[-78.1321679,-0.0683189],[-78.1320779,-0.0686472],[-78.1321591,-0.0689569],[-78.1321323,-0.0691512],[-78.1320478,-0.069365],[-78.1317911,-0.0698075],[-78.1333505,-0.0701776],[-78.1336874,-0.068917],[-78.1337089,-0.0689211],[-78.1338012,-0.0686267]]],[[[-78.1339122,-0.0677395],[-78.1338158,-0.0675163],[-78.1323402,-0.0673293],[-78.1322599,-0.0680363],[-78.1338883,-0.0682823],[-78.1339425,-0.0680062],[-78.1339122,-0.0677395]]],[[[-78.1337365,-0.0666568],[-78.1322384,-0.0665427],[-78.1321444,-0.0668915],[-78.1337408,-0.0670824],[-78.1337365,-0.0666568]]],[[[-78.1331638,-0.0655314],[-78.1329076,-0.065005],[-78.1328092,-0.0646516],[-78.1327812,-0.064609],[-78.1327384,-0.064609],[-78.1325804,-0.0652168],[-78.1326304,-0.0654192],[-78.1326057,-0.0655755],[-78.1325496,-0.0658397],[-78.1324317,-0.0660778],[-78.1334582,-0.0659481],[-78.1333697,-0.0657773],[-78.1331638,-0.0655314]]],[[[-78.133928,-0.0622089],[-78.134416,-0.0614621],[-78.1345021,-0.0613943],[-78.1338351,-0.0609736],[-78.1337438,-0.0614992],[-78.13374,-0.061692],[-78.1336633,-0.0620352],[-78.1335688,-0.0623662],[-78.1334172,-0.0627338],[-78.1337525,-0.0627032],[-78.133928,-0.0622089]]],[[[-78.1333244,-0.0593047],[-78.1332526,-0.0584923],[-78.1332246,-0.0584703],[-78.1326539,-0.0593323],[-78.1324328,-0.0597442],[-78.1329468,-0.0600844],[-78.1332741,-0.0595899],[-78.1332993,-0.0595993],[-78.1333244,-0.0593047]]],[[[-78.1342957,-0.0505743],[-78.1329129,-0.0500418],[-78.1327056,-0.0500123],[-78.1326226,-0.0500302],[-78.1325426,-0.0502699],[-78.1322722,-0.0506895],[-78.1320774,-0.0511496],[-78.1320691,-0.0512918],[-78.1321558,-0.0517414],[-78.1323154,-0.0521131],[-78.1323872,-0.0525357],[-78.133009,-0.0529628],[-78.1332512,-0.0526195],[-78.1334146,-0.0521214],[-78.1342957,-0.0505743]]],[[[-78.1330063,-0.0466352],[-78.1331812,-0.0467494],[-78.1332838,-0.0466201],[-78.1331326,-0.0465068],[-78.1330063,-0.0466352]]],[[[-78.1339912,-0.0400163],[-78.1339393,-0.0396769],[-78.1338069,-0.0392968],[-78.1332197,-0.039457],[-78.1338932,-0.0402148],[-78.134088,-0.0403995],[-78.1341565,-0.0404192],[-78.1339912,-0.0400163]]],[[[-78.1334306,-0.0382893],[-78.1339793,-0.0390589],[-78.1342274,-0.0400098],[-78.1342457,-0.0398874],[-78.1341735,-0.0393745],[-78.1340315,-0.038915],[-78.1337937,-0.0384864],[-78.1333229,-0.0377826],[-78.1331969,-0.0374177],[-78.1331281,-0.0371106],[-78.133272,-0.036934],[-78.1333863,-0.0368732],[-78.133238,-0.0362401],[-78.132638,-0.0362498],[-78.1325903,-0.036378],[-78.1324565,-0.0365335],[-78.1324919,-0.0365885],[-78.1326062,-0.036831],[-78.1326454,-0.0369758],[-78.1327033,-0.0369773],[-78.1327538,-0.0371885],[-78.132936,-0.0375906],[-78.1330115,-0.0376709],[-78.1331704,-0.0381036],[-78.1333047,-0.0380447],[-78.1334306,-0.0382893]]],[[[-78.1331865,-0.0371244],[-78.1333268,-0.0376407],[-78.1339185,-0.0377496],[-78.1345179,-0.0373894],[-78.1339764,-0.036883],[-78.1334968,-0.0368758],[-78.1333067,-0.0369768],[-78.1331865,-0.0371244]]],[[[-78.1348373,-0.0328903],[-78.134166,-0.031505],[-78.1330673,-0.0319641],[-78.1328145,-0.0310563],[-78.13263,-0.0311452],[-78.1323349,-0.0315331],[-78.1321473,-0.0318618],[-78.132097,-0.0320363],[-78.1321091,-0.032389],[-78.1319931,-0.033262],[-78.1321231,-0.0345747],[-78.1322371,-0.0349143],[-78.132555,-0.0344233],[-78.1324954,-0.0340809],[-78.1332304,-0.0337068],[-78.1332235,-0.0336684],[-78.1339577,-0.0332373],[-78.1344463,-0.0330047],[-78.1348373,-0.0328903]]],[[[-78.1338948,-0.0288337],[-78.1333033,-0.029512],[-78.133499,-0.0296793],[-78.1339493,-0.0288664],[-78.1338948,-0.0288337]]],[[[-78.1332115,-0.0267916],[-78.1325776,-0.0267676],[-78.1326716,-0.0276898],[-78.1337671,-0.027635],[-78.1336924,-0.0266259],[-78.1332115,-0.0267916]]],[[[-78.1325695,-0.0265891],[-78.1326256,-0.026678],[-78.1327054,-0.0267335],[-78.1328118,-0.0267602],[-78.1332052,-0.0267597],[-78.1330917,-0.0258541],[-78.1340955,-0.0253486],[-78.1343387,-0.0245742],[-78.1339391,-0.0248459],[-78.1336856,-0.025298],[-78.133634,-0.0253299],[-78.1335673,-0.0253181],[-78.133533,-0.0252712],[-78.1335402,-0.0252032],[-78.1336979,-0.0249704],[-78.1337173,-0.024682],[-78.1334066,-0.0248062],[-78.1333776,-0.024154],[-78.1321056,-0.0246254],[-78.1322974,-0.025091],[-78.1325325,-0.0253306],[-78.1325668,-0.0257243],[-78.1325256,-0.0264116],[-78.1325695,-0.0265891]]],[[[-78.1337641,-0.024965],[-78.1335833,-0.0252222],[-78.1335927,-0.0252767],[-78.1336545,-0.0252643],[-78.133879,-0.0248868],[-78.1337641,-0.024965]]],[[[-78.1345602,-0.021913],[-78.134561,-0.0215077],[-78.1346265,-0.0212035],[-78.1350845,-0.0200889],[-78.1331845,-0.0198893],[-78.132987,-0.0199031],[-78.1329433,-0.0197522],[-78.1324177,-0.0196862],[-78.1322062,-0.0188844],[-78.1326872,-0.0189497],[-78.1332155,-0.0189778],[-78.1332966,-0.0181186],[-78.1328697,-0.0180645],[-78.1323785,-0.0180527],[-78.1323681,-0.0180103],[-78.132841,-0.0180153],[-78.1327712,-0.0170847],[-78.1320824,-0.0170114],[-78.1321677,-0.0174668],[-78.1310151,-0.017447],[-78.1311039,-0.0163451],[-78.1311625,-0.0160703],[-78.1306716,-0.0161507],[-78.1305086,-0.0160204],[-78.130264,-0.0159732],[-78.1300915,-0.0157966],[-78.1299262,-0.0155025],[-78.1297437,-0.01526],[-78.1293006,-0.0147464],[-78.1291407,-0.0141368],[-78.1288156,-0.0141281],[-78.1289575,-0.0143751],[-78.1289948,-0.0147662],[-78.1291615,-0.0150067],[-78.1295933,-0.015484],[-78.1299936,-0.0160894],[-78.1303393,-0.0161435],[-78.1303349,-0.0161841],[-78.1302209,-0.0162176],[-78.1300772,-0.0163264],[-78.1300611,-0.0164177],[-78.1300965,-0.0166982],[-78.130068,-0.0168344],[-78.1301155,-0.0172244],[-78.1300661,-0.0174061],[-78.1300851,-0.0178179],[-78.1301022,-0.0179862],[-78.130214,-0.0183005],[-78.130309,-0.0184421],[-78.1304211,-0.0185287],[-78.1306573,-0.0189203],[-78.1319616,-0.0188204],[-78.1321876,-0.0196574],[-78.131932,-0.0195915],[-78.1318805,-0.0199984],[-78.1319352,-0.0203197],[-78.1309753,-0.0203762],[-78.1310274,-0.020695],[-78.1314796,-0.0212334],[-78.1309624,-0.0210942],[-78.1308744,-0.0210204],[-78.1308652,-0.0210613],[-78.1310202,-0.0212887],[-78.1309083,-0.0213404],[-78.1308799,-0.0214132],[-78.1309797,-0.0213543],[-78.1311294,-0.0213433],[-78.1314115,-0.0214609],[-78.1318594,-0.0219777],[-78.1319212,-0.0219485],[-78.1319069,-0.0217645],[-78.131939,-0.0217372],[-78.132302,-0.0217888],[-78.1324072,-0.0218531],[-78.132489,-0.0214542],[-78.1325412,-0.0214302],[-78.1327036,-0.0215615],[-78.1331303,-0.0215581],[-78.1331865,-0.0218792],[-78.1331866,-0.022542],[-78.1332278,-0.0226705],[-78.133093,-0.0227952],[-78.1334222,-0.0230348],[-78.1332593,-0.0232089],[-78.1334949,-0.0235603],[-78.1344868,-0.0231728],[-78.1347214,-0.0227764],[-78.1345602,-0.021913]]],[[[-78.1332531,-0.0180656],[-78.1336475,-0.0181373],[-78.1338396,-0.0173741],[-78.1333057,-0.0172267],[-78.1332531,-0.0180656]]],[[[-78.1335401,-0.0147468],[-78.1335866,-0.0142242],[-78.1334952,-0.013972],[-78.1333201,-0.0137872],[-78.1329525,-0.0135761],[-78.1323764,-0.0150929],[-78.1304735,-0.0144516],[-78.1303742,-0.0147412],[-78.1308946,-0.0153859],[-78.1310653,-0.0154049],[-78.1313286,-0.0157839],[-78.1314125,-0.0160983],[-78.1313232,-0.0169154],[-78.1317208,-0.0169567],[-78.1327435,-0.0158038],[-78.1328369,-0.0156162],[-78.1329572,-0.0155058],[-78.1334623,-0.0153752],[-78.1337128,-0.0153701],[-78.134855,-0.0155692],[-78.1338322,-0.0151422],[-78.1336346,-0.0150064],[-78.1335852,-0.014944],[-78.1335401,-0.0147468]]],[[[-78.1329104,-0.1005668],[-78.1324212,-0.1001909],[-78.1322732,-0.1000319],[-78.1321879,-0.0998695],[-78.1321608,-0.0996509],[-78.1319978,-0.0994626],[-78.1319323,-0.0994759],[-78.1318882,-0.099448],[-78.1316667,-0.0991527],[-78.1315956,-0.0989759],[-78.1313756,-0.0991028],[-78.1312246,-0.0989759],[-78.1308839,-0.0984399],[-78.1308164,-0.0981095],[-78.1308521,-0.0979529],[-78.1307569,-0.0981599],[-78.1307214,-0.0983407],[-78.1307108,-0.0987678],[-78.1311097,-0.0993388],[-78.1321697,-0.10067],[-78.1324846,-0.1009598],[-78.1327414,-0.1013931],[-78.1330044,-0.1007879],[-78.1329789,-0.1006728],[-78.1329104,-0.1005668]]],[[[-78.1323615,-0.0994514],[-78.1323166,-0.0993567],[-78.1323036,-0.0978738],[-78.1316515,-0.098871],[-78.1320234,-0.0993484],[-78.1322257,-0.0995575],[-78.1323615,-0.0994514]]],[[[-78.1323856,-0.098351],[-78.1323847,-0.0989189],[-78.1328547,-0.0991051],[-78.1328232,-0.0985511],[-78.1323856,-0.098351]]],[[[-78.1323628,-0.0978459],[-78.1323846,-0.0982271],[-78.1329371,-0.0985082],[-78.1329488,-0.0982219],[-78.1323628,-0.0978459]]],[[[-78.1322511,-0.097785],[-78.132135,-0.0977487],[-78.1318566,-0.0977385],[-78.1316727,-0.0980257],[-78.1315537,-0.0979364],[-78.1317321,-0.0976639],[-78.1315236,-0.0974735],[-78.1313266,-0.0973695],[-78.1310572,-0.0977102],[-78.1310503,-0.0978154],[-78.1311011,-0.0980034],[-78.1313578,-0.0984904],[-78.131521,-0.0982521],[-78.1317745,-0.0986062],[-78.1322707,-0.0978214],[-78.1322511,-0.097785]]],[[[-78.1323478,-0.0963515],[-78.1324446,-0.0964783],[-78.1326005,-0.0965982],[-78.1329999,-0.0961472],[-78.1327738,-0.0959841],[-78.1323478,-0.0963515]]],[[[-78.1327032,-0.0958656],[-78.1320774,-0.0948005],[-78.1320455,-0.0947888],[-78.1317693,-0.0950894],[-78.131959,-0.0954244],[-78.1320124,-0.0953687],[-78.1322389,-0.0957578],[-78.1319406,-0.096077],[-78.131582,-0.0953703],[-78.1312614,-0.0960567],[-78.1311815,-0.0960612],[-78.1309844,-0.0958295],[-78.1303623,-0.0965024],[-78.1304617,-0.0966882],[-78.1306083,-0.0967485],[-78.1312389,-0.0972365],[-78.1315824,-0.0968153],[-78.1314219,-0.0966323],[-78.1314371,-0.0966158],[-78.1316069,-0.0967887],[-78.1327032,-0.0958656]]],[[[-78.132042,-0.0946965],[-78.1315557,-0.0940269],[-78.131031,-0.0945778],[-78.1315478,-0.0952941],[-78.1315741,-0.0952282],[-78.132042,-0.0946965]]],[[[-78.1326197,-0.0927981],[-78.1315932,-0.0939815],[-78.1320617,-0.0946611],[-78.1330993,-0.0934649],[-78.1326197,-0.0927981]]],[[[-78.1325701,-0.0927589],[-78.1318605,-0.0923279],[-78.1308384,-0.0935152],[-78.1314255,-0.0938661],[-78.1319423,-0.0932785],[-78.1320535,-0.0933487],[-78.1325701,-0.0927589]]],[[[-78.1315132,-0.0913324],[-78.1312003,-0.0916947],[-78.1318544,-0.0922513],[-78.1328709,-0.0910734],[-78.1325375,-0.0907974],[-78.1321884,-0.0912475],[-78.1321558,-0.0912202],[-78.1325015,-0.0907695],[-78.1322287,-0.0905266],[-78.1319996,-0.0907747],[-78.1310376,-0.0898207],[-78.1307781,-0.090076],[-78.1317325,-0.0910834],[-78.1316979,-0.0911226],[-78.1316456,-0.0911439],[-78.131597,-0.0911236],[-78.1315649,-0.0909854],[-78.1310918,-0.0904857],[-78.130355,-0.0913133],[-78.1299977,-0.090936],[-78.1297481,-0.0912262],[-78.130279,-0.0917925],[-78.1302781,-0.0918624],[-78.1301987,-0.0918646],[-78.1300018,-0.0920721],[-78.1295044,-0.091522],[-78.1287441,-0.0923868],[-78.129647,-0.0934341],[-78.1306959,-0.0922624],[-78.1305482,-0.0920924],[-78.1308117,-0.0918059],[-78.1309557,-0.0919559],[-78.1315132,-0.0913324]]],[[[-78.1317638,-0.0852856],[-78.1320781,-0.0851287],[-78.1319353,-0.0848008],[-78.1321387,-0.0847184],[-78.1322414,-0.0850146],[-78.1324568,-0.0848579],[-78.1325517,-0.0847306],[-78.1326012,-0.0845492],[-78.1326138,-0.0840107],[-78.1325327,-0.084029],[-78.1320095,-0.0843339],[-78.1320654,-0.0845266],[-78.1320114,-0.0846403],[-78.1317207,-0.0847819],[-78.1316994,-0.0847321],[-78.1320009,-0.0845729],[-78.1320095,-0.084516],[-78.1319507,-0.0843541],[-78.1319747,-0.0842925],[-78.1325755,-0.0839507],[-78.1324523,-0.0837401],[-78.1328673,-0.0833861],[-78.1327236,-0.0831615],[-78.1323194,-0.0835087],[-78.1321421,-0.08374],[-78.1319334,-0.0831322],[-78.1325373,-0.0828082],[-78.1322551,-0.0823534],[-78.1307161,-0.0831589],[-78.1311555,-0.0836233],[-78.130533,-0.0838878],[-78.1307614,-0.0845188],[-78.1301296,-0.0848234],[-78.1302663,-0.0850999],[-78.1304092,-0.085618],[-78.1306406,-0.0859027],[-78.1309757,-0.0856683],[-78.1312553,-0.085554],[-78.1311801,-0.0852462],[-78.1308657,-0.0851685],[-78.1306816,-0.0849108],[-78.130687,-0.0848288],[-78.1309763,-0.0845439],[-78.1309765,-0.0844119],[-78.1313831,-0.0842098],[-78.1315754,-0.0852412],[-78.1317638,-0.0852856]]],[[[-78.1322287,-0.0822947],[-78.1321057,-0.0820358],[-78.1320858,-0.0818662],[-78.1318181,-0.0820056],[-78.1320321,-0.082419],[-78.1322287,-0.0822947]]],[[[-78.1320748,-0.0816385],[-78.1321814,-0.081867],[-78.1321943,-0.0820172],[-78.1322629,-0.082099],[-78.1326784,-0.0815944],[-78.1324678,-0.0812051],[-78.1320748,-0.0816385]]],[[[-78.1320811,-0.0815384],[-78.1327615,-0.080729],[-78.1324304,-0.0804353],[-78.1317896,-0.0811728],[-78.13201,-0.0815609],[-78.1320811,-0.0815384]]],[[[-78.1326759,-0.0774127],[-78.1326778,-0.0771615],[-78.1326475,-0.0771252],[-78.132061,-0.0771402],[-78.1319528,-0.0771134],[-78.1317058,-0.0770197],[-78.1315538,-0.0769241],[-78.1314683,-0.0768131],[-78.1311466,-0.0759704],[-78.1307826,-0.0751491],[-78.1306295,-0.0743259],[-78.1294317,-0.0751201],[-78.1297925,-0.0759517],[-78.1300786,-0.0757584],[-78.1305011,-0.0766556],[-78.1292824,-0.0774799],[-78.1290511,-0.0771366],[-78.1279261,-0.0779034],[-78.1279704,-0.0780627],[-78.128037,-0.07815],[-78.1284033,-0.0779067],[-78.1285831,-0.0782016],[-78.1293981,-0.0776561],[-78.1297328,-0.078162],[-78.129349,-0.0784784],[-78.1286978,-0.0788381],[-78.1287613,-0.0790303],[-78.1287684,-0.0793327],[-78.1289355,-0.079659],[-78.1291673,-0.0804696],[-78.1296229,-0.0807879],[-78.1297713,-0.0809559],[-78.1299591,-0.0810932],[-78.1301202,-0.0811114],[-78.1302717,-0.0810159],[-78.1305261,-0.0807754],[-78.1310234,-0.0801035],[-78.1308579,-0.0798985],[-78.1305379,-0.0793789],[-78.1300493,-0.0797271],[-78.1297314,-0.0791467],[-78.1301838,-0.0788437],[-78.1302862,-0.0789984],[-78.1306203,-0.0787771],[-78.1307372,-0.0789229],[-78.1309093,-0.0787705],[-78.1310753,-0.0789531],[-78.1309313,-0.0791225],[-78.1313523,-0.0796823],[-78.132137,-0.0786858],[-78.1314946,-0.0781983],[-78.1326759,-0.0774127]]],[[[-78.1315599,-0.07053],[-78.1315158,-0.0707716],[-78.1334718,-0.0714477],[-78.1334541,-0.0711319],[-78.1315599,-0.07053]]],[[[-78.1320616,-0.0692369],[-78.1321124,-0.0690913],[-78.1321221,-0.0689194],[-78.1320465,-0.0687624],[-78.1320314,-0.0686015],[-78.1321273,-0.0683114],[-78.1317771,-0.0682469],[-78.1316472,-0.0684972],[-78.1313887,-0.0688221],[-78.131257,-0.0691748],[-78.1309888,-0.069617],[-78.1317377,-0.0697948],[-78.1320616,-0.0692369]]],[[[-78.1319956,-0.0673087],[-78.1319688,-0.0677845],[-78.1319219,-0.0679653],[-78.1322071,-0.0680253],[-78.1323072,-0.0673274],[-78.1319956,-0.0673087]]],[[[-78.1319188,-0.0649187],[-78.1320475,-0.0646197],[-78.1313803,-0.0643204],[-78.1311231,-0.0646285],[-78.1319188,-0.0649187]]],[[[-78.1323312,-0.0628509],[-78.1323564,-0.0625813],[-78.1322615,-0.0626721],[-78.132226,-0.0624933],[-78.1321435,-0.0623688],[-78.1316819,-0.062105],[-78.1314788,-0.0624681],[-78.1323312,-0.0628509]]],[[[-78.1327482,-0.0622482],[-78.1328721,-0.0622743],[-78.1329535,-0.0622396],[-78.1330168,-0.0618671],[-78.1330594,-0.0610876],[-78.1330996,-0.0608628],[-78.1326023,-0.0608822],[-78.1328096,-0.0617225],[-78.1317299,-0.0618266],[-78.1316911,-0.0620806],[-78.1321638,-0.0623435],[-78.132243,-0.0624442],[-78.1322805,-0.0625959],[-78.1323539,-0.0625073],[-78.1325323,-0.0624025],[-78.1325918,-0.0623001],[-78.1327482,-0.0622482]]],[[[-78.1318195,-0.0609516],[-78.1320007,-0.0604224],[-78.1324083,-0.0596401],[-78.1331861,-0.0584432],[-78.133154,-0.0581442],[-78.1318493,-0.0583079],[-78.1318171,-0.0584862],[-78.1316206,-0.0586755],[-78.131599,-0.0586694],[-78.1316133,-0.0586373],[-78.1318076,-0.0584651],[-78.1318339,-0.0582972],[-78.1318047,-0.058155],[-78.1302622,-0.0576949],[-78.1301598,-0.0578526],[-78.1302112,-0.0581436],[-78.1301975,-0.0582916],[-78.1301333,-0.0582718],[-78.1301519,-0.0581547],[-78.1300994,-0.057891],[-78.1301336,-0.0577625],[-78.1301995,-0.0576775],[-78.1288098,-0.057323],[-78.1288574,-0.058448],[-78.1290974,-0.0595819],[-78.129261,-0.0600884],[-78.1292907,-0.0604267],[-78.1292549,-0.060848],[-78.1291642,-0.0612422],[-78.1290303,-0.0615487],[-78.1287754,-0.0624365],[-78.1286451,-0.0627322],[-78.1282314,-0.0634942],[-78.1280622,-0.063698],[-78.127646,-0.0640979],[-78.1275375,-0.0642532],[-78.127219,-0.0653096],[-78.1273059,-0.0653562],[-78.1273758,-0.0653368],[-78.127654,-0.064919],[-78.127957,-0.0645728],[-78.1280638,-0.0645197],[-78.1285888,-0.0643858],[-78.1288531,-0.0641804],[-78.1292452,-0.0637977],[-78.1299889,-0.0633873],[-78.1301539,-0.0633882],[-78.1307479,-0.0637998],[-78.1308558,-0.0636545],[-78.1309923,-0.0633732],[-78.1310664,-0.0630612],[-78.130372,-0.0626547],[-78.1308344,-0.0620042],[-78.1314903,-0.0623212],[-78.1315969,-0.0620998],[-78.131625,-0.0619599],[-78.1314746,-0.0617363],[-78.131414,-0.0615659],[-78.1313364,-0.0610394],[-78.1318195,-0.0609516]],[[-78.1323247,-0.0596727],[-78.1323032,-0.0597379],[-78.1322361,-0.0597195],[-78.1322576,-0.0596544],[-78.1323247,-0.0596727]]],[[[-78.1322707,-0.0600333],[-78.1319845,-0.0606081],[-78.1318808,-0.0609405],[-78.1325926,-0.0608111],[-78.1324861,-0.0602914],[-78.1324753,-0.0600795],[-78.1322707,-0.0600333]]],[[[-78.1330265,-0.0574278],[-78.1328938,-0.0565716],[-78.1327068,-0.0565804],[-78.1326083,-0.0564337],[-78.1320043,-0.0566021],[-78.1319572,-0.056599],[-78.1318765,-0.056518],[-78.1318726,-0.0564818],[-78.131999,-0.0565709],[-78.1326018,-0.0564049],[-78.1326707,-0.0564473],[-78.1327169,-0.0565478],[-78.1328869,-0.0565374],[-78.1328508,-0.0561565],[-78.1318276,-0.0561537],[-78.131769,-0.0558301],[-78.1316246,-0.0555479],[-78.1327888,-0.0553813],[-78.1327158,-0.054955],[-78.13272,-0.0544949],[-78.1321189,-0.0545269],[-78.1321009,-0.054292],[-78.1313425,-0.054389],[-78.1313797,-0.0542057],[-78.1314865,-0.0540396],[-78.1314995,-0.0539436],[-78.1313957,-0.0538729],[-78.1312617,-0.0538326],[-78.1310464,-0.0538285],[-78.1309414,-0.0537888],[-78.1308054,-0.0535667],[-78.1307707,-0.0534316],[-78.1309916,-0.0533532],[-78.132493,-0.0534923],[-78.1325185,-0.0533062],[-78.1326817,-0.0533631],[-78.1327154,-0.0528504],[-78.1323477,-0.0525714],[-78.1320342,-0.051469],[-78.1320033,-0.0511773],[-78.132069,-0.0509382],[-78.1321404,-0.0508036],[-78.1318836,-0.050735],[-78.1320149,-0.0503557],[-78.1319634,-0.0503332],[-78.1321029,-0.0497022],[-78.1320725,-0.0496913],[-78.1322573,-0.0491204],[-78.1323333,-0.0487718],[-78.132225,-0.048731],[-78.1323263,-0.0484827],[-78.132407,-0.0485568],[-78.1325269,-0.0481877],[-78.1321288,-0.047943],[-78.1322048,-0.0477693],[-78.1326055,-0.048001],[-78.1328799,-0.0476329],[-78.1333012,-0.0469454],[-78.1332704,-0.0468895],[-78.1324959,-0.0463935],[-78.132132,-0.0470226],[-78.1321011,-0.0470043],[-78.1324668,-0.0463581],[-78.132613,-0.0464268],[-78.1327591,-0.046129],[-78.132887,-0.0457587],[-78.1328267,-0.0453826],[-78.1328232,-0.0449041],[-78.1329112,-0.0443182],[-78.1321634,-0.0439934],[-78.1319897,-0.0443651],[-78.1317849,-0.045272],[-78.1315393,-0.0458048],[-78.1310808,-0.0470868],[-78.1309077,-0.0477882],[-78.130449,-0.0476976],[-78.1303145,-0.048473],[-78.130098,-0.0491475],[-78.130041,-0.049537],[-78.1298922,-0.0499408],[-78.1296774,-0.0502466],[-78.1296078,-0.0504235],[-78.1295465,-0.050679],[-78.1295312,-0.0511256],[-78.1295089,-0.0511767],[-78.1293238,-0.0513199],[-78.1292868,-0.0521177],[-78.1291103,-0.0528317],[-78.1290197,-0.0533261],[-78.1289922,-0.0537096],[-78.1301761,-0.0540454],[-78.1301785,-0.0540839],[-78.129013,-0.0537523],[-78.1289669,-0.0544295],[-78.1289434,-0.0544234],[-78.1288081,-0.0547562],[-78.1287634,-0.0549395],[-78.1287944,-0.0555713],[-78.1287538,-0.0565898],[-78.1287736,-0.0567792],[-78.1291221,-0.0568494],[-78.1291327,-0.0565546],[-78.1292023,-0.0562774],[-78.1294838,-0.0558512],[-78.1295783,-0.0557867],[-78.1305764,-0.0560547],[-78.130506,-0.0554514],[-78.1313684,-0.0557005],[-78.1314345,-0.0563064],[-78.1309224,-0.0561648],[-78.130859,-0.0561835],[-78.1295663,-0.0558221],[-78.1295177,-0.0558517],[-78.1292369,-0.0562868],[-78.1291631,-0.0565225],[-78.129154,-0.0568585],[-78.1317594,-0.0573693],[-78.1317028,-0.0574612],[-78.131715,-0.0576899],[-78.1322423,-0.0576517],[-78.1322826,-0.0578861],[-78.1331201,-0.0577848],[-78.1330265,-0.0574278]]],[[[-78.1327875,-0.0541589],[-78.1328603,-0.0534932],[-78.1325647,-0.05338],[-78.1324959,-0.0538476],[-78.1324422,-0.0538501],[-78.1324676,-0.0536712],[-78.1308314,-0.0535824],[-78.1309146,-0.0537425],[-78.1309921,-0.0537882],[-78.1313442,-0.0538315],[-78.1315067,-0.0539063],[-78.131518,-0.0540379],[-78.1314098,-0.0541956],[-78.1313818,-0.054348],[-78.1327875,-0.0541589]]],[[[-78.1324273,-0.039587],[-78.1327692,-0.0395071],[-78.1326309,-0.0392905],[-78.132315,-0.0394179],[-78.1324273,-0.039587]]],[[[-78.1320688,-0.0390579],[-78.1323606,-0.0387706],[-78.1319236,-0.0382355],[-78.1317741,-0.0386413],[-78.1320688,-0.0390579]]],[[[-78.1331433,-0.0382324],[-78.1329499,-0.0376728],[-78.1328751,-0.0375932],[-78.1326957,-0.0372109],[-78.132698,-0.0371258],[-78.1326412,-0.0369774],[-78.1326165,-0.0368723],[-78.1324653,-0.0365508],[-78.1323496,-0.0365586],[-78.1322339,-0.0365162],[-78.1319176,-0.0362591],[-78.1313408,-0.0359564],[-78.1307538,-0.0367341],[-78.1302664,-0.037061],[-78.1296782,-0.0358178],[-78.1290729,-0.0355976],[-78.1284077,-0.0360253],[-78.1282756,-0.0361426],[-78.1281763,-0.0363209],[-78.1281274,-0.0366905],[-78.1282313,-0.0374039],[-78.1290615,-0.0374854],[-78.129431,-0.0372139],[-78.1298658,-0.0371793],[-78.1302022,-0.037198],[-78.1305813,-0.0374125],[-78.1315016,-0.0381683],[-78.1314409,-0.0377296],[-78.131893,-0.038176],[-78.1320383,-0.0380498],[-78.1322177,-0.0383274],[-78.1323935,-0.0387388],[-78.1326164,-0.0390489],[-78.1326637,-0.0388996],[-78.1328871,-0.0387066],[-78.1330177,-0.0384735],[-78.1332572,-0.038361],[-78.1331433,-0.0382324]]],[[[-78.1322293,-0.0362663],[-78.1324323,-0.0365018],[-78.132553,-0.0363611],[-78.1325981,-0.0362514],[-78.1322293,-0.0362663]]],[[[-78.1309433,-0.0320313],[-78.1309264,-0.0320097],[-78.13062,-0.032365],[-78.1298877,-0.033298],[-78.1299484,-0.0334417],[-78.1299795,-0.0337158],[-78.1300927,-0.0339651],[-78.1302183,-0.0340857],[-78.1302911,-0.0341106],[-78.1303342,-0.0342495],[-78.1304695,-0.0343791],[-78.1307177,-0.0345414],[-78.1307558,-0.0346777],[-78.1312206,-0.0352933],[-78.1315422,-0.0355839],[-78.1318256,-0.0357366],[-78.1322062,-0.0349783],[-78.1320666,-0.0345869],[-78.1319355,-0.0332642],[-78.1320514,-0.0323874],[-78.1320603,-0.031893],[-78.132287,-0.031501],[-78.1325149,-0.0312006],[-78.1318702,-0.0315109],[-78.1309433,-0.0320313]]],[[[-78.1325239,-0.026143],[-78.1324915,-0.0253137],[-78.1322767,-0.025121],[-78.1319805,-0.0250237],[-78.131854,-0.0250237],[-78.1313539,-0.0251545],[-78.1305944,-0.0256206],[-78.1308417,-0.0259273],[-78.1289665,-0.0269086],[-78.1289124,-0.0271409],[-78.1289028,-0.0275179],[-78.1288617,-0.0275753],[-78.1288054,-0.0277999],[-78.1288089,-0.0280724],[-78.128755,-0.0284545],[-78.1287758,-0.0286802],[-78.1287559,-0.0288762],[-78.1289042,-0.0297016],[-78.1304048,-0.0282629],[-78.1303993,-0.0283353],[-78.1315731,-0.0280925],[-78.1315256,-0.0274171],[-78.1322636,-0.0273696],[-78.132208,-0.0266913],[-78.1324749,-0.026711],[-78.1325239,-0.026143]]],[[[-78.1293165,-0.1016576],[-78.1290327,-0.1014795],[-78.1289096,-0.1013398],[-78.128837,-0.1016173],[-78.1286578,-0.1018646],[-78.1290408,-0.102369],[-78.1292009,-0.1022469],[-78.1293329,-0.1020939],[-78.1294337,-0.1019113],[-78.1294032,-0.1017568],[-78.1293165,-0.1016576]]],[[[-78.1308497,-0.0981103],[-78.1308773,-0.0983009],[-78.1309401,-0.0984824],[-78.1311247,-0.0983089],[-78.1308935,-0.0978973],[-78.1308497,-0.0981103]]],[[[-78.1305238,-0.0967831],[-78.1303753,-0.0967641],[-78.130881,-0.0977093],[-78.1311773,-0.0972971],[-78.1305238,-0.0967831]]],[[[-78.1312019,-0.0960045],[-78.1313754,-0.0956583],[-78.131193,-0.0954109],[-78.1310328,-0.0957711],[-78.1312019,-0.0960045]]],[[[-78.1302981,-0.0964592],[-78.1309364,-0.0957511],[-78.1306037,-0.0953119],[-78.1299574,-0.0949405],[-78.1300927,-0.0953212],[-78.1301954,-0.0960841],[-78.1302981,-0.0964592]]],[[[-78.130596,-0.095224],[-78.1309908,-0.0945191],[-78.1312471,-0.0942849],[-78.1314897,-0.0939933],[-78.1308132,-0.0935671],[-78.1303055,-0.0941404],[-78.1299571,-0.094841],[-78.130596,-0.095224]]],[[[-78.1293617,-0.0937647],[-78.1296613,-0.0944479],[-78.1298829,-0.0948372],[-78.1302391,-0.0941105],[-78.1307328,-0.093507],[-78.1301222,-0.0929371],[-78.1293617,-0.0937647]]],[[[-78.131048,-0.0931948],[-78.1306955,-0.0928782],[-78.1304239,-0.0931609],[-78.130794,-0.0934839],[-78.131048,-0.0931948]]],[[[-78.1304342,-0.0925741],[-78.1310823,-0.093154],[-78.1313022,-0.0928972],[-78.1306633,-0.0923107],[-78.1304342,-0.0925741]]],[[[-78.1303839,-0.0931239],[-78.130656,-0.0928413],[-78.130404,-0.0926059],[-78.1301508,-0.0928984],[-78.1303839,-0.0931239]]],[[[-78.1291814,-0.0899315],[-78.1289064,-0.0902507],[-78.1296261,-0.091293],[-78.1299156,-0.0909563],[-78.1291814,-0.0899315]]],[[[-78.1295501,-0.088665],[-78.1299869,-0.0890333],[-78.1300388,-0.0889821],[-78.1306753,-0.0882068],[-78.1301535,-0.0875764],[-78.1301227,-0.0880749],[-78.130164,-0.0884508],[-78.1298895,-0.0886444],[-78.129766,-0.0886731],[-78.1295501,-0.088665]]],[[[-78.1302709,-0.0873147],[-78.1305734,-0.0871175],[-78.1301953,-0.0864889],[-78.1304947,-0.0862793],[-78.1304972,-0.0860903],[-78.1305668,-0.0860354],[-78.1305729,-0.0859355],[-78.1303646,-0.0856055],[-78.1302135,-0.0850777],[-78.1300715,-0.0847647],[-78.1298255,-0.0845247],[-78.129774,-0.0841827],[-78.1297026,-0.0841295],[-78.1294305,-0.0841181],[-78.1292531,-0.0840396],[-78.1290988,-0.0838904],[-78.128997,-0.083728],[-78.1289773,-0.083632],[-78.1289995,-0.0835479],[-78.1290548,-0.0834944],[-78.1281049,-0.0836722],[-78.1277988,-0.0836403],[-78.1285014,-0.0827632],[-78.1283669,-0.0826182],[-78.1283358,-0.0825206],[-78.1283349,-0.0824149],[-78.1284069,-0.0821763],[-78.1283765,-0.0818608],[-78.1281654,-0.0818424],[-78.1279942,-0.081994],[-78.1279125,-0.0822054],[-78.1278548,-0.0822523],[-78.127659,-0.0822793],[-78.1273121,-0.0821016],[-78.1271424,-0.0820486],[-78.1270175,-0.0819068],[-78.1269383,-0.0818743],[-78.1270595,-0.0819191],[-78.1271309,-0.0820146],[-78.1273123,-0.0820743],[-78.1276515,-0.0822526],[-78.1278869,-0.0822119],[-78.128002,-0.081957],[-78.12816,-0.0818258],[-78.128264,-0.0818214],[-78.127839,-0.0812609],[-78.1286352,-0.0807064],[-78.1290018,-0.0812511],[-78.1283367,-0.0817798],[-78.1284614,-0.0818249],[-78.1284907,-0.0821737],[-78.128419,-0.0824655],[-78.128461,-0.0826109],[-78.1286962,-0.0828488],[-78.1287451,-0.0828404],[-78.1292005,-0.082411],[-78.1293766,-0.0822016],[-78.1294613,-0.0821794],[-78.1300596,-0.0812189],[-78.1297227,-0.0810097],[-78.1294763,-0.0807715],[-78.1291894,-0.0805573],[-78.1290728,-0.0804073],[-78.1289079,-0.0797284],[-78.1287301,-0.0793946],[-78.1287151,-0.0790351],[-78.1282126,-0.0795804],[-78.1281857,-0.0797052],[-78.1282406,-0.0797709],[-78.1285404,-0.0799607],[-78.127532,-0.0806281],[-78.12769,-0.0803272],[-78.1276679,-0.0802672],[-78.127608,-0.0802322],[-78.1274039,-0.0802906],[-78.1273183,-0.0802728],[-78.1272157,-0.0801776],[-78.1272263,-0.0800507],[-78.1271609,-0.0799973],[-78.1270426,-0.0800186],[-78.126788,-0.0801987],[-78.1265402,-0.0802683],[-78.1263156,-0.0801841],[-78.1261008,-0.0800169],[-78.1260932,-0.0798413],[-78.1262199,-0.0796284],[-78.1260942,-0.0795179],[-78.1261465,-0.0792257],[-78.1260438,-0.079023],[-78.1260451,-0.0789006],[-78.1263047,-0.078383],[-78.1263242,-0.0782647],[-78.1262525,-0.0779829],[-78.1260464,-0.0777738],[-78.1258263,-0.077316],[-78.1246448,-0.0775271],[-78.1248049,-0.0780355],[-78.1252225,-0.0779625],[-78.125263,-0.0786791],[-78.1235245,-0.0789248],[-78.1233733,-0.0784577],[-78.1232042,-0.0777772],[-78.1224677,-0.0779063],[-78.1225361,-0.0779612],[-78.122574,-0.0781278],[-78.1224881,-0.0786829],[-78.1223436,-0.0791163],[-78.1222391,-0.0792871],[-78.122116,-0.0795969],[-78.1220975,-0.0797194],[-78.1221221,-0.0801191],[-78.1220844,-0.0802633],[-78.1221192,-0.0802583],[-78.122058,-0.0805318],[-78.1220901,-0.0807291],[-78.1220708,-0.0810524],[-78.1220919,-0.0812652],[-78.1220607,-0.0812713],[-78.122079,-0.0814065],[-78.121982,-0.0817488],[-78.1219548,-0.0821802],[-78.121963,-0.0823405],[-78.1220613,-0.0826817],[-78.1220657,-0.082794],[-78.121903,-0.083208],[-78.1258424,-0.0823154],[-78.1258076,-0.0832533],[-78.1259476,-0.0841341],[-78.1257536,-0.0842868],[-78.1256664,-0.0844016],[-78.1253193,-0.085209],[-78.1252028,-0.0853138],[-78.1248309,-0.0853452],[-78.1247146,-0.0853873],[-78.1243624,-0.0856315],[-78.1232184,-0.0858851],[-78.1230341,-0.0859408],[-78.1229526,-0.0860017],[-78.1233815,-0.0866443],[-78.1235845,-0.0868661],[-78.1238124,-0.0870563],[-78.1240756,-0.0872136],[-78.1240546,-0.0872327],[-78.1238875,-0.0871164],[-78.1238137,-0.0870996],[-78.1236184,-0.0869421],[-78.1232511,-0.0865322],[-78.123004,-0.0861585],[-78.12292,-0.0862372],[-78.1230148,-0.0867745],[-78.1231345,-0.0872102],[-78.1231385,-0.0879766],[-78.1231618,-0.0880409],[-78.1235756,-0.0885512],[-78.1237277,-0.088702],[-78.1241546,-0.088654],[-78.124401,-0.0887261],[-78.1246621,-0.0884656],[-78.1247163,-0.0885893],[-78.1250055,-0.0889889],[-78.1254349,-0.0892111],[-78.1261998,-0.0887756],[-78.1269822,-0.0896034],[-78.1274694,-0.0891797],[-78.1276789,-0.0894562],[-78.1280289,-0.089161],[-78.1272377,-0.0882049],[-78.1285736,-0.0874593],[-78.1292734,-0.0882052],[-78.1296857,-0.0878586],[-78.1301343,-0.0884004],[-78.1300928,-0.0880821],[-78.1301156,-0.0875757],[-78.1302709,-0.0873147]],[[-78.125951,-0.0841333],[-78.1260566,-0.0841353],[-78.1263876,-0.0843174],[-78.1266063,-0.0843771],[-78.1266862,-0.0842966],[-78.1267541,-0.084015],[-78.1268313,-0.0838952],[-78.126883,-0.0838803],[-78.1272977,-0.0840549],[-78.1275071,-0.0840621],[-78.1275651,-0.084093],[-78.1275506,-0.0841408],[-78.1275027,-0.0840943],[-78.127304,-0.0841029],[-78.1268584,-0.0839136],[-78.1267663,-0.0840459],[-78.1267201,-0.0843106],[-78.1266426,-0.0843981],[-78.1265758,-0.0844127],[-78.1262937,-0.0843071],[-78.126015,-0.0841515],[-78.1259469,-0.0841648],[-78.125951,-0.0841333]]],[[[-78.1318292,-0.087852],[-78.131417,-0.0874096],[-78.1310668,-0.0877734],[-78.1314986,-0.0882146],[-78.1318292,-0.087852]]],[[[-78.1309218,-0.0846632],[-78.1307131,-0.084842],[-78.130709,-0.0849047],[-78.130881,-0.0851451],[-78.1311729,-0.0852168],[-78.1310065,-0.0845356],[-78.1309218,-0.0846632]]],[[[-78.1297928,-0.0841265],[-78.1298365,-0.0842526],[-78.1304747,-0.0839118],[-78.1299894,-0.083572],[-78.1292584,-0.083967],[-78.1293386,-0.0840285],[-78.1294852,-0.0840775],[-78.1297292,-0.0840922],[-78.1297928,-0.0841265]]],[[[-78.1309512,-0.0829723],[-78.1316037,-0.0826383],[-78.1313756,-0.0822257],[-78.1313166,-0.0820301],[-78.1311049,-0.0816372],[-78.1296259,-0.0824121],[-78.1295523,-0.0824167],[-78.1294995,-0.0825891],[-78.1293384,-0.0827999],[-78.1293014,-0.0829405],[-78.129156,-0.0831686],[-78.1290499,-0.0835896],[-78.1290451,-0.0837243],[-78.1291665,-0.0838959],[-78.1292329,-0.0839192],[-78.1307325,-0.0830859],[-78.1305816,-0.0826648],[-78.1307788,-0.0825597],[-78.1309512,-0.0829723]]],[[[-78.1294746,-0.0821803],[-78.1295546,-0.0822161],[-78.129575,-0.0823137],[-78.1295551,-0.0824073],[-78.1310764,-0.0815841],[-78.1309718,-0.0813764],[-78.131214,-0.081265],[-78.1310099,-0.0810793],[-78.1307239,-0.0808977],[-78.1306253,-0.0808862],[-78.130323,-0.0810331],[-78.1301139,-0.0812299],[-78.1295614,-0.082096],[-78.1294746,-0.0821803]]],[[[-78.1292624,-0.0763099],[-78.1288197,-0.0755187],[-78.128224,-0.0759317],[-78.1281392,-0.0757998],[-78.1279192,-0.0759424],[-78.1278085,-0.0761476],[-78.1277248,-0.0764566],[-78.1277752,-0.0767471],[-78.1280108,-0.0771721],[-78.1280164,-0.077336],[-78.1278921,-0.0775694],[-78.1279247,-0.0778701],[-78.1290307,-0.0771063],[-78.1287343,-0.0766665],[-78.1289775,-0.0765022],[-78.1294721,-0.0772862],[-78.1298731,-0.077015],[-78.1294224,-0.0762017],[-78.1292624,-0.0763099]]],[[[-78.1302907,-0.0730529],[-78.1303225,-0.0725023],[-78.1290383,-0.0725401],[-78.1291458,-0.0722129],[-78.1303285,-0.072216],[-78.1303281,-0.0719269],[-78.129055,-0.0719261],[-78.1289265,-0.0716311],[-78.1293539,-0.0714533],[-78.1294015,-0.0716112],[-78.1295336,-0.0714409],[-78.1303117,-0.0715582],[-78.1303315,-0.071182],[-78.129586,-0.0709999],[-78.1295624,-0.0709299],[-78.1294256,-0.0708347],[-78.1293202,-0.0705804],[-78.1290296,-0.0707778],[-78.1288004,-0.0709798],[-78.1287627,-0.0715214],[-78.1286892,-0.0715713],[-78.1285021,-0.071309],[-78.1284807,-0.0708528],[-78.1280401,-0.0713863],[-78.1284197,-0.0718381],[-78.1280815,-0.0720096],[-78.1276238,-0.0723004],[-78.1273017,-0.0718988],[-78.127057,-0.0725505],[-78.1271281,-0.0726591],[-78.1274807,-0.0728582],[-78.1276113,-0.0730746],[-78.1280949,-0.0728769],[-78.1284051,-0.0726634],[-78.1286216,-0.0725579],[-78.1281049,-0.0728969],[-78.1276213,-0.0730902],[-78.1276106,-0.0733141],[-78.1275224,-0.0736661],[-78.1275256,-0.0738624],[-78.1278184,-0.0742807],[-78.1278867,-0.0743363],[-78.1282078,-0.0744684],[-78.1283033,-0.0745731],[-78.1283002,-0.0749696],[-78.1298849,-0.0739173],[-78.1295663,-0.0734089],[-78.130324,-0.0731972],[-78.1302907,-0.0730529]]],[[[-78.1304955,-0.0706541],[-78.1304508,-0.0708546],[-78.1314434,-0.0712464],[-78.1314421,-0.0710162],[-78.1304955,-0.0706541]]],[[[-78.1296072,-0.0705804],[-78.1304272,-0.0708141],[-78.1305349,-0.0704704],[-78.1299179,-0.0702516],[-78.1299512,-0.070115],[-78.1299283,-0.06987],[-78.1299508,-0.0697923],[-78.1301242,-0.0695558],[-78.1302037,-0.0694982],[-78.1308693,-0.0697946],[-78.1310368,-0.0694701],[-78.1302386,-0.0690808],[-78.1303122,-0.0689166],[-78.1303572,-0.0686705],[-78.1304788,-0.0685367],[-78.130554,-0.0683598],[-78.1309868,-0.0679846],[-78.1308661,-0.067894],[-78.1309149,-0.0678365],[-78.1306419,-0.0675539],[-78.1304115,-0.0672289],[-78.1303751,-0.067122],[-78.1305753,-0.066955],[-78.1310443,-0.0666861],[-78.1312195,-0.0664799],[-78.1314068,-0.0661372],[-78.1311755,-0.0659481],[-78.1308799,-0.0661807],[-78.1302248,-0.0652937],[-78.1298642,-0.0647305],[-78.1295825,-0.0650533],[-78.1300696,-0.0657916],[-78.1305749,-0.0664181],[-78.1302637,-0.0666805],[-78.1301791,-0.0665645],[-78.1296489,-0.0669217],[-78.129956,-0.0676311],[-78.1299261,-0.0676569],[-78.130367,-0.0682333],[-78.13015,-0.0684515],[-78.1299518,-0.068716],[-78.1295232,-0.0681042],[-78.1299142,-0.0676701],[-78.1298217,-0.0674564],[-78.1294911,-0.0676737],[-78.1294482,-0.0676025],[-78.1293828,-0.0674311],[-78.129716,-0.0672121],[-78.1296077,-0.066962],[-78.1292848,-0.0671742],[-78.1291306,-0.0672175],[-78.1285541,-0.0675033],[-78.1285959,-0.0677319],[-78.128652,-0.067853],[-78.1289074,-0.068222],[-78.1289264,-0.0683182],[-78.1293235,-0.0690493],[-78.1298066,-0.068861],[-78.1299504,-0.0690084],[-78.1295039,-0.0697419],[-78.1293736,-0.06985],[-78.1291837,-0.0699301],[-78.1292966,-0.0699943],[-78.1293493,-0.0702324],[-78.1293436,-0.0704691],[-78.1294219,-0.070647],[-78.1295088,-0.0708066],[-78.1296072,-0.0705804]]],[[[-78.1315065,-0.070522],[-78.1306647,-0.0702638],[-78.1305809,-0.0704734],[-78.1314641,-0.0707551],[-78.1315065,-0.070522]]],[[[-78.1308829,-0.0698406],[-78.1307686,-0.0700567],[-78.1315694,-0.0702941],[-78.1316493,-0.0700528],[-78.1308829,-0.0698406]]],[[[-78.1290346,-0.065561],[-78.1287417,-0.0659112],[-78.1283883,-0.0664834],[-78.1289846,-0.0672506],[-78.1294494,-0.0670129],[-78.130129,-0.0665341],[-78.129854,-0.0662116],[-78.1296035,-0.0664109],[-78.1290346,-0.065561]]],[[[-78.1297957,-0.0646927],[-78.130684,-0.0638647],[-78.1301259,-0.0634353],[-78.1300047,-0.0634396],[-78.1292825,-0.0638378],[-78.1288891,-0.0642207],[-78.1286327,-0.064424],[-78.1279892,-0.0646163],[-78.1276825,-0.0649708],[-78.1274085,-0.0653801],[-78.1272966,-0.0654096],[-78.1271655,-0.0653364],[-78.1270322,-0.0655648],[-78.1268294,-0.065763],[-78.1266747,-0.0658664],[-78.1263186,-0.0660227],[-78.1274197,-0.0669651],[-78.1275453,-0.0668635],[-78.1278337,-0.0669071],[-78.1279747,-0.0668771],[-78.1281895,-0.0667577],[-78.1282987,-0.0664597],[-78.1287419,-0.0657752],[-78.1293339,-0.0651656],[-78.129461,-0.0650768],[-78.1297957,-0.0646927]],[[-78.1283714,-0.065575],[-78.1286444,-0.065268],[-78.1288581,-0.0654329],[-78.1285905,-0.0657375],[-78.1283714,-0.065575]]],[[[-78.1310962,-0.063365],[-78.1309942,-0.0635911],[-78.1312689,-0.0636958],[-78.1313671,-0.0634603],[-78.1310962,-0.063365]]],[[[-78.1294746,-0.0511094],[-78.1295519,-0.050406],[-78.1296252,-0.0502198],[-78.1298414,-0.0499111],[-78.1299163,-0.0497403],[-78.1299839,-0.0495238],[-78.1300409,-0.0491341],[-78.1302577,-0.048459],[-78.1303918,-0.0476863],[-78.1306748,-0.0463851],[-78.1307414,-0.0458327],[-78.1308993,-0.0454515],[-78.130352,-0.0453737],[-78.1307403,-0.0434043],[-78.1305085,-0.0434206],[-78.130395,-0.0433984],[-78.1302659,-0.0440327],[-78.1302448,-0.0441036],[-78.1301866,-0.0442337],[-78.1301788,-0.0445216],[-78.1301576,-0.0446341],[-78.129876,-0.0455857],[-78.1298686,-0.0457149],[-78.1298092,-0.0460051],[-78.129776,-0.0464342],[-78.1296757,-0.0471152],[-78.1296401,-0.0479699],[-78.1296935,-0.0482329],[-78.1296994,-0.0483584],[-78.1296697,-0.0485556],[-78.1296459,-0.0495179],[-78.129437,-0.0499486],[-78.1296415,-0.0495167],[-78.1296652,-0.0485552],[-78.1296949,-0.0483581],[-78.1296356,-0.0479702],[-78.1296534,-0.0474855],[-78.1296712,-0.0471148],[-78.1298047,-0.0460044],[-78.1298715,-0.0455848],[-78.1301718,-0.0445544],[-78.1301822,-0.0442326],[-78.1302666,-0.044001],[-78.1299205,-0.04393],[-78.1298225,-0.0442226],[-78.1297982,-0.0444499],[-78.1296757,-0.0449547],[-78.1295543,-0.0451817],[-78.1294018,-0.0458104],[-78.1293687,-0.0465195],[-78.1293998,-0.0468943],[-78.1293054,-0.0471193],[-78.129354,-0.0474833],[-78.1295116,-0.0479589],[-78.1295325,-0.0481157],[-78.1294513,-0.0490385],[-78.1294545,-0.0497143],[-78.1292424,-0.050421],[-78.1292357,-0.0506004],[-78.1293132,-0.0512533],[-78.1294389,-0.0511886],[-78.1294746,-0.0511094]]],[[[-78.1291654,-0.0502907],[-78.1291997,-0.0506009],[-78.1292068,-0.0504142],[-78.1293412,-0.0499515],[-78.1292494,-0.0499543],[-78.1291654,-0.0502907]]],[[[-78.128796,-0.0478563],[-78.1289398,-0.0482523],[-78.1290668,-0.0484777],[-78.129151,-0.048901],[-78.1294243,-0.0489366],[-78.1294965,-0.0481139],[-78.1294483,-0.0478821],[-78.128796,-0.0478563]]],[[[-78.1292818,-0.0437991],[-78.1293182,-0.0437106],[-78.1290012,-0.0434337],[-78.1287868,-0.0433799],[-78.128382,-0.043378],[-78.1284234,-0.0430364],[-78.1278794,-0.0432448],[-78.12787,-0.0431621],[-78.1268496,-0.0429414],[-78.1262554,-0.043968],[-78.1260285,-0.0442174],[-78.1258468,-0.0447025],[-78.1254457,-0.045331],[-78.1267493,-0.0457095],[-78.127332,-0.0441382],[-78.1281277,-0.0446801],[-78.1282418,-0.0442716],[-78.1296595,-0.044871],[-78.1297871,-0.0442162],[-78.1298853,-0.0439228],[-78.1292818,-0.0437991]]],[[[-78.12852,-0.0408457],[-78.1287299,-0.0411899],[-78.128878,-0.0413664],[-78.1290955,-0.0415055],[-78.1292018,-0.0416669],[-78.1293703,-0.0416673],[-78.1294432,-0.0417221],[-78.1296465,-0.0417542],[-78.1297902,-0.0418164],[-78.129891,-0.041921],[-78.1299291,-0.0418149],[-78.129895,-0.0417499],[-78.1295782,-0.0415509],[-78.1292398,-0.0410805],[-78.129174,-0.0408598],[-78.1286568,-0.0403886],[-78.1285182,-0.0406734],[-78.12852,-0.0408457]]],[[[-78.1322755,-0.0394338],[-78.1312308,-0.0398555],[-78.1300959,-0.0400745],[-78.1300585,-0.04052],[-78.129252,-0.0408374],[-78.1292885,-0.0409917],[-78.1300412,-0.0407259],[-78.1304059,-0.0407454],[-78.1315973,-0.0402208],[-78.1323814,-0.0396501],[-78.1322755,-0.0394338]]],[[[-78.1320378,-0.0390885],[-78.1317571,-0.0386874],[-78.1309463,-0.0390635],[-78.129946,-0.0393632],[-78.1300773,-0.0395919],[-78.130685,-0.0394969],[-78.1314056,-0.0393098],[-78.1320378,-0.0390885]]],[[[-78.1297541,-0.0389732],[-78.1293996,-0.0384158],[-78.1306881,-0.0375498],[-78.1303779,-0.0373237],[-78.1300912,-0.0372131],[-78.1299076,-0.0372647],[-78.129117,-0.0380603],[-78.1293591,-0.0383767],[-78.1286712,-0.0386228],[-78.128953,-0.0389969],[-78.1290535,-0.0391932],[-78.1297541,-0.0389732]]],[[[-78.1300514,-0.0243541],[-78.1297696,-0.0244335],[-78.1295894,-0.0245871],[-78.1309444,-0.0247013],[-78.1313436,-0.0237828],[-78.1315516,-0.0234312],[-78.1311074,-0.0227758],[-78.1317023,-0.0218889],[-78.1314313,-0.0215429],[-78.1312503,-0.0214237],[-78.1310538,-0.0213756],[-78.1309605,-0.0213904],[-78.1308712,-0.0214539],[-78.130829,-0.0215391],[-78.130722,-0.0224383],[-78.130528,-0.0232585],[-78.1304357,-0.0234971],[-78.1303596,-0.0238231],[-78.1301918,-0.0239627],[-78.1300514,-0.0243541]]],[[[-78.1246105,-0.1080399],[-78.1251204,-0.1080636],[-78.1260496,-0.1079575],[-78.1259965,-0.1077029],[-78.1245146,-0.1076411],[-78.1246105,-0.1080399]]],[[[-78.1266447,-0.105124],[-78.1256021,-0.1045645],[-78.1255554,-0.1050182],[-78.1265032,-0.1055933],[-78.1266447,-0.105124]]],[[[-78.1254507,-0.1054847],[-78.1255492,-0.1047053],[-78.1256205,-0.1043636],[-78.1250132,-0.1041946],[-78.124962,-0.1046335],[-78.1249143,-0.1047296],[-78.1248642,-0.1047602],[-78.1250702,-0.1051342],[-78.1251528,-0.105309],[-78.1251795,-0.1053875],[-78.1252224,-0.1054492],[-78.1252938,-0.1055628],[-78.1253526,-0.105596],[-78.1253876,-0.1055992],[-78.1254507,-0.1054847]]],[[[-78.1264334,-0.1028173],[-78.1268645,-0.1024956],[-78.1265626,-0.1020302],[-78.1265295,-0.1018803],[-78.1264225,-0.1017211],[-78.125936,-0.1020578],[-78.125755,-0.102162],[-78.1256471,-0.1021767],[-78.1251384,-0.101301],[-78.1239431,-0.1020055],[-78.1237151,-0.102162],[-78.1234266,-0.1024281],[-78.1241154,-0.1034306],[-78.1243078,-0.1032523],[-78.1246773,-0.1027887],[-78.1250568,-0.1025521],[-78.1255338,-0.103388],[-78.1261171,-0.1029083],[-78.1264334,-0.1028173]]],[[[-78.127155,-0.0998102],[-78.1268136,-0.0992365],[-78.1263273,-0.0995585],[-78.1266728,-0.1000951],[-78.127155,-0.0998102]]],[[[-78.1264595,-0.098699],[-78.1260996,-0.0981285],[-78.1260439,-0.0981395],[-78.1258748,-0.0982306],[-78.1252695,-0.0989182],[-78.1248536,-0.0992598],[-78.1250954,-0.099743],[-78.1252671,-0.0999918],[-78.1256836,-0.0996906],[-78.1255289,-0.0994479],[-78.1264595,-0.098699]]],[[[-78.1278897,-0.0989724],[-78.1277678,-0.0985487],[-78.1272637,-0.098898],[-78.1276769,-0.099513],[-78.1278708,-0.0993977],[-78.1278897,-0.0989724]]],[[[-78.1273114,-0.0981352],[-78.1274834,-0.0977571],[-78.1275485,-0.0975388],[-78.1276141,-0.0974797],[-78.1273918,-0.0974442],[-78.1272611,-0.0975764],[-78.1271093,-0.0978733],[-78.1270616,-0.0980718],[-78.1273114,-0.0981352]]],[[[-78.1272339,-0.0945395],[-78.1286875,-0.0931336],[-78.128247,-0.0925882],[-78.1279876,-0.092058],[-78.1277129,-0.0915914],[-78.1274179,-0.0912183],[-78.127069,-0.0908993],[-78.1243144,-0.0936639],[-78.1235291,-0.094311],[-78.1234944,-0.0943562],[-78.1234923,-0.0944938],[-78.1235862,-0.0946417],[-78.1237779,-0.0948245],[-78.123955,-0.0951072],[-78.1243214,-0.0951246],[-78.1244291,-0.0952086],[-78.1248615,-0.0953171],[-78.1250283,-0.0955324],[-78.1250529,-0.0956273],[-78.1264806,-0.0955508],[-78.1272339,-0.0945395]]],[[[-78.1286281,-0.0905747],[-78.1280708,-0.0912363],[-78.1287412,-0.0923275],[-78.1293455,-0.0916194],[-78.1286281,-0.0905747]]],[[[-78.1285282,-0.0898257],[-78.1279412,-0.0904007],[-78.1273954,-0.0909931],[-78.1273656,-0.0910554],[-78.127573,-0.0912928],[-78.1287445,-0.0899884],[-78.1285461,-0.0897564],[-78.1285282,-0.0898257]]],[[[-78.1289213,-0.0889989],[-78.1287008,-0.0887005],[-78.1282031,-0.0890759],[-78.1281414,-0.0891668],[-78.1283947,-0.0894981],[-78.1289213,-0.0889989]]],[[[-78.1280499,-0.0891441],[-78.1287289,-0.0886004],[-78.1287895,-0.0883336],[-78.128739,-0.0879373],[-78.1276745,-0.0886802],[-78.1280499,-0.0891441]]],[[[-78.1264234,-0.0802153],[-78.1265321,-0.080249],[-78.126796,-0.0801728],[-78.1278456,-0.0794774],[-78.1286668,-0.0788836],[-78.1286342,-0.0788242],[-78.1284725,-0.0785958],[-78.128264,-0.0784109],[-78.1261047,-0.0798641],[-78.1261203,-0.0800193],[-78.1264234,-0.0802153]]],[[[-78.1278892,-0.0774408],[-78.1279626,-0.0773222],[-78.127958,-0.0771841],[-78.1277672,-0.0768689],[-78.1277094,-0.0767026],[-78.1276779,-0.0764047],[-78.1277711,-0.0760994],[-78.1280337,-0.0756481],[-78.1278109,-0.0753278],[-78.1282462,-0.0750115],[-78.1282573,-0.074627],[-78.1282067,-0.0746336],[-78.1279831,-0.0749001],[-78.1276806,-0.0751377],[-78.126074,-0.076187],[-78.1265387,-0.0768638],[-78.1262203,-0.0770782],[-78.1256843,-0.0763584],[-78.1271159,-0.0754744],[-78.1266721,-0.0746854],[-78.1271656,-0.0743627],[-78.1276585,-0.0751185],[-78.1279111,-0.0749204],[-78.1282166,-0.0745703],[-78.1280963,-0.0744662],[-78.1278315,-0.0743712],[-78.1274923,-0.0738846],[-78.1274774,-0.0737086],[-78.1275832,-0.0731712],[-78.1275614,-0.0730293],[-78.1267717,-0.0737181],[-78.1267474,-0.0737012],[-78.1275323,-0.0730063],[-78.1274203,-0.0728925],[-78.1269829,-0.0726468],[-78.1262709,-0.0729557],[-78.1262526,-0.0729243],[-78.1269707,-0.0726113],[-78.1272492,-0.0719018],[-78.1268066,-0.0715708],[-78.1267668,-0.071563],[-78.1265818,-0.0716736],[-78.1261005,-0.0710182],[-78.12603,-0.0710107],[-78.125292,-0.0712246],[-78.1255255,-0.0717923],[-78.125785,-0.0721905],[-78.1257529,-0.0722121],[-78.1254734,-0.0717801],[-78.1252697,-0.0712933],[-78.1251911,-0.0708614],[-78.1250177,-0.0702123],[-78.1244984,-0.0705343],[-78.1239898,-0.0696452],[-78.1237414,-0.0699589],[-78.1234348,-0.0701363],[-78.1233941,-0.0703065],[-78.1233681,-0.0708763],[-78.1234218,-0.0709605],[-78.1237071,-0.071025],[-78.1240435,-0.0708164],[-78.1241147,-0.0720659],[-78.1237072,-0.0723239],[-78.1237767,-0.0724782],[-78.1235848,-0.0727583],[-78.1235927,-0.0728459],[-78.1238483,-0.0732265],[-78.1240426,-0.0732882],[-78.1241617,-0.0733674],[-78.1245208,-0.0731714],[-78.1247947,-0.0731579],[-78.1250524,-0.07307],[-78.1254614,-0.0731456],[-78.1258065,-0.073117],[-78.1258692,-0.0731954],[-78.1258481,-0.0732982],[-78.1257178,-0.0734687],[-78.1254847,-0.0736253],[-78.1250741,-0.073812],[-78.1249166,-0.07396],[-78.1248896,-0.0741484],[-78.1248797,-0.0740054],[-78.1249478,-0.0739102],[-78.125063,-0.0738118],[-78.1254815,-0.0736204],[-78.1257105,-0.0734625],[-78.1258378,-0.0732846],[-78.1258475,-0.0732018],[-78.1258009,-0.0731254],[-78.1255594,-0.0731544],[-78.1253742,-0.0731426],[-78.1250463,-0.0730844],[-78.1248052,-0.073171],[-78.1245272,-0.0732019],[-78.1242025,-0.0733805],[-78.1241365,-0.0733644],[-78.1240291,-0.0732987],[-78.1238188,-0.0732281],[-78.1235699,-0.0728345],[-78.1235614,-0.0727763],[-78.1235964,-0.0727076],[-78.1237573,-0.072481],[-78.1236143,-0.0721973],[-78.1235007,-0.072076],[-78.123486,-0.0719391],[-78.1236366,-0.0715259],[-78.1237688,-0.0713129],[-78.1237886,-0.0711346],[-78.1225562,-0.0711588],[-78.1225532,-0.0714319],[-78.1224894,-0.0718053],[-78.1225739,-0.0722219],[-78.1226513,-0.0724491],[-78.1230078,-0.0730778],[-78.123032,-0.0732382],[-78.1229117,-0.0732992],[-78.122724,-0.0733344],[-78.1210628,-0.0733442],[-78.1210221,-0.0733745],[-78.1209822,-0.0735355],[-78.1208435,-0.0744694],[-78.1227442,-0.0743301],[-78.1234225,-0.0751326],[-78.1235082,-0.0754249],[-78.1234745,-0.0754374],[-78.1233902,-0.0751502],[-78.1227229,-0.0743607],[-78.1208003,-0.0745356],[-78.120707,-0.0748986],[-78.1206913,-0.0753275],[-78.1207141,-0.0753619],[-78.1208452,-0.0753906],[-78.1213425,-0.075141],[-78.1214536,-0.0751439],[-78.121569,-0.0752601],[-78.121606,-0.0753921],[-78.1215832,-0.075666],[-78.1214037,-0.0760863],[-78.1212996,-0.0766041],[-78.1212925,-0.076891],[-78.1213309,-0.0770302],[-78.1213799,-0.07711],[-78.1215211,-0.0770689],[-78.1215502,-0.0771732],[-78.1223203,-0.0769552],[-78.1223301,-0.07699],[-78.1238073,-0.0765718],[-78.1253366,-0.0764395],[-78.1253727,-0.0767752],[-78.1254077,-0.0768431],[-78.1255639,-0.0769157],[-78.1257692,-0.0772631],[-78.1258373,-0.0773065],[-78.1260837,-0.0777939],[-78.1262513,-0.07794],[-78.1263409,-0.0783216],[-78.1260625,-0.0789056],[-78.1260603,-0.078984],[-78.1261182,-0.0791093],[-78.1278763,-0.0779033],[-78.1278347,-0.0776306],[-78.1278892,-0.0774408]]],[[[-78.1272051,-0.0718172],[-78.1274532,-0.0715594],[-78.1277632,-0.0714334],[-78.1279695,-0.0712824],[-78.1283812,-0.0708816],[-78.1284411,-0.0707328],[-78.1284103,-0.0704966],[-78.1284275,-0.070375],[-78.1285553,-0.0702019],[-78.1289004,-0.0698861],[-78.1288796,-0.0698506],[-78.1286304,-0.0697591],[-78.1282868,-0.0694424],[-78.1276614,-0.0699021],[-78.127608,-0.0693781],[-78.1275763,-0.069402],[-78.1274569,-0.0693834],[-78.1266653,-0.0683394],[-78.1265213,-0.0684682],[-78.1263525,-0.0685412],[-78.1267876,-0.0690832],[-78.1250548,-0.0701891],[-78.1252923,-0.0711865],[-78.1261122,-0.0709763],[-78.1266091,-0.0716189],[-78.1268159,-0.0715111],[-78.1273354,-0.0710592],[-78.127751,-0.0714225],[-78.1275555,-0.0712555],[-78.1274119,-0.0713696],[-78.1272341,-0.071231],[-78.1268688,-0.0715498],[-78.1270375,-0.07171],[-78.1272051,-0.0718172]]],[[[-78.125105,-0.0689276],[-78.1252033,-0.068987],[-78.1253175,-0.0689763],[-78.1257206,-0.0687584],[-78.1259617,-0.0685869],[-78.1263308,-0.0685143],[-78.1262987,-0.0684743],[-78.1264831,-0.0683864],[-78.1265869,-0.0682423],[-78.1269581,-0.0678854],[-78.127094,-0.0676674],[-78.1271034,-0.0676228],[-78.1260402,-0.0662107],[-78.124888,-0.067307],[-78.1243408,-0.0676245],[-78.124568,-0.0679722],[-78.125105,-0.0689276]]],[[[-78.1276076,-0.0687677],[-78.128007,-0.068416],[-78.128666,-0.0679737],[-78.1285524,-0.0677497],[-78.1284331,-0.067311],[-78.1281591,-0.0669961],[-78.1280681,-0.066941],[-78.1277916,-0.0669769],[-78.1275638,-0.0669619],[-78.1273776,-0.0670888],[-78.1272778,-0.0672364],[-78.1271827,-0.0676727],[-78.126964,-0.0680293],[-78.1276076,-0.0687677]]],[[[-78.1261215,-0.0660819],[-78.1260686,-0.0656686],[-78.1262914,-0.0654124],[-78.1262378,-0.0653928],[-78.1261543,-0.0654122],[-78.1261363,-0.0654471],[-78.1260806,-0.0655079],[-78.1258684,-0.0656742],[-78.1258239,-0.0656801],[-78.1257644,-0.0656625],[-78.1257111,-0.065625],[-78.1256876,-0.0656229],[-78.1255241,-0.0656929],[-78.1254647,-0.0657365],[-78.1253525,-0.0659287],[-78.1254608,-0.0657326],[-78.1255753,-0.0656559],[-78.1256871,-0.0656174],[-78.1258662,-0.0656691],[-78.1261698,-0.0653948],[-78.1262383,-0.0653873],[-78.1262952,-0.0654083],[-78.1264759,-0.0652684],[-78.1265661,-0.0651501],[-78.1266517,-0.0649075],[-78.1266552,-0.0648167],[-78.1266195,-0.0647475],[-78.1265296,-0.0647087],[-78.1257475,-0.0646875],[-78.1256675,-0.0645902],[-78.1255716,-0.0642776],[-78.1255204,-0.0642136],[-78.1254203,-0.0641998],[-78.1253077,-0.0642376],[-78.1250914,-0.0645067],[-78.1248938,-0.0646566],[-78.1243466,-0.0646805],[-78.1242774,-0.0647595],[-78.1242242,-0.065016],[-78.1241486,-0.0650568],[-78.1240104,-0.0650623],[-78.1236012,-0.0649844],[-78.123386,-0.0648642],[-78.1227735,-0.064345],[-78.1223758,-0.0644327],[-78.1219703,-0.0646331],[-78.1217823,-0.0647732],[-78.1215539,-0.0648698],[-78.1213455,-0.0650654],[-78.1212106,-0.0651219],[-78.1210713,-0.0650828],[-78.1209936,-0.0650175],[-78.120701,-0.0645969],[-78.1206535,-0.0645458],[-78.120633,-0.0645578],[-78.1206611,-0.0647947],[-78.1207364,-0.0650384],[-78.1213153,-0.066107],[-78.1212368,-0.0663773],[-78.1212434,-0.0664959],[-78.1213234,-0.0669325],[-78.121472,-0.0671382],[-78.1214519,-0.0680631],[-78.1237801,-0.0681933],[-78.1239965,-0.0678487],[-78.1241451,-0.0676897],[-78.1242756,-0.0675874],[-78.1247674,-0.0673402],[-78.1250247,-0.0671371],[-78.1258295,-0.0663347],[-78.1261215,-0.0660819]]],[[[-78.1270069,-0.0655619],[-78.1271549,-0.065315],[-78.1271284,-0.0653047],[-78.1275111,-0.0641926],[-78.1279912,-0.0637086],[-78.128183,-0.0634621],[-78.1286832,-0.0625182],[-78.1289192,-0.0617204],[-78.1291748,-0.061063],[-78.1292305,-0.0607155],[-78.129232,-0.0603695],[-78.1268542,-0.0602108],[-78.1263374,-0.0585894],[-78.1258811,-0.0567702],[-78.1255998,-0.0558081],[-78.1255321,-0.0553934],[-78.1254842,-0.0544362],[-78.1255632,-0.0535557],[-78.1256208,-0.0531801],[-78.1257121,-0.0529273],[-78.1258212,-0.0527702],[-78.126392,-0.0521747],[-78.1266164,-0.0520064],[-78.1260021,-0.0520594],[-78.1251172,-0.0524741],[-78.1239536,-0.0531551],[-78.1235774,-0.0534535],[-78.1235232,-0.0534307],[-78.1227868,-0.0541405],[-78.1222992,-0.0541976],[-78.1225347,-0.0547097],[-78.1227512,-0.0553536],[-78.1212251,-0.0552618],[-78.1209733,-0.0562929],[-78.1232426,-0.056359],[-78.1233341,-0.0567277],[-78.1212459,-0.0567232],[-78.1212205,-0.056926],[-78.1233798,-0.0569118],[-78.1234873,-0.0572566],[-78.1211892,-0.0573063],[-78.1208449,-0.0593298],[-78.1207678,-0.0600686],[-78.1205873,-0.0605642],[-78.1205017,-0.0612559],[-78.1206042,-0.061973],[-78.121688,-0.0619424],[-78.1216045,-0.0623367],[-78.1210896,-0.0623682],[-78.1212941,-0.0625852],[-78.1213802,-0.0627311],[-78.121407,-0.062956],[-78.1213729,-0.063398],[-78.121546,-0.0639544],[-78.1216099,-0.0640339],[-78.122069,-0.0643856],[-78.1221931,-0.0644135],[-78.1226288,-0.0643116],[-78.1227874,-0.064306],[-78.1234205,-0.0648303],[-78.123662,-0.0649454],[-78.1240473,-0.0650215],[-78.1241634,-0.0650011],[-78.1242268,-0.0647466],[-78.1243024,-0.0646368],[-78.1248691,-0.0646133],[-78.1250531,-0.0644685],[-78.1252753,-0.0641913],[-78.1254151,-0.0641444],[-78.1255489,-0.0641628],[-78.1256187,-0.0642502],[-78.1257185,-0.0645716],[-78.1257722,-0.0646431],[-78.1265008,-0.0646576],[-78.1266128,-0.0646854],[-78.1266762,-0.0647483],[-78.1266957,-0.0649168],[-78.1265978,-0.0651859],[-78.1265586,-0.0652588],[-78.126344,-0.065436],[-78.1264226,-0.0654761],[-78.1265334,-0.0654531],[-78.1266034,-0.0653597],[-78.1267162,-0.0649955],[-78.1267206,-0.064887],[-78.126746,-0.0646708],[-78.1267215,-0.0649965],[-78.1266554,-0.0652256],[-78.1265886,-0.0654022],[-78.1265363,-0.0654577],[-78.1264448,-0.0654864],[-78.1263402,-0.06544],[-78.1261092,-0.0657042],[-78.1261696,-0.0660568],[-78.1266624,-0.065835],[-78.1270069,-0.0655619]],[[-78.1237913,-0.0576357],[-78.1238206,-0.0580518],[-78.1239959,-0.0583246],[-78.123862,-0.0583095],[-78.1237868,-0.0581173],[-78.1238241,-0.0581076],[-78.1237689,-0.0579312],[-78.1237643,-0.0576322],[-78.1240009,-0.0568653],[-78.1240304,-0.056863],[-78.1237913,-0.0576357]],[[-78.1263725,-0.0613642],[-78.124371,-0.0610842],[-78.1243601,-0.0609842],[-78.1254374,-0.0602172],[-78.1263725,-0.0613642]],[[-78.1243371,-0.0628383],[-78.1236151,-0.0628341],[-78.1236541,-0.062328],[-78.1241542,-0.0624011],[-78.1242178,-0.0619095],[-78.124461,-0.0619073],[-78.1243371,-0.0628383]],[[-78.1221684,-0.0619288],[-78.1227078,-0.0619238],[-78.122636,-0.0623648],[-78.1220918,-0.0623517],[-78.1221684,-0.0619288]]],[[[-78.1287004,-0.0563014],[-78.1287603,-0.0556269],[-78.1287282,-0.0549111],[-78.1289183,-0.0543893],[-78.1289508,-0.0535167],[-78.129053,-0.0528202],[-78.1292516,-0.0521063],[-78.129279,-0.0515542],[-78.128667,-0.0523016],[-78.1286268,-0.0525055],[-78.1285272,-0.052563],[-78.1279328,-0.0522672],[-78.1266854,-0.0519852],[-78.126346,-0.052275],[-78.1258089,-0.052845],[-78.1256812,-0.0531066],[-78.1258623,-0.0531164],[-78.1258383,-0.0532833],[-78.1256496,-0.053267],[-78.1255387,-0.0538347],[-78.1255195,-0.0544407],[-78.1255589,-0.0553496],[-78.1256195,-0.0557117],[-78.1258845,-0.05677],[-78.1259257,-0.056765],[-78.1263844,-0.0585938],[-78.1288519,-0.0588196],[-78.1287745,-0.0581864],[-78.1287787,-0.0575955],[-78.1287004,-0.0563014]]],[[[-78.1255851,-0.0508445],[-78.1259423,-0.0510196],[-78.1264104,-0.0510081],[-78.1267866,-0.0509574],[-78.127083,-0.0508789],[-78.1273218,-0.0504663],[-78.1266098,-0.0504867],[-78.1256639,-0.0501854],[-78.1255851,-0.0508445]]],[[[-78.1290519,-0.0503289],[-78.1291643,-0.0499569],[-78.1282847,-0.0499836],[-78.1282,-0.0502863],[-78.1290519,-0.0503289]]],[[[-78.125224,-0.0497957],[-78.1245469,-0.0494092],[-78.1247141,-0.0490675],[-78.1247565,-0.0489096],[-78.1250078,-0.0485761],[-78.1250455,-0.0484604],[-78.1237714,-0.0487147],[-78.1233518,-0.0472718],[-78.1221887,-0.0479439],[-78.1219557,-0.0478085],[-78.1216394,-0.0474613],[-78.1218419,-0.0471744],[-78.1220858,-0.0470434],[-78.1219634,-0.0466608],[-78.1217786,-0.0466946],[-78.1216161,-0.0467882],[-78.1213862,-0.0472357],[-78.1209595,-0.0478841],[-78.1208588,-0.0481132],[-78.1206979,-0.0483541],[-78.1205844,-0.0485898],[-78.1206786,-0.048606],[-78.1206371,-0.048745],[-78.1206532,-0.0488355],[-78.1205753,-0.0491084],[-78.1205818,-0.0492346],[-78.1203936,-0.0495575],[-78.1203871,-0.0496612],[-78.122607,-0.0498618],[-78.1225268,-0.0505275],[-78.1229071,-0.0505636],[-78.122875,-0.0507541],[-78.1232723,-0.0510099],[-78.1238644,-0.04993],[-78.1240142,-0.0497659],[-78.1241093,-0.0498768],[-78.1240203,-0.0502199],[-78.1241326,-0.0503093],[-78.1240465,-0.0505851],[-78.1247945,-0.0508627],[-78.1249613,-0.0505899],[-78.1250477,-0.0503101],[-78.1255684,-0.0503776],[-78.1256745,-0.0498579],[-78.1257822,-0.0496127],[-78.1255416,-0.0494495],[-78.125224,-0.0497957]]],[[[-78.1290451,-0.0486453],[-78.1287204,-0.0478533],[-78.1280766,-0.0478278],[-78.1280729,-0.0480844],[-78.1282263,-0.0487008],[-78.1280971,-0.0494002],[-78.1280473,-0.0495116],[-78.128461,-0.0496173],[-78.1286551,-0.0496045],[-78.1287028,-0.0489877],[-78.1287788,-0.0489847],[-78.1287702,-0.0488514],[-78.1290741,-0.048891],[-78.1290451,-0.0486453]]],[[[-78.1259415,-0.0494607],[-78.1258882,-0.04968],[-78.1266368,-0.049752],[-78.1266315,-0.0490326],[-78.1266923,-0.0477973],[-78.1265845,-0.0482652],[-78.1265099,-0.0489468],[-78.1263983,-0.0490776],[-78.1260371,-0.0493348],[-78.1259415,-0.0494607]]],[[[-78.1267012,-0.0476228],[-78.1259447,-0.0469958],[-78.1258115,-0.0482374],[-78.1262258,-0.0482911],[-78.1259741,-0.0493265],[-78.1263641,-0.0490356],[-78.1264584,-0.0489265],[-78.1265311,-0.0482575],[-78.1267012,-0.0476228]]],[[[-78.125445,-0.0471038],[-78.1259447,-0.0469958],[-78.1246955,-0.0463355],[-78.1244656,-0.0464518],[-78.125389,-0.0472583],[-78.125445,-0.0471038]]],[[[-78.1257863,-0.0446708],[-78.1259708,-0.044181],[-78.1262276,-0.0439158],[-78.1267903,-0.0429286],[-78.1263523,-0.0428339],[-78.1262416,-0.0430636],[-78.1259245,-0.0429855],[-78.1258854,-0.0431198],[-78.1256671,-0.0434405],[-78.1256324,-0.043655],[-78.1255823,-0.0436752],[-78.1255042,-0.043785],[-78.1254481,-0.0436174],[-78.1253316,-0.0435513],[-78.1253172,-0.0433862],[-78.1252079,-0.0432815],[-78.1250608,-0.0430323],[-78.1249913,-0.0427628],[-78.1248443,-0.0427216],[-78.1248072,-0.0426574],[-78.1243001,-0.0429418],[-78.1238624,-0.0433106],[-78.12362,-0.0435792],[-78.1235075,-0.0439223],[-78.1238047,-0.0441618],[-78.1238658,-0.0444003],[-78.123858,-0.0444725],[-78.1237761,-0.0445444],[-78.1237724,-0.0447177],[-78.123736,-0.0448204],[-78.1237921,-0.0452113],[-78.1241146,-0.0453061],[-78.124349,-0.0454257],[-78.1245171,-0.0456372],[-78.1246828,-0.045502],[-78.1248485,-0.0451575],[-78.1253797,-0.0453118],[-78.1257863,-0.0446708]]],[[[-78.125108,-0.0404074],[-78.1253752,-0.0408347],[-78.1253421,-0.0411428],[-78.125885,-0.0411168],[-78.1262887,-0.0409674],[-78.1265084,-0.0406566],[-78.1266142,-0.0403905],[-78.1276552,-0.0404061],[-78.1279288,-0.0401545],[-78.1277029,-0.040267],[-78.127469,-0.0401385],[-78.1269451,-0.0401661],[-78.1265231,-0.0400789],[-78.126419,-0.0399904],[-78.126077,-0.040107],[-78.1259652,-0.0399744],[-78.125769,-0.0399393],[-78.1256445,-0.0400841],[-78.1255519,-0.0400948],[-78.1253477,-0.0400087],[-78.1252266,-0.0400685],[-78.1251014,-0.0402688],[-78.125108,-0.0404074]]],[[[-78.1276085,-0.0373428],[-78.1281787,-0.0373988],[-78.1280678,-0.0366848],[-78.1281134,-0.0362955],[-78.1282561,-0.0360966],[-78.1283824,-0.0359809],[-78.1290198,-0.0355783],[-78.1283488,-0.0353342],[-78.1282343,-0.0354537],[-78.128031,-0.035568],[-78.1277527,-0.0356467],[-78.1276487,-0.0357942],[-78.127518,-0.0362349],[-78.1275696,-0.0365427],[-78.1276539,-0.0366775],[-78.127572,-0.0369639],[-78.1276156,-0.0371047],[-78.1276085,-0.0373428]]],[[[-78.1270343,-0.0275009],[-78.1269355,-0.0273474],[-78.1268874,-0.0271711],[-78.1267151,-0.0270575],[-78.1267021,-0.0269226],[-78.1265216,-0.0268356],[-78.1264289,-0.02674],[-78.1264103,-0.0266263],[-78.1264459,-0.0266171],[-78.126299,-0.0262984],[-78.1262882,-0.0259769],[-78.1260202,-0.0255874],[-78.1258201,-0.0253872],[-78.1257725,-0.0250949],[-78.1257027,-0.0249249],[-78.1253501,-0.0245512],[-78.1253779,-0.0243942],[-78.1254256,-0.0243318],[-78.1254428,-0.0240737],[-78.1254722,-0.024011],[-78.1254358,-0.023644],[-78.1256812,-0.0231937],[-78.1260274,-0.0232134],[-78.1261849,-0.0231292],[-78.1265363,-0.0230327],[-78.1266727,-0.022871],[-78.1267144,-0.0227713],[-78.1267228,-0.0226039],[-78.1266384,-0.0224099],[-78.1266456,-0.0223302],[-78.1268941,-0.0220458],[-78.1269629,-0.0216977],[-78.1271485,-0.0215948],[-78.127255,-0.0214387],[-78.1272541,-0.0212533],[-78.1271335,-0.0210251],[-78.1271433,-0.0207817],[-78.1271786,-0.0206835],[-78.1273511,-0.0205057],[-78.1273566,-0.020293],[-78.1277311,-0.0202981],[-78.1280366,-0.0204921],[-78.1282041,-0.0205438],[-78.1284255,-0.0204751],[-78.1287287,-0.0204332],[-78.1286298,-0.0203124],[-78.1284257,-0.0203448],[-78.1281321,-0.0203344],[-78.1280434,-0.0203004],[-78.1276318,-0.0200647],[-78.1275731,-0.0199214],[-78.1273174,-0.0197274],[-78.1272605,-0.0196496],[-78.1271436,-0.0196481],[-78.1269648,-0.019556],[-78.126612,-0.0194674],[-78.1263306,-0.0192857],[-78.1261925,-0.0193917],[-78.1260045,-0.0194804],[-78.1259468,-0.0195795],[-78.1259303,-0.020123],[-78.1259812,-0.0203137],[-78.1259564,-0.0207693],[-78.1261414,-0.0212826],[-78.1261335,-0.021517],[-78.1260496,-0.021947],[-78.1260002,-0.0220547],[-78.1258986,-0.0221297],[-78.1257673,-0.0221469],[-78.125557,-0.0220578],[-78.1254752,-0.0220549],[-78.1253449,-0.0221796],[-78.1251959,-0.0226213],[-78.1248188,-0.0232476],[-78.1246853,-0.0233618],[-78.124556,-0.0236765],[-78.1244985,-0.0242587],[-78.1245441,-0.0243439],[-78.1246799,-0.0244467],[-78.1247343,-0.0252401],[-78.124703,-0.0255032],[-78.1248583,-0.0256494],[-78.125432,-0.0263921],[-78.1253117,-0.0267258],[-78.1252888,-0.0268871],[-78.1253336,-0.0269739],[-78.1254165,-0.0274023],[-78.1256205,-0.027917],[-78.1256464,-0.0280953],[-78.1257122,-0.0282058],[-78.12581,-0.0282832],[-78.1269033,-0.028323],[-78.1268575,-0.0281766],[-78.1269577,-0.0280539],[-78.1270406,-0.0276516],[-78.1270343,-0.0275009]]],[[[-78.1220338,-0.1107607],[-78.1220195,-0.1105478],[-78.1221848,-0.1105595],[-78.1221378,-0.1093402],[-78.1218528,-0.109453],[-78.1217122,-0.1095582],[-78.1213431,-0.1110485],[-78.1212818,-0.1116951],[-78.1223833,-0.1112271],[-78.1221934,-0.1107404],[-78.1220338,-0.1107607]]],[[[-78.1218607,-0.1060061],[-78.1216397,-0.106009],[-78.1215395,-0.1067251],[-78.1223525,-0.1064372],[-78.1223698,-0.1058669],[-78.1218607,-0.1060061]]],[[[-78.122091,-0.1058949],[-78.1223673,-0.1058394],[-78.1223217,-0.1055839],[-78.1221662,-0.1052174],[-78.1220311,-0.1052366],[-78.1218199,-0.1051571],[-78.1215503,-0.1052012],[-78.1216822,-0.1055355],[-78.1216419,-0.105992],[-78.1217801,-0.1060052],[-78.122091,-0.1058949]]],[[[-78.1233243,-0.1059842],[-78.1239095,-0.1054218],[-78.1240954,-0.1053415],[-78.1242921,-0.1053396],[-78.1245648,-0.1054245],[-78.1249171,-0.1055585],[-78.125099,-0.1056934],[-78.125327,-0.1056956],[-78.1253762,-0.105667],[-78.1253931,-0.1056019],[-78.1253521,-0.1055982],[-78.1252921,-0.1055644],[-78.1251775,-0.1053885],[-78.1248647,-0.1047681],[-78.1245694,-0.1047725],[-78.1239426,-0.1046054],[-78.1238656,-0.1046083],[-78.1233192,-0.1049984],[-78.1232593,-0.1051067],[-78.12313,-0.1052302],[-78.1231351,-0.1060801],[-78.1233243,-0.1059842]]],[[[-78.123071,-0.1051834],[-78.1231958,-0.1051339],[-78.123277,-0.1049935],[-78.1233868,-0.1048978],[-78.1231181,-0.1041917],[-78.1228347,-0.1042974],[-78.1228104,-0.1044835],[-78.1228169,-0.1046247],[-78.1228934,-0.1049151],[-78.1228928,-0.1051251],[-78.123071,-0.1051834]]],[[[-78.1212846,-0.104302],[-78.1215951,-0.1051563],[-78.1218063,-0.1051104],[-78.1218909,-0.1051229],[-78.1220099,-0.1045714],[-78.1227634,-0.1046333],[-78.1227914,-0.1039702],[-78.1220673,-0.1044451],[-78.1217063,-0.1038213],[-78.1211466,-0.1031429],[-78.1213211,-0.1028643],[-78.121501,-0.1027163],[-78.121085,-0.1022997],[-78.1208615,-0.1024969],[-78.1200465,-0.103671],[-78.1204535,-0.1042881],[-78.1206317,-0.104106],[-78.1209304,-0.1044241],[-78.1212439,-0.1051123],[-78.1213603,-0.1051029],[-78.1211376,-0.1044243],[-78.1207449,-0.1039903],[-78.1208378,-0.1038954],[-78.1211752,-0.1041711],[-78.1212846,-0.104302]]],[[[-78.1249581,-0.1042789],[-78.1244682,-0.1042629],[-78.12442,-0.1041473],[-78.1244105,-0.1037798],[-78.1242282,-0.1037352],[-78.1239068,-0.1038509],[-78.1236687,-0.1039765],[-78.1238912,-0.1045489],[-78.1239263,-0.1041965],[-78.1242664,-0.1043445],[-78.1245344,-0.1045438],[-78.124523,-0.1047225],[-78.124771,-0.1047376],[-78.1248786,-0.1047073],[-78.1249232,-0.1045953],[-78.1249581,-0.1042789]]],[[[-78.1210217,-0.1004846],[-78.1213931,-0.1009786],[-78.1217418,-0.1010728],[-78.1218065,-0.1001815],[-78.121683,-0.1002864],[-78.1212782,-0.1002944],[-78.1210217,-0.1004846]]],[[[-78.1214644,-0.099808],[-78.1212984,-0.0999723],[-78.1211862,-0.1000119],[-78.1210593,-0.100266],[-78.1209084,-0.1003264],[-78.1209936,-0.1004454],[-78.1212062,-0.1002746],[-78.1212879,-0.100244],[-78.1215301,-0.1002555],[-78.1216754,-0.1002239],[-78.1218684,-0.1000543],[-78.1215145,-0.0996536],[-78.1214528,-0.0997267],[-78.1214644,-0.099808]]],[[[-78.1195434,-0.0999042],[-78.1200669,-0.0994068],[-78.1208841,-0.1001816],[-78.1210382,-0.099952],[-78.121202,-0.0996197],[-78.121328,-0.0992786],[-78.1207909,-0.0987485],[-78.1203677,-0.0991333],[-78.1197632,-0.0985392],[-78.1194883,-0.0987074],[-78.1193005,-0.0991957],[-78.1189247,-0.0994889],[-78.1188585,-0.0999039],[-78.1186436,-0.1003221],[-78.1185604,-0.100366],[-78.1184501,-0.1003695],[-78.1182782,-0.1001062],[-78.1181169,-0.1000936],[-78.1179746,-0.1001969],[-78.1178696,-0.1005478],[-78.1182689,-0.1007902],[-78.1185233,-0.1010484],[-78.1183642,-0.101189],[-78.118844,-0.1014717],[-78.1192021,-0.1010362],[-78.1194702,-0.1009555],[-78.1198469,-0.1007602],[-78.1194269,-0.100395],[-78.1195607,-0.1001853],[-78.1196933,-0.1000527],[-78.1195434,-0.0999042]]],[[[-78.121686,-0.0988894],[-78.122308,-0.0991258],[-78.1223515,-0.0989026],[-78.1216715,-0.0986452],[-78.121686,-0.0988894]]],[[[-78.1235417,-0.098512],[-78.1228228,-0.0983125],[-78.1227203,-0.0984705],[-78.1229475,-0.0985399],[-78.1233629,-0.098806],[-78.1235417,-0.098512]]],[[[-78.119687,-0.0985174],[-78.1202879,-0.0983368],[-78.1206694,-0.0981424],[-78.1208842,-0.0980715],[-78.1210066,-0.0977088],[-78.1207259,-0.0976258],[-78.1203568,-0.097425],[-78.1202208,-0.0972996],[-78.1202471,-0.0972828],[-78.1200608,-0.0970245],[-78.1199629,-0.0969385],[-78.1194055,-0.0967406],[-78.1192147,-0.0967379],[-78.1185386,-0.0969304],[-78.1179811,-0.0969011],[-78.1177977,-0.0969369],[-78.1176985,-0.0970004],[-78.1176895,-0.0970526],[-78.1178268,-0.0974702],[-78.1179606,-0.0977251],[-78.1184346,-0.098321],[-78.1192155,-0.0990437],[-78.1192971,-0.099062],[-78.1194106,-0.0987369],[-78.1194986,-0.0986248],[-78.119687,-0.0985174]]],[[[-78.1228017,-0.0982591],[-78.1235695,-0.0984663],[-78.12411,-0.0975781],[-78.1246362,-0.0980287],[-78.1248963,-0.0975933],[-78.1247725,-0.0974576],[-78.1248322,-0.0971711],[-78.124774,-0.0971561],[-78.124723,-0.0970958],[-78.1245504,-0.0971858],[-78.1243741,-0.0971124],[-78.1241213,-0.0973026],[-78.124429,-0.0967209],[-78.1243257,-0.0966723],[-78.1242102,-0.0966642],[-78.1241265,-0.0967219],[-78.1239934,-0.0966563],[-78.1233466,-0.0966681],[-78.1230922,-0.0970865],[-78.1227953,-0.0969071],[-78.1221984,-0.0979828],[-78.1222907,-0.0980294],[-78.1225727,-0.0975126],[-78.1230415,-0.0978487],[-78.1228017,-0.0982591]]],[[[-78.1216011,-0.0978788],[-78.121627,-0.0979414],[-78.1217677,-0.0978838],[-78.1214189,-0.0977079],[-78.1214456,-0.0978111],[-78.1216011,-0.0978788]]],[[[-78.1207704,-0.0975485],[-78.1208567,-0.0975993],[-78.1210351,-0.0976125],[-78.1210924,-0.0974162],[-78.1211971,-0.0974146],[-78.1214542,-0.0972197],[-78.1216749,-0.096993],[-78.1217366,-0.09687],[-78.1216586,-0.0967207],[-78.1216698,-0.0966191],[-78.1216322,-0.0965436],[-78.1215273,-0.0964502],[-78.1215464,-0.0961767],[-78.1214025,-0.0957637],[-78.1213474,-0.0956941],[-78.1208057,-0.0961619],[-78.1208419,-0.0969681],[-78.1208104,-0.0973046],[-78.1207561,-0.0974536],[-78.1207704,-0.0975485]]],[[[-78.1207491,-0.0961948],[-78.1206476,-0.0956845],[-78.1207011,-0.0952793],[-78.1208252,-0.0948938],[-78.1208275,-0.0944536],[-78.1207398,-0.0941784],[-78.1205631,-0.0940134],[-78.120434,-0.0939562],[-78.1201879,-0.0940581],[-78.119465,-0.0946528],[-78.1176676,-0.09583],[-78.1169559,-0.0963858],[-78.1174892,-0.0967932],[-78.1176645,-0.0969654],[-78.1179271,-0.0968641],[-78.1185211,-0.0968877],[-78.1192872,-0.0966931],[-78.1194382,-0.0967075],[-78.1197277,-0.0967961],[-78.1205782,-0.096093],[-78.120679,-0.0962562],[-78.1207491,-0.0961948]]],[[[-78.1213258,-0.0956564],[-78.1211108,-0.0953409],[-78.1209716,-0.0950266],[-78.1209012,-0.094742],[-78.1208766,-0.0949472],[-78.1207399,-0.0953237],[-78.1207167,-0.0955168],[-78.1207141,-0.0957386],[-78.120792,-0.0959949],[-78.1207977,-0.0961173],[-78.1213258,-0.0956564]]],[[[-78.1195154,-0.0945718],[-78.1201651,-0.0940442],[-78.1204261,-0.0939152],[-78.1202754,-0.0938621],[-78.1197552,-0.0938326],[-78.1193679,-0.0936151],[-78.1188739,-0.0939908],[-78.1182188,-0.094428],[-78.1165427,-0.0954061],[-78.1166278,-0.0957346],[-78.1168967,-0.096343],[-78.1190977,-0.0948295],[-78.1195154,-0.0945718]]],[[[-78.1188443,-0.0931838],[-78.1184998,-0.0928065],[-78.1185602,-0.0931076],[-78.1186166,-0.0930728],[-78.1190238,-0.0938075],[-78.1193289,-0.0935847],[-78.1188443,-0.0931838]]],[[[-78.1184501,-0.0926981],[-78.1194103,-0.0935566],[-78.11991,-0.0931846],[-78.1194716,-0.0924149],[-78.1193276,-0.0925628],[-78.118841,-0.0918717],[-78.1194152,-0.0915417],[-78.1188516,-0.0911694],[-78.1184395,-0.0916921],[-78.1182776,-0.0909941],[-78.118026,-0.0910897],[-78.1179662,-0.0908277],[-78.1179314,-0.0909702],[-78.1180254,-0.0912907],[-78.1180387,-0.091468],[-78.1183527,-0.0921891],[-78.1184501,-0.0926981]]],[[[-78.1254751,-0.0893154],[-78.1243689,-0.0887584],[-78.1224337,-0.0907679],[-78.1223734,-0.0914122],[-78.1225436,-0.0916511],[-78.1227783,-0.092342],[-78.1230862,-0.092768],[-78.1260667,-0.0896602],[-78.1258342,-0.0894604],[-78.1254751,-0.0893154]]],[[[-78.1214488,-0.0894918],[-78.1231283,-0.0880692],[-78.1230754,-0.0879473],[-78.1230801,-0.0872211],[-78.1228566,-0.0862794],[-78.1227835,-0.0860825],[-78.1223228,-0.0852747],[-78.1219486,-0.0843246],[-78.1219316,-0.0841085],[-78.1220202,-0.0837149],[-78.121847,-0.0834086],[-78.121832,-0.0832922],[-78.1218414,-0.0832103],[-78.1219793,-0.0829411],[-78.122025,-0.0827386],[-78.1219092,-0.0823007],[-78.1219142,-0.0820281],[-78.1218038,-0.0820276],[-78.1218005,-0.0818443],[-78.1195822,-0.083205],[-78.1196476,-0.08344],[-78.1197089,-0.0843715],[-78.1196903,-0.0849621],[-78.1196055,-0.0854457],[-78.1198168,-0.0858438],[-78.1199712,-0.0870633],[-78.1200812,-0.0875875],[-78.1200676,-0.0878153],[-78.1201377,-0.0879661],[-78.1204177,-0.0880874],[-78.120686,-0.0882925],[-78.1209719,-0.0883511],[-78.1211967,-0.0885533],[-78.1212572,-0.0886423],[-78.1214488,-0.0894918]]],[[[-78.1220774,-0.0800534],[-78.1220508,-0.0797113],[-78.1220911,-0.0795487],[-78.1222764,-0.079116],[-78.1224807,-0.0783103],[-78.1224973,-0.0780473],[-78.1224285,-0.077966],[-78.1223508,-0.0779545],[-78.119507,-0.0796848],[-78.1193111,-0.0800764],[-78.1193363,-0.0804041],[-78.1194142,-0.0807944],[-78.1220774,-0.0800534]]],[[[-78.1193657,-0.0786208],[-78.1192399,-0.0781985],[-78.1192183,-0.0780834],[-78.1191855,-0.0781066],[-78.1193509,-0.0786897],[-78.1193657,-0.0786208]]],[[[-78.1192659,-0.0781911],[-78.119391,-0.0786461],[-78.1214827,-0.0773534],[-78.1213301,-0.0771215],[-78.1212315,-0.0771792],[-78.1210491,-0.0769059],[-78.1212402,-0.0767813],[-78.1213467,-0.0760849],[-78.1214844,-0.0758267],[-78.1215723,-0.0755662],[-78.1215604,-0.0753653],[-78.121475,-0.0752099],[-78.1214156,-0.075186],[-78.1213586,-0.075186],[-78.1210166,-0.075394],[-78.1208053,-0.0754585],[-78.1206865,-0.0754251],[-78.1206248,-0.0753199],[-78.1206557,-0.0748871],[-78.1207816,-0.0744281],[-78.1207721,-0.074213],[-78.1208671,-0.0738693],[-78.1209387,-0.0733898],[-78.120833,-0.073669],[-78.1205574,-0.0741903],[-78.1205459,-0.0744575],[-78.120399,-0.0746731],[-78.1203285,-0.0749375],[-78.1202064,-0.0750739],[-78.1201436,-0.0752049],[-78.1200318,-0.0756062],[-78.1200633,-0.0758394],[-78.1200218,-0.0759806],[-78.1198386,-0.0763247],[-78.1197409,-0.076448],[-78.1196305,-0.0769629],[-78.1193332,-0.0775179],[-78.1192289,-0.0779486],[-78.1192659,-0.0781911]]],[[[-78.121783,-0.0711985],[-78.1207981,-0.071171],[-78.1208412,-0.0714813],[-78.1210433,-0.0721965],[-78.1211045,-0.0726445],[-78.1210871,-0.0731324],[-78.1210355,-0.0732555],[-78.1227158,-0.073244],[-78.1229466,-0.0731863],[-78.1228036,-0.072868],[-78.1225723,-0.0724927],[-78.1224858,-0.0722401],[-78.1223995,-0.0718113],[-78.122464,-0.0714199],[-78.1224665,-0.0711581],[-78.121783,-0.0711985]]],[[[-78.1212128,-0.0694651],[-78.1210948,-0.0693132],[-78.1210639,-0.0692559],[-78.1210526,-0.0692098],[-78.1210402,-0.0690386],[-78.1210661,-0.0688704],[-78.1210941,-0.0687504],[-78.1210765,-0.0684176],[-78.1210861,-0.0683551],[-78.1211156,-0.0682968],[-78.1211663,-0.0682306],[-78.1211812,-0.0681102],[-78.1210475,-0.0676001],[-78.1209832,-0.0674671],[-78.1189985,-0.0675298],[-78.1189435,-0.0678409],[-78.1188779,-0.0686643],[-78.1188046,-0.069079],[-78.1187795,-0.0695775],[-78.1187311,-0.0695794],[-78.1188992,-0.0678551],[-78.1189784,-0.0674464],[-78.1189959,-0.0670415],[-78.1181576,-0.0671061],[-78.1183186,-0.0663928],[-78.1170095,-0.0667252],[-78.1168419,-0.0670637],[-78.1166242,-0.0672595],[-78.1165322,-0.0674001],[-78.1164776,-0.0676586],[-78.1165191,-0.0678723],[-78.1167818,-0.0682776],[-78.1168328,-0.0684241],[-78.11678,-0.0684917],[-78.1167241,-0.0686642],[-78.1168077,-0.0692876],[-78.1167383,-0.0696436],[-78.116695,-0.0696744],[-78.1167039,-0.0697887],[-78.1165636,-0.0699998],[-78.1167168,-0.0703273],[-78.1167507,-0.0705506],[-78.116711,-0.0707889],[-78.1178627,-0.0707342],[-78.1179013,-0.071054],[-78.1188566,-0.0710403],[-78.1188196,-0.0706889],[-78.1206905,-0.0705863],[-78.1205315,-0.0695442],[-78.1212723,-0.0695298],[-78.1212128,-0.0694651]]],[[[-78.124194,-0.0690947],[-78.1243759,-0.0689388],[-78.1234935,-0.0688675],[-78.1233536,-0.0692205],[-78.1243034,-0.0692839],[-78.1242317,-0.0692315],[-78.124194,-0.0690947]]],[[[-78.1210986,-0.0693108],[-78.1212783,-0.0695296],[-78.1214581,-0.0695261],[-78.1213489,-0.0691098],[-78.1213559,-0.0684483],[-78.1214254,-0.0674545],[-78.1209886,-0.0674669],[-78.1210518,-0.0675986],[-78.1211858,-0.0681098],[-78.1211706,-0.0682322],[-78.121081,-0.0684179],[-78.1210986,-0.0687507],[-78.1210447,-0.0690388],[-78.121057,-0.069209],[-78.1210986,-0.0693108]]],[[[-78.1236006,-0.0685204],[-78.1214431,-0.0683742],[-78.1214227,-0.0690952],[-78.1233066,-0.0692153],[-78.1236006,-0.0685204]]],[[[-78.1212851,-0.065036],[-78.1215518,-0.0648132],[-78.1222784,-0.0644274],[-78.122137,-0.0644555],[-78.1220623,-0.0644359],[-78.1215675,-0.0640606],[-78.1214974,-0.0639733],[-78.1213261,-0.0634541],[-78.1213526,-0.0629524],[-78.1213101,-0.0627014],[-78.1210276,-0.062372],[-78.1200305,-0.062433],[-78.1201035,-0.0619872],[-78.1205475,-0.0619746],[-78.1204657,-0.0614523],[-78.1204498,-0.0611054],[-78.1205341,-0.0605521],[-78.1207045,-0.060072],[-78.1207839,-0.0593236],[-78.1211339,-0.0573074],[-78.1208508,-0.0573129],[-78.1204564,-0.059069],[-78.1202496,-0.0597846],[-78.1200882,-0.0601323],[-78.1198337,-0.0611218],[-78.1197427,-0.0617725],[-78.1196759,-0.0625482],[-78.1196734,-0.0629388],[-78.1199627,-0.0638631],[-78.1205998,-0.0648031],[-78.1205677,-0.0644616],[-78.1205882,-0.0644246],[-78.1206346,-0.0644235],[-78.1210141,-0.0649599],[-78.1211296,-0.0650469],[-78.1212851,-0.065036]]],[[[-78.1176769,-0.0586095],[-78.1176759,-0.0588794],[-78.1178238,-0.058871],[-78.117853,-0.0589328],[-78.117821,-0.0590128],[-78.117708,-0.0592136],[-78.1171743,-0.0595232],[-78.117038,-0.0596427],[-78.1169351,-0.0598317],[-78.1169943,-0.0601327],[-78.1199589,-0.0604092],[-78.1200394,-0.0601223],[-78.1202033,-0.0597733],[-78.1203558,-0.0592691],[-78.1177682,-0.0584911],[-78.1176769,-0.0586095]]],[[[-78.1187668,-0.055358],[-78.1188478,-0.0560175],[-78.1188187,-0.0562903],[-78.1188952,-0.0568867],[-78.1188455,-0.0571675],[-78.1188617,-0.0573198],[-78.1187609,-0.0575687],[-78.1186308,-0.0577418],[-78.1202604,-0.0583512],[-78.1203109,-0.0574337],[-78.1204776,-0.0565212],[-78.1208924,-0.0567259],[-78.120929,-0.0562848],[-78.121012,-0.0560528],[-78.1211991,-0.0552111],[-78.1226873,-0.0553043],[-78.1224952,-0.0546882],[-78.1221212,-0.0539642],[-78.1199791,-0.0527794],[-78.1199476,-0.0529584],[-78.119881,-0.0530336],[-78.1198394,-0.0532447],[-78.1197232,-0.0532949],[-78.1197098,-0.053401],[-78.1196055,-0.0535082],[-78.119416,-0.0535929],[-78.1193017,-0.0538287],[-78.1187848,-0.0544529],[-78.1187523,-0.0546718],[-78.1186845,-0.0548547],[-78.1187147,-0.0551018],[-78.1187848,-0.0553095],[-78.1187668,-0.055358]]],[[[-78.1209217,-0.0567225],[-78.120897,-0.0569281],[-78.1211655,-0.0569263],[-78.1211909,-0.0567231],[-78.1209217,-0.0567225]]],[[[-78.1194811,-0.0533668],[-78.119366,-0.0534983],[-78.1192122,-0.0535521],[-78.1190052,-0.0535756],[-78.1188104,-0.0537523],[-78.1185196,-0.0539371],[-78.1185252,-0.0543272],[-78.1184133,-0.0546769],[-78.1184302,-0.054913],[-78.1184826,-0.0550256],[-78.1185446,-0.0554922],[-78.1184688,-0.0560693],[-78.1185045,-0.0563953],[-78.1183554,-0.0569593],[-78.1183469,-0.0572051],[-78.1184609,-0.0576782],[-78.1186012,-0.0577307],[-78.1186523,-0.0577049],[-78.1188252,-0.057408],[-78.1188493,-0.0572851],[-78.118827,-0.0571742],[-78.1188744,-0.0568674],[-78.1187991,-0.0562987],[-78.1188309,-0.0560095],[-78.1187458,-0.0553851],[-78.1187576,-0.0552886],[-78.118694,-0.0551024],[-78.1186615,-0.0548383],[-78.1187103,-0.0547429],[-78.1187473,-0.0544608],[-78.1187753,-0.0543761],[-78.1192664,-0.0538186],[-78.1193549,-0.0536877],[-78.1193919,-0.0535613],[-78.1196178,-0.0534687],[-78.1196806,-0.0533942],[-78.1196975,-0.0532802],[-78.1198242,-0.0531971],[-78.1198656,-0.0530185],[-78.1199389,-0.0529234],[-78.1199656,-0.0527719],[-78.1197555,-0.0526558],[-78.119788,-0.052837],[-78.1195865,-0.0529865],[-78.1194773,-0.0532545],[-78.1194811,-0.0533668]]],[[[-78.1194685,-0.0532266],[-78.1195711,-0.0529622],[-78.119762,-0.0528283],[-78.1197316,-0.0526425],[-78.1195476,-0.0525407],[-78.1194243,-0.0528208],[-78.1193289,-0.0529265],[-78.1192593,-0.0531924],[-78.1191324,-0.0533477],[-78.1189317,-0.0534889],[-78.1187441,-0.0535564],[-78.1184095,-0.0535988],[-78.1183219,-0.0536652],[-78.1182947,-0.0538639],[-78.1183547,-0.0545091],[-78.1182306,-0.0547153],[-78.1182307,-0.0548778],[-78.1183242,-0.0551406],[-78.118489,-0.055295],[-78.1184579,-0.055038],[-78.1183961,-0.0549073],[-78.1183823,-0.0546123],[-78.1185051,-0.0543132],[-78.1184723,-0.0541305],[-78.1184971,-0.053927],[-78.1187356,-0.0537791],[-78.1189854,-0.0535602],[-78.1193705,-0.0534667],[-78.1194542,-0.0533745],[-78.1194685,-0.0532266]]],[[[-78.1250922,-0.052426],[-78.1242201,-0.0515154],[-78.1237993,-0.0514867],[-78.1237259,-0.0518806],[-78.1237444,-0.0522048],[-78.1240516,-0.0530305],[-78.1250922,-0.052426]]],[[[-78.1202661,-0.048767],[-78.1205036,-0.0481839],[-78.1197777,-0.0478549],[-78.1194308,-0.048249],[-78.1196567,-0.0484176],[-78.1202661,-0.048767]]],[[[-78.1195853,-0.0476738],[-78.1193712,-0.0478718],[-78.1193798,-0.048173],[-78.1195046,-0.0480997],[-78.1197538,-0.0477986],[-78.1195853,-0.0476738]]],[[[-78.1209519,-0.0478781],[-78.1214278,-0.0471379],[-78.121622,-0.046758],[-78.1217169,-0.0467028],[-78.121959,-0.046647],[-78.1218541,-0.0463126],[-78.1215774,-0.0464214],[-78.1213651,-0.0466034],[-78.1211361,-0.0471314],[-78.1207968,-0.047756],[-78.1209519,-0.0478781]]],[[[-78.121487,-0.0464722],[-78.1216584,-0.0463614],[-78.1218493,-0.0462968],[-78.1218049,-0.0461519],[-78.1213908,-0.0462809],[-78.121487,-0.0464722]]],[[[-78.1239879,-0.0460344],[-78.1243935,-0.0463887],[-78.1245214,-0.0463706],[-78.1246402,-0.0463067],[-78.124065,-0.0460064],[-78.1239879,-0.0460344]]],[[[-78.1216253,-0.0455651],[-78.1214003,-0.0455521],[-78.1214303,-0.0459083],[-78.1213573,-0.0459986],[-78.1213165,-0.0461507],[-78.121354,-0.0462331],[-78.1217884,-0.0460979],[-78.1216253,-0.0455651]]],[[[-78.1102903,-0.1224072],[-78.1098008,-0.121447],[-78.1066064,-0.1216236],[-78.1066521,-0.1226129],[-78.1102903,-0.1224072]]],[[[-78.1103039,-0.122317],[-78.1131179,-0.1221988],[-78.1128909,-0.1218023],[-78.1101011,-0.1219183],[-78.1103039,-0.122317]]],[[[-78.1091496,-0.1173792],[-78.1091934,-0.1180076],[-78.1110054,-0.1179071],[-78.110876,-0.1172794],[-78.1091496,-0.1173792]]],[[[-78.1090815,-0.1170308],[-78.1063813,-0.1171964],[-78.106404,-0.1176133],[-78.1090978,-0.1174481],[-78.1090815,-0.1170308]]],[[[-78.1150274,-0.1124281],[-78.1158345,-0.1124317],[-78.1159301,-0.1110273],[-78.1149967,-0.1112323],[-78.1146493,-0.1112782],[-78.1148087,-0.1117637],[-78.1147466,-0.1125098],[-78.1147884,-0.1125397],[-78.1150274,-0.1124281]],[[-78.1149693,-0.1123045],[-78.1150669,-0.1123076],[-78.1150632,-0.1123974],[-78.1149663,-0.1123943],[-78.1149693,-0.1123045]]],[[[-78.1173152,-0.1097309],[-78.1169865,-0.1093855],[-78.1166058,-0.1095896],[-78.1158922,-0.1098994],[-78.1160076,-0.1104526],[-78.1167971,-0.1105594],[-78.1171287,-0.1105389],[-78.1171644,-0.1103028],[-78.1172972,-0.1100451],[-78.1173152,-0.1097309]]],[[[-78.1157062,-0.1093767],[-78.1155598,-0.1088018],[-78.1148013,-0.1089551],[-78.1140248,-0.1090606],[-78.1141958,-0.1096676],[-78.1157062,-0.1093767]]],[[[-78.1138002,-0.1081695],[-78.1139093,-0.1086036],[-78.115414,-0.1083398],[-78.1153172,-0.1079299],[-78.1139916,-0.1080903],[-78.1138002,-0.1081695]]],[[[-78.1142888,-0.1080387],[-78.1140686,-0.1074421],[-78.113814,-0.1074863],[-78.1135911,-0.1075731],[-78.1137931,-0.1081428],[-78.1139873,-0.1080633],[-78.1142888,-0.1080387]]],[[[-78.1147839,-0.1079779],[-78.1153144,-0.1079007],[-78.1153561,-0.107591],[-78.1151605,-0.1075044],[-78.1150874,-0.1074275],[-78.1150419,-0.1073102],[-78.1145609,-0.1073726],[-78.1147839,-0.1079779]]],[[[-78.1153732,-0.1075304],[-78.116143,-0.1070627],[-78.1160927,-0.1069799],[-78.1159665,-0.1068822],[-78.1155999,-0.1067733],[-78.1154214,-0.1066214],[-78.1151909,-0.1063157],[-78.1148487,-0.1063859],[-78.1149639,-0.106706],[-78.115034,-0.1071169],[-78.1151452,-0.1074021],[-78.1152331,-0.1074826],[-78.1153732,-0.1075304]]],[[[-78.116668,-0.1069857],[-78.1166271,-0.1064669],[-78.1166414,-0.1061226],[-78.1166067,-0.105805],[-78.1156644,-0.105908],[-78.1157828,-0.1061792],[-78.1152731,-0.106296],[-78.1154792,-0.1065911],[-78.1156559,-0.1067521],[-78.1160393,-0.1068579],[-78.116181,-0.1070404],[-78.1162739,-0.1069859],[-78.116668,-0.1069857]]],[[[-78.113953,-0.1070407],[-78.1149039,-0.1067481],[-78.1148044,-0.1065241],[-78.1147646,-0.1062922],[-78.1137728,-0.1067656],[-78.1133266,-0.1070154],[-78.113444,-0.1072828],[-78.113953,-0.1070407]]],[[[-78.1175927,-0.1065868],[-78.1178078,-0.1064305],[-78.1178449,-0.1063531],[-78.1179667,-0.1062499],[-78.1180912,-0.1057584],[-78.1180783,-0.1057212],[-78.1174927,-0.1057961],[-78.1173217,-0.1058678],[-78.1172162,-0.1060112],[-78.1170438,-0.1063841],[-78.1170097,-0.1065491],[-78.1174565,-0.1068137],[-78.1175927,-0.1065868]]],[[[-78.1178383,-0.106422],[-78.1180653,-0.1063731],[-78.1185644,-0.1066174],[-78.1186733,-0.1066361],[-78.1187127,-0.1058036],[-78.1185864,-0.1058277],[-78.118309,-0.105666],[-78.118157,-0.1056851],[-78.117992,-0.1062618],[-78.1178383,-0.106422]]],[[[-78.1167128,-0.1060404],[-78.1167083,-0.1062548],[-78.1167461,-0.106393],[-78.1169735,-0.1065277],[-78.1170045,-0.1063844],[-78.1172349,-0.1059045],[-78.1173484,-0.1057991],[-78.1174402,-0.1057607],[-78.1172212,-0.1057925],[-78.1169597,-0.1059001],[-78.1167128,-0.1060404]]],[[[-78.1145241,-0.105368],[-78.1143701,-0.1048554],[-78.1137243,-0.1052005],[-78.1127084,-0.1058196],[-78.1129607,-0.106288],[-78.1145241,-0.105368]]],[[[-78.1155983,-0.1041996],[-78.1157515,-0.1039041],[-78.1155738,-0.103823],[-78.1151163,-0.1034963],[-78.1144213,-0.1042079],[-78.1145736,-0.1050417],[-78.1154522,-0.1049264],[-78.1154713,-0.1045788],[-78.1155983,-0.1041996]]],[[[-78.1171103,-0.1048282],[-78.1172089,-0.1046437],[-78.1172979,-0.104551],[-78.1173251,-0.1044267],[-78.1174371,-0.1043666],[-78.1174934,-0.1042388],[-78.1177342,-0.104101],[-78.1178666,-0.103929],[-78.1180626,-0.1038118],[-78.1182954,-0.1035009],[-78.1184451,-0.1033483],[-78.1185299,-0.1033102],[-78.1185742,-0.1031112],[-78.1187657,-0.1028702],[-78.1187642,-0.1026569],[-78.1184098,-0.1025479],[-78.1182958,-0.1029277],[-78.1181551,-0.1032002],[-78.1176516,-0.1037333],[-78.1173723,-0.10396],[-78.1172426,-0.1041694],[-78.1171199,-0.1044691],[-78.1169214,-0.1047521],[-78.1171103,-0.1048282]]],[[[-78.1132191,-0.1047913],[-78.1135087,-0.1046149],[-78.1138101,-0.1041858],[-78.1139238,-0.104135],[-78.114109,-0.1041128],[-78.1142684,-0.1041285],[-78.1143338,-0.104207],[-78.1143737,-0.1041999],[-78.1145081,-0.1040444],[-78.1140509,-0.1037362],[-78.1134199,-0.1032105],[-78.1134386,-0.1031905],[-78.1137406,-0.1034505],[-78.1140913,-0.1031393],[-78.1135384,-0.1024344],[-78.1128215,-0.1016704],[-78.1124089,-0.1020529],[-78.1123402,-0.102392],[-78.1121634,-0.1024747],[-78.111546,-0.1029304],[-78.1119101,-0.1030988],[-78.1118799,-0.1031394],[-78.1123257,-0.1032508],[-78.1120266,-0.1044743],[-78.1121364,-0.1044209],[-78.1124899,-0.104422],[-78.112735,-0.1045361],[-78.1130867,-0.1047968],[-78.1132191,-0.1047913]]],[[[-78.1157935,-0.1039042],[-78.1162503,-0.1042138],[-78.1161519,-0.1044423],[-78.1168916,-0.1047401],[-78.1171046,-0.1044287],[-78.1172174,-0.1041293],[-78.1173296,-0.1039362],[-78.1176895,-0.1036298],[-78.1180536,-0.1032476],[-78.1181752,-0.1030608],[-78.118358,-0.1025885],[-78.1181215,-0.1029193],[-78.1177134,-0.1026095],[-78.1173493,-0.1029424],[-78.1171121,-0.1032251],[-78.1172639,-0.1034431],[-78.1169075,-0.1037275],[-78.1166679,-0.1031781],[-78.1166284,-0.1031977],[-78.1162263,-0.1035661],[-78.1157935,-0.1039042]]],[[[-78.1162107,-0.102227],[-78.1163552,-0.1024984],[-78.1165234,-0.1024091],[-78.1162063,-0.1019601],[-78.1165922,-0.1019195],[-78.116833,-0.1018406],[-78.116994,-0.1015294],[-78.1170783,-0.1013549],[-78.1170144,-0.1012017],[-78.1170049,-0.1009196],[-78.1169024,-0.1008135],[-78.1162899,-0.1007832],[-78.1159945,-0.1008912],[-78.1158669,-0.1010389],[-78.1157851,-0.1010817],[-78.1153966,-0.1010827],[-78.1151088,-0.1012452],[-78.1147434,-0.1013018],[-78.1152663,-0.1020247],[-78.1155734,-0.1020269],[-78.1159944,-0.1025967],[-78.1160966,-0.10257],[-78.1159761,-0.1023195],[-78.1162107,-0.102227]]],[[[-78.1167437,-0.1007377],[-78.1169119,-0.1007637],[-78.1170232,-0.1008514],[-78.1175014,-0.0999699],[-78.1172748,-0.0999139],[-78.1167437,-0.1007377]]],[[[-78.1178593,-0.0976214],[-78.1175995,-0.097801],[-78.117221,-0.0972949],[-78.116881,-0.0975339],[-78.117133,-0.0982982],[-78.1177866,-0.0993608],[-78.1181254,-0.0990285],[-78.1184884,-0.0984143],[-78.1178593,-0.0976214]]],[[[-78.1101838,-0.0985528],[-78.1103037,-0.0982477],[-78.1099793,-0.0978183],[-78.1097345,-0.0981031],[-78.1101838,-0.0985528]]],[[[-78.1047187,-0.0983543],[-78.105335,-0.0979097],[-78.1055994,-0.0978266],[-78.1058619,-0.0976988],[-78.1060044,-0.09748],[-78.1061387,-0.0971532],[-78.1060967,-0.0967225],[-78.1039378,-0.0973448],[-78.1043874,-0.0984786],[-78.1044776,-0.0984093],[-78.1047187,-0.0983543]]],[[[-78.107284,-0.0966697],[-78.1065073,-0.0968655],[-78.1063218,-0.0970261],[-78.1065364,-0.0973636],[-78.1066833,-0.0972041],[-78.1067004,-0.0971229],[-78.1070737,-0.0970674],[-78.1071668,-0.0970894],[-78.1072571,-0.0970655],[-78.1074204,-0.0971095],[-78.1075464,-0.0970748],[-78.1076414,-0.0971125],[-78.1075534,-0.0966727],[-78.107284,-0.0966697]]],[[[-78.1168807,-0.096393],[-78.1165797,-0.0957169],[-78.1161888,-0.0944234],[-78.1154656,-0.0949941],[-78.1155224,-0.0950688],[-78.115817,-0.0959671],[-78.1154862,-0.096245],[-78.1165058,-0.0971735],[-78.116793,-0.0970198],[-78.1172548,-0.0966688],[-78.1168807,-0.096393]]],[[[-78.1132857,-0.0969471],[-78.1130235,-0.0963476],[-78.1124608,-0.0968148],[-78.1123486,-0.0969492],[-78.1128527,-0.0969081],[-78.1132857,-0.0969471]]],[[[-78.1120987,-0.0969663],[-78.1122925,-0.096951],[-78.1124351,-0.0967776],[-78.1129631,-0.0963333],[-78.1135381,-0.0961217],[-78.1138963,-0.0963585],[-78.1143514,-0.0959556],[-78.1140819,-0.0951431],[-78.1143013,-0.094892],[-78.1140499,-0.0939954],[-78.1133849,-0.0947557],[-78.1136394,-0.0956059],[-78.1127045,-0.0960108],[-78.112517,-0.095248],[-78.1133771,-0.0947297],[-78.1133284,-0.0945],[-78.1118717,-0.0950926],[-78.1115545,-0.095464],[-78.1115348,-0.0954951],[-78.1117595,-0.0963354],[-78.1110325,-0.0966613],[-78.1110294,-0.0972543],[-78.1114907,-0.0971575],[-78.1116161,-0.0971078],[-78.1118707,-0.0969319],[-78.1120987,-0.0969663]]],[[[-78.1135647,-0.0961504],[-78.1133787,-0.096207],[-78.1135413,-0.0965887],[-78.1136953,-0.0965473],[-78.1135647,-0.0961504]]],[[[-78.1165294,-0.0953519],[-78.1182816,-0.094323],[-78.1178764,-0.0935578],[-78.1163161,-0.0944887],[-78.1163,-0.0946681],[-78.1165294,-0.0953519]]],[[[-78.1148436,-0.0932754],[-78.1150566,-0.0942474],[-78.1159037,-0.0935541],[-78.1156009,-0.0926136],[-78.1148436,-0.0932754]]],[[[-78.1137421,-0.092653],[-78.1137802,-0.0924256],[-78.1137699,-0.0919972],[-78.1139073,-0.0913402],[-78.1140118,-0.0911521],[-78.1136743,-0.0914824],[-78.1137402,-0.0922238],[-78.1130865,-0.0929458],[-78.1131863,-0.093829],[-78.11384,-0.093135],[-78.1137421,-0.092653]]],[[[-78.1153178,-0.0916823],[-78.1154011,-0.0919986],[-78.1162572,-0.0915456],[-78.1178396,-0.0906283],[-78.1175206,-0.0904962],[-78.1173015,-0.0904462],[-78.1171581,-0.0903663],[-78.1169192,-0.0899495],[-78.1167701,-0.0898207],[-78.1166861,-0.0896953],[-78.1165992,-0.0893106],[-78.1162423,-0.0891159],[-78.1162167,-0.0890394],[-78.1162798,-0.0886995],[-78.1161893,-0.088463],[-78.1161385,-0.0881536],[-78.1159795,-0.0879191],[-78.115052,-0.088448],[-78.1150636,-0.0887517],[-78.1148941,-0.0889187],[-78.1146211,-0.0893114],[-78.1137656,-0.0903378],[-78.1137871,-0.0905292],[-78.1138424,-0.0905875],[-78.1139571,-0.0906154],[-78.1141948,-0.0905993],[-78.1142381,-0.0906453],[-78.1142281,-0.0907188],[-78.114528,-0.0906469],[-78.1140582,-0.0911067],[-78.1139259,-0.0913454],[-78.1137891,-0.0919997],[-78.1137811,-0.0921743],[-78.114509,-0.0915785],[-78.1145455,-0.0918657],[-78.1138123,-0.0924595],[-78.1137764,-0.092637],[-78.1138552,-0.0931189],[-78.1145301,-0.0925485],[-78.1153178,-0.0916823]],[[-78.114528,-0.0906469],[-78.1149639,-0.0900171],[-78.1151125,-0.0900217],[-78.1150936,-0.0903195],[-78.115147,-0.0908514],[-78.1147026,-0.0913578],[-78.114528,-0.0906469]],[[-78.1159121,-0.0886123],[-78.115976,-0.0888701],[-78.1151564,-0.0893303],[-78.1151074,-0.0890131],[-78.1159121,-0.0886123]]],[[[-78.1168279,-0.0916962],[-78.1163232,-0.0918502],[-78.1164034,-0.0922208],[-78.116453,-0.0922883],[-78.1164651,-0.0924024],[-78.1167571,-0.0932255],[-78.1175263,-0.092722],[-78.1172206,-0.0919329],[-78.1171819,-0.0915918],[-78.1168415,-0.0916942],[-78.1168086,-0.0917323],[-78.1166068,-0.0923171],[-78.1166913,-0.0920304],[-78.1168007,-0.0917277],[-78.1168279,-0.0916962]]],[[[-78.117987,-0.0914792],[-78.1179866,-0.0913453],[-78.1178875,-0.0910516],[-78.1179236,-0.09078],[-78.1178542,-0.0906426],[-78.1172358,-0.0909981],[-78.1174395,-0.0918177],[-78.117987,-0.0914792]]],[[[-78.1133212,-0.0905202],[-78.1133965,-0.090918],[-78.1141988,-0.0907258],[-78.114212,-0.0906533],[-78.1141879,-0.0906175],[-78.1139555,-0.0906349],[-78.1138016,-0.0905848],[-78.1137649,-0.0905208],[-78.113747,-0.0903177],[-78.1145473,-0.0893415],[-78.1146819,-0.0890957],[-78.1148542,-0.0888821],[-78.1150557,-0.0887079],[-78.1150383,-0.0884343],[-78.1157061,-0.088059],[-78.1159776,-0.0878774],[-78.1163084,-0.0875984],[-78.1163249,-0.0874136],[-78.1162842,-0.0868318],[-78.1159943,-0.0862951],[-78.1139014,-0.0871016],[-78.1142064,-0.087367],[-78.1144841,-0.0874596],[-78.1146632,-0.0875978],[-78.1155793,-0.0872128],[-78.1157471,-0.08772],[-78.1149002,-0.088119],[-78.1140666,-0.0885621],[-78.1134639,-0.0878244],[-78.112814,-0.0886145],[-78.1130335,-0.0888651],[-78.1129857,-0.0890885],[-78.1130955,-0.0891213],[-78.113045,-0.0892738],[-78.1130242,-0.0895487],[-78.1130272,-0.0896473],[-78.1130925,-0.089722],[-78.1130984,-0.0897758],[-78.1130776,-0.0898326],[-78.1129648,-0.0899133],[-78.1129529,-0.08997],[-78.1130331,-0.0901643],[-78.1131488,-0.0901763],[-78.1132765,-0.0903556],[-78.1133943,-0.0903682],[-78.1133212,-0.0905202]],[[-78.1140666,-0.0885621],[-78.1142625,-0.0894027],[-78.1133952,-0.0896337],[-78.1133554,-0.0892329],[-78.1140666,-0.0885621]]],[[[-78.1162697,-0.0889785],[-78.1162652,-0.0890696],[-78.1162973,-0.0891239],[-78.1165875,-0.0892697],[-78.1166414,-0.0893682],[-78.1171545,-0.0891197],[-78.1170054,-0.0882727],[-78.1170507,-0.0882591],[-78.1168421,-0.0873842],[-78.1166212,-0.0874794],[-78.116612,-0.0874605],[-78.1169887,-0.0869969],[-78.1166809,-0.0862745],[-78.1163838,-0.086298],[-78.1164052,-0.086391],[-78.1163102,-0.0870054],[-78.1163497,-0.0875814],[-78.1163089,-0.0876474],[-78.1161664,-0.0877392],[-78.1160201,-0.0878879],[-78.1161422,-0.0880767],[-78.1163396,-0.0887783],[-78.1163265,-0.0888931],[-78.1162697,-0.0889785]]],[[[-78.1170429,-0.0719901],[-78.1168981,-0.0721637],[-78.1168698,-0.0723689],[-78.1169808,-0.0725389],[-78.1171982,-0.0727503],[-78.1172973,-0.0730753],[-78.1173194,-0.0733014],[-78.1173683,-0.0733014],[-78.117384,-0.0720507],[-78.1171063,-0.0719726],[-78.1170429,-0.0719901]]],[[[-78.1173669,-0.0650692],[-78.1173491,-0.0651721],[-78.1177566,-0.0653054],[-78.1176234,-0.0651529],[-78.1173669,-0.0650692]]],[[[-78.1196619,-0.0621891],[-78.1197889,-0.0611167],[-78.1171741,-0.0608204],[-78.1173487,-0.0612811],[-78.1173049,-0.0616332],[-78.1172077,-0.0617965],[-78.116898,-0.0620789],[-78.1167911,-0.0622541],[-78.1167714,-0.0624211],[-78.116871,-0.0629754],[-78.1171473,-0.0632354],[-78.1172123,-0.0634185],[-78.1172436,-0.0637757],[-78.117123,-0.0640582],[-78.1170661,-0.0646105],[-78.1171499,-0.0647473],[-78.1173489,-0.0649542],[-78.117367,-0.0650644],[-78.1176258,-0.0651491],[-78.117765,-0.0653081],[-78.1188302,-0.0656565],[-78.120675,-0.0650193],[-78.1199156,-0.0638633],[-78.1196284,-0.0629451],[-78.1196619,-0.0621891]]],[[[-78.1176104,-0.0586281],[-78.1177119,-0.0584742],[-78.1174155,-0.0583851],[-78.1174162,-0.0585976],[-78.1175938,-0.0589739],[-78.1176551,-0.0592001],[-78.1177233,-0.0591518],[-78.1177624,-0.0589398],[-78.1176871,-0.0589805],[-78.1176118,-0.0589496],[-78.1175867,-0.0587629],[-78.1176104,-0.0586281]]]]}},
{"type":"Feature","properties":{"sector":"Sector 2","predios":2270,"area_riego_ha":1555.22,"area_ha":1770.3},"geometry":{"type":"MultiPolygon","coordinates":[[[[-78.2272325,-0.0862138],[-78.2271803,-0.0862751],[-78.2269529,-0.0863838],[-78.2268181,-0.0864043],[-78.2266974,-0.0864648],[-78.2262762,-0.0865258],[-78.2259396,-0.0867097],[-78.2258083,-0.0869031],[-78.2254079,-0.0871338],[-78.2253285,-0.0872135],[-78.2260288,-0.087468],[-78.2268552,-0.088036],[-78.2273413,-0.0871609],[-78.227432,-0.0871087],[-78.2274472,-0.0870752],[-78.2273937,-0.0869354],[-78.2275332,-0.0866516],[-78.2278067,-0.0864075],[-78.2278462,-0.0863351],[-78.228042,-0.0862775],[-78.2281104,-0.0861526],[-78.2280232,-0.0861831],[-78.2274905,-0.0861343],[-78.2274227,-0.0862035],[-78.2272325,-0.0862138]]],[[[-78.224742,-0.0634356],[-78.2243246,-0.0638623],[-78.2259304,-0.0653189],[-78.2259961,-0.0652407],[-78.2262134,-0.0647291],[-78.224742,-0.0634356]]],[[[-78.2257278,-0.0624918],[-78.2247812,-0.0633981],[-78.2262392,-0.0646792],[-78.2263001,-0.0645609],[-78.226898,-0.0641693],[-78.2271437,-0.0637628],[-78.2257278,-0.0624918]]],[[[-78.2243943,-0.0636447],[-78.2257161,-0.0623763],[-78.2249836,-0.061658],[-78.2255156,-0.0610643],[-78.224932,-0.0604947],[-78.2257357,-0.0595976],[-78.225488,-0.0596682],[-78.2248826,-0.059733],[-78.2241147,-0.0607432],[-78.2241878,-0.060953],[-78.2244877,-0.061187],[-78.224616,-0.0613352],[-78.2246354,-0.0614263],[-78.2245512,-0.0617869],[-78.2246067,-0.0623737],[-78.2246079,-0.0627807],[-78.2243325,-0.0634783],[-78.2240397,-0.0640532],[-78.2243943,-0.0636447]]],[[[-78.2262452,-0.0619502],[-78.2257662,-0.0624536],[-78.227176,-0.0637108],[-78.2273709,-0.0633966],[-78.227526,-0.0630663],[-78.2262452,-0.0619502]]],[[[-78.2294765,-0.0600764],[-78.2295839,-0.06001],[-78.2288281,-0.0590901],[-78.228378,-0.0594518],[-78.2279858,-0.0598764],[-78.2289208,-0.0606883],[-78.2289915,-0.0605502],[-78.2293568,-0.0603119],[-78.2294765,-0.0600764]]],[[[-78.2277241,-0.0583576],[-78.2266877,-0.05917],[-78.2261565,-0.0594427],[-78.2273183,-0.0605824],[-78.228102,-0.0596012],[-78.2284884,-0.0592399],[-78.2277241,-0.0583576]]],[[[-78.2254702,-0.0595793],[-78.2258903,-0.0594596],[-78.2264617,-0.0591894],[-78.2258332,-0.0584883],[-78.2249563,-0.0596365],[-78.2254702,-0.0595793]]],[[[-78.229919,-0.0581824],[-78.2296782,-0.0573038],[-78.2295525,-0.0571072],[-78.2294676,-0.0570445],[-78.2293781,-0.0570444],[-78.2285662,-0.0577079],[-78.2292921,-0.0586302],[-78.229919,-0.0581824]]],[[[-78.2179212,-0.0534779],[-78.217885,-0.0537836],[-78.2176367,-0.0537254],[-78.2176323,-0.0544273],[-78.217544,-0.0551339],[-78.2174791,-0.0553795],[-78.2173157,-0.0564023],[-78.2175483,-0.0565496],[-78.2175721,-0.0572556],[-78.2178533,-0.0572631],[-78.2178836,-0.0572194],[-78.2179407,-0.0570411],[-78.2179599,-0.0568244],[-78.2180299,-0.0567526],[-78.2180671,-0.0566326],[-78.2180091,-0.0564483],[-78.2181511,-0.0563572],[-78.2180803,-0.0560926],[-78.2175337,-0.0561167],[-78.2175786,-0.0557902],[-78.2176851,-0.0553675],[-78.2177744,-0.055159],[-78.2178713,-0.0546962],[-78.2178739,-0.0540798],[-78.2184619,-0.0540481],[-78.2184273,-0.0536778],[-78.2184368,-0.0533048],[-78.2186421,-0.0525869],[-78.2184381,-0.0524491],[-78.2180154,-0.0531999],[-78.2179212,-0.0534779]]],[[[-78.2188541,-0.0522553],[-78.2186876,-0.0526178],[-78.2192826,-0.0519405],[-78.2194037,-0.0516699],[-78.2194322,-0.0512548],[-78.21938,-0.0506625],[-78.2190669,-0.0511612],[-78.2189909,-0.0517465],[-78.218913,-0.0519263],[-78.2188541,-0.0522553]]],[[[-78.2183991,-0.0509477],[-78.2183514,-0.050837],[-78.2182605,-0.0507811],[-78.2181263,-0.051037],[-78.2184191,-0.0511454],[-78.2183991,-0.0509477]]],[[[-78.2190443,-0.0499294],[-78.218981,-0.0497978],[-78.2188764,-0.0497298],[-78.2183271,-0.0506714],[-78.2184099,-0.0507143],[-78.2185107,-0.050867],[-78.2185456,-0.0511503],[-78.2189918,-0.051143],[-78.2190443,-0.0499294]]],[[[-78.2197959,-0.0473442],[-78.2196595,-0.0477267],[-78.2200816,-0.0477753],[-78.2201146,-0.047381],[-78.2197959,-0.0473442]]],[[[-78.218649,-0.0455881],[-78.2193592,-0.0435684],[-78.2193297,-0.0434468],[-78.219193,-0.0433891],[-78.2190446,-0.0434369],[-78.2188427,-0.0435684],[-78.2183796,-0.0439868],[-78.218148,-0.0443275],[-78.2180565,-0.0445829],[-78.218188,-0.0454894],[-78.218274,-0.0455045],[-78.2178648,-0.0470087],[-78.2185195,-0.0476145],[-78.2192371,-0.0474844],[-78.2197043,-0.0474421],[-78.2197306,-0.047248],[-78.2196952,-0.0470245],[-78.2197081,-0.046824],[-78.2195909,-0.0458171],[-78.2192428,-0.0455881],[-78.2190468,-0.0455283],[-78.2189162,-0.0455463],[-78.2186728,-0.0456479],[-78.218649,-0.0455881]]],[[[-78.2187609,-0.045439],[-78.2187137,-0.045579],[-78.2188983,-0.0454894],[-78.2190516,-0.0454684],[-78.2192677,-0.0455344],[-78.2195727,-0.0457365],[-78.2195376,-0.0453986],[-78.2187609,-0.045439]]],[[[-78.2218083,-0.0438892],[-78.221645,-0.0440671],[-78.2218911,-0.0445216],[-78.2222182,-0.0443478],[-78.2219494,-0.0432491],[-78.2218894,-0.0437126],[-78.2218083,-0.0438892]]],[[[-78.2228052,-0.0423632],[-78.2229972,-0.0421815],[-78.2230312,-0.0421076],[-78.2231222,-0.0420503],[-78.2229669,-0.0416051],[-78.2229367,-0.041376],[-78.2225129,-0.0413115],[-78.2219552,-0.0401762],[-78.2213108,-0.0394971],[-78.2204743,-0.0424774],[-78.2209297,-0.043496],[-78.2215249,-0.0428888],[-78.2219373,-0.0429356],[-78.2221628,-0.0428861],[-78.2225212,-0.0426524],[-78.2226207,-0.0425505],[-78.2232473,-0.0438012],[-78.2234411,-0.0436983],[-78.2228052,-0.0423632]]],[[[-78.2572853,-0.0386717],[-78.2572615,-0.0381384],[-78.2570531,-0.0383718],[-78.2569693,-0.0382498],[-78.2568206,-0.0384452],[-78.2568254,-0.0389118],[-78.2572853,-0.0386717]]],[[[-78.2380656,-0.0335866],[-78.2383469,-0.0334817],[-78.238325,-0.0329928],[-78.2379565,-0.0330878],[-78.238001,-0.0333961],[-78.2380656,-0.0335866]]],[[[-78.2393891,-0.0323035],[-78.2392161,-0.032314],[-78.2391795,-0.0328001],[-78.2393044,-0.032781],[-78.2393891,-0.0323035]]],[[[-78.228298,-0.0309908],[-78.2282442,-0.0312888],[-78.2288205,-0.0316747],[-78.2289096,-0.0314094],[-78.2286551,-0.03126],[-78.228298,-0.0309908]]],[[[-78.2418122,-0.0307825],[-78.2419998,-0.0309993],[-78.2422537,-0.030784],[-78.242146,-0.030303],[-78.2426581,-0.0297291],[-78.2425915,-0.0294521],[-78.2424336,-0.0293516],[-78.2421718,-0.0295386],[-78.2419731,-0.0298127],[-78.2410214,-0.0294494],[-78.2407387,-0.0299729],[-78.2415029,-0.030504],[-78.2418122,-0.0307825]]],[[[-78.2405464,-0.0299247],[-78.2400977,-0.029598],[-78.2398053,-0.0299029],[-78.2402969,-0.0301408],[-78.2405464,-0.0299247]]],[[[-78.240582,-0.0298757],[-78.2407205,-0.029698],[-78.240291,-0.029399],[-78.2401357,-0.029565],[-78.240582,-0.0298757]]],[[[-78.2390668,-0.029322],[-78.2390323,-0.0292899],[-78.239032,-0.0292902],[-78.2390668,-0.029322]]],[[[-78.2290634,-0.0283615],[-78.2288043,-0.0283158],[-78.2287557,-0.028515],[-78.2290361,-0.0285707],[-78.229804,-0.0290207],[-78.229888,-0.0288296],[-78.2290634,-0.0283615]]],[[[-78.2281246,-0.0284727],[-78.2287037,-0.0285074],[-78.2287476,-0.0283097],[-78.2282089,-0.0282518],[-78.2281246,-0.0284727]]],[[[-78.2296986,-0.0237241],[-78.2289782,-0.0239702],[-78.2289278,-0.0238684],[-78.2285193,-0.0239431],[-78.2286284,-0.0241961],[-78.2287048,-0.024492],[-78.2291038,-0.0242242],[-78.2297318,-0.0239747],[-78.2296986,-0.0237241]]],[[[-78.2192823,-0.0223597],[-78.2189767,-0.0223378],[-78.2189495,-0.0227261],[-78.2189787,-0.0230527],[-78.2190546,-0.0230599],[-78.2192823,-0.0223597]]],[[[-78.2189887,-0.0209943],[-78.2189783,-0.0217602],[-78.2194565,-0.021792],[-78.2196864,-0.021059],[-78.2189887,-0.0209943]]],[[[-78.2311429,-0.0186392],[-78.2310201,-0.0181552],[-78.2306303,-0.0183603],[-78.2308706,-0.0188499],[-78.2311318,-0.018736],[-78.2311429,-0.0186392]]],[[[-78.2348349,-0.0211748],[-78.2350467,-0.0208053],[-78.2351625,-0.0204736],[-78.2352809,-0.0204315],[-78.2354194,-0.0202235],[-78.2355144,-0.0201501],[-78.235681,-0.0199214],[-78.2358436,-0.0197784],[-78.2359854,-0.0195747],[-78.2360732,-0.0195008],[-78.2360937,-0.0190591],[-78.2363038,-0.018784],[-78.2365565,-0.0180236],[-78.236606,-0.0177158],[-78.2363205,-0.0174127],[-78.2361388,-0.0171432],[-78.2359951,-0.0167599],[-78.2359457,-0.0165208],[-78.2359157,-0.0147287],[-78.2349692,-0.0151831],[-78.2349471,-0.0152558],[-78.2349452,-0.0157206],[-78.2351922,-0.0162485],[-78.2352703,-0.0167176],[-78.2351853,-0.0167272],[-78.2354307,-0.0178985],[-78.2354592,-0.0181414],[-78.2354497,-0.0184666],[-78.2353984,-0.0187573],[-78.2349892,-0.0199327],[-78.2347633,-0.0204391],[-78.2344177,-0.0209792],[-78.2344092,-0.0212138],[-78.2344348,-0.0213128],[-78.2345944,-0.0215734],[-78.2347734,-0.0216342],[-78.2348349,-0.0211748]]],[[[-78.2310355,-0.0177069],[-78.2310739,-0.0181728],[-78.2311252,-0.0183766],[-78.2312124,-0.0182915],[-78.2313139,-0.0180711],[-78.23133,-0.0177309],[-78.2310355,-0.0177069]]],[[[-78.2210097,-0.0172676],[-78.2214031,-0.0173034],[-78.2216863,-0.0170834],[-78.2217529,-0.0170756],[-78.2218497,-0.0169632],[-78.2212647,-0.016915],[-78.2210097,-0.0172676]]],[[[-78.2207588,-0.0168716],[-78.2206717,-0.0172382],[-78.2209683,-0.0172638],[-78.2212114,-0.0169106],[-78.2207588,-0.0168716]]],[[[-78.2206293,-0.0170684],[-78.220714,-0.0168677],[-78.2198648,-0.0167945],[-78.2196395,-0.0171492],[-78.2206336,-0.017235],[-78.2206293,-0.0170684]]],[[[-78.2310229,-0.0168866],[-78.2311291,-0.0166949],[-78.2307451,-0.01629],[-78.2305937,-0.0165364],[-78.2308634,-0.0167127],[-78.2310229,-0.0168866]]],[[[-78.2232762,-0.0157331],[-78.2235425,-0.0156049],[-78.2227936,-0.0155451],[-78.2226372,-0.0156557],[-78.2225333,-0.015781],[-78.2231954,-0.0158347],[-78.2232762,-0.0157331]]],[[[-78.2211563,-0.0155167],[-78.2211703,-0.0156705],[-78.222437,-0.0157732],[-78.2227011,-0.0155378],[-78.2210605,-0.0154069],[-78.2211563,-0.0155167]]],[[[-78.2211529,-0.0155613],[-78.2209762,-0.0153831],[-78.2207869,-0.0156395],[-78.2211472,-0.0156687],[-78.2211529,-0.0155613]]],[[[-78.2319158,-0.0151862],[-78.2322414,-0.015164],[-78.2325206,-0.0150891],[-78.2324492,-0.0147003],[-78.2320262,-0.0148096],[-78.2318527,-0.0151407],[-78.2319158,-0.0151862]]],[[[-78.2190716,-0.0139198],[-78.2191837,-0.0141311],[-78.2192831,-0.0142153],[-78.2194149,-0.0143606],[-78.2194999,-0.0144295],[-78.2195278,-0.014465],[-78.2200229,-0.0145022],[-78.220904,-0.0129543],[-78.2193865,-0.0128362],[-78.2192787,-0.013394],[-78.2192521,-0.013767],[-78.219203,-0.0139159],[-78.2190959,-0.0139078],[-78.2191074,-0.0138311],[-78.2191836,-0.0137274],[-78.2192065,-0.0131913],[-78.2193035,-0.0128297],[-78.2181799,-0.0127422],[-78.2181957,-0.0127523],[-78.2182116,-0.012782],[-78.2182304,-0.0128677],[-78.2182744,-0.0129013],[-78.218291,-0.0129239],[-78.2183276,-0.0130247],[-78.2184513,-0.0131104],[-78.218477,-0.013152],[-78.2184845,-0.0131893],[-78.2184653,-0.0132875],[-78.2185253,-0.013332],[-78.2186873,-0.0134849],[-78.2187514,-0.0134767],[-78.2187835,-0.0134895],[-78.2188054,-0.0135574],[-78.2189126,-0.0136689],[-78.2189375,-0.013706],[-78.2189648,-0.0137515],[-78.2190011,-0.0138412],[-78.2190716,-0.0139198]]],[[[-78.2215954,-0.0117367],[-78.2219493,-0.0111201],[-78.220968,-0.0110661],[-78.2203142,-0.0116718],[-78.2215954,-0.0117367]]],[[[-78.2185387,-0.0115828],[-78.2202194,-0.0116859],[-78.2202771,-0.0116326],[-78.2202333,-0.0116316],[-78.2202658,-0.0110275],[-78.218997,-0.0109584],[-78.2187503,-0.0112569],[-78.2185387,-0.0115828]]],[[[-78.2188081,-0.0102575],[-78.2185868,-0.0106985],[-78.2179745,-0.0115537],[-78.2184763,-0.0115797],[-78.2187069,-0.0112246],[-78.21893,-0.0109546],[-78.21956,-0.0103026],[-78.2188081,-0.0102575]]],[[[-78.2182358,-0.0092216],[-78.2184261,-0.0094544],[-78.2186645,-0.0092098],[-78.2185564,-0.0089063],[-78.2185778,-0.0087571],[-78.2182792,-0.0085911],[-78.2182164,-0.0090012],[-78.2182358,-0.0092216]]],[[[-78.2195958,-0.0067564],[-78.2199395,-0.0066252],[-78.220168,-0.0063666],[-78.2202634,-0.0062062],[-78.2204158,-0.0060625],[-78.2205819,-0.0056876],[-78.2206973,-0.0055477],[-78.2206297,-0.0054369],[-78.2205198,-0.0053938],[-78.220329,-0.0054049],[-78.2199915,-0.005487],[-78.2197232,-0.0055945],[-78.2195707,-0.0057111],[-78.2187391,-0.00625],[-78.2187859,-0.0063493],[-78.219514,-0.0068583],[-78.2195958,-0.0067564]]],[[[-78.2178877,-0.0058009],[-78.2177634,-0.0058506],[-78.2181965,-0.0065063],[-78.2186225,-0.0062304],[-78.2183456,-0.0056699],[-78.2182094,-0.0056628],[-78.2181362,-0.0056886],[-78.2180215,-0.0057998],[-78.2178877,-0.0058009]]],[[[-78.2190486,-0.0060465],[-78.2197221,-0.0055925],[-78.2198827,-0.0055275],[-78.219539,-0.0050249],[-78.2193831,-0.0051687],[-78.2193012,-0.0052254],[-78.2192318,-0.0052415],[-78.2191439,-0.0052317],[-78.2190764,-0.0052548],[-78.2190399,-0.0052851],[-78.2190001,-0.0053512],[-78.2189246,-0.0054461],[-78.2189132,-0.0054545],[-78.2187813,-0.0054633],[-78.2190486,-0.0060465]]],[[[-78.2191438,-0.0052294],[-78.2193211,-0.0052102],[-78.2193817,-0.0051669],[-78.219459,-0.0050905],[-78.2196894,-0.0049007],[-78.2199952,-0.0049037],[-78.2203452,-0.0046529],[-78.2208929,-0.0043912],[-78.2211366,-0.0042263],[-78.2212838,-0.0041832],[-78.2199011,-0.0033188],[-78.2198641,-0.0033492],[-78.2194519,-0.0027704],[-78.2181685,-0.0035544],[-78.2185497,-0.004122],[-78.2182422,-0.0043058],[-78.2189309,-0.0054345],[-78.2190381,-0.0052836],[-78.2190751,-0.0052529],[-78.2191438,-0.0052294]]],[[[-78.2223176,-0.0036075],[-78.2227499,-0.0032711],[-78.2228072,-0.0031934],[-78.2228884,-0.0029577],[-78.2227728,-0.0026322],[-78.2225761,-0.0023544],[-78.2227091,-0.0022917],[-78.222732,-0.0023074],[-78.2229815,-0.0028453],[-78.2231391,-0.0025541],[-78.2233756,-0.0023263],[-78.2231764,-0.0020312],[-78.2230865,-0.0019214],[-78.2230604,-0.001931],[-78.2230105,-0.0015174],[-78.2215743,-0.0017803],[-78.2218732,-0.002181],[-78.2216846,-0.0022544],[-78.2219522,-0.0026126],[-78.2217805,-0.00271],[-78.2215098,-0.0023224],[-78.2213403,-0.0023883],[-78.2213094,-0.0023422],[-78.2218121,-0.0021467],[-78.2215505,-0.0017846],[-78.2206575,-0.0019488],[-78.2203039,-0.0021835],[-78.2206944,-0.0028987],[-78.2207707,-0.0029874],[-78.2208692,-0.003049],[-78.2215551,-0.0027008],[-78.2222597,-0.0037117],[-78.2223176,-0.0036075]]],[[[-78.2188839,-0.0020926],[-78.2185909,-0.0021227],[-78.2184215,-0.0021864],[-78.2179138,-0.0025883],[-78.2180774,-0.0028253],[-78.2178702,-0.0029804],[-78.2177133,-0.0027516],[-78.2172723,-0.0031128],[-78.217549,-0.0035207],[-78.2177777,-0.0034323],[-78.2182081,-0.0030148],[-78.2184134,-0.0033123],[-78.2196496,-0.0025427],[-78.2203805,-0.0020015],[-78.2203416,-0.00197],[-78.2202606,-0.0019688],[-78.2192185,-0.0020691],[-78.2192709,-0.0022826],[-78.2189698,-0.002484],[-78.2188839,-0.0020926]]],[[[-78.2202584,-0.0022163],[-78.21978,-0.0025563],[-78.2201136,-0.0031445],[-78.2206045,-0.0028507],[-78.2202584,-0.0022163]]],[[[-78.2186103,-0.0020225],[-78.2197129,-0.001931],[-78.2197273,-0.001963],[-78.2201436,-0.0019285],[-78.2198478,-0.0012475],[-78.2198879,-0.0012206],[-78.2196714,-0.0009123],[-78.2196383,-0.0007611],[-78.2194698,-0.0008243],[-78.2196141,-0.001113],[-78.2189765,-0.0010648],[-78.2189547,-0.0010159],[-78.2185383,-0.0010962],[-78.2187109,-0.0014831],[-78.2182514,-0.0016221],[-78.2184109,-0.0017646],[-78.2186103,-0.0020225]]],[[[-78.2202919,-0.0009512],[-78.2207808,-0.0018324],[-78.2214217,-0.0017161],[-78.2210418,-0.0010457],[-78.2208171,-0.00124],[-78.2204108,-0.0008732],[-78.2202919,-0.0009512]]],[[[-78.2232557,-0.0019361],[-78.2233446,-0.0021064],[-78.2234641,-0.0022441],[-78.2239549,-0.0017713],[-78.224131,-0.0015156],[-78.2242405,-0.0014516],[-78.2243045,-0.0013697],[-78.2245146,-0.0013553],[-78.2245833,-0.0013001],[-78.2248972,-0.0012113],[-78.2250008,-0.0011332],[-78.2250605,-0.0011367],[-78.2242344,-0.0000297],[-78.2249408,0.0002812],[-78.224509,0.0007956],[-78.2241386,0.0007148],[-78.2238891,0.0007871],[-78.2236346,0.0007941],[-78.2231276,0.0006955],[-78.2231824,-0.0014707],[-78.2232557,-0.0019361]]],[[[-78.2217466,-0.0011856],[-78.222175,-0.0009404],[-78.2224555,-0.0014026],[-78.2228888,-0.0013764],[-78.2229426,-0.0011836],[-78.2229229,-0.0002454],[-78.2228885,-0.0002473],[-78.2228699,-0.00009],[-78.2225944,0.0000733],[-78.2217619,0.0002383],[-78.2216467,0.0001556],[-78.2212047,-0.0003095],[-78.2212942,-0.0004494],[-78.2217096,-0.0001679],[-78.2218407,-0.0003581],[-78.2220833,-0.0007774],[-78.2216376,-0.0010431],[-78.2217466,-0.0011856]]],[[[-78.2182797,-0.001037],[-78.2189114,-0.0009401],[-78.2185987,-0.0000772],[-78.2184173,-0.0001264],[-78.2180829,-0.0001294],[-78.217902,-0.0002336],[-78.2175789,-0.0002253],[-78.217292,-0.0003351],[-78.217232,-0.0004591],[-78.2170935,-0.000466],[-78.217068,-0.0004224],[-78.2169969,-0.0004143],[-78.21688,-0.0005279],[-78.2162641,-0.0007745],[-78.2165096,-0.0016438],[-78.2164637,-0.0023896],[-78.2167281,-0.0025887],[-78.217644,-0.0015413],[-78.2179805,-0.0012046],[-78.2182797,-0.001037]]],[[[-78.2200013,-0.0008982],[-78.2200905,-0.0010833],[-78.2202811,-0.0009583],[-78.2201628,-0.0006269],[-78.2199286,-0.0006789],[-78.2199619,-0.0008995],[-78.2200013,-0.0008982]]],[[[-78.2192705,0.000192],[-78.2191345,0.0001455],[-78.2194665,-0.0007365],[-78.219611,-0.0006874],[-78.2192705,0.000192]]],[[[-78.2194168,0.0002341],[-78.2196991,-0.0006578],[-78.2198189,-0.000621],[-78.2195427,0.0002675],[-78.2194168,0.0002341]]],[[[-78.2186263,-0.000068],[-78.2188242,-0.0006167],[-78.2193308,-0.0004243],[-78.2190383,0.0003267],[-78.2188104,0.0000234],[-78.2186263,-0.000068]]],[[[-78.2198379,0.0004217],[-78.2196733,0.0003194],[-78.219945,-0.0005928],[-78.2200782,-0.0005643],[-78.2198379,0.0004217]]],[[[-78.2200923,0.0004067],[-78.2202985,-0.0005122],[-78.2209503,-0.0003528],[-78.2211625,-0.000245],[-78.2207356,0.0004459],[-78.2204424,0.0004579],[-78.2200923,0.0004067]]],[[[-78.2185987,0.0006756],[-78.218266,0.0012536],[-78.2180284,0.0018156],[-78.2165025,0.0017405],[-78.2162901,0.0017589],[-78.21702,0.000163],[-78.2171487,-0.000301],[-78.2176348,-0.0001475],[-78.2179095,-0.0001584],[-78.217991,-0.0000718],[-78.2178682,0.0001272],[-78.2172092,0.0005835],[-78.2172286,0.0006453],[-78.217773,0.0003151],[-78.2179337,0.0001749],[-78.2179686,0.0002012],[-78.2181079,-0.0000273],[-78.2183895,-0.0000533],[-78.2186448,0.0000342],[-78.2183223,0.0004675],[-78.2185987,0.0006756]]],[[[-78.2214465,0.0002138],[-78.2215035,0.0001311],[-78.2216488,0.0002782],[-78.2215489,0.0002784],[-78.2214465,0.0002138]]],[[[-78.2229141,0.0002698],[-78.2229039,0.0004813],[-78.2226871,0.0004381],[-78.2227053,0.0002551],[-78.2229141,0.0002698]]],[[[-78.2190022,0.004594],[-78.2200333,0.0052366],[-78.2196631,0.0054937],[-78.2192327,0.0051874],[-78.2192133,0.0052068],[-78.2196458,0.0055116],[-78.2189572,0.0058389],[-78.2174002,0.0063485],[-78.2175225,0.0062288],[-78.2177173,0.0058668],[-78.218423,0.0054549],[-78.2187977,0.00495],[-78.2190022,0.004594]],[[-78.2191354,0.0051587],[-78.2188353,0.005322],[-78.2187687,0.0053621],[-78.2189085,0.0054438],[-78.2190635,0.0053567],[-78.2192133,0.0052068],[-78.2191354,0.0051587]]],[[[-78.2203892,0.0053556],[-78.2207355,0.0050252],[-78.2217298,0.0051398],[-78.2222709,0.005404],[-78.2216612,0.0057431],[-78.2213408,0.0055053],[-78.2203892,0.0053556]]],[[[-78.2189614,0.00627],[-78.2189754,0.0063286],[-78.2192328,0.0064765],[-78.2185499,0.0069551],[-78.2183936,0.0069315],[-78.2183709,0.0069843],[-78.2183225,0.006993],[-78.2182466,0.0069603],[-78.2180681,0.007072],[-78.2176194,0.0071267],[-78.2167412,0.0068598],[-78.2166793,0.0067294],[-78.218008,0.0062994],[-78.2182239,0.0066609],[-78.2189391,0.0062752],[-78.2188108,0.006039],[-78.2192538,0.0058705],[-78.2193386,0.0060419],[-78.2189614,0.00627]]],[[[-78.2195302,0.0057429],[-78.2200484,0.0059732],[-78.2203925,0.0061263],[-78.2200908,0.0064244],[-78.2196597,0.0061175],[-78.2194017,0.0058075],[-78.2195302,0.0057429]]],[[[-78.2194012,0.0065651],[-78.2195702,0.0066536],[-78.2190909,0.0071452],[-78.2188215,0.0070358],[-78.2194012,0.0065651]]],[[[-78.2152371,-0.0644744],[-78.2145339,-0.0630319],[-78.2141356,-0.0651129],[-78.2150549,-0.0654547],[-78.2151507,-0.0650702],[-78.2153538,-0.0646342],[-78.2152371,-0.0644744]]],[[[-78.2149705,-0.0632476],[-78.2165747,-0.0613624],[-78.2165164,-0.0611207],[-78.2166186,-0.0610011],[-78.2165691,-0.0609512],[-78.2165857,-0.0608137],[-78.2165584,-0.0606989],[-78.2159923,-0.0600712],[-78.2148299,-0.0606156],[-78.2146061,-0.0597742],[-78.2145586,-0.0596834],[-78.2144555,-0.0604261],[-78.214247,-0.060926],[-78.2144394,-0.0608235],[-78.2145688,-0.0613775],[-78.2149741,-0.0625912],[-78.214563,-0.0629237],[-78.2149447,-0.0637402],[-78.2151413,-0.0635934],[-78.2149705,-0.0632476]]],[[[-78.2158933,-0.0640078],[-78.2159161,-0.0638889],[-78.2161242,-0.0636324],[-78.2162025,-0.0632115],[-78.2162884,-0.0630797],[-78.2164066,-0.0629723],[-78.2164782,-0.0628422],[-78.2165424,-0.0628093],[-78.2165257,-0.062653],[-78.2165723,-0.0624552],[-78.2165388,-0.0622579],[-78.2166012,-0.0619557],[-78.2165985,-0.0618194],[-78.2151413,-0.0635934],[-78.2155312,-0.0644526],[-78.2156906,-0.0643009],[-78.2158933,-0.0640078]]],[[[-78.2155021,-0.0588661],[-78.2153913,-0.0582218],[-78.2153438,-0.058088],[-78.2152286,-0.0579792],[-78.2150433,-0.0579062],[-78.2146333,-0.059245],[-78.2145586,-0.0596834],[-78.2147744,-0.0597534],[-78.2149326,-0.0591905],[-78.2151243,-0.0592971],[-78.2155021,-0.0588661]]],[[[-78.215462,-0.0583982],[-78.2155947,-0.0581842],[-78.2153697,-0.0580365],[-78.2154411,-0.0582386],[-78.215462,-0.0583982]]],[[[-78.2155821,-0.056999],[-78.2151667,-0.0567997],[-78.2149658,-0.0573535],[-78.2150462,-0.0575391],[-78.215035,-0.0578118],[-78.2152596,-0.0579431],[-78.2155821,-0.056999]]],[[[-78.2162589,-0.0554335],[-78.2172319,-0.0563492],[-78.2172544,-0.0560116],[-78.2173476,-0.0555699],[-78.2173615,-0.055305],[-78.2174172,-0.0550924],[-78.2174998,-0.0544254],[-78.2175287,-0.0537729],[-78.2175058,-0.0536947],[-78.2167399,-0.0534775],[-78.2164019,-0.0539991],[-78.2158088,-0.055107],[-78.2162589,-0.0554335]]],[[[-78.2161789,-0.0523436],[-78.2160631,-0.0524371],[-78.2166497,-0.053465],[-78.216881,-0.0530713],[-78.2164154,-0.0522804],[-78.2161789,-0.0523436]]],[[[-78.2160954,-0.0523009],[-78.2163693,-0.0522021],[-78.2161007,-0.0517459],[-78.215878,-0.0521129],[-78.2160278,-0.0523753],[-78.2160954,-0.0523009]]],[[[-78.2176621,-0.0491615],[-78.2178404,-0.0489479],[-78.2179626,-0.0488698],[-78.21793,-0.0487488],[-78.2179773,-0.0482896],[-78.2168675,-0.0478436],[-78.2167052,-0.0479998],[-78.2176621,-0.0491615]]],[[[-78.2128152,-0.0302565],[-78.2151334,-0.0309862],[-78.2165595,-0.0302558],[-78.2168327,-0.0286216],[-78.213731,-0.0281513],[-78.2137095,-0.0282859],[-78.213597,-0.0283302],[-78.2136602,-0.0285034],[-78.2136585,-0.0285925],[-78.2134175,-0.0288681],[-78.2133429,-0.0290714],[-78.2130991,-0.0293715],[-78.2129931,-0.0297672],[-78.212831,-0.0301366],[-78.2128427,-0.0302098],[-78.2128152,-0.0302565]]],[[[-78.2157442,-0.0223977],[-78.2156107,-0.0225687],[-78.2156028,-0.0227276],[-78.2189348,-0.0230485],[-78.2188943,-0.022891],[-78.2189299,-0.0223344],[-78.2158688,-0.0220724],[-78.2157626,-0.0222533],[-78.2157442,-0.0223977]]],[[[-78.2163007,-0.0208469],[-78.2160928,-0.0210974],[-78.2161091,-0.0214952],[-78.2189418,-0.0217577],[-78.2189458,-0.0209903],[-78.2162578,-0.0207915],[-78.2163007,-0.0208469]]],[[[-78.2148698,-0.0164704],[-78.2148802,-0.0167388],[-78.2195797,-0.0171441],[-78.2198024,-0.0167891],[-78.214971,-0.0163725],[-78.2148698,-0.0164704]]],[[[-78.2150964,-0.0150178],[-78.2150802,-0.0151768],[-78.2207226,-0.0156342],[-78.2209053,-0.0153946],[-78.2150513,-0.0149277],[-78.2150964,-0.0150178]]],[[[-78.2151143,-0.0138729],[-78.2151064,-0.01419],[-78.2195218,-0.0144646],[-78.2191803,-0.0141342],[-78.2189972,-0.0138434],[-78.2189337,-0.0137084],[-78.2188017,-0.0135599],[-78.2187803,-0.0134927],[-78.218685,-0.0134888],[-78.2184613,-0.0132899],[-78.218473,-0.0131541],[-78.2183242,-0.0130276],[-78.218287,-0.0129261],[-78.2182266,-0.0128702],[-78.2181735,-0.0127417],[-78.2171003,-0.0126582],[-78.2168245,-0.0129107],[-78.216638,-0.0131575],[-78.2165088,-0.0134832],[-78.216412,-0.0136326],[-78.2162902,-0.013696],[-78.2162122,-0.0136901],[-78.216391,-0.0135855],[-78.2166152,-0.01311],[-78.2167761,-0.0128703],[-78.2170207,-0.012652],[-78.2162248,-0.01259],[-78.2160719,-0.0127581],[-78.2157549,-0.0127891],[-78.2156958,-0.0129758],[-78.2154788,-0.0132908],[-78.2154128,-0.0135221],[-78.215205,-0.0136852],[-78.2151143,-0.0138729]]],[[[-78.2178909,-0.0111694],[-78.2175957,-0.0115274],[-78.217912,-0.0115507],[-78.2181857,-0.0111322],[-78.2183617,-0.0109221],[-78.2182195,-0.0108992],[-78.2180379,-0.0111247],[-78.2178909,-0.0111694]]],[[[-78.2157846,-0.0110354],[-78.2158511,-0.0108546],[-78.2159463,-0.0107216],[-78.2161458,-0.0105963],[-78.2162656,-0.010576],[-78.2153259,-0.0089179],[-78.2145112,-0.0095557],[-78.2141926,-0.0097272],[-78.2148027,-0.0104175],[-78.2150526,-0.0100952],[-78.2155912,-0.011058],[-78.2157846,-0.0110354]]],[[[-78.2182958,-0.0094303],[-78.2181763,-0.0092412],[-78.2181604,-0.0091359],[-78.2182289,-0.008564],[-78.2182187,-0.0085871],[-78.2178358,-0.0083623],[-78.2170198,-0.0100389],[-78.2172012,-0.010395],[-78.2173366,-0.0103916],[-78.2174617,-0.0103441],[-78.2175656,-0.0101042],[-78.2180264,-0.0102358],[-78.2182073,-0.0100206],[-78.2184018,-0.0095171],[-78.2182958,-0.0094303]]],[[[-78.2144581,-0.0078354],[-78.2134721,-0.0082669],[-78.2135477,-0.0083971],[-78.2132185,-0.0084229],[-78.2123299,-0.0088506],[-78.2120014,-0.0089563],[-78.212238,-0.0093099],[-78.2129235,-0.0093612],[-78.2133233,-0.0094305],[-78.2139892,-0.0094204],[-78.2144984,-0.0094955],[-78.2155391,-0.0086533],[-78.2149408,-0.0075692],[-78.2144581,-0.0078354]]],[[[-78.2158488,-0.0078196],[-78.2153758,-0.0071772],[-78.2150968,-0.0074748],[-78.2154917,-0.0080591],[-78.2157292,-0.0085062],[-78.2161484,-0.008205],[-78.2162527,-0.0080769],[-78.2162503,-0.0080422],[-78.2160231,-0.0077056],[-78.2158488,-0.0078196]]],[[[-78.2177976,-0.0073883],[-78.2174242,-0.007074],[-78.2167321,-0.0074732],[-78.2167836,-0.0076422],[-78.2162474,-0.0081656],[-78.2166893,-0.0085666],[-78.217147,-0.0078946],[-78.2171993,-0.0079409],[-78.2174456,-0.0077806],[-78.2176641,-0.0076037],[-78.2177976,-0.0073883]]],[[[-78.2150365,-0.0074077],[-78.2153844,-0.0070311],[-78.2159625,-0.0062335],[-78.2154203,-0.0054911],[-78.2160297,-0.0050918],[-78.216363,-0.0055875],[-78.2165551,-0.0052684],[-78.2163098,-0.0048991],[-78.2165818,-0.0047038],[-78.2167295,-0.0049295],[-78.2170057,-0.0043991],[-78.2172099,-0.003895],[-78.2175567,-0.0037429],[-78.2173609,-0.003376],[-78.2171863,-0.0031375],[-78.2168862,-0.0028221],[-78.2164538,-0.0024736],[-78.216324,-0.0024993],[-78.2158967,-0.0024774],[-78.2157812,-0.0033089],[-78.2159033,-0.003396],[-78.2134676,-0.0057304],[-78.2124529,-0.0068787],[-78.212961,-0.0075592],[-78.212498,-0.0079321],[-78.2128767,-0.0084814],[-78.213522,-0.0081414],[-78.2144627,-0.0077336],[-78.2150365,-0.0074077]]],[[[-78.2154953,-0.0070339],[-78.2154168,-0.0071324],[-78.21555,-0.0071127],[-78.2155619,-0.0070918],[-78.2154953,-0.0070339]]],[[[-78.2156619,-0.0069596],[-78.2157614,-0.0069005],[-78.215913,-0.0068809],[-78.2160197,-0.0068258],[-78.2160685,-0.0067323],[-78.2162217,-0.0065872],[-78.2160183,-0.0063094],[-78.2155158,-0.0070053],[-78.2155827,-0.0070553],[-78.2156619,-0.0069596]]],[[[-78.217075,-0.0061415],[-78.2168429,-0.0063061],[-78.2172944,-0.0070852],[-78.217493,-0.0069618],[-78.217075,-0.0061415]]],[[[-78.2165876,-0.0064251],[-78.2168325,-0.0062815],[-78.2164185,-0.0056696],[-78.2162216,-0.0059967],[-78.2165059,-0.0064169],[-78.2165876,-0.0064251]]],[[[-78.2173986,-0.0059184],[-78.2176952,-0.0057835],[-78.2169501,-0.0046822],[-78.2167876,-0.0050154],[-78.2173986,-0.0059184]]],[[[-78.2182705,-0.0056368],[-78.2182701,-0.005498],[-78.2181778,-0.0053221],[-78.2172255,-0.0039639],[-78.2169774,-0.0046262],[-78.2172214,-0.0049869],[-78.2172224,-0.0047096],[-78.2171756,-0.0044683],[-78.2179977,-0.0056833],[-78.2181373,-0.0055949],[-78.2182705,-0.0056368]]],[[[-78.2171948,-0.0030374],[-78.2174154,-0.0028918],[-78.2181891,-0.0022545],[-78.2176159,-0.0017164],[-78.2167887,-0.0026572],[-78.2171948,-0.0030374]]],[[[-78.2140415,-0.0028099],[-78.2158159,-0.002448],[-78.2163433,-0.0024694],[-78.2164132,-0.002436],[-78.2161105,-0.002278],[-78.2156531,-0.0022149],[-78.2139879,-0.0025057],[-78.2140415,-0.0028099]]],[[[-78.214951,-0.0019075],[-78.2148644,-0.0015387],[-78.2154114,-0.0014783],[-78.2153219,-0.0013356],[-78.2152474,-0.0010907],[-78.2151432,-0.001101],[-78.2149072,-0.0010655],[-78.2147989,-0.0010871],[-78.2147697,-0.0011403],[-78.2144197,-0.001128],[-78.2139211,-0.0013672],[-78.2137726,-0.0013953],[-78.213751,-0.0013632],[-78.2136883,-0.0014066],[-78.2135814,-0.0015906],[-78.213549,-0.0016271],[-78.2133793,-0.0017051],[-78.2131421,-0.0017223],[-78.2131525,-0.0021434],[-78.2128726,-0.0021856],[-78.2128777,-0.0017499],[-78.2126194,-0.0017971],[-78.2121745,-0.0018371],[-78.2119936,-0.0017586],[-78.2117154,-0.0018229],[-78.2116267,-0.0019084],[-78.2114549,-0.001945],[-78.2112768,-0.0020373],[-78.2109816,-0.002094],[-78.2107918,-0.0020073],[-78.2107491,-0.002188],[-78.210808,-0.0024787],[-78.2108612,-0.0025896],[-78.2109904,-0.0027178],[-78.2112206,-0.0028282],[-78.211517,-0.0028412],[-78.2125453,-0.0026664],[-78.2125854,-0.0022288],[-78.2126221,-0.0022233],[-78.212582,-0.0026599],[-78.2155396,-0.0021627],[-78.2155057,-0.0018216],[-78.214951,-0.0019075]]],[[[-78.215723,-0.0016171],[-78.2158113,-0.0021453],[-78.216179,-0.0022321],[-78.2158605,-0.0007743],[-78.2154945,-0.0009801],[-78.215723,-0.0016171]]],[[[-78.2149068,-0.001061],[-78.2151435,-0.0010964],[-78.2152764,-0.0010795],[-78.2157656,-0.0007359],[-78.2163661,-0.0007112],[-78.2164221,-0.0006339],[-78.2165999,-0.0006074],[-78.2169953,-0.00041],[-78.2170368,-0.0004026],[-78.2170807,-0.000426],[-78.2170953,-0.0004616],[-78.2171204,-0.0004629],[-78.2170253,-0.000023],[-78.2167864,0.000546],[-78.2159936,0.0001585],[-78.2159724,0.0001883],[-78.2167708,0.0005785],[-78.2162275,0.0017584],[-78.2145734,0.0008874],[-78.2147635,0.0004912],[-78.215191,-0.0002534],[-78.2148981,-0.0003056],[-78.2148174,-0.0002643],[-78.2142376,0.0007132],[-78.2139086,0.000571],[-78.2142384,0.0000937],[-78.2141861,0.0000744],[-78.213828,0.0005612],[-78.2136597,0.0005],[-78.2135312,0.0004057],[-78.2134118,0.0003034],[-78.2132098,0.000049],[-78.2134865,-0.0004916],[-78.2136809,-0.0007617],[-78.2136302,-0.0007852],[-78.2135947,-0.0007304],[-78.2132787,-0.0008782],[-78.2135056,-0.0016426],[-78.2135706,-0.0015982],[-78.2136747,-0.0014185],[-78.2137179,-0.0013756],[-78.2137492,-0.001359],[-78.2140767,-0.00126],[-78.2143453,-0.0011161],[-78.2145879,-0.001084],[-78.2147006,-0.0011172],[-78.2147977,-0.0010827],[-78.2149068,-0.001061]]],[[[-78.2153784,0.0013768],[-78.2161921,0.0018041],[-78.2162119,0.0018561],[-78.2159068,0.002418],[-78.215655,0.0024849],[-78.215341,0.0025184],[-78.2149373,0.0022412],[-78.2153784,0.0013768]]],[[[-78.2171139,0.002244],[-78.2170617,0.0021815],[-78.2171745,0.0018477],[-78.2180568,0.0018746],[-78.2179285,0.0021823],[-78.2177538,0.0021164],[-78.2176492,0.0024103],[-78.2173538,0.0023646],[-78.2171139,0.002244]]],[[[-78.2170759,0.0022703],[-78.2168381,0.003159],[-78.2162037,0.0028837],[-78.2157697,0.0027748],[-78.2153816,0.002541],[-78.2156238,0.0025153],[-78.2159587,0.0024239],[-78.2162649,0.0018557],[-78.2165031,0.001831],[-78.2171235,0.0018635],[-78.2170031,0.0022249],[-78.2170759,0.0022703]]],[[[-78.2150845,0.0024706],[-78.21593,0.0029177],[-78.2173848,0.0034754],[-78.2171958,0.0038782],[-78.2169828,0.0038573],[-78.2169454,0.0039],[-78.2169467,0.0042938],[-78.2168795,0.0045642],[-78.2171562,0.0049191],[-78.2165403,0.0052031],[-78.2168374,0.0054099],[-78.2156077,0.005713],[-78.215312,0.0059113],[-78.2152857,0.0058748],[-78.2140993,0.0053493],[-78.2138928,0.0057567],[-78.2136449,0.0060761],[-78.2133041,0.0052937],[-78.2135108,0.0049869],[-78.2138649,0.0043005],[-78.2141674,0.0048815],[-78.2143355,0.0050975],[-78.2146092,0.004858],[-78.2147054,0.0046142],[-78.2147196,0.0044205],[-78.2145392,0.0039225],[-78.2141127,0.0038168],[-78.2135888,0.0035985],[-78.2134532,0.0038212],[-78.2131014,0.0036569],[-78.2128302,0.0040483],[-78.2112253,0.0029207],[-78.2110045,0.0026461],[-78.2123174,0.0017464],[-78.2128514,0.0021264],[-78.213612,0.0010355],[-78.2131008,0.0008214],[-78.2133923,0.0006022],[-78.213927,0.0014233],[-78.214182,0.0017074],[-78.2145782,0.0020732],[-78.2150845,0.0024706]]],[[[-78.2169641,0.0054959],[-78.2175859,0.0059104],[-78.2167053,0.0063391],[-78.2166567,0.0063232],[-78.2165166,0.0063829],[-78.2163076,0.0066851],[-78.2160929,0.0068974],[-78.2159917,0.0070584],[-78.2158778,0.0070138],[-78.2156022,0.0074755],[-78.215441,0.0076524],[-78.2153428,0.0077288],[-78.2151675,0.0077981],[-78.2147729,0.0078767],[-78.2146229,0.0076375],[-78.2148661,0.0075533],[-78.214982,0.0074615],[-78.2151415,0.0072655],[-78.2151819,0.0070142],[-78.2151924,0.00667],[-78.2151625,0.0064802],[-78.2151872,0.0062545],[-78.2152879,0.0060384],[-78.2156401,0.0057986],[-78.2167121,0.0055313],[-78.2169641,0.0054959]]],[[[-78.2149028,0.0081511],[-78.2147908,0.0079054],[-78.2151816,0.0078253],[-78.2155616,0.007656],[-78.2155,0.0077704],[-78.215309,0.0079443],[-78.215091,0.0080878],[-78.2149028,0.0081511]]],[[[-78.2152549,0.0082621],[-78.2151124,0.0084213],[-78.2149962,0.0084871],[-78.2149229,0.008228],[-78.2153558,0.007979],[-78.2155155,0.0078207],[-78.2152549,0.0082621]]],[[[-78.2144696,0.009234],[-78.2144561,0.0087371],[-78.2149456,0.0086628],[-78.214969,0.0092192],[-78.2144696,0.009234]]],[[[-78.2142627,0.0100893],[-78.2142734,0.0102158],[-78.2140112,0.0101785],[-78.2137467,0.0101956],[-78.2136993,0.009298],[-78.2147428,0.0092998],[-78.2147717,0.0100196],[-78.2145195,0.0100901],[-78.2142627,0.0100893]]],[[[-78.2129677,-0.0599353],[-78.2126989,-0.0605811],[-78.2140191,-0.0611084],[-78.2141275,-0.0606323],[-78.2143589,-0.0599173],[-78.2132609,-0.0593094],[-78.2131827,-0.0595709],[-78.2129677,-0.0599353]]],[[[-78.2132459,-0.0592132],[-78.2138554,-0.0584468],[-78.2144769,-0.0579365],[-78.2142213,-0.0580481],[-78.2137939,-0.0583573],[-78.2134781,-0.0586383],[-78.213113,-0.0590964],[-78.2127973,-0.0595834],[-78.2126435,-0.059909],[-78.2115945,-0.0596156],[-78.2115905,-0.0597358],[-78.2116817,-0.0601468],[-78.2124713,-0.0603576],[-78.2123952,-0.0604598],[-78.2126488,-0.0605611],[-78.2128118,-0.0601218],[-78.2131325,-0.0595508],[-78.2132459,-0.0592132]]],[[[-78.2114349,-0.059781],[-78.2115456,-0.059979],[-78.2114886,-0.0600953],[-78.2116348,-0.0601343],[-78.2115461,-0.0597438],[-78.2115609,-0.0596062],[-78.2114331,-0.0595705],[-78.2114349,-0.059781]]],[[[-78.2148944,-0.0574801],[-78.215071,-0.0569315],[-78.2137542,-0.0562001],[-78.2135578,-0.0567162],[-78.2148944,-0.0574801]]],[[[-78.2128693,-0.0558811],[-78.2124524,-0.0562996],[-78.2129337,-0.0568032],[-78.2133017,-0.0565506],[-78.2134091,-0.0564187],[-78.2128693,-0.0558811]]],[[[-78.2122037,-0.0560425],[-78.2124198,-0.0562686],[-78.2128373,-0.0558493],[-78.2126309,-0.0556437],[-78.2126012,-0.0557501],[-78.2125009,-0.0558906],[-78.2122988,-0.0559696],[-78.2122037,-0.0560425]]],[[[-78.2122339,-0.0555057],[-78.2110683,-0.0555096],[-78.2111332,-0.0561151],[-78.2119998,-0.0558353],[-78.2122339,-0.0555057]]],[[[-78.2121624,-0.0547521],[-78.2122802,-0.0543827],[-78.2109701,-0.0544587],[-78.2110205,-0.0549223],[-78.2121695,-0.0548657],[-78.2121624,-0.0547521]]],[[[-78.2131965,-0.050674],[-78.2119153,-0.0506889],[-78.211998,-0.0513928],[-78.2133357,-0.0513699],[-78.2132178,-0.0509518],[-78.2131965,-0.050674]]],[[[-78.2118568,-0.0502579],[-78.2109231,-0.0503119],[-78.2108665,-0.0506853],[-78.2119153,-0.0506889],[-78.2118568,-0.0502579]]],[[[-78.2123769,-0.0499781],[-78.213328,-0.0499792],[-78.2133326,-0.049759],[-78.2132547,-0.0492287],[-78.2108824,-0.0490668],[-78.2110124,-0.0496189],[-78.2110003,-0.0499071],[-78.2118625,-0.0499316],[-78.2118554,-0.0500155],[-78.2123792,-0.0500305],[-78.2123769,-0.0499781]]],[[[-78.2110464,-0.0469549],[-78.210968,-0.0471236],[-78.2107978,-0.0479364],[-78.2112816,-0.0479264],[-78.2112615,-0.0480536],[-78.2118848,-0.0480408],[-78.2119401,-0.0467599],[-78.2110464,-0.0469549]]],[[[-78.2129169,-0.0481033],[-78.2131663,-0.0468732],[-78.2131713,-0.0467614],[-78.2131213,-0.0465451],[-78.2119762,-0.0467477],[-78.2119059,-0.0483956],[-78.2129312,-0.0483902],[-78.2129169,-0.0481033]]],[[[-78.2116184,-0.0446386],[-78.2108166,-0.0443052],[-78.2104438,-0.0443351],[-78.2098975,-0.0446507],[-78.2093247,-0.044708],[-78.2089409,-0.0445894],[-78.2085182,-0.0443092],[-78.208285,-0.0442158],[-78.2081986,-0.0449166],[-78.2082255,-0.0450031],[-78.2080689,-0.0459648],[-78.2079572,-0.0470219],[-78.2099996,-0.0471365],[-78.2108228,-0.047004],[-78.2111744,-0.0460396],[-78.2116184,-0.0446386]]],[[[-78.212594,-0.0414735],[-78.2125463,-0.0414567],[-78.2125893,-0.0413182],[-78.2110027,-0.0411817],[-78.2109536,-0.0412221],[-78.211124,-0.0415118],[-78.2114268,-0.0421826],[-78.2114861,-0.0424777],[-78.2122439,-0.0426182],[-78.212594,-0.0414735]]],[[[-78.2117675,-0.039115],[-78.2116861,-0.0391775],[-78.2116325,-0.039273],[-78.2115971,-0.0397264],[-78.2114908,-0.0399368],[-78.2130023,-0.0401123],[-78.213721,-0.0377509],[-78.2130167,-0.0377089],[-78.2125296,-0.0384085],[-78.2121638,-0.0387193],[-78.2120061,-0.0389896],[-78.2119038,-0.0390718],[-78.2117675,-0.039115]]],[[[-78.2109036,-0.0394333],[-78.2109415,-0.039873],[-78.2112417,-0.0399079],[-78.2112858,-0.0398553],[-78.2113321,-0.0398567],[-78.211473,-0.0398896],[-78.2115739,-0.0397272],[-78.211598,-0.0392774],[-78.211641,-0.0391811],[-78.2117234,-0.0391012],[-78.2119688,-0.03897],[-78.2121554,-0.038669],[-78.2125127,-0.0383742],[-78.2129476,-0.0377048],[-78.2113332,-0.0375995],[-78.2113095,-0.0376924],[-78.2112533,-0.0377803],[-78.2110651,-0.0385646],[-78.2109866,-0.0387968],[-78.2109938,-0.0390923],[-78.2109036,-0.0394333]]],[[[-78.21068,-0.0385834],[-78.2108113,-0.0390104],[-78.2109482,-0.0392301],[-78.2109849,-0.0390909],[-78.2109715,-0.0388393],[-78.211,-0.0386918],[-78.2110565,-0.0385619],[-78.2112449,-0.0377768],[-78.2113013,-0.0376884],[-78.2113389,-0.0374983],[-78.2114247,-0.0373624],[-78.2115981,-0.0372476],[-78.2117421,-0.0369927],[-78.2119527,-0.03672],[-78.2109791,-0.0364459],[-78.2110158,-0.036546],[-78.2109938,-0.0366542],[-78.2108703,-0.0368622],[-78.2103356,-0.0373041],[-78.2097043,-0.0377082],[-78.2095094,-0.0379201],[-78.2092681,-0.038502],[-78.2091572,-0.0386773],[-78.2090307,-0.0387693],[-78.2084696,-0.0389307],[-78.2084305,-0.0389494],[-78.2084072,-0.0390318],[-78.2085801,-0.039353],[-78.2088955,-0.0393331],[-78.2099689,-0.0391563],[-78.2101344,-0.039209],[-78.2102126,-0.0393009],[-78.2103053,-0.0391635],[-78.2106732,-0.0382515],[-78.21068,-0.0385834]]],[[[-78.2129066,-0.0271129],[-78.2129396,-0.0270577],[-78.212999,-0.027076],[-78.213213,-0.0273384],[-78.2133118,-0.0273831],[-78.2134095,-0.0273225],[-78.2134996,-0.0270791],[-78.2136485,-0.0269372],[-78.2125844,-0.0266578],[-78.2128406,-0.026235],[-78.2139019,-0.0265641],[-78.2140246,-0.0263676],[-78.2129571,-0.0260184],[-78.2129411,-0.0260481],[-78.21234,-0.0258148],[-78.2116449,-0.0271334],[-78.2119901,-0.0273379],[-78.2122383,-0.0273476],[-78.2124522,-0.027398],[-78.2126255,-0.0273317],[-78.2128596,-0.0273972],[-78.2130345,-0.0273547],[-78.2130835,-0.0273113],[-78.2130185,-0.0271896],[-78.2129066,-0.0271129]]],[[[-78.2112533,-0.0268809],[-78.2119573,-0.0256143],[-78.2113263,-0.0252845],[-78.2112337,-0.0252821],[-78.211159,-0.0253526],[-78.2107345,-0.0260495],[-78.2106668,-0.026329],[-78.2108591,-0.0266018],[-78.2112533,-0.0268809]]],[[[-78.2129941,-0.0254901],[-78.2140008,-0.0258669],[-78.2148618,-0.0231845],[-78.2151004,-0.0227907],[-78.2152911,-0.0222588],[-78.2154643,-0.0214458],[-78.2154254,-0.0211297],[-78.2153668,-0.0209677],[-78.2152459,-0.0208348],[-78.2148353,-0.02064],[-78.2146979,-0.0206093],[-78.2135146,-0.0208305],[-78.2131424,-0.0209908],[-78.212941,-0.0209766],[-78.2128207,-0.0209066],[-78.212763,-0.0207981],[-78.2127679,-0.0205381],[-78.2129357,-0.0190526],[-78.2125972,-0.0181807],[-78.2125913,-0.0179546],[-78.2128386,-0.0173271],[-78.2130552,-0.0165404],[-78.213218,-0.0154222],[-78.2133232,-0.0151601],[-78.2150899,-0.0130041],[-78.2154476,-0.0127685],[-78.2161155,-0.0124345],[-78.2168813,-0.0116487],[-78.2174199,-0.0107678],[-78.2170591,-0.0105541],[-78.2167705,-0.0107747],[-78.2164655,-0.0107897],[-78.2161027,-0.010728],[-78.2159906,-0.0108256],[-78.2159191,-0.0110188],[-78.21574,-0.0111377],[-78.215651,-0.0111189],[-78.2155119,-0.0112473],[-78.2152722,-0.0113463],[-78.2149353,-0.0115889],[-78.214568,-0.0116982],[-78.2139124,-0.0116889],[-78.2136907,-0.0117945],[-78.2133604,-0.0121913],[-78.2128252,-0.0124341],[-78.2125259,-0.0124869],[-78.2116104,-0.0132575],[-78.2115857,-0.0135158],[-78.210746,-0.0145488],[-78.2100139,-0.0156859],[-78.2093485,-0.0163612],[-78.2074894,-0.018072],[-78.2068564,-0.0184688],[-78.2059887,-0.0197333],[-78.2051219,-0.020777],[-78.2054909,-0.0214789],[-78.2044066,-0.0223953],[-78.2048446,-0.0229671],[-78.2049139,-0.0231985],[-78.2048674,-0.023379],[-78.2050721,-0.0236005],[-78.205334,-0.0237805],[-78.2053971,-0.0237184],[-78.2057138,-0.0238238],[-78.2059244,-0.0238095],[-78.2070724,-0.0228592],[-78.2076673,-0.0234653],[-78.206936,-0.0240725],[-78.2069743,-0.0241339],[-78.2069974,-0.0242999],[-78.2069465,-0.0246028],[-78.2070852,-0.0246516],[-78.207306,-0.0248196],[-78.2073711,-0.0248936],[-78.2074307,-0.0250468],[-78.2075151,-0.025334],[-78.2075319,-0.025433],[-78.2076449,-0.0255289],[-78.2077379,-0.0256423],[-78.2077577,-0.0256716],[-78.207804,-0.025809],[-78.2078484,-0.0258801],[-78.2078578,-0.0259086],[-78.2078,-0.0258112],[-78.2077343,-0.0256449],[-78.2075277,-0.025435],[-78.2073673,-0.0248961],[-78.2072457,-0.0247842],[-78.2072689,-0.0248993],[-78.2069394,-0.0246307],[-78.2067622,-0.0249026],[-78.2068795,-0.0255001],[-78.2061646,-0.025757],[-78.2063287,-0.0258086],[-78.2069606,-0.0261699],[-78.2075772,-0.0264656],[-78.2080296,-0.0265739],[-78.2081757,-0.0265703],[-78.2086253,-0.026076],[-78.2088734,-0.0259089],[-78.2089561,-0.0260015],[-78.2086957,-0.0263375],[-78.2089865,-0.0262529],[-78.2093974,-0.0262415],[-78.2097896,-0.0261572],[-78.2101785,-0.025505],[-78.2103473,-0.0254146],[-78.2107444,-0.0253764],[-78.2110892,-0.0252884],[-78.2112342,-0.0252118],[-78.2114487,-0.0249568],[-78.2116956,-0.0251012],[-78.2115598,-0.0253662],[-78.2119717,-0.0255883],[-78.2121469,-0.0252656],[-78.2125836,-0.0253574],[-78.2123519,-0.0257922],[-78.2125018,-0.0258565],[-78.2127479,-0.025944],[-78.2129941,-0.0254901]]],[[[-78.2133505,-0.0121027],[-78.2135919,-0.0118011],[-78.2137339,-0.0117035],[-78.2139156,-0.0116396],[-78.2144041,-0.0116157],[-78.2135015,-0.0100943],[-78.2144389,-0.0095294],[-78.2140096,-0.0094676],[-78.2133325,-0.0094725],[-78.2129715,-0.0094088],[-78.212268,-0.0093548],[-78.2119073,-0.0092666],[-78.213157,-0.0115611],[-78.2128238,-0.0113574],[-78.2110261,-0.0096985],[-78.2104197,-0.0103893],[-78.2103119,-0.0105583],[-78.2131154,-0.0122263],[-78.2133505,-0.0121027]]],[[[-78.2108808,-0.0097655],[-78.2112396,-0.0094185],[-78.2117149,-0.0090393],[-78.2126029,-0.0086246],[-78.211812,-0.0074146],[-78.2115828,-0.0076172],[-78.2118748,-0.0080692],[-78.2116811,-0.0083986],[-78.2112381,-0.008657],[-78.2109198,-0.0089727],[-78.2104739,-0.0086034],[-78.210294,-0.0088639],[-78.2107278,-0.0092492],[-78.2106133,-0.0094172],[-78.2108808,-0.0097655]]],[[[-78.212192,-0.0067306],[-78.2120403,-0.006104],[-78.2121092,-0.0060541],[-78.2121701,-0.0060553],[-78.2133936,-0.0048715],[-78.2131967,-0.0046883],[-78.2130343,-0.0046433],[-78.2128182,-0.0046361],[-78.2125269,-0.0047056],[-78.2125977,-0.0048618],[-78.2121298,-0.0051532],[-78.2120947,-0.0050755],[-78.2120415,-0.0051135],[-78.2114496,-0.0039158],[-78.2112964,-0.0039848],[-78.210931,-0.0040738],[-78.2107116,-0.0040738],[-78.2105317,-0.0042005],[-78.2100095,-0.0051801],[-78.2102987,-0.0053036],[-78.2099999,-0.0057625],[-78.2100992,-0.0059803],[-78.2098839,-0.0064566],[-78.2099152,-0.0064884],[-78.2095209,-0.0070091],[-78.2090827,-0.0072923],[-78.2089087,-0.0070893],[-78.2082572,-0.00819],[-78.2078112,-0.008811],[-78.2087492,-0.0099255],[-78.209235,-0.0095704],[-78.2097193,-0.0091438],[-78.2098765,-0.0089756],[-78.2100695,-0.008691],[-78.2101805,-0.0087838],[-78.2102346,-0.008708],[-78.2103664,-0.0086637],[-78.2104421,-0.0085755],[-78.2103253,-0.0084607],[-78.2106885,-0.0080755],[-78.2104382,-0.007901],[-78.2113209,-0.0066804],[-78.2116927,-0.0069248],[-78.2117886,-0.0070929],[-78.2119177,-0.0070163],[-78.212192,-0.0067306]]],[[[-78.2110888,-0.0028881],[-78.2108103,-0.002695],[-78.2107188,-0.0030714],[-78.21068,-0.003392],[-78.2106707,-0.0040385],[-78.2110376,-0.004021],[-78.2113263,-0.0039401],[-78.2116015,-0.0037832],[-78.2113175,-0.0029302],[-78.2110888,-0.0028881]]],[[[-78.2131102,-0.0017213],[-78.2127955,-0.000727],[-78.2130427,-0.0004253],[-78.2129297,-0.0002083],[-78.2126376,-0.0006984],[-78.2123466,-0.0009725],[-78.2126265,-0.0017915],[-78.2129103,-0.0017389],[-78.2131102,-0.0017213]]],[[[-78.2125151,-0.0007118],[-78.2128445,-0.0002756],[-78.2128229,-0.0002518],[-78.2125728,-0.0004349],[-78.212151,-0.0006738],[-78.2121169,-0.0007209],[-78.2122379,-0.0009052],[-78.2125151,-0.0007118]]],[[[-78.2110136,-0.0001561],[-78.2108374,-0.000284],[-78.2103053,0.0005395],[-78.2100868,0.0015054],[-78.2092621,0.0007601],[-78.2096368,0.0001324],[-78.2094621,0.0000145],[-78.2086126,-0.0004215],[-78.2094771,-0.0016469],[-78.2098956,-0.0015621],[-78.2105462,-0.0012948],[-78.2109181,-0.0011956],[-78.2109453,-0.0011659],[-78.2107715,-0.0008883],[-78.2112776,-0.000488],[-78.2110136,-0.0001561]]],[[[-78.2115023,0.0002133],[-78.2117147,0.0003903],[-78.2120721,-0.0001355],[-78.2118943,-0.0002824],[-78.2121035,-0.0006206],[-78.2121337,-0.0006281],[-78.2126194,-0.0003532],[-78.2127848,-0.0002098],[-78.212494,0.0001109],[-78.2128499,0.0004547],[-78.2131027,0.0001884],[-78.2133631,0.0005683],[-78.2130698,0.0008138],[-78.2127371,0.0013074],[-78.2122511,0.0010044],[-78.21214,0.0011424],[-78.2115038,0.0009695],[-78.2111507,0.0007948],[-78.2108238,0.0007012],[-78.2112219,0.0000056],[-78.2110584,-0.0001193],[-78.2116585,-0.0008885],[-78.2120343,-0.000665],[-78.2115461,0.0000884],[-78.2115023,0.0002133]]],[[[-78.2136298,0.0005563],[-78.2142075,0.0007698],[-78.2146661,0.0010065],[-78.2144818,0.0013778],[-78.2144054,0.0013312],[-78.2142246,0.0016413],[-78.2139236,0.0012509],[-78.21346,0.0005416],[-78.2135197,0.0004758],[-78.2136298,0.0005563]]],[[[-78.2108423,0.0066068],[-78.2106367,0.006463],[-78.2108894,0.0061645],[-78.211062,0.0063212],[-78.2108423,0.0066068]]],[[[-78.2125437,0.0071672],[-78.2115488,0.0065958],[-78.2118649,0.0062147],[-78.2119455,0.0062946],[-78.2134151,0.0071951],[-78.2132417,0.0075214],[-78.2125437,0.0071672]]],[[[-78.2115185,0.0066324],[-78.2124624,0.0071968],[-78.2135178,0.0076922],[-78.2133931,0.0080721],[-78.2121147,0.007686],[-78.2110458,0.0072024],[-78.2115185,0.0066324]]],[[[-78.2140634,0.0081816],[-78.2137811,0.0081425],[-78.2138653,0.0078738],[-78.2141435,0.0079854],[-78.2140634,0.0081816]]],[[[-78.2142237,0.0080087],[-78.2144914,0.0080382],[-78.2144679,0.0082242],[-78.2141654,0.0081963],[-78.2142237,0.0080087]]],[[[-78.2133716,0.0081323],[-78.2131699,0.0086965],[-78.2122231,0.0087832],[-78.2121432,0.0087313],[-78.2123735,0.0078545],[-78.2133716,0.0081323]]],[[[-78.2138656,0.0086446],[-78.2136338,0.0086613],[-78.2137643,0.008196],[-78.2140401,0.0082388],[-78.2138656,0.0086446]]],[[[-78.2144202,0.0086017],[-78.2140297,0.0086325],[-78.214147,0.0082554],[-78.2144606,0.0082823],[-78.2144202,0.0086017]]],[[[-78.2123876,0.0095639],[-78.2122546,0.0094565],[-78.2124452,0.0088937],[-78.2137491,0.0087933],[-78.2137501,0.0092022],[-78.2123876,0.0095639]]],[[[-78.2130022,0.0103298],[-78.2129079,0.0094921],[-78.2131868,0.0094208],[-78.2131866,0.0097453],[-78.2132566,0.0102963],[-78.213165,0.0102868],[-78.2130022,0.0103298]]],[[[-78.2140553,0.0110563],[-78.2138953,0.0109875],[-78.2134932,0.01041],[-78.2138045,0.0103647],[-78.2141569,0.0108896],[-78.2141175,0.0110386],[-78.2140553,0.0110563]]],[[[-78.2121579,0.0118509],[-78.2116536,0.0123819],[-78.2113384,0.0120784],[-78.2111537,0.0123057],[-78.2109346,0.0119015],[-78.2102827,0.0122638],[-78.2105791,0.0128546],[-78.21019,0.0123312],[-78.2102754,0.0122691],[-78.2101886,0.0121184],[-78.210216,0.0120773],[-78.21012,0.0118913],[-78.2100879,0.0119076],[-78.2101637,0.012075],[-78.2100748,0.0121493],[-78.2098515,0.0118819],[-78.2100168,0.0117679],[-78.2098086,0.0114381],[-78.2095896,0.0115873],[-78.2090301,0.010823],[-78.2093337,0.0106158],[-78.2093982,0.010732],[-78.2093699,0.0107544],[-78.209488,0.0109154],[-78.2094356,0.0109519],[-78.2095823,0.0112223],[-78.21007,0.0108778],[-78.2103703,0.0110554],[-78.2103959,0.0110304],[-78.2101957,0.010922],[-78.21002,0.0107691],[-78.2104521,0.0104151],[-78.2107517,0.010694],[-78.2104706,0.0109574],[-78.2107945,0.0116164],[-78.2114969,0.0108317],[-78.2116323,0.0111302],[-78.2119575,0.0114758],[-78.2121579,0.0118509]]],[[[-78.2119267,0.0137575],[-78.2114176,0.0140076],[-78.2110997,0.0135047],[-78.2117182,0.0131785],[-78.2119267,0.0137575]]],[[[-78.2117659,0.0138773],[-78.2120324,0.0142989],[-78.2124829,0.0141395],[-78.2135648,0.0144085],[-78.2136519,0.0146339],[-78.2138955,0.0149699],[-78.2140303,0.0152395],[-78.2140675,0.0153824],[-78.2141351,0.0154381],[-78.2141357,0.0155778],[-78.2144033,0.0159935],[-78.214163,0.0161914],[-78.2138542,0.0165458],[-78.2137058,0.016773],[-78.2136777,0.0169668],[-78.2137157,0.017115],[-78.2143664,0.0180427],[-78.2145932,0.0186201],[-78.2145985,0.0190033],[-78.2145344,0.0191706],[-78.2145094,0.0196763],[-78.2143135,0.0202513],[-78.2142316,0.0203984],[-78.2140143,0.020384],[-78.2138361,0.0202298],[-78.2134562,0.0194315],[-78.2133469,0.0192976],[-78.2130999,0.0192115],[-78.2129004,0.0192593],[-78.2123827,0.0195749],[-78.2117569,0.0198442],[-78.2116572,0.0198585],[-78.2113401,0.019794],[-78.2110774,0.0198294],[-78.2107991,0.0197374],[-78.2107264,0.0196928],[-78.210096,0.0189589],[-78.2097608,0.01864],[-78.2093414,0.0184186],[-78.2091189,0.0182169],[-78.2082668,0.0178832],[-78.2081214,0.0176337],[-78.2077736,0.0173837],[-78.2067206,0.0168264],[-78.2074825,0.0162504],[-78.2076886,0.0162234],[-78.2079662,0.0162792],[-78.2086439,0.0162962],[-78.2092529,0.0164202],[-78.2100557,0.0167012],[-78.2105198,0.0169882],[-78.2107581,0.0169481],[-78.2110253,0.0169589],[-78.2111286,0.0169087],[-78.2112355,0.0167831],[-78.2113636,0.0161058],[-78.2113585,0.0148481],[-78.2117795,0.014505],[-78.2115643,0.01398],[-78.2117659,0.0138773]]],[[[-78.2113726,0.0140747],[-78.2114489,0.0142958],[-78.2114409,0.0144013],[-78.2113141,0.0148048],[-78.211289,0.0147364],[-78.2110978,0.0145507],[-78.210981,0.0145294],[-78.2108941,0.0149421],[-78.2102898,0.0147765],[-78.2103162,0.0142118],[-78.2101314,0.0142891],[-78.2098504,0.0142286],[-78.210913,0.0135969],[-78.2111009,0.0141182],[-78.2107561,0.0141479],[-78.2107631,0.0141868],[-78.2112225,0.0141278],[-78.2113726,0.0140747]]],[[[-78.2088124,-0.0629217],[-78.2085037,-0.0631548],[-78.2083731,-0.0631548],[-78.2080643,-0.0633281],[-78.2074634,-0.0635923],[-78.2072069,-0.0636162],[-78.2065369,-0.063596],[-78.2058497,-0.0637877],[-78.2058106,-0.0638415],[-78.2064579,-0.064679],[-78.2069195,-0.065163],[-78.2071532,-0.0654557],[-78.2072862,-0.0655379],[-78.2074499,-0.0655381],[-78.2101813,-0.0619863],[-78.2099495,-0.0618541],[-78.2097171,-0.0618139],[-78.2094995,-0.0618392],[-78.2092522,-0.0619403],[-78.2087932,-0.0624029],[-78.208544,-0.0628089],[-78.2084359,-0.0628686],[-78.2089622,-0.0627442],[-78.2088124,-0.0629217]]],[[[-78.2094809,-0.061792],[-78.2081939,-0.0614438],[-78.2076362,-0.0617912],[-78.2072937,-0.0622844],[-78.2065244,-0.0602127],[-78.2064457,-0.0603996],[-78.2061694,-0.0607908],[-78.2062201,-0.0609527],[-78.2072031,-0.0624727],[-78.2076399,-0.0628102],[-78.2077768,-0.0628658],[-78.2082758,-0.0628791],[-78.208439,-0.0628201],[-78.2085593,-0.0626931],[-78.2087561,-0.0623747],[-78.2091543,-0.0619574],[-78.2094809,-0.061792]]],[[[-78.208357,-0.0604934],[-78.2083274,-0.0610256],[-78.2083326,-0.0614228],[-78.2083604,-0.0614586],[-78.20848,-0.0612209],[-78.2084958,-0.0610657],[-78.2085421,-0.0609669],[-78.2088997,-0.0605772],[-78.2090081,-0.0604979],[-78.2090117,-0.0604001],[-78.2091405,-0.0602212],[-78.2091646,-0.060035],[-78.2092665,-0.0599079],[-78.2093217,-0.0597383],[-78.2093896,-0.0596334],[-78.2092047,-0.0596211],[-78.209082,-0.059678],[-78.2084348,-0.0598218],[-78.2083233,-0.0599343],[-78.208357,-0.0604934]]],[[[-78.2097997,-0.0588798],[-78.209694,-0.0592131],[-78.2094947,-0.05941],[-78.2092921,-0.0598512],[-78.210568,-0.0600683],[-78.2104327,-0.058475],[-78.2102717,-0.0585426],[-78.2101391,-0.0587263],[-78.2100646,-0.0587741],[-78.2099776,-0.0587507],[-78.2099348,-0.0588251],[-78.2097997,-0.0588798]]],[[[-78.2100869,-0.0586161],[-78.2100364,-0.0586667],[-78.2100682,-0.0586532],[-78.2102183,-0.0584548],[-78.2104233,-0.0583712],[-78.2103899,-0.0580019],[-78.2102828,-0.0581706],[-78.210206,-0.058217],[-78.2100869,-0.0586161]]],[[[-78.2094295,-0.0580426],[-78.2091207,-0.0565832],[-78.2089375,-0.0568281],[-78.2086844,-0.0563774],[-78.2081456,-0.0552756],[-78.2080861,-0.0553965],[-78.208163,-0.0556934],[-78.2082483,-0.0577874],[-78.2086835,-0.0571509],[-78.2090832,-0.058495],[-78.2094295,-0.0580426]]],[[[-78.2110784,-0.0567124],[-78.2101621,-0.0562403],[-78.2099903,-0.0570185],[-78.2099593,-0.0573528],[-78.2098968,-0.0575006],[-78.2109338,-0.0573166],[-78.2110502,-0.0569229],[-78.2110784,-0.0567124]]],[[[-78.2098393,-0.0555662],[-78.2086752,-0.0546209],[-78.208399,-0.0549507],[-78.209413,-0.05616],[-78.2098393,-0.0555662]]],[[[-78.209257,-0.0538304],[-78.2089435,-0.0542413],[-78.2101771,-0.0550217],[-78.2102096,-0.0541912],[-78.209257,-0.0538304]]],[[[-78.2112654,-0.0528407],[-78.2108971,-0.051708],[-78.210332,-0.051554],[-78.2101182,-0.0519746],[-78.2101593,-0.0520542],[-78.2102845,-0.0528297],[-78.2103785,-0.053204],[-78.2112356,-0.0533759],[-78.2112882,-0.0531004],[-78.2112654,-0.0528407]]],[[[-78.210261,-0.0531685],[-78.2100626,-0.0521055],[-78.209911,-0.052581],[-78.2097119,-0.053032],[-78.210261,-0.0531685]]],[[[-78.2100345,-0.0519464],[-78.2099769,-0.0514525],[-78.2091377,-0.0512423],[-78.2098563,-0.0524951],[-78.2095451,-0.0525583],[-78.2097376,-0.0528557],[-78.2100809,-0.0519556],[-78.2100345,-0.0519464]]],[[[-78.210132,-0.0518524],[-78.2102863,-0.051541],[-78.210083,-0.0514834],[-78.2101118,-0.0516451],[-78.210132,-0.0518524]]],[[[-78.2107704,-0.051326],[-78.2107297,-0.0511393],[-78.210761,-0.0509071],[-78.2106651,-0.0508864],[-78.2104882,-0.0512419],[-78.2107704,-0.051326]]],[[[-78.2099851,-0.0507456],[-78.2100292,-0.0511229],[-78.2104377,-0.0512268],[-78.2106087,-0.0508762],[-78.2099851,-0.0507456]]],[[[-78.208844,-0.0508219],[-78.2099294,-0.0510812],[-78.2099072,-0.0508506],[-78.2098378,-0.0507148],[-78.2085776,-0.050451],[-78.208844,-0.0508219]]],[[[-78.2109686,-0.0496362],[-78.2106514,-0.0484302],[-78.2108077,-0.0475849],[-78.2099958,-0.0476368],[-78.2079008,-0.0476064],[-78.2077688,-0.0488148],[-78.2083291,-0.0488542],[-78.2087864,-0.0487315],[-78.2089453,-0.0487278],[-78.209154,-0.0487932],[-78.2092588,-0.0489577],[-78.2093942,-0.0490822],[-78.2095029,-0.0494359],[-78.2097783,-0.0499632],[-78.2109009,-0.050137],[-78.2109686,-0.0496362]]],[[[-78.209419,-0.0446489],[-78.2099167,-0.0445954],[-78.2103539,-0.0443281],[-78.2108595,-0.044248],[-78.2115398,-0.0445282],[-78.2116841,-0.0444274],[-78.2117795,-0.0441047],[-78.2117182,-0.0440087],[-78.2118377,-0.0439161],[-78.2118962,-0.0437275],[-78.2107999,-0.0435806],[-78.209351,-0.0433201],[-78.2092753,-0.0434082],[-78.2090486,-0.0435866],[-78.2088979,-0.0436711],[-78.2087749,-0.0437175],[-78.2087199,-0.0437096],[-78.2086522,-0.0436765],[-78.2085334,-0.0435644],[-78.2083575,-0.0438304],[-78.2082893,-0.044188],[-78.2085336,-0.0442529],[-78.2088585,-0.0444729],[-78.209077,-0.0445705],[-78.209419,-0.0446489]]],[[[-78.2087794,-0.0422572],[-78.2089109,-0.0428512],[-78.2087808,-0.0431717],[-78.2085384,-0.0435565],[-78.2086572,-0.0436689],[-78.2087739,-0.0437082],[-78.2090436,-0.043579],[-78.2092691,-0.0434016],[-78.2094575,-0.043167],[-78.2096609,-0.0428509],[-78.2098416,-0.0418633],[-78.2098307,-0.0416914],[-78.2103881,-0.0413335],[-78.2103405,-0.0412626],[-78.2103438,-0.0411306],[-78.2105478,-0.0407086],[-78.2103687,-0.0405028],[-78.2103589,-0.0403719],[-78.2104105,-0.0401622],[-78.2103948,-0.03997],[-78.2103288,-0.0397711],[-78.2102195,-0.039606],[-78.2101755,-0.0393534],[-78.2100972,-0.0392561],[-78.2100596,-0.0392296],[-78.2097859,-0.0392396],[-78.2094088,-0.0393371],[-78.2094055,-0.0392856],[-78.2088948,-0.0393415],[-78.2085763,-0.0393627],[-78.2085126,-0.03925],[-78.2085833,-0.0396046],[-78.2085197,-0.0397934],[-78.2084567,-0.0398813],[-78.2081875,-0.0398239],[-78.2081022,-0.0396196],[-78.2081011,-0.0395157],[-78.2076631,-0.0393766],[-78.2072477,-0.0393838],[-78.2072444,-0.0389857],[-78.2070682,-0.0390032],[-78.2070756,-0.0394058],[-78.2067687,-0.0394218],[-78.2067609,-0.0390305],[-78.2066056,-0.0390604],[-78.2066061,-0.0394161],[-78.2065574,-0.0394144],[-78.2065776,-0.0394594],[-78.2065904,-0.039747],[-78.2065726,-0.0394598],[-78.2064541,-0.0391827],[-78.206337,-0.0391439],[-78.2061634,-0.0390106],[-78.2060403,-0.0390767],[-78.2057067,-0.039087],[-78.2055471,-0.0391968],[-78.2053749,-0.0394603],[-78.2055313,-0.0401939],[-78.2055726,-0.040243],[-78.2063782,-0.0401605],[-78.2065965,-0.0401941],[-78.2067194,-0.040335],[-78.2072316,-0.040287],[-78.207444,-0.0403045],[-78.2076089,-0.0405956],[-78.2076516,-0.0412944],[-78.2077006,-0.0413889],[-78.2077787,-0.0414295],[-78.2079619,-0.0413812],[-78.2082596,-0.0414235],[-78.2083696,-0.0414021],[-78.2084638,-0.0413072],[-78.2085729,-0.0411073],[-78.2086068,-0.0411181],[-78.2084745,-0.041332],[-78.2083594,-0.0414444],[-78.2080042,-0.0414076],[-78.2077768,-0.0414545],[-78.2076845,-0.0414331],[-78.2076072,-0.0412911],[-78.2075502,-0.0408875],[-78.2075502,-0.0406101],[-78.2074267,-0.0403557],[-78.2072899,-0.0403175],[-78.2067139,-0.0403898],[-78.2066057,-0.0403232],[-78.2067544,-0.0406503],[-78.2068445,-0.040735],[-78.2068793,-0.0409939],[-78.2066125,-0.0412706],[-78.2066138,-0.0414626],[-78.2065622,-0.0416295],[-78.2069421,-0.0420336],[-78.2074609,-0.0421024],[-78.2074951,-0.0419494],[-78.208413,-0.0420799],[-78.2087794,-0.0422572]]],[[[-78.2108863,-0.0418776],[-78.2108933,-0.041622],[-78.210852,-0.041282],[-78.210458,-0.0413553],[-78.2104511,-0.0415576],[-78.2103688,-0.0416738],[-78.2100086,-0.041775],[-78.2099619,-0.0418641],[-78.2099232,-0.0421921],[-78.2112052,-0.0424256],[-78.2108863,-0.0418776]]],[[[-78.2081966,-0.038563],[-78.2083413,-0.0389268],[-78.2084485,-0.0388616],[-78.2089794,-0.0387335],[-78.2091036,-0.0386679],[-78.2092131,-0.038499],[-78.2094399,-0.0379267],[-78.2096761,-0.0376801],[-78.2103513,-0.0372151],[-78.2108084,-0.0368404],[-78.2109064,-0.0367121],[-78.2109493,-0.0364982],[-78.2108349,-0.0364501],[-78.2095585,-0.0362881],[-78.209402,-0.0363242],[-78.2090182,-0.0370484],[-78.208851,-0.0371568],[-78.2088605,-0.0372347],[-78.2087858,-0.0373457],[-78.2087783,-0.0373783],[-78.2091592,-0.0374582],[-78.2089953,-0.0376945],[-78.2088697,-0.0381249],[-78.2087684,-0.0382687],[-78.2085497,-0.0384345],[-78.2083238,-0.0384766],[-78.2081966,-0.038563]]],[[[-78.2103131,-0.0087212],[-78.210239,-0.0087715],[-78.2102053,-0.0088045],[-78.210248,-0.0088401],[-78.2103131,-0.0087212]]],[[[-78.2083462,-0.0076857],[-78.2082482,-0.0078541],[-78.2082206,-0.007983],[-78.208053,-0.0080955],[-78.2078966,-0.0083554],[-78.2076652,-0.0085658],[-78.2076648,-0.008637],[-78.207781,-0.0087751],[-78.2080354,-0.0084469],[-78.2088236,-0.0071645],[-78.2088805,-0.0070562],[-78.2088031,-0.0069663],[-78.2086516,-0.0070466],[-78.2084347,-0.0072408],[-78.2083962,-0.0073202],[-78.208378,-0.0075299],[-78.2083462,-0.0076857]]],[[[-78.209008,-0.0065256],[-78.2080593,-0.0059322],[-78.2082624,-0.0057487],[-78.2090954,-0.0062041],[-78.2092056,-0.0061067],[-78.2092709,-0.0058522],[-78.2093867,-0.0056608],[-78.2080794,-0.0050953],[-78.2081596,-0.0048351],[-78.2086267,-0.005032],[-78.2087579,-0.0046001],[-78.2082504,-0.0044539],[-78.2076098,-0.0043892],[-78.2071605,-0.0044007],[-78.2068457,-0.0054668],[-78.2077194,-0.0056805],[-78.207549,-0.0058864],[-78.2088424,-0.0067867],[-78.2088713,-0.0066088],[-78.209008,-0.0065256]]],[[[-78.2091738,-0.0052402],[-78.2095335,-0.005385],[-78.2096265,-0.0049856],[-78.2095906,-0.004758],[-78.2095308,-0.0046769],[-78.2094323,-0.0047134],[-78.2091897,-0.0046778],[-78.2092233,-0.0050258],[-78.2091738,-0.0052402]]],[[[-78.2095343,-0.004674],[-78.2095946,-0.004756],[-78.2096118,-0.004812],[-78.2096282,-0.0049275],[-78.2096257,-0.0050162],[-78.2099299,-0.0051461],[-78.2104386,-0.0041483],[-78.2100143,-0.0042969],[-78.2098846,-0.0043715],[-78.2095343,-0.004674]]],[[[-78.2092949,-0.0043049],[-78.2091492,-0.0040332],[-78.2091161,-0.0038633],[-78.2091358,-0.0037427],[-78.209206,-0.0036202],[-78.2092058,-0.0032646],[-78.2093171,-0.0029808],[-78.2099796,-0.0024015],[-78.2099622,-0.0022245],[-78.2100506,-0.0021423],[-78.2100369,-0.0020224],[-78.2099328,-0.0020336],[-78.2096817,-0.0020052],[-78.2095801,-0.0020395],[-78.2093627,-0.0022973],[-78.2092813,-0.0023319],[-78.2091909,-0.0024339],[-78.2089892,-0.0025244],[-78.2088712,-0.0026591],[-78.208765,-0.0027634],[-78.2086987,-0.002806],[-78.2085678,-0.003015],[-78.208011,-0.0032592],[-78.2076569,-0.0033235],[-78.2074243,-0.0033258],[-78.2071956,-0.0035471],[-78.2071149,-0.0037296],[-78.2069228,-0.0038705],[-78.2067983,-0.0038685],[-78.2064007,-0.0036598],[-78.2061245,-0.0036619],[-78.2061212,-0.0037653],[-78.2059779,-0.0039935],[-78.2060102,-0.0043268],[-78.2068582,-0.004352],[-78.2081634,-0.0042824],[-78.2083208,-0.0040759],[-78.2082444,-0.0038477],[-78.2082652,-0.0034826],[-78.2082059,-0.0033006],[-78.2082147,-0.0032457],[-78.208277,-0.0031916],[-78.2087088,-0.0029952],[-78.2090888,-0.0035948],[-78.2090548,-0.0036069],[-78.2087173,-0.0030373],[-78.2082649,-0.0032431],[-78.2082416,-0.0032941],[-78.2083025,-0.0035156],[-78.20828,-0.0038428],[-78.2083567,-0.004078],[-78.208199,-0.0042948],[-78.2082061,-0.0043991],[-78.208817,-0.0045581],[-78.2093851,-0.0046642],[-78.209495,-0.0046456],[-78.2093891,-0.004606],[-78.2092949,-0.0043049]]],[[[-78.2105084,-0.0040634],[-78.2106127,-0.0040394],[-78.2106128,-0.0039678],[-78.2104909,-0.0039933],[-78.2105084,-0.0040634]]],[[[-78.2085648,-0.0030114],[-78.2086955,-0.0028027],[-78.2088428,-0.0026809],[-78.2085672,-0.0023467],[-78.2083331,-0.0025044],[-78.2081248,-0.0025873],[-78.2084122,-0.0030673],[-78.2085648,-0.0030114]]],[[[-78.2091994,-0.0024223],[-78.2092788,-0.0023281],[-78.2093918,-0.0022621],[-78.2091179,-0.0018619],[-78.2087555,-0.0021549],[-78.2089848,-0.0025227],[-78.2091994,-0.0024223]]],[[[-78.2097269,-0.0020009],[-78.2100426,-0.002017],[-78.2101674,-0.0019434],[-78.2103663,-0.0019454],[-78.2105501,-0.001881],[-78.2107648,-0.0019308],[-78.2111726,-0.0015226],[-78.2110001,-0.0012498],[-78.2106511,-0.0013121],[-78.2099233,-0.0016121],[-78.2095103,-0.0016939],[-78.2097269,-0.0020009]]],[[[-78.2087293,-0.0021128],[-78.2090876,-0.0018175],[-78.2082572,-0.0006039],[-78.2086126,-0.0004215],[-78.2078325,0.0006073],[-78.2080315,0.0007184],[-78.2077986,0.0007128],[-78.2076058,0.0005525],[-78.2074496,0.000528],[-78.2074614,0.0004811],[-78.2074243,0.0004239],[-78.2063431,-0.0001593],[-78.207095,-0.0013038],[-78.2073992,-0.0011273],[-78.2083246,-0.0024528],[-78.2085356,-0.0023084],[-78.2075032,-0.0010568],[-78.2079023,-0.0007861],[-78.2087293,-0.0021128]]],[[[-78.208605,0.0015208],[-78.2089945,0.0017504],[-78.2085366,0.0025091],[-78.2082398,0.0022847],[-78.208605,0.0015208]]],[[[-78.2084996,0.002553],[-78.2080234,0.0033542],[-78.2085884,0.0037879],[-78.208336,0.0041814],[-78.2079198,0.0038942],[-78.2072231,0.0037399],[-78.2073019,0.0037009],[-78.2073836,0.0035419],[-78.2075216,0.0031059],[-78.2075497,0.0028247],[-78.2076639,0.0025995],[-78.2072594,0.0025243],[-78.2065666,0.0029995],[-78.2065675,0.0033119],[-78.2064901,0.0034839],[-78.2066583,0.003705],[-78.2063709,0.0039432],[-78.2054314,0.0028122],[-78.2050483,0.002915],[-78.2047347,0.0024565],[-78.2046519,0.0022523],[-78.2046081,0.0023066],[-78.2043135,0.0018224],[-78.2046994,0.0013432],[-78.2051714,0.0016495],[-78.2052495,0.00143],[-78.2060712,0.0018313],[-78.2064315,0.0019604],[-78.2073372,0.0020302],[-78.2078768,0.0021591],[-78.2077364,0.002613],[-78.2080149,0.0027553],[-78.2082152,0.0023363],[-78.2084996,0.002553]]],[[[-78.2097464,0.0037752],[-78.2090862,0.0047268],[-78.2089144,0.0046411],[-78.208695,0.0044556],[-78.2095095,0.0035258],[-78.2097464,0.0037752]]],[[[-78.2079957,0.0039952],[-78.2090297,0.0047494],[-78.2094434,0.00489],[-78.2096012,0.0050344],[-78.2089375,0.0058589],[-78.2087024,0.0055702],[-78.2087781,0.0054301],[-78.2087895,0.005344],[-78.2086964,0.005191],[-78.2084503,0.0049896],[-78.2082057,0.0048648],[-78.2081093,0.0049663],[-78.2075355,0.0044526],[-78.2077946,0.003901],[-78.2079957,0.0039952]]],[[[-78.2099634,0.0068229],[-78.2106856,0.0060041],[-78.2108681,0.0061478],[-78.2102622,0.0068613],[-78.2099634,0.0068229]]],[[[-78.2095007,0.0067416],[-78.2092909,0.0066928],[-78.2102961,0.0057209],[-78.2104919,0.0058752],[-78.2098617,0.006511],[-78.2095007,0.0067416]]],[[[-78.20864,0.0065969],[-78.2084904,0.0062325],[-78.2089375,0.0058589],[-78.2091906,0.0061741],[-78.2087673,0.0065845],[-78.20864,0.0065969]]],[[[-78.2093326,0.007057],[-78.2093313,0.0073529],[-78.2093689,0.0074235],[-78.2090546,0.0071798],[-78.2089024,0.0071334],[-78.2088415,0.0069181],[-78.2086383,0.0066889],[-78.209151,0.0067285],[-78.2093779,0.0067873],[-78.2093326,0.007057]]],[[[-78.2102679,0.0073768],[-78.2102535,0.0076588],[-78.2100597,0.0076394],[-78.2099594,0.0071522],[-78.2101455,0.0071134],[-78.2102679,0.0073768]]],[[[-78.2087801,0.0073931],[-78.2089393,0.0076352],[-78.2087975,0.0077751],[-78.2090394,0.0081436],[-78.2088832,0.008263],[-78.208649,0.0079217],[-78.2083714,0.0081956],[-78.208576,0.0084976],[-78.2084151,0.0086205],[-78.2080618,0.0080721],[-78.2079265,0.0080944],[-78.2079565,0.0075764],[-78.2084606,0.0074956],[-78.2087801,0.0073931]]],[[[-78.2102633,0.0076654],[-78.2104522,0.0078602],[-78.2106472,0.0083628],[-78.2106714,0.0086134],[-78.2108398,0.0089096],[-78.2104199,0.0089267],[-78.2098748,0.0080621],[-78.2101434,0.0078199],[-78.2102633,0.0076654]]],[[[-78.209226,0.0091774],[-78.2091499,0.0092077],[-78.2088972,0.0091606],[-78.2080983,0.0095608],[-78.2079733,0.0092073],[-78.2085981,0.0088927],[-78.2086246,0.0089441],[-78.2093713,0.0083673],[-78.2096926,0.0087948],[-78.2096426,0.0087837],[-78.2094747,0.008994],[-78.2093178,0.0090708],[-78.209226,0.0091774]]],[[[-78.2099726,0.010698],[-78.2097164,0.010439],[-78.210151,0.0101033],[-78.2104288,0.0103689],[-78.2100885,0.010675],[-78.2099726,0.010698]]],[[[-78.2078356,0.0104927],[-78.2082413,0.0103061],[-78.2083242,0.0103849],[-78.2084893,0.01021],[-78.2086067,0.0103825],[-78.2080509,0.010736],[-78.2078356,0.0104927]]],[[[-78.2091525,0.0111178],[-78.2097886,0.0119473],[-78.2094049,0.0122517],[-78.2096874,0.0127177],[-78.2101496,0.0123734],[-78.2105442,0.0129153],[-78.2100833,0.013378],[-78.2099757,0.01318],[-78.2096425,0.0134729],[-78.2091097,0.0128332],[-78.208866,0.0124763],[-78.2087474,0.0122154],[-78.2090726,0.0118891],[-78.2090014,0.0116352],[-78.2090418,0.0115977],[-78.2088544,0.011321],[-78.2091525,0.0111178]]],[[[-78.2088754,0.0131907],[-78.2097127,0.0143266],[-78.2094406,0.0145914],[-78.2082519,0.0131693],[-78.2084449,0.0130245],[-78.2087212,0.0126854],[-78.2089567,0.0131198],[-78.2088754,0.0131907]]],[[[-78.207718,-0.1179091],[-78.2073225,-0.1175524],[-78.2069271,-0.117255],[-78.2068523,-0.1171702],[-78.206741,-0.116945],[-78.2038578,-0.1179856],[-78.2042865,-0.1191819],[-78.207718,-0.1179091]]],[[[-78.208503,-0.1171766],[-78.2080435,-0.1169291],[-78.2085166,-0.1166571],[-78.2084675,-0.1166204],[-78.2070583,-0.1172947],[-78.2074148,-0.1175582],[-78.208503,-0.1171766]]],[[[-78.2035628,-0.0669871],[-78.2036415,-0.067306],[-78.2035397,-0.0677959],[-78.2042778,-0.0681264],[-78.2073186,-0.0665091],[-78.2078506,-0.0661876],[-78.2079789,-0.0661493],[-78.2085963,-0.0658194],[-78.2086795,-0.0657931],[-78.2087602,-0.0658123],[-78.2088813,-0.0658912],[-78.2089665,-0.0660085],[-78.2089019,-0.0658452],[-78.2088202,-0.0657495],[-78.2085903,-0.0656462],[-78.2081457,-0.0656003],[-78.2074124,-0.0656194],[-78.2035628,-0.0669871]]],[[[-78.2071597,-0.0655677],[-78.2067493,-0.0650991],[-78.206404,-0.0648031],[-78.2062957,-0.0645755],[-78.2061,-0.0643521],[-78.2049497,-0.064827],[-78.2029785,-0.0654239],[-78.203161,-0.0659867],[-78.2038519,-0.0657544],[-78.2041796,-0.0667169],[-78.2055775,-0.066233],[-78.2052478,-0.0652951],[-78.2059797,-0.0650717],[-78.2062967,-0.0659734],[-78.2072757,-0.065617],[-78.2071597,-0.0655677]]],[[[-78.2067847,-0.0619553],[-78.2062997,-0.0612152],[-78.2067745,-0.0631559],[-78.2070161,-0.0627771],[-78.2067847,-0.0619553]]],[[[-78.2061079,-0.0623468],[-78.2059072,-0.0611133],[-78.2055975,-0.0612826],[-78.2053796,-0.0606739],[-78.2050993,-0.0608285],[-78.2053043,-0.0614483],[-78.2053805,-0.0614053],[-78.2055816,-0.0625939],[-78.2061079,-0.0623468]]],[[[-78.2054771,-0.0597154],[-78.2054391,-0.0595605],[-78.2054078,-0.0594457],[-78.2053429,-0.0594966],[-78.2054771,-0.0597154]]],[[[-78.2056584,-0.0594176],[-78.2057808,-0.0592103],[-78.2054928,-0.0588731],[-78.2053093,-0.0589787],[-78.2056584,-0.0594176]]],[[[-78.2057085,-0.0567076],[-78.2054709,-0.0571629],[-78.2064443,-0.0580334],[-78.2061844,-0.0584893],[-78.2065618,-0.0594421],[-78.206682,-0.0584174],[-78.2064717,-0.0579872],[-78.206746,-0.057567],[-78.2057085,-0.0567076]]],[[[-78.2077964,-0.0557201],[-78.2065347,-0.0549482],[-78.2063371,-0.0553754],[-78.207299,-0.0560509],[-78.2075497,-0.0561859],[-78.2077964,-0.0557201]]],[[[-78.2073949,-0.0548584],[-78.2067551,-0.0545146],[-78.2066189,-0.0547825],[-78.2079778,-0.0554106],[-78.2081235,-0.0551901],[-78.2073949,-0.0548584]]],[[[-78.2051616,-0.0495066],[-78.2065035,-0.0500994],[-78.2067657,-0.0495247],[-78.2062185,-0.0488907],[-78.2061965,-0.0480483],[-78.2055918,-0.0480488],[-78.2051616,-0.0495066]]],[[[-78.2068976,-0.0482382],[-78.2078072,-0.0482589],[-78.2078562,-0.0477814],[-78.2069483,-0.0477608],[-78.2068976,-0.0482382]]],[[[-78.207958,-0.0468328],[-78.2070363,-0.046811],[-78.2069987,-0.0472845],[-78.2079103,-0.0473055],[-78.207958,-0.0468328]]],[[[-78.2064881,-0.0442408],[-78.2060598,-0.0443256],[-78.2058944,-0.0443911],[-78.2054092,-0.0447314],[-78.2057377,-0.0449169],[-78.2066421,-0.0450242],[-78.2066927,-0.0441442],[-78.2064881,-0.0442408]]],[[[-78.2080211,-0.0391859],[-78.2079682,-0.0386126],[-78.2076962,-0.0386198],[-78.2077364,-0.0389527],[-78.2079432,-0.0392045],[-78.2080211,-0.0391859]]],[[[-78.2069145,-0.0389478],[-78.2076761,-0.0388741],[-78.2076538,-0.0386503],[-78.2075612,-0.0384642],[-78.2076021,-0.0383375],[-78.207613,-0.038067],[-78.2073763,-0.03798],[-78.2072292,-0.0383715],[-78.2068438,-0.0383165],[-78.2068676,-0.038642],[-78.206907,-0.038641],[-78.2069145,-0.0389478]]],[[[-78.2054691,-0.0391219],[-78.2056754,-0.0389829],[-78.2060725,-0.03895],[-78.2061139,-0.0388438],[-78.2061143,-0.0385977],[-78.2061795,-0.0382425],[-78.2063354,-0.0379296],[-78.206658,-0.0375215],[-78.2070055,-0.0372466],[-78.2071927,-0.0369825],[-78.2074869,-0.0368106],[-78.2064549,-0.0366306],[-78.206713,-0.0351309],[-78.2066648,-0.0351239],[-78.2064811,-0.0351482],[-78.2063144,-0.0352593],[-78.2059945,-0.035753],[-78.2053114,-0.0364542],[-78.2052103,-0.0367264],[-78.2051065,-0.0367496],[-78.2049936,-0.0366471],[-78.2059102,-0.0357133],[-78.2062194,-0.0352322],[-78.2063305,-0.0351261],[-78.2065022,-0.0350474],[-78.2066637,-0.0350331],[-78.2076115,-0.035223],[-78.2079879,-0.034436],[-78.2068624,-0.034119],[-78.2066632,-0.0329622],[-78.2045013,-0.0327809],[-78.2036599,-0.0327963],[-78.2036595,-0.032685],[-78.2036907,-0.0326366],[-78.2037499,-0.0326201],[-78.2039467,-0.0327108],[-78.2045063,-0.0327088],[-78.2058799,-0.0328239],[-78.2058856,-0.0325241],[-78.2073544,-0.0325441],[-78.2074101,-0.0317365],[-78.203572,-0.031642],[-78.203581,-0.0315241],[-78.2036555,-0.0314754],[-78.2038809,-0.0315772],[-78.2061886,-0.0316341],[-78.2061918,-0.0307995],[-78.2031199,-0.0307706],[-78.2031208,-0.0306739],[-78.2031486,-0.0306235],[-78.2032036,-0.0306028],[-78.2034284,-0.0307013],[-78.206389,-0.0307291],[-78.206454,-0.0297802],[-78.2072693,-0.0297571],[-78.2072866,-0.0295432],[-78.2028481,-0.0293188],[-78.2029275,-0.0291863],[-78.2029995,-0.0291577],[-78.2032078,-0.0292643],[-78.206197,-0.0294157],[-78.2062318,-0.0288602],[-78.2069242,-0.0286362],[-78.2079554,-0.028198],[-78.2083077,-0.0280848],[-78.2080382,-0.026619],[-78.2076952,-0.0265797],[-78.2074283,-0.0264868],[-78.2069457,-0.0262627],[-78.2062578,-0.0258578],[-78.2063243,-0.0259529],[-78.2058264,-0.0258653],[-78.2049703,-0.025326],[-78.2029962,-0.0262511],[-78.2029691,-0.0264037],[-78.2027617,-0.0268213],[-78.2026606,-0.0269499],[-78.2028222,-0.0269793],[-78.2029057,-0.0270945],[-78.202806,-0.027338],[-78.202635,-0.027523],[-78.202465,-0.027789],[-78.20241,-0.028035],[-78.202422,-0.028488],[-78.202488,-0.028887],[-78.202605,-0.028991],[-78.202846,-0.029703],[-78.202748,-0.029999],[-78.202827,-0.030572],[-78.203399,-0.031687],[-78.203387,-0.032804],[-78.203933,-0.033148],[-78.20425,-0.033512],[-78.204457,-0.033885],[-78.204529,-0.034184],[-78.204651,-0.035384],[-78.204544,-0.035698],[-78.204542,-0.036092],[-78.204584,-0.036376],[-78.2049619,-0.0369063],[-78.2049315,-0.0374055],[-78.204619,-0.0388747],[-78.2044525,-0.0393575],[-78.2043527,-0.0394473],[-78.20412,-0.039832],[-78.203912,-0.040534],[-78.203715,-0.041911],[-78.203647,-0.042097],[-78.20361,-0.042376],[-78.203399,-0.042883],[-78.203459,-0.043421],[-78.2035229,-0.0437086],[-78.204079,-0.0433017],[-78.2058329,-0.0421403],[-78.2054105,-0.0418825],[-78.204822,-0.0417767],[-78.204725,-0.0417247],[-78.2045044,-0.0411568],[-78.2045074,-0.0410094],[-78.2046047,-0.0407588],[-78.205033,-0.0399817],[-78.2053037,-0.03936],[-78.2054691,-0.0391219]]],[[[-78.2079685,-0.0384574],[-78.2080806,-0.038239],[-78.2076433,-0.0380781],[-78.2076496,-0.0382944],[-78.2076037,-0.0384151],[-78.2079685,-0.0384574]]],[[[-78.205986,-0.025308],[-78.2059805,-0.0253494],[-78.2059233,-0.0255043],[-78.2058841,-0.0257221],[-78.2060402,-0.025728],[-78.2061229,-0.0256878],[-78.206066,-0.0251009],[-78.205971,-0.0251547],[-78.205986,-0.025308]]],[[[-78.2059163,-0.0244468],[-78.2058757,-0.0243652],[-78.2048294,-0.0248734],[-78.2046888,-0.0246859],[-78.2045819,-0.0248952],[-78.2049127,-0.0249196],[-78.2051057,-0.0251596],[-78.205317,-0.0252686],[-78.2055848,-0.0255385],[-78.2058797,-0.0257213],[-78.205919,-0.0255032],[-78.2059808,-0.0253283],[-78.2059611,-0.0251694],[-78.2059875,-0.0251264],[-78.2060364,-0.0250845],[-78.2060453,-0.0250172],[-78.2060063,-0.024588],[-78.2059163,-0.0244468]]],[[[-78.2058798,-0.0243632],[-78.2059768,-0.0245234],[-78.2060116,-0.0245104],[-78.2059923,-0.0243086],[-78.2058798,-0.0243632]]],[[[-78.2068517,-0.024598],[-78.2069048,-0.0246007],[-78.206964,-0.0243536],[-78.206961,-0.0242027],[-78.2069147,-0.0240905],[-78.2065011,-0.024434],[-78.2065937,-0.0244543],[-78.2068517,-0.024598]]],[[[-78.2058975,-0.0238318],[-78.205743,-0.023963],[-78.2057885,-0.024004],[-78.2060688,-0.0240417],[-78.206191,-0.0241452],[-78.2065956,-0.0238222],[-78.2064636,-0.0237413],[-78.2062003,-0.0238727],[-78.2058975,-0.0238318]]],[[[-78.2067384,-0.0184309],[-78.2070523,-0.0182406],[-78.2074048,-0.0178795],[-78.2059078,-0.0166522],[-78.2055249,-0.0171239],[-78.2052724,-0.0175994],[-78.206606,-0.0186657],[-78.2067062,-0.0185457],[-78.2067384,-0.0184309]]],[[[-78.2069258,-0.0094567],[-78.2063613,-0.0092537],[-78.2051643,-0.0086901],[-78.2051088,-0.0087744],[-78.2049583,-0.0092488],[-78.2067327,-0.0097881],[-78.2067816,-0.0096149],[-78.2069258,-0.0094567]]],[[[-78.205332,-0.0070104],[-78.2053133,-0.0064785],[-78.2048388,-0.0062807],[-78.2043067,-0.00643],[-78.2043205,-0.0066187],[-78.2044843,-0.0072751],[-78.2050258,-0.0080856],[-78.2052158,-0.0084861],[-78.2052959,-0.0085787],[-78.2054106,-0.0081693],[-78.2058184,-0.0077509],[-78.2062073,-0.0072069],[-78.2058482,-0.0070991],[-78.205332,-0.0070104]]],[[[-78.208431,-0.0072382],[-78.2085918,-0.0070861],[-78.2073842,-0.0060914],[-78.2072133,-0.0063038],[-78.2066195,-0.0060843],[-78.206607,-0.0061066],[-78.2070167,-0.0062936],[-78.2071472,-0.006386],[-78.2071097,-0.0064326],[-78.2069593,-0.0063033],[-78.2065804,-0.0061544],[-78.2064883,-0.0063193],[-78.2063994,-0.0065766],[-78.2068845,-0.0067125],[-78.2073321,-0.0071182],[-78.2082739,-0.00779],[-78.2083532,-0.0076466],[-78.2083919,-0.0073188],[-78.208431,-0.0072382]]],[[[-78.2074213,-0.0060452],[-78.2075448,-0.0058916],[-78.2068085,-0.0056083],[-78.2067862,-0.005727],[-78.2074213,-0.0060452]]],[[[-78.2062509,-0.0016306],[-78.2058016,-0.0005236],[-78.2053927,-0.0007617],[-78.205661,-0.0016518],[-78.20617,-0.0016494],[-78.2062509,-0.0016306]]],[[[-78.2064524,0.0019216],[-78.2061173,0.00181],[-78.2052633,0.0014047],[-78.2053729,0.0012051],[-78.2059026,0.0016022],[-78.2058865,0.0016155],[-78.2061482,0.0017304],[-78.2065579,0.0018663],[-78.2073755,0.0019518],[-78.2072989,0.0013566],[-78.2073204,0.0010243],[-78.207441,0.000549],[-78.207593,0.0005751],[-78.207795,0.0007359],[-78.2080248,0.0007446],[-78.2083545,0.0008906],[-78.2081941,0.0012683],[-78.2079088,0.0021066],[-78.2073884,0.0019752],[-78.2064524,0.0019216]]],[[[-78.2067099,0.0037302],[-78.2068202,0.0039834],[-78.2067998,0.0040037],[-78.2068303,0.0042648],[-78.2064576,0.0039357],[-78.2067099,0.0037302]]],[[[-78.205794,0.0036149],[-78.206252,0.0041035],[-78.206204,0.0042258],[-78.2062135,0.0046753],[-78.2061568,0.0051218],[-78.2053243,0.0037268],[-78.2056611,0.0036158],[-78.205794,0.0036149]]],[[[-78.2063193,0.0054161],[-78.2061962,0.0051887],[-78.2062414,0.0048506],[-78.2063122,0.0048398],[-78.2064239,0.0051392],[-78.2066576,0.0052915],[-78.2063193,0.0054161]]],[[[-78.2057441,0.0056161],[-78.2056095,0.0053407],[-78.2054185,0.0052053],[-78.2047757,0.0044689],[-78.2045331,0.0039135],[-78.2043241,0.0030909],[-78.2043487,0.0029321],[-78.204761,0.0027801],[-78.2052391,0.0036821],[-78.2061775,0.0052905],[-78.2062456,0.0054395],[-78.2057441,0.0056161]]],[[[-78.2074722,0.0052557],[-78.2076537,0.0051087],[-78.2077594,0.0052335],[-78.2077986,0.0053301],[-78.2076179,0.0054333],[-78.2074722,0.0052557]]],[[[-78.2080853,0.0056706],[-78.2082051,0.0058575],[-78.2075361,0.0062569],[-78.2074197,0.006057],[-78.2080853,0.0056706]]],[[[-78.2065275,0.0059454],[-78.2065757,0.0060434],[-78.2060298,0.0062344],[-78.2059944,0.006132],[-78.2065275,0.0059454]]],[[[-78.2050269,0.0068689],[-78.2053067,0.0066782],[-78.2061047,0.0064507],[-78.2061962,0.0067448],[-78.2054085,0.007023],[-78.2051229,0.0071596],[-78.2050269,0.0068689]]],[[[-78.2077583,0.0070627],[-78.2075318,0.0074461],[-78.2074508,0.0073104],[-78.2068856,0.0066968],[-78.2068172,0.006564],[-78.2072703,0.0064404],[-78.2074456,0.0063133],[-78.2079291,0.0068613],[-78.2077583,0.0070627]]],[[[-78.2072447,0.0080958],[-78.2070861,0.0087084],[-78.2071044,0.0095919],[-78.2069798,0.0100061],[-78.2062216,0.0097505],[-78.2059859,0.0092905],[-78.2058898,0.0089442],[-78.2055469,0.0081326],[-78.2065895,0.0078444],[-78.2067961,0.0078205],[-78.2073553,0.0078333],[-78.2072447,0.0080958]]],[[[-78.2055012,0.009055],[-78.2048643,0.0078664],[-78.2049831,0.0077134],[-78.2052281,0.007508],[-78.2055036,0.0081103],[-78.2058104,0.008918],[-78.2056985,0.0089926],[-78.2055012,0.009055]]],[[[-78.2078423,0.0083604],[-78.2078728,0.0088062],[-78.2071754,0.0089576],[-78.2072291,0.0085021],[-78.2078423,0.0083604]]],[[[-78.2078196,0.0097191],[-78.2073427,0.0098106],[-78.2070979,0.0098576],[-78.2071683,0.0093979],[-78.2078992,0.0092149],[-78.2080551,0.0095974],[-78.2078196,0.0097191]]],[[[-78.2073898,0.0105345],[-78.2069349,0.0113789],[-78.2065501,0.0117727],[-78.2063816,0.0114243],[-78.2060265,0.0111893],[-78.2055665,0.0105523],[-78.2056576,0.0104318],[-78.2060811,0.0105596],[-78.206299,0.0105774],[-78.2066193,0.0105494],[-78.2069791,0.0104356],[-78.2073898,0.0105345]]],[[[-78.2081492,0.0153124],[-78.2078142,0.0159243],[-78.2076407,0.0159053],[-78.207339,0.0157428],[-78.2069115,0.0150729],[-78.2065978,0.0141171],[-78.2073858,0.013805],[-78.2076383,0.0142525],[-78.2078822,0.0140929],[-78.2086233,0.0152149],[-78.2089091,0.0155038],[-78.2081492,0.0153124]]],[[[-78.2006358,-0.1218207],[-78.2047021,-0.1203721],[-78.2043956,-0.1194943],[-78.2000492,-0.121059],[-78.2004925,-0.1214975],[-78.2006358,-0.1218207]]],[[[-78.2034271,-0.1097032],[-78.2044998,-0.1085152],[-78.2037933,-0.1077355],[-78.2027372,-0.108936],[-78.2034271,-0.1097032]]],[[[-78.2034453,-0.0631868],[-78.2047621,-0.0625452],[-78.2046835,-0.061802],[-78.2032851,-0.0625651],[-78.202325,-0.0629247],[-78.2022544,-0.0631488],[-78.2023601,-0.0636567],[-78.2034453,-0.0631868]]],[[[-78.203186,-0.0618505],[-78.2042445,-0.060977],[-78.2055342,-0.0599975],[-78.2053961,-0.0596932],[-78.2052926,-0.0595418],[-78.2030801,-0.0615993],[-78.203186,-0.0618505]]],[[[-78.2049956,-0.0590804],[-78.20523,-0.0588118],[-78.2049682,-0.058005],[-78.204603,-0.058641],[-78.2049956,-0.0590804]]],[[[-78.2035897,-0.0578358],[-78.2047437,-0.0583287],[-78.2052075,-0.0574843],[-78.2043398,-0.0569491],[-78.2035897,-0.0578358]]],[[[-78.2044838,-0.0567763],[-78.2047133,-0.0565008],[-78.2044278,-0.0557881],[-78.2041898,-0.0560383],[-78.2044838,-0.0567763]]],[[[-78.201047,-0.0463246],[-78.2016598,-0.0460996],[-78.2015782,-0.0458126],[-78.2018494,-0.0457345],[-78.2019351,-0.0460344],[-78.2024872,-0.0459576],[-78.2032722,-0.0460216],[-78.203269,-0.0459757],[-78.2030379,-0.0457116],[-78.2028128,-0.0450849],[-78.2028002,-0.0449535],[-78.2028722,-0.0443556],[-78.2027918,-0.0440827],[-78.2021394,-0.044134],[-78.2007396,-0.0448498],[-78.2007241,-0.0447103],[-78.2007758,-0.0446424],[-78.2010036,-0.044633],[-78.2021238,-0.044062],[-78.2027628,-0.0440006],[-78.202709,-0.0437133],[-78.2028304,-0.0428441],[-78.2028014,-0.042735],[-78.2024999,-0.0421619],[-78.2024948,-0.0420445],[-78.2025829,-0.0415941],[-78.2025471,-0.0415903],[-78.2006615,-0.0432159],[-78.2006328,-0.0430634],[-78.2006823,-0.0429805],[-78.200888,-0.0429249],[-78.2026331,-0.0414192],[-78.2029874,-0.0397996],[-78.2029069,-0.0396564],[-78.202765,-0.0396015],[-78.2010938,-0.0397143],[-78.2008744,-0.0396065],[-78.2007598,-0.0393896],[-78.200594,-0.039476],[-78.200888,-0.040487],[-78.200672,-0.041331],[-78.200887,-0.041589],[-78.200953,-0.041815],[-78.2008886,-0.0419609],[-78.201094,-0.042358],[-78.201031,-0.042458],[-78.20097,-0.042477],[-78.200659,-0.042066],[-78.200226,-0.041924],[-78.200138,-0.041939],[-78.199878,-0.042227],[-78.20003,-0.042865],[-78.200267,-0.043103],[-78.200227,-0.043364],[-78.200476,-0.04463],[-78.201047,-0.0463246]]],[[[-78.2025879,-0.0422078],[-78.2028639,-0.0426989],[-78.2029006,-0.0428248],[-78.2027807,-0.0437203],[-78.2029427,-0.044322],[-78.2028778,-0.0450477],[-78.2031175,-0.0457072],[-78.2034047,-0.0460093],[-78.2035078,-0.0460075],[-78.20358,-0.0459586],[-78.2034797,-0.0457284],[-78.2033908,-0.0456762],[-78.2032879,-0.0454955],[-78.2031755,-0.0452138],[-78.2031959,-0.04475],[-78.203166,-0.0442258],[-78.203199,-0.0438112],[-78.2030784,-0.04321],[-78.2033275,-0.0421348],[-78.2031792,-0.04165],[-78.2032241,-0.0412604],[-78.2035392,-0.0402568],[-78.2036471,-0.0397678],[-78.2037797,-0.0394107],[-78.2039432,-0.0391395],[-78.2041993,-0.0381833],[-78.2042447,-0.0377988],[-78.2040182,-0.0366063],[-78.203145,-0.0365426],[-78.2031604,-0.0366121],[-78.2026336,-0.0367165],[-78.2021023,-0.0369383],[-78.2017437,-0.0371582],[-78.2006961,-0.0375201],[-78.200578,-0.0376146],[-78.2005191,-0.0377362],[-78.2005137,-0.0378669],[-78.2006653,-0.0384175],[-78.2008335,-0.039392],[-78.2008777,-0.0394977],[-78.2009588,-0.0395837],[-78.20116,-0.0396457],[-78.2027379,-0.0395297],[-78.2031093,-0.0395844],[-78.2025752,-0.0420018],[-78.2025879,-0.0422078]]],[[[-78.2055146,-0.0403123],[-78.2054436,-0.0402131],[-78.2053429,-0.039657],[-78.2053079,-0.0396359],[-78.2051296,-0.0400298],[-78.2047029,-0.0408035],[-78.2046061,-0.0410822],[-78.2047932,-0.04164],[-78.2053686,-0.0417562],[-78.2055208,-0.0418233],[-78.2053336,-0.0403009],[-78.2055146,-0.0403123]]],[[[-78.2035709,-0.0355936],[-78.2035307,-0.0354093],[-78.203576,-0.0353897],[-78.2035851,-0.0352142],[-78.2035644,-0.035002],[-78.2035264,-0.0349276],[-78.20098,-0.0361679],[-78.2011069,-0.0363541],[-78.2010786,-0.0368215],[-78.2036665,-0.0357343],[-78.2035709,-0.0355936]]],[[[-78.2030478,-0.0338005],[-78.2029258,-0.0335888],[-78.2004908,-0.0353539],[-78.2006656,-0.0356312],[-78.2030045,-0.0341096],[-78.2030478,-0.0338005]]],[[[-78.1999753,-0.0335005],[-78.2018971,-0.0325215],[-78.2013904,-0.0314625],[-78.2004875,-0.0319968],[-78.200551,-0.0319891],[-78.2006061,-0.0320302],[-78.2006159,-0.0321001],[-78.2005781,-0.0321524],[-78.2004484,-0.0321612],[-78.2002539,-0.0322612],[-78.1998738,-0.0324868],[-78.1996733,-0.0326438],[-78.1999437,-0.0327429],[-78.199975,-0.0328016],[-78.1999753,-0.0335005]]],[[[-78.2015624,-0.0300701],[-78.2018503,-0.0298054],[-78.20192,-0.0292364],[-78.2017414,-0.02877],[-78.2016547,-0.028165],[-78.2017934,-0.0275999],[-78.2020214,-0.0271719],[-78.2022262,-0.0270344],[-78.202342,-0.0270314],[-78.2024399,-0.0269209],[-78.2028021,-0.0261468],[-78.2029743,-0.0259884],[-78.2031851,-0.0259077],[-78.2032593,-0.025567],[-78.2029714,-0.0252712],[-78.2028496,-0.0250739],[-78.2027814,-0.0247691],[-78.2027511,-0.0244169],[-78.2026901,-0.0243552],[-78.2022337,-0.024311],[-78.2019545,-0.0243165],[-78.2020228,-0.0248971],[-78.2021125,-0.0250415],[-78.2020868,-0.0250982],[-78.2020336,-0.0251081],[-78.2019882,-0.0250591],[-78.2018875,-0.0243137],[-78.201565,-0.0242731],[-78.2011239,-0.0239309],[-78.2009844,-0.024146],[-78.2008437,-0.0245962],[-78.2008084,-0.0248464],[-78.2008192,-0.025152],[-78.2020127,-0.02525],[-78.2019167,-0.0252973],[-78.2008369,-0.0252352],[-78.2009233,-0.0257576],[-78.2009159,-0.0259554],[-78.200752,-0.0264635],[-78.2002541,-0.027689],[-78.2000935,-0.028401],[-78.1998713,-0.0291227],[-78.199832,-0.029407],[-78.1998443,-0.030058],[-78.1997898,-0.0308473],[-78.1996046,-0.0314394],[-78.1995335,-0.0314533],[-78.1993608,-0.0316357],[-78.1994528,-0.031222],[-78.1986821,-0.0311506],[-78.1987169,-0.0312481],[-78.1987363,-0.031416],[-78.1987018,-0.0317349],[-78.1987325,-0.0319772],[-78.1987162,-0.0321428],[-78.1987865,-0.0322657],[-78.1988082,-0.0324952],[-78.1988,-0.0326874],[-78.1988604,-0.0328391],[-78.198864,-0.0328666],[-78.1988282,-0.0329543],[-78.1989386,-0.0332422],[-78.1989566,-0.0333492],[-78.198991,-0.0334093],[-78.199055,-0.0337374],[-78.1992336,-0.0339242],[-78.1993019,-0.034091],[-78.199951,-0.0336867],[-78.1999039,-0.0335178],[-78.1999058,-0.0328247],[-78.199815,-0.0327642],[-78.1996054,-0.0327101],[-78.1995171,-0.0326229],[-78.1994676,-0.0322734],[-78.199484,-0.0320427],[-78.1995197,-0.0319559],[-78.1995976,-0.0319601],[-78.2012131,-0.0310932],[-78.20143,-0.0308148],[-78.2014835,-0.0306774],[-78.2014625,-0.0304152],[-78.201538,-0.0302317],[-78.2015624,-0.0300701]]],[[[-78.2050837,-0.0252037],[-78.2047543,-0.0251681],[-78.2045588,-0.025065],[-78.2032567,-0.0251705],[-78.2034622,-0.0253603],[-78.2035194,-0.0256264],[-78.203466,-0.0257875],[-78.2050907,-0.0252294],[-78.2050837,-0.0252037]]],[[[-78.2031042,-0.0247468],[-78.2040682,-0.0248436],[-78.2043114,-0.0248681],[-78.2040592,-0.0246812],[-78.203173,-0.0245853],[-78.2031431,-0.0246561],[-78.2030841,-0.0246904],[-78.2031042,-0.0247468]]],[[[-78.2043562,-0.0242641],[-78.2042184,-0.0246231],[-78.2046888,-0.0246859],[-78.2043562,-0.0242641]]],[[[-78.2033132,-0.0241132],[-78.2040203,-0.0245828],[-78.2040917,-0.0245863],[-78.2041851,-0.0245046],[-78.2043173,-0.0242296],[-78.2037247,-0.0234618],[-78.2036305,-0.0235267],[-78.2030464,-0.0236496],[-78.203037,-0.0238748],[-78.203121,-0.023972],[-78.2031453,-0.0241],[-78.2032419,-0.0240773],[-78.2033132,-0.0241132]]],[[[-78.2047186,-0.023515],[-78.2040508,-0.0238279],[-78.2043419,-0.0241775],[-78.204438,-0.0239946],[-78.2047186,-0.023515]]],[[[-78.2048174,-0.0233169],[-78.204856,-0.0231622],[-78.2047593,-0.0229451],[-78.2047016,-0.0230021],[-78.2048045,-0.0231235],[-78.2048174,-0.0233169]]],[[[-78.2043692,-0.0226036],[-78.204074,-0.0222506],[-78.2039529,-0.0219711],[-78.2038909,-0.0219013],[-78.2036899,-0.0218393],[-78.2034674,-0.0218439],[-78.2032596,-0.0219034],[-78.203182,-0.021949],[-78.2031191,-0.022045],[-78.2029493,-0.0221246],[-78.2030521,-0.0226629],[-78.2031244,-0.0227191],[-78.203139,-0.022775],[-78.2031145,-0.0228772],[-78.2029643,-0.0230268],[-78.2029075,-0.0231983],[-78.2044469,-0.0227478],[-78.2043692,-0.0226036]]],[[[-78.2028465,-0.0215754],[-78.202948,-0.0218415],[-78.2034373,-0.0215348],[-78.2030906,-0.0213958],[-78.2028465,-0.0215754]]],[[[-78.2031731,-0.021335],[-78.2035354,-0.0214733],[-78.2040798,-0.0211322],[-78.2039575,-0.0207576],[-78.2031731,-0.021335]]],[[[-78.2012445,-0.0209177],[-78.2014656,-0.0210392],[-78.2014495,-0.0212107],[-78.2015639,-0.0212858],[-78.2021305,-0.0208635],[-78.2020419,-0.0207873],[-78.2018638,-0.0205362],[-78.2014651,-0.0196915],[-78.2010738,-0.0199585],[-78.200222,-0.020673],[-78.2004209,-0.0207705],[-78.2006788,-0.0208374],[-78.2008132,-0.020917],[-78.2012445,-0.0209177]]],[[[-78.2052559,-0.0205181],[-78.2055002,-0.0202974],[-78.2055187,-0.0202068],[-78.2047676,-0.0194482],[-78.2044618,-0.0190272],[-78.2036899,-0.0185817],[-78.2033104,-0.0189853],[-78.2032665,-0.0192048],[-78.203262,-0.0193863],[-78.2032996,-0.0195471],[-78.2033364,-0.0196595],[-78.2034805,-0.0198673],[-78.2037316,-0.0196607],[-78.2034369,-0.0193376],[-78.2038761,-0.0189641],[-78.204321,-0.0192196],[-78.2046637,-0.0196283],[-78.2044583,-0.0199078],[-78.2051618,-0.0207105],[-78.2052297,-0.0206223],[-78.2052559,-0.0205181]]],[[[-78.2045791,-0.0171162],[-78.2039961,-0.0178756],[-78.2048679,-0.0184067],[-78.2052724,-0.0175994],[-78.2045791,-0.0171162]]],[[[-78.2041598,-0.0175719],[-78.2050974,-0.0164107],[-78.2052946,-0.0165517],[-78.2058229,-0.0155438],[-78.2040488,-0.0143256],[-78.2040346,-0.0145853],[-78.2038078,-0.015004],[-78.2038431,-0.0152769],[-78.2037906,-0.0154499],[-78.2034243,-0.0163545],[-78.2031931,-0.0167904],[-78.2041598,-0.0175719]]],[[[-78.2051624,-0.0125029],[-78.2052472,-0.0123025],[-78.2053655,-0.0121752],[-78.2054395,-0.0119477],[-78.2059701,-0.0112481],[-78.2060227,-0.0110386],[-78.2057341,-0.0109253],[-78.2056115,-0.010806],[-78.2052389,-0.0107289],[-78.2051132,-0.0114194],[-78.2044986,-0.0126273],[-78.2049622,-0.0127871],[-78.2051624,-0.0125029]]],[[[-78.2037723,-0.0099516],[-78.2040158,-0.0091677],[-78.2038349,-0.0091647],[-78.203671,-0.0090711],[-78.2035421,-0.0090945],[-78.2033177,-0.009062],[-78.2025161,-0.0088035],[-78.2023974,-0.0089963],[-78.2022235,-0.0091699],[-78.2022115,-0.0093537],[-78.2026717,-0.0094501],[-78.2037723,-0.0099516]]],[[[-78.2019108,-0.0079587],[-78.2020842,-0.0078485],[-78.2018542,-0.0072438],[-78.2016746,-0.0073845],[-78.2019108,-0.0079587]]],[[[-78.2023036,-0.0048358],[-78.2022234,-0.0048463],[-78.2021107,-0.0048027],[-78.2027521,-0.0056441],[-78.202781,-0.0054003],[-78.2030481,-0.0049886],[-78.2030884,-0.0048096],[-78.2029431,-0.0047184],[-78.202816,-0.0046936],[-78.2027689,-0.0047037],[-78.2026912,-0.0047401],[-78.2025538,-0.004781],[-78.2023036,-0.0048358]]],[[[-78.2025529,-0.0047766],[-78.2027418,-0.0046955],[-78.2022671,-0.0041096],[-78.201952,-0.0043833],[-78.2023015,-0.0048318],[-78.2025529,-0.0047766]]],[[[-78.201914,-0.0043345],[-78.2022411,-0.0040613],[-78.2020967,-0.0037934],[-78.2016385,-0.003981],[-78.201914,-0.0043345]]],[[[-78.2044014,-0.0039176],[-78.2045194,-0.0040058],[-78.2053535,-0.0042059],[-78.2053599,-0.0038395],[-78.2052483,-0.0038309],[-78.204922,-0.0037522],[-78.2046828,-0.0037531],[-78.2044948,-0.003806],[-78.2044247,-0.0038185],[-78.204359,-0.0038118],[-78.2043189,-0.0038],[-78.2044014,-0.0039176]]],[[[-78.2031909,-0.0036511],[-78.202961,-0.0034197],[-78.2027932,-0.003322],[-78.2026486,-0.0036145],[-78.2029604,-0.0036704],[-78.2031909,-0.0036511]]],[[[-78.2046822,-0.0037486],[-78.2049222,-0.0037476],[-78.2052491,-0.0038265],[-78.2054186,-0.0038282],[-78.2051077,-0.0030449],[-78.2048519,-0.0030911],[-78.2045271,-0.0030682],[-78.204215,-0.003104],[-78.2040014,-0.0030653],[-78.2042483,-0.0038169],[-78.2043301,-0.0037947],[-78.2044245,-0.0038139],[-78.2046822,-0.0037486]]],[[[-78.2030319,-0.0014534],[-78.2022641,-0.0015721],[-78.2027474,-0.003104],[-78.2036796,-0.0027282],[-78.2037777,-0.0030081],[-78.2044414,-0.0029999],[-78.2039001,-0.0013647],[-78.2030319,-0.0014534]]],[[[-78.2046768,-0.0030153],[-78.2049487,-0.0030253],[-78.2050716,-0.0029975],[-78.2045445,-0.0014119],[-78.2041232,-0.0013513],[-78.2046768,-0.0030153]]],[[[-78.2045006,0.0055848],[-78.2046521,0.0058966],[-78.2041471,0.0062123],[-78.2040383,0.0058786],[-78.2045006,0.0055848]]],[[[-78.2038297,0.0060659],[-78.2029596,0.0068199],[-78.2025879,0.0061201],[-78.2034528,0.0053927],[-78.2038297,0.0060659]]],[[[-78.2047621,0.0062205],[-78.2048596,0.0065567],[-78.2043647,0.0068797],[-78.2042559,0.006546],[-78.2047621,0.0062205]]],[[[-78.2039805,0.0075819],[-78.2045086,0.007222],[-78.2049807,0.0069004],[-78.2050802,0.0071877],[-78.2046657,0.0075395],[-78.2041065,0.0078975],[-78.2039805,0.0075819]]],[[[-78.2023419,0.0084785],[-78.2021774,0.0083838],[-78.2020641,0.008268],[-78.2021289,0.0078209],[-78.2022405,0.0077703],[-78.2025489,0.0083843],[-78.2025441,0.0084333],[-78.2024966,0.0084752],[-78.2023419,0.0084785]]],[[[-78.2020556,0.0082921],[-78.2022725,0.0085194],[-78.2023063,0.0086052],[-78.2023434,0.0087544],[-78.2023248,0.0088675],[-78.2022937,0.0087666],[-78.2021603,0.008575],[-78.2020556,0.0082921]]],[[[-78.2025371,0.0087358],[-78.2028304,0.0089245],[-78.2027158,0.0090974],[-78.202414,0.0089321],[-78.2025371,0.0087358]]],[[[-78.2040671,0.0092174],[-78.2035482,0.0102688],[-78.2026562,0.009238],[-78.2023732,0.0089585],[-78.2023603,0.0088989],[-78.2025532,0.0090265],[-78.2031163,0.0093284],[-78.2035405,0.0085749],[-78.2032692,0.0082746],[-78.2034644,0.0081444],[-78.203946,0.0088455],[-78.204181,0.0091278],[-78.2040671,0.0092174]]],[[[-78.2029713,0.0096635],[-78.2035272,0.0103308],[-78.203347,0.0103557],[-78.2029267,0.0102779],[-78.2026609,0.0101812],[-78.2021566,0.0101578],[-78.2020987,0.0095696],[-78.2021257,0.0093256],[-78.2022988,0.0088348],[-78.2023297,0.0089736],[-78.202614,0.0092478],[-78.2024757,0.0096238],[-78.2028374,0.0098537],[-78.2029713,0.0096635]]],[[[-78.2052694,0.0136297],[-78.2054149,0.0138678],[-78.2052186,0.0139112],[-78.2050603,0.0137471],[-78.2052694,0.0136297]]],[[[-78.2051721,0.0139215],[-78.2035568,0.0142784],[-78.2034943,0.0141577],[-78.2043574,0.0139475],[-78.2045668,0.0139388],[-78.2049963,0.0137623],[-78.2051721,0.0139215]]],[[[-78.1978627,-0.0772441],[-78.1977779,-0.0779698],[-78.1978776,-0.0780104],[-78.1979493,-0.0780321],[-78.1982379,-0.0779987],[-78.1985928,-0.0780091],[-78.1992789,-0.0777677],[-78.1993458,-0.0780431],[-78.1999268,-0.0780154],[-78.1998802,-0.0777841],[-78.1997798,-0.077766],[-78.1998949,-0.0773875],[-78.1993027,-0.0772126],[-78.1991405,-0.0775916],[-78.1988477,-0.0774978],[-78.1984322,-0.077455],[-78.1978627,-0.0772441]]],[[[-78.1957753,-0.0763262],[-78.1946046,-0.0754767],[-78.1941534,-0.07578],[-78.194291,-0.0759402],[-78.1945875,-0.076196],[-78.1955019,-0.0768522],[-78.1963949,-0.077292],[-78.19642,-0.0767435],[-78.1964728,-0.0765158],[-78.1963126,-0.0764347],[-78.1964335,-0.0762181],[-78.1963314,-0.0761649],[-78.1961933,-0.0763743],[-78.1958977,-0.0761791],[-78.1957753,-0.0763262]]],[[[-78.1952724,-0.074774],[-78.1949816,-0.0751266],[-78.1949982,-0.0751813],[-78.1960447,-0.0758825],[-78.1963076,-0.0754225],[-78.1952724,-0.074774]]],[[[-78.1973512,-0.0744576],[-78.1971461,-0.0752124],[-78.1981235,-0.0755824],[-78.1982033,-0.07521],[-78.1991384,-0.0755451],[-78.1992486,-0.0751711],[-78.1973512,-0.0744576]]],[[[-78.1962817,-0.0742055],[-78.1958299,-0.0739838],[-78.1956389,-0.0743665],[-78.1970761,-0.0751466],[-78.1971774,-0.0748149],[-78.1962116,-0.0743348],[-78.1962817,-0.0742055]]],[[[-78.1974089,-0.0736611],[-78.1968095,-0.0734902],[-78.1967064,-0.07388],[-78.1973195,-0.0741277],[-78.1974089,-0.0736611]]],[[[-78.1976422,-0.072673],[-78.1990813,-0.0730999],[-78.1991115,-0.0726531],[-78.1989935,-0.07171],[-78.1988993,-0.0712903],[-78.1988442,-0.071275],[-78.1984237,-0.071337],[-78.1976671,-0.0715298],[-78.1976922,-0.0721311],[-78.1982871,-0.0721375],[-78.1983408,-0.0727114],[-78.1976588,-0.0724939],[-78.1976422,-0.072673]]],[[[-78.1975542,-0.072754],[-78.1975998,-0.0722211],[-78.1971209,-0.0721797],[-78.1971648,-0.0714071],[-78.1969176,-0.0712984],[-78.1965062,-0.0711814],[-78.1963385,-0.0710771],[-78.1964333,-0.0720676],[-78.1959512,-0.0720154],[-78.1960009,-0.0724623],[-78.1967757,-0.0726486],[-78.1975542,-0.072754]]],[[[-78.1960723,-0.0707136],[-78.1965332,-0.0710995],[-78.1969004,-0.0711985],[-78.1969889,-0.0700274],[-78.1958757,-0.0698446],[-78.1958255,-0.0705209],[-78.1959129,-0.0706406],[-78.1960723,-0.0707136]]],[[[-78.1972437,-0.0706838],[-78.1972874,-0.0701175],[-78.1970443,-0.0700332],[-78.1969993,-0.0706183],[-78.1972437,-0.0706838]]],[[[-78.1989575,-0.0690952],[-78.1979145,-0.0684071],[-78.1973233,-0.0689534],[-78.1977471,-0.0693154],[-78.1970863,-0.0699932],[-78.1976694,-0.0702356],[-78.1979868,-0.0703097],[-78.1981168,-0.0700847],[-78.1989575,-0.0690952]]],[[[-78.1963517,-0.0695824],[-78.1968399,-0.0695692],[-78.1968409,-0.0693342],[-78.1967637,-0.0690185],[-78.1962129,-0.0691623],[-78.1963517,-0.0695824]]],[[[-78.1978901,-0.0683938],[-78.1975705,-0.0681986],[-78.1970196,-0.0684356],[-78.1972245,-0.0689955],[-78.1978901,-0.0683938]]],[[[-78.1962551,-0.0686888],[-78.196909,-0.0684708],[-78.1965721,-0.0679052],[-78.1959916,-0.068075],[-78.1962551,-0.0686888]]],[[[-78.1992808,-0.0693124],[-78.2002511,-0.0700219],[-78.2005485,-0.0698136],[-78.2008111,-0.0695757],[-78.2011583,-0.0690901],[-78.201415,-0.0681146],[-78.2014952,-0.067915],[-78.2017083,-0.0675678],[-78.2007882,-0.0665487],[-78.2001165,-0.0679473],[-78.1992137,-0.0674093],[-78.1989462,-0.0678087],[-78.1998599,-0.0684079],[-78.1992808,-0.0693124]]],[[[-78.1982825,-0.0654216],[-78.1981612,-0.0667118],[-78.1986338,-0.0670181],[-78.1986555,-0.0659286],[-78.1987073,-0.065931],[-78.198692,-0.0670265],[-78.1990493,-0.0672509],[-78.1990859,-0.0643387],[-78.1983985,-0.0634395],[-78.1982825,-0.0654216]]],[[[-78.1958016,-0.0576905],[-78.1953191,-0.0578459],[-78.1964973,-0.0609184],[-78.196693,-0.0610514],[-78.1969623,-0.0612998],[-78.1971639,-0.0612047],[-78.1958016,-0.0576905]]],[[[-78.1977765,-0.0463001],[-78.1959601,-0.0450228],[-78.1958069,-0.0448574],[-78.1956962,-0.0446289],[-78.1956611,-0.0443772],[-78.1957037,-0.0437465],[-78.1957066,-0.0429876],[-78.1957393,-0.0427382],[-78.1958421,-0.0424196],[-78.1960328,-0.0420729],[-78.1964855,-0.0417649],[-78.1964946,-0.0416487],[-78.196386,-0.0414644],[-78.1958684,-0.041283],[-78.1939033,-0.0412445],[-78.1933942,-0.0436958],[-78.1933456,-0.0442528],[-78.1933712,-0.0445784],[-78.1934785,-0.0451852],[-78.193975,-0.0461379],[-78.1941969,-0.0463535],[-78.1955664,-0.0472111],[-78.1967881,-0.0480229],[-78.19728,-0.0484133],[-78.1983913,-0.0466289],[-78.1977765,-0.0463001]]],[[[-78.1989806,-0.0468585],[-78.1992186,-0.0470561],[-78.199423,-0.0472886],[-78.1997888,-0.0479511],[-78.1998195,-0.0473128],[-78.1999113,-0.0470113],[-78.1999938,-0.0468773],[-78.2001579,-0.0467324],[-78.2004682,-0.0465587],[-78.2010131,-0.0463359],[-78.200428,-0.044855],[-78.1996728,-0.0442458],[-78.1995145,-0.043984],[-78.1991174,-0.0424225],[-78.1991078,-0.0421893],[-78.1992113,-0.0418593],[-78.1994418,-0.0415072],[-78.1995837,-0.0411364],[-78.1995174,-0.040964],[-78.1994078,-0.0408241],[-78.1994327,-0.0404383],[-78.1995664,-0.0397713],[-78.1995055,-0.0396903],[-78.1992014,-0.0398415],[-78.1990765,-0.0398671],[-78.1984936,-0.0403747],[-78.1980751,-0.0405778],[-78.1980824,-0.0414419],[-78.1981604,-0.0417495],[-78.1981942,-0.0421405],[-78.1977965,-0.0426296],[-78.1979532,-0.0430478],[-78.1978839,-0.0432754],[-78.1976971,-0.043294],[-78.1975527,-0.0431996],[-78.1971715,-0.0426845],[-78.1971446,-0.042386],[-78.1971925,-0.0421629],[-78.197104,-0.0417946],[-78.1970237,-0.0408792],[-78.1971289,-0.0402668],[-78.1972883,-0.0399472],[-78.1974595,-0.0397786],[-78.1975479,-0.0396417],[-78.1975362,-0.0393042],[-78.1975856,-0.039108],[-78.197631,-0.0384087],[-78.1976868,-0.0381771],[-78.1977802,-0.0380208],[-78.1978038,-0.0378556],[-78.1973127,-0.0364341],[-78.1970939,-0.0360203],[-78.1968436,-0.0357723],[-78.1966684,-0.0356801],[-78.1965897,-0.035554],[-78.1965502,-0.0353426],[-78.1962194,-0.0348304],[-78.1961499,-0.0348248],[-78.1958712,-0.0346448],[-78.1952198,-0.0340798],[-78.1962917,-0.0339441],[-78.1960508,-0.0336368],[-78.1958316,-0.0331521],[-78.1957217,-0.0330364],[-78.1956324,-0.0326101],[-78.1955818,-0.0325134],[-78.1956118,-0.0323933],[-78.1954713,-0.0322521],[-78.1953374,-0.0318136],[-78.1952263,-0.0315902],[-78.195226,-0.0314349],[-78.1951305,-0.0310363],[-78.1951432,-0.0308103],[-78.1951069,-0.0306341],[-78.1950425,-0.0305508],[-78.1950398,-0.0304089],[-78.1949073,-0.0301863],[-78.1948864,-0.0298052],[-78.1947697,-0.0297131],[-78.1946091,-0.0294257],[-78.1944488,-0.029305],[-78.1941681,-0.0291752],[-78.1938864,-0.0291222],[-78.1939026,-0.0292608],[-78.1934258,-0.0290675],[-78.1931923,-0.0289263],[-78.1929483,-0.0289881],[-78.1925835,-0.0293059],[-78.1921199,-0.0293203],[-78.1922006,-0.0299211],[-78.1927405,-0.0329969],[-78.1927123,-0.0332969],[-78.1927941,-0.0336699],[-78.1929059,-0.0346382],[-78.1931352,-0.0348462],[-78.193235,-0.0353906],[-78.196035,-0.0348958],[-78.1960078,-0.0350384],[-78.1959491,-0.0350829],[-78.1957174,-0.0350277],[-78.1932647,-0.0354845],[-78.1939479,-0.0379964],[-78.1940322,-0.0381049],[-78.1941456,-0.038182],[-78.1943988,-0.0382178],[-78.1972989,-0.0372849],[-78.1974051,-0.0373176],[-78.1974225,-0.037428],[-78.1973333,-0.037492],[-78.1971763,-0.037449],[-78.1970555,-0.0374586],[-78.1944757,-0.038293],[-78.194248,-0.038307],[-78.1940281,-0.0382176],[-78.1938694,-0.0380402],[-78.1936263,-0.0371748],[-78.1935935,-0.0374169],[-78.1933126,-0.0374095],[-78.1925662,-0.0375289],[-78.1919099,-0.0378059],[-78.1917466,-0.037541],[-78.1916416,-0.0370421],[-78.1914142,-0.0363375],[-78.1912136,-0.0352454],[-78.191012,-0.0350237],[-78.1897507,-0.0353358],[-78.1897337,-0.0356395],[-78.1898447,-0.0361818],[-78.1901631,-0.0368082],[-78.1908447,-0.0379533],[-78.1912294,-0.0383446],[-78.1933248,-0.0409516],[-78.1935434,-0.0410813],[-78.1937902,-0.041141],[-78.1958661,-0.0411926],[-78.1964031,-0.041369],[-78.1964587,-0.0414112],[-78.1965824,-0.0416288],[-78.1965673,-0.0418021],[-78.1964924,-0.0418921],[-78.1960985,-0.0421347],[-78.195935,-0.0424323],[-78.1958454,-0.04268],[-78.1957951,-0.0430187],[-78.1958074,-0.0438232],[-78.1976013,-0.0438657],[-78.1978309,-0.0437906],[-78.1988478,-0.0426226],[-78.1988641,-0.0420807],[-78.1989815,-0.0417457],[-78.1991267,-0.0415069],[-78.1991448,-0.0413146],[-78.1992079,-0.0412718],[-78.1992813,-0.0413002],[-78.1992973,-0.041383],[-78.1990487,-0.0417717],[-78.1989314,-0.0421067],[-78.198933,-0.0426352],[-78.1979121,-0.0438184],[-78.1977678,-0.0439057],[-78.197611,-0.0439378],[-78.195804,-0.0438977],[-78.1957517,-0.0443535],[-78.195803,-0.0446619],[-78.1959698,-0.0449109],[-78.1972151,-0.0458042],[-78.198314,-0.0451225],[-78.1983878,-0.0449988],[-78.1987372,-0.044004],[-78.1990834,-0.0436026],[-78.1991898,-0.043596],[-78.1992238,-0.0436555],[-78.1992008,-0.0437229],[-78.1990021,-0.0438054],[-78.1987847,-0.0440669],[-78.1984549,-0.0450247],[-78.1983736,-0.0451635],[-78.1982663,-0.045259],[-78.197298,-0.0458542],[-78.1977685,-0.0461924],[-78.1989806,-0.0468585]],[[-78.1935241,-0.0328816],[-78.1933618,-0.0322147],[-78.1931504,-0.0310967],[-78.1928089,-0.0299808],[-78.1935499,-0.0299627],[-78.193935,-0.0300555],[-78.1940041,-0.0305365],[-78.1940872,-0.0307675],[-78.1941252,-0.0312474],[-78.194111,-0.0316953],[-78.1942964,-0.0325666],[-78.194339,-0.0330278],[-78.1944154,-0.0334281],[-78.1945641,-0.033836],[-78.1946148,-0.0341564],[-78.1939656,-0.0342113],[-78.1935241,-0.0328816]]],[[[-78.2004426,-0.0377527],[-78.2004977,-0.0376042],[-78.200595,-0.0374974],[-78.2010563,-0.0373046],[-78.2009758,-0.03704],[-78.2010166,-0.0365535],[-78.2009907,-0.0364168],[-78.2003255,-0.0352254],[-78.2002395,-0.0351338],[-78.1999164,-0.034984],[-78.1994989,-0.0348765],[-78.198788,-0.0349396],[-78.1986872,-0.0348912],[-78.1978643,-0.0331771],[-78.1974865,-0.0320463],[-78.1972165,-0.0308937],[-78.1971242,-0.0308039],[-78.1967394,-0.0306205],[-78.1966301,-0.0304983],[-78.1965908,-0.0303268],[-78.1966564,-0.029986],[-78.1960803,-0.0300833],[-78.1959411,-0.0300364],[-78.1958382,-0.029931],[-78.1957951,-0.0297349],[-78.1960797,-0.0281589],[-78.1960837,-0.0276989],[-78.1951298,-0.0241383],[-78.1950996,-0.0241186],[-78.1942164,-0.0243508],[-78.1939571,-0.0244819],[-78.1937276,-0.0246644],[-78.1933795,-0.0250532],[-78.1932693,-0.0252393],[-78.1934723,-0.0259631],[-78.1935113,-0.0262365],[-78.193527,-0.0266543],[-78.1931923,-0.0266294],[-78.1932281,-0.0270303],[-78.1934147,-0.0274931],[-78.1938136,-0.0282224],[-78.194196,-0.028483],[-78.1944869,-0.028807],[-78.1946833,-0.0292084],[-78.1946864,-0.0293381],[-78.1946347,-0.0294193],[-78.194885,-0.029719],[-78.195003,-0.029963],[-78.194953,-0.030148],[-78.195111,-0.03041],[-78.195106,-0.030524],[-78.195235,-0.031212],[-78.195712,-0.031496],[-78.1959,-0.03169],[-78.196133,-0.032171],[-78.196331,-0.032438],[-78.196378,-0.032668],[-78.196362,-0.03289],[-78.196483,-0.033356],[-78.196673,-0.03366],[-78.196841,-0.033751],[-78.196999,-0.033732],[-78.197185,-0.0338],[-78.197636,-0.034068],[-78.197801,-0.034228],[-78.19796,-0.034537],[-78.198099,-0.034904],[-78.198957,-0.035956],[-78.199371,-0.036587],[-78.200001,-0.037242],[-78.2002549,-0.0379915],[-78.2004514,-0.037924],[-78.2004426,-0.0377527]]],[[[-78.2001697,-0.0349009],[-78.2000258,-0.0347245],[-78.1997796,-0.0346671],[-78.1996265,-0.0345852],[-78.19955,-0.0344323],[-78.1993051,-0.034111],[-78.1992296,-0.0339263],[-78.1990508,-0.0337392],[-78.1989868,-0.0334112],[-78.1989523,-0.0333505],[-78.1988238,-0.0329553],[-78.1988594,-0.0328662],[-78.1987955,-0.0326878],[-78.1987906,-0.03238],[-78.1976854,-0.0323836],[-78.1979494,-0.0331491],[-78.1987634,-0.034852],[-78.1994918,-0.0347841],[-78.2001293,-0.0349322],[-78.2001697,-0.0349009]]],[[[-78.1958872,-0.0298112],[-78.1959489,-0.0299279],[-78.1960803,-0.0299925],[-78.1967103,-0.0298656],[-78.1967481,-0.029721],[-78.196735,-0.0296052],[-78.1964948,-0.0293127],[-78.1964752,-0.029152],[-78.1969134,-0.0281214],[-78.1970117,-0.0280331],[-78.1975396,-0.02772],[-78.1976208,-0.027626],[-78.197636,-0.0274797],[-78.1974499,-0.0269468],[-78.1974764,-0.0267441],[-78.1975479,-0.0266432],[-78.1976452,-0.0265772],[-78.1981736,-0.0264193],[-78.1981595,-0.0262951],[-78.1980054,-0.0258977],[-78.1975722,-0.0251305],[-78.1975395,-0.0246276],[-78.195634,-0.0256244],[-78.1961319,-0.0274655],[-78.1961821,-0.0277845],[-78.1961686,-0.0281715],[-78.1958872,-0.0298112]]],[[[-78.1987125,-0.0312492],[-78.1986805,-0.0311645],[-78.1986784,-0.0311176],[-78.1987572,-0.0306178],[-78.1986846,-0.0297855],[-78.1987435,-0.0295663],[-78.1987465,-0.0293866],[-78.1986102,-0.0288377],[-78.1985927,-0.0285109],[-78.1986529,-0.0283623],[-78.1987431,-0.027886],[-78.1987966,-0.0271575],[-78.1988978,-0.0269971],[-78.1988305,-0.0264308],[-78.1989009,-0.0263577],[-78.1988678,-0.0261793],[-78.198871,-0.0258689],[-78.1989715,-0.0256267],[-78.1989614,-0.0254329],[-78.1988348,-0.0252186],[-78.1987454,-0.024827],[-78.1987631,-0.0246744],[-78.1988117,-0.0246237],[-78.1987742,-0.024426],[-78.1988042,-0.0243477],[-78.198403,-0.0242343],[-78.1978761,-0.024003],[-78.1974411,-0.0239547],[-78.197652,-0.0245689],[-78.197647,-0.0247923],[-78.1980846,-0.0246414],[-78.1981539,-0.0248095],[-78.1976401,-0.0249877],[-78.1976507,-0.0251153],[-78.1978255,-0.0253304],[-78.1980517,-0.0257974],[-78.1984979,-0.0256437],[-78.1985644,-0.025805],[-78.1981157,-0.0259592],[-78.1982737,-0.0265044],[-78.1976049,-0.0267215],[-78.197658,-0.0272644],[-78.1978025,-0.0276649],[-78.1970066,-0.0281536],[-78.1965616,-0.029192],[-78.1968778,-0.0295949],[-78.1967172,-0.0304499],[-78.1972975,-0.0307859],[-78.1973187,-0.0306992],[-78.1973757,-0.0306777],[-78.1977355,-0.0306884],[-78.1980597,-0.0307674],[-78.1982129,-0.0308498],[-78.1987125,-0.0312492]]],[[[-78.200044,-0.0282088],[-78.2001641,-0.0276771],[-78.20067,-0.0264307],[-78.200829,-0.0259376],[-78.2008344,-0.0257722],[-78.200712,-0.0250726],[-78.2007671,-0.0245307],[-78.2007445,-0.0245016],[-78.1999359,-0.0251083],[-78.1998962,-0.0251881],[-78.1998161,-0.025616],[-78.199586,-0.0264759],[-78.1993381,-0.0285295],[-78.1993351,-0.0290118],[-78.1996033,-0.0288006],[-78.200044,-0.0282088]]],[[[-78.1999054,-0.0250099],[-78.200825,-0.0243274],[-78.2009136,-0.024084],[-78.201048,-0.0238825],[-78.2008386,-0.0237581],[-78.2006737,-0.0237015],[-78.2004904,-0.0236721],[-78.2003565,-0.0236888],[-78.1995645,-0.0239601],[-78.1991676,-0.0241372],[-78.1988345,-0.0243622],[-78.1988236,-0.024463],[-78.1988604,-0.0246192],[-78.1988156,-0.0246887],[-78.1988262,-0.02495],[-78.198937,-0.025263],[-78.1997932,-0.0252614],[-78.1998638,-0.0250475],[-78.1997006,-0.0247176],[-78.1996281,-0.0247533],[-78.1995807,-0.024656],[-78.1997029,-0.0245956],[-78.1999054,-0.0250099]]],[[[-78.1975106,-0.0245458],[-78.1973512,-0.0239764],[-78.1958686,-0.0238539],[-78.1957077,-0.0238834],[-78.1952137,-0.0240855],[-78.1956254,-0.0255355],[-78.1975106,-0.0245458]]],[[[-78.1994621,-0.023927],[-78.1994509,-0.0233988],[-78.199515,-0.0231347],[-78.1994399,-0.0231047],[-78.1994795,-0.0230039],[-78.1996048,-0.0230538],[-78.1996287,-0.022993],[-78.1995319,-0.0224557],[-78.1996001,-0.0219639],[-78.1997633,-0.0214729],[-78.1998121,-0.0212863],[-78.1997888,-0.021272],[-78.199511,-0.0219019],[-78.1992462,-0.0223043],[-78.1991959,-0.0226618],[-78.1990462,-0.0228874],[-78.1989309,-0.0233387],[-78.198944,-0.0236398],[-78.1988558,-0.0242428],[-78.1991328,-0.0240592],[-78.1994621,-0.023927]]],[[[-78.1982394,-0.0240993],[-78.1988011,-0.0242712],[-78.1988454,-0.023421],[-78.1989069,-0.0230898],[-78.1990082,-0.0228359],[-78.199167,-0.0225858],[-78.1991863,-0.02231],[-78.1992224,-0.0222272],[-78.1994418,-0.0219132],[-78.1996303,-0.0215268],[-78.1996779,-0.0212982],[-78.1997333,-0.0212482],[-78.1995534,-0.0210063],[-78.1988544,-0.0216718],[-78.1987126,-0.0218462],[-78.1980564,-0.0223496],[-78.1975105,-0.022826],[-78.1967995,-0.0237622],[-78.1968955,-0.0238488],[-78.197791,-0.0238876],[-78.1980417,-0.0239811],[-78.1982394,-0.0240993]]],[[[-78.1947646,-0.0240843],[-78.1951632,-0.0239891],[-78.1956766,-0.0237793],[-78.1958502,-0.0237468],[-78.1966536,-0.0238201],[-78.1968629,-0.0235034],[-78.1972987,-0.0229834],[-78.197432,-0.0227805],[-78.1975788,-0.0226468],[-78.1966963,-0.0217596],[-78.1947535,-0.0240412],[-78.1947646,-0.0240843]]],[[[-78.1992203,-0.0191711],[-78.1995076,-0.0192606],[-78.1995934,-0.0195543],[-78.1998448,-0.0197152],[-78.1998367,-0.0199813],[-78.1999708,-0.0203234],[-78.2006538,-0.0198131],[-78.201064,-0.0194207],[-78.2005154,-0.0193237],[-78.2002233,-0.0191898],[-78.1996593,-0.0188241],[-78.1989383,-0.0191514],[-78.1990504,-0.0192003],[-78.1992203,-0.0191711]]],[[[-78.1980846,-0.0190138],[-78.1982126,-0.019113],[-78.1984433,-0.0191974],[-78.1985653,-0.0191997],[-78.1992002,-0.0185249],[-78.1988555,-0.0183141],[-78.1986445,-0.0185893],[-78.1984396,-0.0184776],[-78.1982692,-0.018447],[-78.1979988,-0.0188416],[-78.1980846,-0.0190138]]],[[[-78.1988951,-0.0182625],[-78.1992489,-0.0184732],[-78.1992938,-0.0184255],[-78.1989451,-0.0181973],[-78.1988951,-0.0182625]]],[[[-78.1981861,-0.0179465],[-78.1968511,-0.0173142],[-78.1966755,-0.0171611],[-78.1964846,-0.0169312],[-78.1953277,-0.0173282],[-78.1953169,-0.0175071],[-78.1953912,-0.0175779],[-78.1956982,-0.0176918],[-78.1959116,-0.0178393],[-78.1961561,-0.0176827],[-78.1963691,-0.0180848],[-78.1966711,-0.0182015],[-78.1969894,-0.0181274],[-78.1976056,-0.0181147],[-78.1978153,-0.0181458],[-78.1979685,-0.0182707],[-78.1981861,-0.0179465]]],[[[-78.1977985,-0.0173449],[-78.1974649,-0.0169426],[-78.1973135,-0.0165558],[-78.1965294,-0.0168875],[-78.1967717,-0.0171543],[-78.1982367,-0.0178711],[-78.1982865,-0.0177968],[-78.1978915,-0.0176165],[-78.1977985,-0.0173449]]],[[[-78.1959761,-0.0163114],[-78.1957006,-0.0161375],[-78.1954557,-0.0163307],[-78.1955402,-0.016368],[-78.1955741,-0.0163298],[-78.1956962,-0.0164739],[-78.1957264,-0.0167068],[-78.1957186,-0.0168251],[-78.1956905,-0.0168313],[-78.1956713,-0.0169339],[-78.1962963,-0.0167197],[-78.1959761,-0.0163114]]],[[[-78.1972289,-0.0161496],[-78.1971495,-0.0158015],[-78.1974656,-0.015712],[-78.1978594,-0.0155185],[-78.1982507,-0.0152065],[-78.1978737,-0.0149548],[-78.1975789,-0.0146044],[-78.1970497,-0.0147293],[-78.1962304,-0.0149911],[-78.1954964,-0.0150072],[-78.1952209,-0.0155452],[-78.1956887,-0.0160018],[-78.1960521,-0.0162529],[-78.1962074,-0.0164265],[-78.1972289,-0.0161496]]],[[[-78.1969823,-0.0128869],[-78.1965052,-0.0129892],[-78.1962368,-0.0131549],[-78.1960998,-0.0133373],[-78.1960463,-0.0134815],[-78.1955025,-0.0139075],[-78.1953346,-0.0141024],[-78.1952296,-0.01393],[-78.1951879,-0.0136719],[-78.1942124,-0.013801],[-78.1941832,-0.0136772],[-78.1939724,-0.0137143],[-78.1940294,-0.0138883],[-78.1941104,-0.0144541],[-78.1942062,-0.0147839],[-78.1948067,-0.0146392],[-78.1949427,-0.0145698],[-78.1955027,-0.014929],[-78.1957838,-0.0143337],[-78.1962448,-0.0136089],[-78.1966898,-0.0131423],[-78.1971164,-0.0129021],[-78.1973802,-0.0127037],[-78.197355,-0.0126691],[-78.1969823,-0.0128869]]],[[[-78.1954615,-0.0106132],[-78.1955152,-0.0107142],[-78.1959665,-0.0103933],[-78.1961332,-0.0102295],[-78.1968184,-0.010318],[-78.1969407,-0.0102641],[-78.1972558,-0.0100024],[-78.1973379,-0.0098793],[-78.1973403,-0.0097574],[-78.1972618,-0.009489],[-78.1971843,-0.0094079],[-78.1961927,-0.009867],[-78.1961447,-0.0096554],[-78.1960006,-0.0094077],[-78.1958374,-0.0093277],[-78.1954833,-0.0099783],[-78.1951662,-0.0102996],[-78.1954615,-0.0106132]]],[[[-78.1965279,-0.1001648],[-78.1943641,-0.1002188],[-78.1943739,-0.1009998],[-78.1965385,-0.1009935],[-78.1965279,-0.1001648]]],[[[-78.191081,-0.0911741],[-78.1918385,-0.0916552],[-78.1930535,-0.0902654],[-78.1923536,-0.0898805],[-78.191081,-0.0911741]]],[[[-78.1917679,-0.0821082],[-78.1912654,-0.0814094],[-78.191656,-0.0803109],[-78.1913603,-0.080216],[-78.1911798,-0.080112],[-78.1905243,-0.0799434],[-78.1903399,-0.0806595],[-78.1897207,-0.0805432],[-78.18975,-0.0804169],[-78.1892752,-0.0803352],[-78.1890892,-0.0811417],[-78.1890563,-0.0811793],[-78.1885406,-0.081028],[-78.1879508,-0.080774],[-78.1874876,-0.0806608],[-78.1873435,-0.0811191],[-78.1876061,-0.0811929],[-78.1877676,-0.0811904],[-78.1880847,-0.0813224],[-78.1883082,-0.0814819],[-78.1887108,-0.0816144],[-78.1889197,-0.0816216],[-78.1892943,-0.0818653],[-78.1895241,-0.0819425],[-78.1897091,-0.082064],[-78.189879,-0.0820854],[-78.1902029,-0.0821923],[-78.190239,-0.0814707],[-78.1911967,-0.0813838],[-78.1912514,-0.0814236],[-78.1907236,-0.0819618],[-78.1906319,-0.081875],[-78.190352,-0.0817391],[-78.1902151,-0.0821999],[-78.1904761,-0.0825769],[-78.1914122,-0.0824057],[-78.1916839,-0.0822243],[-78.1917679,-0.0821082]]],[[[-78.1915416,-0.0802017],[-78.1921356,-0.0804054],[-78.1922508,-0.0799493],[-78.1916676,-0.0797931],[-78.1915416,-0.0802017]]],[[[-78.1943758,-0.0755875],[-78.1945822,-0.0754483],[-78.1948269,-0.0752231],[-78.1942063,-0.0743863],[-78.1939294,-0.0746536],[-78.1943758,-0.0755875]]],[[[-78.1946884,-0.0735588],[-78.194621,-0.0738217],[-78.1944671,-0.0741344],[-78.1952303,-0.0747686],[-78.1955888,-0.074325],[-78.1957873,-0.0739708],[-78.1946884,-0.0735588]]],[[[-78.1913087,-0.0733286],[-78.1909764,-0.0737705],[-78.1913629,-0.0741558],[-78.191854,-0.0736433],[-78.1916818,-0.0734361],[-78.1914214,-0.0734823],[-78.1913087,-0.0733286]]],[[[-78.1945946,-0.0736682],[-78.1946933,-0.0731467],[-78.1948084,-0.0728016],[-78.1948161,-0.0725943],[-78.1943181,-0.0725658],[-78.1945048,-0.0718364],[-78.1945084,-0.0716245],[-78.1942828,-0.0715883],[-78.1937906,-0.0717122],[-78.1931181,-0.0715591],[-78.1925309,-0.0714765],[-78.1926128,-0.0716464],[-78.1926332,-0.071778],[-78.1927329,-0.0719428],[-78.193088,-0.072073],[-78.1931043,-0.071794],[-78.1935523,-0.0719282],[-78.1934229,-0.0722021],[-78.1941661,-0.072534],[-78.1940507,-0.0730285],[-78.1932035,-0.0726543],[-78.1931081,-0.0727832],[-78.1927536,-0.0724868],[-78.1924264,-0.072328],[-78.1922573,-0.0725703],[-78.1922366,-0.0727988],[-78.1922872,-0.0729477],[-78.1927031,-0.0733331],[-78.1929461,-0.0730315],[-78.1930319,-0.0730435],[-78.1937552,-0.0735155],[-78.1938419,-0.0736156],[-78.1938216,-0.0736794],[-78.1943402,-0.0741605],[-78.1945026,-0.0739199],[-78.1945946,-0.0736682]]],[[[-78.1917944,-0.0733581],[-78.1921838,-0.073299],[-78.1925585,-0.0732421],[-78.1922445,-0.0729926],[-78.1917329,-0.0730742],[-78.1917944,-0.0733581]]],[[[-78.1920352,-0.0728206],[-78.1919562,-0.0727732],[-78.1919142,-0.0727509],[-78.1915684,-0.0725406],[-78.1913979,-0.0723354],[-78.1911922,-0.0722863],[-78.1908108,-0.0720574],[-78.1906749,-0.0720975],[-78.1905504,-0.0720763],[-78.1903265,-0.0721418],[-78.1902127,-0.0720969],[-78.1899769,-0.072088],[-78.1900506,-0.0724786],[-78.1894402,-0.072726],[-78.1892461,-0.0728759],[-78.1886863,-0.0722081],[-78.1885881,-0.0722815],[-78.1885345,-0.0723001],[-78.1882676,-0.0722932],[-78.188154,-0.0723716],[-78.1880164,-0.0723688],[-78.1879125,-0.0724373],[-78.1875801,-0.0724745],[-78.1873312,-0.0725525],[-78.1871152,-0.072523],[-78.1868981,-0.0725726],[-78.1872043,-0.0733653],[-78.1878953,-0.0729541],[-78.1882868,-0.0737379],[-78.1879721,-0.0739441],[-78.1876159,-0.0741214],[-78.1874585,-0.0738306],[-78.1870129,-0.0740024],[-78.1874644,-0.0748197],[-78.1876475,-0.0747728],[-78.1883161,-0.0744827],[-78.188398,-0.0744154],[-78.1885435,-0.0742041],[-78.188653,-0.074139],[-78.1889299,-0.0740512],[-78.1892061,-0.073702],[-78.189535,-0.0733677],[-78.1895986,-0.0732454],[-78.1902359,-0.0727909],[-78.1902616,-0.0728186],[-78.1899717,-0.0730486],[-78.1896544,-0.0732463],[-78.1895972,-0.0733459],[-78.1889478,-0.074082],[-78.1886531,-0.0741725],[-78.188568,-0.0742427],[-78.1884386,-0.0744521],[-78.1883456,-0.0745284],[-78.1876088,-0.0748359],[-78.1879808,-0.0754226],[-78.1883251,-0.0753972],[-78.1887955,-0.0752757],[-78.1891163,-0.0750965],[-78.1887803,-0.0744117],[-78.1891055,-0.074224],[-78.1895452,-0.0748764],[-78.1899763,-0.0745836],[-78.1901758,-0.0743299],[-78.1904032,-0.074121],[-78.1900809,-0.0737747],[-78.190102,-0.073756],[-78.1904229,-0.0741025],[-78.1908733,-0.0736895],[-78.1911984,-0.0732606],[-78.1913911,-0.0731039],[-78.1917615,-0.07295],[-78.1920717,-0.0729182],[-78.192111,-0.0728636],[-78.1920352,-0.0728206]]],[[[-78.1915989,-0.0725482],[-78.1921133,-0.0728597],[-78.1921563,-0.0725392],[-78.1922504,-0.0724338],[-78.191954,-0.0721524],[-78.1915989,-0.0725482]]],[[[-78.1921492,-0.0717548],[-78.1922763,-0.0716293],[-78.1923938,-0.0716083],[-78.1924354,-0.0715526],[-78.1922018,-0.0714452],[-78.1919192,-0.0712101],[-78.1915621,-0.0711101],[-78.1917856,-0.0718414],[-78.1921492,-0.0717548]]],[[[-78.1939216,-0.070563],[-78.1936883,-0.0716309],[-78.1938428,-0.0716549],[-78.1942769,-0.0715339],[-78.1944973,-0.0715629],[-78.1944825,-0.0714804],[-78.1945689,-0.0706518],[-78.1939216,-0.070563]]],[[[-78.195706,-0.0714063],[-78.1957229,-0.0708727],[-78.1957585,-0.0706637],[-78.1952221,-0.0703412],[-78.1950698,-0.0715921],[-78.195651,-0.0715439],[-78.1957627,-0.0715027],[-78.195706,-0.0714063]]],[[[-78.1951487,-0.0704706],[-78.1951737,-0.070333],[-78.1951501,-0.0703188],[-78.1949109,-0.0702378],[-78.1946365,-0.0701957],[-78.1946057,-0.0704218],[-78.1951487,-0.0704706]]],[[[-78.1958257,-0.0698961],[-78.1952668,-0.0698154],[-78.1952111,-0.0702353],[-78.1957778,-0.0705574],[-78.1958257,-0.0698961]]],[[[-78.1925536,-0.0699863],[-78.1926115,-0.0697331],[-78.1921324,-0.0696788],[-78.1921177,-0.0691828],[-78.1919325,-0.0691176],[-78.1919853,-0.07014],[-78.1925536,-0.0699863]]],[[[-78.1930785,-0.0696468],[-78.1927179,-0.0695378],[-78.1926139,-0.0699611],[-78.1932149,-0.0700947],[-78.1932598,-0.0696494],[-78.1930785,-0.0696468]]],[[[-78.1932638,-0.06956],[-78.193322,-0.0691547],[-78.1929332,-0.0689544],[-78.1927502,-0.0694457],[-78.1932638,-0.06956]]],[[[-78.1926986,-0.0694217],[-78.1929274,-0.0688195],[-78.1923829,-0.0686743],[-78.1926775,-0.0680232],[-78.1923743,-0.0677378],[-78.1926869,-0.0675282],[-78.1926016,-0.0672897],[-78.191492,-0.0680043],[-78.1916884,-0.0683601],[-78.1916809,-0.0689072],[-78.1917052,-0.0689402],[-78.1921253,-0.0690496],[-78.1926986,-0.0694217]]],[[[-78.1953519,-0.068762],[-78.195151,-0.0681359],[-78.1946948,-0.0680789],[-78.1948729,-0.0690048],[-78.1955366,-0.0690465],[-78.1953519,-0.068762]]],[[[-78.193135,-0.0681109],[-78.193045,-0.0685811],[-78.1933257,-0.0685029],[-78.1938239,-0.0684352],[-78.1938432,-0.067994],[-78.1933252,-0.068022],[-78.193135,-0.0681109]]],[[[-78.1940748,-0.0675194],[-78.1945554,-0.0675393],[-78.1944393,-0.0667184],[-78.1937715,-0.066747],[-78.1937843,-0.0675056],[-78.1936035,-0.0675092],[-78.193443,-0.0675114],[-78.1933893,-0.0667461],[-78.1930241,-0.0667432],[-78.1930997,-0.0675133],[-78.1931494,-0.0675154],[-78.1932286,-0.0680161],[-78.1934832,-0.0679636],[-78.1940791,-0.0679486],[-78.1940748,-0.0675194]]],[[[-78.1914636,-0.0679582],[-78.1916771,-0.0678207],[-78.1913521,-0.0672601],[-78.1911038,-0.0673538],[-78.1914636,-0.0679582]]],[[[-78.1954176,-0.0673473],[-78.1958612,-0.0672134],[-78.1955081,-0.0667858],[-78.1951657,-0.066788],[-78.1954176,-0.0673473]]],[[[-78.1920126,-0.0672453],[-78.1924985,-0.066969],[-78.1924268,-0.06672],[-78.1922528,-0.0666941],[-78.1920399,-0.0667762],[-78.1918129,-0.066919],[-78.1920126,-0.0672453]]],[[[-78.1921964,-0.0665624],[-78.1917981,-0.0659282],[-78.1908633,-0.0668691],[-78.1911466,-0.0668556],[-78.1916905,-0.0667703],[-78.1918901,-0.0667233],[-78.1921964,-0.0665624]]],[[[-78.1926749,-0.0665121],[-78.1939296,-0.0663514],[-78.1940875,-0.0662885],[-78.1948858,-0.0662398],[-78.1942688,-0.0657737],[-78.1940604,-0.0656916],[-78.1940852,-0.0656367],[-78.1935805,-0.0652918],[-78.1931979,-0.0657429],[-78.1924104,-0.0664182],[-78.1925114,-0.0665763],[-78.1926749,-0.0665121]]],[[[-78.1932098,-0.0656594],[-78.1935535,-0.0652677],[-78.1929795,-0.0647921],[-78.1923783,-0.0653374],[-78.192158,-0.0656568],[-78.1919921,-0.0657752],[-78.1922247,-0.0661392],[-78.1925812,-0.0657798],[-78.1927944,-0.0660258],[-78.1932098,-0.0656594]]],[[[-78.1914821,-0.0653417],[-78.1914576,-0.0653323],[-78.1916639,-0.064491],[-78.1914529,-0.0643262],[-78.1913389,-0.0641748],[-78.1913272,-0.0642382],[-78.1912121,-0.0640947],[-78.1911949,-0.0639827],[-78.1911022,-0.0639308],[-78.1910227,-0.0638298],[-78.1907473,-0.0637198],[-78.1906225,-0.0637284],[-78.190424,-0.0641811],[-78.1900704,-0.0653294],[-78.1908442,-0.065698],[-78.1910497,-0.0649804],[-78.1910844,-0.0649928],[-78.1908619,-0.0657936],[-78.1902489,-0.0663417],[-78.1907855,-0.0668589],[-78.1914532,-0.0662317],[-78.1911707,-0.0660159],[-78.1914821,-0.0653417]]],[[[-78.1951056,-0.065538],[-78.1951438,-0.0655835],[-78.1950865,-0.0661984],[-78.1952489,-0.0662228],[-78.1955173,-0.0647019],[-78.1954224,-0.0646376],[-78.1953806,-0.0648644],[-78.1953027,-0.064955],[-78.1952379,-0.0649608],[-78.1949604,-0.0646905],[-78.1948874,-0.0645673],[-78.19494,-0.0647002],[-78.1950665,-0.0648465],[-78.1950988,-0.0649334],[-78.1951056,-0.065538]]],[[[-78.1937151,-0.0651823],[-78.1936954,-0.0652861],[-78.1937572,-0.0653298],[-78.1938305,-0.0653334],[-78.1940259,-0.0655117],[-78.1942138,-0.0656149],[-78.1942386,-0.0654919],[-78.1944019,-0.065574],[-78.1947643,-0.0658333],[-78.1949544,-0.0660229],[-78.1949879,-0.0659265],[-78.1949987,-0.0656276],[-78.194974,-0.0655812],[-78.1949657,-0.064962],[-78.1948264,-0.0647777],[-78.194759,-0.0646163],[-78.1947149,-0.0643513],[-78.1944781,-0.0642051],[-78.1944295,-0.0644749],[-78.1933513,-0.0635061],[-78.1932799,-0.063832],[-78.1943791,-0.0647482],[-78.1942681,-0.0653286],[-78.1936861,-0.064882],[-78.1936223,-0.0651374],[-78.1937151,-0.0651823]]],[[[-78.1929299,-0.0646197],[-78.1927577,-0.0645291],[-78.1925739,-0.0645093],[-78.1923493,-0.0649555],[-78.1926553,-0.0650178],[-78.1929832,-0.0647402],[-78.192946,-0.0646744],[-78.1929299,-0.0646197]]],[[[-78.19206,-0.0645112],[-78.1919853,-0.0648977],[-78.1921569,-0.0649289],[-78.1922916,-0.0644945],[-78.1921202,-0.0645171],[-78.19206,-0.0645112]]],[[[-78.1948468,-0.0643589],[-78.1950156,-0.0646425],[-78.1951969,-0.064794],[-78.1952637,-0.0648898],[-78.1953154,-0.0648297],[-78.1953537,-0.0646044],[-78.1948468,-0.0643589]]],[[[-78.1917481,-0.0644837],[-78.1921198,-0.0645126],[-78.1923978,-0.0644616],[-78.1924882,-0.0644988],[-78.1927588,-0.0645247],[-78.1929003,-0.064585],[-78.1929339,-0.0646172],[-78.1929869,-0.0647375],[-78.1931,-0.0643792],[-78.1933666,-0.0630972],[-78.1926748,-0.0628528],[-78.1926569,-0.0629028],[-78.1926096,-0.0629031],[-78.1922719,-0.0628],[-78.1917481,-0.0644837]]],[[[-78.1922728,-0.0619607],[-78.1916261,-0.0612646],[-78.1913141,-0.0621881],[-78.192129,-0.0626278],[-78.1922728,-0.0619607]]],[[[-78.1938167,-0.0617914],[-78.1936719,-0.0614875],[-78.1934889,-0.0615937],[-78.1938167,-0.0617914]]],[[[-78.1922003,-0.0617419],[-78.1926932,-0.0621628],[-78.1927811,-0.0616457],[-78.1931304,-0.0613858],[-78.1932766,-0.0614695],[-78.1942112,-0.0602943],[-78.1931229,-0.0595127],[-78.1925901,-0.0602156],[-78.1920949,-0.0607932],[-78.1917934,-0.060629],[-78.1919131,-0.0599291],[-78.1909683,-0.0594034],[-78.1907316,-0.0601067],[-78.1913297,-0.060745],[-78.1915446,-0.0610355],[-78.19191,-0.0613864],[-78.1922003,-0.0617419]]],[[[-78.1946425,-0.0605485],[-78.194441,-0.0604295],[-78.1937327,-0.0614136],[-78.1938824,-0.0617214],[-78.1938358,-0.0617899],[-78.1939691,-0.061839],[-78.1941212,-0.0619568],[-78.1948217,-0.0607575],[-78.1946167,-0.0605884],[-78.1946425,-0.0605485]]],[[[-78.1931969,-0.0478025],[-78.1933258,-0.0476369],[-78.193544,-0.0471217],[-78.193629,-0.0468024],[-78.193642,-0.0464762],[-78.1935393,-0.0464161],[-78.1934337,-0.0462625],[-78.1933465,-0.0462661],[-78.1933161,-0.0462346],[-78.193312,-0.0461174],[-78.1932613,-0.046022],[-78.19318,-0.0459769],[-78.1930175,-0.0457378],[-78.1929942,-0.0456528],[-78.1930114,-0.0455585],[-78.192917,-0.0454153],[-78.1928737,-0.0452445],[-78.1915112,-0.0463245],[-78.1914105,-0.0461972],[-78.1911811,-0.0457137],[-78.1909475,-0.0458633],[-78.1908715,-0.0451932],[-78.1883219,-0.0453631],[-78.1885312,-0.0467519],[-78.1885732,-0.0467978],[-78.1892852,-0.0470776],[-78.1895793,-0.0470635],[-78.1901765,-0.0468692],[-78.1908705,-0.0467732],[-78.1909994,-0.0467965],[-78.1911242,-0.0469096],[-78.1911711,-0.0470663],[-78.1911777,-0.0474452],[-78.1910793,-0.0481606],[-78.1918457,-0.0479492],[-78.1918489,-0.0481698],[-78.1919423,-0.048402],[-78.1921843,-0.0483542],[-78.1921888,-0.0481085],[-78.1931782,-0.0479536],[-78.1931969,-0.0478025]]],[[[-78.1928045,-0.0346915],[-78.1927087,-0.0337064],[-78.1927241,-0.0336356],[-78.1926672,-0.0333618],[-78.1915539,-0.0306849],[-78.1915005,-0.0304012],[-78.1914968,-0.0297265],[-78.1916242,-0.0285735],[-78.1912913,-0.0285198],[-78.1908599,-0.0283862],[-78.190646,-0.0282844],[-78.1904887,-0.0281646],[-78.1904005,-0.0281407],[-78.1893044,-0.0280159],[-78.1897408,-0.028976],[-78.1899382,-0.0293234],[-78.1902211,-0.0300725],[-78.1901755,-0.0302937],[-78.1901127,-0.0303615],[-78.1896466,-0.0305986],[-78.1889119,-0.030828],[-78.1888815,-0.030861],[-78.188965,-0.0312118],[-78.1889921,-0.0315312],[-78.1889374,-0.0321785],[-78.1892589,-0.0328817],[-78.1894565,-0.0341993],[-78.1897054,-0.0352305],[-78.1897366,-0.0352462],[-78.1915334,-0.0348079],[-78.1924474,-0.0347852],[-78.1928045,-0.0346915]]],[[[-78.1916247,-0.0307749],[-78.1926414,-0.0332033],[-78.1926215,-0.0328678],[-78.1923833,-0.0313907],[-78.1921046,-0.0299526],[-78.191921,-0.0284355],[-78.1917955,-0.0284895],[-78.1917156,-0.0285664],[-78.1916722,-0.0289079],[-78.1915864,-0.0297326],[-78.1915754,-0.0301421],[-78.1916423,-0.0306692],[-78.1916247,-0.0307749]]],[[[-78.1944477,-0.0292619],[-78.1945818,-0.0293634],[-78.1944895,-0.0291911],[-78.1943539,-0.0290863],[-78.1943292,-0.0290423],[-78.1943224,-0.0290197],[-78.1943227,-0.0289638],[-78.194331,-0.0288893],[-78.194252,-0.0288314],[-78.1942314,-0.0288074],[-78.1942146,-0.0287533],[-78.194094,-0.0286999],[-78.1939545,-0.0284938],[-78.1938874,-0.0284937],[-78.1938589,-0.028484],[-78.1937675,-0.028429],[-78.193694,-0.0283626],[-78.193599,-0.0283516],[-78.19357,-0.0283417],[-78.1934989,-0.0282928],[-78.1933726,-0.0282742],[-78.1933157,-0.0282504],[-78.1932795,-0.0282044],[-78.1932384,-0.0281139],[-78.1931978,-0.0280666],[-78.1929168,-0.0279413],[-78.1927894,-0.0277633],[-78.1927405,-0.027661],[-78.1926993,-0.027545],[-78.1926291,-0.02723],[-78.1925762,-0.0271283],[-78.1925689,-0.0270005],[-78.1924475,-0.0270075],[-78.192646,-0.0266284],[-78.192651,-0.0262612],[-78.1925947,-0.0257685],[-78.1929108,-0.0251913],[-78.1924812,-0.0251303],[-78.1919532,-0.0259229],[-78.1918968,-0.0260748],[-78.1918417,-0.02668],[-78.1917967,-0.0268669],[-78.191908,-0.0277246],[-78.1920493,-0.0283546],[-78.1923104,-0.0283591],[-78.1926161,-0.0284315],[-78.1929227,-0.0282737],[-78.1925987,-0.0278762],[-78.1920891,-0.0269289],[-78.1921416,-0.0269456],[-78.1926886,-0.0279397],[-78.1933723,-0.0287513],[-78.1936965,-0.02903],[-78.1941611,-0.0291365],[-78.1944477,-0.0292619]]],[[[-78.193957,-0.02849],[-78.1940972,-0.0286966],[-78.194218,-0.0287502],[-78.1942551,-0.0288281],[-78.1943244,-0.0288727],[-78.1943351,-0.0288873],[-78.1943405,-0.0289212],[-78.1943269,-0.029019],[-78.1943575,-0.0290834],[-78.194465,-0.0291494],[-78.1945975,-0.0293465],[-78.19462,-0.0292736],[-78.1944597,-0.0288743],[-78.1941391,-0.0285085],[-78.1937509,-0.0282251],[-78.1933376,-0.0274636],[-78.1931999,-0.0270428],[-78.1931644,-0.0266273],[-78.1926972,-0.0265924],[-78.1925784,-0.0268797],[-78.1925807,-0.0271272],[-78.1926334,-0.0272285],[-78.1927036,-0.0275436],[-78.1928116,-0.0277911],[-78.19292,-0.027938],[-78.1932006,-0.028063],[-78.1932422,-0.0281115],[-78.1933185,-0.0282468],[-78.1935007,-0.0282886],[-78.1936002,-0.0283472],[-78.193695,-0.0283582],[-78.1937209,-0.0283684],[-78.1938611,-0.0284801],[-78.193957,-0.02849]]],[[[-78.1915214,-0.028468],[-78.1917105,-0.0283902],[-78.1918394,-0.0281623],[-78.19187,-0.0280461],[-78.1917549,-0.0269563],[-78.186576,-0.0259261],[-78.1865464,-0.0259412],[-78.1865404,-0.0261275],[-78.1866212,-0.0266103],[-78.186643,-0.0271398],[-78.1866715,-0.027223],[-78.1870213,-0.0271838],[-78.1874575,-0.0272555],[-78.1881809,-0.0275135],[-78.1885866,-0.0277736],[-78.1887409,-0.0278205],[-78.1897087,-0.0279879],[-78.1904238,-0.0280531],[-78.1905303,-0.0280845],[-78.1906937,-0.0282079],[-78.190889,-0.0283007],[-78.1915214,-0.028468]]],[[[-78.1917482,-0.0268819],[-78.191829,-0.0259766],[-78.1923624,-0.0251403],[-78.1923546,-0.0251026],[-78.1920451,-0.0250353],[-78.1912218,-0.0249428],[-78.1909475,-0.0248233],[-78.1906977,-0.0246554],[-78.190456,-0.0244193],[-78.1900832,-0.0238659],[-78.1898748,-0.0237044],[-78.1896591,-0.0236818],[-78.1891995,-0.0238164],[-78.1884506,-0.0239135],[-78.1874525,-0.0238774],[-78.1865154,-0.0237996],[-78.1865612,-0.0251049],[-78.1866062,-0.025391],[-78.1865678,-0.0258492],[-78.1917148,-0.0268788],[-78.1917482,-0.0268819]]],[[[-78.1938747,-0.0244088],[-78.1941833,-0.024247],[-78.1945564,-0.0241339],[-78.1962899,-0.022098],[-78.1950294,-0.0210835],[-78.194564,-0.021776],[-78.194384,-0.021926],[-78.194198,-0.022013],[-78.194018,-0.02224],[-78.193998,-0.022444],[-78.193532,-0.023492],[-78.193576,-0.023608],[-78.19351,-0.023947],[-78.193127,-0.024545],[-78.1930769,-0.025045],[-78.1938747,-0.0244088]]],[[[-78.1911859,-0.0248175],[-78.1920677,-0.0249291],[-78.1928893,-0.0250799],[-78.1929564,-0.0245551],[-78.1930297,-0.0243456],[-78.1932259,-0.0240284],[-78.1933119,-0.023817],[-78.1933297,-0.0234466],[-78.1935654,-0.0227834],[-78.1936818,-0.0225877],[-78.1937645,-0.0220701],[-78.1936845,-0.0220398],[-78.1937046,-0.0219754],[-78.1916301,-0.0205204],[-78.1898188,-0.0231447],[-78.1905232,-0.0243324],[-78.190777,-0.02458],[-78.1911859,-0.0248175]]],[[[-78.1950083,-0.0155127],[-78.1944745,-0.0148996],[-78.194244,-0.0149788],[-78.194264,-0.0151575],[-78.1940594,-0.0152353],[-78.194715,-0.0154495],[-78.1950083,-0.0155127]]],[[[-78.1926497,-0.0099991],[-78.1929434,-0.0099257],[-78.1923858,-0.0088289],[-78.1918946,-0.0079674],[-78.1914643,-0.0073255],[-78.191192,-0.007748],[-78.1907837,-0.0074704],[-78.1906178,-0.0072545],[-78.19101,-0.0068214],[-78.1906045,-0.0061189],[-78.1898226,-0.0065987],[-78.189653,-0.0068019],[-78.1894919,-0.0071653],[-78.1901938,-0.0078985],[-78.1904877,-0.0082512],[-78.1910262,-0.0082228],[-78.1911917,-0.0077486],[-78.1917177,-0.0086354],[-78.1919614,-0.0091817],[-78.1926497,-0.0099991]]],[[[-78.1948484,-0.0034288],[-78.1949041,-0.0032579],[-78.1947986,-0.0031383],[-78.194635,-0.0032939],[-78.1947832,-0.0034594],[-78.1948484,-0.0034288]]],[[[-78.1945823,-0.0031729],[-78.1947151,-0.0030028],[-78.1940416,-0.0022986],[-78.1939249,-0.0025009],[-78.1943525,-0.0029785],[-78.1943815,-0.0029501],[-78.1945823,-0.0031729]]],[[[-78.1875288,-0.100221],[-78.1881382,-0.1006186],[-78.1894983,-0.0995141],[-78.1890942,-0.0992265],[-78.1889309,-0.0990684],[-78.1875288,-0.100221]]],[[[-78.1891226,-0.0837158],[-78.1886499,-0.0834762],[-78.1888263,-0.0831134],[-78.1887281,-0.0829828],[-78.1886202,-0.0829792],[-78.1884491,-0.0833934],[-78.188182,-0.0832833],[-78.1883423,-0.0829729],[-78.187833,-0.0828011],[-78.1873709,-0.0827082],[-78.1869787,-0.0825215],[-78.1864935,-0.0833436],[-78.1863627,-0.0833296],[-78.1868764,-0.082479],[-78.1865438,-0.0823522],[-78.1862195,-0.082077],[-78.1857885,-0.0817979],[-78.1854038,-0.0813735],[-78.1853649,-0.0813712],[-78.1849281,-0.0809518],[-78.1841444,-0.0804909],[-78.1832373,-0.0800718],[-78.1829173,-0.0798727],[-78.1824116,-0.079978],[-78.1821385,-0.0799819],[-78.1817367,-0.0801735],[-78.181474,-0.080218],[-78.1814419,-0.0803262],[-78.1821238,-0.0806441],[-78.1824258,-0.0806705],[-78.182417,-0.0807059],[-78.1821399,-0.0806809],[-78.1809688,-0.0801454],[-78.1807443,-0.0808293],[-78.1810955,-0.0810064],[-78.1813347,-0.0812353],[-78.1817314,-0.0814896],[-78.1823131,-0.0817097],[-78.1826721,-0.0818007],[-78.1832799,-0.0821142],[-78.1839789,-0.0826951],[-78.1845247,-0.0833259],[-78.184978,-0.0836441],[-78.1849174,-0.0837435],[-78.1852674,-0.0838961],[-78.1856299,-0.0839877],[-78.1857825,-0.0840775],[-78.185817,-0.0840211],[-78.1861664,-0.0841373],[-78.1868545,-0.0841582],[-78.1876238,-0.0842889],[-78.1881169,-0.0843223],[-78.1882786,-0.084],[-78.1883593,-0.0840456],[-78.1885612,-0.08365],[-78.1891599,-0.0839126],[-78.1891226,-0.0837158]]],[[[-78.1893419,-0.0826074],[-78.189651,-0.0825379],[-78.1898146,-0.0825497],[-78.189828,-0.0825036],[-78.1898841,-0.0824964],[-78.1899291,-0.0821789],[-78.1897331,-0.0821402],[-78.1895866,-0.0820704],[-78.1893419,-0.0826074]]],[[[-78.1888519,-0.0828206],[-78.1891808,-0.0826635],[-78.1891163,-0.0826546],[-78.1889571,-0.0825223],[-78.189173,-0.0818804],[-78.1890245,-0.0817538],[-78.1889029,-0.0816983],[-78.1887297,-0.081684],[-78.1883587,-0.0815725],[-78.1877677,-0.0812722],[-78.1875774,-0.0812807],[-78.187193,-0.0812062],[-78.1869416,-0.0811996],[-78.1868679,-0.0811743],[-78.18673,-0.0810567],[-78.1864428,-0.0813605],[-78.18624,-0.0811418],[-78.1860406,-0.0806573],[-78.1864707,-0.0804367],[-78.1863835,-0.0802106],[-78.1863706,-0.0799803],[-78.1864051,-0.0797727],[-78.1864172,-0.0790626],[-78.1863124,-0.078847],[-78.1861339,-0.0779391],[-78.1860854,-0.0778555],[-78.1856892,-0.0775184],[-78.1856295,-0.0774331],[-78.1854078,-0.0774904],[-78.1849034,-0.0775372],[-78.1847043,-0.0779008],[-78.1845096,-0.0781782],[-78.1839633,-0.0787328],[-78.1837385,-0.0790271],[-78.1844888,-0.0794913],[-78.1842163,-0.079873],[-78.1834757,-0.0794301],[-78.1831497,-0.0798611],[-78.1832768,-0.0798766],[-78.1837089,-0.0801133],[-78.1843554,-0.0803663],[-78.1843985,-0.080413],[-78.1845797,-0.0804232],[-78.1846537,-0.0803737],[-78.1855565,-0.0793248],[-78.1855682,-0.0793598],[-78.1851794,-0.0798265],[-78.1846841,-0.0803699],[-78.1847968,-0.0805783],[-78.1847716,-0.080604],[-78.1849266,-0.0807253],[-78.1850647,-0.0807651],[-78.1851493,-0.0808706],[-78.1851086,-0.0809138],[-78.1854299,-0.0811021],[-78.185534,-0.0812411],[-78.185647,-0.0813287],[-78.1857766,-0.081518],[-78.1858145,-0.0815549],[-78.1858508,-0.081531],[-78.1859208,-0.0816947],[-78.1861576,-0.081761],[-78.1864734,-0.0820791],[-78.1866667,-0.0821552],[-78.1867034,-0.0822203],[-78.1868766,-0.0822888],[-78.1868608,-0.0823257],[-78.1871306,-0.0823648],[-78.1873413,-0.0825104],[-78.1877013,-0.0826508],[-78.1879576,-0.082686],[-78.188289,-0.0828448],[-78.1888519,-0.0828206]],[[-78.1850269,-0.0805023],[-78.1853768,-0.0800429],[-78.1856002,-0.0802446],[-78.1852901,-0.0806947],[-78.1850269,-0.0805023]]],[[[-78.1885175,-0.0757233],[-78.1887242,-0.0761123],[-78.1895491,-0.0759734],[-78.1893587,-0.075533],[-78.1885175,-0.0757233]]],[[[-78.1891715,-0.075178],[-78.1890634,-0.0752428],[-78.1892145,-0.0755307],[-78.1893367,-0.0755013],[-78.1891715,-0.075178]]],[[[-78.1909246,-0.0737482],[-78.1905015,-0.0741397],[-78.1909386,-0.074635],[-78.1913346,-0.0742275],[-78.1909337,-0.0738163],[-78.1909246,-0.0737482]]],[[[-78.1885736,-0.0722829],[-78.1886987,-0.0721932],[-78.1889123,-0.0721492],[-78.1886589,-0.0706672],[-78.1881288,-0.0707409],[-78.1884056,-0.0722815],[-78.1885736,-0.0722829]]],[[[-78.1910947,-0.0705401],[-78.1910652,-0.0699793],[-78.1909773,-0.0697187],[-78.1905088,-0.0691164],[-78.19018,-0.0685036],[-78.1900643,-0.068449],[-78.1894056,-0.068349],[-78.1896268,-0.0696447],[-78.1893314,-0.0696991],[-78.1892603,-0.0696669],[-78.1890491,-0.069312],[-78.1889486,-0.0692937],[-78.1887375,-0.0693246],[-78.1889014,-0.0705551],[-78.1895802,-0.0704858],[-78.1897143,-0.0705677],[-78.1898729,-0.0707992],[-78.1906714,-0.0709617],[-78.1911966,-0.0709004],[-78.1910636,-0.070762],[-78.1910947,-0.0705401]]],[[[-78.1913415,-0.0700545],[-78.1912304,-0.0694816],[-78.1908751,-0.0694747],[-78.1910786,-0.0698016],[-78.1911346,-0.0700554],[-78.1913415,-0.0700545]]],[[[-78.1897377,-0.0676488],[-78.1894485,-0.0674295],[-78.1894294,-0.0674507],[-78.1893095,-0.0673337],[-78.1891129,-0.067536],[-78.1895764,-0.067855],[-78.1895082,-0.0679589],[-78.1890476,-0.0675971],[-78.1886745,-0.0681057],[-78.1898337,-0.0683133],[-78.1898574,-0.0681126],[-78.1900734,-0.0681304],[-78.1901497,-0.0679108],[-78.1898094,-0.0675649],[-78.1897377,-0.0676488]]],[[[-78.1906562,-0.0682021],[-78.1908723,-0.0680255],[-78.1906491,-0.0676231],[-78.1904252,-0.0678042],[-78.1906562,-0.0682021]]],[[[-78.1910709,-0.0674067],[-78.1906755,-0.0676114],[-78.190795,-0.0678305],[-78.191184,-0.0676189],[-78.1910709,-0.0674067]]],[[[-78.1891837,-0.067387],[-78.1889829,-0.0671997],[-78.1892114,-0.0670054],[-78.188801,-0.0666048],[-78.188199,-0.0670881],[-78.1889489,-0.0676271],[-78.1891837,-0.067387]]],[[[-78.1899761,-0.067615],[-78.1903492,-0.0672731],[-78.1906008,-0.0675416],[-78.1908833,-0.0673845],[-78.1909758,-0.067292],[-78.1907891,-0.0669828],[-78.1902523,-0.0664427],[-78.1897925,-0.0668442],[-78.1901299,-0.0671658],[-78.190049,-0.0672387],[-78.18971,-0.0669162],[-78.1894648,-0.0671304],[-78.1899761,-0.067615]]],[[[-78.1912771,-0.0672768],[-78.1910678,-0.0669552],[-78.1908391,-0.0669773],[-78.1910754,-0.0673496],[-78.1912771,-0.0672768]]],[[[-78.1888803,-0.0665575],[-78.1891445,-0.0668237],[-78.1893944,-0.0666099],[-78.189118,-0.0663372],[-78.1888803,-0.0665575]]],[[[-78.1899201,-0.0661602],[-78.1896097,-0.0659193],[-78.1895747,-0.0659206],[-78.1892361,-0.0662295],[-78.189524,-0.066499],[-78.1899201,-0.0661602]]],[[[-78.1895179,-0.0658738],[-78.1891242,-0.0654913],[-78.1884032,-0.0661575],[-78.1888091,-0.0665404],[-78.1895179,-0.0658738]]],[[[-78.1896759,-0.0657057],[-78.190047,-0.0653356],[-78.1902341,-0.0646586],[-78.189464,-0.0643091],[-78.1892081,-0.0648648],[-78.1896357,-0.0651041],[-78.1893908,-0.0653948],[-78.1896759,-0.0657057]]],[[[-78.1901371,-0.0636969],[-78.1898875,-0.0636648],[-78.1895325,-0.0634447],[-78.1894194,-0.0634507],[-78.1893533,-0.0635243],[-78.1892682,-0.0635303],[-78.188692,-0.0631248],[-78.1883589,-0.0636435],[-78.1879073,-0.0641333],[-78.1884197,-0.0646092],[-78.188715,-0.0643335],[-78.1889553,-0.0640395],[-78.1902421,-0.064623],[-78.1903687,-0.0641821],[-78.1905481,-0.063723],[-78.1902363,-0.0637411],[-78.1901371,-0.0636969]]],[[[-78.1906541,-0.0636301],[-78.190588,-0.0636105],[-78.1905337,-0.0635836],[-78.190362,-0.0634744],[-78.1902014,-0.0633364],[-78.1901321,-0.0633116],[-78.1900418,-0.063303],[-78.190012,-0.0632905],[-78.1899959,-0.0632736],[-78.1899492,-0.0631674],[-78.1898896,-0.0631325],[-78.189702,-0.0629799],[-78.1895898,-0.0629712],[-78.1895558,-0.063102],[-78.1894165,-0.0633641],[-78.1893235,-0.0634539],[-78.1894471,-0.0633832],[-78.1895466,-0.0633921],[-78.1896561,-0.0634345],[-78.189899,-0.0636108],[-78.1900312,-0.063614],[-78.1902483,-0.0636872],[-78.1906255,-0.063661],[-78.1906541,-0.0636301]]],[[[-78.1911144,-0.0620687],[-78.1912747,-0.0621361],[-78.1915851,-0.0612245],[-78.1911211,-0.0606708],[-78.1907109,-0.0602404],[-78.1903288,-0.061207],[-78.1895036,-0.0628352],[-78.1895781,-0.0629077],[-78.1897046,-0.0629761],[-78.1899524,-0.063164],[-78.1900146,-0.0632867],[-78.1901328,-0.0633071],[-78.1902035,-0.0633324],[-78.1903647,-0.0634707],[-78.1906425,-0.0636219],[-78.190604,-0.0635104],[-78.1911144,-0.0620687]]],[[[-78.1891432,-0.0623589],[-78.1887406,-0.0620443],[-78.1886556,-0.0621935],[-78.1883762,-0.0619054],[-78.1883112,-0.0615573],[-78.1884019,-0.0613269],[-78.187932,-0.0611149],[-78.1877573,-0.061307],[-78.1875496,-0.0614553],[-78.1877195,-0.0615683],[-78.1875124,-0.0618814],[-78.1879613,-0.0622286],[-78.1880605,-0.0620633],[-78.1881064,-0.0620917],[-78.1878489,-0.0625377],[-78.188186,-0.062776],[-78.1886596,-0.0630342],[-78.1888253,-0.0627316],[-78.1891432,-0.0623589]]],[[[-78.1893328,-0.0612911],[-78.1892321,-0.061242],[-78.1891169,-0.0611563],[-78.1890282,-0.0609475],[-78.1888061,-0.0605837],[-78.1885702,-0.0604073],[-78.1883118,-0.0603651],[-78.188171,-0.0603998],[-78.1878851,-0.0605758],[-78.1877397,-0.0606275],[-78.1876309,-0.0607209],[-78.1880598,-0.0607185],[-78.1884109,-0.0609138],[-78.1885384,-0.061139],[-78.1885852,-0.0614235],[-78.1886288,-0.0617083],[-78.188564,-0.0618371],[-78.188566,-0.0618984],[-78.1886283,-0.0619161],[-78.1891414,-0.062337],[-78.1897212,-0.0613562],[-78.1893328,-0.0612911]]],[[[-78.1890931,-0.0610996],[-78.1893081,-0.0612722],[-78.189725,-0.0613498],[-78.1900139,-0.0608611],[-78.1895335,-0.0603063],[-78.1890861,-0.0610564],[-78.1890931,-0.0610996]]],[[[-78.1880278,-0.0604216],[-78.1883376,-0.0603327],[-78.1885916,-0.0603768],[-78.1888417,-0.0605745],[-78.1890641,-0.0609919],[-78.1894677,-0.060315],[-78.1888781,-0.0597645],[-78.1875424,-0.0586823],[-78.1881024,-0.0575829],[-78.1877458,-0.0570818],[-78.1875128,-0.056438],[-78.1865636,-0.0577516],[-78.1870652,-0.0581987],[-78.1866289,-0.0588185],[-78.186097,-0.0584739],[-78.1857588,-0.0590296],[-78.185901,-0.0591903],[-78.186203,-0.0593929],[-78.1865091,-0.0595278],[-78.1867741,-0.0597624],[-78.1868284,-0.0597771],[-78.1867109,-0.059985],[-78.186607,-0.0600464],[-78.1868148,-0.0603112],[-78.1871603,-0.0606311],[-78.1872326,-0.0606488],[-78.1873804,-0.0605448],[-78.1874346,-0.0605386],[-78.187472,-0.0606861],[-78.187577,-0.0607563],[-78.187794,-0.0605288],[-78.1878591,-0.060524],[-78.1880278,-0.0604216]]],[[[-78.1894674,-0.0590225],[-78.1891548,-0.0599531],[-78.1894802,-0.0602523],[-78.1898231,-0.059342],[-78.1894674,-0.0590225]]],[[[-78.1889757,-0.0597863],[-78.1892875,-0.058868],[-78.1891022,-0.058709],[-78.188778,-0.0596244],[-78.1889757,-0.0597863]]],[[[-78.1898729,-0.0592389],[-78.1900782,-0.0585364],[-78.189631,-0.0585291],[-78.1895015,-0.0589091],[-78.1898729,-0.0592389]]],[[[-78.1887709,-0.0584085],[-78.1881652,-0.0576599],[-78.1881135,-0.0576772],[-78.1876715,-0.0585364],[-78.1876354,-0.0586646],[-78.188574,-0.0594493],[-78.1889186,-0.0585514],[-78.1887709,-0.0584085]]],[[[-78.1892723,-0.0582514],[-78.1891437,-0.0586021],[-78.1893216,-0.0587548],[-78.189446,-0.0583859],[-78.1892723,-0.0582514]]],[[[-78.1881574,-0.0574753],[-78.1888213,-0.0583017],[-78.1889607,-0.0584447],[-78.1890918,-0.058108],[-78.1882833,-0.0572302],[-78.1881574,-0.0574753]]],[[[-78.1884377,-0.0478598],[-78.1884516,-0.0481476],[-78.1910505,-0.0476542],[-78.1910639,-0.0470768],[-78.1910476,-0.0469859],[-78.1909533,-0.0468945],[-78.1908777,-0.0468815],[-78.1902047,-0.0469739],[-78.1896066,-0.0471684],[-78.1892729,-0.0471854],[-78.1885246,-0.0468946],[-78.1884489,-0.0468267],[-78.1882228,-0.045483],[-78.1881348,-0.0446593],[-78.1881267,-0.0421393],[-78.1881047,-0.0419481],[-78.1879933,-0.0415694],[-78.1879111,-0.0413114],[-78.1878681,-0.0412633],[-78.1876724,-0.0412966],[-78.1871855,-0.0415258],[-78.1870254,-0.0416483],[-78.1868138,-0.0418977],[-78.1867701,-0.0419798],[-78.1868732,-0.0422158],[-78.18694,-0.0427174],[-78.1869498,-0.0429671],[-78.1869049,-0.0433602],[-78.1863299,-0.044064],[-78.1865773,-0.0443217],[-78.1866456,-0.0443417],[-78.1867965,-0.0445188],[-78.187012,-0.0451527],[-78.1870807,-0.0454735],[-78.1873754,-0.0461407],[-78.1878372,-0.046719],[-78.1880017,-0.04703],[-78.1882815,-0.0473778],[-78.1884377,-0.0478598]]],[[[-78.1882537,-0.0430891],[-78.188226,-0.0442883],[-78.1883161,-0.0452721],[-78.1905393,-0.0451411],[-78.1908201,-0.0450009],[-78.1905798,-0.0448457],[-78.1905496,-0.0447856],[-78.1902574,-0.0437587],[-78.1898876,-0.0436979],[-78.1891129,-0.0437466],[-78.1888076,-0.0437351],[-78.1888091,-0.0430429],[-78.1882537,-0.0430891]]],[[[-78.1888228,-0.0427421],[-78.188759,-0.0420692],[-78.188219,-0.0420038],[-78.1882458,-0.0430283],[-78.1888068,-0.0429887],[-78.1888228,-0.0427421]]],[[[-78.1887945,-0.0308383],[-78.1888836,-0.0307422],[-78.188593,-0.0308232],[-78.188701,-0.0312845],[-78.1887179,-0.0315475],[-78.1883367,-0.0324642],[-78.1882284,-0.0328504],[-78.1885004,-0.0335835],[-78.1885693,-0.033893],[-78.189221,-0.0344031],[-78.1893976,-0.0343594],[-78.1891733,-0.0329103],[-78.1888501,-0.0321996],[-78.1889024,-0.0315415],[-78.1888759,-0.0312229],[-78.1887945,-0.0308383]]],[[[-78.1900947,-0.0302532],[-78.1901283,-0.0300797],[-78.1898879,-0.0294325],[-78.1896607,-0.0290171],[-78.1891997,-0.027997],[-78.1887804,-0.0279204],[-78.1885854,-0.0278365],[-78.1881661,-0.0275791],[-78.187549,-0.0273522],[-78.1871224,-0.0272608],[-78.1866511,-0.0273114],[-78.1866011,-0.0272818],[-78.1865539,-0.027152],[-78.1865322,-0.0266226],[-78.1864507,-0.0261331],[-78.1864794,-0.0257418],[-78.1845727,-0.0257578],[-78.1835796,-0.0260698],[-78.1836076,-0.0274588],[-78.1821292,-0.0271794],[-78.1817405,-0.0278689],[-78.1819314,-0.0281495],[-78.1827362,-0.0285262],[-78.1830279,-0.0279216],[-78.1833537,-0.0278412],[-78.1837896,-0.0278298],[-78.1844147,-0.0281579],[-78.1846684,-0.0282566],[-78.184936,-0.0281578],[-78.185591,-0.0279894],[-78.1861293,-0.0281318],[-78.1863531,-0.028122],[-78.1860542,-0.0275684],[-78.1865619,-0.0273493],[-78.1866805,-0.0278083],[-78.1869667,-0.0279829],[-78.1871421,-0.0281658],[-78.1871367,-0.0282226],[-78.1870044,-0.0283268],[-78.1869983,-0.0284498],[-78.1872556,-0.0288357],[-78.1873527,-0.0291233],[-78.1875294,-0.0293593],[-78.1876539,-0.029467],[-78.1879533,-0.0295509],[-78.1879305,-0.0292776],[-78.188016,-0.0291141],[-78.1882934,-0.0291016],[-78.1887746,-0.0289029],[-78.1895841,-0.0305236],[-78.1900947,-0.0302532]]],[[[-78.1894644,-0.0071421],[-78.1896719,-0.006708],[-78.1898669,-0.0064956],[-78.1896853,-0.0064865],[-78.1895353,-0.006559],[-78.1893389,-0.0067286],[-78.1891629,-0.0069536],[-78.1892803,-0.0069933],[-78.1894644,-0.0071421]]],[[[-78.1905877,-0.0054876],[-78.1901182,-0.0057066],[-78.190493,-0.0061109],[-78.1908317,-0.0059807],[-78.1905877,-0.0054876]]],[[[-78.1881569,-0.0929338],[-78.1886595,-0.0918606],[-78.1864626,-0.0907013],[-78.186211,-0.0911717],[-78.1865928,-0.0918015],[-78.1867541,-0.0926746],[-78.1868299,-0.0929181],[-78.186888,-0.093473],[-78.1867977,-0.0941906],[-78.1867716,-0.0950536],[-78.1882079,-0.0950195],[-78.1881174,-0.0945814],[-78.1886987,-0.0939553],[-78.1878269,-0.0935171],[-78.1881569,-0.0929338]]],[[[-78.1864783,-0.0802529],[-78.1865502,-0.0804218],[-78.1874973,-0.079921],[-78.1873126,-0.0797085],[-78.1869279,-0.0797607],[-78.1868982,-0.0793809],[-78.1865361,-0.0793219],[-78.1865079,-0.0794486],[-78.186514,-0.079881],[-78.186459,-0.0798998],[-78.1864529,-0.0799983],[-78.1864783,-0.0802529]]],[[[-78.1882773,-0.0789704],[-78.1887511,-0.078662],[-78.1887262,-0.0785634],[-78.1880065,-0.0784186],[-78.1877763,-0.0784517],[-78.1875215,-0.0785387],[-78.1877176,-0.0791657],[-78.1879297,-0.0796845],[-78.1882773,-0.0789704]]],[[[-78.187304,-0.0767381],[-78.1866847,-0.0762162],[-78.1865099,-0.0765774],[-78.1871777,-0.0769869],[-78.187304,-0.0767381]]],[[[-78.187407,-0.0755406],[-78.1876295,-0.0754782],[-78.1872696,-0.0749348],[-78.1864208,-0.0751419],[-78.1863123,-0.0752199],[-78.1861263,-0.0755142],[-78.1863421,-0.0757863],[-78.1867348,-0.0754512],[-78.1870092,-0.0757839],[-78.187407,-0.0755406]]],[[[-78.1860395,-0.0713289],[-78.1860914,-0.0724159],[-78.1864373,-0.0723879],[-78.1868891,-0.0714621],[-78.1866554,-0.0710914],[-78.1860395,-0.0713289]]],[[[-78.1866751,-0.0709448],[-78.1866732,-0.0710512],[-78.1869362,-0.0714693],[-78.1872817,-0.0714717],[-78.1871329,-0.0708793],[-78.1866751,-0.0709448]]],[[[-78.1863773,-0.0699926],[-78.1866283,-0.0708528],[-78.1866583,-0.0708724],[-78.1880232,-0.0706758],[-78.1878726,-0.0694609],[-78.1861022,-0.0697028],[-78.1861025,-0.0697431],[-78.1863773,-0.0699926]]],[[[-78.1874861,-0.0681285],[-78.1866988,-0.0683213],[-78.1862541,-0.0685542],[-78.1854701,-0.0687551],[-78.1852698,-0.0687921],[-78.1849918,-0.0687322],[-78.184727,-0.0691216],[-78.1849246,-0.0692519],[-78.185425,-0.0693519],[-78.1856586,-0.0694424],[-78.1858927,-0.0695594],[-78.1859882,-0.0696401],[-78.1876438,-0.0694056],[-78.187663,-0.0693767],[-78.1874861,-0.0681285]]],[[[-78.1877153,-0.0693616],[-78.1877433,-0.069392],[-78.1885362,-0.069286],[-78.1884146,-0.0685232],[-78.1878341,-0.068177],[-78.1877544,-0.0681401],[-78.1875968,-0.0681369],[-78.1875478,-0.0681451],[-78.1877153,-0.0693616]]],[[[-78.1873706,-0.0677594],[-78.1870514,-0.0672563],[-78.1865042,-0.0674495],[-78.1864871,-0.0674935],[-78.1866691,-0.0677687],[-78.1865114,-0.0679522],[-78.1862927,-0.0680554],[-78.1862278,-0.0680559],[-78.1859068,-0.0677556],[-78.1858134,-0.0678067],[-78.1857917,-0.0679091],[-78.1861327,-0.0680567],[-78.1862531,-0.0684215],[-78.1873942,-0.0679837],[-78.1874124,-0.0679105],[-78.1873706,-0.0677594]]],[[[-78.1885078,-0.066791],[-78.1887417,-0.0665717],[-78.1878826,-0.0657721],[-78.1875553,-0.0660501],[-78.1875376,-0.0660297],[-78.1876147,-0.0659638],[-78.1874825,-0.0657987],[-78.1876104,-0.0656946],[-78.1877397,-0.0658571],[-78.187863,-0.0657533],[-78.1875662,-0.0654775],[-78.1866461,-0.0662435],[-78.1868163,-0.0664559],[-78.1868412,-0.0666089],[-78.1873592,-0.0661822],[-78.1874685,-0.0663526],[-78.1868773,-0.0668499],[-78.1869251,-0.0669921],[-78.1874089,-0.067661],[-78.1885078,-0.066791]]],[[[-78.1867657,-0.0664506],[-78.186629,-0.0662869],[-78.1862517,-0.0664092],[-78.185457,-0.0665664],[-78.1853895,-0.0662193],[-78.1838826,-0.0666666],[-78.1840059,-0.0671077],[-78.1843699,-0.0671251],[-78.1838694,-0.0676377],[-78.1839765,-0.0676905],[-78.1842277,-0.0677411],[-78.184445,-0.0674428],[-78.1846901,-0.0672209],[-78.1846825,-0.0671177],[-78.1848345,-0.0670807],[-78.1848212,-0.0673067],[-78.1850465,-0.0674541],[-78.1848293,-0.0674461],[-78.184526,-0.0678114],[-78.1849601,-0.0678965],[-78.1851795,-0.067724],[-78.1856323,-0.0677008],[-78.1857228,-0.0673643],[-78.185635,-0.0671932],[-78.1856326,-0.0671064],[-78.1855785,-0.0670892],[-78.1855403,-0.0669495],[-78.1863417,-0.06678],[-78.1866426,-0.0668818],[-78.1868362,-0.0668057],[-78.1867657,-0.0664506]]],[[[-78.1868581,-0.0659914],[-78.1875242,-0.065442],[-78.1870106,-0.0650241],[-78.1869352,-0.0650374],[-78.1866795,-0.0653124],[-78.186944,-0.0655129],[-78.1868648,-0.065593],[-78.186614,-0.0654041],[-78.1864319,-0.0656433],[-78.1868581,-0.0659914]]],[[[-78.1863659,-0.0655814],[-78.1866477,-0.065228],[-78.1863835,-0.0650232],[-78.1861137,-0.0653726],[-78.1863659,-0.0655814]]],[[[-78.1883738,-0.0646994],[-78.1882019,-0.0645182],[-78.1879824,-0.0647282],[-78.1877904,-0.0645247],[-78.1871833,-0.0650622],[-78.1875585,-0.0653784],[-78.1875874,-0.0653514],[-78.1876327,-0.0653984],[-78.1883738,-0.0646994]]],[[[-78.1868275,-0.0642959],[-78.18657,-0.0646049],[-78.1868599,-0.0648284],[-78.1871564,-0.0645597],[-78.1874064,-0.0647606],[-78.18766,-0.0645349],[-78.1873874,-0.0642814],[-78.1871112,-0.0645233],[-78.1868275,-0.0642959]]],[[[-78.1882341,-0.0628845],[-78.1877956,-0.0625694],[-78.1876228,-0.062924],[-78.1879818,-0.0632407],[-78.1875058,-0.0637344],[-78.1878687,-0.064095],[-78.1883613,-0.0635409],[-78.1880035,-0.063259],[-78.1882341,-0.0628845]]],[[[-78.1864508,-0.0630002],[-78.1861119,-0.0633944],[-78.1856987,-0.0639835],[-78.1856944,-0.0640053],[-78.1861072,-0.0642787],[-78.186483,-0.0637089],[-78.1869679,-0.0641408],[-78.1873788,-0.0636845],[-78.1865839,-0.0629021],[-78.1864508,-0.0630002]]],[[[-78.1870612,-0.0617721],[-78.1866551,-0.0623564],[-78.1868449,-0.062528],[-78.1868877,-0.0625295],[-78.1872896,-0.0618961],[-78.1870612,-0.0617721]]],[[[-78.1864337,-0.0621698],[-78.1868556,-0.0616235],[-78.1866295,-0.061459],[-78.1865316,-0.0615268],[-78.1861988,-0.061935],[-78.1864337,-0.0621698]]],[[[-78.1875689,-0.0607596],[-78.1872869,-0.0608408],[-78.1874755,-0.0614761],[-78.1877246,-0.0612869],[-78.1879365,-0.0610746],[-78.1883224,-0.0612484],[-78.1882882,-0.0611623],[-78.1881739,-0.0610959],[-78.1880567,-0.0607696],[-78.187923,-0.0607816],[-78.1878361,-0.06074],[-78.187759,-0.0607949],[-78.1875689,-0.0607596]]],[[[-78.1874532,-0.0564551],[-78.1866229,-0.055795],[-78.1855118,-0.0570667],[-78.1865225,-0.0577248],[-78.186912,-0.057212],[-78.1873042,-0.0566225],[-78.1874532,-0.0564551]]],[[[-78.1885268,-0.0554643],[-78.1880419,-0.0556875],[-78.1884044,-0.0561472],[-78.1887224,-0.0557371],[-78.1885268,-0.0554643]]],[[[-78.1877293,-0.055262],[-78.1882581,-0.0550578],[-78.1880024,-0.0546709],[-78.1874915,-0.0548658],[-78.1874914,-0.0549377],[-78.1877293,-0.055262]]],[[[-78.1853595,-0.0547376],[-78.1858872,-0.055161],[-78.1870675,-0.0545413],[-78.1873912,-0.0541974],[-78.1875543,-0.0538607],[-78.1868382,-0.0540853],[-78.1866148,-0.0539507],[-78.1853595,-0.0547376]]],[[[-78.1883598,-0.0535519],[-78.1876788,-0.053835],[-78.1875535,-0.0541528],[-78.1872849,-0.0544823],[-78.1877501,-0.0542924],[-78.1880024,-0.0546709],[-78.188384,-0.0544661],[-78.1881483,-0.054134],[-78.188567,-0.0539559],[-78.1883598,-0.0535519]]],[[[-78.1870207,-0.0520002],[-78.18706,-0.0520498],[-78.1874588,-0.051671],[-78.1872182,-0.0511893],[-78.1876062,-0.0509171],[-78.1874016,-0.050518],[-78.1883106,-0.0499012],[-78.188215,-0.0495439],[-78.188292,-0.0490705],[-78.1882221,-0.0487945],[-78.1882891,-0.0486207],[-78.1882807,-0.0485741],[-78.1882188,-0.0484647],[-78.1863128,-0.0497637],[-78.1863142,-0.0495799],[-78.1859681,-0.0487723],[-78.1860181,-0.0484279],[-78.1852016,-0.0487222],[-78.1861688,-0.0509605],[-78.1866842,-0.0506385],[-78.1868931,-0.0509842],[-78.1863461,-0.0513529],[-78.1865424,-0.0517779],[-78.1867809,-0.0521552],[-78.1868026,-0.0521754],[-78.1870207,-0.0520002]]],[[[-78.1882632,-0.0488307],[-78.1883289,-0.049037],[-78.1882539,-0.0496058],[-78.188342,-0.0498798],[-78.1883925,-0.0498455],[-78.1883313,-0.0496507],[-78.1882919,-0.0493305],[-78.1884469,-0.0489563],[-78.1884497,-0.0483106],[-78.1882488,-0.0484447],[-78.1883264,-0.0486086],[-78.1882632,-0.0488307]]],[[[-78.1867337,-0.0418568],[-78.1869584,-0.0415878],[-78.187135,-0.0414508],[-78.1876431,-0.041211],[-78.1878166,-0.0411793],[-78.1878331,-0.0411499],[-78.1871976,-0.039535],[-78.1871192,-0.0387055],[-78.1868145,-0.0372605],[-78.1865633,-0.0366333],[-78.1862391,-0.03597],[-78.1853448,-0.0365602],[-78.1838042,-0.0343804],[-78.1846688,-0.0340448],[-78.1844675,-0.0336254],[-78.1840587,-0.0329207],[-78.1839016,-0.0320547],[-78.1835616,-0.0321745],[-78.1830291,-0.0324718],[-78.1824915,-0.0329201],[-78.1835427,-0.0356172],[-78.1837169,-0.0357997],[-78.1837164,-0.0358642],[-78.1836609,-0.0359127],[-78.1836039,-0.0359077],[-78.1835613,-0.0358622],[-78.1824073,-0.0329105],[-78.1823555,-0.032884],[-78.1823379,-0.032815],[-78.1818964,-0.0325897],[-78.1818829,-0.0331701],[-78.1817744,-0.0333337],[-78.1815882,-0.0333581],[-78.1811966,-0.0330804],[-78.181158,-0.0331262],[-78.1813018,-0.0332984],[-78.1813267,-0.0333866],[-78.1815134,-0.0335087],[-78.1817577,-0.0338115],[-78.1819758,-0.0339183],[-78.1821977,-0.0340793],[-78.1828405,-0.0349542],[-78.1830181,-0.0354504],[-78.1833029,-0.0360301],[-78.1836126,-0.0364657],[-78.1840226,-0.0366985],[-78.1841732,-0.0370268],[-78.1841816,-0.0372531],[-78.1842644,-0.037488],[-78.18447,-0.0379236],[-78.1847001,-0.0381843],[-78.1847836,-0.0382343],[-78.1848272,-0.0383316],[-78.1848166,-0.0384876],[-78.184879,-0.0386209],[-78.1848746,-0.0387289],[-78.1849991,-0.0392032],[-78.1849971,-0.0394893],[-78.1849626,-0.0396658],[-78.1849905,-0.0397485],[-78.1851494,-0.0399554],[-78.1853664,-0.0399557],[-78.1859604,-0.0407453],[-78.186395,-0.040761],[-78.1865045,-0.0410354],[-78.1865101,-0.0412687],[-78.1865753,-0.0415424],[-78.1867337,-0.0418568]]],[[[-78.1884276,-0.0405498],[-78.1880453,-0.0394125],[-78.1879454,-0.0387704],[-78.1878087,-0.0383814],[-78.1878149,-0.0380813],[-78.1877829,-0.0379309],[-78.187811,-0.0378501],[-78.1877745,-0.0374133],[-78.187523,-0.0375043],[-78.1874974,-0.0375401],[-78.1874591,-0.037512],[-78.1873589,-0.0371561],[-78.1873586,-0.0363217],[-78.1872091,-0.0357008],[-78.1871663,-0.0353596],[-78.187012,-0.0352498],[-78.1869893,-0.0351524],[-78.1870509,-0.0348211],[-78.1871229,-0.0346915],[-78.1871363,-0.0344698],[-78.1869768,-0.0340444],[-78.1866358,-0.0332982],[-78.1865928,-0.0329984],[-78.1865423,-0.0329558],[-78.1865355,-0.0328774],[-78.1865413,-0.0326906],[-78.1865914,-0.0325295],[-78.1860708,-0.0326317],[-78.1860497,-0.0327195],[-78.1859398,-0.0326927],[-78.1858329,-0.0327069],[-78.1857453,-0.0326708],[-78.1855402,-0.0321955],[-78.1853711,-0.0314093],[-78.1853353,-0.0313921],[-78.1849278,-0.0316686],[-78.1846594,-0.0318039],[-78.1840221,-0.0320045],[-78.1840638,-0.0324452],[-78.184153,-0.032865],[-78.1845592,-0.0335681],[-78.1847317,-0.0339492],[-78.1848627,-0.0340845],[-78.1855023,-0.034976],[-78.1856569,-0.0351486],[-78.1859613,-0.0353005],[-78.1861157,-0.0354362],[-78.1866609,-0.0365875],[-78.1869153,-0.0372221],[-78.1870344,-0.0377008],[-78.186985,-0.037699],[-78.1873189,-0.0393922],[-78.1873399,-0.0396488],[-78.1879783,-0.0412884],[-78.1885276,-0.0411128],[-78.1884675,-0.0409237],[-78.1884276,-0.0405498]]],[[[-78.1839501,-0.0978958],[-78.1831564,-0.098985],[-78.1835774,-0.0995593],[-78.1842328,-0.0990039],[-78.1847861,-0.0997155],[-78.1853639,-0.0992931],[-78.1854135,-0.0992263],[-78.1854781,-0.0990124],[-78.1853496,-0.0989097],[-78.1852102,-0.0988762],[-78.1848525,-0.0984835],[-78.1844322,-0.0981311],[-78.1839501,-0.0978958]]],[[[-78.1845935,-0.0977288],[-78.1842988,-0.0979164],[-78.1840402,-0.0977751],[-78.1839799,-0.0978501],[-78.1844615,-0.0980854],[-78.1848914,-0.0984458],[-78.1851894,-0.0987855],[-78.1852913,-0.09884],[-78.1851511,-0.0984713],[-78.184751,-0.0979031],[-78.1845935,-0.0977288]]],[[[-78.1870263,-0.096773],[-78.186724,-0.0964304],[-78.1846424,-0.0976983],[-78.18524,-0.0984628],[-78.1870457,-0.0968877],[-78.1870263,-0.096773]]],[[[-78.1848003,-0.0938303],[-78.1836746,-0.0937863],[-78.1836251,-0.0937721],[-78.183331,-0.0934556],[-78.1824015,-0.0931624],[-78.1823656,-0.093459],[-78.1820257,-0.0938124],[-78.1818541,-0.0941287],[-78.1817769,-0.0945211],[-78.181775,-0.0947507],[-78.181809,-0.094969],[-78.1818673,-0.0950772],[-78.1818459,-0.0951904],[-78.181888,-0.0953576],[-78.1821417,-0.0956279],[-78.1826083,-0.0958774],[-78.1830786,-0.0945263],[-78.1846364,-0.0948243],[-78.1867189,-0.094733],[-78.1867587,-0.093988],[-78.1868282,-0.0934268],[-78.1867507,-0.0928839],[-78.1866704,-0.0925921],[-78.1850823,-0.0922509],[-78.1848003,-0.0938303]]],[[[-78.1843402,-0.0834763],[-78.1839374,-0.0828719],[-78.1836478,-0.083023],[-78.1833763,-0.0833301],[-78.1829693,-0.0829447],[-78.1830185,-0.0828705],[-78.1823813,-0.0827376],[-78.1822654,-0.0832407],[-78.1820229,-0.0831446],[-78.1819129,-0.0832631],[-78.1819825,-0.0833179],[-78.18156,-0.0835088],[-78.1819604,-0.084132],[-78.1821284,-0.0842606],[-78.1823847,-0.0842509],[-78.1829819,-0.0843735],[-78.1831416,-0.0841804],[-78.1830973,-0.0840596],[-78.1829056,-0.0838369],[-78.1825318,-0.0837043],[-78.1820975,-0.0836178],[-78.1821451,-0.0834458],[-78.1821804,-0.0834737],[-78.1821486,-0.0835988],[-78.182495,-0.083656],[-78.1828921,-0.0837756],[-78.1830168,-0.0838844],[-78.1831686,-0.0840964],[-78.1831848,-0.0841866],[-78.1831235,-0.0842906],[-78.1832481,-0.0843804],[-78.1832514,-0.084443],[-78.1833593,-0.0843826],[-78.1833624,-0.0843355],[-78.1834502,-0.0842643],[-78.1837162,-0.0841296],[-78.1840352,-0.0838262],[-78.1840614,-0.0837219],[-78.1842908,-0.0834887],[-78.1843402,-0.0834763]]],[[[-78.1843663,-0.0751483],[-78.1845312,-0.0755787],[-78.185196,-0.0754905],[-78.1853676,-0.0761731],[-78.185606,-0.0760688],[-78.1857827,-0.0758867],[-78.1858421,-0.0757657],[-78.1861117,-0.0754492],[-78.1862719,-0.0751823],[-78.1863975,-0.0750919],[-78.187011,-0.0749648],[-78.1865668,-0.0741564],[-78.1857549,-0.0728759],[-78.1854723,-0.0729841],[-78.1848671,-0.0729832],[-78.1846814,-0.0730492],[-78.1842945,-0.0730214],[-78.1838643,-0.0728854],[-78.1834933,-0.0728849],[-78.1828207,-0.0727854],[-78.1824383,-0.0727999],[-78.1823089,-0.0728599],[-78.1821796,-0.072864],[-78.1815792,-0.0727317],[-78.181448,-0.0726166],[-78.1811376,-0.0726115],[-78.1809957,-0.0725657],[-78.1806604,-0.0725779],[-78.1803289,-0.0724473],[-78.1803984,-0.0730095],[-78.1803114,-0.0730383],[-78.180344,-0.0734182],[-78.1802463,-0.0738497],[-78.1802448,-0.0742228],[-78.1798,-0.0742664],[-78.1799215,-0.0752024],[-78.1801082,-0.0751114],[-78.1808872,-0.0750533],[-78.1806778,-0.073823],[-78.1807184,-0.0729688],[-78.181134,-0.0729364],[-78.1811121,-0.0737714],[-78.1814222,-0.0749525],[-78.1819507,-0.0748909],[-78.1824189,-0.0747822],[-78.1822671,-0.0743],[-78.182093,-0.0735716],[-78.182983,-0.0734017],[-78.183349,-0.074733],[-78.1842038,-0.0746792],[-78.1842151,-0.0747119],[-78.1833697,-0.0747661],[-78.1838179,-0.0764106],[-78.1842554,-0.0764365],[-78.183959,-0.0751411],[-78.1843663,-0.0751483]]],[[[-78.1842878,-0.0713049],[-78.1834127,-0.0713587],[-78.1834221,-0.0716141],[-78.1842989,-0.0716218],[-78.1842878,-0.0713049]]],[[[-78.1851221,-0.0712187],[-78.1850744,-0.0702992],[-78.1842332,-0.0704477],[-78.1842856,-0.0712326],[-78.1851221,-0.0712187]]],[[[-78.1852048,-0.0712077],[-78.1860425,-0.0712562],[-78.1866028,-0.0710331],[-78.1864933,-0.0706318],[-78.1862956,-0.0706459],[-78.1862465,-0.0704449],[-78.1864286,-0.070396],[-78.1862879,-0.0699909],[-78.1858541,-0.0696204],[-78.1854364,-0.0694308],[-78.1851195,-0.0693668],[-78.1850884,-0.0693946],[-78.1852048,-0.0712077]]],[[[-78.184754,-0.0692423],[-78.1844976,-0.0689975],[-78.1842745,-0.0688427],[-78.184047,-0.0688068],[-78.1837494,-0.0688375],[-78.183455,-0.0686217],[-78.1832255,-0.0685332],[-78.1831946,-0.068545],[-78.1833329,-0.0698432],[-78.1841912,-0.0698226],[-78.1842078,-0.0699907],[-78.1850457,-0.0698657],[-78.1849945,-0.0693424],[-78.184754,-0.0692423]]],[[[-78.1852478,-0.0661643],[-78.1851775,-0.0660284],[-78.1854232,-0.0659009],[-78.1855158,-0.0660923],[-78.1859758,-0.0659935],[-78.1856935,-0.0656626],[-78.1855299,-0.0655527],[-78.1852655,-0.0657685],[-78.1850901,-0.0658675],[-78.1850108,-0.0657301],[-78.1848573,-0.0658166],[-78.1841419,-0.0652251],[-78.1828861,-0.0664773],[-78.1824619,-0.0668297],[-78.1833474,-0.0667155],[-78.1852478,-0.0661643]]],[[[-78.1861787,-0.0647563],[-78.1860745,-0.0646737],[-78.1862377,-0.0644477],[-78.185668,-0.0640764],[-78.1854684,-0.0643429],[-78.1855638,-0.0644111],[-78.1850413,-0.0651244],[-78.1851699,-0.0652506],[-78.1856133,-0.0655433],[-78.1861787,-0.0647563]]],[[[-78.1841903,-0.0645776],[-78.1838924,-0.0643682],[-78.1838325,-0.0643561],[-78.1835279,-0.0640552],[-78.1833779,-0.0637839],[-78.1832661,-0.0634693],[-78.1831844,-0.0633488],[-78.18309,-0.0633631],[-78.1829436,-0.0634575],[-78.1821067,-0.0642349],[-78.1824259,-0.064791],[-78.1820393,-0.0651113],[-78.182849,-0.0664226],[-78.1841787,-0.0651165],[-78.1844511,-0.0648109],[-78.1841903,-0.0645776]]],[[[-78.184546,-0.064759],[-78.1847949,-0.0648493],[-78.1849897,-0.0643679],[-78.1845004,-0.0640392],[-78.1842536,-0.0645445],[-78.1843094,-0.0646363],[-78.1844816,-0.0647886],[-78.184546,-0.064759]]],[[[-78.1843519,-0.0637125],[-78.184602,-0.0634104],[-78.1837834,-0.0629039],[-78.1837369,-0.0627863],[-78.1833023,-0.0633407],[-78.1836299,-0.0640695],[-78.1838945,-0.0643173],[-78.1842419,-0.0636277],[-78.1843519,-0.0637125]]],[[[-78.1850452,-0.0635773],[-78.1853529,-0.0637681],[-78.1855436,-0.0634907],[-78.1852308,-0.0632841],[-78.1851196,-0.0633896],[-78.1850452,-0.0635773]]],[[[-78.1860503,-0.0634134],[-78.1862627,-0.0631104],[-78.1867935,-0.0625765],[-78.1861558,-0.0620286],[-78.1858488,-0.0624054],[-78.1854836,-0.0629663],[-78.1860503,-0.0634134]]],[[[-78.1844901,-0.0624189],[-78.1847749,-0.0625897],[-78.1853327,-0.0631167],[-78.1858166,-0.0623515],[-78.1860471,-0.062076],[-78.1853653,-0.0616189],[-78.1852534,-0.0617347],[-78.1844882,-0.0612084],[-78.184582,-0.0610648],[-78.1838668,-0.0606577],[-78.1836636,-0.0609659],[-78.183413,-0.0612701],[-78.1832286,-0.0616399],[-78.1832853,-0.0617735],[-78.1837424,-0.0619709],[-78.1837915,-0.062088],[-78.1837482,-0.0621221],[-78.1836883,-0.062013],[-78.183582,-0.0619538],[-78.1832673,-0.0618291],[-78.1831293,-0.0618152],[-78.1829353,-0.0620801],[-78.1828548,-0.0622428],[-78.1827714,-0.0625124],[-78.1827892,-0.0626107],[-78.1830338,-0.0630224],[-78.1832616,-0.0633049],[-78.1836981,-0.0627485],[-78.183617,-0.0626747],[-78.1832547,-0.0625189],[-78.1832669,-0.0624682],[-78.1836417,-0.0626248],[-78.1837782,-0.0627157],[-78.1838464,-0.0628552],[-78.1842257,-0.0630862],[-78.1844901,-0.0624189]]],[[[-78.1866017,-0.0613335],[-78.1860385,-0.0610759],[-78.1857956,-0.0610469],[-78.1859838,-0.0606879],[-78.1855384,-0.0605535],[-78.1847778,-0.0601332],[-78.1843904,-0.0599981],[-78.1838854,-0.0606136],[-78.1846504,-0.0610592],[-78.184539,-0.0611942],[-78.1851658,-0.0616307],[-78.1852429,-0.0616685],[-78.1853808,-0.0615513],[-78.186059,-0.0620166],[-78.1866262,-0.0613832],[-78.1866017,-0.0613335]]],[[[-78.1846568,-0.0511166],[-78.1836637,-0.0514865],[-78.1846709,-0.0523135],[-78.1859584,-0.0517121],[-78.1858758,-0.0514299],[-78.1857371,-0.0513545],[-78.1855719,-0.0511998],[-78.1854083,-0.050984],[-78.1859117,-0.0506589],[-78.1851306,-0.0488461],[-78.1850949,-0.048832],[-78.1849293,-0.0489127],[-78.1846258,-0.0491126],[-78.1845039,-0.049389],[-78.1844416,-0.0497771],[-78.184484,-0.0500887],[-78.1846044,-0.0503367],[-78.1845963,-0.0504138],[-78.1846783,-0.0505101],[-78.184803,-0.0505689],[-78.1848879,-0.0506658],[-78.185011,-0.0507395],[-78.184994,-0.0511349],[-78.1847975,-0.051993],[-78.1847732,-0.0520148],[-78.1849674,-0.050971],[-78.1846568,-0.0511166]]],[[[-78.1840341,-0.0497104],[-78.1839233,-0.0494304],[-78.1835169,-0.0496845],[-78.1834434,-0.0498671],[-78.1829808,-0.0496015],[-78.1826719,-0.0498616],[-78.1831794,-0.0502966],[-78.1840341,-0.0497104]]],[[[-78.184575,-0.0490602],[-78.184104,-0.049407],[-78.1839698,-0.0494472],[-78.1839958,-0.049585],[-78.1840354,-0.0496175],[-78.1842819,-0.0501677],[-78.1845026,-0.0503021],[-78.1844139,-0.0501046],[-78.1843692,-0.0497749],[-78.1844342,-0.0493697],[-78.184575,-0.0490602]]],[[[-78.1844344,-0.0470913],[-78.1836526,-0.0457413],[-78.1832019,-0.0451372],[-78.1829906,-0.0445115],[-78.1825279,-0.0439498],[-78.1824868,-0.0438245],[-78.1824448,-0.0434292],[-78.1823306,-0.0433568],[-78.1822283,-0.0433479],[-78.1820562,-0.0433822],[-78.1816949,-0.0435314],[-78.1816004,-0.0435159],[-78.1815383,-0.0434233],[-78.1814607,-0.0429855],[-78.1804246,-0.0441262],[-78.1809102,-0.0444111],[-78.1802287,-0.0448106],[-78.1805655,-0.0453843],[-78.1808362,-0.0456163],[-78.1809487,-0.0458322],[-78.1810526,-0.0459103],[-78.1810765,-0.0460195],[-78.1811466,-0.0460437],[-78.1812087,-0.0461411],[-78.1813182,-0.0465593],[-78.1813868,-0.0466176],[-78.1813829,-0.0467077],[-78.1814705,-0.046751],[-78.1815,-0.0468474],[-78.1816118,-0.0469808],[-78.1828933,-0.0464011],[-78.1834207,-0.0470563],[-78.1830475,-0.0472019],[-78.182656,-0.0474465],[-78.1826901,-0.0475729],[-78.1827982,-0.0477587],[-78.1828881,-0.0478347],[-78.1830167,-0.0480714],[-78.1831874,-0.0482328],[-78.1834056,-0.0480774],[-78.183385,-0.048042],[-78.1835172,-0.047971],[-78.1845914,-0.0475672],[-78.1844344,-0.0470913]]],[[[-78.1857237,-0.0469063],[-78.1854628,-0.0462611],[-78.1848526,-0.0464586],[-78.1843515,-0.0466704],[-78.1845331,-0.0470473],[-78.184722,-0.04758],[-78.1857213,-0.047251],[-78.1858062,-0.0471052],[-78.1858001,-0.0470056],[-78.1857237,-0.0469063]]],[[[-78.1852562,-0.0459889],[-78.1851303,-0.0453677],[-78.1850027,-0.0449436],[-78.1846306,-0.0443503],[-78.1845672,-0.0438971],[-78.184488,-0.0437124],[-78.1844994,-0.043637],[-78.1844441,-0.0435281],[-78.1844067,-0.043256],[-78.184277,-0.043079],[-78.1841687,-0.0427073],[-78.1841029,-0.0427401],[-78.1840602,-0.0425258],[-78.1839121,-0.0422392],[-78.1839212,-0.0419756],[-78.1838921,-0.0418662],[-78.1837523,-0.041675],[-78.1835731,-0.0415632],[-78.1833103,-0.041582],[-78.182846,-0.0419984],[-78.1829261,-0.042058],[-78.1830519,-0.0424931],[-78.1830438,-0.0426612],[-78.1833162,-0.0431347],[-78.1825804,-0.0434976],[-78.1826123,-0.0438758],[-78.183081,-0.0444525],[-78.1832908,-0.0450753],[-78.1837259,-0.0456564],[-78.1843404,-0.0466522],[-78.1849087,-0.0464169],[-78.1854472,-0.0462544],[-78.1852562,-0.0459889]]],[[[-78.1842165,-0.0419524],[-78.1843702,-0.0425114],[-78.1848497,-0.042221],[-78.184889,-0.0417245],[-78.1848777,-0.0408688],[-78.184538,-0.0403802],[-78.1839995,-0.0394373],[-78.1839003,-0.0388192],[-78.183372,-0.0376619],[-78.1826169,-0.0381633],[-78.1829325,-0.0389964],[-78.1835912,-0.0403716],[-78.1837733,-0.0407291],[-78.1840144,-0.0410402],[-78.1841368,-0.041267],[-78.1842025,-0.0414723],[-78.1841883,-0.0417168],[-78.1842165,-0.0419524]]],[[[-78.1837327,-0.0319837],[-78.1845428,-0.0317567],[-78.1848818,-0.0315909],[-78.1853763,-0.0312515],[-78.1853526,-0.0310514],[-78.1846046,-0.0313891],[-78.1839562,-0.0315818],[-78.1835613,-0.0317393],[-78.1837327,-0.0319837]]],[[[-78.1819505,-0.1089701],[-78.1825685,-0.1116586],[-78.1834253,-0.1114138],[-78.1828044,-0.1087305],[-78.1819505,-0.1089701]]],[[[-78.1807752,-0.108991],[-78.1814375,-0.1106149],[-78.1816085,-0.11132],[-78.1817237,-0.1121746],[-78.1826526,-0.112358],[-78.182667,-0.1123276],[-78.1806219,-0.1035203],[-78.1803419,-0.1036994],[-78.1801316,-0.1039385],[-78.181093,-0.1080253],[-78.1805813,-0.108297],[-78.1807752,-0.108991]]],[[[-78.1807842,-0.0937457],[-78.1809787,-0.0939239],[-78.1810342,-0.0940189],[-78.1809837,-0.0941063],[-78.1810633,-0.0942707],[-78.1810694,-0.0943565],[-78.1810589,-0.0944359],[-78.1811306,-0.0947128],[-78.1811515,-0.095104],[-78.1811754,-0.0951084],[-78.1813549,-0.0949954],[-78.1814755,-0.0947894],[-78.1811116,-0.0940103],[-78.1808298,-0.0936853],[-78.1807842,-0.0937457]]],[[[-78.181094,-0.0946025],[-78.1810545,-0.0944367],[-78.1810589,-0.094272],[-78.1809792,-0.0941062],[-78.1810252,-0.094008],[-78.1807501,-0.0937093],[-78.1799759,-0.0942156],[-78.1803143,-0.0950749],[-78.1808586,-0.0946827],[-78.181094,-0.0946025]]],[[[-78.1818757,-0.0938052],[-78.1822302,-0.0934259],[-78.1822563,-0.0932515],[-78.1822197,-0.0931516],[-78.1811018,-0.0938853],[-78.1814543,-0.0946056],[-78.1816054,-0.095038],[-78.1815848,-0.0947819],[-78.1816056,-0.0945629],[-78.1817434,-0.0940765],[-78.1818757,-0.0938052]]],[[[-78.1811031,-0.0932293],[-78.1806808,-0.0929527],[-78.180816,-0.0926871],[-78.1804695,-0.0924374],[-78.1803156,-0.0923807],[-78.1799508,-0.092129],[-78.1801778,-0.0918992],[-78.1794206,-0.0912793],[-78.1789761,-0.0919503],[-78.1794492,-0.0926407],[-78.1797931,-0.0929315],[-78.1803098,-0.0931974],[-78.1807993,-0.0936037],[-78.1809353,-0.0934854],[-78.1811031,-0.0932293]]],[[[-78.1805453,-0.0920736],[-78.1813174,-0.0926097],[-78.1818308,-0.0927959],[-78.1822715,-0.0914509],[-78.181024,-0.0911486],[-78.1808818,-0.0914745],[-78.1805453,-0.0920736]]],[[[-78.1835596,-0.0903929],[-78.182336,-0.0902235],[-78.1822396,-0.090179],[-78.1821874,-0.0901325],[-78.1818542,-0.0894739],[-78.1814249,-0.0888297],[-78.1814015,-0.0890996],[-78.1800713,-0.0888232],[-78.1802837,-0.0879315],[-78.1812549,-0.0880836],[-78.1813208,-0.0871494],[-78.1794815,-0.0866215],[-78.1789591,-0.0877239],[-78.1781052,-0.0875748],[-78.178321,-0.0868825],[-78.1775786,-0.0862532],[-78.1775103,-0.0863948],[-78.1774741,-0.08661],[-78.1774055,-0.0874923],[-78.1774167,-0.0877772],[-78.1775035,-0.0883307],[-78.17748,-0.0891615],[-78.1775512,-0.089376],[-78.1786012,-0.0900253],[-78.1793313,-0.0905305],[-78.1799737,-0.0906852],[-78.1810483,-0.0910854],[-78.1836747,-0.0917101],[-78.184013,-0.0906177],[-78.1835596,-0.0903929]]],[[[-78.1810337,-0.0854563],[-78.1815745,-0.0855785],[-78.1823728,-0.0843029],[-78.1820797,-0.0843116],[-78.1818808,-0.0841215],[-78.1810337,-0.0854563]]],[[[-78.1797525,-0.0840497],[-78.1804944,-0.0846058],[-78.1809758,-0.0838246],[-78.1813252,-0.0833336],[-78.1808464,-0.0829307],[-78.1807085,-0.0829606],[-78.1800564,-0.0836741],[-78.1795924,-0.0832149],[-78.1795574,-0.0832194],[-78.1794308,-0.083477],[-78.179381,-0.0835992],[-78.1797525,-0.0840497]]],[[[-78.1823537,-0.0797942],[-78.1821502,-0.079639],[-78.1820638,-0.0796155],[-78.1819414,-0.0795943],[-78.1816115,-0.07969],[-78.1813485,-0.0796174],[-78.1811974,-0.0795196],[-78.1809892,-0.0800939],[-78.1811776,-0.0801808],[-78.1815729,-0.0801771],[-78.18171,-0.0801426],[-78.1821885,-0.0799161],[-78.1826504,-0.0798752],[-78.1823537,-0.0797942]]],[[[-78.1836654,-0.0790117],[-78.1830729,-0.0786277],[-78.1829732,-0.0785237],[-78.1828837,-0.0783651],[-78.1828081,-0.0778753],[-78.1830225,-0.0769471],[-78.1821056,-0.0771339],[-78.1816667,-0.0770034],[-78.1812339,-0.076766],[-78.181101,-0.0767451],[-78.1810797,-0.0766777],[-78.1811395,-0.0765572],[-78.1814256,-0.0763717],[-78.1815955,-0.0761168],[-78.1815876,-0.0760314],[-78.1814948,-0.0759358],[-78.1813464,-0.0759357],[-78.1811435,-0.0761233],[-78.1799859,-0.0757978],[-78.180039,-0.0761632],[-78.1804944,-0.0759484],[-78.180727,-0.077331],[-78.1797877,-0.0770325],[-78.1795553,-0.0756838],[-78.1785904,-0.0755758],[-78.1782478,-0.0755761],[-78.1780197,-0.0756896],[-78.1778815,-0.0758879],[-78.1784081,-0.0760275],[-78.1784903,-0.0770402],[-78.17885,-0.0772491],[-78.1792583,-0.0772917],[-78.1794369,-0.07735],[-78.1801902,-0.0779905],[-78.1806239,-0.0782039],[-78.1813795,-0.0784806],[-78.1823164,-0.0793069],[-78.1824453,-0.0791532],[-78.1828837,-0.079494],[-78.1830111,-0.0792552],[-78.183436,-0.0793797],[-78.1836654,-0.0790117]]],[[[-78.1831114,-0.0778326],[-78.1831418,-0.0777795],[-78.1828876,-0.077694],[-78.1828413,-0.077868],[-78.1828485,-0.0779928],[-78.1828869,-0.0782438],[-78.1829611,-0.0784393],[-78.1831549,-0.0786593],[-78.1836859,-0.0789739],[-78.1838596,-0.0787088],[-78.1843171,-0.0782876],[-78.1837839,-0.0779516],[-78.1839831,-0.0776705],[-78.1833085,-0.0769232],[-78.1831258,-0.0769507],[-78.1830528,-0.077012],[-78.1828957,-0.0776586],[-78.1831601,-0.0777476],[-78.183279,-0.0775399],[-78.1834707,-0.0776725],[-78.1833699,-0.0779076],[-78.1831114,-0.0778326]]],[[[-78.1821173,-0.0770987],[-78.1830445,-0.0769091],[-78.183252,-0.0766415],[-78.183437,-0.0765002],[-78.1837977,-0.0764053],[-78.1834437,-0.075125],[-78.1825581,-0.075272],[-78.18243,-0.0748243],[-78.1823936,-0.0748226],[-78.1819263,-0.0749253],[-78.1815416,-0.0749636],[-78.180763,-0.0751031],[-78.1801421,-0.0751478],[-78.1799294,-0.0752648],[-78.1799873,-0.0757524],[-78.1811397,-0.0760687],[-78.1813317,-0.075912],[-78.1813971,-0.0758914],[-78.1815103,-0.0759126],[-78.1815995,-0.0760007],[-78.1816413,-0.0760717],[-78.1816257,-0.0761471],[-78.1814393,-0.0764041],[-78.1811543,-0.0765834],[-78.1811234,-0.0766468],[-78.1811728,-0.0767099],[-78.1817235,-0.0769856],[-78.1821173,-0.0770987]]],[[[-78.183277,-0.0766677],[-78.1830869,-0.0769035],[-78.1839122,-0.0768193],[-78.1838074,-0.0764402],[-78.1834562,-0.0765308],[-78.183277,-0.0766677]]],[[[-78.183306,-0.0704631],[-78.1831578,-0.0687627],[-78.1831017,-0.068494],[-78.1827275,-0.0683149],[-78.1824962,-0.0681089],[-78.1822304,-0.0682065],[-78.1822512,-0.0683908],[-78.181391,-0.0683813],[-78.1814874,-0.0692305],[-78.182046,-0.0692515],[-78.1821135,-0.0692295],[-78.1821633,-0.0692866],[-78.1821078,-0.0693378],[-78.1820508,-0.0693072],[-78.1817301,-0.0692823],[-78.1815037,-0.0692961],[-78.1815212,-0.0696907],[-78.1823868,-0.0696582],[-78.1824619,-0.0704628],[-78.183306,-0.0704631]]],[[[-78.1807178,-0.0688927],[-78.1806505,-0.0682592],[-78.1806689,-0.0680798],[-78.1801491,-0.0680514],[-78.1802294,-0.0689707],[-78.1799274,-0.0690133],[-78.1798681,-0.0680293],[-78.1795692,-0.068002],[-78.1795844,-0.068577],[-78.1797486,-0.0696612],[-78.1797615,-0.0699288],[-78.1805817,-0.0698032],[-78.1805345,-0.0689107],[-78.1807178,-0.0688927]]],[[[-78.1812753,-0.0678905],[-78.1812341,-0.0672088],[-78.1811411,-0.0671869],[-78.1810139,-0.0679144],[-78.1812753,-0.0678905]]],[[[-78.1814883,-0.0660397],[-78.1805402,-0.0668832],[-78.1807128,-0.0670922],[-78.1816904,-0.0671105],[-78.1821622,-0.0669164],[-78.1821413,-0.0667807],[-78.1819581,-0.0664293],[-78.1817255,-0.0662538],[-78.1815516,-0.0660465],[-78.1814883,-0.0660397]]],[[[-78.1823397,-0.06479],[-78.1814491,-0.0632712],[-78.1809888,-0.0636731],[-78.1812177,-0.0640121],[-78.1811897,-0.0640375],[-78.1808416,-0.0635484],[-78.1801232,-0.0642082],[-78.1817953,-0.0661932],[-78.1820915,-0.0664286],[-78.1822399,-0.0667762],[-78.1822673,-0.0668201],[-78.1823276,-0.0668335],[-78.1828084,-0.0664596],[-78.1819725,-0.0651135],[-78.1823397,-0.06479]]],[[[-78.1814759,-0.0659496],[-78.1805862,-0.0648853],[-78.1795811,-0.0657794],[-78.1793393,-0.065556],[-78.1784449,-0.0663592],[-78.1789017,-0.0667111],[-78.1786275,-0.066945],[-78.1794702,-0.0670133],[-78.1800914,-0.0663744],[-78.1804801,-0.0668216],[-78.1814759,-0.0659496]]],[[[-78.1831526,-0.0633182],[-78.1827572,-0.0627517],[-78.1826958,-0.0625841],[-78.1827218,-0.0623304],[-78.1828163,-0.0620316],[-78.1814747,-0.0631921],[-78.1820404,-0.0641858],[-78.1829387,-0.0633964],[-78.1830337,-0.0633287],[-78.1831526,-0.0633182]]],[[[-78.1791687,-0.0626962],[-78.1795398,-0.0634319],[-78.1801036,-0.0641774],[-78.1804714,-0.0638484],[-78.1801253,-0.0633566],[-78.1805248,-0.0630117],[-78.1807461,-0.0633463],[-78.1812227,-0.0629328],[-78.1804209,-0.0616118],[-78.1791687,-0.0626962]]],[[[-78.1829759,-0.0598864],[-78.1829191,-0.0598973],[-78.1822418,-0.0593762],[-78.1820437,-0.0592571],[-78.1817564,-0.0596285],[-78.1818407,-0.0597127],[-78.1819171,-0.0598651],[-78.1819505,-0.0600231],[-78.1820966,-0.0603264],[-78.1825593,-0.0608096],[-78.1827677,-0.0611881],[-78.1827901,-0.0614164],[-78.1828615,-0.061568],[-78.1830487,-0.0612186],[-78.1830434,-0.0608689],[-78.1834219,-0.0602374],[-78.1829759,-0.0598864]]],[[[-78.1814779,-0.0600919],[-78.1816515,-0.0598078],[-78.1816904,-0.0596732],[-78.1816271,-0.0596126],[-78.1814634,-0.0595811],[-78.1812319,-0.0592491],[-78.1810951,-0.0589372],[-78.1807842,-0.0586719],[-78.180562,-0.0590024],[-78.1799012,-0.0584341],[-78.1794801,-0.0583318],[-78.1792719,-0.0589689],[-78.1788648,-0.0582832],[-78.1791363,-0.0572711],[-78.1785918,-0.05705],[-78.1778674,-0.0572287],[-78.1779061,-0.0573467],[-78.17798,-0.0573566],[-78.1778751,-0.058311],[-78.1787754,-0.0586389],[-78.1787604,-0.0587763],[-78.1803147,-0.0613198],[-78.1815999,-0.0602292],[-78.1814779,-0.0600919]]],[[[-78.1814036,-0.0593564],[-78.1813222,-0.0590619],[-78.181347,-0.0589766],[-78.1812617,-0.0589098],[-78.1812048,-0.0587163],[-78.1810986,-0.0586828],[-78.1810172,-0.0585166],[-78.1809289,-0.0584566],[-78.1808144,-0.058627],[-78.1811375,-0.0589029],[-78.1812759,-0.0592171],[-78.1814892,-0.0595287],[-78.1816519,-0.0595636],[-78.181725,-0.0596254],[-78.1815742,-0.059412],[-78.1814769,-0.0594098],[-78.1814036,-0.0593564]]],[[[-78.1842038,-0.0587762],[-78.1839367,-0.0586864],[-78.1837505,-0.0585854],[-78.1826238,-0.059605],[-78.1831718,-0.0599738],[-78.1842237,-0.0589137],[-78.1842038,-0.0587762]]],[[[-78.1817416,-0.0595421],[-78.18203,-0.0591739],[-78.1820642,-0.0591912],[-78.1824494,-0.0588601],[-78.1818108,-0.0584138],[-78.1814604,-0.0587177],[-78.1815635,-0.0592473],[-78.1817306,-0.0593227],[-78.1817036,-0.0594792],[-78.1817416,-0.0595421]]],[[[-78.1834318,-0.0531905],[-78.1839668,-0.0527731],[-78.1834441,-0.0525003],[-78.1829858,-0.0523185],[-78.1826367,-0.0523592],[-78.1824934,-0.0524378],[-78.1834318,-0.0531905]]],[[[-78.1822616,-0.0520102],[-78.1824587,-0.052399],[-78.1826768,-0.052301],[-78.1830022,-0.0522747],[-78.1831684,-0.0523129],[-78.1840371,-0.0527403],[-78.1846388,-0.0523348],[-78.1843962,-0.0521695],[-78.1836261,-0.0515241],[-78.1827973,-0.0520844],[-78.1827492,-0.0518619],[-78.1822616,-0.0520102]]],[[[-78.1812248,-0.0503923],[-78.1803886,-0.0498246],[-78.1793787,-0.0506569],[-78.1786695,-0.051903],[-78.1786951,-0.0520387],[-78.1789411,-0.0524351],[-78.1792806,-0.0531458],[-78.1796979,-0.0524678],[-78.1800606,-0.0517585],[-78.1807713,-0.0509833],[-78.1811294,-0.0507156],[-78.1813703,-0.0504405],[-78.1812248,-0.0503923]]],[[[-78.1810808,-0.0502724],[-78.1813948,-0.0504131],[-78.1822768,-0.0495112],[-78.1816081,-0.0484247],[-78.1809749,-0.0475421],[-78.1812294,-0.0472401],[-78.180903,-0.0468525],[-78.1809611,-0.0465938],[-78.1809386,-0.0464178],[-78.180511,-0.0458806],[-78.1800481,-0.0463441],[-78.1796022,-0.0470374],[-78.1798099,-0.0473203],[-78.1799655,-0.0474738],[-78.1800914,-0.047551],[-78.1803233,-0.0479705],[-78.1803726,-0.0481992],[-78.1792844,-0.0491226],[-78.1797125,-0.0493454],[-78.1803885,-0.0497884],[-78.1805879,-0.0496173],[-78.1805722,-0.0495783],[-78.1805989,-0.0495554],[-78.1806311,-0.0496278],[-78.1804189,-0.0498099],[-78.1810808,-0.0502724]]],[[[-78.1815253,-0.0393573],[-78.1813987,-0.0390929],[-78.1811326,-0.0382987],[-78.1810763,-0.0371371],[-78.1810125,-0.0368096],[-78.1808679,-0.036522],[-78.180227,-0.0355898],[-78.179818,-0.0358307],[-78.1799662,-0.036002],[-78.1802401,-0.0364636],[-78.1802321,-0.0365552],[-78.1803624,-0.0369113],[-78.180437,-0.0378202],[-78.1804895,-0.0378883],[-78.1804803,-0.0382828],[-78.1805384,-0.0385582],[-78.1805275,-0.0386359],[-78.1805779,-0.0388065],[-78.1806652,-0.0389063],[-78.1808652,-0.0394133],[-78.1808903,-0.0395612],[-78.1812405,-0.0399983],[-78.1813296,-0.0400055],[-78.1813656,-0.0400665],[-78.1814166,-0.0400818],[-78.1814528,-0.0401832],[-78.1816101,-0.0402653],[-78.1817309,-0.040242],[-78.1818108,-0.0402733],[-78.1820018,-0.0405233],[-78.1826205,-0.0410976],[-78.1827185,-0.041135],[-78.182766,-0.0410993],[-78.1827269,-0.0408604],[-78.1827575,-0.0404764],[-78.1828109,-0.0403968],[-78.1828977,-0.0403863],[-78.1829598,-0.040449],[-78.1830311,-0.0406763],[-78.183129,-0.0408523],[-78.1837454,-0.0411453],[-78.1838939,-0.0412832],[-78.1840663,-0.0415387],[-78.1841054,-0.0415391],[-78.1840526,-0.0412982],[-78.1839415,-0.0410932],[-78.1836977,-0.0407779],[-78.1829134,-0.0391733],[-78.1825293,-0.0381875],[-78.1817533,-0.0368463],[-78.1814235,-0.0360129],[-78.1810942,-0.0353396],[-78.1807715,-0.0349631],[-78.1801974,-0.0354199],[-78.1809269,-0.0364808],[-78.1810845,-0.0367983],[-78.1811414,-0.0370631],[-78.1811848,-0.0381444],[-78.1812332,-0.0384073],[-78.1815213,-0.0392023],[-78.1820495,-0.0400526],[-78.181843,-0.0401661],[-78.1818369,-0.0398583],[-78.1815253,-0.0393573]]],[[[-78.1806342,-0.0334351],[-78.180516,-0.033297],[-78.1799368,-0.033474],[-78.179999,-0.0336736],[-78.1802378,-0.0340871],[-78.180886,-0.0349662],[-78.1811581,-0.0352747],[-78.1812256,-0.0354075],[-78.1817688,-0.0350694],[-78.1813203,-0.0347284],[-78.180593,-0.0337411],[-78.1806621,-0.0336794],[-78.1806342,-0.0334351]]],[[[-78.1812885,-0.0308539],[-78.1813366,-0.031487],[-78.1813171,-0.0319181],[-78.1810627,-0.0324369],[-78.1810496,-0.0325683],[-78.1812029,-0.0329153],[-78.1812785,-0.0330081],[-78.1816425,-0.0332578],[-78.181713,-0.0332446],[-78.1817755,-0.03316],[-78.181781,-0.0326884],[-78.1818427,-0.0320964],[-78.1819376,-0.0318258],[-78.1820593,-0.0316264],[-78.1820548,-0.0313716],[-78.1827697,-0.0307117],[-78.1825846,-0.0304339],[-78.182478,-0.0303541],[-78.1824772,-0.0302624],[-78.1825456,-0.0302177],[-78.1826205,-0.030246],[-78.1826579,-0.0303801],[-78.1828443,-0.0306614],[-78.1835089,-0.0302512],[-78.1834565,-0.0296718],[-78.1828658,-0.0287583],[-78.1818091,-0.0292497],[-78.1815272,-0.0292719],[-78.1814542,-0.0295926],[-78.1814404,-0.0301151],[-78.1812885,-0.0308539]]],[[[-78.1807149,-0.0936787],[-78.1805186,-0.0935578],[-78.1804208,-0.0936078],[-78.1802554,-0.0935109],[-78.1800747,-0.0934657],[-78.1795816,-0.0939265],[-78.1799364,-0.0941885],[-78.1807149,-0.0936787]]],[[[-78.1784187,-0.0928974],[-78.1780323,-0.0932389],[-78.1786196,-0.0937701],[-78.1790047,-0.0934184],[-78.1784187,-0.0928974]]],[[[-78.1801909,-0.0931977],[-78.1797547,-0.0929613],[-78.1797333,-0.0929982],[-78.1799975,-0.0932304],[-78.1800763,-0.0934038],[-78.1801909,-0.0931977]]],[[[-78.1791365,-0.0924054],[-78.179218,-0.092487],[-78.1792779,-0.0926367],[-78.1793382,-0.092569],[-78.1789538,-0.0920153],[-78.1789152,-0.0920762],[-78.1790516,-0.092229],[-78.1791365,-0.0924054]]],[[[-78.1784838,-0.0909027],[-78.1781809,-0.0906055],[-78.1779706,-0.0904489],[-78.1775511,-0.0902114],[-78.1773658,-0.0906677],[-78.1774134,-0.0906936],[-78.1772411,-0.0911177],[-78.1776574,-0.0913236],[-78.1779854,-0.0915672],[-78.1784838,-0.0909027]]],[[[-78.1769678,-0.0898305],[-78.176474,-0.0895655],[-78.1764195,-0.0894801],[-78.1772174,-0.088823],[-78.1771805,-0.0885797],[-78.176259,-0.0892089],[-78.176013,-0.0886816],[-78.1758399,-0.0887013],[-78.1755042,-0.088375],[-78.1744654,-0.0892254],[-78.1745344,-0.0892917],[-78.1746808,-0.0895584],[-78.174709,-0.0898139],[-78.1748244,-0.0899929],[-78.1751621,-0.0903168],[-78.175605,-0.0904275],[-78.1764174,-0.0908194],[-78.1769678,-0.0898305]]],[[[-78.177167,-0.0885418],[-78.1769287,-0.0875931],[-78.1769597,-0.0871392],[-78.1765646,-0.0868612],[-78.1763056,-0.0866299],[-78.1761428,-0.0871469],[-78.1760953,-0.0874116],[-78.1760491,-0.0880999],[-78.1760472,-0.0884251],[-78.1761734,-0.0889091],[-78.1762612,-0.0890729],[-78.1762968,-0.0891177],[-78.177167,-0.0885418]]],[[[-78.18004,-0.085413],[-78.1793973,-0.0848707],[-78.1789993,-0.0856946],[-78.1796511,-0.086284],[-78.18004,-0.085413]]],[[[-78.1772819,-0.0848929],[-78.1776251,-0.0846045],[-78.1776304,-0.0845087],[-78.1781058,-0.0838173],[-78.1781354,-0.0835349],[-78.1783056,-0.0829655],[-78.1784115,-0.0828413],[-78.1785974,-0.0823571],[-78.1788038,-0.081974],[-78.1793898,-0.0829046],[-78.1795704,-0.0831127],[-78.179949,-0.0825143],[-78.1801115,-0.0819507],[-78.1803561,-0.0817002],[-78.1804744,-0.0816583],[-78.1805427,-0.0808997],[-78.1802422,-0.0809272],[-78.1798597,-0.0810743],[-78.1791836,-0.0815568],[-78.1789267,-0.081835],[-78.1781311,-0.0808207],[-78.1772091,-0.0814549],[-78.1769741,-0.0816589],[-78.1758268,-0.0828539],[-78.1756155,-0.0829371],[-78.1747139,-0.0831462],[-78.1770141,-0.0853325],[-78.1772819,-0.0848929]]],[[[-78.1790486,-0.083206],[-78.1793131,-0.0835307],[-78.1793397,-0.0835561],[-78.1794957,-0.0832441],[-78.1792351,-0.0830039],[-78.1790486,-0.083206]]],[[[-78.1799654,-0.0825416],[-78.1796011,-0.0831264],[-78.1799337,-0.0834913],[-78.1800586,-0.0835722],[-78.1801131,-0.0835469],[-78.1807973,-0.0827965],[-78.1805181,-0.0821245],[-78.1804661,-0.0819499],[-78.1804416,-0.0816921],[-78.1803214,-0.0817628],[-78.1801455,-0.0819671],[-78.1799654,-0.0825416]]],[[[-78.1734054,-0.0818606],[-78.1744775,-0.0831555],[-78.1756668,-0.0828752],[-78.1758176,-0.0828046],[-78.1753044,-0.0818898],[-78.178687,-0.079456],[-78.1787369,-0.0792631],[-78.1787146,-0.0789246],[-78.1782033,-0.0787924],[-78.1782552,-0.078758],[-78.1781582,-0.0787437],[-78.177596,-0.0789948],[-78.1774828,-0.0790776],[-78.1773338,-0.0790691],[-78.1770777,-0.0791308],[-78.1769609,-0.0791952],[-78.1766743,-0.0791993],[-78.1766064,-0.0792266],[-78.1764463,-0.0791432],[-78.1763479,-0.079152],[-78.1761658,-0.0791257],[-78.1757475,-0.0793896],[-78.1750426,-0.079098],[-78.174584,-0.0792759],[-78.1743798,-0.0792511],[-78.1743489,-0.0791596],[-78.1741827,-0.0790029],[-78.1736508,-0.0795792],[-78.1732293,-0.0799517],[-78.1722066,-0.0804907],[-78.1733656,-0.0818428],[-78.1747642,-0.0810848],[-78.1771587,-0.0794779],[-78.1776017,-0.0790336],[-78.1776236,-0.0790618],[-78.1771815,-0.079506],[-78.1747827,-0.0811158],[-78.1734054,-0.0818606]]],[[[-78.1782166,-0.0782697],[-78.1784731,-0.0783562],[-78.1786373,-0.0784897],[-78.1788796,-0.0785221],[-78.1789504,-0.0782875],[-78.1790049,-0.078269],[-78.1790364,-0.0780208],[-78.1786005,-0.0781154],[-78.1784771,-0.0771063],[-78.1775955,-0.0766288],[-78.1776943,-0.0775708],[-78.1776516,-0.0775734],[-78.1775194,-0.0764282],[-78.1775631,-0.0752354],[-78.1775124,-0.0750889],[-78.1757961,-0.074957],[-78.1757513,-0.0759388],[-78.1758366,-0.0768051],[-78.1766659,-0.0766275],[-78.1766877,-0.0768993],[-78.1758595,-0.0770773],[-78.1759061,-0.0777528],[-78.1758702,-0.0777534],[-78.1757171,-0.076019],[-78.1757609,-0.0749543],[-78.1755917,-0.0749602],[-78.1748641,-0.0751441],[-78.1748377,-0.076385],[-78.1744036,-0.076354],[-78.1743993,-0.0762993],[-78.1747412,-0.0763234],[-78.174781,-0.0762937],[-78.1748096,-0.07516],[-78.173982,-0.0752923],[-78.1737978,-0.0754262],[-78.1737142,-0.0754434],[-78.1733836,-0.0754204],[-78.1733019,-0.0754453],[-78.1726725,-0.0758503],[-78.1726766,-0.0766235],[-78.1723295,-0.0766767],[-78.172291,-0.0767451],[-78.1722374,-0.0767281],[-78.1722448,-0.0761407],[-78.1714132,-0.076568],[-78.1711648,-0.0768807],[-78.1710083,-0.0770077],[-78.1708876,-0.0770006],[-78.1705892,-0.0767586],[-78.1704669,-0.0767011],[-78.1704109,-0.0779496],[-78.170894,-0.0780092],[-78.1712823,-0.0780952],[-78.1712849,-0.0774994],[-78.172152,-0.0776013],[-78.173156,-0.0774363],[-78.1733049,-0.0781455],[-78.1737029,-0.0783295],[-78.1740355,-0.0785688],[-78.174655,-0.0789276],[-78.174747,-0.0789558],[-78.1750193,-0.0788692],[-78.175308,-0.0788402],[-78.1753181,-0.0788671],[-78.1750322,-0.0788981],[-78.1747486,-0.0789947],[-78.1746447,-0.0789681],[-78.1740075,-0.0786153],[-78.1736762,-0.0783769],[-78.1733121,-0.0782094],[-78.1733355,-0.0783244],[-78.173471,-0.0785036],[-78.1738937,-0.0786186],[-78.1740082,-0.0787611],[-78.1742261,-0.0788563],[-78.1742734,-0.0790376],[-78.1744132,-0.0791557],[-78.1747173,-0.0790912],[-78.1749081,-0.0789601],[-78.1751365,-0.0789316],[-78.1753522,-0.0789582],[-78.175419,-0.0790151],[-78.1756411,-0.0790155],[-78.175814,-0.0790884],[-78.1760258,-0.0791242],[-78.1762133,-0.0791174],[-78.1763017,-0.0791389],[-78.1762902,-0.0790509],[-78.1769256,-0.0791293],[-78.1768898,-0.0786058],[-78.1774517,-0.0784753],[-78.1776605,-0.0783696],[-78.1780265,-0.0782502],[-78.1782166,-0.0782697]]],[[[-78.1785089,-0.073843],[-78.1793217,-0.0740083],[-78.1793998,-0.0729325],[-78.1794376,-0.0729346],[-78.1794371,-0.0728725],[-78.1787135,-0.0724434],[-78.1788217,-0.0714136],[-78.1785564,-0.07138],[-78.1783837,-0.0714277],[-78.1783234,-0.0714323],[-78.1782748,-0.0714273],[-78.1779908,-0.0713081],[-78.1775802,-0.0712451],[-78.1768293,-0.0713568],[-78.1765956,-0.0712959],[-78.1761582,-0.071283],[-78.1758499,-0.0712281],[-78.1757468,-0.0712316],[-78.1755498,-0.0713022],[-78.1753909,-0.0713365],[-78.175201,-0.0713173],[-78.1750652,-0.0712824],[-78.174974,-0.0712855],[-78.1751292,-0.0723935],[-78.1754674,-0.0724079],[-78.1756805,-0.0724741],[-78.1757333,-0.0724355],[-78.1757904,-0.0723039],[-78.1761618,-0.0722295],[-78.17616,-0.0722672],[-78.1758872,-0.0723319],[-78.1760021,-0.072802],[-78.1758279,-0.0748866],[-78.1776094,-0.0750261],[-78.1776126,-0.0755367],[-78.1784817,-0.0755261],[-78.1784822,-0.0755488],[-78.1793227,-0.0756295],[-78.1792685,-0.075402],[-78.1794629,-0.075344],[-78.1793587,-0.0745139],[-78.1788295,-0.0744556],[-78.1784719,-0.0743552],[-78.1785089,-0.073843]],[[-78.1779694,-0.0749229],[-78.1779967,-0.075009],[-78.1779063,-0.0750416],[-78.1778744,-0.0749558],[-78.1779694,-0.0749229]]],[[[-78.1796195,-0.0696526],[-78.1790164,-0.0697544],[-78.1786947,-0.0696772],[-78.1783283,-0.0696409],[-78.1774898,-0.0697685],[-78.1770899,-0.069882],[-78.1772322,-0.0704814],[-78.1773552,-0.0704913],[-78.1774941,-0.0703469],[-78.1775187,-0.0705152],[-78.1782111,-0.0705868],[-78.1782786,-0.0714231],[-78.1783431,-0.0714278],[-78.1785179,-0.0713781],[-78.1787173,-0.0713815],[-78.1787369,-0.0707239],[-78.1789543,-0.0707614],[-78.1788687,-0.0698759],[-78.1796195,-0.0696526]]],[[[-78.1762794,-0.0704384],[-78.1761848,-0.070083],[-78.1750749,-0.0702825],[-78.1751652,-0.071301],[-78.1753904,-0.0713319],[-78.1757355,-0.0712299],[-78.1756609,-0.0703591],[-78.1762794,-0.0704384]]],[[[-78.1790123,-0.0696821],[-78.1796575,-0.0695627],[-78.1795334,-0.0687411],[-78.1787292,-0.0688664],[-78.1786786,-0.0684975],[-78.1795003,-0.0684381],[-78.1794835,-0.0681436],[-78.178644,-0.0681186],[-78.1786665,-0.0670395],[-78.1778236,-0.0669806],[-78.1777707,-0.0679392],[-78.1779593,-0.0696214],[-78.1783178,-0.069568],[-78.1787563,-0.069614],[-78.1790123,-0.0696821]]],[[[-78.1765562,-0.0692696],[-78.1765866,-0.0692899],[-78.1767925,-0.0692274],[-78.1768219,-0.0693695],[-78.1769973,-0.069316],[-78.1770778,-0.0698107],[-78.1775501,-0.0696827],[-78.1778818,-0.0696428],[-78.1776983,-0.0679082],[-78.1777501,-0.0669759],[-78.1770306,-0.0669595],[-78.1766813,-0.0670449],[-78.176108,-0.0672404],[-78.1758332,-0.0674286],[-78.1758286,-0.0675427],[-78.1757775,-0.0676567],[-78.1752732,-0.068376],[-78.1752462,-0.0684879],[-78.1752651,-0.0686262],[-78.1756314,-0.0692939],[-78.1757171,-0.0693262],[-78.1760153,-0.0692178],[-78.1759939,-0.0687466],[-78.1760777,-0.0681164],[-78.1761559,-0.0680519],[-78.1768286,-0.0679296],[-78.1768358,-0.0679834],[-78.1765027,-0.0680401],[-78.1764802,-0.0680664],[-78.1764699,-0.0688232],[-78.1765562,-0.0692696]]],[[[-78.1770964,-0.0668641],[-78.1783933,-0.0669236],[-78.1765545,-0.0647796],[-78.1765784,-0.064752],[-78.1773683,-0.0656852],[-78.1775042,-0.0655661],[-78.1778821,-0.0659862],[-78.1788277,-0.0651739],[-78.1784527,-0.064736],[-78.1785881,-0.0646174],[-78.1793441,-0.0655027],[-78.1793645,-0.065485],[-78.1795663,-0.0657203],[-78.1805503,-0.0648449],[-78.1798877,-0.06406],[-78.1794127,-0.0633781],[-78.1789427,-0.0624722],[-78.1782407,-0.060948],[-78.17821,-0.0609769],[-78.177397,-0.0642141],[-78.1766755,-0.0646011],[-78.1762011,-0.0647832],[-78.1758529,-0.0641357],[-78.1757198,-0.0639765],[-78.1755709,-0.0639406],[-78.1752982,-0.0642221],[-78.1748849,-0.0645481],[-78.1746226,-0.064803],[-78.1761931,-0.0653366],[-78.1758242,-0.0659009],[-78.1741648,-0.0653918],[-78.1739971,-0.0657609],[-78.1739094,-0.0660434],[-78.1754205,-0.0665038],[-78.1753891,-0.0665509],[-78.1747064,-0.0663443],[-78.1744752,-0.0668892],[-78.1750103,-0.0671193],[-78.1748495,-0.0673864],[-78.1751547,-0.0678371],[-78.1760691,-0.0671603],[-78.1768921,-0.0668885],[-78.1770964,-0.0668641]]],[[[-78.1792107,-0.0656188],[-78.178863,-0.0652148],[-78.1779173,-0.0660272],[-78.1782702,-0.0664371],[-78.1792107,-0.0656188]]],[[[-78.1775275,-0.0633748],[-78.1780333,-0.0613817],[-78.1766838,-0.0610972],[-78.1765868,-0.0611103],[-78.1765159,-0.061169],[-78.1767234,-0.061624],[-78.1764143,-0.0617312],[-78.1763913,-0.0624489],[-78.1764442,-0.0626637],[-78.1764146,-0.0629649],[-78.1764875,-0.063039],[-78.176814,-0.0626981],[-78.176873,-0.0628056],[-78.1772092,-0.0626892],[-78.1775275,-0.0633748]]],[[[-78.176388,-0.0627156],[-78.1763461,-0.0624552],[-78.1763698,-0.0617466],[-78.1754194,-0.0620761],[-78.1756999,-0.0624025],[-78.1758543,-0.0625072],[-78.175897,-0.0625857],[-78.1760185,-0.0626299],[-78.1761067,-0.0627405],[-78.1763682,-0.0629218],[-78.176388,-0.0627156]]],[[[-78.1803922,-0.0615652],[-78.1794077,-0.0599464],[-78.1784351,-0.0611713],[-78.179127,-0.0626607],[-78.1803922,-0.0615652]]],[[[-78.1764887,-0.0611094],[-78.1765689,-0.0610741],[-78.1764629,-0.0610528],[-78.1764887,-0.0611094]]],[[[-78.1777323,-0.0593931],[-78.1780178,-0.0601499],[-78.1781128,-0.0602993],[-78.1782408,-0.0607368],[-78.1784105,-0.0611157],[-78.1788942,-0.060518],[-78.1784715,-0.0598363],[-78.1785203,-0.0596458],[-78.1777323,-0.0593931]]],[[[-78.1786936,-0.0589669],[-78.1778306,-0.0586626],[-78.1777484,-0.0590117],[-78.1786054,-0.0593012],[-78.1786165,-0.0592607],[-78.1791682,-0.0601625],[-78.1793777,-0.0598969],[-78.1787283,-0.0588274],[-78.1786936,-0.0589669]]],[[[-78.1774016,-0.0577718],[-78.1773437,-0.0582238],[-78.1774684,-0.058702],[-78.1776387,-0.0591856],[-78.1777493,-0.0586948],[-78.1778411,-0.0579012],[-78.1774016,-0.0577718]]],[[[-78.1771152,-0.0577578],[-78.1761923,-0.0575336],[-78.1760106,-0.0582906],[-78.1753378,-0.0581049],[-78.1756484,-0.0573455],[-78.1750708,-0.0577647],[-78.1747874,-0.0581143],[-78.1745676,-0.0584448],[-78.1745021,-0.0586193],[-78.1751939,-0.0583828],[-78.1750688,-0.0590488],[-78.1752184,-0.0597085],[-78.1750283,-0.0597755],[-78.174786,-0.0599529],[-78.1746954,-0.0595205],[-78.1740421,-0.0597421],[-78.1730575,-0.0599861],[-78.1729502,-0.0601518],[-78.1728171,-0.0602131],[-78.1727367,-0.0601407],[-78.172719,-0.05997],[-78.172672,-0.0598978],[-78.1723958,-0.0596554],[-78.1722354,-0.0595705],[-78.172082,-0.0595082],[-78.1716652,-0.059669],[-78.1718669,-0.0598623],[-78.1724388,-0.0605362],[-78.1728426,-0.0608008],[-78.1733069,-0.0608235],[-78.173625,-0.0607743],[-78.1738686,-0.0608239],[-78.1739438,-0.0607508],[-78.1740656,-0.0607091],[-78.1742635,-0.0605243],[-78.1743045,-0.0606156],[-78.1743618,-0.0605157],[-78.1745681,-0.0605027],[-78.175374,-0.0602324],[-78.1760636,-0.0599602],[-78.1765515,-0.0602088],[-78.1770288,-0.0607693],[-78.1772871,-0.0594334],[-78.1775836,-0.0591908],[-78.1774102,-0.0586845],[-78.1772858,-0.0586409],[-78.1773209,-0.0583125],[-78.1771152,-0.0577578]]],[[[-78.1766556,-0.0563539],[-78.176854,-0.0561634],[-78.1762091,-0.0555773],[-78.176452,-0.0559177],[-78.1766556,-0.0563539]]],[[[-78.1755033,-0.0913878],[-78.1754588,-0.0912245],[-78.1753095,-0.091043],[-78.1744454,-0.0913492],[-78.1748069,-0.0925537],[-78.1756795,-0.091632],[-78.175675,-0.0915543],[-78.1755033,-0.0913878]]],[[[-78.1734092,-0.0892998],[-78.17365,-0.0894449],[-78.1737317,-0.0895383],[-78.1737837,-0.0895464],[-78.1739208,-0.089527],[-78.1740369,-0.0894109],[-78.1741344,-0.0894202],[-78.1742332,-0.0894834],[-78.174399,-0.0892835],[-78.1741635,-0.0891559],[-78.1738199,-0.0891744],[-78.1736767,-0.0890659],[-78.173574,-0.0889354],[-78.1727801,-0.087564],[-78.1726342,-0.087155],[-78.1724782,-0.0869146],[-78.1724602,-0.086551],[-78.1723813,-0.0863015],[-78.1722532,-0.0861736],[-78.1721417,-0.0861113],[-78.1713591,-0.0857641],[-78.1713092,-0.0860245],[-78.1714142,-0.0860447],[-78.1716049,-0.0861744],[-78.1718091,-0.0862046],[-78.1719837,-0.0863714],[-78.1720494,-0.0865934],[-78.1719093,-0.0867846],[-78.1719531,-0.0869074],[-78.1721678,-0.0870873],[-78.1722387,-0.08724],[-78.1721947,-0.0873723],[-78.1723436,-0.0875104],[-78.1723692,-0.0875759],[-78.1723774,-0.0876509],[-78.1722887,-0.0877589],[-78.1722839,-0.0878156],[-78.1724236,-0.0878583],[-78.1725169,-0.0880028],[-78.1726626,-0.0880886],[-78.1727357,-0.0882043],[-78.1728017,-0.088505],[-78.1728921,-0.088602],[-78.1728792,-0.0886241],[-78.1731354,-0.0888811],[-78.1733032,-0.0891874],[-78.1734092,-0.0892998]]],[[[-78.175989,-0.0884966],[-78.1760222,-0.0875768],[-78.1761558,-0.0869178],[-78.1751234,-0.0860021],[-78.1749287,-0.086401],[-78.1742722,-0.0858607],[-78.1732574,-0.0880397],[-78.1733018,-0.0883712],[-78.1736468,-0.088955],[-78.17382,-0.0891226],[-78.1741546,-0.089114],[-78.1742601,-0.0891381],[-78.1743921,-0.0892259],[-78.174882,-0.0885764],[-78.1752139,-0.0878993],[-78.175989,-0.0884966]]],[[[-78.1724259,-0.0862699],[-78.1725137,-0.0865435],[-78.1725303,-0.0868941],[-78.1726798,-0.0871261],[-78.1728276,-0.0875383],[-78.1732484,-0.0882874],[-78.1732397,-0.0880019],[-78.1734736,-0.0875425],[-78.1737856,-0.0867614],[-78.1740354,-0.0862387],[-78.1726743,-0.0851279],[-78.1728545,-0.0847344],[-78.1741327,-0.0857329],[-78.1743434,-0.0853612],[-78.1737523,-0.0848458],[-78.1730374,-0.0843589],[-78.1727488,-0.0840512],[-78.1724514,-0.0841587],[-78.1718626,-0.0837188],[-78.1712967,-0.0837315],[-78.1711921,-0.083686],[-78.1709066,-0.0831714],[-78.170527,-0.0825895],[-78.1701574,-0.0823038],[-78.1696217,-0.0827679],[-78.1695958,-0.082858],[-78.1696242,-0.0829381],[-78.1697739,-0.0831662],[-78.1698755,-0.0832608],[-78.1702085,-0.0834671],[-78.1703851,-0.0836343],[-78.1704904,-0.0839225],[-78.1706162,-0.0841487],[-78.1708765,-0.0844333],[-78.1711806,-0.0851369],[-78.1713682,-0.0857162],[-78.1714545,-0.0857826],[-78.172275,-0.0861198],[-78.1724259,-0.0862699]],[[-78.1731434,-0.0856929],[-78.173225,-0.0857457],[-78.1731712,-0.0858185],[-78.1730941,-0.0857666],[-78.1731434,-0.0856929]]],[[[-78.1728192,-0.0840551],[-78.172988,-0.0842474],[-78.173735,-0.0837462],[-78.1735707,-0.0835612],[-78.1734683,-0.0836696],[-78.1733236,-0.0839362],[-78.1732098,-0.0840375],[-78.1730504,-0.0840874],[-78.1728192,-0.0840551]]],[[[-78.1730573,-0.0840422],[-78.1731495,-0.0840175],[-78.1732857,-0.0839097],[-78.1734259,-0.0836574],[-78.173539,-0.0835254],[-78.1731319,-0.0830328],[-78.1727438,-0.0833179],[-78.1716635,-0.0819337],[-78.1716227,-0.0819132],[-78.1712665,-0.0821904],[-78.1710268,-0.0818822],[-78.1717277,-0.0813539],[-78.1714726,-0.0810439],[-78.1714386,-0.0810427],[-78.1713232,-0.0812323],[-78.1707652,-0.0815346],[-78.1702263,-0.0819486],[-78.1701884,-0.0820736],[-78.1702164,-0.082213],[-78.1703241,-0.0823566],[-78.170504,-0.0825016],[-78.1707107,-0.0827867],[-78.1711892,-0.0835861],[-78.1712507,-0.0836409],[-78.1713172,-0.083664],[-78.1718663,-0.0836639],[-78.1724131,-0.0840826],[-78.1724989,-0.0840867],[-78.1727493,-0.0839885],[-78.1730573,-0.0840422]]],[[[-78.1733631,-0.0818976],[-78.1725991,-0.0823516],[-78.1735804,-0.0834931],[-78.1744329,-0.0831714],[-78.1733631,-0.0818976]]],[[[-78.172159,-0.0805096],[-78.1715139,-0.0809335],[-78.1714949,-0.0809897],[-78.1725644,-0.0823109],[-78.1733323,-0.0818627],[-78.172159,-0.0805096]]],[[[-78.1733399,-0.0784632],[-78.1731613,-0.0783417],[-78.1730568,-0.0783576],[-78.1729523,-0.0782888],[-78.1727341,-0.0782654],[-78.1726427,-0.0782204],[-78.1725711,-0.0782372],[-78.1725233,-0.0783065],[-78.1722502,-0.0782933],[-78.171918,-0.0784455],[-78.1717827,-0.078461],[-78.1713368,-0.0784232],[-78.1711886,-0.0784726],[-78.1710873,-0.0784675],[-78.1709926,-0.0784394],[-78.1709711,-0.0783227],[-78.1707756,-0.0782728],[-78.1706926,-0.0782652],[-78.1705747,-0.0783079],[-78.1703599,-0.0782854],[-78.1702123,-0.0781725],[-78.1701175,-0.0781731],[-78.1700718,-0.0781617],[-78.169918,-0.0780791],[-78.1698851,-0.078051],[-78.1698244,-0.0779075],[-78.1696617,-0.0778672],[-78.1697318,-0.0781407],[-78.1696205,-0.0784998],[-78.1696104,-0.0786939],[-78.1700405,-0.0784102],[-78.1702925,-0.0792851],[-78.1709062,-0.0790068],[-78.1711791,-0.0793444],[-78.1712286,-0.0793199],[-78.1716316,-0.0798013],[-78.1721439,-0.0795022],[-78.1721623,-0.0795542],[-78.1716496,-0.0798587],[-78.1718684,-0.0801027],[-78.1731561,-0.0793824],[-78.1737356,-0.0786399],[-78.1736461,-0.0786007],[-78.173506,-0.0786807],[-78.1734322,-0.0786311],[-78.1733399,-0.0784632]]],[[[-78.173112,-0.0751501],[-78.1731386,-0.0751505],[-78.1731273,-0.075481],[-78.1733635,-0.0753659],[-78.173737,-0.0753911],[-78.174016,-0.075219],[-78.1740441,-0.0744952],[-78.1740713,-0.0744875],[-78.1740419,-0.0752092],[-78.174801,-0.0750881],[-78.1756047,-0.0748999],[-78.1757813,-0.0748937],[-78.1759542,-0.0727604],[-78.1758435,-0.0723412],[-78.1758016,-0.0723398],[-78.1757589,-0.0724618],[-78.1756867,-0.0725098],[-78.175464,-0.0724439],[-78.1750934,-0.0724292],[-78.1747037,-0.0725054],[-78.1746063,-0.0734402],[-78.1741535,-0.0735687],[-78.1742294,-0.0727198],[-78.1739315,-0.0729216],[-78.1737146,-0.0731483],[-78.17355,-0.0731346],[-78.1732829,-0.0729979],[-78.1730496,-0.0729999],[-78.1727228,-0.0730756],[-78.1716136,-0.0734546],[-78.1711455,-0.0735248],[-78.1709796,-0.0735936],[-78.1707441,-0.07383],[-78.1707302,-0.0739142],[-78.1707904,-0.0740516],[-78.1708939,-0.0741242],[-78.1710564,-0.0741767],[-78.1712856,-0.0742088],[-78.1713698,-0.074279],[-78.1714923,-0.0742377],[-78.1714465,-0.0744531],[-78.1714253,-0.0754119],[-78.1713298,-0.0763951],[-78.1704992,-0.0763213],[-78.1704723,-0.0766261],[-78.1706309,-0.0766997],[-78.1708564,-0.0768737],[-78.1710975,-0.07659],[-78.1712248,-0.0766764],[-78.1713136,-0.076565],[-78.1715279,-0.0764287],[-78.1721676,-0.0761072],[-78.1730998,-0.0754988],[-78.173112,-0.0751501]]],[[[-78.1732201,-0.0729542],[-78.1733752,-0.0729998],[-78.1733874,-0.0729101],[-78.1732201,-0.0729542]]],[[[-78.1730563,-0.0706998],[-78.1729682,-0.0705761],[-78.1729366,-0.0704321],[-78.1729989,-0.0698726],[-78.1727943,-0.0694823],[-78.1723536,-0.0696497],[-78.1717024,-0.0700427],[-78.1711793,-0.0702436],[-78.1713816,-0.0708539],[-78.1711101,-0.0709844],[-78.1713428,-0.0716678],[-78.1716054,-0.0715263],[-78.1717319,-0.0719264],[-78.1721203,-0.0719602],[-78.1719189,-0.0713733],[-78.1726683,-0.0710622],[-78.1735105,-0.070828],[-78.1735,-0.0707536],[-78.173256,-0.0707946],[-78.1730563,-0.0706998]]],[[[-78.1730117,-0.0704702],[-78.1730472,-0.0705736],[-78.1731336,-0.0706701],[-78.1733149,-0.0707258],[-78.1742326,-0.0704327],[-78.174179,-0.0701965],[-78.1741967,-0.070093],[-78.1747044,-0.0695893],[-78.1747578,-0.0696249],[-78.1747472,-0.0696797],[-78.1746832,-0.0697066],[-78.1742451,-0.0701168],[-78.1742368,-0.0702124],[-78.1742991,-0.0703926],[-78.1743308,-0.0704068],[-78.1750335,-0.0702174],[-78.1748787,-0.0695332],[-78.1744028,-0.0686504],[-78.1740532,-0.0688705],[-78.1744337,-0.069566],[-78.1740062,-0.0697632],[-78.1736532,-0.0691215],[-78.1734453,-0.0692498],[-78.1728677,-0.0694705],[-78.1730712,-0.0698671],[-78.1730117,-0.0704702]]],[[[-78.1760424,-0.0693213],[-78.1760127,-0.0693033],[-78.1757061,-0.0693828],[-78.175608,-0.0693488],[-78.175233,-0.0686858],[-78.1751945,-0.0685664],[-78.175236,-0.0683408],[-78.1756243,-0.0678403],[-78.1757912,-0.067552],[-78.1757951,-0.0674564],[-78.1750445,-0.0680273],[-78.1744198,-0.068637],[-78.1747646,-0.0692414],[-78.1748948,-0.0695292],[-78.1750542,-0.0702129],[-78.1761494,-0.0700169],[-78.1760424,-0.0693213]]],[[[-78.1742858,-0.0686462],[-78.1747985,-0.0681335],[-78.1746679,-0.0681491],[-78.1744589,-0.0682853],[-78.1743792,-0.0683056],[-78.1743401,-0.0684268],[-78.1740896,-0.0684176],[-78.173854,-0.0685234],[-78.1737078,-0.0684956],[-78.1736031,-0.0684074],[-78.1732591,-0.0682441],[-78.1728838,-0.0683473],[-78.1724528,-0.068404],[-78.1722987,-0.0684782],[-78.1723884,-0.0685984],[-78.1723966,-0.0687275],[-78.1723321,-0.0688229],[-78.1715675,-0.0693083],[-78.1713435,-0.0693017],[-78.1708921,-0.0690957],[-78.1708335,-0.0691287],[-78.1708233,-0.0691923],[-78.1712169,-0.0701072],[-78.171321,-0.0701037],[-78.1714742,-0.070075],[-78.1716686,-0.0699834],[-78.1723217,-0.0695746],[-78.1727889,-0.0693762],[-78.1732769,-0.0692157],[-78.1742858,-0.0686462]]],[[[-78.1733093,-0.0678692],[-78.172986,-0.0678562],[-78.172578,-0.068011],[-78.1723596,-0.0679885],[-78.1718555,-0.0677311],[-78.1716497,-0.0675686],[-78.1715217,-0.0674317],[-78.1713226,-0.0671127],[-78.1700683,-0.066798],[-78.1700078,-0.0668787],[-78.1705672,-0.0672845],[-78.1710251,-0.0677271],[-78.1712252,-0.0679912],[-78.171675,-0.0683151],[-78.1722364,-0.0684655],[-78.1724122,-0.0683703],[-78.1728538,-0.068324],[-78.1731077,-0.0682352],[-78.1732864,-0.06822],[-78.1736147,-0.0683827],[-78.1737173,-0.0684683],[-78.1738421,-0.0684923],[-78.174068,-0.0683938],[-78.1743176,-0.0683839],[-78.1743467,-0.0683139],[-78.17409,-0.0682484],[-78.1738848,-0.0680854],[-78.1735628,-0.0680062],[-78.1733093,-0.0678692]]],[[[-78.173572,-0.066485],[-78.173811,-0.0661325],[-78.1739916,-0.0656276],[-78.174265,-0.0651039],[-78.17485,-0.0645067],[-78.1752607,-0.064183],[-78.1754979,-0.0639247],[-78.1756249,-0.0638822],[-78.1757275,-0.0639161],[-78.1758062,-0.0639837],[-78.176072,-0.06442],[-78.1763839,-0.0641194],[-78.1757197,-0.0633497],[-78.1754532,-0.0636385],[-78.1749944,-0.0631743],[-78.1740625,-0.0637555],[-78.1738854,-0.0639213],[-78.173527,-0.0643486],[-78.1733019,-0.0646716],[-78.1729567,-0.065573],[-78.1726799,-0.0661835],[-78.1723499,-0.0660774],[-78.171999,-0.0664407],[-78.1724857,-0.0666026],[-78.172598,-0.0663611],[-78.1735419,-0.0666635],[-78.173572,-0.066485]]],[[[-78.1722674,-0.0640117],[-78.1719112,-0.064685],[-78.1718705,-0.0649251],[-78.1716911,-0.0651597],[-78.1716098,-0.0653944],[-78.1715004,-0.0655277],[-78.1718113,-0.0656937],[-78.1723826,-0.064421],[-78.1724599,-0.0641515],[-78.1722674,-0.0640117]]],[[[-78.1738153,-0.0639184],[-78.172997,-0.0634144],[-78.1727155,-0.0637577],[-78.1735743,-0.0642076],[-78.1738153,-0.0639184]]],[[[-78.1735351,-0.0629736],[-78.1731968,-0.0626269],[-78.1731427,-0.0626519],[-78.1730352,-0.0627916],[-78.1733655,-0.0630976],[-78.1735351,-0.0629736]]],[[[-78.1739951,-0.0626716],[-78.1742817,-0.0624968],[-78.1747893,-0.0629388],[-78.1750791,-0.0627644],[-78.1749624,-0.0626878],[-78.1750635,-0.062454],[-78.174702,-0.0622943],[-78.1746362,-0.0624217],[-78.1745787,-0.0623735],[-78.1744894,-0.0624029],[-78.1742961,-0.0621697],[-78.1737226,-0.0624017],[-78.1739951,-0.0626716]]],[[[-78.1731567,-0.0625859],[-78.1727076,-0.0621258],[-78.1733286,-0.0620113],[-78.173691,-0.0623703],[-78.1742669,-0.0621344],[-78.1747083,-0.0615463],[-78.1742502,-0.0612042],[-78.1737859,-0.0610187],[-78.1734213,-0.0611341],[-78.1724448,-0.061328],[-78.1723213,-0.0614589],[-78.1720609,-0.0615824],[-78.1725148,-0.0621824],[-78.1725591,-0.0621627],[-78.1727385,-0.0624289],[-78.1727008,-0.0624817],[-78.1729969,-0.0627561],[-78.1731567,-0.0625859]]],[[[-78.1747226,-0.0622542],[-78.1750808,-0.062414],[-78.1752722,-0.0619714],[-78.1749939,-0.0617283],[-78.1747226,-0.0622542]]],[[[-78.1730134,-0.0598241],[-78.1728651,-0.0592656],[-78.172462,-0.0593667],[-78.1721815,-0.0594886],[-78.1724711,-0.0596519],[-78.1727418,-0.0599017],[-78.1727952,-0.0601396],[-78.1728987,-0.0601291],[-78.1729851,-0.0600102],[-78.1730134,-0.0598241]]],[[[-78.1766135,-0.0563981],[-78.1764156,-0.0559295],[-78.1761732,-0.0555882],[-78.175729,-0.0550832],[-78.1748844,-0.0559793],[-78.1751262,-0.0554483],[-78.1728098,-0.0562403],[-78.1730645,-0.0563911],[-78.1731944,-0.0565809],[-78.1738093,-0.0566156],[-78.1742366,-0.0566027],[-78.1752544,-0.0566787],[-78.1751853,-0.0571465],[-78.1751533,-0.0571501],[-78.1748431,-0.0575717],[-78.1747313,-0.0578477],[-78.1746784,-0.0581713],[-78.175048,-0.057719],[-78.1759934,-0.0569897],[-78.1766135,-0.0563981]]],[[[-78.1730187,-0.0553962],[-78.1724675,-0.0555727],[-78.1725505,-0.0559192],[-78.1727654,-0.0558486],[-78.1730187,-0.0553962]]],[[[-78.174648,-0.0551188],[-78.1745171,-0.054875],[-78.1730751,-0.0553689],[-78.1728407,-0.0558238],[-78.1751031,-0.0550614],[-78.175101,-0.0550257],[-78.174648,-0.0551188]]],[[[-78.1729824,-0.0549722],[-78.1742546,-0.054696],[-78.1743864,-0.0523482],[-78.1742837,-0.0522055],[-78.1741905,-0.0522228],[-78.1740527,-0.0524123],[-78.1738934,-0.0528557],[-78.173834,-0.0531365],[-78.1738735,-0.053142],[-78.173766,-0.0535746],[-78.1736928,-0.0535629],[-78.1736034,-0.0536678],[-78.1734442,-0.0537378],[-78.1731459,-0.0539736],[-78.1729473,-0.0539818],[-78.1728844,-0.0540406],[-78.1728961,-0.0548845],[-78.1729824,-0.0549722]]],[[[-78.1736427,-0.0535579],[-78.1727666,-0.0534932],[-78.1719349,-0.0540823],[-78.1731111,-0.0539358],[-78.1734194,-0.0537001],[-78.1735797,-0.0536288],[-78.1736427,-0.0535579]]],[[[-78.1740086,-0.0523948],[-78.1730262,-0.0520305],[-78.1732366,-0.0516352],[-78.1720658,-0.0511615],[-78.1718336,-0.051598],[-78.1715624,-0.0515014],[-78.1714109,-0.0518568],[-78.171377,-0.0520848],[-78.1722381,-0.0520379],[-78.172489,-0.0520703],[-78.1726927,-0.0529704],[-78.1738027,-0.0531317],[-78.1738698,-0.0528029],[-78.1740086,-0.0523948]]],[[[-78.1736848,-0.0517387],[-78.1738698,-0.0514173],[-78.1735425,-0.051234],[-78.1733467,-0.0516019],[-78.1736848,-0.0517387]]],[[[-78.1730752,-0.0509723],[-78.1729792,-0.0509668],[-78.1729486,-0.050905],[-78.1729816,-0.0508467],[-78.1727665,-0.0507467],[-78.1724948,-0.0512572],[-78.173033,-0.051475],[-78.1732488,-0.0510695],[-78.1730752,-0.0509723]]],[[[-78.1740435,-0.0514292],[-78.1740718,-0.0513949],[-78.1738815,-0.0507099],[-78.1736218,-0.0511958],[-78.1740435,-0.0514292]]],[[[-78.1729845,-0.050845],[-78.1730541,-0.0508437],[-78.1731966,-0.0509578],[-78.1734845,-0.0504192],[-78.1732742,-0.0502992],[-78.1729845,-0.050845]]],[[[-78.1602828,-0.1102894],[-78.160298,-0.1102618],[-78.1602372,-0.1102306],[-78.1601887,-0.1101525],[-78.1601614,-0.109872],[-78.1581662,-0.1102845],[-78.1582754,-0.1108548],[-78.1602828,-0.1102894]]],[[[-78.1619163,-0.104157],[-78.1614137,-0.104122],[-78.1615577,-0.1048279],[-78.1618525,-0.1047614],[-78.1618724,-0.1047268],[-78.1619921,-0.1041868],[-78.1619163,-0.104157]]],[[[-78.162436,-0.1046757],[-78.1625983,-0.1038654],[-78.1621735,-0.1037648],[-78.1619214,-0.1047251],[-78.162436,-0.1046757]]],[[[-78.1621324,-0.1008935],[-78.1614966,-0.1003411],[-78.1603257,-0.100095],[-78.1606503,-0.1009257],[-78.1609044,-0.1017633],[-78.1619313,-0.101617],[-78.1621324,-0.1008935]]],[[[-78.1614631,-0.1002972],[-78.1620235,-0.0986318],[-78.1611786,-0.0984],[-78.1610327,-0.0990641],[-78.1601545,-0.0991917],[-78.160312,-0.1000453],[-78.1614631,-0.1002972]]],[[[-78.1433182,-0.0961732],[-78.1434369,-0.0959855],[-78.1432529,-0.0958332],[-78.1431518,-0.0959936],[-78.1433182,-0.0961732]]],[[[-78.1639831,-0.0894057],[-78.1634778,-0.0903063],[-78.164514,-0.0909893],[-78.1658984,-0.0922828],[-78.1668198,-0.0929643],[-78.1674305,-0.0933368],[-78.1672448,-0.0924033],[-78.1672685,-0.0920722],[-78.1673505,-0.0916957],[-78.1673647,-0.0913936],[-78.1647506,-0.0890204],[-78.1645168,-0.089053],[-78.1642906,-0.0889785],[-78.1639831,-0.0894057]]],[[[-78.1701086,-0.0821586],[-78.1701139,-0.0819449],[-78.1701974,-0.0818688],[-78.170809,-0.0814189],[-78.1712571,-0.0811659],[-78.1715011,-0.0808528],[-78.1715241,-0.0807453],[-78.1715015,-0.0806801],[-78.1710823,-0.0801377],[-78.1709453,-0.0800051],[-78.1708414,-0.0800151],[-78.1706037,-0.080161],[-78.1704575,-0.0801522],[-78.1700633,-0.0799965],[-78.1696648,-0.0802911],[-78.1693777,-0.0799423],[-78.1698127,-0.0796309],[-78.1696671,-0.0790661],[-78.1696162,-0.0790668],[-78.1695634,-0.0790221],[-78.1694071,-0.0788361],[-78.1692425,-0.0784646],[-78.1690785,-0.0784469],[-78.1685931,-0.0785094],[-78.168316,-0.0786988],[-78.1679155,-0.0788573],[-78.1669676,-0.0794504],[-78.1669523,-0.0794265],[-78.16782,-0.0788701],[-78.1682312,-0.0787175],[-78.1684815,-0.0785339],[-78.1686275,-0.0784766],[-78.1691537,-0.0784095],[-78.1692506,-0.0784313],[-78.1693142,-0.0784927],[-78.1694486,-0.0788128],[-78.1696097,-0.0790041],[-78.1696511,-0.0790038],[-78.1695565,-0.0786475],[-78.1696651,-0.0781662],[-78.1696617,-0.0780315],[-78.1696057,-0.0778613],[-78.1689892,-0.0778366],[-78.1688274,-0.0779084],[-78.1686731,-0.0779278],[-78.1682893,-0.0779054],[-78.1681245,-0.077853],[-78.1679076,-0.0778408],[-78.1675143,-0.0777136],[-78.1674026,-0.0777204],[-78.1672823,-0.0777739],[-78.16699,-0.0776199],[-78.1667421,-0.0776317],[-78.1665047,-0.0775791],[-78.1662253,-0.0774299],[-78.16601,-0.0772623],[-78.1656849,-0.0772461],[-78.1656136,-0.0772046],[-78.1655475,-0.0771004],[-78.1654409,-0.0770458],[-78.1653675,-0.0773336],[-78.1654966,-0.0775664],[-78.1655771,-0.0778654],[-78.16566,-0.0779066],[-78.1657748,-0.0778964],[-78.1659555,-0.077804],[-78.166048,-0.0778999],[-78.1660692,-0.07829],[-78.1661916,-0.0786447],[-78.166214,-0.0789196],[-78.1663116,-0.079178],[-78.1663066,-0.0793021],[-78.1662308,-0.0795702],[-78.1663459,-0.0799306],[-78.1664191,-0.0800016],[-78.1665852,-0.0800359],[-78.1666975,-0.0801006],[-78.1668901,-0.0804497],[-78.1674781,-0.081125],[-78.167573,-0.0813192],[-78.1687039,-0.0804684],[-78.1691156,-0.0811079],[-78.1698129,-0.0819531],[-78.1700499,-0.0821943],[-78.1701086,-0.0821586]],[[-78.1699092,-0.0805836],[-78.1695572,-0.0808477],[-78.1693845,-0.0806055],[-78.1697207,-0.080359],[-78.1699092,-0.0805836]]],[[[-78.1716069,-0.0808058],[-78.1721326,-0.0804785],[-78.1717676,-0.080049],[-78.1713391,-0.0803857],[-78.1716004,-0.0807378],[-78.1716069,-0.0808058]]],[[[-78.1703822,-0.0797555],[-78.1701832,-0.0793695],[-78.1698719,-0.0795892],[-78.1699414,-0.0797517],[-78.1701001,-0.0799315],[-78.1703822,-0.0797555]]],[[[-78.1513984,-0.0796118],[-78.1526643,-0.0792428],[-78.1524447,-0.0784461],[-78.1511744,-0.0788026],[-78.1513984,-0.0796118]]],[[[-78.1712806,-0.0781356],[-78.1702289,-0.0779587],[-78.1698398,-0.0777368],[-78.1696408,-0.0776786],[-78.169661,-0.0778626],[-78.169827,-0.0779038],[-78.1699203,-0.0780752],[-78.1700734,-0.0781575],[-78.170214,-0.0781683],[-78.1703271,-0.07825],[-78.1703378,-0.0782009],[-78.1705318,-0.0782489],[-78.1708402,-0.0782296],[-78.1711538,-0.0783299],[-78.1712747,-0.0782926],[-78.1712806,-0.0781356]]],[[[-78.1695392,-0.0775935],[-78.169898,-0.0777102],[-78.1701463,-0.0778672],[-78.1703743,-0.0779472],[-78.1704202,-0.0766758],[-78.1695571,-0.0764971],[-78.168662,-0.0764697],[-78.1686543,-0.0770471],[-78.1687556,-0.0774953],[-78.1690094,-0.0775012],[-78.1695392,-0.0775935]]],[[[-78.1656642,-0.0772008],[-78.1659797,-0.0772312],[-78.1664814,-0.0775399],[-78.1666721,-0.0775855],[-78.1668369,-0.0775237],[-78.1658663,-0.0769592],[-78.1655593,-0.076583],[-78.1654743,-0.0765348],[-78.1651589,-0.0759738],[-78.164957,-0.0757317],[-78.1648543,-0.0756534],[-78.1647118,-0.0756175],[-78.1646389,-0.0755583],[-78.1641296,-0.0757063],[-78.1644604,-0.0760592],[-78.1644642,-0.0761429],[-78.1643631,-0.0763807],[-78.1643794,-0.0764423],[-78.164503,-0.0765599],[-78.1647014,-0.0766412],[-78.1647868,-0.0767484],[-78.1648334,-0.0769109],[-78.1648767,-0.0769294],[-78.1649469,-0.0768625],[-78.1650663,-0.0769195],[-78.1653004,-0.0768846],[-78.1654362,-0.0769424],[-78.1656642,-0.0772008]]],[[[-78.168628,-0.0770531],[-78.1686336,-0.0764766],[-78.1679637,-0.0765545],[-78.1674039,-0.076572],[-78.1664467,-0.0764142],[-78.1661109,-0.0763973],[-78.1659488,-0.0764311],[-78.1656696,-0.0766061],[-78.1658642,-0.076877],[-78.1666862,-0.0773931],[-78.1668679,-0.0774584],[-78.1672336,-0.0775185],[-78.1687272,-0.0774959],[-78.168628,-0.0770531]]],[[[-78.1660933,-0.0763388],[-78.1664581,-0.0763522],[-78.1662705,-0.0756572],[-78.1660325,-0.0755777],[-78.1658589,-0.075471],[-78.1657005,-0.0754417],[-78.1656288,-0.0754454],[-78.1658958,-0.0755499],[-78.165916,-0.0756164],[-78.1658507,-0.0756839],[-78.1654123,-0.0756643],[-78.1652964,-0.0756093],[-78.1655615,-0.0765106],[-78.1656467,-0.0765419],[-78.1658772,-0.0763771],[-78.1660933,-0.0763388]]],[[[-78.1669679,-0.0764272],[-78.1669767,-0.0762871],[-78.1672904,-0.0762092],[-78.1671418,-0.075922],[-78.1667643,-0.0759886],[-78.166878,-0.0763038],[-78.1665336,-0.0763622],[-78.1669679,-0.0764272]]],[[[-78.1695606,-0.0764426],[-78.1697402,-0.0749851],[-78.1694231,-0.0748422],[-78.1693183,-0.0748396],[-78.1690588,-0.0749747],[-78.1690034,-0.0750707],[-78.1689694,-0.0753669],[-78.168933,-0.0754657],[-78.1688602,-0.0755365],[-78.1684812,-0.0756975],[-78.1681465,-0.0760178],[-78.1677239,-0.0761072],[-78.1676596,-0.0764895],[-78.1686529,-0.0764116],[-78.1687126,-0.075875],[-78.1687394,-0.0758709],[-78.168682,-0.0764107],[-78.1695606,-0.0764426]]],[[[-78.1704187,-0.0766098],[-78.1704561,-0.076149],[-78.1705745,-0.0753761],[-78.170584,-0.0750368],[-78.1704594,-0.0752157],[-78.1703964,-0.0752496],[-78.1702504,-0.0752088],[-78.1701539,-0.0751614],[-78.1699873,-0.0765035],[-78.1704187,-0.0766098]]],[[[-78.1671203,-0.0759144],[-78.167012,-0.075671],[-78.1666642,-0.0757107],[-78.1667613,-0.0759801],[-78.1671203,-0.0759144]]],[[[-78.167902,-0.0757169],[-78.1681246,-0.0760214],[-78.1684731,-0.0756866],[-78.1688529,-0.0755248],[-78.1689214,-0.0754581],[-78.1689904,-0.0750663],[-78.1690484,-0.0749659],[-78.169108,-0.0749154],[-78.1692376,-0.0748531],[-78.169338,-0.0748277],[-78.1694329,-0.0748289],[-78.1697428,-0.0749711],[-78.1697635,-0.0746899],[-78.1701745,-0.0749958],[-78.1701551,-0.0751518],[-78.1703951,-0.0752401],[-78.1704531,-0.0752089],[-78.1705301,-0.0750632],[-78.1705843,-0.0750256],[-78.1705953,-0.0746274],[-78.1701038,-0.0745192],[-78.1697419,-0.0743967],[-78.1695159,-0.0743095],[-78.1692252,-0.0741443],[-78.1691192,-0.0741575],[-78.1688122,-0.0742792],[-78.1686805,-0.0743615],[-78.1684946,-0.0745637],[-78.1682935,-0.0750005],[-78.16793,-0.0753495],[-78.1677295,-0.0754723],[-78.1678939,-0.075706],[-78.167965,-0.075645],[-78.1680421,-0.0754759],[-78.1682095,-0.0752581],[-78.1684341,-0.0751095],[-78.1684573,-0.0748911],[-78.1685835,-0.0747117],[-78.1685899,-0.0747188],[-78.168466,-0.0748943],[-78.1684423,-0.0751147],[-78.1682155,-0.0752651],[-78.1680498,-0.0754806],[-78.1679724,-0.0756505],[-78.167902,-0.0757169]]],[[[-78.1665423,-0.0753562],[-78.1666548,-0.0756848],[-78.1669991,-0.0756461],[-78.1668763,-0.0754107],[-78.1666476,-0.075397],[-78.1665423,-0.0753562]]],[[[-78.1655644,-0.0754646],[-78.1650925,-0.0749633],[-78.1652676,-0.0755179],[-78.1654314,-0.0755985],[-78.1657259,-0.0756272],[-78.1657985,-0.0755929],[-78.1657853,-0.0755411],[-78.1655644,-0.0754646]]],[[[-78.1679137,-0.0753276],[-78.1682702,-0.0749859],[-78.1684511,-0.0745586],[-78.1686293,-0.0743608],[-78.1687512,-0.0742662],[-78.1691451,-0.0741132],[-78.1692502,-0.0741154],[-78.1695384,-0.0742802],[-78.1698549,-0.0743973],[-78.1705276,-0.0745879],[-78.170593,-0.0745914],[-78.1706447,-0.0744428],[-78.1709952,-0.0743901],[-78.1712837,-0.074315],[-78.1712534,-0.0742962],[-78.1709682,-0.0743803],[-78.1706655,-0.0742353],[-78.1707173,-0.0740501],[-78.1706838,-0.07387],[-78.1707003,-0.0735332],[-78.1702863,-0.0729711],[-78.1699162,-0.0730879],[-78.1694498,-0.073592],[-78.1689759,-0.0738488],[-78.1686662,-0.0741868],[-78.1684703,-0.0742491],[-78.1683543,-0.0743304],[-78.1683314,-0.074366],[-78.1683617,-0.0744027],[-78.1680201,-0.0748458],[-78.1678179,-0.0749992],[-78.1676844,-0.0751682],[-78.167537,-0.075204],[-78.1676975,-0.0754272],[-78.1679137,-0.0753276]]],[[[-78.1654976,-0.0748949],[-78.1652697,-0.0747884],[-78.1651739,-0.0747338],[-78.1649728,-0.0745841],[-78.1650563,-0.0748486],[-78.1655403,-0.0753571],[-78.1656239,-0.0754096],[-78.1658721,-0.0754373],[-78.1660469,-0.0755445],[-78.1662583,-0.0756163],[-78.1661516,-0.0752356],[-78.1660194,-0.075165],[-78.1658128,-0.0750406],[-78.1656449,-0.0749284],[-78.1654976,-0.0748949]]],[[[-78.1673388,-0.075075],[-78.1678892,-0.0748252],[-78.1680125,-0.0745551],[-78.168417,-0.074215],[-78.1684861,-0.0741174],[-78.1680506,-0.0729693],[-78.1679297,-0.073015],[-78.1669181,-0.0730215],[-78.1669144,-0.0729504],[-78.1671634,-0.0729476],[-78.1670147,-0.0721954],[-78.1667685,-0.0722447],[-78.1665768,-0.0722471],[-78.166361,-0.072324],[-78.1660375,-0.0726134],[-78.1659155,-0.0728621],[-78.1658778,-0.0730558],[-78.1650455,-0.0733627],[-78.1643108,-0.0741166],[-78.1645341,-0.0743679],[-78.1647786,-0.0744277],[-78.1651763,-0.07473],[-78.1654769,-0.0748834],[-78.1656469,-0.0749243],[-78.1660257,-0.0751633],[-78.1660646,-0.0750831],[-78.1665174,-0.0752145],[-78.1667426,-0.0752148],[-78.1670083,-0.0751741],[-78.1673388,-0.075075]]],[[[-78.1538438,-0.0735893],[-78.1551063,-0.0731502],[-78.1550316,-0.0728568],[-78.1537772,-0.0733114],[-78.1538438,-0.0735893]]],[[[-78.1683745,-0.0723654],[-78.167811,-0.0720255],[-78.1677097,-0.0721779],[-78.167622,-0.0722435],[-78.1673709,-0.0722535],[-78.1672138,-0.0722094],[-78.1674822,-0.0729456],[-78.1679939,-0.0729219],[-78.1683745,-0.0723654]]],[[[-78.1721758,-0.0720294],[-78.1717099,-0.0719716],[-78.1718575,-0.0723261],[-78.1722189,-0.0722738],[-78.1721758,-0.0720294]]],[[[-78.1694649,-0.0712656],[-78.1693512,-0.0712399],[-78.1692339,-0.0711534],[-78.1688628,-0.0716337],[-78.1688926,-0.0716518],[-78.168907,-0.0717456],[-78.16874,-0.0719542],[-78.1689878,-0.0722208],[-78.1691186,-0.0720949],[-78.1697372,-0.0731373],[-78.1699264,-0.0729662],[-78.1703458,-0.072809],[-78.1705939,-0.0727814],[-78.1706916,-0.0727097],[-78.170824,-0.0728039],[-78.1711433,-0.0727523],[-78.171261,-0.0726805],[-78.1706739,-0.0717294],[-78.1703102,-0.0706503],[-78.1695992,-0.0712189],[-78.1694649,-0.0712656]]],[[[-78.1680927,-0.0711401],[-78.1686858,-0.0715682],[-78.1688046,-0.0712174],[-78.1682868,-0.0707215],[-78.1683129,-0.0707332],[-78.168489,-0.0705393],[-78.1688542,-0.0703974],[-78.1693702,-0.0703258],[-78.1695592,-0.0703448],[-78.1697964,-0.0705076],[-78.1699814,-0.0705324],[-78.1699954,-0.0703613],[-78.1697863,-0.070301],[-78.1694704,-0.0701087],[-78.1691487,-0.0700879],[-78.1687083,-0.0701936],[-78.1685512,-0.070264],[-78.1679032,-0.0707901],[-78.1677951,-0.0710245],[-78.167764,-0.0713439],[-78.1676651,-0.071501],[-78.167949,-0.0717867],[-78.1679162,-0.0718197],[-78.168466,-0.0721791],[-78.1686086,-0.0717963],[-78.1680542,-0.0713902],[-78.1680927,-0.0711401]]],[[[-78.1692693,-0.0710858],[-78.1697718,-0.0705334],[-78.1695261,-0.0703614],[-78.1693431,-0.0703373],[-78.1690598,-0.0703761],[-78.1689914,-0.0709683],[-78.1691241,-0.0709823],[-78.1692693,-0.0710858]]],[[[-78.1706589,-0.0693826],[-78.1709667,-0.0702737],[-78.1711728,-0.0701655],[-78.1708098,-0.0693243],[-78.1706589,-0.0693826]]],[[[-78.1707766,-0.0692985],[-78.1707387,-0.069117],[-78.1707901,-0.0690413],[-78.1708928,-0.0690296],[-78.1713648,-0.0692418],[-78.1715548,-0.0692508],[-78.1717923,-0.0690717],[-78.172288,-0.0687756],[-78.1723295,-0.0686623],[-78.1719213,-0.0687772],[-78.1717313,-0.0687413],[-78.1712682,-0.0685202],[-78.1709298,-0.0684126],[-78.1706637,-0.0682636],[-78.1706669,-0.0684501],[-78.1706342,-0.0683047],[-78.1702892,-0.0680199],[-78.1702544,-0.0679185],[-78.170306,-0.0678528],[-78.170239,-0.0677978],[-78.1697944,-0.067575],[-78.1695484,-0.0675814],[-78.1693781,-0.0676346],[-78.16926,-0.067772],[-78.1691843,-0.0679259],[-78.1691305,-0.0682467],[-78.1693516,-0.0683588],[-78.1696451,-0.0687261],[-78.1699956,-0.0690676],[-78.170363,-0.0689101],[-78.1705457,-0.0693977],[-78.1707766,-0.0692985]]],[[[-78.1691269,-0.0682409],[-78.16918,-0.0679243],[-78.1692562,-0.0677695],[-78.1693755,-0.0676307],[-78.1695477,-0.0675769],[-78.1697852,-0.0675708],[-78.169576,-0.0674806],[-78.1692661,-0.0675844],[-78.1689118,-0.0678413],[-78.1691269,-0.0682409]]],[[[-78.169264,-0.0675803],[-78.1695692,-0.0674781],[-78.1694438,-0.0674529],[-78.1692664,-0.0675409],[-78.1689474,-0.0678092],[-78.169264,-0.0675803]]],[[[-78.1719414,-0.0664169],[-78.1722951,-0.0660598],[-78.1718794,-0.0659262],[-78.171793,-0.0663666],[-78.1719414,-0.0664169]]],[[[-78.171823,-0.0649096],[-78.1718613,-0.0646534],[-78.1722244,-0.0639806],[-78.17184,-0.0637016],[-78.1717077,-0.0640692],[-78.1714601,-0.0639947],[-78.1715006,-0.0646347],[-78.1715859,-0.0649165],[-78.1715292,-0.0654544],[-78.1716474,-0.0651374],[-78.171823,-0.0649096]]],[[[-78.1716697,-0.0597625],[-78.1719327,-0.0604601],[-78.1719807,-0.0604979],[-78.17227,-0.0606092],[-78.1724187,-0.0606069],[-78.1722416,-0.0604392],[-78.1716697,-0.0597625]]],[[[-78.1716994,-0.0558062],[-78.1715846,-0.0550987],[-78.1715914,-0.0540135],[-78.1711138,-0.0538656],[-78.1709963,-0.0546017],[-78.1709453,-0.0552238],[-78.1710424,-0.0557676],[-78.1716994,-0.0558062]]]]}},
{"type":"Feature","properties":{"sector":"Sector 3","predios":1154,"area_riego_ha":1506.55,"area_ha":2363.22},"geometry":{"type":"MultiPolygon","coordinates":[[[[-78.273557,-0.0938456],[-78.2743164,-0.093253],[-78.273679,-0.0928602],[-78.2736614,-0.0928865],[-78.2734423,-0.0925677],[-78.2731787,-0.0922758],[-78.2728996,-0.0927161],[-78.2733714,-0.0931664],[-78.2734011,-0.0934015],[-78.273557,-0.0938456]]],[[[-78.2768872,-0.0928327],[-78.276749,-0.0924948],[-78.2766412,-0.0925934],[-78.2765036,-0.0926198],[-78.2764695,-0.0927573],[-78.2764566,-0.0933719],[-78.2765157,-0.0935526],[-78.2766699,-0.0934624],[-78.2768248,-0.0934476],[-78.2770145,-0.0933746],[-78.2768872,-0.0928327]]],[[[-78.2738657,-0.0909734],[-78.2729858,-0.0910235],[-78.2728635,-0.0912184],[-78.2727914,-0.0914256],[-78.2727858,-0.0918763],[-78.2736897,-0.091917],[-78.2737206,-0.0918344],[-78.2739688,-0.0918586],[-78.2742939,-0.0909942],[-78.2738657,-0.0909734]]],[[[-78.2772954,-0.0911279],[-78.2776413,-0.0911358],[-78.2776238,-0.0906598],[-78.2774459,-0.0906689],[-78.27742,-0.0902196],[-78.2772664,-0.0902284],[-78.2772581,-0.0901622],[-78.2780429,-0.0901374],[-78.2780439,-0.0901894],[-78.2776006,-0.0902082],[-78.2776157,-0.090388],[-78.2781407,-0.0903685],[-78.2781616,-0.0911656],[-78.2786523,-0.0911593],[-78.2786578,-0.0905647],[-78.278584,-0.089836],[-78.27848,-0.0899393],[-78.2784471,-0.0899548],[-78.2783412,-0.0899719],[-78.2782967,-0.0899717],[-78.2782594,-0.0899581],[-78.2782169,-0.0899164],[-78.2781959,-0.0898696],[-78.2781225,-0.0896179],[-78.2780669,-0.0896415],[-78.2779798,-0.0897489],[-78.2779615,-0.089755],[-78.2779359,-0.0897565],[-78.2778897,-0.0897421],[-78.2777377,-0.0896493],[-78.2776475,-0.0896366],[-78.2776057,-0.0896554],[-78.2775425,-0.0897494],[-78.2775064,-0.0897638],[-78.2774206,-0.0897518],[-78.2772093,-0.0896472],[-78.2768367,-0.0897108],[-78.2767964,-0.0897039],[-78.2767526,-0.0896777],[-78.2764725,-0.0893993],[-78.2763926,-0.0892605],[-78.2761138,-0.0893272],[-78.2758773,-0.0893271],[-78.2758602,-0.0893153],[-78.2758465,-0.0892902],[-78.2758412,-0.0892453],[-78.2758716,-0.0889222],[-78.2757898,-0.0888089],[-78.275702,-0.0887664],[-78.2755119,-0.0888966],[-78.2754604,-0.088908],[-78.2754155,-0.0888994],[-78.2753784,-0.0888562],[-78.2752924,-0.0886831],[-78.2751932,-0.088594],[-78.2750395,-0.0886609],[-78.2749433,-0.0888195],[-78.274922,-0.0888471],[-78.2749013,-0.088858],[-78.2747567,-0.0889088],[-78.2746169,-0.0889196],[-78.2744936,-0.088967],[-78.2743568,-0.0889701],[-78.2742943,-0.0891519],[-78.2742558,-0.0891738],[-78.2742184,-0.0891745],[-78.2741259,-0.0891446],[-78.2740436,-0.0891706],[-78.2739981,-0.0891746],[-78.27384,-0.0891253],[-78.2737167,-0.0892108],[-78.2736412,-0.0893563],[-78.2736003,-0.0893904],[-78.2735053,-0.0894118],[-78.2732815,-0.0893831],[-78.2732286,-0.0894342],[-78.2731939,-0.0895412],[-78.2731788,-0.0895644],[-78.2731581,-0.0895817],[-78.2731299,-0.0895886],[-78.2730982,-0.0895817],[-78.2730648,-0.0895595],[-78.2728693,-0.089316],[-78.2728122,-0.0893092],[-78.2727552,-0.0894408],[-78.2727373,-0.0894486],[-78.2726728,-0.0894498],[-78.2725651,-0.0894325],[-78.2723952,-0.0894995],[-78.2723578,-0.0895966],[-78.2722953,-0.0897087],[-78.2722414,-0.0897247],[-78.2721454,-0.0897202],[-78.2721237,-0.0897057],[-78.2721039,-0.0896754],[-78.2720501,-0.0895368],[-78.2720443,-0.0894717],[-78.2720575,-0.0892995],[-78.2719832,-0.0891953],[-78.2717934,-0.0892136],[-78.2715808,-0.0891592],[-78.2715192,-0.0892396],[-78.2714287,-0.0893041],[-78.2713837,-0.0893114],[-78.2713651,-0.0893107],[-78.2713499,-0.0892992],[-78.2713282,-0.0892761],[-78.2713037,-0.0892328],[-78.2712716,-0.0890988],[-78.2711591,-0.0891151],[-78.2709822,-0.0892029],[-78.2709128,-0.0892066],[-78.2708879,-0.0891775],[-78.2708888,-0.089165],[-78.2700896,-0.0907284],[-78.27049,-0.0908186],[-78.2717915,-0.0909105],[-78.2724071,-0.0909297],[-78.2733115,-0.0908532],[-78.2744468,-0.0909044],[-78.2752091,-0.0910743],[-78.2759763,-0.0914019],[-78.2762518,-0.0914426],[-78.2764232,-0.0914052],[-78.2768107,-0.0912059],[-78.2769425,-0.0911848],[-78.2769243,-0.0907785],[-78.2772776,-0.0907216],[-78.2772954,-0.0911279]],[[-78.2752418,-0.0890547],[-78.2755325,-0.089091],[-78.2755946,-0.0890431],[-78.2756613,-0.0892659],[-78.2757134,-0.0893309],[-78.2756236,-0.0895294],[-78.2752029,-0.0893788],[-78.2751516,-0.0895507],[-78.2755709,-0.0896976],[-78.2754977,-0.0898869],[-78.2750838,-0.0897187],[-78.2750251,-0.0898893],[-78.2749372,-0.0898686],[-78.2752418,-0.0890547]]],[[[-78.2826202,-0.0834325],[-78.2826308,-0.0824535],[-78.2825673,-0.0823397],[-78.2822593,-0.082138],[-78.282176,-0.082047],[-78.2821138,-0.0818905],[-78.2821254,-0.0816817],[-78.2822113,-0.0815822],[-78.2824281,-0.0814947],[-78.2825767,-0.0813804],[-78.2832925,-0.0805276],[-78.2834119,-0.0802835],[-78.2835566,-0.0798066],[-78.2835228,-0.0796735],[-78.2832269,-0.0792421],[-78.2831326,-0.0789248],[-78.2831676,-0.0786134],[-78.2834056,-0.0781611],[-78.2834385,-0.0780086],[-78.2829638,-0.0763996],[-78.2828276,-0.0761678],[-78.2817402,-0.0749247],[-78.2815137,-0.0744135],[-78.2814156,-0.0743427],[-78.2807272,-0.0741328],[-78.2803931,-0.073905],[-78.2802886,-0.0737534],[-78.2802042,-0.0735459],[-78.2802102,-0.0733826],[-78.2802626,-0.073258],[-78.2801724,-0.0732231],[-78.279819,-0.0730411],[-78.2795409,-0.0730279],[-78.2793208,-0.0730789],[-78.2792929,-0.073082],[-78.2792373,-0.073067],[-78.2791656,-0.0730937],[-78.2790713,-0.0731022],[-78.2789466,-0.0731371],[-78.2788921,-0.0731416],[-78.2784628,-0.0731098],[-78.2783447,-0.0730384],[-78.2781894,-0.073002],[-78.2782169,-0.0732722],[-78.2783035,-0.0734309],[-78.2785231,-0.0735723],[-78.2790192,-0.0736817],[-78.2792168,-0.0738175],[-78.2799814,-0.0748674],[-78.2802082,-0.0751181],[-78.2804052,-0.0752394],[-78.2814884,-0.0756402],[-78.2819523,-0.0758719],[-78.2823348,-0.0762382],[-78.282497,-0.0765437],[-78.2826788,-0.0774915],[-78.2827037,-0.0776917],[-78.2826806,-0.0779187],[-78.2825712,-0.0781345],[-78.282143,-0.0784385],[-78.2819997,-0.078678],[-78.2819868,-0.0788641],[-78.2820579,-0.0790755],[-78.2824508,-0.0794788],[-78.282588,-0.079676],[-78.2826519,-0.0799434],[-78.2826235,-0.080195],[-78.2824035,-0.0805666],[-78.2818962,-0.0811641],[-78.2813712,-0.0815447],[-78.281244,-0.0816908],[-78.2806443,-0.0826723],[-78.2806016,-0.0829036],[-78.2806588,-0.0832365],[-78.2809211,-0.083835],[-78.2810531,-0.084058],[-78.2826512,-0.0835591],[-78.2826202,-0.0834325]]],[[[-78.2823426,-0.0816443],[-78.2822378,-0.081701],[-78.2822267,-0.081848],[-78.2822524,-0.0819112],[-78.282335,-0.0820479],[-78.2825696,-0.0821733],[-78.2826627,-0.0822842],[-78.2827102,-0.082399],[-78.2827425,-0.0830465],[-78.2827159,-0.0834243],[-78.2827596,-0.0835591],[-78.2829173,-0.0837198],[-78.2830987,-0.0838403],[-78.2833419,-0.083935],[-78.2836678,-0.084003],[-78.2839537,-0.0839973],[-78.2842616,-0.0825722],[-78.284368,-0.0823637],[-78.2844963,-0.0822432],[-78.2845058,-0.082139],[-78.2844602,-0.0819917],[-78.2840565,-0.0813824],[-78.2839672,-0.0810496],[-78.284085,-0.0808248],[-78.2831492,-0.0813785],[-78.2825744,-0.0816252],[-78.2823426,-0.0816443]]],[[[-78.2882829,-0.075295],[-78.2881701,-0.0751515],[-78.2880941,-0.0749545],[-78.2877276,-0.0749656],[-78.2876694,-0.0750089],[-78.2876368,-0.0750226],[-78.287606,-0.0750238],[-78.2874578,-0.0749758],[-78.2871017,-0.0749818],[-78.2869566,-0.0749481],[-78.286816,-0.0749995],[-78.2866599,-0.0749657],[-78.2862591,-0.0751591],[-78.2862329,-0.0751617],[-78.2861571,-0.0751417],[-78.286133,-0.0752079],[-78.2860106,-0.0752824],[-78.2859891,-0.075283],[-78.2859501,-0.075258],[-78.2859361,-0.0752627],[-78.2858913,-0.0753172],[-78.2858549,-0.0753415],[-78.2857053,-0.0753969],[-78.2855882,-0.0754056],[-78.2851198,-0.075366],[-78.2847216,-0.0752355],[-78.2843226,-0.0750789],[-78.2840914,-0.0748798],[-78.2839415,-0.0747267],[-78.2836832,-0.0745887],[-78.2834403,-0.0743471],[-78.2832006,-0.0742091],[-78.2831567,-0.0741596],[-78.2830769,-0.0740185],[-78.2829879,-0.0739584],[-78.2828149,-0.0738886],[-78.2827341,-0.0738869],[-78.2826343,-0.0738187],[-78.282467,-0.0737805],[-78.2814101,-0.0737942],[-78.2809601,-0.0737646],[-78.2809049,-0.073748],[-78.2806022,-0.073587],[-78.2804707,-0.0734729],[-78.2803611,-0.0733327],[-78.2803057,-0.0734414],[-78.2803443,-0.0736447],[-78.280567,-0.0738928],[-78.2808816,-0.0740661],[-78.2813062,-0.0741678],[-78.2815318,-0.0742545],[-78.2816416,-0.074368],[-78.2818672,-0.0748881],[-78.2829953,-0.0762003],[-78.2835029,-0.0777485],[-78.2835563,-0.0781042],[-78.2832534,-0.078675],[-78.2832386,-0.0789201],[-78.2832772,-0.0791294],[-78.283384,-0.0793535],[-78.2836423,-0.0797301],[-78.283672,-0.0798078],[-78.2836423,-0.0799573],[-78.2834433,-0.0804833],[-78.2825496,-0.0815473],[-78.2826743,-0.0815353],[-78.28337,-0.0812059],[-78.2842467,-0.0806371],[-78.284526,-0.0803143],[-78.2849902,-0.079521],[-78.2850635,-0.0792494],[-78.2850731,-0.0788524],[-78.2850059,-0.0787168],[-78.2849254,-0.0786783],[-78.2847781,-0.0786919],[-78.2847021,-0.0785762],[-78.284857,-0.0784507],[-78.2848756,-0.0782633],[-78.2847243,-0.0779778],[-78.2844794,-0.0772616],[-78.2855385,-0.0771136],[-78.2859262,-0.0771221],[-78.2859067,-0.0770868],[-78.2859362,-0.0770385],[-78.2862665,-0.0768133],[-78.2863779,-0.0767862],[-78.2868273,-0.0767782],[-78.2870846,-0.0766036],[-78.2872353,-0.076548],[-78.2873852,-0.0763401],[-78.2874645,-0.0762778],[-78.2877252,-0.0761879],[-78.2879187,-0.0760763],[-78.2881788,-0.0760415],[-78.2883541,-0.0757104],[-78.2883749,-0.0756029],[-78.288383,-0.0755074],[-78.2882829,-0.075295]]],[[[-78.2894757,-0.0708758],[-78.2897944,-0.0727596],[-78.2900737,-0.0747972],[-78.2901915,-0.0749349],[-78.2904625,-0.0750044],[-78.2908322,-0.074985],[-78.2908597,-0.0749349],[-78.2909264,-0.0749119],[-78.2912647,-0.0748386],[-78.2914231,-0.0748948],[-78.291552,-0.0748773],[-78.2918099,-0.0749131],[-78.2918709,-0.0749721],[-78.2919819,-0.075242],[-78.2923641,-0.0752371],[-78.2924806,-0.0751803],[-78.2927557,-0.0752428],[-78.2929172,-0.0754037],[-78.2929932,-0.0756569],[-78.2931605,-0.0758331],[-78.2933016,-0.0758787],[-78.2935458,-0.0758995],[-78.2936259,-0.0758492],[-78.293637,-0.075789],[-78.2935883,-0.0756286],[-78.2936108,-0.0756067],[-78.2938829,-0.0756074],[-78.2940798,-0.0755231],[-78.2942561,-0.0753241],[-78.2946866,-0.0749871],[-78.2947692,-0.0749813],[-78.2949329,-0.0750852],[-78.2954446,-0.0752378],[-78.294313,-0.0728694],[-78.2940182,-0.0725977],[-78.2934767,-0.0722414],[-78.2930753,-0.0717178],[-78.2930896,-0.0713017],[-78.2932345,-0.0710674],[-78.2934574,-0.0709043],[-78.2934901,-0.0708416],[-78.293496,-0.0707878],[-78.293404,-0.0705815],[-78.2930329,-0.0703454],[-78.2928045,-0.0703231],[-78.2925404,-0.0703996],[-78.2924359,-0.0703958],[-78.2920103,-0.0702389],[-78.2915467,-0.0703747],[-78.2908111,-0.0703869],[-78.2900166,-0.0706128],[-78.2894757,-0.0708758]]],[[[-78.2884837,-0.0749516],[-78.2886844,-0.0749021],[-78.2889214,-0.0747625],[-78.289082,-0.0747942],[-78.289233,-0.0747642],[-78.2894819,-0.0747995],[-78.2899347,-0.0748036],[-78.2893176,-0.0708997],[-78.2885294,-0.0712639],[-78.2882321,-0.0713548],[-78.2881869,-0.0714143],[-78.2881892,-0.0749496],[-78.2884837,-0.0749516]]],[[[-78.2894129,-0.070786],[-78.2894439,-0.0707991],[-78.290017,-0.0705108],[-78.2906025,-0.0703376],[-78.2915247,-0.0702877],[-78.2917243,-0.0702028],[-78.2919102,-0.0700617],[-78.2918041,-0.0699562],[-78.2916862,-0.0699387],[-78.2915074,-0.0697266],[-78.2909264,-0.0695665],[-78.2904147,-0.0695931],[-78.2900255,-0.0697862],[-78.2898797,-0.069826],[-78.2895965,-0.0698317],[-78.2892502,-0.0697583],[-78.2894129,-0.070786]]],[[[-78.2784825,-0.0725949],[-78.2782484,-0.0728056],[-78.2781906,-0.0729977],[-78.2783465,-0.0730342],[-78.2784636,-0.0731052],[-78.2789248,-0.0731364],[-78.2792366,-0.0730624],[-78.2793196,-0.0730745],[-78.2795403,-0.0730234],[-78.2798201,-0.0730367],[-78.2802651,-0.073254],[-78.2803717,-0.0731577],[-78.2805144,-0.0731519],[-78.2808256,-0.0734154],[-78.2809383,-0.0734379],[-78.2812432,-0.0734195],[-78.2817502,-0.0731648],[-78.2818317,-0.0730877],[-78.2818684,-0.0729931],[-78.2819041,-0.0726367],[-78.28199,-0.0724878],[-78.2821504,-0.0723161],[-78.2822155,-0.0721598],[-78.2821553,-0.0708152],[-78.282256,-0.0704903],[-78.2824049,-0.0703162],[-78.2825364,-0.070228],[-78.2837366,-0.069684],[-78.2839271,-0.0695667],[-78.2840779,-0.0693944],[-78.2841841,-0.0690381],[-78.2841696,-0.0688646],[-78.2840541,-0.0685276],[-78.2838658,-0.0677039],[-78.2836893,-0.0673678],[-78.283524,-0.0671806],[-78.2831706,-0.0669452],[-78.2827574,-0.0667905],[-78.2825955,-0.066684],[-78.2824531,-0.0664952],[-78.2823551,-0.0662745],[-78.2817916,-0.0664274],[-78.2809351,-0.0667565],[-78.2799387,-0.0670063],[-78.2799876,-0.0671783],[-78.2801711,-0.0674169],[-78.2815012,-0.0689294],[-78.2815904,-0.0691528],[-78.2815874,-0.0693757],[-78.2815123,-0.0695409],[-78.2813894,-0.0696737],[-78.2802811,-0.070318],[-78.2800429,-0.0705727],[-78.2799644,-0.0707128],[-78.2797433,-0.0713922],[-78.2797376,-0.0721286],[-78.2795681,-0.072408],[-78.2794074,-0.072514],[-78.2792412,-0.0725727],[-78.278622,-0.0725511],[-78.2784825,-0.0725949]]],[[[-78.2880969,-0.0738574],[-78.2881205,-0.0719997],[-78.2880643,-0.0719937],[-78.2881386,-0.0709552],[-78.2880733,-0.0708894],[-78.2878388,-0.0707938],[-78.2876013,-0.0704979],[-78.2874855,-0.0700137],[-78.2873698,-0.0696729],[-78.2873074,-0.0695414],[-78.2872688,-0.0695354],[-78.2870908,-0.0689287],[-78.2869751,-0.067246],[-78.2870078,-0.0661849],[-78.2869425,-0.065629],[-78.2867466,-0.0649954],[-78.2862832,-0.0641121],[-78.2860636,-0.0643039],[-78.2857861,-0.0643948],[-78.2854141,-0.0644632],[-78.2851952,-0.0645697],[-78.2849117,-0.0648766],[-78.2845683,-0.0650451],[-78.2842768,-0.0654009],[-78.2835661,-0.0659618],[-78.2833897,-0.0660373],[-78.2829185,-0.0660997],[-78.2824804,-0.0662329],[-78.2825209,-0.0664059],[-78.2826841,-0.066624],[-78.2831948,-0.0668482],[-78.2834085,-0.0670276],[-78.2836431,-0.0671471],[-78.2838894,-0.067458],[-78.2839933,-0.0676852],[-78.284115,-0.0683666],[-78.2842931,-0.0688957],[-78.2842337,-0.0693769],[-78.2839695,-0.0696608],[-78.2833698,-0.0699865],[-78.282586,-0.0703392],[-78.2824256,-0.0704617],[-78.2823336,-0.0706081],[-78.282295,-0.0707217],[-78.2823335,-0.0722161],[-78.2823098,-0.0722819],[-78.2820425,-0.0726047],[-78.2819594,-0.0731546],[-78.2819059,-0.0732233],[-78.281517,-0.0734355],[-78.2812825,-0.0735252],[-78.2810598,-0.0735491],[-78.2809173,-0.0735461],[-78.2806056,-0.0733578],[-78.2804542,-0.073301],[-78.2803634,-0.0733283],[-78.2806049,-0.0735833],[-78.2809608,-0.07376],[-78.2814101,-0.0737897],[-78.2824673,-0.073776],[-78.2826651,-0.0738251],[-78.2827362,-0.0738826],[-78.282816,-0.0738842],[-78.2830481,-0.0739826],[-78.2830978,-0.0740369],[-78.2832033,-0.0742054],[-78.283443,-0.0743435],[-78.2836858,-0.074585],[-78.2839439,-0.0747229],[-78.2843255,-0.0750752],[-78.2851209,-0.0753616],[-78.2857045,-0.0753925],[-78.2858528,-0.0753375],[-78.2859337,-0.0752587],[-78.2859503,-0.0752532],[-78.2860093,-0.0752779],[-78.2861294,-0.0752051],[-78.2861557,-0.0751374],[-78.2862579,-0.0751547],[-78.286659,-0.0749612],[-78.2867742,-0.0749673],[-78.286805,-0.0749955],[-78.2869558,-0.0749434],[-78.2871018,-0.0749773],[-78.2874018,-0.0749672],[-78.2874585,-0.0749714],[-78.2875195,-0.0749855],[-78.2876062,-0.0750192],[-78.2877265,-0.0749611],[-78.2880938,-0.07495],[-78.2880786,-0.0746197],[-78.2881295,-0.0743415],[-78.2880969,-0.0738574]]],[[[-78.2736569,-0.0642247],[-78.2736921,-0.064676],[-78.2739385,-0.0646608],[-78.273911,-0.0642086],[-78.2736569,-0.0642247]]],[[[-78.2778917,-0.0598937],[-78.2775314,-0.0608513],[-78.2774524,-0.0610612],[-78.2777135,-0.0611146],[-78.278106,-0.0599261],[-78.2778917,-0.0598937]]],[[[-78.2765803,-0.0599336],[-78.2756351,-0.0594335],[-78.2767385,-0.0586593],[-78.2765313,-0.0585778],[-78.2763211,-0.0583594],[-78.2757856,-0.0581895],[-78.2754394,-0.0579526],[-78.275324,-0.0579173],[-78.2746133,-0.0585788],[-78.2748964,-0.0588212],[-78.2750821,-0.0590896],[-78.2751297,-0.0597915],[-78.2751481,-0.0598693],[-78.2752935,-0.0600472],[-78.276042,-0.0603918],[-78.2765803,-0.0599336]]],[[[-78.2736774,-0.0579734],[-78.2741764,-0.0581986],[-78.2743184,-0.058313],[-78.2748788,-0.0578059],[-78.2746468,-0.0577357],[-78.2739385,-0.0576133],[-78.273725,-0.0576324],[-78.2734332,-0.05773],[-78.2735097,-0.0578409],[-78.2736774,-0.0579734]]],[[[-78.2734511,-0.055596],[-78.2731513,-0.0561549],[-78.2730866,-0.0564219],[-78.2732182,-0.0564048],[-78.2739937,-0.0560785],[-78.274271,-0.0559326],[-78.2755984,-0.0553621],[-78.2751456,-0.0534197],[-78.2742165,-0.0538676],[-78.2745952,-0.0553653],[-78.2745596,-0.0553767],[-78.2744219,-0.0548014],[-78.2736578,-0.0550691],[-78.2734257,-0.0541887],[-78.2730027,-0.0543558],[-78.2733075,-0.054746],[-78.27346,-0.0552673],[-78.2734511,-0.055596]]],[[[-78.2767774,-0.0539686],[-78.2774178,-0.0535809],[-78.2770269,-0.0530973],[-78.2766119,-0.0526519],[-78.2762425,-0.0528587],[-78.2767543,-0.0538513],[-78.2767223,-0.0538705],[-78.2767774,-0.0539686]]],[[[-78.2760928,-0.0529403],[-78.2763881,-0.0536247],[-78.2765512,-0.0535651],[-78.2762038,-0.0528799],[-78.2760928,-0.0529403]]],[[[-78.2767221,-0.0524954],[-78.2763155,-0.0523411],[-78.2755954,-0.052298],[-78.2754025,-0.0522157],[-78.2752453,-0.0521937],[-78.2758276,-0.052981],[-78.2767221,-0.0524954]]],[[[-78.2749464,-0.0427531],[-78.2749157,-0.0427106],[-78.2749371,-0.0426604],[-78.274907,-0.0423945],[-78.2748072,-0.0424066],[-78.2747883,-0.0425591],[-78.2746338,-0.0430738],[-78.2748542,-0.0430688],[-78.2749464,-0.0427531]]],[[[-78.2779495,-0.043415],[-78.278018,-0.0433972],[-78.2783475,-0.043073],[-78.278543,-0.0427602],[-78.2783342,-0.0424173],[-78.2780327,-0.0417858],[-78.277873,-0.0418728],[-78.2777772,-0.0420208],[-78.2776257,-0.0421118],[-78.2776951,-0.0422697],[-78.2776907,-0.0423504],[-78.2775024,-0.0426286],[-78.2779495,-0.043415]]],[[[-78.2763887,-0.0421705],[-78.2764189,-0.0427694],[-78.276492,-0.0427637],[-78.2765484,-0.0427343],[-78.2765023,-0.0421503],[-78.2763887,-0.0421705]]],[[[-78.2776144,-0.0421913],[-78.2774157,-0.0417223],[-78.2773328,-0.0417711],[-78.277543,-0.0422106],[-78.2776144,-0.0421913]]],[[[-78.2782261,-0.0412388],[-78.2778916,-0.0414366],[-78.2780327,-0.0417858],[-78.2783274,-0.0416149],[-78.2782261,-0.0412388]]],[[[-78.2795365,-0.0410764],[-78.2788347,-0.0421305],[-78.2789397,-0.0423085],[-78.2791625,-0.0419145],[-78.2800275,-0.0407155],[-78.2801395,-0.0404324],[-78.2801608,-0.0402336],[-78.2801092,-0.040116],[-78.279992,-0.0401776],[-78.2800181,-0.0403156],[-78.2799967,-0.0404587],[-78.2799531,-0.0406346],[-78.2798534,-0.0408015],[-78.2796172,-0.0411307],[-78.2795365,-0.0410764]]],[[[-78.2760776,-0.0407084],[-78.2759437,-0.0407737],[-78.2749655,-0.0410161],[-78.275274,-0.041209],[-78.2761051,-0.0414984],[-78.2765433,-0.0415915],[-78.2768945,-0.0405246],[-78.2766634,-0.0405587],[-78.2765758,-0.04052],[-78.2763396,-0.0406507],[-78.2760776,-0.0407084]]],[[[-78.2781856,-0.041159],[-78.2783919,-0.0410343],[-78.2782212,-0.0407025],[-78.2779892,-0.0407839],[-78.2781856,-0.041159]]],[[[-78.2774606,-0.0403563],[-78.2772288,-0.0404296],[-78.2776851,-0.0414558],[-78.2779091,-0.0413261],[-78.2774606,-0.0403563]]],[[[-78.2786202,-0.0408964],[-78.2785173,-0.0406261],[-78.2783504,-0.0406574],[-78.2785075,-0.0409645],[-78.2786202,-0.0408964]]],[[[-78.2749131,-0.0409053],[-78.2750635,-0.0403809],[-78.2747285,-0.0404243],[-78.274888,-0.0400995],[-78.274943,-0.0398483],[-78.2751584,-0.0398323],[-78.2751305,-0.0394062],[-78.275042,-0.0391242],[-78.2747509,-0.0387614],[-78.2743824,-0.0384799],[-78.2739988,-0.0380939],[-78.2737386,-0.0377499],[-78.2735469,-0.0373923],[-78.2733686,-0.0372776],[-78.2726916,-0.0383106],[-78.2735221,-0.0387615],[-78.2737204,-0.0389639],[-78.2738431,-0.0391948],[-78.273899,-0.0393939],[-78.2739117,-0.0396272],[-78.2738875,-0.0398079],[-78.2738119,-0.0399321],[-78.2738782,-0.0399276],[-78.273733,-0.0412285],[-78.2737639,-0.0412546],[-78.274395,-0.0411697],[-78.2749088,-0.0410242],[-78.2749131,-0.0409053]]],[[[-78.274991,-0.040984],[-78.2757291,-0.0407565],[-78.2758365,-0.0404128],[-78.2754629,-0.0405395],[-78.2750417,-0.0406127],[-78.2749725,-0.0409427],[-78.274991,-0.040984]]],[[[-78.278857,-0.0407546],[-78.2786256,-0.0401672],[-78.2784116,-0.0401923],[-78.2786717,-0.0408652],[-78.278857,-0.0407546]]],[[[-78.2780763,-0.0402105],[-78.2778142,-0.0402515],[-78.2779979,-0.0407255],[-78.2782163,-0.0406463],[-78.2780763,-0.0402105]]],[[[-78.278347,-0.0401827],[-78.2782124,-0.0401963],[-78.2783434,-0.0406024],[-78.2784883,-0.0405506],[-78.278347,-0.0401827]]],[[[-78.2774272,-0.0402841],[-78.2773487,-0.0401142],[-78.2771766,-0.0402256],[-78.277222,-0.0403377],[-78.2774272,-0.0402841]]],[[[-78.2759156,-0.0398592],[-78.275905,-0.0392755],[-78.2751991,-0.0394845],[-78.2752496,-0.0396555],[-78.2752111,-0.0400603],[-78.2759156,-0.0398592]]],[[[-78.2839348,-0.038633],[-78.2835772,-0.0386038],[-78.283493,-0.0388994],[-78.2837714,-0.0389892],[-78.2839348,-0.038633]]],[[[-78.2736179,-0.0374223],[-78.2740299,-0.038019],[-78.2750204,-0.0378547],[-78.2748964,-0.0377493],[-78.274838,-0.0376277],[-78.2736179,-0.0374223]]],[[[-78.274788,-0.0374947],[-78.2737136,-0.0370473],[-78.2736301,-0.0371889],[-78.2747963,-0.0375447],[-78.274788,-0.0374947]]],[[[-78.2745634,-0.0370698],[-78.2747043,-0.0369143],[-78.2742233,-0.0363561],[-78.2740912,-0.036542],[-78.2745634,-0.0370698]]],[[[-78.2739835,-0.036562],[-78.2737104,-0.0363034],[-78.27362,-0.0363913],[-78.2739101,-0.0366609],[-78.2739835,-0.036562]]],[[[-78.2793485,-0.0362601],[-78.2796205,-0.0371107],[-78.2797479,-0.0369174],[-78.2793936,-0.0352917],[-78.2791651,-0.0352301],[-78.2793485,-0.0362601]]],[[[-78.2764731,-0.0361726],[-78.2767457,-0.0357583],[-78.2770752,-0.0356088],[-78.277191,-0.035573],[-78.2776006,-0.0355415],[-78.2775268,-0.0350614],[-78.2778603,-0.0349367],[-78.277666,-0.0344304],[-78.2775281,-0.0341799],[-78.2772477,-0.0343869],[-78.2773262,-0.034569],[-78.27705,-0.0346449],[-78.2769676,-0.0344359],[-78.2761109,-0.0348675],[-78.2752872,-0.0353711],[-78.2755027,-0.035792],[-78.2755923,-0.0357224],[-78.275778,-0.0360114],[-78.2758355,-0.0359639],[-78.2761555,-0.0365961],[-78.2764731,-0.0361726]]],[[[-78.2747596,-0.0358333],[-78.2752724,-0.0364382],[-78.2756132,-0.0361476],[-78.2751682,-0.0354552],[-78.2749021,-0.0356741],[-78.2747596,-0.0358333]]],[[[-78.2736498,-0.0350581],[-78.2746106,-0.0358555],[-78.2747049,-0.0357651],[-78.2743048,-0.0354102],[-78.2737054,-0.0349815],[-78.2737618,-0.0349054],[-78.2742829,-0.035255],[-78.2743369,-0.0351482],[-78.2744884,-0.0352694],[-78.2744263,-0.03536],[-78.2745663,-0.0354716],[-78.2746392,-0.0353901],[-78.2748903,-0.0355909],[-78.2753744,-0.0352074],[-78.2752105,-0.0350392],[-78.2745831,-0.0346388],[-78.2737827,-0.0344248],[-78.2738149,-0.0341944],[-78.2733751,-0.0341378],[-78.2734045,-0.0345484],[-78.2733416,-0.0347038],[-78.2732388,-0.0348125],[-78.2727737,-0.0351499],[-78.2725178,-0.0354114],[-78.2722453,-0.0357527],[-78.272175,-0.035798],[-78.2718566,-0.0358155],[-78.2712877,-0.0359473],[-78.2708056,-0.0361334],[-78.2706831,-0.0361416],[-78.2707341,-0.0361713],[-78.2715784,-0.0361662],[-78.2717977,-0.0361966],[-78.2721027,-0.0363233],[-78.2722658,-0.0364449],[-78.2723686,-0.0363538],[-78.2731548,-0.0367627],[-78.2734918,-0.0364206],[-78.2728419,-0.0358532],[-78.2729684,-0.0356842],[-78.2736146,-0.036313],[-78.2737318,-0.036206],[-78.273123,-0.0355404],[-78.2732985,-0.0354228],[-78.2738502,-0.0360978],[-78.2739897,-0.0359817],[-78.2740205,-0.0360488],[-78.2742305,-0.0362106],[-78.2744328,-0.0360359],[-78.2735789,-0.0351846],[-78.2736498,-0.0350581]],[[-78.2748508,-0.035373],[-78.2747764,-0.0354545],[-78.2746369,-0.0353429],[-78.2746997,-0.035253],[-78.2748508,-0.035373]]],[[[-78.2797375,-0.0351652],[-78.2797418,-0.0352883],[-78.2797718,-0.035335],[-78.2800827,-0.0352651],[-78.2801187,-0.0354385],[-78.2804175,-0.0353776],[-78.2803646,-0.0349991],[-78.2797375,-0.0351652]]],[[[-78.2790162,-0.0343177],[-78.2791357,-0.0347862],[-78.2791617,-0.0351824],[-78.2794462,-0.0352591],[-78.27941,-0.0346903],[-78.279179,-0.0339667],[-78.2789677,-0.0340375],[-78.2785794,-0.0340788],[-78.278599,-0.0343473],[-78.2790162,-0.0343177]]],[[[-78.279969,-0.034229],[-78.2794252,-0.0339095],[-78.2792505,-0.0339579],[-78.2793692,-0.0339972],[-78.2794795,-0.0341097],[-78.2796826,-0.0347668],[-78.2802566,-0.0346447],[-78.2801805,-0.0344174],[-78.279969,-0.034229]]],[[[-78.2747419,-0.0343618],[-78.2751288,-0.0345658],[-78.2754724,-0.0342696],[-78.2752566,-0.0341037],[-78.2749913,-0.0337606],[-78.27467,-0.0340579],[-78.2744996,-0.0342924],[-78.2747419,-0.0343618]]],[[[-78.2756061,-0.0343142],[-78.2759356,-0.0346875],[-78.2761704,-0.0345801],[-78.2762131,-0.0345868],[-78.2762475,-0.0346474],[-78.2761087,-0.034766],[-78.2771425,-0.0342335],[-78.2772904,-0.034106],[-78.2774135,-0.0338149],[-78.2768594,-0.0330918],[-78.2761335,-0.0326714],[-78.275486,-0.0326269],[-78.2746077,-0.032431],[-78.2747587,-0.0332617],[-78.2748259,-0.033432],[-78.2752823,-0.034078],[-78.2756061,-0.0343142]]],[[[-78.2747994,-0.0334714],[-78.274691,-0.0331235],[-78.2742985,-0.0329803],[-78.2740603,-0.0329289],[-78.2743918,-0.0334844],[-78.2740258,-0.0339021],[-78.2739237,-0.0340864],[-78.2738982,-0.034201],[-78.2740907,-0.0342275],[-78.2744533,-0.0337975],[-78.2747994,-0.0334714]]],[[[-78.2784066,-0.0335034],[-78.2783782,-0.0331853],[-78.2784136,-0.0328094],[-78.2778867,-0.0331079],[-78.278096,-0.0333155],[-78.2779325,-0.0334987],[-78.2780005,-0.0338031],[-78.2784066,-0.0335034]]],[[[-78.2772721,-0.0333332],[-78.2775167,-0.0334719],[-78.2775645,-0.0333636],[-78.2773705,-0.0332354],[-78.2772721,-0.0333332]]],[[[-78.2775905,-0.0332065],[-78.2776555,-0.0331273],[-78.2775695,-0.0330661],[-78.2775125,-0.0331582],[-78.2775905,-0.0332065]]],[[[-78.2775756,-0.0330265],[-78.2776317,-0.0329466],[-78.2775435,-0.0328855],[-78.2774843,-0.0329644],[-78.2775756,-0.0330265]]],[[[-78.2741035,-0.0328832],[-78.27468,-0.033062],[-78.2745726,-0.0324389],[-78.2744296,-0.0324993],[-78.2741035,-0.0328832]]],[[[-78.2798038,-0.0323589],[-78.2801277,-0.0320328],[-78.2801737,-0.0318747],[-78.280185,-0.0315435],[-78.279846,-0.031115],[-78.2794316,-0.031501],[-78.2797627,-0.0319686],[-78.279612,-0.0320792],[-78.2792935,-0.0316294],[-78.2787014,-0.0321376],[-78.2787575,-0.032314],[-78.2786586,-0.0323484],[-78.27862,-0.0322075],[-78.2785027,-0.0323051],[-78.2785352,-0.0324929],[-78.2784474,-0.0333519],[-78.2796324,-0.0328594],[-78.2802902,-0.0329791],[-78.2805333,-0.0325611],[-78.2800244,-0.0324602],[-78.2798038,-0.0323589]]],[[[-78.277559,-0.0318911],[-78.2776895,-0.0315929],[-78.2773378,-0.031588],[-78.2771433,-0.0316519],[-78.2770029,-0.0317367],[-78.2768779,-0.0318878],[-78.2776515,-0.0322604],[-78.2780497,-0.0326355],[-78.2782248,-0.0324673],[-78.2777609,-0.0319993],[-78.277559,-0.0318911]]],[[[-78.2780151,-0.0317469],[-78.2777825,-0.0319699],[-78.2779886,-0.0321785],[-78.2782132,-0.0319242],[-78.2780151,-0.0317469]]],[[[-78.2775305,-0.030762],[-78.2770583,-0.0308753],[-78.2772167,-0.0315331],[-78.2775137,-0.0314959],[-78.2779264,-0.0315736],[-78.2781194,-0.0316902],[-78.2782648,-0.0318307],[-78.2784637,-0.0321295],[-78.2784943,-0.0322611],[-78.2791296,-0.0317065],[-78.2788612,-0.0312991],[-78.2785228,-0.0310728],[-78.2783054,-0.0309891],[-78.2784374,-0.0306427],[-78.2775305,-0.030762]]],[[[-78.275773,-0.0114057],[-78.2760651,-0.0122841],[-78.2762831,-0.012681],[-78.2763924,-0.0125783],[-78.276174,-0.0120691],[-78.2759117,-0.0113339],[-78.275773,-0.0114057]]],[[[-78.271539,-0.0941117],[-78.2720632,-0.093209],[-78.271583,-0.0928835],[-78.2710676,-0.0937628],[-78.2712511,-0.0938442],[-78.2713417,-0.0939589],[-78.271539,-0.0941117]]],[[[-78.2721072,-0.0927895],[-78.2720171,-0.093112],[-78.2721577,-0.0932032],[-78.2721927,-0.0929817],[-78.2723289,-0.0930252],[-78.2723715,-0.0923745],[-78.2721098,-0.0923383],[-78.2721072,-0.0927895]]],[[[-78.2721092,-0.0923109],[-78.2725763,-0.0923848],[-78.2727516,-0.0919997],[-78.2724748,-0.0917768],[-78.2720975,-0.0917637],[-78.2720969,-0.0917365],[-78.2718326,-0.0917273],[-78.2718361,-0.091816],[-78.2714286,-0.0918142],[-78.2714244,-0.0924357],[-78.2710122,-0.0922381],[-78.2710564,-0.0923246],[-78.2710468,-0.0926353],[-78.2716089,-0.0928334],[-78.271773,-0.0929453],[-78.2718686,-0.0926287],[-78.2718465,-0.092075],[-78.2721041,-0.0920703],[-78.2721092,-0.0923109]]],[[[-78.2778503,-0.067519],[-78.2776603,-0.067533],[-78.2770423,-0.0676897],[-78.2767018,-0.0677219],[-78.2766042,-0.0676652],[-78.276427,-0.0676459],[-78.2763902,-0.067581],[-78.2763597,-0.067289],[-78.2763139,-0.0672048],[-78.27626,-0.0671791],[-78.2758578,-0.067166],[-78.2752223,-0.0673333],[-78.2748465,-0.067354],[-78.2741407,-0.0675492],[-78.2736076,-0.0676201],[-78.2734284,-0.0675958],[-78.2733111,-0.0676565],[-78.2724903,-0.0677502],[-78.2721279,-0.0679873],[-78.2718818,-0.0680269],[-78.2714575,-0.0682197],[-78.2711398,-0.0682313],[-78.2707309,-0.0683348],[-78.270617,-0.0684399],[-78.2704416,-0.0684122],[-78.2703837,-0.0684331],[-78.2702622,-0.0686208],[-78.2697034,-0.0688062],[-78.2693994,-0.0688124],[-78.2693532,-0.0687539],[-78.269352,-0.0686659],[-78.2691293,-0.0686317],[-78.2689737,-0.0686573],[-78.2689094,-0.0685559],[-78.2687576,-0.0684873],[-78.2682543,-0.0685673],[-78.2681425,-0.0686088],[-78.2678896,-0.0686777],[-78.2672942,-0.0686935],[-78.2672129,-0.06872],[-78.2670282,-0.0688587],[-78.2668724,-0.0688408],[-78.2668033,-0.0688692],[-78.266579,-0.0690386],[-78.2659444,-0.069302],[-78.2657046,-0.0696417],[-78.2654183,-0.0698509],[-78.2651305,-0.0701623],[-78.2648831,-0.0703178],[-78.264528,-0.0706132],[-78.2639846,-0.070538],[-78.263732,-0.0706339],[-78.2634744,-0.0706766],[-78.2629924,-0.0708594],[-78.2625285,-0.0711842],[-78.2622642,-0.0712329],[-78.2621026,-0.0713361],[-78.2619373,-0.0714977],[-78.2617264,-0.0716274],[-78.2609811,-0.0718081],[-78.2606732,-0.0718008],[-78.2605489,-0.0718272],[-78.2604459,-0.0719375],[-78.2603375,-0.071931],[-78.2601267,-0.0721037],[-78.2596281,-0.0722465],[-78.2590856,-0.0725174],[-78.2589723,-0.0726016],[-78.2589048,-0.072606],[-78.2586394,-0.0729407],[-78.2583292,-0.0731903],[-78.2581933,-0.0732744],[-78.2580977,-0.0733834],[-78.2578444,-0.0736035],[-78.2581901,-0.0732711],[-78.2586363,-0.0729374],[-78.2588584,-0.0726392],[-78.2585697,-0.0724438],[-78.2583629,-0.0723803],[-78.2575455,-0.0723411],[-78.2566814,-0.0727557],[-78.2564199,-0.0728428],[-78.2562323,-0.0727723],[-78.2559341,-0.0727211],[-78.2558647,-0.0726863],[-78.2557645,-0.0725673],[-78.2553592,-0.0724618],[-78.2551425,-0.0724429],[-78.2550094,-0.0724687],[-78.2549066,-0.0725431],[-78.254767,-0.0725586],[-78.2545852,-0.0725068],[-78.2544367,-0.0725162],[-78.2538521,-0.0727051],[-78.2534047,-0.0729717],[-78.2531173,-0.0730353],[-78.2529256,-0.0730231],[-78.2525578,-0.0729159],[-78.2523332,-0.0729076],[-78.2518652,-0.0726546],[-78.2517024,-0.072517],[-78.2515095,-0.0724615],[-78.2508695,-0.0724233],[-78.2504528,-0.0725049],[-78.2502079,-0.072486],[-78.2499022,-0.072312],[-78.2494654,-0.0722177],[-78.2491088,-0.0722558],[-78.2487472,-0.0724154],[-78.24865,-0.0724163],[-78.2485162,-0.0723529],[-78.2479262,-0.0723668],[-78.2474075,-0.0724297],[-78.2470492,-0.0723246],[-78.2464968,-0.0723939],[-78.2464666,-0.0723404],[-78.246393,-0.072083],[-78.2464054,-0.0719515],[-78.2464435,-0.0717346],[-78.2463942,-0.0716543],[-78.2463767,-0.0716096],[-78.2463719,-0.0715657],[-78.2463775,-0.071514],[-78.2464008,-0.0714606],[-78.2464974,-0.0713131],[-78.2465385,-0.0711493],[-78.2466112,-0.0710106],[-78.2468579,-0.0707051],[-78.246927,-0.0706774],[-78.2469453,-0.0705772],[-78.2468947,-0.0705153],[-78.2468947,-0.0704561],[-78.2469328,-0.0703629],[-78.2469002,-0.0702464],[-78.2467397,-0.0700407],[-78.2465865,-0.0699436],[-78.2465582,-0.0699026],[-78.2465535,-0.0698857],[-78.246558,-0.0698235],[-78.2465725,-0.0697117],[-78.246606,-0.069597],[-78.2465698,-0.0694783],[-78.2463948,-0.0692509],[-78.2463959,-0.0690867],[-78.2464058,-0.0690079],[-78.2464356,-0.0689155],[-78.2465566,-0.0686847],[-78.2465672,-0.0685689],[-78.2466106,-0.0684509],[-78.2467219,-0.0682935],[-78.2467902,-0.0682227],[-78.2468634,-0.0681687],[-78.2468764,-0.0680346],[-78.246723,-0.0678688],[-78.2465248,-0.0678011],[-78.246382,-0.0677395],[-78.2462636,-0.06767],[-78.2461366,-0.0675662],[-78.2460879,-0.067545],[-78.2456828,-0.0675236],[-78.245255,-0.0674544],[-78.245156,-0.0673438],[-78.2449011,-0.0671753],[-78.2448185,-0.0671064],[-78.2447815,-0.0670601],[-78.2451588,-0.0673402],[-78.2452575,-0.0674505],[-78.2456833,-0.0675191],[-78.2460892,-0.0675407],[-78.2461388,-0.0675623],[-78.2463839,-0.0677354],[-78.2467254,-0.067865],[-78.2468808,-0.0680335],[-78.2468668,-0.0681718],[-78.2467252,-0.0682966],[-78.2466146,-0.068453],[-78.246561,-0.068686],[-78.2464036,-0.0690497],[-78.2463992,-0.0692495],[-78.2465739,-0.0694763],[-78.2466103,-0.0695957],[-78.2465624,-0.069901],[-78.246743,-0.0700376],[-78.2469044,-0.0702447],[-78.2469374,-0.0703628],[-78.2468991,-0.0705136],[-78.2469499,-0.0705767],[-78.2469311,-0.0706795],[-78.2468612,-0.0707087],[-78.2466149,-0.0710131],[-78.2465015,-0.0713148],[-78.2463889,-0.07149],[-78.2463811,-0.0716086],[-78.246448,-0.0717338],[-78.2463976,-0.0720828],[-78.2464423,-0.0722324],[-78.2467606,-0.0722096],[-78.2469579,-0.0722693],[-78.2473152,-0.0722812],[-78.2477786,-0.0722208],[-78.2483696,-0.0722024],[-78.2485924,-0.0722657],[-78.2489417,-0.0721155],[-78.249418,-0.0720736],[-78.2498543,-0.0721751],[-78.2502199,-0.0723537],[-78.2508098,-0.0722769],[-78.2514904,-0.0723309],[-78.2516569,-0.0723832],[-78.2519295,-0.0725894],[-78.2523033,-0.0727592],[-78.252487,-0.0727723],[-78.2528544,-0.0728752],[-78.2530752,-0.0728849],[-78.2534141,-0.0727338],[-78.2536832,-0.0725645],[-78.254285,-0.0723692],[-78.2544764,-0.0723375],[-78.2546638,-0.0724157],[-78.2547289,-0.0724129],[-78.2548,-0.0723474],[-78.2549656,-0.0722957],[-78.2554155,-0.0723416],[-78.2557758,-0.0724529],[-78.2559092,-0.0725957],[-78.2561417,-0.0726212],[-78.2562931,-0.0726916],[-78.2568759,-0.072422],[-78.257177,-0.0723883],[-78.2573531,-0.0722888],[-78.2576463,-0.0722268],[-78.2580017,-0.0722904],[-78.2586944,-0.0723494],[-78.2588417,-0.0724972],[-78.2594234,-0.0722316],[-78.2595494,-0.0722105],[-78.2595919,-0.0721594],[-78.2599364,-0.0719988],[-78.2600378,-0.0718966],[-78.2601804,-0.0718778],[-78.2603701,-0.0717519],[-78.2604702,-0.0717214],[-78.26079,-0.0717266],[-78.260962,-0.0716486],[-78.2612628,-0.0716341],[-78.2614628,-0.0715623],[-78.2613856,-0.0710954],[-78.261618,-0.0709014],[-78.261124,-0.0688132],[-78.2607908,-0.0683845],[-78.2607114,-0.0683865],[-78.2598389,-0.0660161],[-78.2602261,-0.0658494],[-78.2604195,-0.0656751],[-78.2605656,-0.0655571],[-78.2608578,-0.0655441],[-78.261047,-0.0653609],[-78.261106,-0.0653147],[-78.2615161,-0.0648962],[-78.2615528,-0.0648687],[-78.2620487,-0.0647853],[-78.262369,-0.0647861],[-78.2626423,-0.0646731],[-78.2626326,-0.0646443],[-78.2625341,-0.064579],[-78.2623102,-0.0645196],[-78.26223,-0.0644759],[-78.2620674,-0.0643689],[-78.2618578,-0.0642132],[-78.2618201,-0.0641785],[-78.2617738,-0.0641634],[-78.2616611,-0.0641096],[-78.2615891,-0.0640497],[-78.2614798,-0.0639032],[-78.26128,-0.0635429],[-78.2611238,-0.0634525],[-78.2610059,-0.0634228],[-78.2608735,-0.0633462],[-78.2606305,-0.0631659],[-78.2605672,-0.0631437],[-78.2599084,-0.0631947],[-78.2593368,-0.0633557],[-78.2592949,-0.0633609],[-78.259094,-0.0633557],[-78.2589018,-0.0634246],[-78.2587508,-0.063495],[-78.2587002,-0.0635096],[-78.2586558,-0.0634989],[-78.2585059,-0.0633974],[-78.2582523,-0.0634379],[-78.2582084,-0.0634281],[-78.2578557,-0.0632633],[-78.2576841,-0.0631563],[-78.2574427,-0.0631306],[-78.257316,-0.063108],[-78.2567819,-0.0629395],[-78.2567354,-0.0629135],[-78.2566683,-0.0628547],[-78.2564316,-0.0627861],[-78.2562909,-0.0627924],[-78.2561237,-0.0627579],[-78.2552518,-0.0628181],[-78.2551175,-0.062818],[-78.2550765,-0.0628092],[-78.2549922,-0.0628242],[-78.2548437,-0.0629385],[-78.2547732,-0.0629702],[-78.2547115,-0.062981],[-78.2546607,-0.0629816],[-78.2544417,-0.0629727],[-78.2540597,-0.0631476],[-78.2539846,-0.0631724],[-78.2538727,-0.0631933],[-78.2535832,-0.0633343],[-78.2535318,-0.063353],[-78.2534511,-0.0633673],[-78.2532495,-0.0634968],[-78.2530881,-0.0635535],[-78.2529344,-0.0635882],[-78.2528788,-0.0636477],[-78.2528292,-0.0636888],[-78.252636,-0.0637636],[-78.2525335,-0.0638779],[-78.2524603,-0.0639165],[-78.2523087,-0.0639556],[-78.2519677,-0.0639686],[-78.2518181,-0.064114],[-78.2514432,-0.0642084],[-78.2511529,-0.0644138],[-78.2510618,-0.0644696],[-78.2507102,-0.0646139],[-78.2505443,-0.0648064],[-78.2504762,-0.0648373],[-78.2502264,-0.0648878],[-78.2500592,-0.0649669],[-78.2499853,-0.0650066],[-78.2498706,-0.0651032],[-78.2497308,-0.0652053],[-78.2497062,-0.0652165],[-78.2496385,-0.0652311],[-78.2493516,-0.0652364],[-78.2492358,-0.0652602],[-78.2490797,-0.0653212],[-78.2489721,-0.065353],[-78.2486233,-0.0655731],[-78.2484459,-0.0656354],[-78.2482504,-0.0656571],[-78.2479814,-0.0658029],[-78.2471965,-0.0660991],[-78.2469289,-0.0660988],[-78.2466683,-0.0661548],[-78.2461075,-0.0661542],[-78.2460038,-0.0661884],[-78.245504,-0.0667138],[-78.2450937,-0.0668196],[-78.2447872,-0.0667112],[-78.2446341,-0.0667607],[-78.2446141,-0.0668353],[-78.2447747,-0.0670589],[-78.2446403,-0.0668966],[-78.2446097,-0.0668364],[-78.2446097,-0.066788],[-78.2446313,-0.0667569],[-78.2447773,-0.0667093],[-78.2450142,-0.066525],[-78.2450396,-0.0664566],[-78.2450119,-0.0663413],[-78.2447969,-0.0661454],[-78.2447463,-0.0660058],[-78.244748,-0.0659123],[-78.2448186,-0.0657499],[-78.2448783,-0.0656971],[-78.2451735,-0.0655694],[-78.2453314,-0.0654573],[-78.2452663,-0.0653053],[-78.2448757,-0.0651927],[-78.244242,-0.0653363],[-78.2439466,-0.0652711],[-78.243737,-0.0653842],[-78.2433326,-0.0654654],[-78.243084,-0.0654724],[-78.242945,-0.0654118],[-78.2424273,-0.0658009],[-78.2419271,-0.0660888],[-78.2413493,-0.066031],[-78.2410615,-0.0660335],[-78.2407129,-0.0661014],[-78.2402116,-0.0661229],[-78.2388581,-0.0663746],[-78.2385415,-0.0663264],[-78.2382743,-0.0663301],[-78.2381475,-0.0662851],[-78.2379927,-0.066173],[-78.2377207,-0.0658845],[-78.2374695,-0.0658181],[-78.2372003,-0.0658924],[-78.2376453,-0.0666098],[-78.2378537,-0.0664447],[-78.2381666,-0.0663952],[-78.237292,-0.066989],[-78.236747,-0.067213],[-78.2362136,-0.0673835],[-78.235917,-0.067373],[-78.2348996,-0.0674816],[-78.2346923,-0.0675401],[-78.2343547,-0.0677767],[-78.2336351,-0.0664129],[-78.2353609,-0.0662682],[-78.2339368,-0.062105],[-78.2341665,-0.0619173],[-78.2343967,-0.06149],[-78.2350095,-0.0606331],[-78.2330357,-0.0608351],[-78.2290862,-0.0610998],[-78.2284788,-0.0620692],[-78.2282344,-0.0625698],[-78.2279434,-0.0629368],[-78.2277862,-0.0633048],[-78.2276773,-0.0633891],[-78.2275991,-0.063555],[-78.2271755,-0.0641729],[-78.2266081,-0.0646491],[-78.2263806,-0.0648778],[-78.2260964,-0.0653359],[-78.225245,-0.0662313],[-78.2245568,-0.0668592],[-78.2230287,-0.0679526],[-78.2229754,-0.0680373],[-78.2223943,-0.0685357],[-78.2213404,-0.0698204],[-78.2210004,-0.0700812],[-78.2208663,-0.0702448],[-78.2203165,-0.0707322],[-78.2199905,-0.071154],[-78.2197183,-0.0716602],[-78.2194788,-0.0720271],[-78.2183599,-0.0733256],[-78.2182593,-0.0735014],[-78.2181799,-0.0737679],[-78.2181217,-0.0738638],[-78.2179013,-0.0740004],[-78.2174778,-0.0741031],[-78.2172623,-0.0741221],[-78.2170771,-0.0740917],[-78.2168772,-0.0739944],[-78.2166871,-0.0738577],[-78.2166045,-0.0737415],[-78.2148506,-0.0747146],[-78.2144625,-0.0751101],[-78.2143821,-0.0752287],[-78.2141655,-0.0754222],[-78.2143824,-0.0760438],[-78.2146327,-0.0771706],[-78.2150246,-0.0786159],[-78.2152497,-0.0797775],[-78.2152497,-0.0800873],[-78.2151991,-0.0803622],[-78.2150627,-0.0807841],[-78.2148121,-0.0820351],[-78.2146608,-0.0824108],[-78.2145293,-0.0825976],[-78.2143147,-0.0828078],[-78.2136612,-0.0833566],[-78.2131701,-0.0837229],[-78.2132702,-0.0840787],[-78.2133328,-0.0852751],[-78.2133866,-0.0855787],[-78.2133492,-0.0858892],[-78.213286,-0.0860612],[-78.2134705,-0.0862427],[-78.2135188,-0.0864177],[-78.213697,-0.0868055],[-78.2141341,-0.0873393],[-78.2142466,-0.0874516],[-78.2144048,-0.0875414],[-78.2149887,-0.0876925],[-78.2153658,-0.0878558],[-78.2157439,-0.08796],[-78.2160866,-0.0880029],[-78.2165975,-0.0879743],[-78.2170993,-0.0878988],[-78.2174399,-0.0879111],[-78.2177319,-0.0879785],[-78.2182824,-0.0882173],[-78.2187014,-0.0883371],[-78.2189,-0.087795],[-78.2197627,-0.0861378],[-78.2203164,-0.0853122],[-78.2200946,-0.0850788],[-78.2197919,-0.0844418],[-78.2195747,-0.0836552],[-78.2193943,-0.0828225],[-78.2193645,-0.0820954],[-78.2193133,-0.081818],[-78.2187336,-0.0802881],[-78.2183184,-0.0801209],[-78.2182384,-0.0800449],[-78.2181991,-0.0799116],[-78.2184686,-0.0795877],[-78.2175642,-0.0771971],[-78.2179259,-0.0767628],[-78.2185626,-0.0758923],[-78.2193,-0.0758122],[-78.2199965,-0.0755895],[-78.2260428,-0.0760612],[-78.2268599,-0.0802175],[-78.2269917,-0.0801608],[-78.2271019,-0.0803339],[-78.2274792,-0.0806671],[-78.2277539,-0.0807262],[-78.2278989,-0.0808414],[-78.227968,-0.0808405],[-78.228164,-0.0807859],[-78.2282182,-0.0805504],[-78.2283847,-0.0802224],[-78.2283895,-0.0801042],[-78.2283057,-0.0798917],[-78.2283214,-0.079821],[-78.2286659,-0.0798529],[-78.2287959,-0.079932],[-78.2288861,-0.0798994],[-78.2289643,-0.0800519],[-78.2290797,-0.0801098],[-78.2291895,-0.08028],[-78.229299,-0.0803714],[-78.2294543,-0.0804404],[-78.2295382,-0.0804166],[-78.2295776,-0.0804354],[-78.2295761,-0.0807805],[-78.2297122,-0.0809176],[-78.2301546,-0.0809618],[-78.2303509,-0.0808695],[-78.230455,-0.0808868],[-78.2305241,-0.080863],[-78.2305734,-0.0808024],[-78.2305546,-0.0807429],[-78.2305783,-0.08072],[-78.2307243,-0.0807707],[-78.2307943,-0.0807478],[-78.2309028,-0.0807945],[-78.2309679,-0.0807876],[-78.231026,-0.0808636],[-78.231095,-0.0808615],[-78.2311577,-0.0809757],[-78.2313835,-0.0811683],[-78.2315209,-0.0811988],[-78.2320102,-0.0811254],[-78.2320493,-0.0813145],[-78.2321964,-0.0813913],[-78.2323157,-0.0815452],[-78.2324469,-0.0816376],[-78.232837,-0.0816759],[-78.2329721,-0.0817513],[-78.2330945,-0.0817454],[-78.2332745,-0.0816277],[-78.2336365,-0.0815632],[-78.2338747,-0.0816382],[-78.2344404,-0.0815206],[-78.2346757,-0.0815171],[-78.2349321,-0.081394],[-78.235268,-0.0813319],[-78.2358988,-0.0811269],[-78.2364369,-0.0807987],[-78.2366169,-0.0807919],[-78.2368158,-0.0806946],[-78.2369111,-0.0805973],[-78.2369843,-0.080404],[-78.2371631,-0.0804353],[-78.2376892,-0.0802851],[-78.2382228,-0.0799912],[-78.2382895,-0.0797664],[-78.238768,-0.0792886],[-78.238915,-0.0790492],[-78.2390271,-0.0789616],[-78.2391934,-0.0789072],[-78.2393423,-0.0787495],[-78.2394496,-0.078733],[-78.2400238,-0.0788381],[-78.2406821,-0.0785958],[-78.2408658,-0.0785725],[-78.2411663,-0.0783402],[-78.2414563,-0.0781912],[-78.2414504,-0.0780034],[-78.2414959,-0.0779272],[-78.2416361,-0.07795],[-78.2416967,-0.078095],[-78.241962,-0.0781637],[-78.2421022,-0.0782553],[-78.2422348,-0.0782629],[-78.2423712,-0.078015],[-78.2423902,-0.0778776],[-78.2423148,-0.0773752],[-78.2422565,-0.077215],[-78.2421191,-0.0771439],[-78.2416289,-0.0767625],[-78.2412108,-0.0763101],[-78.2407949,-0.0759886],[-78.2400596,-0.0753231],[-78.2386708,-0.0751211],[-78.2382734,-0.0755569],[-78.2381148,-0.0753606],[-78.2376622,-0.0750936],[-78.2363546,-0.0762268],[-78.2356919,-0.0756587],[-78.2350394,-0.0750231],[-78.2370618,-0.0737301],[-78.2368451,-0.0736391],[-78.2368086,-0.0735594],[-78.2367117,-0.0736284],[-78.2364951,-0.0736591],[-78.2363304,-0.0735363],[-78.2360219,-0.0737625],[-78.2359928,-0.073686],[-78.2362096,-0.0734921],[-78.235889,-0.0734179],[-78.2346065,-0.0729396],[-78.2341671,-0.0725214],[-78.2347609,-0.072306],[-78.2360315,-0.0719594],[-78.2368628,-0.0725931],[-78.237768,-0.0725357],[-78.2379462,-0.073058],[-78.238481,-0.0731627],[-78.2390677,-0.0731029],[-78.2397948,-0.0729273],[-78.240138,-0.0729692],[-78.2403875,-0.0730424],[-78.2408242,-0.0730529],[-78.2411258,-0.0730111],[-78.2419056,-0.0727704],[-78.242332,-0.0728227],[-78.2428103,-0.0729379],[-78.2435485,-0.0731578],[-78.2439644,-0.0733776],[-78.2443387,-0.07343],[-78.2445987,-0.0733882],[-78.2447547,-0.0734405],[-78.2449938,-0.0736185],[-78.2451394,-0.0738279],[-78.2454201,-0.0739849],[-78.2457183,-0.074065],[-78.2457194,-0.0739553],[-78.2458111,-0.0739581],[-78.2457191,-0.0786586],[-78.2460943,-0.0789675],[-78.2462068,-0.0791687],[-78.2464483,-0.0794031],[-78.2464884,-0.0795361],[-78.2466669,-0.0797137],[-78.2470078,-0.0798905],[-78.2472251,-0.0798935],[-78.2473963,-0.0799329],[-78.2479364,-0.0807324],[-78.2481974,-0.0806158],[-78.248394,-0.0805834],[-78.2490357,-0.0808333],[-78.2491105,-0.0807587],[-78.2493161,-0.0807029],[-78.2493688,-0.0807152],[-78.2497599,-0.0805127],[-78.2499797,-0.0804961],[-78.2503383,-0.0803976],[-78.2506015,-0.0804959],[-78.2509102,-0.0804209],[-78.25131,-0.0804676],[-78.2519008,-0.0803537],[-78.2524059,-0.0802111],[-78.2526256,-0.080262],[-78.2527162,-0.080322],[-78.2529047,-0.0802753],[-78.2530987,-0.0801317],[-78.253322,-0.080038],[-78.2535538,-0.0799802],[-78.2541416,-0.0799169],[-78.254291,-0.0799306],[-78.2545899,-0.080103],[-78.2551172,-0.0801489],[-78.255154,-0.0805541],[-78.2554322,-0.080635],[-78.2557503,-0.0809882],[-78.2560007,-0.0810314],[-78.2562073,-0.0811153],[-78.2563387,-0.0813105],[-78.2563951,-0.0815043],[-78.2565239,-0.0817454],[-78.2567679,-0.0817178],[-78.2570356,-0.0818205],[-78.2571279,-0.0819847],[-78.257283,-0.0819363],[-78.2574784,-0.0820084],[-78.2577293,-0.0823256],[-78.2579189,-0.082328],[-78.2582137,-0.0824892],[-78.2586523,-0.0824539],[-78.2593205,-0.0825318],[-78.2594768,-0.0825901],[-78.2595879,-0.0826789],[-78.2597475,-0.082841],[-78.2597607,-0.0828935],[-78.2600097,-0.0828911],[-78.260134,-0.0829605],[-78.260149,-0.0828586],[-78.2600396,-0.0825912],[-78.2599689,-0.0821636],[-78.2598531,-0.0818195],[-78.2597524,-0.0813262],[-78.2597725,-0.0813336],[-78.259815,-0.0814608],[-78.2598142,-0.0816236],[-78.2598944,-0.0818104],[-78.2600321,-0.0823329],[-78.2600399,-0.0825533],[-78.2601417,-0.0827699],[-78.2610661,-0.0831257],[-78.2611503,-0.0836035],[-78.2620771,-0.0840578],[-78.2630367,-0.0842997],[-78.2638273,-0.0844296],[-78.2640854,-0.0840288],[-78.2643399,-0.0838376],[-78.2643704,-0.0836968],[-78.26429,-0.0836519],[-78.2634009,-0.0837056],[-78.2632551,-0.0836428],[-78.2631509,-0.0835523],[-78.2628197,-0.0832206],[-78.262809,-0.0831727],[-78.2628323,-0.0831187],[-78.2630317,-0.0830401],[-78.2630636,-0.0829791],[-78.263054,-0.0829095],[-78.2628451,-0.082724],[-78.2625852,-0.0823778],[-78.2624761,-0.0821827],[-78.2624101,-0.081877],[-78.2620158,-0.0814143],[-78.2619892,-0.0813308],[-78.2620076,-0.0811309],[-78.2621603,-0.0809026],[-78.2627325,-0.0805721],[-78.263219,-0.0804408],[-78.2631229,-0.0802016],[-78.2629121,-0.0799845],[-78.2625528,-0.0793948],[-78.2623193,-0.0790994],[-78.262171,-0.0789695],[-78.2618902,-0.0788444],[-78.2615355,-0.0784953],[-78.2612666,-0.0782903],[-78.2609918,-0.0781885],[-78.2604435,-0.0782121],[-78.2600593,-0.0780398],[-78.2597787,-0.0778259],[-78.2594526,-0.077446],[-78.2592077,-0.0773236],[-78.258652,-0.0774081],[-78.2580172,-0.0774271],[-78.2571585,-0.0775114],[-78.2567935,-0.0774365],[-78.256492,-0.0772854],[-78.2561897,-0.0771785],[-78.2559923,-0.0769896],[-78.256014,-0.0765464],[-78.2560521,-0.0764638],[-78.2564208,-0.076253],[-78.2567767,-0.0762148],[-78.2570312,-0.0761009],[-78.2575676,-0.0757018],[-78.2576098,-0.0755742],[-78.2575796,-0.0753094],[-78.2576064,-0.0749052],[-78.2580044,-0.0746008],[-78.2580153,-0.0746686],[-78.2580819,-0.0746264],[-78.2581548,-0.07468],[-78.2584787,-0.0751917],[-78.2583538,-0.0754184],[-78.2583119,-0.075723],[-78.258315,-0.0759629],[-78.2586223,-0.0757235],[-78.2589354,-0.0753983],[-78.2591742,-0.0752247],[-78.2592899,-0.0750943],[-78.2594068,-0.0748775],[-78.2597549,-0.074704],[-78.2601367,-0.0744602],[-78.2608488,-0.0741924],[-78.261979,-0.0738557],[-78.2624252,-0.0736567],[-78.2627285,-0.073562],[-78.263369,-0.0734115],[-78.263556,-0.0733298],[-78.2643878,-0.0730977],[-78.2649714,-0.0730688],[-78.2650909,-0.073075],[-78.2652429,-0.0731456],[-78.265466,-0.0731921],[-78.2656176,-0.0732739],[-78.2660075,-0.0732997],[-78.2659876,-0.0734834],[-78.2657037,-0.0736111],[-78.2653175,-0.0737332],[-78.2650639,-0.0739156],[-78.2645532,-0.0743727],[-78.2641725,-0.0747244],[-78.2640346,-0.0748924],[-78.2634225,-0.0757765],[-78.2630301,-0.0762624],[-78.2625789,-0.076555],[-78.2627001,-0.0766566],[-78.2630389,-0.0767733],[-78.2630573,-0.0768348],[-78.2631543,-0.0768153],[-78.2632247,-0.0769738],[-78.2632128,-0.0771895],[-78.2632488,-0.0773524],[-78.2636533,-0.0777614],[-78.2636834,-0.0778584],[-78.2636701,-0.0779509],[-78.2632879,-0.0782291],[-78.2632242,-0.0783515],[-78.2631938,-0.0785486],[-78.2632887,-0.0788181],[-78.2636063,-0.0792565],[-78.2636523,-0.0793897],[-78.2636347,-0.0794552],[-78.2633369,-0.0798537],[-78.2631653,-0.0802443],[-78.2633193,-0.0804784],[-78.2627624,-0.0806381],[-78.2622076,-0.0809582],[-78.2621176,-0.0810659],[-78.2620688,-0.0811891],[-78.2620653,-0.0813332],[-78.2622327,-0.0815579],[-78.2624716,-0.0814102],[-78.2625561,-0.081502],[-78.2625965,-0.0816398],[-78.2638381,-0.0826896],[-78.2641081,-0.0829487],[-78.264239,-0.0830845],[-78.2648824,-0.0835295],[-78.2649278,-0.0835824],[-78.2650021,-0.0837338],[-78.2652043,-0.0839947],[-78.26527,-0.0838952],[-78.2653676,-0.0838732],[-78.2655378,-0.0841387],[-78.2658577,-0.084035],[-78.2659419,-0.0839762],[-78.2661199,-0.083722],[-78.2661751,-0.0836583],[-78.2661963,-0.0836455],[-78.2662179,-0.0836401],[-78.266258,-0.0836529],[-78.2662883,-0.083673],[-78.2664453,-0.0838177],[-78.2665119,-0.0838042],[-78.266551,-0.0837481],[-78.2665855,-0.0834509],[-78.2666013,-0.0834134],[-78.2666435,-0.0833658],[-78.2666839,-0.0833573],[-78.2667146,-0.0833627],[-78.2669115,-0.0834607],[-78.2673193,-0.083466],[-78.267419,-0.0834851],[-78.2674484,-0.0835063],[-78.2674819,-0.0835454],[-78.2676081,-0.0838189],[-78.2681081,-0.0841431],[-78.2680775,-0.0845321],[-78.2681545,-0.0846513],[-78.2683383,-0.0847746],[-78.26836,-0.0848318],[-78.2683216,-0.0849462],[-78.2681554,-0.0850615],[-78.268179,-0.0852018],[-78.2682614,-0.0853828],[-78.2682409,-0.0857397],[-78.2684068,-0.085771],[-78.2685165,-0.0856237],[-78.268564,-0.0856053],[-78.2686524,-0.0856485],[-78.2687139,-0.0857472],[-78.2686971,-0.0859289],[-78.2686253,-0.0860457],[-78.2684937,-0.0861421],[-78.2684899,-0.0862601],[-78.2685542,-0.0863101],[-78.2686833,-0.0863344],[-78.2689607,-0.0863419],[-78.2690128,-0.0866242],[-78.2691524,-0.0868119],[-78.2691842,-0.086912],[-78.269412,-0.0870254],[-78.2694841,-0.0871073],[-78.2694993,-0.0874733],[-78.2696435,-0.0877955],[-78.2697684,-0.0878983],[-78.2698489,-0.0878923],[-78.2699414,-0.0877985],[-78.2701037,-0.0878658],[-78.2703517,-0.0881926],[-78.2705874,-0.0883855],[-78.2707791,-0.088749],[-78.2709845,-0.0889743],[-78.2709752,-0.0890449],[-78.2708942,-0.0891525],[-78.2709043,-0.0891953],[-78.2709809,-0.0891985],[-78.2711577,-0.0891108],[-78.2712731,-0.0890943],[-78.2713079,-0.0892311],[-78.2713838,-0.0893069],[-78.2715157,-0.0892365],[-78.2715799,-0.0891546],[-78.2717937,-0.0892091],[-78.2719856,-0.0891913],[-78.2720618,-0.0892981],[-78.2720545,-0.0895359],[-78.2721468,-0.0897157],[-78.2722921,-0.0897052],[-78.2723768,-0.0895174],[-78.2723921,-0.0894961],[-78.2724692,-0.0894503],[-78.272565,-0.0894279],[-78.2727526,-0.089437],[-78.2727836,-0.0893235],[-78.2728109,-0.0893048],[-78.2728358,-0.0893012],[-78.2728718,-0.0893121],[-78.2729073,-0.0893487],[-78.2730679,-0.0895561],[-78.273156,-0.0895776],[-78.2732247,-0.0894321],[-78.2732796,-0.0893789],[-78.2735053,-0.0894073],[-78.2735983,-0.0893863],[-78.2737134,-0.0892078],[-78.2738389,-0.0891209],[-78.273999,-0.0891701],[-78.2741259,-0.0891401],[-78.2742547,-0.0891694],[-78.2742906,-0.089149],[-78.274354,-0.0889665],[-78.274493,-0.0889624],[-78.2746158,-0.0889152],[-78.2748995,-0.0888538],[-78.2750369,-0.0886572],[-78.2751935,-0.0885894],[-78.2752962,-0.0886806],[-78.2754177,-0.0888953],[-78.2755099,-0.0888925],[-78.275701,-0.088762],[-78.2757932,-0.088806],[-78.2758763,-0.0889211],[-78.2758457,-0.0892452],[-78.2758787,-0.0893226],[-78.2761133,-0.0893227],[-78.2763937,-0.089256],[-78.2764353,-0.0892873],[-78.2764764,-0.0893969],[-78.2767556,-0.0896743],[-78.2768367,-0.0897062],[-78.2772102,-0.0896427],[-78.277506,-0.0897593],[-78.2776028,-0.0896518],[-78.2776468,-0.0896319],[-78.2777392,-0.0896449],[-78.2779607,-0.0897505],[-78.2780637,-0.0896382],[-78.278124,-0.0896134],[-78.2782208,-0.089914],[-78.2782975,-0.0899672],[-78.2784773,-0.0899356],[-78.2786469,-0.0897692],[-78.2787243,-0.0897311],[-78.2789492,-0.0897545],[-78.2791349,-0.0896304],[-78.279319,-0.0896077],[-78.2797792,-0.0896688],[-78.2798879,-0.089786],[-78.2799509,-0.089809],[-78.2802983,-0.0896485],[-78.2805208,-0.0898152],[-78.2807596,-0.0898182],[-78.2811269,-0.0896648],[-78.2817566,-0.0895063],[-78.2819001,-0.0894907],[-78.2820976,-0.0895775],[-78.2822396,-0.0893439],[-78.2823375,-0.0892917],[-78.282533,-0.0892905],[-78.282616,-0.0893622],[-78.2827414,-0.0895802],[-78.2829038,-0.0896172],[-78.2832415,-0.0893611],[-78.283406,-0.0893106],[-78.2836745,-0.0893635],[-78.2837638,-0.0893243],[-78.2838027,-0.0892078],[-78.2837933,-0.0891295],[-78.2836644,-0.0888755],[-78.2840044,-0.0887862],[-78.2840264,-0.0887383],[-78.2838992,-0.0884294],[-78.2839163,-0.0883544],[-78.2839997,-0.0882743],[-78.284285,-0.0881771],[-78.2843231,-0.0881395],[-78.28421,-0.0877691],[-78.2843454,-0.0875569],[-78.2843863,-0.087312],[-78.284487,-0.0871517],[-78.2845157,-0.0869854],[-78.2845011,-0.0868729],[-78.2845648,-0.0867238],[-78.2832984,-0.0860612],[-78.2831148,-0.085833],[-78.282755,-0.0852457],[-78.2825899,-0.085045],[-78.2812058,-0.0842643],[-78.2810099,-0.0840351],[-78.2809024,-0.083845],[-78.2806277,-0.0832499],[-78.2805608,-0.0829908],[-78.2805756,-0.0827856],[-78.2806253,-0.0826625],[-78.2808424,-0.08225],[-78.2812087,-0.0816655],[-78.2813399,-0.0815187],[-78.2818671,-0.0811409],[-78.2824395,-0.0804516],[-78.2825816,-0.0801833],[-78.2826037,-0.0798733],[-78.2825435,-0.0796637],[-78.2820857,-0.0791852],[-78.281971,-0.0789827],[-78.2819506,-0.0788659],[-78.2819675,-0.0786633],[-78.2821103,-0.0784095],[-78.282537,-0.0781026],[-78.2826383,-0.0779085],[-78.2826603,-0.0776933],[-78.282636,-0.077498],[-78.2824588,-0.0765574],[-78.2823025,-0.0762625],[-78.2819306,-0.0759062],[-78.2814734,-0.0756779],[-78.2804047,-0.0752736],[-78.2802059,-0.0751611],[-78.2799495,-0.0748923],[-78.2791878,-0.0738459],[-78.2789149,-0.0736846],[-78.2785312,-0.0736331],[-78.2783599,-0.0735369],[-78.2782098,-0.0733601],[-78.2781384,-0.0731103],[-78.2781933,-0.0728386],[-78.2783315,-0.0726704],[-78.2784919,-0.0725546],[-78.2786957,-0.0725184],[-78.279048,-0.0725534],[-78.2792369,-0.072539],[-78.2794728,-0.0724462],[-78.2796012,-0.0723253],[-78.2796779,-0.0721983],[-78.2797199,-0.0720164],[-78.2797184,-0.0713944],[-78.2799417,-0.0706943],[-78.2800927,-0.0704654],[-78.2802339,-0.0703241],[-78.2814076,-0.0696098],[-78.2815494,-0.0693584],[-78.2815414,-0.0691102],[-78.2814226,-0.0688614],[-78.2800322,-0.0672946],[-78.2799669,-0.0672032],[-78.2799142,-0.067013],[-78.2795449,-0.0671701],[-78.2792078,-0.0672449],[-78.2790885,-0.0673006],[-78.2785264,-0.0673196],[-78.2781907,-0.0673897],[-78.2778503,-0.067519]],[[-78.260919,-0.069192],[-78.2611877,-0.0702882],[-78.2604717,-0.0704472],[-78.2602204,-0.0693463],[-78.260919,-0.069192]]],[[[-78.2727223,-0.0581137],[-78.2725489,-0.0580723],[-78.2723666,-0.057916],[-78.2721491,-0.0578343],[-78.2718443,-0.0577995],[-78.2716864,-0.0578228],[-78.2714213,-0.0579395],[-78.2713678,-0.0580267],[-78.271183,-0.0581256],[-78.2710649,-0.0582681],[-78.2708939,-0.058535],[-78.2709494,-0.0586276],[-78.2709459,-0.0587507],[-78.2708787,-0.0588181],[-78.2705826,-0.0589097],[-78.2701972,-0.0591134],[-78.2698631,-0.0592244],[-78.2694726,-0.0593061],[-78.2692901,-0.0593291],[-78.2688563,-0.0592661],[-78.2678872,-0.05887],[-78.2674827,-0.058833],[-78.2670614,-0.0588402],[-78.266835,-0.0589648],[-78.2666922,-0.058939],[-78.2662254,-0.05899],[-78.2659527,-0.0590607],[-78.2652654,-0.0593456],[-78.265305,-0.059716],[-78.2653374,-0.0598551],[-78.2653717,-0.0601548],[-78.2653551,-0.0603063],[-78.2653205,-0.0604261],[-78.2652373,-0.0605925],[-78.2651932,-0.0607483],[-78.2651188,-0.0609593],[-78.2650491,-0.0611345],[-78.2650008,-0.0612355],[-78.2649131,-0.0626304],[-78.2650341,-0.0635835],[-78.2655454,-0.064865],[-78.2656668,-0.064838],[-78.265964,-0.0648671],[-78.2665663,-0.0647606],[-78.2671743,-0.0647133],[-78.2672625,-0.0647133],[-78.2673928,-0.0648006],[-78.2674938,-0.0648149],[-78.2682616,-0.0646975],[-78.2685279,-0.0645944],[-78.2694695,-0.0645083],[-78.2701402,-0.0646551],[-78.2704603,-0.0646464],[-78.2709415,-0.0645054],[-78.2710627,-0.0645],[-78.2712309,-0.0645487],[-78.2716187,-0.0644694],[-78.2721733,-0.0642666],[-78.2723897,-0.0643119],[-78.2725124,-0.0641998],[-78.2727417,-0.0642159],[-78.2729855,-0.0641237],[-78.2732723,-0.0640795],[-78.2734794,-0.0640035],[-78.2736243,-0.0639074],[-78.2738426,-0.0638282],[-78.2739649,-0.0638248],[-78.2741412,-0.06365],[-78.2741801,-0.0635617],[-78.2742194,-0.063272],[-78.2743014,-0.0631858],[-78.275446,-0.0631915],[-78.2766026,-0.0634587],[-78.2766954,-0.0634542],[-78.2767975,-0.0633888],[-78.2770217,-0.0633338],[-78.2774426,-0.0633107],[-78.2778447,-0.0633433],[-78.2779843,-0.0632654],[-78.27806,-0.0630897],[-78.2781895,-0.0629723],[-78.2783487,-0.062888],[-78.278842,-0.0627381],[-78.2789239,-0.0626975],[-78.2790439,-0.06256],[-78.2792347,-0.0620258],[-78.2792537,-0.0618977],[-78.2792196,-0.061735],[-78.2791471,-0.0615951],[-78.2790331,-0.0614743],[-78.2787571,-0.0613706],[-78.2771686,-0.0610895],[-78.2767174,-0.0609028],[-78.276088,-0.0604807],[-78.2754274,-0.0601953],[-78.2752322,-0.0600546],[-78.2751353,-0.0599197],[-78.2750683,-0.0597131],[-78.2750744,-0.0593117],[-78.2750445,-0.0591181],[-78.2748519,-0.0588662],[-78.2740503,-0.0581843],[-78.2736475,-0.0580298],[-78.2734491,-0.057864],[-78.2729316,-0.0580795],[-78.2727223,-0.0581137]]],[[[-78.2724205,-0.0578346],[-78.2726565,-0.0579797],[-78.2728115,-0.0580177],[-78.2733683,-0.0577453],[-78.2733124,-0.0574348],[-78.2732923,-0.0570694],[-78.2730313,-0.056542],[-78.2721223,-0.0568613],[-78.2717508,-0.0570966],[-78.2716284,-0.0573072],[-78.271547,-0.0573113],[-78.2709377,-0.0575403],[-78.2703163,-0.0576674],[-78.2697424,-0.0575911],[-78.2694558,-0.057457],[-78.2691706,-0.057367],[-78.2678981,-0.0570803],[-78.2678769,-0.0571717],[-78.2679329,-0.0578935],[-78.2679111,-0.0579294],[-78.2659038,-0.0579748],[-78.2653754,-0.0580354],[-78.2636656,-0.0581177],[-78.2632944,-0.0580839],[-78.2639779,-0.0591753],[-78.2641374,-0.0595408],[-78.2646248,-0.0593567],[-78.2650406,-0.0592757],[-78.2650334,-0.0593323],[-78.2652835,-0.059262],[-78.2655128,-0.0591631],[-78.2656528,-0.0590486],[-78.2661079,-0.0589512],[-78.2662263,-0.0588841],[-78.266697,-0.0588376],[-78.2670588,-0.0587253],[-78.2675829,-0.0587133],[-78.2679115,-0.0587532],[-78.268217,-0.0588476],[-78.2689065,-0.0591459],[-78.2690606,-0.0591542],[-78.2691498,-0.059193],[-78.2693206,-0.0592084],[-78.2694482,-0.0591514],[-78.2697251,-0.059134],[-78.2698919,-0.059042],[-78.2700573,-0.0590058],[-78.2701299,-0.0589278],[-78.2702382,-0.0588806],[-78.2707862,-0.0587253],[-78.2708178,-0.0586772],[-78.2708086,-0.0584396],[-78.2711514,-0.0580092],[-78.2715083,-0.0577428],[-78.2720093,-0.0576985],[-78.2724205,-0.0578346]]],[[[-78.2725523,-0.0538244],[-78.2723002,-0.0538479],[-78.2720716,-0.0539604],[-78.2718812,-0.053908],[-78.2718002,-0.0540138],[-78.2716759,-0.0540496],[-78.2716008,-0.0540026],[-78.2715991,-0.053902],[-78.2715108,-0.0538693],[-78.2713873,-0.0539125],[-78.2712201,-0.0540583],[-78.2709729,-0.0541165],[-78.2707284,-0.0541253],[-78.2708656,-0.0543018],[-78.2709803,-0.0543782],[-78.2712001,-0.0544294],[-78.2725661,-0.0542942],[-78.2729141,-0.0543012],[-78.2744392,-0.0536784],[-78.2753009,-0.0532486],[-78.2751372,-0.0529947],[-78.2744572,-0.0521255],[-78.2744307,-0.0521296],[-78.2742682,-0.0522166],[-78.2740478,-0.0524471],[-78.2734001,-0.0529103],[-78.273211,-0.0533631],[-78.2731469,-0.0534143],[-78.2730743,-0.0534232],[-78.2729489,-0.0533663],[-78.2728195,-0.0536262],[-78.2725523,-0.0538244]]],[[[-78.2718896,-0.0516663],[-78.2711258,-0.0518817],[-78.2712599,-0.0523284],[-78.27212,-0.0525333],[-78.2721199,-0.0520954],[-78.2719556,-0.0517376],[-78.2718896,-0.0516663]]],[[[-78.2714884,-0.0512635],[-78.2706922,-0.0504665],[-78.2702601,-0.0508123],[-78.2707304,-0.0513037],[-78.2709543,-0.051605],[-78.2714884,-0.0512635]]],[[[-78.2715962,-0.0512835],[-78.2719783,-0.0516755],[-78.2733143,-0.0513264],[-78.2732268,-0.0511309],[-78.2731202,-0.0510434],[-78.2724457,-0.0508387],[-78.2723153,-0.050836],[-78.2722282,-0.0507444],[-78.2715962,-0.0512835]]],[[[-78.2715802,-0.042695],[-78.2709729,-0.0426998],[-78.2709257,-0.0438585],[-78.2715452,-0.0434939],[-78.2715802,-0.042695]]],[[[-78.2733499,-0.0422842],[-78.2731452,-0.0418697],[-78.2725517,-0.0416025],[-78.2725369,-0.0416458],[-78.2726863,-0.0419572],[-78.2725741,-0.0422728],[-78.2726209,-0.0424399],[-78.2725637,-0.0425802],[-78.2723688,-0.0427936],[-78.273168,-0.0428418],[-78.2733506,-0.0425096],[-78.2733732,-0.0423934],[-78.2733499,-0.0422842]]],[[[-78.2714975,-0.0419299],[-78.2712968,-0.0416667],[-78.2714573,-0.0415252],[-78.2714048,-0.0414097],[-78.2714204,-0.0411991],[-78.2714828,-0.0409906],[-78.2719682,-0.0401515],[-78.2701598,-0.040821],[-78.2699481,-0.0411205],[-78.26974,-0.0413331],[-78.2692039,-0.0416982],[-78.2664166,-0.0432643],[-78.2656238,-0.0436408],[-78.2662311,-0.0442019],[-78.2663848,-0.0440553],[-78.2670294,-0.0445674],[-78.2675862,-0.0440993],[-78.2679565,-0.0435541],[-78.2681194,-0.0432236],[-78.2682566,-0.0431302],[-78.2685815,-0.0430284],[-78.2689283,-0.0428148],[-78.2696145,-0.0425159],[-78.2699111,-0.0423049],[-78.2700681,-0.042078],[-78.2708367,-0.042119],[-78.2716147,-0.0420925],[-78.2717703,-0.0421123],[-78.2715982,-0.0418684],[-78.2714975,-0.0419299]]],[[[-78.2722331,-0.0419829],[-78.2723093,-0.0422716],[-78.2723723,-0.0423045],[-78.2724542,-0.0422784],[-78.2725584,-0.0421175],[-78.2726012,-0.0419575],[-78.2724432,-0.0416229],[-78.2725228,-0.0415339],[-78.2731346,-0.0417926],[-78.2734177,-0.041874],[-78.2729122,-0.0416159],[-78.2727835,-0.0414528],[-78.2727218,-0.0412894],[-78.272177,-0.0413041],[-78.2721162,-0.0402718],[-78.271984,-0.040298],[-78.271555,-0.0409964],[-78.2714695,-0.0413993],[-78.2716026,-0.0415311],[-78.2719411,-0.0416961],[-78.2721459,-0.041836],[-78.2722331,-0.0419829]]],[[[-78.2731975,-0.0412689],[-78.2733271,-0.0415118],[-78.2736553,-0.04146],[-78.2735925,-0.0412812],[-78.2731975,-0.0412689]]],[[[-78.2712787,-0.0398278],[-78.2720374,-0.0390847],[-78.2725878,-0.0383049],[-78.2718867,-0.0379381],[-78.2716775,-0.0378853],[-78.2714644,-0.0378867],[-78.2710868,-0.0380925],[-78.2703415,-0.0387297],[-78.2701327,-0.0389297],[-78.2697513,-0.039399],[-78.2708179,-0.0401251],[-78.2712787,-0.0398278]]],[[[-78.2732371,-0.0386308],[-78.2726734,-0.0383383],[-78.2721147,-0.0391324],[-78.2719332,-0.0393086],[-78.2721276,-0.0395165],[-78.2732371,-0.0386308]]],[[[-78.2724089,-0.0380128],[-78.2726435,-0.0380194],[-78.272725,-0.0379712],[-78.2728268,-0.037839],[-78.2720627,-0.037451],[-78.2719103,-0.0377885],[-78.2724089,-0.0380128]]],[[[-78.2712801,-0.0363342],[-78.2718254,-0.0364381],[-78.2719919,-0.0365309],[-78.2722814,-0.036778],[-78.2725102,-0.0369187],[-78.2729828,-0.0370697],[-78.273235,-0.0371859],[-78.2732481,-0.0371629],[-78.273275,-0.0371032],[-78.2731144,-0.0369952],[-78.2724506,-0.0367699],[-78.272099,-0.0364241],[-78.2719579,-0.0363161],[-78.2717855,-0.0362437],[-78.2716334,-0.0362136],[-78.2709741,-0.0361912],[-78.2705517,-0.0362462],[-78.2705085,-0.0362056],[-78.270458,-0.0364234],[-78.2702581,-0.0367081],[-78.2702403,-0.0368877],[-78.26997,-0.0372978],[-78.269986,-0.0373948],[-78.269815,-0.0375878],[-78.269729,-0.0378283],[-78.2696285,-0.0380026],[-78.2694898,-0.0381262],[-78.2694782,-0.0381828],[-78.2692808,-0.0384172],[-78.2689005,-0.0387502],[-78.268854,-0.0388759],[-78.2687599,-0.0388834],[-78.2687171,-0.0389301],[-78.2687897,-0.0389899],[-78.2688072,-0.0390532],[-78.2687937,-0.0392185],[-78.268938,-0.0392417],[-78.269116,-0.0392102],[-78.2708167,-0.038078],[-78.2703733,-0.0367055],[-78.2710717,-0.0366463],[-78.2709301,-0.036891],[-78.2718803,-0.037065],[-78.273014,-0.0375611],[-78.2731455,-0.0373466],[-78.2726758,-0.0371653],[-78.2718883,-0.0367867],[-78.2710888,-0.0366188],[-78.2712801,-0.0363342]]],[[[-78.270501,-0.036031],[-78.2696761,-0.0345941],[-78.2694146,-0.0342742],[-78.2692188,-0.0340896],[-78.2689239,-0.0338901],[-78.2687522,-0.034207],[-78.2691931,-0.0345362],[-78.269562,-0.0349946],[-78.2697082,-0.035242],[-78.2702456,-0.0364506],[-78.2704808,-0.0360846],[-78.2704725,-0.0361541],[-78.2705047,-0.0362033],[-78.2706742,-0.0359476],[-78.2714648,-0.0354551],[-78.2717227,-0.0352338],[-78.2718447,-0.0350494],[-78.2719142,-0.034869],[-78.2708021,-0.0348717],[-78.2700273,-0.0333332],[-78.2707329,-0.0325546],[-78.2711662,-0.032487],[-78.2711635,-0.0321659],[-78.2711161,-0.0320143],[-78.2708425,-0.0316171],[-78.2707776,-0.0315837],[-78.2706909,-0.0316168],[-78.2696427,-0.0328162],[-78.2691244,-0.0335622],[-78.2697146,-0.0340507],[-78.2698608,-0.0342269],[-78.2699831,-0.0343992],[-78.2703156,-0.0350544],[-78.2706462,-0.0355178],[-78.2706652,-0.0356211],[-78.270501,-0.036031]]],[[[-78.2723305,-0.0332855],[-78.2723651,-0.0333626],[-78.2723279,-0.0336968],[-78.2722627,-0.0338299],[-78.2722553,-0.0340249],[-78.2721416,-0.0346382],[-78.271912,-0.0351967],[-78.2716771,-0.0354378],[-78.2714036,-0.0356359],[-78.2707546,-0.0359731],[-78.2706057,-0.0360949],[-78.2706535,-0.0361244],[-78.2712733,-0.0358983],[-78.2718482,-0.0357659],[-78.2721556,-0.0357395],[-78.272737,-0.0351119],[-78.2732964,-0.0346754],[-78.2733542,-0.0345363],[-78.2733,-0.0340115],[-78.2734492,-0.0332567],[-78.2735549,-0.0329756],[-78.2736909,-0.0327551],[-78.2738731,-0.0326002],[-78.2741898,-0.0324459],[-78.2744978,-0.0323773],[-78.2746516,-0.0323795],[-78.2756985,-0.0326059],[-78.2762808,-0.0326118],[-78.2764529,-0.0325569],[-78.2761854,-0.0325786],[-78.2756216,-0.0324459],[-78.275024,-0.0321653],[-78.2742666,-0.0316747],[-78.2740883,-0.0316215],[-78.2738568,-0.0316581],[-78.2735087,-0.0317954],[-78.2733202,-0.0319224],[-78.2731448,-0.0322499],[-78.2729619,-0.0324715],[-78.2726769,-0.0325898],[-78.2723305,-0.0332855]]],[[[-78.2721238,-0.0331753],[-78.2721813,-0.0327081],[-78.271802,-0.032607],[-78.2715981,-0.0324721],[-78.2714656,-0.0323346],[-78.2712929,-0.0322398],[-78.2712584,-0.0322479],[-78.271257,-0.0325571],[-78.2716992,-0.0329832],[-78.2719544,-0.0331344],[-78.2721238,-0.0331753]]],[[[-78.2699951,-0.0310225],[-78.2702806,-0.0309499],[-78.2704824,-0.0309505],[-78.2707099,-0.0310044],[-78.2709301,-0.0311197],[-78.2712008,-0.0313961],[-78.2714886,-0.03206],[-78.2716493,-0.0322922],[-78.2719019,-0.0324731],[-78.272175,-0.0325422],[-78.2721728,-0.0323535],[-78.2719594,-0.0322887],[-78.2718337,-0.0321091],[-78.2715763,-0.0314019],[-78.2714603,-0.03067],[-78.2713516,-0.030507],[-78.2711261,-0.0303721],[-78.2710924,-0.0303678],[-78.2710388,-0.030465],[-78.2707304,-0.0305557],[-78.2697546,-0.0305934],[-78.2694873,-0.0306533],[-78.2691015,-0.0309536],[-78.2688186,-0.0310764],[-78.2686339,-0.0312399],[-78.2685544,-0.0312199],[-78.268556,-0.0313791],[-78.2681478,-0.0317702],[-78.2680052,-0.031865],[-78.2679889,-0.0319815],[-78.2681797,-0.0320298],[-78.2683564,-0.0319979],[-78.2686892,-0.0318301],[-78.2693462,-0.0313899],[-78.2699951,-0.0310225]]],[[[-78.271148,-0.0302658],[-78.2714087,-0.0304133],[-78.2715479,-0.0306043],[-78.2715953,-0.0307402],[-78.2716828,-0.0313827],[-78.2719343,-0.0320702],[-78.272022,-0.0322004],[-78.2721701,-0.0322455],[-78.2720884,-0.032122],[-78.2721047,-0.0320017],[-78.2720151,-0.0318165],[-78.2720233,-0.0316559],[-78.2719866,-0.0314864],[-78.2720231,-0.0312623],[-78.2721195,-0.0311062],[-78.2721536,-0.0309198],[-78.2720178,-0.0306835],[-78.2719588,-0.030411],[-78.2717753,-0.0301231],[-78.2713782,-0.0301985],[-78.2712259,-0.0300744],[-78.271148,-0.0302658]]],[[[-78.2710199,-0.0257822],[-78.2712135,-0.0253943],[-78.270456,-0.0254551],[-78.2704552,-0.0262609],[-78.2697012,-0.0264603],[-78.2698183,-0.026981],[-78.2701217,-0.0267124],[-78.2701905,-0.026617],[-78.2703229,-0.0265316],[-78.270749,-0.0260902],[-78.2710199,-0.0257822]]],[[[-78.2714036,-0.0242245],[-78.2710737,-0.0240959],[-78.2708068,-0.0241317],[-78.2707015,-0.0241554],[-78.2705967,-0.0242277],[-78.2708045,-0.0242906],[-78.2710068,-0.0244186],[-78.2711678,-0.0245844],[-78.2712958,-0.0247793],[-78.2713847,-0.025153],[-78.2713313,-0.025498],[-78.2714059,-0.0253459],[-78.2715212,-0.0253096],[-78.2715281,-0.0251299],[-78.271977,-0.0250238],[-78.2719768,-0.0252085],[-78.27262,-0.0250696],[-78.2724646,-0.0249038],[-78.2718835,-0.024641],[-78.2715597,-0.0243866],[-78.2714036,-0.0242245]]],[[[-78.2692376,-0.0915112],[-78.2687122,-0.0923151],[-78.2688172,-0.0925207],[-78.2689638,-0.0926431],[-78.2690831,-0.0926566],[-78.2694087,-0.0925454],[-78.269606,-0.0919961],[-78.2692376,-0.0915112]]],[[[-78.2697545,-0.0915826],[-78.270377,-0.0915942],[-78.2704024,-0.0908989],[-78.270032,-0.0908098],[-78.2697545,-0.0915826]]],[[[-78.2686209,-0.0912983],[-78.2683549,-0.0918849],[-78.2683981,-0.0919215],[-78.2686778,-0.0913333],[-78.2692197,-0.0903554],[-78.2691648,-0.0903193],[-78.2686209,-0.0912983]]],[[[-78.2673784,-0.0907384],[-78.2674571,-0.0908204],[-78.2679625,-0.0895486],[-78.2677904,-0.089484],[-78.2670812,-0.089442],[-78.2666988,-0.0895026],[-78.2663526,-0.0894589],[-78.2661576,-0.0905691],[-78.2662677,-0.0906567],[-78.2665269,-0.0906466],[-78.266625,-0.0907449],[-78.2669014,-0.0908679],[-78.2672138,-0.0906524],[-78.2673784,-0.0907384]]],[[[-78.266858,-0.0894325],[-78.2669731,-0.0889069],[-78.2656483,-0.0879988],[-78.2669105,-0.0888103],[-78.2667333,-0.0881748],[-78.2666372,-0.0876499],[-78.2666173,-0.0872992],[-78.2671217,-0.0874376],[-78.2670854,-0.0872729],[-78.2668693,-0.0869668],[-78.2666544,-0.0867934],[-78.266519,-0.0865938],[-78.2660658,-0.0861383],[-78.2657442,-0.0855709],[-78.2656421,-0.0854923],[-78.2653696,-0.0854626],[-78.2650888,-0.0855884],[-78.264748,-0.0856728],[-78.2641533,-0.0859009],[-78.263405,-0.0860155],[-78.2611263,-0.0853791],[-78.2609024,-0.0852595],[-78.2606502,-0.0850264],[-78.259968,-0.0851163],[-78.2599087,-0.0852062],[-78.2598315,-0.0854274],[-78.2598463,-0.0855798],[-78.2602292,-0.0874717],[-78.2606834,-0.0872864],[-78.2611406,-0.0872387],[-78.2626636,-0.0871401],[-78.2634652,-0.087197],[-78.2638095,-0.0870775],[-78.2639788,-0.0871014],[-78.2642341,-0.0871821],[-78.2646497,-0.0873913],[-78.2646653,-0.0894697],[-78.2649493,-0.0893322],[-78.2653364,-0.0892175],[-78.2655383,-0.0892235],[-78.2658298,-0.0893061],[-78.2658863,-0.0890763],[-78.2664177,-0.0891648],[-78.2663657,-0.0894184],[-78.2666964,-0.0894618],[-78.266858,-0.0894325]]],[[[-78.2657823,-0.0855147],[-78.2660449,-0.0859756],[-78.2658242,-0.0852839],[-78.2657236,-0.0851109],[-78.2655319,-0.0850227],[-78.2648629,-0.0848899],[-78.2643399,-0.0844409],[-78.2641485,-0.0844459],[-78.2641303,-0.084563],[-78.2640999,-0.0845961],[-78.2640678,-0.0846008],[-78.2640436,-0.0845981],[-78.2639512,-0.0845455],[-78.2635924,-0.0845167],[-78.2630168,-0.0844396],[-78.2627301,-0.0843277],[-78.2624561,-0.0844797],[-78.2623915,-0.0844967],[-78.2623624,-0.0844946],[-78.2623233,-0.0844836],[-78.262014,-0.0843289],[-78.2618605,-0.0841692],[-78.2617935,-0.0840733],[-78.2615394,-0.0842206],[-78.2614269,-0.0842595],[-78.2613474,-0.0842614],[-78.261302,-0.0842445],[-78.2612786,-0.0842162],[-78.2611606,-0.0839864],[-78.2609053,-0.0839529],[-78.2608106,-0.0838735],[-78.2607695,-0.0838994],[-78.2607095,-0.0839978],[-78.2606721,-0.0840269],[-78.2606314,-0.0843486],[-78.260488,-0.0844637],[-78.2600233,-0.085039],[-78.2604857,-0.0849697],[-78.2606961,-0.0849808],[-78.2610341,-0.0852521],[-78.2612497,-0.085336],[-78.2633171,-0.0859181],[-78.2637237,-0.0859132],[-78.2641843,-0.0858195],[-78.264684,-0.0856321],[-78.26512,-0.0855237],[-78.2653062,-0.08543],[-78.2655022,-0.0854004],[-78.2657823,-0.0855147]]],[[[-78.267417,-0.0834892],[-78.2669109,-0.0834652],[-78.2667132,-0.083367],[-78.2666459,-0.0833699],[-78.2665899,-0.0834521],[-78.2665553,-0.0837497],[-78.2665147,-0.0838078],[-78.2664439,-0.0838222],[-78.2662855,-0.0836765],[-78.266198,-0.0836497],[-78.2659448,-0.0839797],[-78.2658598,-0.084039],[-78.2655785,-0.0841457],[-78.2655262,-0.084143],[-78.2654346,-0.0840984],[-78.265387,-0.084017],[-78.2653832,-0.0839121],[-78.2653273,-0.0839071],[-78.2650581,-0.0843027],[-78.2650529,-0.0843666],[-78.265145,-0.0845072],[-78.2651495,-0.0845884],[-78.2650377,-0.084665],[-78.2649288,-0.084665],[-78.2649065,-0.0848389],[-78.2656055,-0.0849694],[-78.2657428,-0.0850505],[-78.2659351,-0.0854124],[-78.2660661,-0.0858808],[-78.2663777,-0.086336],[-78.2678031,-0.0839714],[-78.2676047,-0.083822],[-78.2674781,-0.0835479],[-78.267417,-0.0834892]]],[[[-78.2682531,-0.0685629],[-78.2686842,-0.0684827],[-78.2685534,-0.0682985],[-78.2683005,-0.0681904],[-78.2680391,-0.0681596],[-78.267997,-0.0681757],[-78.2679438,-0.0686562],[-78.2682531,-0.0685629]]],[[[-78.2672821,-0.068555],[-78.2674525,-0.0685664],[-78.2674536,-0.0681571],[-78.2672654,-0.0681164],[-78.2672821,-0.068555]]],[[[-78.266893,-0.0681584],[-78.2669999,-0.0682079],[-78.2672932,-0.0680719],[-78.2674013,-0.0678534],[-78.2670959,-0.0677147],[-78.266893,-0.0681584]]],[[[-78.2668362,-0.0675887],[-78.266596,-0.0680324],[-78.2666449,-0.0681234],[-78.2667164,-0.0681726],[-78.266963,-0.0676682],[-78.2668362,-0.0675887]]],[[[-78.2691006,-0.0672663],[-78.2696587,-0.068684],[-78.2697972,-0.0686646],[-78.2699803,-0.0685617],[-78.2693936,-0.0669928],[-78.2691006,-0.0672663]]],[[[-78.2664516,-0.06745],[-78.2660439,-0.0676065],[-78.2659516,-0.066943],[-78.2653266,-0.0671736],[-78.2652611,-0.0672344],[-78.2647387,-0.0674695],[-78.2646995,-0.0679706],[-78.2652019,-0.0679431],[-78.2654337,-0.0678869],[-78.2658195,-0.0677133],[-78.2660513,-0.0676602],[-78.2663674,-0.067682],[-78.2664824,-0.0678507],[-78.2666679,-0.0674983],[-78.2664516,-0.06745]]],[[[-78.2687466,-0.0662124],[-78.2688718,-0.0673066],[-78.2688724,-0.0673126],[-78.2690676,-0.0671487],[-78.2689076,-0.0661628],[-78.2687466,-0.0662124]]],[[[-78.2667306,-0.0647864],[-78.2664864,-0.0648294],[-78.2664122,-0.0648898],[-78.2660682,-0.0649859],[-78.265766,-0.0649699],[-78.2657705,-0.0653499],[-78.266801,-0.06523],[-78.266795,-0.0648005],[-78.2667306,-0.0647864]]],[[[-78.265771,-0.0579556],[-78.2661469,-0.0579366],[-78.2662687,-0.0565419],[-78.2659155,-0.0565666],[-78.265771,-0.0579556]]],[[[-78.2690748,-0.0572117],[-78.269082,-0.0550095],[-78.2688601,-0.0549115],[-78.2686963,-0.0570627],[-78.2690748,-0.0572117]]],[[[-78.2670416,-0.0567344],[-78.2673568,-0.0568366],[-78.2675777,-0.0568249],[-78.267709,-0.0551901],[-78.2673455,-0.0552466],[-78.2669777,-0.0552093],[-78.2670416,-0.0567344]]],[[[-78.2669753,-0.0551526],[-78.2674437,-0.0551916],[-78.267714,-0.0551139],[-78.2677283,-0.0548928],[-78.2675593,-0.0546092],[-78.2669575,-0.0547278],[-78.2669753,-0.0551526]]],[[[-78.2688479,-0.054812],[-78.2690457,-0.0548705],[-78.2691034,-0.0543651],[-78.26884,-0.0543498],[-78.2688479,-0.054812]]],[[[-78.2677122,-0.0543558],[-78.2680509,-0.0541088],[-78.2684875,-0.0540352],[-78.2681325,-0.0532193],[-78.2678809,-0.0529084],[-78.2688366,-0.0523874],[-78.2674801,-0.0520842],[-78.2673378,-0.0522374],[-78.2672526,-0.0521757],[-78.2671033,-0.0522881],[-78.2668583,-0.0523949],[-78.2673284,-0.0531027],[-78.2667045,-0.0535056],[-78.2664815,-0.0535635],[-78.2661337,-0.0535783],[-78.266284,-0.0543811],[-78.2664774,-0.0544638],[-78.2669379,-0.0543962],[-78.2672516,-0.0543016],[-78.2674491,-0.0544162],[-78.2677122,-0.0543558]]],[[[-78.2690912,-0.0523831],[-78.2691957,-0.0519634],[-78.2684792,-0.0519879],[-78.2684692,-0.0522519],[-78.2690912,-0.0523831]]],[[[-78.2683596,-0.0514614],[-78.2684186,-0.0516715],[-78.2692562,-0.0516541],[-78.2693056,-0.0514313],[-78.2693007,-0.0512728],[-78.2683596,-0.0514614]]],[[[-78.2693536,-0.0512622],[-78.2693595,-0.0514313],[-78.2701405,-0.051432],[-78.2700442,-0.0511975],[-78.2698808,-0.0510255],[-78.2696099,-0.0508958],[-78.2694462,-0.0512332],[-78.2693536,-0.0512622]]],[[[-78.2663103,-0.0458549],[-78.2664382,-0.0456161],[-78.2663978,-0.0455336],[-78.2661337,-0.0452847],[-78.2657411,-0.0450439],[-78.2655548,-0.0448617],[-78.2652006,-0.0446405],[-78.2653034,-0.0455621],[-78.2655155,-0.0456891],[-78.2660825,-0.0458705],[-78.2663103,-0.0458549]]],[[[-78.2667927,-0.0451331],[-78.2667834,-0.0449411],[-78.2668925,-0.0447194],[-78.2662311,-0.0442019],[-78.2661074,-0.0443012],[-78.2655021,-0.0436844],[-78.2651562,-0.0438001],[-78.2651736,-0.0439144],[-78.265145,-0.0442028],[-78.2657049,-0.0447009],[-78.2656144,-0.044811],[-78.2665,-0.0454758],[-78.266558,-0.0455488],[-78.2667421,-0.0453924],[-78.2667927,-0.0451331]]],[[[-78.2694794,-0.0414135],[-78.2697735,-0.0411792],[-78.2701564,-0.040652],[-78.2705572,-0.0403029],[-78.2694861,-0.039653],[-78.2689905,-0.0400676],[-78.2687741,-0.0403299],[-78.2684504,-0.0405299],[-78.268287,-0.0406008],[-78.2677948,-0.0406728],[-78.2671171,-0.0408589],[-78.2651886,-0.0433501],[-78.2649118,-0.0435361],[-78.2643551,-0.0437646],[-78.2642597,-0.0437766],[-78.2642314,-0.0438578],[-78.2649572,-0.0437949],[-78.2652563,-0.0437273],[-78.2658738,-0.0434923],[-78.2663243,-0.0432079],[-78.2689533,-0.041744],[-78.2694794,-0.0414135]]],[[[-78.2677228,-0.0403512],[-78.2684842,-0.0394919],[-78.2685954,-0.0392214],[-78.2684235,-0.0390382],[-78.26837,-0.0388788],[-78.2683646,-0.0387396],[-78.2684006,-0.0385554],[-78.2687537,-0.0375788],[-78.2688239,-0.037125],[-78.2687874,-0.03676],[-78.2686561,-0.0363661],[-78.2684634,-0.0361108],[-78.2682705,-0.0359863],[-78.2676685,-0.0370692],[-78.267189,-0.0376643],[-78.2664772,-0.0384224],[-78.2666857,-0.0385098],[-78.2667817,-0.0386564],[-78.266789,-0.0389131],[-78.2667009,-0.0393859],[-78.2666811,-0.0397616],[-78.2667705,-0.0401516],[-78.2669954,-0.0405297],[-78.2670234,-0.0407976],[-78.2671836,-0.0406526],[-78.2675242,-0.0404864],[-78.2677228,-0.0403512]]],[[[-78.268486,-0.0394968],[-78.2689767,-0.0400141],[-78.2695283,-0.0395548],[-78.2697583,-0.0393139],[-78.2694815,-0.0390249],[-78.2691938,-0.0392366],[-78.2690137,-0.0393049],[-78.2687429,-0.0392988],[-78.2685993,-0.0392239],[-78.268486,-0.0394968]]],[[[-78.2667436,-0.0387487],[-78.2666976,-0.0385982],[-78.2666135,-0.0385228],[-78.2663123,-0.0384371],[-78.2661036,-0.0384356],[-78.2658275,-0.0385688],[-78.2654612,-0.0389352],[-78.264899,-0.0397581],[-78.2644167,-0.040351],[-78.2641419,-0.0405783],[-78.2650883,-0.0408084],[-78.2659457,-0.0412245],[-78.2662297,-0.0413244],[-78.2662076,-0.0408425],[-78.266129,-0.0403991],[-78.2666304,-0.03982],[-78.266629,-0.0395237],[-78.2667436,-0.0387487]]],[[[-78.2655333,-0.0370187],[-78.2666701,-0.0381663],[-78.2667035,-0.038131],[-78.2663257,-0.0376904],[-78.2655699,-0.0369755],[-78.2655333,-0.0370187]]],[[[-78.2669563,-0.0378599],[-78.267187,-0.0375936],[-78.2660154,-0.0365807],[-78.2658489,-0.0367238],[-78.2669563,-0.0378599]]],[[[-78.2664443,-0.0362828],[-78.2661843,-0.0364393],[-78.267396,-0.0373137],[-78.2676739,-0.0369455],[-78.2681136,-0.0360955],[-78.2678112,-0.0359696],[-78.2667901,-0.0361666],[-78.2664443,-0.0362828]]],[[[-78.2682204,-0.0351931],[-78.26855,-0.0353835],[-78.2688676,-0.0357298],[-78.2692666,-0.0363597],[-78.269388,-0.0378243],[-78.2694252,-0.037717],[-78.2697881,-0.0372321],[-78.2699758,-0.0369002],[-78.2696695,-0.0358837],[-78.269341,-0.0352517],[-78.2689876,-0.0348206],[-78.2685731,-0.0345373],[-78.2682204,-0.0351931]]],[[[-78.2678121,-0.0358764],[-78.2690467,-0.0335164],[-78.2695676,-0.032766],[-78.2706152,-0.0315665],[-78.270739,-0.0314965],[-78.2708843,-0.0315245],[-78.2712076,-0.0320003],[-78.271252,-0.0319974],[-78.2712462,-0.0318861],[-78.2710771,-0.0315237],[-78.2709486,-0.0313551],[-78.2708077,-0.0312431],[-78.2704727,-0.0311247],[-78.2701202,-0.0311615],[-78.2698499,-0.0312954],[-78.2686299,-0.0320902],[-78.268365,-0.0321827],[-78.2680757,-0.0322028],[-78.2680028,-0.0324654],[-78.2675742,-0.0332044],[-78.2671099,-0.03367],[-78.2670075,-0.0338263],[-78.2668623,-0.0345628],[-78.2670356,-0.0347905],[-78.2669987,-0.0349958],[-78.2669027,-0.0350703],[-78.2665355,-0.0349678],[-78.2656584,-0.0357856],[-78.265496,-0.0358225],[-78.2654991,-0.0359174],[-78.2654473,-0.0359728],[-78.2654485,-0.0360512],[-78.2652973,-0.036294],[-78.2651509,-0.0364561],[-78.2650849,-0.0366803],[-78.2648292,-0.0371202],[-78.2644771,-0.0379974],[-78.2644219,-0.0382171],[-78.2645799,-0.0381759],[-78.2647151,-0.0380931],[-78.2648603,-0.0378765],[-78.2649367,-0.0376134],[-78.2650397,-0.0374119],[-78.2652133,-0.0371924],[-78.2654966,-0.0368573],[-78.2659974,-0.0364905],[-78.266262,-0.0363079],[-78.2666098,-0.0361449],[-78.2678121,-0.0358764]]],[[[-78.2673137,-0.0331018],[-78.2671561,-0.0332887],[-78.2670245,-0.0335193],[-78.2670184,-0.0335629],[-78.2670738,-0.0336278],[-78.2674525,-0.0332722],[-78.2676946,-0.0329011],[-78.2673864,-0.03291],[-78.2673137,-0.0331018]]],[[[-78.2674753,-0.0295512],[-78.2676524,-0.0296616],[-78.2677708,-0.0296579],[-78.2686767,-0.0292957],[-78.2689879,-0.0296499],[-78.2692095,-0.0295064],[-78.2687499,-0.0289954],[-78.2690232,-0.0287957],[-78.2692212,-0.0285455],[-78.269525,-0.0288674],[-78.2697738,-0.0284634],[-78.2698439,-0.028247],[-78.2699562,-0.028106],[-78.2694694,-0.027439],[-78.267334,-0.0289028],[-78.2670657,-0.0291373],[-78.2669701,-0.0292853],[-78.2672566,-0.02941],[-78.2670045,-0.0296264],[-78.266957,-0.0298258],[-78.2669663,-0.0299501],[-78.2669088,-0.029954],[-78.2669893,-0.0302316],[-78.2676728,-0.0301177],[-78.2678342,-0.0305786],[-78.2685082,-0.0302769],[-78.2685939,-0.0301914],[-78.2686431,-0.0300076],[-78.268512,-0.030005],[-78.268512,-0.0300764],[-78.2681709,-0.0300764],[-78.2681709,-0.0298721],[-78.2679897,-0.0298179],[-78.2678363,-0.0298273],[-78.2677111,-0.0297949],[-78.2675089,-0.0296497],[-78.2674753,-0.0295512]]],[[[-78.2666958,-0.0294583],[-78.26673,-0.0293014],[-78.2668261,-0.0291102],[-78.2664433,-0.0289935],[-78.265845,-0.02895],[-78.2653353,-0.0291207],[-78.2650392,-0.0292668],[-78.2648482,-0.0294286],[-78.2647585,-0.0295692],[-78.2654306,-0.0298412],[-78.2655826,-0.0299254],[-78.2657928,-0.030114],[-78.2667618,-0.0299989],[-78.2667306,-0.0295303],[-78.2666958,-0.0294583]]],[[[-78.2668547,-0.0289486],[-78.2673634,-0.0286286],[-78.2674632,-0.0286403],[-78.2676477,-0.0285176],[-78.2674125,-0.02778],[-78.2671399,-0.0277663],[-78.2666552,-0.0279411],[-78.2667061,-0.0281362],[-78.2670783,-0.028023],[-78.2671137,-0.0282895],[-78.2667449,-0.0284393],[-78.2667884,-0.0287974],[-78.2668547,-0.0289486]]],[[[-78.2680825,-0.0275431],[-78.2682432,-0.0280812],[-78.2689466,-0.0276085],[-78.2687536,-0.0267402],[-78.2689722,-0.0266849],[-78.2689617,-0.0255098],[-78.2683424,-0.0255999],[-78.2679806,-0.025574],[-78.2678393,-0.0267416],[-78.267183,-0.0268855],[-78.2673314,-0.0273519],[-78.2676534,-0.0272436],[-78.2677727,-0.0276264],[-78.2680825,-0.0275431]],[[-78.2686912,-0.0256397],[-78.2688876,-0.0257163],[-78.2688015,-0.0258633],[-78.2686378,-0.0258053],[-78.2686912,-0.0256397]]],[[[-78.2661041,-0.0267659],[-78.2663244,-0.0270743],[-78.2666852,-0.0269752],[-78.2668648,-0.0276701],[-78.2673195,-0.0274949],[-78.2671301,-0.0268838],[-78.2670358,-0.0268988],[-78.2669251,-0.0266888],[-78.2661041,-0.0267659]]],[[[-78.2668137,-0.0264775],[-78.2664793,-0.0258434],[-78.2654808,-0.0256816],[-78.2653987,-0.0255926],[-78.2652124,-0.025484],[-78.26512,-0.0255543],[-78.2648989,-0.0258134],[-78.2649542,-0.0261564],[-78.26507,-0.0265729],[-78.2650493,-0.0268463],[-78.2655586,-0.0269715],[-78.2652999,-0.0277014],[-78.2648877,-0.0274256],[-78.2647827,-0.0277092],[-78.2646392,-0.0279352],[-78.2643745,-0.0282554],[-78.2641625,-0.0287677],[-78.2650656,-0.0289129],[-78.2650838,-0.0290013],[-78.2657073,-0.0288737],[-78.2657101,-0.0288261],[-78.2657669,-0.0288379],[-78.265967,-0.0281854],[-78.265546,-0.0278626],[-78.2661002,-0.0269021],[-78.2657338,-0.0264387],[-78.2657896,-0.0263641],[-78.2659001,-0.0265053],[-78.2668137,-0.0264775]],[[-78.2652767,-0.0260147],[-78.2654065,-0.0260399],[-78.2655088,-0.0264416],[-78.2653765,-0.0264373],[-78.2652767,-0.0260147]],[[-78.2651543,-0.025991],[-78.2652564,-0.0264334],[-78.2651358,-0.0264294],[-78.2650334,-0.0259675],[-78.2651543,-0.025991]]],[[[-78.2662734,-0.0251586],[-78.2655453,-0.0249073],[-78.265488,-0.0252181],[-78.266335,-0.0253896],[-78.2662734,-0.0251586]]],[[[-78.2668974,-0.0212388],[-78.2669949,-0.0211507],[-78.267783,-0.0204392],[-78.2677035,-0.0204057],[-78.2675003,-0.0203961],[-78.2668559,-0.020406],[-78.2664919,-0.0204448],[-78.2661457,-0.0205299],[-78.2661784,-0.0211511],[-78.2668974,-0.0212388]]],[[[-78.2664143,-0.0203879],[-78.2659789,-0.0195457],[-78.2655752,-0.0199268],[-78.2653665,-0.0200517],[-78.2653632,-0.0207046],[-78.2663832,-0.0204123],[-78.2664143,-0.0203879]]],[[[-78.2681506,-0.0189687],[-78.2672021,-0.0189616],[-78.2673584,-0.0203502],[-78.2677944,-0.0203639],[-78.2679942,-0.0202051],[-78.2683811,-0.0190133],[-78.2681506,-0.0189687]]],[[[-78.2661074,-0.0192822],[-78.2664156,-0.0191118],[-78.2659205,-0.0182119],[-78.2657981,-0.0182988],[-78.265603,-0.0183419],[-78.2654678,-0.0183173],[-78.265277,-0.0182294],[-78.264835,-0.0182365],[-78.264633,-0.0181247],[-78.2644435,-0.017905],[-78.2643333,-0.0181931],[-78.2639986,-0.0176439],[-78.2638825,-0.0178824],[-78.2642415,-0.0184331],[-78.264024,-0.0190018],[-78.263584,-0.018491],[-78.2633882,-0.0188983],[-78.2638911,-0.0193493],[-78.2637772,-0.019647],[-78.2637457,-0.0199156],[-78.2640023,-0.0199177],[-78.2640303,-0.019689],[-78.2644029,-0.0197465],[-78.2643918,-0.0198321],[-78.2646162,-0.0198471],[-78.2650532,-0.0200276],[-78.265207,-0.0200467],[-78.2653677,-0.0199829],[-78.2655483,-0.0198504],[-78.2661074,-0.0192822]]],[[[-78.2677791,-0.016227],[-78.2674963,-0.0160909],[-78.2673076,-0.016072],[-78.2676485,-0.0177847],[-78.2677944,-0.0176572],[-78.2677791,-0.016227]]],[[[-78.264319,-0.0836125],[-78.2644088,-0.0836808],[-78.2643881,-0.0838395],[-78.264117,-0.0840552],[-78.2638898,-0.0844033],[-78.263945,-0.0844278],[-78.2641514,-0.0844036],[-78.26424,-0.0842199],[-78.2643015,-0.0841969],[-78.2644962,-0.0842096],[-78.2646706,-0.0842926],[-78.2647486,-0.0845303],[-78.264822,-0.0846281],[-78.2649702,-0.0846596],[-78.2650706,-0.0846348],[-78.2651242,-0.084528],[-78.265044,-0.0843927],[-78.2650332,-0.0843146],[-78.2652022,-0.0839987],[-78.2649984,-0.0837363],[-78.2649118,-0.0835644],[-78.2642363,-0.083088],[-78.263835,-0.082693],[-78.2625934,-0.0816431],[-78.2625476,-0.0815105],[-78.2624689,-0.081418],[-78.2622386,-0.0815657],[-78.2624378,-0.0818615],[-78.2625061,-0.0821729],[-78.2625743,-0.0823026],[-78.2628558,-0.0826884],[-78.2630846,-0.0829003],[-78.2630969,-0.0829685],[-78.2630638,-0.083052],[-78.2628405,-0.08317],[-78.2631745,-0.0835314],[-78.2633157,-0.0836273],[-78.263449,-0.083647],[-78.264319,-0.0836125]]],[[[-78.264604,-0.0694028],[-78.2642246,-0.0695723],[-78.2643074,-0.070053],[-78.2647034,-0.0699355],[-78.264604,-0.0694028]]],[[[-78.2645942,-0.0693503],[-78.2644966,-0.0687735],[-78.2640964,-0.0688102],[-78.2642138,-0.0695197],[-78.2645942,-0.0693503]]],[[[-78.2652656,-0.0671732],[-78.2652807,-0.0671117],[-78.2647335,-0.0669882],[-78.2647467,-0.0673591],[-78.264839,-0.06735],[-78.2652656,-0.0671732]]],[[[-78.2636884,-0.067635],[-78.2636776,-0.0664887],[-78.2630232,-0.0663291],[-78.2629824,-0.0675962],[-78.2629437,-0.0679509],[-78.2629584,-0.0679719],[-78.263262,-0.0678565],[-78.2636884,-0.067635]]],[[[-78.2636827,-0.0662637],[-78.2636223,-0.0662323],[-78.2633886,-0.0662306],[-78.2631927,-0.066292],[-78.2636764,-0.0663969],[-78.2636827,-0.0662637]]],[[[-78.2655384,-0.0565898],[-78.2654082,-0.0565971],[-78.2651922,-0.0565927],[-78.2650297,-0.0580054],[-78.2653862,-0.057987],[-78.2655384,-0.0565898]]],[[[-78.2640424,-0.0580636],[-78.2646477,-0.0580189],[-78.2648259,-0.0565934],[-78.2646718,-0.0565935],[-78.2643047,-0.0565162],[-78.2641476,-0.0565425],[-78.2640424,-0.0580636]]],[[[-78.2646721,-0.056589],[-78.2655803,-0.0565829],[-78.2652603,-0.0546052],[-78.2651182,-0.0544689],[-78.2646621,-0.0542397],[-78.2645359,-0.0540832],[-78.2645353,-0.0565282],[-78.2645712,-0.0565683],[-78.2646721,-0.056589]]],[[[-78.2636456,-0.0454017],[-78.2640701,-0.0453469],[-78.2639162,-0.0449126],[-78.2641496,-0.0447961],[-78.2639482,-0.0441451],[-78.2638517,-0.0441757],[-78.2637861,-0.0440406],[-78.2630735,-0.0442966],[-78.2635186,-0.0454815],[-78.2636456,-0.0454017]]],[[[-78.2642864,-0.0446726],[-78.2647069,-0.0446696],[-78.2646513,-0.0442921],[-78.264182,-0.0440172],[-78.2642864,-0.0446726]]],[[[-78.2650227,-0.0438332],[-78.2642022,-0.0439081],[-78.2642919,-0.0440186],[-78.2648938,-0.0443684],[-78.2650111,-0.0441606],[-78.2650227,-0.0438332]]],[[[-78.2639899,-0.0438492],[-78.264832,-0.0434544],[-78.2652431,-0.0432092],[-78.265087,-0.0431106],[-78.2653158,-0.0429005],[-78.2655395,-0.0426292],[-78.2643409,-0.0420077],[-78.2645998,-0.0416246],[-78.2650343,-0.0418067],[-78.2658868,-0.042245],[-78.2659963,-0.0421077],[-78.2662244,-0.0416907],[-78.2647553,-0.0410091],[-78.2639323,-0.0408097],[-78.2637395,-0.0410016],[-78.2634229,-0.0412083],[-78.2632749,-0.0413753],[-78.2637267,-0.0415177],[-78.2641337,-0.0415697],[-78.2638542,-0.0419555],[-78.2629627,-0.0418828],[-78.2625973,-0.0424579],[-78.2624509,-0.0426241],[-78.2623073,-0.0427206],[-78.2624608,-0.0440145],[-78.2623708,-0.0440312],[-78.2624206,-0.0442294],[-78.2623343,-0.0442366],[-78.2623467,-0.0443388],[-78.2628353,-0.044298],[-78.2633563,-0.0441425],[-78.2638675,-0.0439402],[-78.2638168,-0.0436325],[-78.2639158,-0.0436096],[-78.2639899,-0.0438492]],[[-78.2637438,-0.0432569],[-78.2636259,-0.0425856],[-78.2637674,-0.0425854],[-78.2638952,-0.0425085],[-78.2639945,-0.0423377],[-78.2641215,-0.0419706],[-78.2641577,-0.0419727],[-78.2639436,-0.042526],[-78.2637041,-0.0426808],[-78.2637758,-0.0432792],[-78.2637438,-0.0432569]]],[[[-78.2640077,-0.0386852],[-78.2639208,-0.0387856],[-78.2647564,-0.039874],[-78.2651331,-0.0393659],[-78.2652929,-0.0390977],[-78.2645969,-0.0382181],[-78.2643982,-0.0382619],[-78.2641931,-0.0382252],[-78.2640077,-0.0386852]]],[[[-78.2644929,-0.0356405],[-78.2647008,-0.0348664],[-78.2647245,-0.0345137],[-78.2647008,-0.0343702],[-78.2645999,-0.0341491],[-78.2637053,-0.0345447],[-78.2636273,-0.0344023],[-78.2633267,-0.0340385],[-78.263215,-0.0338092],[-78.2631261,-0.0334403],[-78.2629514,-0.0330004],[-78.2629055,-0.0327112],[-78.2627408,-0.0324329],[-78.2627728,-0.0327072],[-78.2627451,-0.0332859],[-78.2628139,-0.0338342],[-78.2628851,-0.0340663],[-78.2630701,-0.0344296],[-78.2630947,-0.0348484],[-78.2632728,-0.0356374],[-78.2644929,-0.0356405]]],[[[-78.264853,-0.0331327],[-78.2647822,-0.0329165],[-78.2647805,-0.0326321],[-78.2646361,-0.0324437],[-78.2643273,-0.0323031],[-78.2640938,-0.0321268],[-78.2636429,-0.0323448],[-78.2647282,-0.0342403],[-78.2647787,-0.0344197],[-78.2650349,-0.0342071],[-78.2647875,-0.0337672],[-78.2645736,-0.0333028],[-78.264853,-0.0331327]]],[[[-78.2642789,-0.0322065],[-78.2646561,-0.0324136],[-78.2647697,-0.0325252],[-78.2648469,-0.0327043],[-78.2648353,-0.0329072],[-78.2649012,-0.0330987],[-78.2651291,-0.0329597],[-78.2651474,-0.0325341],[-78.264949,-0.0321899],[-78.2646241,-0.0318632],[-78.2641464,-0.0320948],[-78.2642789,-0.0322065]]],[[[-78.2653682,-0.0309424],[-78.2653736,-0.0308235],[-78.2655611,-0.0304266],[-78.2655426,-0.0303162],[-78.2654499,-0.0302215],[-78.2651721,-0.0300149],[-78.2645536,-0.0299977],[-78.2644351,-0.0299578],[-78.2643971,-0.0299874],[-78.2650676,-0.031606],[-78.2656084,-0.0313294],[-78.2654941,-0.0312358],[-78.2654109,-0.0311148],[-78.2653682,-0.0309424]]],[[[-78.2633851,-0.0305897],[-78.2641342,-0.032047],[-78.2645901,-0.0318496],[-78.2641123,-0.0306974],[-78.2639244,-0.0303334],[-78.2633851,-0.0305897]]],[[[-78.2641298,-0.0296876],[-78.2640816,-0.0295822],[-78.2640765,-0.0292892],[-78.2639541,-0.0292903],[-78.2640759,-0.0292696],[-78.2640975,-0.0287644],[-78.2636768,-0.0286354],[-78.2637486,-0.0284447],[-78.2639511,-0.0281832],[-78.2634209,-0.0278675],[-78.2630661,-0.0282357],[-78.2626476,-0.0287764],[-78.2625444,-0.0292876],[-78.2629139,-0.0293491],[-78.2629404,-0.0297104],[-78.2626308,-0.0298496],[-78.2630407,-0.0301121],[-78.2633574,-0.0305416],[-78.2635787,-0.0304543],[-78.2632055,-0.0296017],[-78.2636008,-0.0294305],[-78.263965,-0.0302642],[-78.2643913,-0.0299348],[-78.2641298,-0.0296876]]],[[[-78.2641381,-0.0277513],[-78.2643443,-0.0278689],[-78.2644881,-0.0276194],[-78.2642802,-0.0275053],[-78.2641381,-0.0277513]]],[[[-78.2650051,-0.0266528],[-78.2648316,-0.0257316],[-78.264422,-0.0256291],[-78.2641137,-0.0267145],[-78.2639967,-0.0269985],[-78.2646675,-0.0273007],[-78.2645167,-0.0275733],[-78.2647231,-0.0276866],[-78.2648332,-0.0273819],[-78.2650051,-0.0266528]]],[[[-78.2638646,-0.0272772],[-78.2637093,-0.0275016],[-78.2639613,-0.0276505],[-78.2640275,-0.0275454],[-78.2639585,-0.0274856],[-78.2640498,-0.0273788],[-78.2638646,-0.0272772]]],[[[-78.2639224,-0.027],[-78.264053,-0.0266611],[-78.2644271,-0.025368],[-78.2646992,-0.0249168],[-78.2642156,-0.0247281],[-78.2646692,-0.0236334],[-78.2645087,-0.0235468],[-78.2639155,-0.0233885],[-78.2636937,-0.023447],[-78.2632262,-0.0237195],[-78.2623124,-0.0246814],[-78.2616888,-0.02509],[-78.2615407,-0.0252489],[-78.2611748,-0.0267717],[-78.261044,-0.0270255],[-78.2608351,-0.0272391],[-78.2610039,-0.0272875],[-78.2610591,-0.0286147],[-78.2611837,-0.0285135],[-78.2614731,-0.0284512],[-78.2615859,-0.0284303],[-78.2617705,-0.0284701],[-78.2618045,-0.027534],[-78.2628182,-0.027778],[-78.2632055,-0.027958],[-78.2635442,-0.0275675],[-78.2639224,-0.027]]],[[[-78.2658621,-0.0239201],[-78.265704,-0.0237354],[-78.2656977,-0.0236476],[-78.2654233,-0.0234327],[-78.2654746,-0.0232655],[-78.2656705,-0.0229506],[-78.2654775,-0.0226479],[-78.2653378,-0.0225054],[-78.2650952,-0.0223474],[-78.2649397,-0.0223042],[-78.2650477,-0.0229037],[-78.2650655,-0.0238534],[-78.2651333,-0.02403],[-78.2652622,-0.0237265],[-78.2652918,-0.0237382],[-78.2653596,-0.023581],[-78.2656039,-0.0237763],[-78.2653131,-0.0240928],[-78.2653197,-0.024123],[-78.2652188,-0.0242019],[-78.2654041,-0.0245096],[-78.2653947,-0.0246564],[-78.2654939,-0.0248566],[-78.2655897,-0.0248222],[-78.2656483,-0.0243751],[-78.2658621,-0.0239201]]],[[[-78.2641359,-0.0225826],[-78.2645401,-0.022617],[-78.2645055,-0.0224583],[-78.2640654,-0.0224317],[-78.2637585,-0.0218237],[-78.2633916,-0.0220834],[-78.2636026,-0.0225534],[-78.2635859,-0.0225713],[-78.2636676,-0.0227146],[-78.2636918,-0.0227052],[-78.2638644,-0.0231482],[-78.2642366,-0.0230101],[-78.2642289,-0.0228298],[-78.2641359,-0.0225826]]],[[[-78.264164,-0.021827],[-78.2643116,-0.0222165],[-78.2643955,-0.022225],[-78.2642302,-0.0218077],[-78.2641367,-0.0216644],[-78.2640711,-0.0216848],[-78.264164,-0.021827]]],[[[-78.26528,-0.0214639],[-78.2649948,-0.0216955],[-78.2656073,-0.022164],[-78.2658071,-0.022369],[-78.2660306,-0.0221015],[-78.2658503,-0.021894],[-78.26528,-0.0214639]]],[[[-78.2644791,-0.0216503],[-78.2645187,-0.0217144],[-78.2647793,-0.0216288],[-78.2646938,-0.0218587],[-78.264691,-0.0220031],[-78.2647225,-0.0220551],[-78.2647127,-0.0219094],[-78.2647623,-0.0217882],[-78.264901,-0.0217938],[-78.264967,-0.021644],[-78.2651952,-0.0214554],[-78.2647723,-0.0215216],[-78.2644791,-0.0216503]]],[[[-78.2636987,-0.0206527],[-78.26454,-0.0205744],[-78.2645039,-0.0198847],[-78.2643925,-0.0198866],[-78.2639849,-0.0200033],[-78.2632866,-0.0199568],[-78.2630792,-0.0200943],[-78.2636987,-0.0206527]]],[[[-78.2649251,-0.0200357],[-78.2647072,-0.0199379],[-78.264714,-0.0206037],[-78.2648745,-0.0206727],[-78.2649251,-0.0200357]]],[[[-78.2641658,-0.0172738],[-78.2639364,-0.0169543],[-78.2633857,-0.0165392],[-78.2623673,-0.018081],[-78.2625943,-0.0180999],[-78.2625974,-0.0184697],[-78.2623801,-0.0184788],[-78.2627889,-0.0194825],[-78.2630448,-0.0194839],[-78.2635558,-0.0184297],[-78.2641658,-0.0172738]]],[[[-78.2653679,-0.0157159],[-78.2652683,-0.0153735],[-78.2651509,-0.0152459],[-78.2643027,-0.0162463],[-78.264825,-0.0165505],[-78.2649413,-0.0159479],[-78.2653679,-0.0157159]]],[[[-78.2630456,-0.0844377],[-78.2639523,-0.0845411],[-78.2640678,-0.0845963],[-78.2641262,-0.0845611],[-78.2641439,-0.0844462],[-78.2639454,-0.0844693],[-78.2633779,-0.0843946],[-78.2619581,-0.0840574],[-78.2614813,-0.0837743],[-78.2610183,-0.0836115],[-78.2606963,-0.0834494],[-78.2601441,-0.0830518],[-78.260021,-0.0832386],[-78.2600673,-0.0833469],[-78.2600766,-0.0835092],[-78.26002,-0.083814],[-78.260088,-0.0838894],[-78.2601537,-0.083876],[-78.2602888,-0.0837179],[-78.2603735,-0.0836766],[-78.2606309,-0.0840154],[-78.2606911,-0.0840104],[-78.260766,-0.0838964],[-78.2608101,-0.0838688],[-78.2609073,-0.0839488],[-78.2611221,-0.0839603],[-78.2611633,-0.0839827],[-78.2612003,-0.0840169],[-78.2612826,-0.0842139],[-78.2613271,-0.0842524],[-78.2615376,-0.0842164],[-78.261777,-0.0840623],[-78.2618127,-0.0840848],[-78.2620167,-0.0843252],[-78.2623249,-0.0844794],[-78.2624542,-0.0844755],[-78.2627299,-0.0843231],[-78.2630456,-0.0844377]]],[[[-78.2629891,-0.0681398],[-78.2628563,-0.0681437],[-78.2634303,-0.0706854],[-78.2634734,-0.0706722],[-78.2637164,-0.0706319],[-78.2632376,-0.0681136],[-78.2629891,-0.0681398]]],[[[-78.2625562,-0.0695852],[-78.2626126,-0.0702829],[-78.2629068,-0.0700054],[-78.262905,-0.0698031],[-78.2625788,-0.0681959],[-78.2623866,-0.068211],[-78.2623922,-0.0682468],[-78.2622002,-0.0682548],[-78.2625562,-0.0695852]]],[[[-78.2629514,-0.0681376],[-78.2632589,-0.068108],[-78.2633375,-0.0680615],[-78.2636839,-0.0679896],[-78.2636904,-0.0676969],[-78.2635372,-0.0677864],[-78.262957,-0.0680042],[-78.2629514,-0.0681376]]],[[[-78.2620616,-0.0681142],[-78.2621502,-0.0681422],[-78.2623145,-0.068084],[-78.2623125,-0.0677039],[-78.2625367,-0.0676351],[-78.2625177,-0.0673594],[-78.2622867,-0.0673533],[-78.262279,-0.066296],[-78.2618092,-0.0664253],[-78.2618863,-0.0673208],[-78.2619842,-0.067484],[-78.2620594,-0.0674845],[-78.2621651,-0.0677393],[-78.2620616,-0.0681142]]],[[[-78.2618462,-0.0682434],[-78.2616598,-0.0676171],[-78.2615256,-0.0674886],[-78.2612624,-0.067478],[-78.2610307,-0.0674158],[-78.2612527,-0.0677458],[-78.261243,-0.0678138],[-78.2611094,-0.0679673],[-78.2612247,-0.0682808],[-78.2614333,-0.0681902],[-78.2616736,-0.0681861],[-78.2617394,-0.0682394],[-78.2618462,-0.0682434]]],[[[-78.2615021,-0.0674408],[-78.2616739,-0.0675906],[-78.2612731,-0.0664476],[-78.2616025,-0.066428],[-78.2615786,-0.0662061],[-78.2614699,-0.0661814],[-78.2613217,-0.0660936],[-78.2610797,-0.0658729],[-78.2610588,-0.0658108],[-78.2613494,-0.0660795],[-78.2615716,-0.0661722],[-78.2615357,-0.0648872],[-78.2611091,-0.0653181],[-78.2608601,-0.0655481],[-78.2608304,-0.0655576],[-78.2608055,-0.0656135],[-78.2606659,-0.0655857],[-78.2605717,-0.0656471],[-78.2605316,-0.065599],[-78.2603058,-0.0657843],[-78.261091,-0.0679176],[-78.2611888,-0.0677942],[-78.2611966,-0.0677368],[-78.2609813,-0.0673727],[-78.2615021,-0.0674408]]],[[[-78.2619216,-0.046035],[-78.2613184,-0.0447538],[-78.2608492,-0.0449446],[-78.2614569,-0.046217],[-78.2615224,-0.0461525],[-78.2617335,-0.0460573],[-78.2619216,-0.046035]]],[[[-78.2625909,-0.0443936],[-78.2620243,-0.0444932],[-78.2625616,-0.0457649],[-78.2630447,-0.0455513],[-78.2625909,-0.0443936]]],[[[-78.2623032,-0.0441172],[-78.2622408,-0.0441244],[-78.2622576,-0.0443595],[-78.2623196,-0.0443423],[-78.2623032,-0.0441172]]],[[[-78.2612361,-0.043131],[-78.2613002,-0.043262],[-78.2614133,-0.0431801],[-78.2613678,-0.0430833],[-78.2612361,-0.043131]]],[[[-78.2616313,-0.0430027],[-78.2615057,-0.0430308],[-78.2615319,-0.043091],[-78.2616313,-0.0430027]]],[[[-78.2616626,-0.0429737],[-78.2614047,-0.0423787],[-78.2612364,-0.0420389],[-78.2611197,-0.0421408],[-78.2614988,-0.0430148],[-78.2616626,-0.0429737]]],[[[-78.262595,-0.0404134],[-78.262467,-0.0406282],[-78.2624166,-0.0407887],[-78.2623782,-0.0408821],[-78.2623504,-0.0409117],[-78.2622921,-0.0409401],[-78.2622348,-0.0410868],[-78.2621794,-0.0411856],[-78.2619364,-0.0414497],[-78.2618711,-0.0416588],[-78.2620973,-0.0419979],[-78.2622022,-0.0423657],[-78.2623414,-0.0426659],[-78.2624595,-0.04258],[-78.2625614,-0.0424539],[-78.2631413,-0.0415129],[-78.262595,-0.0404134]]],[[[-78.2624468,-0.0406775],[-78.2611226,-0.0404638],[-78.2609725,-0.0407338],[-78.2622332,-0.0410761],[-78.2622887,-0.0409369],[-78.2623744,-0.0408796],[-78.2624468,-0.0406775]]],[[[-78.2621504,-0.0398891],[-78.2614427,-0.0398573],[-78.2613586,-0.0399036],[-78.2612529,-0.0399915],[-78.261231,-0.0400656],[-78.2618242,-0.0400288],[-78.2619571,-0.040054],[-78.2624899,-0.0403417],[-78.2625463,-0.0403417],[-78.2626322,-0.0402863],[-78.2627375,-0.0401527],[-78.2621504,-0.0398891]]],[[[-78.263734,-0.0386779],[-78.2627712,-0.038513],[-78.2623401,-0.0384816],[-78.2623236,-0.0387625],[-78.2635978,-0.0389069],[-78.263735,-0.0387913],[-78.2637539,-0.0387074],[-78.263734,-0.0386779]]],[[[-78.2614222,-0.0385844],[-78.2622488,-0.0387592],[-78.2622649,-0.0386749],[-78.2622353,-0.0384726],[-78.2615646,-0.0383582],[-78.2614222,-0.0385844]]],[[[-78.2638683,-0.0385482],[-78.2634548,-0.0379553],[-78.26333,-0.0379732],[-78.2628514,-0.0379431],[-78.2625616,-0.037833],[-78.262335,-0.0381042],[-78.2622968,-0.0382479],[-78.2638683,-0.0385482]]],[[[-78.262442,-0.0378013],[-78.2619738,-0.0376562],[-78.2616898,-0.0381313],[-78.2621911,-0.0382272],[-78.262244,-0.0380451],[-78.262442,-0.0378013]]],[[[-78.261389,-0.0367998],[-78.2611268,-0.037313],[-78.2612413,-0.0373783],[-78.2617004,-0.036868],[-78.2618927,-0.0364574],[-78.2614199,-0.0364769],[-78.261389,-0.0367998]]],[[[-78.2617982,-0.0357406],[-78.2619459,-0.0362978],[-78.2627661,-0.0359438],[-78.2627356,-0.0353591],[-78.2630863,-0.0353084],[-78.2630108,-0.0348482],[-78.2617547,-0.0353599],[-78.2617982,-0.0357406]]],[[[-78.2622923,-0.0314267],[-78.2619573,-0.0308665],[-78.2617205,-0.0303173],[-78.2615033,-0.0307476],[-78.2617819,-0.0308963],[-78.2615914,-0.0312579],[-78.2615116,-0.0310657],[-78.261377,-0.030987],[-78.2613908,-0.031007],[-78.2609225,-0.0319611],[-78.2619735,-0.0324347],[-78.2623343,-0.0316435],[-78.2622923,-0.0314267]]],[[[-78.2627856,-0.0308459],[-78.2629886,-0.0312102],[-78.2635167,-0.030957],[-78.2633355,-0.0305988],[-78.2627856,-0.0308459]]],[[[-78.2612681,-0.0309692],[-78.2613103,-0.0309737],[-78.2613929,-0.0308399],[-78.261893,-0.0297237],[-78.26211,-0.029313],[-78.2620364,-0.0292507],[-78.2618037,-0.0292214],[-78.2616134,-0.0292698],[-78.261408,-0.0294319],[-78.2614793,-0.0294965],[-78.2610695,-0.0298523],[-78.2611949,-0.0306887],[-78.2612681,-0.0309692]]],[[[-78.2620554,-0.0310079],[-78.262305,-0.0314356],[-78.2621582,-0.0308545],[-78.2620923,-0.0304369],[-78.2620938,-0.0302104],[-78.2622079,-0.0298612],[-78.2620199,-0.0296304],[-78.2617257,-0.0303106],[-78.2620554,-0.0310079]]],[[[-78.2625543,-0.0298808],[-78.2624494,-0.0299336],[-78.2624885,-0.0301703],[-78.2625414,-0.0303561],[-78.2627643,-0.0307766],[-78.2633023,-0.0305643],[-78.2630059,-0.0301549],[-78.2625543,-0.0298808]]],[[[-78.2625052,-0.0208234],[-78.2623926,-0.0207436],[-78.2624715,-0.020651],[-78.2625039,-0.020526],[-78.2625996,-0.0205511],[-78.262637,-0.0202753],[-78.2623379,-0.0201174],[-78.2624084,-0.020501],[-78.2619643,-0.0205073],[-78.2615515,-0.0210428],[-78.261519,-0.0210449],[-78.2615162,-0.0210834],[-78.262221,-0.0212126],[-78.2625052,-0.0208234]]],[[[-78.2628886,-0.0202682],[-78.2628597,-0.0202425],[-78.2623292,-0.0197697],[-78.2623067,-0.0198949],[-78.2628552,-0.0203218],[-78.2628886,-0.0202682]]],[[[-78.2622502,-0.0199307],[-78.2622507,-0.0196049],[-78.2613906,-0.0197225],[-78.2615033,-0.020159],[-78.2622836,-0.0200606],[-78.2622502,-0.0199307]]],[[[-78.2630956,-0.0195273],[-78.2637593,-0.019644],[-78.2631954,-0.0193128],[-78.2630956,-0.0195273]]],[[[-78.2623534,-0.0196348],[-78.262446,-0.0195182],[-78.2627604,-0.0195194],[-78.2626352,-0.0192443],[-78.2624877,-0.019314],[-78.2624328,-0.0192053],[-78.2621226,-0.0193957],[-78.2623534,-0.0196348]]],[[[-78.2611196,-0.0169825],[-78.2610651,-0.0168338],[-78.261608,-0.0168246],[-78.2615325,-0.0165716],[-78.2609701,-0.0165751],[-78.260903,-0.0163922],[-78.2603468,-0.0162801],[-78.2610041,-0.0180234],[-78.2604481,-0.0179742],[-78.2604825,-0.0180672],[-78.2605295,-0.0180751],[-78.2606304,-0.0182889],[-78.2607842,-0.0181661],[-78.2608721,-0.0182848],[-78.2610569,-0.0181655],[-78.2612981,-0.0186907],[-78.2613805,-0.0185829],[-78.2616456,-0.0184058],[-78.2615608,-0.0181844],[-78.2620294,-0.0181153],[-78.2620802,-0.0182637],[-78.2622209,-0.0182491],[-78.2626815,-0.0174941],[-78.2621778,-0.0174984],[-78.2621689,-0.0178544],[-78.2619306,-0.0178288],[-78.261646,-0.0169543],[-78.2611196,-0.0169825]]],[[[-78.2623942,-0.016299],[-78.2623954,-0.0170431],[-78.2627649,-0.0170426],[-78.2627632,-0.0162927],[-78.2623942,-0.016299]]],[[[-78.2608273,-0.0683851],[-78.2610691,-0.0686811],[-78.2611028,-0.0687232],[-78.2610236,-0.0683886],[-78.2608273,-0.0683851]]],[[[-78.2624861,-0.0598972],[-78.2623761,-0.0597457],[-78.2624592,-0.0597142],[-78.2623979,-0.0595767],[-78.2615839,-0.0597291],[-78.2609328,-0.0598094],[-78.2608889,-0.0590693],[-78.26098,-0.0582091],[-78.2609407,-0.0579083],[-78.2607363,-0.057386],[-78.2607364,-0.0571169],[-78.2611373,-0.0570536],[-78.2618212,-0.0570694],[-78.2627757,-0.0574403],[-78.2632469,-0.0573706],[-78.2629964,-0.0565487],[-78.2628834,-0.0556062],[-78.2627588,-0.0551698],[-78.2626266,-0.0543323],[-78.2624875,-0.0539674],[-78.2624751,-0.053603],[-78.262213,-0.053696],[-78.2619115,-0.0538511],[-78.261526,-0.0541583],[-78.2614847,-0.0541701],[-78.2613376,-0.0541015],[-78.2612739,-0.0541568],[-78.261002,-0.0542594],[-78.2606747,-0.0543063],[-78.2605546,-0.0544754],[-78.260429,-0.0545226],[-78.2601584,-0.0545125],[-78.2600236,-0.0544504],[-78.2597213,-0.0544721],[-78.2595041,-0.0543967],[-78.2593809,-0.0544551],[-78.2590201,-0.0544878],[-78.2588615,-0.0545664],[-78.2587563,-0.054692],[-78.2585993,-0.0547932],[-78.2585385,-0.0549341],[-78.2584116,-0.055009],[-78.2582581,-0.0550446],[-78.2582112,-0.0552812],[-78.2580022,-0.055567],[-78.2579347,-0.0557118],[-78.2579197,-0.0558568],[-78.2576992,-0.0562597],[-78.2576042,-0.0565294],[-78.2574883,-0.0566318],[-78.2572629,-0.0567472],[-78.2571584,-0.0569307],[-78.2569452,-0.0571336],[-78.2566687,-0.0572368],[-78.2564135,-0.057501],[-78.2560298,-0.0579757],[-78.2557709,-0.0581964],[-78.2556307,-0.0582479],[-78.2553481,-0.0582897],[-78.2542134,-0.0588923],[-78.2540342,-0.0591668],[-78.2538686,-0.0593532],[-78.2537535,-0.059555],[-78.2531354,-0.0600586],[-78.2530585,-0.0600875],[-78.2528746,-0.0600267],[-78.2526884,-0.0600848],[-78.2523513,-0.060018],[-78.2520569,-0.0602711],[-78.2516644,-0.0603726],[-78.251423,-0.0605247],[-78.2509854,-0.0604861],[-78.2510596,-0.0622204],[-78.2511264,-0.0621166],[-78.251145,-0.0621957],[-78.2511066,-0.062252],[-78.2509948,-0.0623148],[-78.2507279,-0.062345],[-78.2503747,-0.0622824],[-78.2502044,-0.0623076],[-78.2500153,-0.0624114],[-78.2495426,-0.0627685],[-78.2484708,-0.0634159],[-78.2490516,-0.0641798],[-78.2490766,-0.0642619],[-78.2489357,-0.0646834],[-78.2485046,-0.0656104],[-78.2486213,-0.065569],[-78.2489704,-0.0653488],[-78.2492344,-0.0652558],[-78.2493511,-0.0652319],[-78.2497047,-0.0652122],[-78.2499829,-0.0650028],[-78.2500573,-0.0649628],[-78.2502247,-0.0648835],[-78.2505143,-0.0648178],[-78.2507075,-0.0646103],[-78.2510993,-0.0644434],[-78.2514223,-0.0641518],[-78.2517964,-0.0640751],[-78.251966,-0.0639643],[-78.2520348,-0.0639473],[-78.2523082,-0.0639511],[-78.2524589,-0.0639122],[-78.2526335,-0.0637597],[-78.2528268,-0.0636849],[-78.2529325,-0.063584],[-78.2531851,-0.0635191],[-78.2534496,-0.0633629],[-78.2535814,-0.0633302],[-78.2538715,-0.0631889],[-78.2540579,-0.0631435],[-78.2543006,-0.0630214],[-78.2544405,-0.0629683],[-78.2544692,-0.0629646],[-78.2547718,-0.0629659],[-78.2549907,-0.0628199],[-78.2550766,-0.0628046],[-78.2558809,-0.0627583],[-78.2561237,-0.0627534],[-78.2562628,-0.0627847],[-78.2564321,-0.0627815],[-78.2565128,-0.0628009],[-78.25667,-0.0628505],[-78.2567835,-0.0629353],[-78.2573172,-0.0631037],[-78.2576853,-0.0631519],[-78.2582097,-0.0634238],[-78.2585068,-0.063393],[-78.2587001,-0.0635049],[-78.2589001,-0.0634205],[-78.2590933,-0.0633511],[-78.2593358,-0.0633513],[-78.2599077,-0.0631902],[-78.2605678,-0.0631392],[-78.2606326,-0.0631618],[-78.2610064,-0.0634179],[-78.2611253,-0.0634482],[-78.2612834,-0.0635399],[-78.2614837,-0.0639008],[-78.2616635,-0.0641058],[-78.2618224,-0.0641745],[-78.2622323,-0.064472],[-78.2625359,-0.0645748],[-78.2626364,-0.0646414],[-78.2626467,-0.064672],[-78.2641058,-0.0646002],[-78.2642064,-0.0646455],[-78.2644439,-0.0648781],[-78.2644898,-0.0650238],[-78.2645284,-0.0650446],[-78.2655414,-0.0648671],[-78.2650297,-0.0635846],[-78.2649086,-0.0626306],[-78.2649964,-0.0612344],[-78.2651146,-0.0609577],[-78.2652331,-0.0605909],[-78.2653506,-0.0603055],[-78.265358,-0.0600412],[-78.2653006,-0.0597167],[-78.265273,-0.0594412],[-78.2651069,-0.0595127],[-78.2645123,-0.0596283],[-78.2642475,-0.0597554],[-78.263374,-0.0599081],[-78.2628775,-0.0599526],[-78.2624861,-0.0598972]]],[[[-78.2581508,-0.0462079],[-78.2582708,-0.0474101],[-78.258366,-0.0474627],[-78.2587263,-0.0474756],[-78.2584101,-0.0461255],[-78.2581508,-0.0462079]]],[[[-78.2589789,-0.0474188],[-78.2593415,-0.0471561],[-78.2589136,-0.0459152],[-78.2585086,-0.0460942],[-78.2588359,-0.0474595],[-78.2589789,-0.0474188]]],[[[-78.2604671,-0.0470589],[-78.2605935,-0.0470954],[-78.2606679,-0.0470636],[-78.2608169,-0.047066],[-78.2609207,-0.0469101],[-78.2601277,-0.0454664],[-78.2596828,-0.045691],[-78.2590799,-0.0458427],[-78.2595865,-0.0469941],[-78.2601334,-0.047143],[-78.2602657,-0.0471473],[-78.2604671,-0.0470589]]],[[[-78.2613077,-0.0464035],[-78.2606228,-0.0450954],[-78.2602937,-0.0453421],[-78.2610519,-0.0467116],[-78.2613077,-0.0464035]]],[[[-78.2582317,-0.0454631],[-78.2580725,-0.0456098],[-78.2583161,-0.0458126],[-78.2584225,-0.0460063],[-78.2586542,-0.0459027],[-78.258577,-0.0457078],[-78.2582317,-0.0454631]]],[[[-78.2590402,-0.0457914],[-78.2596198,-0.0456489],[-78.2600524,-0.0454454],[-78.2602159,-0.0453266],[-78.2598104,-0.044968],[-78.2592069,-0.0445775],[-78.2589087,-0.0446253],[-78.2584391,-0.0446309],[-78.2581498,-0.0444758],[-78.2580598,-0.0444719],[-78.2577592,-0.0445859],[-78.2584742,-0.0452396],[-78.2583982,-0.0453096],[-78.2587878,-0.0456395],[-78.2588961,-0.0457852],[-78.2590036,-0.0457405],[-78.2590402,-0.0457914]]],[[[-78.2611241,-0.0447722],[-78.2605663,-0.0441955],[-78.2604542,-0.0442992],[-78.2601106,-0.0444477],[-78.2596957,-0.0444951],[-78.2604988,-0.0451074],[-78.2608277,-0.0448892],[-78.2611241,-0.0447722]]],[[[-78.2588162,-0.0445833],[-78.2601268,-0.0443928],[-78.2604974,-0.044219],[-78.2601086,-0.0434456],[-78.2599917,-0.043427],[-78.2592576,-0.0431561],[-78.2592104,-0.043106],[-78.2588995,-0.0432133],[-78.2586328,-0.04342],[-78.2584659,-0.0435934],[-78.2584448,-0.0435446],[-78.2583039,-0.0436136],[-78.2588162,-0.0445833]]],[[[-78.2611141,-0.0431986],[-78.2609865,-0.0432883],[-78.2610809,-0.0434791],[-78.2612,-0.0433402],[-78.2611141,-0.0431986]]],[[[-78.2600788,-0.0434054],[-78.2599204,-0.0430029],[-78.259635,-0.0430268],[-78.2593391,-0.0430905],[-78.2592913,-0.0431253],[-78.2600788,-0.0434054]]],[[[-78.261078,-0.0431834],[-78.2607221,-0.0424266],[-78.2606146,-0.0425155],[-78.2609636,-0.0432631],[-78.261078,-0.0431834]]],[[[-78.2599789,-0.0423002],[-78.260036,-0.0419832],[-78.2601185,-0.0418242],[-78.2600328,-0.0416777],[-78.2597738,-0.0419889],[-78.2596866,-0.0420536],[-78.2598367,-0.0424288],[-78.2599789,-0.0423002]]],[[[-78.2599257,-0.0410174],[-78.2597533,-0.0412001],[-78.2600013,-0.0416238],[-78.2603174,-0.0413628],[-78.2599257,-0.0410174]]],[[[-78.2603981,-0.040347],[-78.2602804,-0.0405458],[-78.2608929,-0.0407121],[-78.2610406,-0.0404506],[-78.2603981,-0.040347]]],[[[-78.261278,-0.039845],[-78.2606762,-0.039777],[-78.260569,-0.0400472],[-78.2611244,-0.0400833],[-78.2611613,-0.039951],[-78.261278,-0.039845]]],[[[-78.2583822,-0.0398137],[-78.2582235,-0.0402418],[-78.2588257,-0.04033],[-78.2591138,-0.0403393],[-78.2592931,-0.0396333],[-78.2594733,-0.0391557],[-78.2588672,-0.0388958],[-78.2587755,-0.0391347],[-78.2583822,-0.0398137]]],[[[-78.2600091,-0.0372353],[-78.2599691,-0.0369108],[-78.2590845,-0.0375607],[-78.2591151,-0.0376958],[-78.2591079,-0.0378883],[-78.2589715,-0.0384834],[-78.259615,-0.0387799],[-78.2599891,-0.0377867],[-78.2600091,-0.0372353]]],[[[-78.2610027,-0.0367417],[-78.2608346,-0.0370208],[-78.2606779,-0.0361315],[-78.2605916,-0.0363887],[-78.2606075,-0.0372768],[-78.2607714,-0.0371102],[-78.2610799,-0.0372862],[-78.2613362,-0.0367867],[-78.2613658,-0.0364792],[-78.2610994,-0.0364902],[-78.2610027,-0.0367417]]],[[[-78.2594359,-0.0333073],[-78.2597335,-0.0329406],[-78.2605047,-0.0323464],[-78.2607239,-0.032093],[-78.2592919,-0.0319387],[-78.2591658,-0.0321541],[-78.2590763,-0.0324811],[-78.2589636,-0.0326087],[-78.2589328,-0.0327541],[-78.2587548,-0.0331061],[-78.2587275,-0.0332371],[-78.2587478,-0.0334051],[-78.2586788,-0.0335301],[-78.2587268,-0.0337921],[-78.2586938,-0.0340301],[-78.2590624,-0.0340456],[-78.2591155,-0.0338634],[-78.2594359,-0.0333073]]],[[[-78.2606317,-0.0332082],[-78.2615221,-0.0333837],[-78.2617289,-0.0329645],[-78.2604927,-0.0324738],[-78.2599355,-0.0328824],[-78.2597065,-0.0331058],[-78.2606317,-0.0332082]]],[[[-78.2576105,-0.0318797],[-78.2575108,-0.0324162],[-78.2574648,-0.0328634],[-78.2579486,-0.033101],[-78.2581862,-0.032367],[-78.258335,-0.0326226],[-78.2584269,-0.0328602],[-78.2585233,-0.0331484],[-78.2586232,-0.033663],[-78.2586766,-0.0330907],[-78.2587961,-0.0328261],[-78.2588062,-0.0326806],[-78.2589649,-0.0324494],[-78.2590195,-0.0322768],[-78.2591794,-0.0320108],[-78.2592055,-0.0318105],[-78.2592842,-0.0316334],[-78.2596095,-0.0313188],[-78.2598111,-0.0310075],[-78.2598976,-0.0307968],[-78.2596841,-0.0306945],[-78.2595747,-0.0305676],[-78.2594689,-0.0304042],[-78.259323,-0.0300041],[-78.2593033,-0.0300836],[-78.2588874,-0.0303188],[-78.2588689,-0.0308238],[-78.2587235,-0.0314177],[-78.2587677,-0.0316243],[-78.2587349,-0.0318883],[-78.2585681,-0.0327892],[-78.258524,-0.0327878],[-78.2581079,-0.0321479],[-78.2577174,-0.0318725],[-78.2576105,-0.0318797]]],[[[-78.2604528,-0.0310201],[-78.2608478,-0.0306901],[-78.2611321,-0.0307207],[-78.2610136,-0.0300003],[-78.2609572,-0.0299505],[-78.2607317,-0.0301438],[-78.2609209,-0.0302791],[-78.2608382,-0.0303724],[-78.2606531,-0.0302421],[-78.2604646,-0.0306087],[-78.2603512,-0.0307277],[-78.2601988,-0.0308146],[-78.260018,-0.030836],[-78.2598942,-0.0309847],[-78.2598923,-0.031077],[-78.259764,-0.03122],[-78.2597658,-0.0312851],[-78.259625,-0.031414],[-78.2610173,-0.031564],[-78.2611507,-0.0312794],[-78.2602248,-0.03112],[-78.2604528,-0.0310201]]],[[[-78.2588319,-0.0305273],[-78.2587339,-0.0303359],[-78.2585095,-0.0301055],[-78.2579474,-0.0309499],[-78.2583745,-0.0314174],[-78.258802,-0.030932],[-78.2588319,-0.0305273]]],[[[-78.2599827,-0.030396],[-78.2600251,-0.0300084],[-78.2599428,-0.029856],[-78.2599392,-0.0297081],[-78.2595585,-0.0295931],[-78.2597007,-0.0291468],[-78.2599604,-0.0292252],[-78.2600838,-0.0288825],[-78.2599144,-0.028718],[-78.2600744,-0.0283348],[-78.2600097,-0.0282475],[-78.2597909,-0.0284823],[-78.2597514,-0.0280117],[-78.2597803,-0.0279638],[-78.2598485,-0.0280303],[-78.2598169,-0.0278059],[-78.2591899,-0.0272324],[-78.2588671,-0.028999],[-78.2589817,-0.0290916],[-78.2591026,-0.0292744],[-78.2594764,-0.0302911],[-78.2594838,-0.0302651],[-78.2596423,-0.0305757],[-78.2597146,-0.0306596],[-78.2598466,-0.030735],[-78.2599827,-0.030396]]],[[[-78.2585422,-0.0300599],[-78.2588391,-0.0304188],[-78.2588133,-0.0298058],[-78.2585422,-0.0300599]]],[[[-78.2609683,-0.0280499],[-78.2602998,-0.0281211],[-78.2603319,-0.0286588],[-78.2602709,-0.0286707],[-78.2602324,-0.0287986],[-78.2609564,-0.0288893],[-78.2609683,-0.0280499]]],[[[-78.2609622,-0.0277719],[-78.2609573,-0.0275793],[-78.2606851,-0.0276698],[-78.2606059,-0.0278279],[-78.2609622,-0.0277719]]],[[[-78.2613981,-0.0199841],[-78.2612131,-0.0194266],[-78.2601891,-0.0193121],[-78.260321,-0.0198004],[-78.2605614,-0.020379],[-78.2606366,-0.0207045],[-78.2608133,-0.0206146],[-78.2609976,-0.020628],[-78.2611458,-0.0205534],[-78.2611718,-0.0205829],[-78.2614821,-0.0205849],[-78.2613981,-0.0199841]]],[[[-78.2605235,-0.0203813],[-78.2602923,-0.0198402],[-78.2601635,-0.0193892],[-78.260309,-0.0184128],[-78.2599539,-0.0183202],[-78.2599901,-0.0178141],[-78.2594654,-0.0169102],[-78.2601096,-0.0170224],[-78.2598541,-0.016109],[-78.2594507,-0.0159474],[-78.2592201,-0.0159332],[-78.2590968,-0.0159588],[-78.2588442,-0.016088],[-78.2587856,-0.0162261],[-78.258755,-0.0165736],[-78.2588701,-0.0175034],[-78.2588425,-0.0177622],[-78.2586594,-0.0183111],[-78.2586736,-0.0184008],[-78.2590366,-0.0191602],[-78.2591103,-0.0191703],[-78.259285,-0.019521],[-78.2592455,-0.0195166],[-78.2594958,-0.0201899],[-78.2595029,-0.020495],[-78.2601835,-0.0205318],[-78.2603451,-0.0205138],[-78.2604129,-0.0205283],[-78.2605753,-0.0206648],[-78.2605235,-0.0203813]]],[[[-78.2569797,-0.0509132],[-78.2572355,-0.0505965],[-78.2570298,-0.0503825],[-78.2566264,-0.0506018],[-78.2566392,-0.0506638],[-78.2565187,-0.0508877],[-78.2562072,-0.0513309],[-78.2564051,-0.0512928],[-78.2566146,-0.0510279],[-78.2568377,-0.0508189],[-78.2569797,-0.0509132]]],[[[-78.2573386,-0.0497963],[-78.2568807,-0.0498873],[-78.2568496,-0.0498879],[-78.2570862,-0.0503509],[-78.2577488,-0.0500752],[-78.257638,-0.049725],[-78.2573386,-0.0497963]]],[[[-78.2603128,-0.0485813],[-78.2604604,-0.0485086],[-78.2604781,-0.0484262],[-78.260452,-0.0477499],[-78.2601138,-0.0477162],[-78.2594428,-0.0479584],[-78.2581056,-0.0485443],[-78.2578706,-0.0486117],[-78.2569586,-0.0487687],[-78.2569632,-0.0489438],[-78.2568696,-0.0491381],[-78.2565215,-0.0494438],[-78.256121,-0.0496757],[-78.2559158,-0.0499592],[-78.2560316,-0.0499335],[-78.2561496,-0.0499138],[-78.2564375,-0.0498927],[-78.2568804,-0.0498851],[-78.2581177,-0.0496214],[-78.2584447,-0.0496265],[-78.2585586,-0.0495587],[-78.2586461,-0.0494173],[-78.2585715,-0.0491612],[-78.2586292,-0.0490384],[-78.2590369,-0.0488591],[-78.2593723,-0.0486572],[-78.2595585,-0.0486232],[-78.2600544,-0.0486378],[-78.2603128,-0.0485813]]],[[[-78.2563718,-0.048198],[-78.256057,-0.0480557],[-78.2558709,-0.0490407],[-78.2568847,-0.0487679],[-78.2568292,-0.048693],[-78.2564915,-0.048452],[-78.2563718,-0.048198]]],[[[-78.2567411,-0.0476248],[-78.2564671,-0.0476866],[-78.2560809,-0.047664],[-78.2558369,-0.0477892],[-78.2556619,-0.0477601],[-78.2555589,-0.047796],[-78.2557862,-0.0479007],[-78.256363,-0.0480872],[-78.2565511,-0.0484315],[-78.2568987,-0.0486438],[-78.2569383,-0.048717],[-78.2575118,-0.0486238],[-78.2571402,-0.0474937],[-78.2569159,-0.047522],[-78.2567411,-0.0476248]]],[[[-78.2579138,-0.0472624],[-78.2580733,-0.0472957],[-78.2580508,-0.0462248],[-78.2579605,-0.04624],[-78.2579138,-0.0472624]]],[[[-78.2577005,-0.0472208],[-78.2577326,-0.0470045],[-78.2578427,-0.0462599],[-78.2578003,-0.0462671],[-78.2575988,-0.0471767],[-78.2577005,-0.0472208]]],[[[-78.2570854,-0.0471342],[-78.2575387,-0.0471618],[-78.2577243,-0.0462804],[-78.2573771,-0.0463144],[-78.2573559,-0.0464496],[-78.257073,-0.0470984],[-78.2570854,-0.0471342]]],[[[-78.2559793,-0.0470608],[-78.2567025,-0.0471133],[-78.2568018,-0.0470416],[-78.2570989,-0.0463082],[-78.2567127,-0.0463141],[-78.256227,-0.0464143],[-78.2561764,-0.0465996],[-78.256031,-0.0467718],[-78.2558108,-0.0471425],[-78.2559793,-0.0470608]]],[[[-78.2566583,-0.0462573],[-78.2574289,-0.04624],[-78.2574594,-0.0462144],[-78.2572926,-0.0460068],[-78.257099,-0.0458347],[-78.2569687,-0.0458105],[-78.2567535,-0.0458466],[-78.2565248,-0.045784],[-78.2566583,-0.0462573]]],[[[-78.2565136,-0.0462691],[-78.2564008,-0.0457232],[-78.2563324,-0.045666],[-78.2562522,-0.0458659],[-78.2563646,-0.0462962],[-78.2565136,-0.0462691]]],[[[-78.2565945,-0.0457045],[-78.2568005,-0.0457317],[-78.2564427,-0.0454857],[-78.2563912,-0.0455327],[-78.2564108,-0.0455742],[-78.2565945,-0.0457045]]],[[[-78.2567621,-0.0451184],[-78.2566611,-0.0452624],[-78.2565261,-0.0453711],[-78.2569551,-0.0457391],[-78.2570877,-0.0457301],[-78.2571883,-0.045792],[-78.257564,-0.0462028],[-78.2576251,-0.0462195],[-78.2579699,-0.0461729],[-78.2583516,-0.0460856],[-78.2573319,-0.0449661],[-78.2570956,-0.0451096],[-78.2569345,-0.0451498],[-78.2567621,-0.0451184]]],[[[-78.2576652,-0.043908],[-78.2574829,-0.0440471],[-78.257696,-0.0445718],[-78.2579191,-0.0444509],[-78.2576652,-0.043908]]],[[[-78.2583301,-0.041181],[-78.2584191,-0.0410812],[-78.2571906,-0.0405338],[-78.2571078,-0.0406943],[-78.2570067,-0.040779],[-78.2564855,-0.0410443],[-78.2576017,-0.0416727],[-78.2579584,-0.0414023],[-78.2583301,-0.041181]]],[[[-78.2563941,-0.039808],[-78.2565889,-0.0397044],[-78.2560433,-0.0394519],[-78.2558952,-0.0395975],[-78.2559456,-0.0396522],[-78.2560064,-0.0396523],[-78.2562643,-0.0399431],[-78.2563941,-0.039808]]],[[[-78.257336,-0.0394182],[-78.2570529,-0.0395227],[-78.2570414,-0.0395596],[-78.2581093,-0.0401976],[-78.2581421,-0.0401924],[-78.2583862,-0.0396052],[-78.2576689,-0.0390897],[-78.257336,-0.0394182]]],[[[-78.2559927,-0.0390841],[-78.2556691,-0.0388219],[-78.2555649,-0.0389085],[-78.2560884,-0.0393312],[-78.256213,-0.0393156],[-78.2566436,-0.039414],[-78.2568503,-0.039552],[-78.2573315,-0.0393396],[-78.2572853,-0.0386717],[-78.2568254,-0.0389118],[-78.2568206,-0.0384452],[-78.2566422,-0.0385676],[-78.2561904,-0.0386451],[-78.2558126,-0.0387542],[-78.2560905,-0.0390275],[-78.2559927,-0.0390841]]],[[[-78.2565801,-0.0383436],[-78.256737,-0.0384411],[-78.2568655,-0.0382963],[-78.2570212,-0.0380626],[-78.2563097,-0.0376941],[-78.2562405,-0.037827],[-78.2559505,-0.0381739],[-78.2563,-0.0385318],[-78.2565583,-0.0384904],[-78.256501,-0.0383984],[-78.2565801,-0.0383436]]],[[[-78.2572008,-0.0378898],[-78.2569693,-0.0382498],[-78.2570531,-0.0383718],[-78.2572615,-0.0381384],[-78.2572636,-0.0379035],[-78.2572008,-0.0378898]]],[[[-78.2587387,-0.0373981],[-78.2585195,-0.037377],[-78.2579632,-0.0374209],[-78.2575997,-0.0375085],[-78.2574272,-0.0375999],[-78.2573397,-0.0377022],[-78.2573236,-0.0377755],[-78.2573396,-0.0386842],[-78.2573662,-0.0387022],[-78.2578186,-0.0379209],[-78.2583653,-0.0382835],[-78.2584409,-0.038222],[-78.2585815,-0.0380565],[-78.2588021,-0.0376396],[-78.2589147,-0.0375047],[-78.2587387,-0.0373981]]],[[[-78.2572581,-0.0377122],[-78.2574691,-0.0374712],[-78.2575983,-0.0374169],[-78.2583307,-0.0373047],[-78.2587044,-0.0352614],[-78.2582621,-0.035612],[-78.2580793,-0.0356978],[-78.2579461,-0.0356996],[-78.2576838,-0.0364002],[-78.2575883,-0.0364025],[-78.2572168,-0.0366043],[-78.2569044,-0.0360312],[-78.2566673,-0.0363179],[-78.2566069,-0.0370639],[-78.2567669,-0.0368976],[-78.2568084,-0.0369252],[-78.2567351,-0.0369631],[-78.2566044,-0.037108],[-78.2565905,-0.0372104],[-78.2565153,-0.037336],[-78.2570926,-0.0375324],[-78.2572447,-0.0376417],[-78.2572581,-0.0377122]]],[[[-78.256371,-0.0373986],[-78.2564762,-0.0372317],[-78.2560792,-0.036852],[-78.2565697,-0.0362784],[-78.2562102,-0.036294],[-78.256243,-0.0362502],[-78.2563068,-0.036239],[-78.2561535,-0.0354813],[-78.2561406,-0.0352444],[-78.2562361,-0.0345387],[-78.255838,-0.0347873],[-78.2556857,-0.0349568],[-78.2555981,-0.0352444],[-78.2555402,-0.0354908],[-78.25554,-0.0356458],[-78.255595,-0.0358545],[-78.2557891,-0.0362949],[-78.2556637,-0.036304],[-78.2554919,-0.0363762],[-78.2548849,-0.0368804],[-78.2549293,-0.0370594],[-78.2550098,-0.0371986],[-78.2553966,-0.0369157],[-78.2554909,-0.0369457],[-78.2554713,-0.0370385],[-78.2553521,-0.0370521],[-78.2550417,-0.0372835],[-78.2551352,-0.0375575],[-78.255484,-0.0380208],[-78.2559088,-0.0375833],[-78.2561602,-0.0377886],[-78.2562696,-0.0376077],[-78.2560223,-0.037417],[-78.2561392,-0.0372339],[-78.256371,-0.0373986]]],[[[-78.257053,-0.0357953],[-78.2574537,-0.0356302],[-78.2575499,-0.0347411],[-78.2571578,-0.0349569],[-78.257053,-0.0357953]]],[[[-78.2568294,-0.0342614],[-78.2571463,-0.0342001],[-78.2571772,-0.0341166],[-78.2575615,-0.0318559],[-78.2576965,-0.0318243],[-78.2577618,-0.0318392],[-78.2579251,-0.0319468],[-78.2583348,-0.0314447],[-78.2579845,-0.0310651],[-78.2576162,-0.030891],[-78.2573713,-0.0317859],[-78.2572263,-0.0316221],[-78.2571985,-0.0316653],[-78.2571818,-0.0321464],[-78.2571397,-0.0323387],[-78.2566953,-0.0330833],[-78.2566722,-0.0332632],[-78.2564213,-0.0342025],[-78.2561373,-0.0345367],[-78.2568294,-0.0342614]]],[[[-78.2576881,-0.0330186],[-78.2574602,-0.0329227],[-78.2573103,-0.0337214],[-78.2577372,-0.033791],[-78.2581033,-0.034173],[-78.2582052,-0.0333289],[-78.2576881,-0.0330186]]],[[[-78.258086,-0.0288501],[-78.2578077,-0.028937],[-78.2575758,-0.029805],[-78.25776,-0.0297887],[-78.258086,-0.0288501]]],[[[-78.2578753,-0.0217367],[-78.2578574,-0.0215875],[-78.2576032,-0.0214787],[-78.257233,-0.0223415],[-78.2573231,-0.0224873],[-78.2576089,-0.0224084],[-78.2578753,-0.0217367]]],[[[-78.2570743,-0.0210509],[-78.2567826,-0.0218288],[-78.2571601,-0.0222381],[-78.257518,-0.0214306],[-78.2570743,-0.0210509]]],[[[-78.2579303,-0.0215606],[-78.2579345,-0.0216283],[-78.2581374,-0.0216235],[-78.2580823,-0.0210049],[-78.2577948,-0.021107],[-78.2578134,-0.0214989],[-78.2579303,-0.0215606]]],[[[-78.2569442,-0.0209375],[-78.2560822,-0.0202792],[-78.2559933,-0.0205637],[-78.2557816,-0.0203179],[-78.2556628,-0.0207168],[-78.2560152,-0.0211264],[-78.2566683,-0.0217232],[-78.2569442,-0.0209375]]],[[[-78.2570172,-0.0200586],[-78.2568983,-0.0208136],[-78.2571467,-0.0210151],[-78.2572239,-0.0201619],[-78.2570172,-0.0200586]]],[[[-78.2559138,-0.0499663],[-78.255991,-0.0501243],[-78.256461,-0.0504032],[-78.256586,-0.0505185],[-78.2566264,-0.0506018],[-78.2563553,-0.049901],[-78.2559138,-0.0499663]]],[[[-78.2550657,-0.0502587],[-78.2551495,-0.0503363],[-78.2553448,-0.0504008],[-78.2561983,-0.0504181],[-78.2564725,-0.0504853],[-78.2559742,-0.0501735],[-78.2558514,-0.0499782],[-78.255598,-0.0500096],[-78.2553376,-0.0500921],[-78.2550657,-0.0502587]]],[[[-78.2550701,-0.0502503],[-78.2553358,-0.0500879],[-78.2555971,-0.0500051],[-78.2558516,-0.0499735],[-78.256044,-0.0496742],[-78.2563913,-0.049442],[-78.2550319,-0.0495166],[-78.254897,-0.0497385],[-78.25497,-0.0500465],[-78.2550701,-0.0502503]]],[[[-78.2550496,-0.0486451],[-78.2553728,-0.048861],[-78.2558412,-0.0479871],[-78.2555475,-0.0478592],[-78.2549309,-0.0486296],[-78.2550496,-0.0486451]]],[[[-78.2542665,-0.0475822],[-78.2540856,-0.0475733],[-78.2539339,-0.0476291],[-78.2538668,-0.0476433],[-78.2538211,-0.0476427],[-78.2540256,-0.0481401],[-78.2531893,-0.0484011],[-78.253208,-0.0485673],[-78.2530835,-0.0489178],[-78.2530244,-0.0491905],[-78.2533564,-0.0491149],[-78.2537454,-0.0487007],[-78.2541779,-0.0485078],[-78.2542414,-0.0486616],[-78.2544455,-0.0485797],[-78.2545264,-0.0485046],[-78.2545778,-0.0483954],[-78.2547826,-0.0482987],[-78.2549675,-0.0480948],[-78.2551222,-0.0480395],[-78.2548672,-0.0475606],[-78.2546986,-0.0475715],[-78.2546068,-0.0475405],[-78.2542665,-0.0475822]]],[[[-78.2554493,-0.0474398],[-78.2556235,-0.0472835],[-78.2558531,-0.046824],[-78.2558297,-0.0468106],[-78.2559843,-0.0464867],[-78.25566,-0.0465316],[-78.2555196,-0.0468973],[-78.2554318,-0.0469946],[-78.255381,-0.0472122],[-78.2554493,-0.0474398]]],[[[-78.2546705,-0.0461876],[-78.254492,-0.0460451],[-78.2542882,-0.0459788],[-78.2542735,-0.0461042],[-78.2544397,-0.0461851],[-78.2545754,-0.0463121],[-78.2544411,-0.0475357],[-78.2549055,-0.0475446],[-78.2550624,-0.0468139],[-78.2551886,-0.046799],[-78.25511,-0.0464181],[-78.2546705,-0.0461876]]],[[[-78.2562176,-0.0463332],[-78.2560656,-0.0458697],[-78.2559533,-0.0459918],[-78.2556805,-0.0461507],[-78.2556865,-0.0461924],[-78.2554343,-0.0461447],[-78.2552941,-0.0460661],[-78.2555142,-0.0460539],[-78.255724,-0.0461206],[-78.2559506,-0.0459882],[-78.2560692,-0.0458591],[-78.2562214,-0.0457471],[-78.2563154,-0.0456138],[-78.2562631,-0.0452513],[-78.2561633,-0.0449785],[-78.2554193,-0.045484],[-78.2551728,-0.0456063],[-78.2548293,-0.0456088],[-78.2549783,-0.0457917],[-78.255153,-0.0462643],[-78.255628,-0.0464657],[-78.2562176,-0.0463332]]],[[[-78.2549065,-0.0457966],[-78.2547048,-0.0456113],[-78.2541879,-0.0454693],[-78.2537163,-0.0452965],[-78.2535452,-0.0458131],[-78.2539158,-0.045821],[-78.2544331,-0.0459071],[-78.2547225,-0.0460496],[-78.2551104,-0.0463499],[-78.2549065,-0.0457966]]],[[[-78.2539973,-0.0441911],[-78.2538812,-0.0444464],[-78.2540472,-0.0444731],[-78.2539615,-0.0446912],[-78.2537964,-0.0446595],[-78.253665,-0.0449937],[-78.2539007,-0.0450744],[-78.2539083,-0.0451041],[-78.254083,-0.0451062],[-78.2544954,-0.044277],[-78.2539973,-0.0441911]]],[[[-78.254634,-0.0426998],[-78.254329,-0.0427858],[-78.2541744,-0.0433231],[-78.2545012,-0.0433623],[-78.2547163,-0.0434617],[-78.255261,-0.0427875],[-78.2548114,-0.0425472],[-78.254634,-0.0426998]]],[[[-78.2542932,-0.0427575],[-78.2542505,-0.0425059],[-78.2541973,-0.0424495],[-78.2534971,-0.0428655],[-78.2530766,-0.0431752],[-78.2530639,-0.0438221],[-78.252793,-0.0439734],[-78.2528191,-0.0434068],[-78.2524055,-0.0438391],[-78.2524815,-0.0441298],[-78.2524653,-0.0444588],[-78.2522506,-0.0452527],[-78.2521054,-0.0454226],[-78.252052,-0.0455437],[-78.2521072,-0.0457167],[-78.2523025,-0.0459196],[-78.2525495,-0.0459984],[-78.2530738,-0.0458282],[-78.2533212,-0.045792],[-78.2531778,-0.0454423],[-78.2534002,-0.0452013],[-78.253218,-0.045018],[-78.253473,-0.0446082],[-78.2537092,-0.0446958],[-78.2540578,-0.0439306],[-78.2541543,-0.0436262],[-78.2541089,-0.0432357],[-78.2542932,-0.0427575]]],[[[-78.2538517,-0.0421957],[-78.2538582,-0.0417311],[-78.2533418,-0.0416253],[-78.2531922,-0.0416396],[-78.2529255,-0.041723],[-78.252912,-0.0415551],[-78.2531457,-0.0414572],[-78.253181,-0.0415896],[-78.2531994,-0.0415402],[-78.253243,-0.0415281],[-78.2532987,-0.0415738],[-78.2534506,-0.0415725],[-78.2541722,-0.0417468],[-78.2540723,-0.041209],[-78.253566,-0.0411196],[-78.2535532,-0.0412071],[-78.2532183,-0.0412095],[-78.2528976,-0.0413975],[-78.2528828,-0.041238],[-78.2525937,-0.041646],[-78.2527344,-0.0419018],[-78.2523009,-0.0423319],[-78.2524604,-0.0424542],[-78.2525613,-0.0426247],[-78.2525183,-0.0429329],[-78.2527599,-0.0429794],[-78.2530379,-0.043128],[-78.253283,-0.0429418],[-78.2542462,-0.0423314],[-78.2538517,-0.0421957]]],[[[-78.2543753,-0.0422111],[-78.2549778,-0.0415041],[-78.2547158,-0.0410927],[-78.2545119,-0.0412769],[-78.2545674,-0.0414548],[-78.2542402,-0.0417416],[-78.2543055,-0.0422398],[-78.2543753,-0.0422111]]],[[[-78.2581369,-0.0402721],[-78.2574676,-0.0398416],[-78.2569679,-0.0395662],[-78.2564709,-0.0398396],[-78.2560545,-0.0403235],[-78.2554047,-0.0409726],[-78.2550456,-0.0415164],[-78.2545089,-0.0421536],[-78.2542832,-0.0423673],[-78.2543556,-0.0427069],[-78.2545684,-0.0426659],[-78.2546791,-0.0426017],[-78.2549786,-0.0422866],[-78.2554556,-0.0416858],[-78.2556809,-0.0414713],[-78.2562942,-0.0410791],[-78.2570383,-0.0406881],[-78.2571246,-0.0405692],[-78.2571785,-0.0402623],[-78.2572282,-0.0402553],[-78.258281,-0.0406967],[-78.2581631,-0.0404675],[-78.2581369,-0.0402721]]],[[[-78.2546676,-0.0410065],[-78.2545042,-0.0407406],[-78.2542423,-0.0408733],[-78.2540904,-0.0409569],[-78.2541353,-0.0411929],[-78.2544131,-0.0411359],[-78.2546676,-0.0410065]]],[[[-78.2554627,-0.0408138],[-78.2558655,-0.0404397],[-78.2556641,-0.0401976],[-78.2555592,-0.0402459],[-78.2554047,-0.0400564],[-78.2549204,-0.0404159],[-78.2552594,-0.0410646],[-78.2554627,-0.0408138]]],[[[-78.2546903,-0.040267],[-78.2544025,-0.0404402],[-78.2544682,-0.0406929],[-78.2548155,-0.0404267],[-78.2546903,-0.040267]]],[[[-78.254287,-0.0403371],[-78.2542256,-0.0401685],[-78.2541105,-0.0402237],[-78.2540881,-0.0402447],[-78.2540916,-0.0404915],[-78.2543993,-0.0404281],[-78.2543691,-0.040312],[-78.254287,-0.0403371]]],[[[-78.2560281,-0.0399695],[-78.2561263,-0.0398769],[-78.2560073,-0.0397563],[-78.2559242,-0.0398337],[-78.2560281,-0.0399695]]],[[[-78.2551076,-0.0394703],[-78.2548109,-0.0398071],[-78.2551105,-0.0400739],[-78.2553949,-0.0397762],[-78.2551931,-0.039688],[-78.255343,-0.0395361],[-78.2551076,-0.0394703]]],[[[-78.2542353,-0.0394116],[-78.2541592,-0.0396628],[-78.2542938,-0.0396817],[-78.2542421,-0.0399355],[-78.2543004,-0.0400899],[-78.2546363,-0.0399074],[-78.2550862,-0.0394074],[-78.254869,-0.0394477],[-78.2545186,-0.0394513],[-78.2542353,-0.0394116]]],[[[-78.254068,-0.0398104],[-78.254167,-0.0393823],[-78.2539592,-0.0393245],[-78.2539019,-0.039622],[-78.2539936,-0.0396373],[-78.2539792,-0.0397934],[-78.254068,-0.0398104]]],[[[-78.2555585,-0.0398476],[-78.255608,-0.0398038],[-78.2557582,-0.0396521],[-78.2555587,-0.0395963],[-78.2553949,-0.0397762],[-78.2555585,-0.0398476]]],[[[-78.2543133,-0.0393472],[-78.2543115,-0.0390818],[-78.25404,-0.0390549],[-78.2540397,-0.0389437],[-78.2543024,-0.0389769],[-78.2542473,-0.0386111],[-78.2538039,-0.0385613],[-78.2537682,-0.0392124],[-78.2543133,-0.0393472]],[[-78.2541448,-0.0387529],[-78.2541463,-0.0388457],[-78.2540353,-0.0388195],[-78.2540359,-0.0387115],[-78.2541448,-0.0387529]]],[[[-78.2556771,-0.0387459],[-78.2560123,-0.038599],[-78.2562364,-0.038544],[-78.2559152,-0.038215],[-78.2555597,-0.0386068],[-78.2553662,-0.0389722],[-78.2556771,-0.0387459]]],[[[-78.2543886,-0.0393742],[-78.2549801,-0.0393717],[-78.2550563,-0.03935],[-78.2551268,-0.039274],[-78.2554848,-0.0386166],[-78.255686,-0.0383672],[-78.2553413,-0.0379411],[-78.2553042,-0.0379456],[-78.2547821,-0.0386373],[-78.2546969,-0.0386792],[-78.2543352,-0.0387398],[-78.2543886,-0.0393742]]],[[[-78.2541003,-0.0379459],[-78.253831,-0.0379578],[-78.2538338,-0.0381041],[-78.2539755,-0.0380891],[-78.2540221,-0.0383089],[-78.2541873,-0.0382839],[-78.2541003,-0.0379459]]],[[[-78.254306,-0.03847],[-78.2543461,-0.0386743],[-78.2546847,-0.0386264],[-78.2547697,-0.038574],[-78.2552877,-0.0378759],[-78.255114,-0.0376338],[-78.2545504,-0.0383263],[-78.254306,-0.03847]]],[[[-78.2543015,-0.038404],[-78.2545123,-0.038288],[-78.2550715,-0.0375999],[-78.2550776,-0.0375508],[-78.2549795,-0.0373208],[-78.2547524,-0.0374923],[-78.2542256,-0.0380294],[-78.2542052,-0.038122],[-78.2543015,-0.038404]]],[[[-78.2540265,-0.0373013],[-78.2541688,-0.0380014],[-78.2547087,-0.0374468],[-78.2549498,-0.0372437],[-78.2548384,-0.0369338],[-78.2546299,-0.0353723],[-78.2545081,-0.0350282],[-78.2543338,-0.0347785],[-78.2543602,-0.0356315],[-78.2540471,-0.0356998],[-78.2540393,-0.0355012],[-78.2538247,-0.035345],[-78.2537927,-0.0356548],[-78.2539125,-0.0357179],[-78.2540415,-0.0358375],[-78.2539848,-0.0361565],[-78.253751,-0.0359076],[-78.2536372,-0.0358871],[-78.2536139,-0.0359701],[-78.2536204,-0.0365292],[-78.2538134,-0.0376525],[-78.2540242,-0.0376423],[-78.253978,-0.0373392],[-78.2540265,-0.0373013]]],[[[-78.2540861,-0.03433],[-78.2540056,-0.0341123],[-78.2539693,-0.0336139],[-78.2539883,-0.0333773],[-78.2539444,-0.0333727],[-78.2538879,-0.0336501],[-78.2539257,-0.0340773],[-78.2538099,-0.0339504],[-78.2538547,-0.0343777],[-78.2538385,-0.0348472],[-78.2540432,-0.034903],[-78.2541141,-0.0346647],[-78.2540861,-0.03433]]],[[[-78.2558988,-0.0191076],[-78.2556304,-0.0189749],[-78.2554194,-0.018789],[-78.2550794,-0.018236],[-78.254976,-0.0181425],[-78.254839,-0.0180839],[-78.2546056,-0.0180796],[-78.2544578,-0.0181559],[-78.2542345,-0.0183567],[-78.2539784,-0.0187797],[-78.2550191,-0.0193601],[-78.2561395,-0.0202359],[-78.2564047,-0.0195939],[-78.2560983,-0.0192654],[-78.2558988,-0.0191076]]],[[[-78.2537225,-0.0193119],[-78.2549545,-0.0193967],[-78.2545847,-0.0191664],[-78.2539475,-0.0188447],[-78.2537225,-0.0193119]]],[[[-78.2486029,-0.0653399],[-78.2490072,-0.0643934],[-78.2490188,-0.0642159],[-78.2484931,-0.0635294],[-78.2483928,-0.0634434],[-78.2477107,-0.0637163],[-78.2472946,-0.0637992],[-78.2470197,-0.0637609],[-78.246688,-0.0635028],[-78.2465918,-0.0634918],[-78.2465347,-0.0635328],[-78.2463305,-0.0638415],[-78.2460667,-0.0640698],[-78.2458825,-0.0641747],[-78.2452842,-0.0644209],[-78.2455732,-0.0645054],[-78.2459685,-0.0645579],[-78.2462442,-0.0646846],[-78.2463601,-0.0648142],[-78.2463883,-0.0649978],[-78.2466179,-0.065222],[-78.2469804,-0.0650619],[-78.2470085,-0.0651083],[-78.2466696,-0.0652754],[-78.2465604,-0.0652486],[-78.2463889,-0.0650756],[-78.24639,-0.0652135],[-78.2463364,-0.0652513],[-78.2463278,-0.0648854],[-78.2462826,-0.06479],[-78.2462091,-0.0647269],[-78.2459545,-0.0646102],[-78.2454677,-0.0645424],[-78.2452017,-0.0644461],[-78.2438265,-0.0644981],[-78.2432141,-0.0647737],[-78.2427987,-0.0648234],[-78.2427922,-0.0649474],[-78.2428803,-0.065214],[-78.2430116,-0.0653698],[-78.2431353,-0.065421],[-78.2433653,-0.0654248],[-78.2437234,-0.0653371],[-78.2439016,-0.0652427],[-78.2439945,-0.0652343],[-78.2442314,-0.0652943],[-78.2448986,-0.0651564],[-78.2452079,-0.0652267],[-78.2453126,-0.0652806],[-78.2453774,-0.0654202],[-78.2453619,-0.0655153],[-78.2448853,-0.0657495],[-78.2447992,-0.0659024],[-78.2448427,-0.0661226],[-78.2450491,-0.0663207],[-78.2450895,-0.066431],[-78.2450803,-0.0665271],[-78.2448273,-0.0667243],[-78.2451068,-0.0667795],[-78.2453216,-0.0666623],[-78.245566,-0.0663708],[-78.2456901,-0.0663826],[-78.2457451,-0.066293],[-78.2456824,-0.0660655],[-78.2457206,-0.06601],[-78.2461876,-0.0659669],[-78.2462867,-0.06606],[-78.2462677,-0.0660799],[-78.24629,-0.0661023],[-78.2465374,-0.0660425],[-78.246601,-0.0660824],[-78.2467291,-0.0660716],[-78.2468116,-0.0660035],[-78.246937,-0.0659834],[-78.2469257,-0.0660904],[-78.2471956,-0.0660946],[-78.2479793,-0.0657989],[-78.2482492,-0.0656527],[-78.2484473,-0.0656307],[-78.2486029,-0.0653399]]],[[[-78.2484574,-0.0633518],[-78.24904,-0.0629684],[-78.2487198,-0.0619583],[-78.2486583,-0.0619496],[-78.2485393,-0.0620197],[-78.2484438,-0.0619989],[-78.2483527,-0.0621562],[-78.2481189,-0.0619931],[-78.2479425,-0.0619363],[-78.2478587,-0.0619739],[-78.2477364,-0.0621248],[-78.2476484,-0.0622766],[-78.2476533,-0.0623376],[-78.2473125,-0.0624972],[-78.2470876,-0.0625233],[-78.2467953,-0.0626243],[-78.2467529,-0.0627038],[-78.2463731,-0.0629055],[-78.2464497,-0.0631575],[-78.2462572,-0.0631126],[-78.2461195,-0.0629652],[-78.2460377,-0.0633327],[-78.245819,-0.0634597],[-78.2454025,-0.063631],[-78.2453205,-0.0636142],[-78.244748,-0.0638678],[-78.244608,-0.0639794],[-78.2443271,-0.0639744],[-78.2438991,-0.0640421],[-78.2452071,-0.0643899],[-78.2454513,-0.0643068],[-78.2460359,-0.0640253],[-78.2462911,-0.0638045],[-78.2464935,-0.0634978],[-78.2465846,-0.0634248],[-78.2467125,-0.0634455],[-78.24708,-0.0637159],[-78.2474624,-0.0637245],[-78.2481236,-0.0635045],[-78.2484574,-0.0633518]]],[[[-78.2505569,-0.0622824],[-78.2501813,-0.0606559],[-78.2496192,-0.0607985],[-78.2495993,-0.0608261],[-78.2500644,-0.0623245],[-78.2502717,-0.0622369],[-78.2505569,-0.0622824]]],[[[-78.2564668,-0.0506346],[-78.2563959,-0.050555],[-78.2562031,-0.0504917],[-78.2553756,-0.0504795],[-78.2551348,-0.0504167],[-78.255002,-0.0503317],[-78.2548334,-0.0498959],[-78.2548558,-0.0496268],[-78.2550256,-0.0494541],[-78.2556188,-0.049204],[-78.2556433,-0.0491062],[-78.2555641,-0.0490236],[-78.2552276,-0.0488429],[-78.2550524,-0.0486971],[-78.2549641,-0.0486803],[-78.2548026,-0.048723],[-78.2544839,-0.0489305],[-78.2541075,-0.0490304],[-78.2535363,-0.0496996],[-78.2531824,-0.0497474],[-78.2529924,-0.0498215],[-78.2528919,-0.0499076],[-78.2528546,-0.0500701],[-78.2528024,-0.050149],[-78.2526243,-0.0502447],[-78.2524579,-0.0504251],[-78.2521444,-0.0504825],[-78.2514832,-0.0511519],[-78.2510205,-0.0513317],[-78.2509521,-0.0514599],[-78.250859,-0.0515153],[-78.2508438,-0.0517009],[-78.2505586,-0.0519133],[-78.2504481,-0.0520723],[-78.2502332,-0.0522695],[-78.2501619,-0.0524919],[-78.2500788,-0.052621],[-78.2498052,-0.0527604],[-78.2496627,-0.0527934],[-78.2491098,-0.0532208],[-78.2490371,-0.0532065],[-78.248802,-0.0533069],[-78.2485232,-0.0531754],[-78.2484129,-0.0533648],[-78.2480595,-0.0534872],[-78.2480082,-0.053491],[-78.2479474,-0.0534394],[-78.2478049,-0.0533934],[-78.2477327,-0.053447],[-78.2474762,-0.0534738],[-78.2474021,-0.0536],[-78.2472976,-0.0536478],[-78.2472919,-0.0535541],[-78.247214,-0.0535063],[-78.2470544,-0.0535063],[-78.2468872,-0.0536096],[-78.2468036,-0.0536057],[-78.2467903,-0.053753],[-78.246606,-0.0537128],[-78.2465338,-0.0537606],[-78.2464711,-0.0537587],[-78.2463685,-0.0538238],[-78.2462488,-0.053973],[-78.2462165,-0.0540782],[-78.2462393,-0.0542175],[-78.2461424,-0.0543402],[-78.2460721,-0.0543708],[-78.2459733,-0.0543555],[-78.2458593,-0.0542809],[-78.2458061,-0.0543153],[-78.2457106,-0.0544989],[-78.2455724,-0.0545219],[-78.2455021,-0.0545716],[-78.2454565,-0.0547992],[-78.2453178,-0.0549427],[-78.2450104,-0.0550389],[-78.2448672,-0.0552194],[-78.2446286,-0.055361],[-78.2445647,-0.055514],[-78.2442193,-0.0556454],[-78.2440091,-0.0558118],[-78.244326,-0.0560196],[-78.2448449,-0.0561427],[-78.2450949,-0.0562448],[-78.2451921,-0.0563566],[-78.2452411,-0.0565537],[-78.2451135,-0.0570459],[-78.2447676,-0.057556],[-78.244336,-0.0579831],[-78.2438056,-0.0583434],[-78.2438145,-0.0584236],[-78.2439469,-0.0585068],[-78.244104,-0.0584767],[-78.2442354,-0.0585337],[-78.2443544,-0.0586302],[-78.2445047,-0.0585854],[-78.2448025,-0.0586793],[-78.2450932,-0.0586735],[-78.2452649,-0.0586147],[-78.2453112,-0.0585437],[-78.2454957,-0.0585818],[-78.2460227,-0.0585229],[-78.2461082,-0.0584383],[-78.2460968,-0.058292],[-78.2461467,-0.0583121],[-78.2462849,-0.0581343],[-78.2464409,-0.0580489],[-78.2464737,-0.0579306],[-78.2465378,-0.0578746],[-78.2466903,-0.0577722],[-78.2468998,-0.0576962],[-78.246991,-0.0576158],[-78.2470423,-0.057448],[-78.2473319,-0.0574563],[-78.2474519,-0.0574969],[-78.2477072,-0.0574204],[-78.2478058,-0.0572626],[-78.2480136,-0.0570319],[-78.2482155,-0.0569865],[-78.2483924,-0.0568311],[-78.2484791,-0.056794],[-78.2486644,-0.0566099],[-78.2488413,-0.0565095],[-78.2489648,-0.0563182],[-78.2490717,-0.0562776],[-78.2492011,-0.0561329],[-78.2491655,-0.0558855],[-78.2492803,-0.0557306],[-78.2493297,-0.0555676],[-78.2494433,-0.0554743],[-78.2497046,-0.055436],[-78.2498114,-0.0551611],[-78.2499207,-0.0551348],[-78.2499666,-0.0550503],[-78.2502739,-0.0547354],[-78.2504778,-0.054582],[-78.2505712,-0.054582],[-78.2506405,-0.0545026],[-78.2506406,-0.0543319],[-78.2512724,-0.0537282],[-78.2519047,-0.0534936],[-78.252498,-0.053197],[-78.2528402,-0.0531197],[-78.253373,-0.0530722],[-78.2536867,-0.052982],[-78.2538255,-0.0529905],[-78.2540303,-0.0529082],[-78.2542293,-0.0526591],[-78.2542598,-0.0525172],[-78.2551127,-0.0518881],[-78.2552789,-0.0518386],[-78.2555562,-0.0515072],[-78.2558259,-0.0513966],[-78.256059,-0.0513852],[-78.2564709,-0.0507729],[-78.2564668,-0.0506346]]],[[[-78.2499309,-0.0519853],[-78.248521,-0.0499298],[-78.2478198,-0.0501818],[-78.2478872,-0.050429],[-78.2478585,-0.0507009],[-78.2493563,-0.0524883],[-78.2496579,-0.0523096],[-78.2499309,-0.0519853]]],[[[-78.2504438,-0.0481966],[-78.2503282,-0.0477069],[-78.2502615,-0.0477125],[-78.2501266,-0.04733],[-78.2499308,-0.0476199],[-78.2497828,-0.0477749],[-78.2493297,-0.0479312],[-78.2489521,-0.0481401],[-78.2486098,-0.0483996],[-78.2484836,-0.0485331],[-78.2484563,-0.0486219],[-78.2484734,-0.0486793],[-78.24869,-0.0488553],[-78.2487299,-0.0489395],[-78.2486368,-0.0491881],[-78.2485146,-0.0492758],[-78.2487137,-0.0496083],[-78.249112,-0.0493474],[-78.2496468,-0.049069],[-78.2498655,-0.0489077],[-78.2500421,-0.0487453],[-78.2502068,-0.0484474],[-78.2504438,-0.0481966]]],[[[-78.2483846,-0.04871],[-78.2483618,-0.0486426],[-78.2484003,-0.0484934],[-78.2485528,-0.0483155],[-78.2489095,-0.048053],[-78.2492487,-0.047862],[-78.2496803,-0.0477329],[-78.2499772,-0.0474221],[-78.250096,-0.0472248],[-78.2501108,-0.0471112],[-78.2500485,-0.046654],[-78.2500108,-0.046616],[-78.2498772,-0.0466394],[-78.2496791,-0.046762],[-78.2489524,-0.0474133],[-78.2480924,-0.0480194],[-78.2478189,-0.0481298],[-78.2484624,-0.0491929],[-78.2485727,-0.0490931],[-78.2486383,-0.048951],[-78.2483846,-0.04871]]],[[[-78.2532114,-0.0476669],[-78.2538665,-0.0476388],[-78.2539824,-0.0476052],[-78.2541429,-0.0459627],[-78.2537206,-0.0459548],[-78.2535999,-0.0460848],[-78.2533878,-0.046123],[-78.2532844,-0.0461941],[-78.2526874,-0.0462901],[-78.252787,-0.0464281],[-78.252877,-0.0466562],[-78.2529034,-0.0469781],[-78.2528843,-0.0471342],[-78.2530582,-0.0471448],[-78.253101,-0.0477221],[-78.2532114,-0.0476669]]],[[[-78.2521693,-0.0461808],[-78.252246,-0.0464339],[-78.2526204,-0.0462574],[-78.2525367,-0.0461368],[-78.2521693,-0.0461808]]],[[[-78.2514106,-0.0443461],[-78.2509455,-0.0444864],[-78.2505568,-0.0447649],[-78.2495533,-0.0453088],[-78.2487386,-0.0455393],[-78.2487221,-0.0455633],[-78.2494645,-0.0468141],[-78.249753,-0.0465369],[-78.2499295,-0.0464925],[-78.2500244,-0.0464033],[-78.2502112,-0.0460325],[-78.2502763,-0.0457668],[-78.2503892,-0.0456029],[-78.2507079,-0.0453446],[-78.2512255,-0.0447969],[-78.2514958,-0.0445725],[-78.2514248,-0.0443713],[-78.2514106,-0.0443461]]],[[[-78.2537158,-0.0452436],[-78.2539324,-0.0453197],[-78.2540406,-0.0453533],[-78.253959,-0.0451078],[-78.2537335,-0.0451275],[-78.2536189,-0.0451736],[-78.2537158,-0.0452436]]],[[[-78.2499635,-0.0437807],[-78.2498727,-0.0441218],[-78.2498336,-0.0442368],[-78.2497897,-0.0443044],[-78.2495943,-0.0445097],[-78.2490247,-0.0449786],[-78.2488647,-0.0451977],[-78.2488322,-0.0453306],[-78.2487589,-0.0454911],[-78.2488886,-0.0454204],[-78.2493132,-0.0453419],[-78.2496683,-0.0451984],[-78.2500186,-0.0450026],[-78.2503971,-0.043708],[-78.2500607,-0.0438101],[-78.2499635,-0.0437807]]],[[[-78.2486714,-0.0443633],[-78.2481245,-0.0447363],[-78.248442,-0.0450121],[-78.2486806,-0.045299],[-78.2487555,-0.0454864],[-78.2488606,-0.0451957],[-78.2490213,-0.0449756],[-78.2495913,-0.0445063],[-78.2497861,-0.0443016],[-78.2498683,-0.0441206],[-78.2499098,-0.0439092],[-78.2499593,-0.0437791],[-78.2496208,-0.0437465],[-78.2493625,-0.0437847],[-78.2490181,-0.0440884],[-78.2487616,-0.0442486],[-78.2486714,-0.0443633]]],[[[-78.2509274,-0.0444331],[-78.2513914,-0.0442911],[-78.2519697,-0.0438709],[-78.2520866,-0.0438075],[-78.2523932,-0.043758],[-78.2525517,-0.0436072],[-78.2521216,-0.0434727],[-78.2519462,-0.0435092],[-78.2515044,-0.043502],[-78.2512218,-0.0435331],[-78.2509601,-0.0434983],[-78.2505727,-0.0436591],[-78.250493,-0.0447487],[-78.2509274,-0.0444331]]],[[[-78.2526016,-0.0431802],[-78.2525147,-0.0432827],[-78.2527702,-0.0433821],[-78.2528441,-0.0433064],[-78.2527028,-0.0431948],[-78.2527724,-0.0431086],[-78.2526589,-0.0430432],[-78.2526016,-0.0431802]]],[[[-78.2505552,-0.0398257],[-78.2503528,-0.0399365],[-78.2500878,-0.0402764],[-78.2499715,-0.0404754],[-78.2498134,-0.0407846],[-78.2497765,-0.0410078],[-78.2496965,-0.041299],[-78.2494311,-0.0417781],[-78.2492468,-0.0419876],[-78.2491291,-0.042099],[-78.2490113,-0.0421899],[-78.2488749,-0.0422745],[-78.2493002,-0.0427677],[-78.2495831,-0.0433254],[-78.2498091,-0.0435265],[-78.2500339,-0.0436542],[-78.2501855,-0.0435449],[-78.2503177,-0.043488],[-78.2504109,-0.0434965],[-78.2505453,-0.04341],[-78.2505935,-0.0433565],[-78.2506237,-0.0432391],[-78.2507479,-0.04318],[-78.2509489,-0.0429016],[-78.2510388,-0.0426926],[-78.2511077,-0.0426705],[-78.2512902,-0.0424941],[-78.2513679,-0.0422303],[-78.2515183,-0.0419116],[-78.2515107,-0.0416336],[-78.25177,-0.0410578],[-78.2520136,-0.0403594],[-78.2521221,-0.0399858],[-78.2521244,-0.0398291],[-78.252173,-0.0396419],[-78.2520241,-0.0396218],[-78.2519122,-0.0395168],[-78.2518155,-0.0395522],[-78.2515317,-0.0395879],[-78.2505552,-0.0398257]]],[[[-78.2535132,-0.0406113],[-78.2534435,-0.0403287],[-78.2535913,-0.0402791],[-78.2534608,-0.0402722],[-78.2531436,-0.0403696],[-78.2532336,-0.0407957],[-78.2535083,-0.040773],[-78.2535132,-0.0406113]]],[[[-78.2535523,-0.0407609],[-78.2539904,-0.0408567],[-78.2540165,-0.040302],[-78.2536894,-0.0403115],[-78.2536963,-0.0404523],[-78.253517,-0.040443],[-78.2535523,-0.0407609]]],[[[-78.2480806,-0.044696],[-78.2485753,-0.0443716],[-78.2487388,-0.0441981],[-78.2489698,-0.0440553],[-78.2493399,-0.043727],[-78.24961,-0.0436815],[-78.2498477,-0.0437012],[-78.2495273,-0.043357],[-78.2493021,-0.0428556],[-78.2489752,-0.0425262],[-78.2487744,-0.04223],[-78.2487097,-0.0418999],[-78.2486941,-0.0411872],[-78.24865,-0.0410455],[-78.2483591,-0.040496],[-78.24834,-0.0403645],[-78.2483644,-0.0399639],[-78.2485238,-0.0397524],[-78.2489268,-0.039381],[-78.2491989,-0.0392019],[-78.2496108,-0.0389912],[-78.2498093,-0.0388425],[-78.2500469,-0.0385349],[-78.2502395,-0.0380353],[-78.2502404,-0.037908],[-78.2501067,-0.0374995],[-78.2499725,-0.0372923],[-78.2497097,-0.0370512],[-78.2496126,-0.0367007],[-78.2494628,-0.0363668],[-78.2492121,-0.0361197],[-78.2491668,-0.0357574],[-78.2488847,-0.0357101],[-78.2486808,-0.0357311],[-78.2486496,-0.0357861],[-78.2475631,-0.0385782],[-78.2472417,-0.0390707],[-78.2471045,-0.0398952],[-78.2471002,-0.0401394],[-78.2470056,-0.0405253],[-78.2468723,-0.0417344],[-78.2470691,-0.0423966],[-78.247068,-0.0425045],[-78.2469161,-0.0428401],[-78.2469131,-0.0431126],[-78.2473873,-0.0437623],[-78.2476915,-0.0442489],[-78.2480806,-0.044696]]],[[[-78.2533378,-0.0402761],[-78.2534633,-0.0402445],[-78.2534332,-0.039783],[-78.2536065,-0.0397849],[-78.2535986,-0.0400743],[-78.253743,-0.0400716],[-78.2537199,-0.0402489],[-78.2538798,-0.0402365],[-78.2539205,-0.0397822],[-78.2538744,-0.0397765],[-78.2538974,-0.0396472],[-78.2536944,-0.039627],[-78.2537178,-0.0392544],[-78.2533629,-0.0391974],[-78.2533169,-0.0392047],[-78.2533463,-0.0396346],[-78.2526515,-0.0398554],[-78.2525301,-0.0399346],[-78.2524338,-0.0401245],[-78.253041,-0.0398393],[-78.2530379,-0.0401263],[-78.2533023,-0.0400251],[-78.2533378,-0.0402761]]],[[[-78.2536915,-0.0392024],[-78.253734,-0.0390345],[-78.2537525,-0.0386658],[-78.2532482,-0.0386713],[-78.2531192,-0.0391771],[-78.2533894,-0.0391345],[-78.2536915,-0.0392024]]],[[[-78.2494886,-0.041666],[-78.2496883,-0.041298],[-78.2497828,-0.0408597],[-78.2498143,-0.0407704],[-78.2498901,-0.0406084],[-78.2500875,-0.0402589],[-78.2503497,-0.0399338],[-78.2504771,-0.0398394],[-78.2515301,-0.039582],[-78.2519097,-0.039513],[-78.251773,-0.0390601],[-78.2517632,-0.0388288],[-78.2520882,-0.0379579],[-78.252027,-0.0378232],[-78.2513018,-0.0369163],[-78.250933,-0.0367153],[-78.2507849,-0.0365781],[-78.2505277,-0.0361049],[-78.2500706,-0.0355657],[-78.24989,-0.0351249],[-78.2496962,-0.0348323],[-78.2494705,-0.0343879],[-78.2490161,-0.0342941],[-78.2490274,-0.0348743],[-78.2492538,-0.0357206],[-78.2492695,-0.0360921],[-78.2495097,-0.0363287],[-78.2495716,-0.0364358],[-78.2497881,-0.0370096],[-78.2501063,-0.0373264],[-78.2502423,-0.0376369],[-78.2503138,-0.0380022],[-78.2501764,-0.038438],[-78.2499782,-0.0387766],[-78.249767,-0.0389583],[-78.2492505,-0.0392489],[-78.2488254,-0.0395317],[-78.2484911,-0.0399145],[-78.2484072,-0.0401228],[-78.2484205,-0.0405009],[-78.2487121,-0.0410045],[-78.2487729,-0.0413498],[-78.2487681,-0.0419654],[-78.2488679,-0.0422699],[-78.2492024,-0.0420236],[-78.2494886,-0.041666]]],[[[-78.2535229,-0.0376593],[-78.2534305,-0.0380438],[-78.2536327,-0.0380263],[-78.253636,-0.0381598],[-78.2537561,-0.0381541],[-78.2537344,-0.0376356],[-78.2535229,-0.0376593]]],[[[-78.25351,-0.0374712],[-78.2537228,-0.037439],[-78.2537028,-0.0372642],[-78.2534704,-0.0373325],[-78.25351,-0.0374712]]],[[[-78.2530641,-0.0363547],[-78.2530893,-0.0360703],[-78.252816,-0.0361773],[-78.252814,-0.0363307],[-78.2528557,-0.0364046],[-78.2530641,-0.0363547]]],[[[-78.2526747,-0.03606],[-78.2531114,-0.0358017],[-78.2531631,-0.0356513],[-78.2526061,-0.0359109],[-78.2525524,-0.0359858],[-78.2526747,-0.03606]]],[[[-78.2486643,-0.0356448],[-78.2491552,-0.035683],[-78.2489804,-0.0350257],[-78.248944,-0.0342792],[-78.2474251,-0.0339657],[-78.2473217,-0.0353192],[-78.2474449,-0.0355403],[-78.2471268,-0.0359213],[-78.2470881,-0.036036],[-78.2470472,-0.0364503],[-78.2468031,-0.0370972],[-78.2468019,-0.0373366],[-78.2468809,-0.0375579],[-78.2468912,-0.0379965],[-78.2467787,-0.0383521],[-78.246761,-0.0390729],[-78.2466376,-0.0393632],[-78.2466275,-0.0395576],[-78.2464769,-0.0397981],[-78.2459684,-0.0394208],[-78.2456041,-0.0401796],[-78.2462228,-0.040591],[-78.2461539,-0.0412906],[-78.2460907,-0.0415551],[-78.2460018,-0.0418801],[-78.2458372,-0.042112],[-78.2459221,-0.0422192],[-78.2461354,-0.0418999],[-78.2462589,-0.0418043],[-78.2465944,-0.0416777],[-78.2467433,-0.0416878],[-78.2468233,-0.0417285],[-78.2469382,-0.0405639],[-78.2470117,-0.0403065],[-78.2471554,-0.0391517],[-78.2472009,-0.0390234],[-78.2474644,-0.0386738],[-78.2486643,-0.0356448]]],[[[-78.2536501,-0.0338207],[-78.2537242,-0.034349],[-78.2538017,-0.0343677],[-78.2537735,-0.0339105],[-78.2536501,-0.0338207]]],[[[-78.2538222,-0.033599],[-78.2539362,-0.033219],[-78.2537312,-0.0331324],[-78.253629,-0.0337381],[-78.2538812,-0.0338838],[-78.2538222,-0.033599]]],[[[-78.248858,-0.0329259],[-78.248273,-0.0328495],[-78.2482443,-0.0333685],[-78.2490049,-0.0334639],[-78.2490428,-0.0331325],[-78.2490165,-0.0330399],[-78.248858,-0.0329259]]],[[[-78.2527907,-0.0209314],[-78.2527859,-0.0211934],[-78.2528268,-0.0212963],[-78.2528296,-0.0215895],[-78.252971,-0.0215423],[-78.2530226,-0.0214434],[-78.2533344,-0.0211446],[-78.25354,-0.0208592],[-78.2536793,-0.0201349],[-78.2536036,-0.0201252],[-78.2534691,-0.0202517],[-78.2531155,-0.0204517],[-78.2528708,-0.0205141],[-78.2527907,-0.0209314]]],[[[-78.2533927,-0.0200239],[-78.2535036,-0.019958],[-78.2532657,-0.0193482],[-78.2532226,-0.0193518],[-78.2532092,-0.0195531],[-78.2533927,-0.0200239]]],[[[-78.2530706,-0.0188407],[-78.252735,-0.0174995],[-78.2523754,-0.0169891],[-78.2521228,-0.0163288],[-78.2517784,-0.0157193],[-78.2515952,-0.0151729],[-78.2507103,-0.0152689],[-78.250719,-0.0154808],[-78.2509015,-0.0159081],[-78.2511554,-0.0162436],[-78.2512704,-0.0164553],[-78.2517782,-0.0175336],[-78.2524605,-0.018556],[-78.2525319,-0.0187597],[-78.2525563,-0.0189422],[-78.2523919,-0.0189454],[-78.252392,-0.0189786],[-78.25241,-0.0191082],[-78.2524934,-0.0192866],[-78.2531086,-0.0193588],[-78.2530706,-0.0188407]]],[[[-78.2533661,-0.0173009],[-78.2528451,-0.0174842],[-78.2528203,-0.0176014],[-78.2528473,-0.0177826],[-78.2539612,-0.0176663],[-78.2534718,-0.0173165],[-78.2533661,-0.0173009]]],[[[-78.2426229,-0.0641085],[-78.2425352,-0.0642408],[-78.2423718,-0.0642376],[-78.2423349,-0.0642106],[-78.2422852,-0.0642296],[-78.2422421,-0.0643188],[-78.2423449,-0.0643203],[-78.2425223,-0.0644331],[-78.2427634,-0.0646834],[-78.2427789,-0.0647708],[-78.2431911,-0.0647241],[-78.2438139,-0.0644452],[-78.2450771,-0.0643966],[-78.2438014,-0.0640619],[-78.2436679,-0.0640694],[-78.2436112,-0.0641493],[-78.2431952,-0.0642225],[-78.2430423,-0.0641105],[-78.2428366,-0.0641238],[-78.2427139,-0.064082],[-78.2426229,-0.0641085]]],[[[-78.2403157,-0.059522],[-78.2401594,-0.0594578],[-78.2397397,-0.059081],[-78.2394792,-0.0585176],[-78.239418,-0.0583406],[-78.2394116,-0.0581824],[-78.2394737,-0.0579048],[-78.2394786,-0.0577022],[-78.2393256,-0.0571943],[-78.2390924,-0.0571262],[-78.2389883,-0.0570539],[-78.2387948,-0.0568389],[-78.238678,-0.056803],[-78.2384593,-0.0568516],[-78.2379602,-0.057052],[-78.2378939,-0.057052],[-78.2375734,-0.0572248],[-78.2377839,-0.0579779],[-78.2379707,-0.0583797],[-78.2381041,-0.0587784],[-78.2382317,-0.0589783],[-78.238262,-0.0591462],[-78.2382327,-0.0593003],[-78.2380768,-0.059692],[-78.2378433,-0.0607489],[-78.2378233,-0.0610541],[-78.2377511,-0.0614397],[-78.237678,-0.0623907],[-78.2397768,-0.0614844],[-78.2410301,-0.060107],[-78.2408297,-0.0599124],[-78.2405661,-0.0597396],[-78.2403157,-0.059522]]],[[[-78.2428792,-0.0588229],[-78.2442796,-0.0579127],[-78.2446972,-0.0574997],[-78.2450338,-0.0570039],[-78.2451511,-0.0565522],[-78.2451135,-0.0564015],[-78.2450033,-0.0562953],[-78.2442903,-0.0561031],[-78.2439222,-0.0558592],[-78.2434689,-0.0560972],[-78.2432423,-0.0563113],[-78.2428408,-0.0564819],[-78.2425003,-0.0568026],[-78.2411521,-0.0574014],[-78.2406778,-0.0575575],[-78.2396123,-0.057776],[-78.2395378,-0.058194],[-78.2395974,-0.0584737],[-78.2398432,-0.0590062],[-78.2401611,-0.0592995],[-78.2403852,-0.0594159],[-78.2406406,-0.0596361],[-78.2409101,-0.0598151],[-78.2411161,-0.0600126],[-78.242269,-0.0590966],[-78.2428792,-0.0588229]]],[[[-78.2377871,-0.0569434],[-78.2387205,-0.0566429],[-78.2388195,-0.0566415],[-78.2392919,-0.0567986],[-78.2394387,-0.0567964],[-78.2404096,-0.0562771],[-78.2409428,-0.0561373],[-78.2410568,-0.0560046],[-78.241119,-0.0558633],[-78.2398721,-0.0549511],[-78.2392647,-0.0554101],[-78.2374517,-0.0564987],[-78.2374611,-0.0568822],[-78.2375126,-0.0571125],[-78.2377871,-0.0569434]]],[[[-78.244441,-0.0492837],[-78.2450978,-0.0490131],[-78.2452936,-0.0489757],[-78.2458207,-0.0490526],[-78.2462871,-0.0489014],[-78.2466537,-0.0487042],[-78.2472906,-0.0482419],[-78.2481007,-0.0479507],[-78.2486335,-0.0475544],[-78.247903,-0.0464533],[-78.2484501,-0.0460877],[-78.2487221,-0.0455633],[-78.2486027,-0.0453187],[-78.2483686,-0.0450098],[-78.2480116,-0.044733],[-78.2478049,-0.0445082],[-78.2474876,-0.0440679],[-78.2472754,-0.0436976],[-78.2468919,-0.0431946],[-78.2468479,-0.0430246],[-78.2468687,-0.0428124],[-78.2470125,-0.0424918],[-78.2470103,-0.0423992],[-78.2468303,-0.0418457],[-78.2467143,-0.0417401],[-78.2465053,-0.0417616],[-78.2462239,-0.0418931],[-78.2459648,-0.0422426],[-78.2458219,-0.0427716],[-78.2454755,-0.0431028],[-78.2451889,-0.0432538],[-78.2451067,-0.0432103],[-78.2439112,-0.0433392],[-78.2436751,-0.0435701],[-78.2432383,-0.0442346],[-78.2431404,-0.0447408],[-78.2432003,-0.0448712],[-78.2432895,-0.044934],[-78.2432829,-0.045053],[-78.243244,-0.0451328],[-78.2430605,-0.0452264],[-78.2429581,-0.0454134],[-78.2427859,-0.0456297],[-78.2426959,-0.0461814],[-78.2424598,-0.0464179],[-78.2424845,-0.0465889],[-78.2424037,-0.0469616],[-78.2423876,-0.0473991],[-78.2424685,-0.047542],[-78.2426239,-0.0476472],[-78.2428492,-0.0476834],[-78.2428994,-0.047789],[-78.2429012,-0.0478869],[-78.2425857,-0.0485378],[-78.2424764,-0.0486976],[-78.242461,-0.048764],[-78.2425184,-0.0489441],[-78.2425415,-0.0492659],[-78.2421154,-0.0498742],[-78.2421113,-0.0499654],[-78.2420462,-0.050084],[-78.2420345,-0.0502779],[-78.2417638,-0.0505132],[-78.241738,-0.050956],[-78.2422526,-0.0507482],[-78.2422968,-0.0506682],[-78.2423893,-0.0506615],[-78.2425043,-0.0505898],[-78.2428939,-0.0502641],[-78.243218,-0.0499407],[-78.2433737,-0.0499614],[-78.2434755,-0.0501099],[-78.2444019,-0.0497729],[-78.2444231,-0.0497244],[-78.2443938,-0.0493286],[-78.244441,-0.0492837]]],[[[-78.2447352,-0.0404867],[-78.2448611,-0.0401687],[-78.2451821,-0.0388291],[-78.2444442,-0.0382757],[-78.2441713,-0.0385718],[-78.2437706,-0.0382418],[-78.243659,-0.0380553],[-78.2435783,-0.0378664],[-78.2435498,-0.037699],[-78.2432923,-0.037146],[-78.2431988,-0.0370897],[-78.2430111,-0.037075],[-78.2428767,-0.037126],[-78.2427782,-0.0373487],[-78.2427862,-0.0374693],[-78.2430201,-0.0389253],[-78.242916,-0.0393714],[-78.2432961,-0.0398755],[-78.2433258,-0.0400725],[-78.2432436,-0.0402336],[-78.2432695,-0.0403316],[-78.2434448,-0.0404927],[-78.2435618,-0.0406819],[-78.2436405,-0.0408248],[-78.2435881,-0.0409054],[-78.2437243,-0.0410694],[-78.2438809,-0.0410892],[-78.2441592,-0.0410284],[-78.2444531,-0.04088],[-78.244536,-0.0408011],[-78.2447352,-0.0404867]]],[[[-78.2385809,-0.0375695],[-78.2383321,-0.0381454],[-78.2397016,-0.0383173],[-78.2400559,-0.0383336],[-78.2398707,-0.037628],[-78.2398436,-0.0373242],[-78.2398554,-0.0369282],[-78.2395569,-0.0364324],[-78.2394622,-0.0360537],[-78.2392195,-0.0361848],[-78.2391103,-0.0359961],[-78.2389337,-0.0357871],[-78.2385696,-0.0356249],[-78.2384082,-0.0366249],[-78.2387121,-0.0367281],[-78.2388673,-0.0368351],[-78.2388842,-0.0368884],[-78.2387162,-0.0374636],[-78.2386328,-0.0375844],[-78.2385809,-0.0375695]]],[[[-78.238659,-0.0374369],[-78.2388186,-0.0368443],[-78.2387358,-0.0367666],[-78.2381574,-0.036574],[-78.2380198,-0.0365467],[-78.2379512,-0.0365632],[-78.2379424,-0.0373143],[-78.238325,-0.0373966],[-78.2385809,-0.0375695],[-78.238659,-0.0374369]]],[[[-78.2406731,-0.0367858],[-78.2405391,-0.0371822],[-78.241239,-0.0371562],[-78.2412183,-0.0368817],[-78.2411613,-0.0367017],[-78.24067,-0.0367224],[-78.2406731,-0.0367858]]],[[[-78.2415594,-0.0369147],[-78.2417796,-0.0365439],[-78.2417882,-0.0364585],[-78.2413206,-0.0363377],[-78.2413767,-0.0366871],[-78.2415068,-0.0366917],[-78.2415495,-0.0367459],[-78.2415594,-0.0369147]]],[[[-78.2381759,-0.0357296],[-78.2379221,-0.0365247],[-78.2383905,-0.036621],[-78.2385321,-0.0356968],[-78.2385173,-0.035652],[-78.2384396,-0.0356296],[-78.2382544,-0.0356741],[-78.2381759,-0.0357296]]],[[[-78.2381499,-0.0357177],[-78.2377565,-0.0357983],[-78.2376837,-0.0362072],[-78.2373629,-0.0363031],[-78.2373676,-0.0360412],[-78.2370214,-0.0360494],[-78.2371134,-0.0366892],[-78.2375512,-0.036641],[-78.2378707,-0.0365388],[-78.2381499,-0.0357177]]],[[[-78.2410379,-0.0355293],[-78.2410768,-0.0353122],[-78.2410079,-0.034946],[-78.2406363,-0.0348483],[-78.2406685,-0.0353201],[-78.2406266,-0.0358258],[-78.2409162,-0.0359705],[-78.2409524,-0.0357445],[-78.2410379,-0.0355293]]],[[[-78.2411814,-0.035293],[-78.241159,-0.0350373],[-78.2410731,-0.0349949],[-78.2411401,-0.0353593],[-78.2410772,-0.0355395],[-78.2412605,-0.035603],[-78.2412689,-0.0354669],[-78.2412279,-0.0353289],[-78.2411814,-0.035293]]],[[[-78.2384679,-0.0350176],[-78.2385228,-0.0349577],[-78.2384272,-0.034371],[-78.2379445,-0.0345404],[-78.2380015,-0.035149],[-78.2384679,-0.0350176]]],[[[-78.2396978,-0.0348826],[-78.239962,-0.0350353],[-78.240088,-0.0346537],[-78.239914,-0.0346008],[-78.2400576,-0.0339115],[-78.2398639,-0.0338227],[-78.2394671,-0.0337688],[-78.239426,-0.0346945],[-78.2394886,-0.0347126],[-78.2396978,-0.0348826]]],[[[-78.2385468,-0.0349354],[-78.2386554,-0.0348821],[-78.2389681,-0.0348776],[-78.239027,-0.0342537],[-78.2388155,-0.0342613],[-78.2384533,-0.034361],[-78.2385468,-0.0349354]]],[[[-78.2378025,-0.034125],[-78.2378276,-0.0345197],[-78.2381339,-0.0343847],[-78.2381428,-0.0340016],[-78.2378025,-0.034125]]],[[[-78.2388047,-0.0342089],[-78.2388431,-0.0333984],[-78.2384923,-0.0335104],[-78.2384874,-0.0342975],[-78.2388047,-0.0342089]]],[[[-78.2384654,-0.0335198],[-78.2381385,-0.0336051],[-78.2381446,-0.0339749],[-78.2384586,-0.0338969],[-78.2384654,-0.0335198]]],[[[-78.2401049,-0.0327872],[-78.2393661,-0.03282],[-78.2392961,-0.0332106],[-78.2393312,-0.0332457],[-78.2394449,-0.0332645],[-78.2394913,-0.0333903],[-78.2394829,-0.0335238],[-78.2399649,-0.0335145],[-78.2405594,-0.0336069],[-78.2404412,-0.03344],[-78.2402431,-0.0329106],[-78.2401633,-0.0328073],[-78.2401049,-0.0327872]]],[[[-78.2386639,-0.0330556],[-78.238675,-0.0334001],[-78.2392308,-0.0332559],[-78.2393181,-0.0328411],[-78.2392065,-0.0328292],[-78.238325,-0.0329928],[-78.2383469,-0.0334817],[-78.2385016,-0.0334519],[-78.2384962,-0.0330914],[-78.2386639,-0.0330556]]],[[[-78.2383079,-0.032956],[-78.2383564,-0.0324937],[-78.2384539,-0.0324617],[-78.2384029,-0.0319875],[-78.2382236,-0.032003],[-78.2382609,-0.0324679],[-78.2381696,-0.0324874],[-78.2381736,-0.0330018],[-78.2383079,-0.032956]]],[[[-78.2388268,-0.0328582],[-78.2388908,-0.0323695],[-78.2384069,-0.0325285],[-78.2383632,-0.0329418],[-78.2388268,-0.0328582]]],[[[-78.2393044,-0.032781],[-78.2396258,-0.032745],[-78.2397793,-0.0322925],[-78.2393922,-0.0323034],[-78.2393044,-0.032781]]],[[[-78.242454,-0.0315413],[-78.2425731,-0.0320159],[-78.2429682,-0.031759],[-78.2429673,-0.0315461],[-78.2429101,-0.0312246],[-78.2423994,-0.0314553],[-78.242454,-0.0315413]]],[[[-78.2421134,-0.0313099],[-78.2418869,-0.0309234],[-78.2415097,-0.0305569],[-78.2410865,-0.0302936],[-78.2409725,-0.0302548],[-78.2408485,-0.0301142],[-78.2405495,-0.0299221],[-78.2395834,-0.0307307],[-78.2394707,-0.0308834],[-78.2393596,-0.0311252],[-78.2399405,-0.031386],[-78.2403902,-0.0315337],[-78.2405806,-0.0309924],[-78.2407883,-0.0305904],[-78.241041,-0.0308835],[-78.2413416,-0.0311501],[-78.241349,-0.0311297],[-78.2417521,-0.0315716],[-78.2421134,-0.0313099]]],[[[-78.2415029,-0.030504],[-78.2419998,-0.0309993],[-78.2422537,-0.030784],[-78.242146,-0.030303],[-78.2426581,-0.0297291],[-78.2425915,-0.0294521],[-78.2424336,-0.0293516],[-78.2421718,-0.0295386],[-78.2419731,-0.0298127],[-78.2410214,-0.0294494],[-78.2407387,-0.0299729],[-78.2415029,-0.030504]]],[[[-78.2416495,-0.0282299],[-78.2416498,-0.0280379],[-78.2411039,-0.0288707],[-78.2411267,-0.028915],[-78.2414844,-0.02904],[-78.2418269,-0.0285525],[-78.2417529,-0.0284679],[-78.2416495,-0.0282299]]],[[[-78.2374003,-0.0636331],[-78.2362356,-0.0630612],[-78.2363229,-0.0633909],[-78.2363376,-0.0645364],[-78.2374305,-0.0645195],[-78.2373561,-0.064173],[-78.2374003,-0.0636331]]],[[[-78.2281141,-0.0439262],[-78.2276334,-0.0492483],[-78.227514,-0.051117],[-78.2278726,-0.0512804],[-78.228215,-0.0514884],[-78.2284016,-0.0517462],[-78.2287939,-0.0520205],[-78.2292271,-0.0525022],[-78.2293429,-0.0529607],[-78.2292677,-0.0531597],[-78.2294287,-0.0530767],[-78.2297131,-0.0528137],[-78.2299802,-0.0526501],[-78.2302501,-0.0522527],[-78.2305056,-0.0519956],[-78.2307958,-0.0517735],[-78.2309932,-0.0517151],[-78.2312834,-0.0513411],[-78.2315679,-0.0508444],[-78.2317566,-0.0503359],[-78.2319017,-0.0501022],[-78.232192,-0.0498334],[-78.2325809,-0.0493483],[-78.232668,-0.049062],[-78.2326971,-0.0488107],[-78.2329873,-0.0485068],[-78.2331383,-0.0482964],[-78.2334895,-0.0479575],[-78.2334953,-0.0478844],[-78.2337507,-0.0473585],[-78.2338756,-0.0467156],[-78.2340788,-0.0462043],[-78.2344488,-0.0456228],[-78.2346288,-0.045576],[-78.2346985,-0.045503],[-78.2347739,-0.0455147],[-78.23507,-0.0457748],[-78.2351208,-0.0457485],[-78.2351933,-0.045877],[-78.2352543,-0.0459121],[-78.235472,-0.0459092],[-78.2355155,-0.0458332],[-78.2355881,-0.0458215],[-78.2356635,-0.0458508],[-78.2357564,-0.0458391],[-78.2357245,-0.0454913],[-78.2358,-0.0453306],[-78.2359016,-0.0452474],[-78.2362694,-0.0451626],[-78.23658,-0.044999],[-78.2368797,-0.0443328],[-78.2371185,-0.0441458],[-78.2373071,-0.0438536],[-78.2378695,-0.0433013],[-78.2378797,-0.0432297],[-78.2377549,-0.0430866],[-78.2376772,-0.0427914],[-78.2375597,-0.0426672],[-78.2375234,-0.0425109],[-78.2373398,-0.0423969],[-78.2373021,-0.0421588],[-78.2371432,-0.0417702],[-78.237104,-0.0415305],[-78.2371614,-0.0410002],[-78.2370917,-0.0407577],[-78.2370867,-0.0405137],[-78.2373421,-0.0402317],[-78.2376527,-0.0400096],[-78.2374968,-0.0400228],[-78.2362189,-0.0403565],[-78.236263,-0.0401163],[-78.2364316,-0.0397803],[-78.2364546,-0.0396751],[-78.2349614,-0.0396182],[-78.2347426,-0.0399752],[-78.2343537,-0.0404922],[-78.2343596,-0.0406267],[-78.2345816,-0.0415125],[-78.2346842,-0.0422642],[-78.234742,-0.0437724],[-78.2347123,-0.0441789],[-78.2344134,-0.0447282],[-78.2338843,-0.0452828],[-78.2339761,-0.0453378],[-78.2333511,-0.0459498],[-78.2322224,-0.0473262],[-78.2315658,-0.0479241],[-78.2312864,-0.0482491],[-78.2311225,-0.0483097],[-78.2307256,-0.048725],[-78.2305937,-0.0488216],[-78.230252,-0.0492983],[-78.229847,-0.0496739],[-78.2298556,-0.0500639],[-78.2298267,-0.0501571],[-78.2289236,-0.0506108],[-78.2285864,-0.0507384],[-78.228229,-0.0508282],[-78.2281733,-0.0508195],[-78.2298725,-0.0483146],[-78.2300726,-0.0446924],[-78.2294949,-0.0444937],[-78.2291007,-0.0443048],[-78.2281141,-0.0439262]]],[[[-78.237339,-0.0390928],[-78.2372066,-0.0388922],[-78.2371308,-0.0388305],[-78.2368999,-0.0390378],[-78.2366171,-0.0390267],[-78.2364649,-0.0392997],[-78.2365675,-0.0394198],[-78.2368776,-0.0393838],[-78.2371006,-0.0392893],[-78.237339,-0.0390928]]],[[[-78.2314651,-0.0333346],[-78.230944,-0.0342756],[-78.2307583,-0.0346691],[-78.2307485,-0.0350265],[-78.2308255,-0.0352683],[-78.2307905,-0.0354552],[-78.2305315,-0.0359045],[-78.2302489,-0.035715],[-78.230172,-0.0358051],[-78.2300698,-0.0362337],[-78.2300754,-0.0363747],[-78.2299846,-0.0365957],[-78.2300376,-0.03691],[-78.2299193,-0.0375768],[-78.2298303,-0.037735],[-78.2296827,-0.037895],[-78.2293619,-0.0384684],[-78.2292475,-0.038556],[-78.2289958,-0.0390228],[-78.228904,-0.0393924],[-78.228833,-0.0405183],[-78.2288547,-0.040604],[-78.2291632,-0.0408231],[-78.2291329,-0.040987],[-78.2289247,-0.0409127],[-78.2287469,-0.0407202],[-78.2286911,-0.0406969],[-78.228779,-0.0409653],[-78.2288605,-0.0410708],[-78.2292566,-0.0413875],[-78.2293575,-0.041626],[-78.22954,-0.0419036],[-78.2294857,-0.0420443],[-78.2293653,-0.0421107],[-78.2290896,-0.0418918],[-78.2287867,-0.0415595],[-78.2285382,-0.0415908],[-78.2283556,-0.0419426],[-78.2284682,-0.0422475],[-78.2286042,-0.0423648],[-78.2287051,-0.0426698],[-78.2285983,-0.0428809],[-78.22821,-0.0431545],[-78.2280123,-0.0431965],[-78.2279604,-0.0436421],[-78.2282634,-0.0438973],[-78.2296261,-0.0444912],[-78.2310691,-0.0449283],[-78.2312641,-0.0448618],[-78.2315503,-0.0444063],[-78.2317095,-0.0442402],[-78.2320859,-0.0440345],[-78.2327301,-0.0436086],[-78.2325633,-0.0434249],[-78.2324417,-0.0434733],[-78.2322864,-0.043485],[-78.2321311,-0.04344],[-78.2319622,-0.043311],[-78.231867,-0.0431762],[-78.2319146,-0.0428634],[-78.2317884,-0.0425252],[-78.2315222,-0.0421298],[-78.2312954,-0.041872],[-78.2312881,-0.04178],[-78.231343,-0.0415774],[-78.231343,-0.0412939],[-78.2311858,-0.041073],[-78.2311492,-0.0409441],[-78.231173,-0.0398689],[-78.2312279,-0.0396148],[-78.2315479,-0.038709],[-78.2316723,-0.0381714],[-78.2325355,-0.0359658],[-78.2325795,-0.0352515],[-78.2325374,-0.0347544],[-78.2320949,-0.0340511],[-78.2320181,-0.0337933],[-78.2321333,-0.0328815],[-78.2321198,-0.032787],[-78.2320579,-0.0327017],[-78.2318886,-0.032705],[-78.2314651,-0.0333346]]],[[[-78.2366109,-0.0381231],[-78.236246,-0.0382256],[-78.2362877,-0.0385436],[-78.2364924,-0.0385057],[-78.2364565,-0.0388381],[-78.2365463,-0.0388365],[-78.2366212,-0.0384922],[-78.2365847,-0.0384973],[-78.2365625,-0.0384069],[-78.2366192,-0.0383931],[-78.2366109,-0.0381231]]],[[[-78.2360735,-0.038272],[-78.2361917,-0.0382099],[-78.2368608,-0.0380408],[-78.236983,-0.0374386],[-78.2367848,-0.0375254],[-78.2365193,-0.037533],[-78.2363459,-0.0376874],[-78.2360156,-0.0378424],[-78.2354837,-0.0379346],[-78.2353143,-0.0381216],[-78.2350605,-0.0382374],[-78.235064,-0.0383077],[-78.2353354,-0.0383766],[-78.2355373,-0.0384781],[-78.2356667,-0.0386407],[-78.2361284,-0.0385599],[-78.2360735,-0.038272]]],[[[-78.2359341,-0.0378281],[-78.2358544,-0.0374238],[-78.2361757,-0.0372801],[-78.2360409,-0.0370637],[-78.2360556,-0.0369832],[-78.2359856,-0.0368713],[-78.2360144,-0.0367519],[-78.2359808,-0.0365448],[-78.2359043,-0.0366057],[-78.235858,-0.0367906],[-78.2356515,-0.037199],[-78.2355149,-0.0377654],[-78.235536,-0.0378823],[-78.2359341,-0.0378281]]],[[[-78.2372651,-0.0373278],[-78.2371676,-0.0367356],[-78.2369059,-0.0367768],[-78.2369794,-0.0369739],[-78.2370491,-0.0373301],[-78.2372651,-0.0373278]]],[[[-78.2374832,-0.0373362],[-78.2377035,-0.0373173],[-78.2376628,-0.0366497],[-78.237539,-0.0367149],[-78.237423,-0.0367343],[-78.2374832,-0.0373362]]],[[[-78.2366054,-0.0359692],[-78.2362907,-0.0362179],[-78.2365514,-0.03712],[-78.2368955,-0.0369495],[-78.2366892,-0.0363791],[-78.2366054,-0.0359692]]],[[[-78.2372634,-0.0359887],[-78.2373243,-0.0359349],[-78.237372,-0.0359844],[-78.2373895,-0.035726],[-78.2371741,-0.0357254],[-78.2371797,-0.0359987],[-78.2372634,-0.0359887]]],[[[-78.2369114,-0.0349954],[-78.2374155,-0.034972],[-78.237406,-0.034643],[-78.2366101,-0.0344751],[-78.2365078,-0.0349868],[-78.2362785,-0.0349512],[-78.2362408,-0.0352823],[-78.2363144,-0.0353491],[-78.2365365,-0.0353803],[-78.2366013,-0.0350014],[-78.2369038,-0.0350605],[-78.2369114,-0.0349954]]],[[[-78.2364192,-0.0339853],[-78.2364599,-0.0343935],[-78.2367083,-0.034471],[-78.2374299,-0.0345956],[-78.2374047,-0.0342251],[-78.2372276,-0.0341903],[-78.2372776,-0.033826],[-78.2371716,-0.0337983],[-78.2370516,-0.0341504],[-78.236769,-0.0340737],[-78.2366424,-0.03387],[-78.2364192,-0.0339853]]],[[[-78.2370589,-0.0337808],[-78.2369678,-0.0337187],[-78.2368448,-0.0338741],[-78.2369627,-0.0339627],[-78.2370589,-0.0337808]]],[[[-78.2369573,-0.0336275],[-78.2371182,-0.0337382],[-78.2373604,-0.0337842],[-78.2377296,-0.0336923],[-78.2376971,-0.0331318],[-78.2373835,-0.0331318],[-78.2369573,-0.0336275]]],[[[-78.2361617,-0.0334177],[-78.2361698,-0.0331996],[-78.2362376,-0.033002],[-78.2363566,-0.0328324],[-78.2365371,-0.0327286],[-78.2365873,-0.0326362],[-78.2365851,-0.0324814],[-78.236531,-0.0324222],[-78.2362037,-0.0323986],[-78.23599,-0.0324922],[-78.2358975,-0.0324704],[-78.236047,-0.032769],[-78.236093,-0.033114],[-78.235871,-0.03386],[-78.236043,-0.034051],[-78.236014,-0.034251],[-78.2363426,-0.0340405],[-78.2361617,-0.0334177]]],[[[-78.2287593,-0.0310357],[-78.2284286,-0.0307567],[-78.228301,-0.0306777],[-78.228298,-0.0309908],[-78.2286551,-0.03126],[-78.2289096,-0.0314094],[-78.2289783,-0.031147],[-78.2287593,-0.0310357]]],[[[-78.2295503,-0.0297306],[-78.229804,-0.0290207],[-78.2292218,-0.028686],[-78.2290633,-0.0290826],[-78.2286002,-0.0289027],[-78.2286085,-0.0293092],[-78.2289647,-0.0294456],[-78.2288182,-0.0297759],[-78.2285156,-0.0296696],[-78.2284362,-0.0299661],[-78.2291244,-0.0303337],[-78.2292694,-0.0303811],[-78.2295503,-0.0297306]]],[[[-78.2293103,-0.0278916],[-78.2295416,-0.0274368],[-78.2292347,-0.0272638],[-78.229081,-0.027694],[-78.2287831,-0.0276401],[-78.2287265,-0.0278594],[-78.2287499,-0.0280814],[-78.2288848,-0.0280915],[-78.2292666,-0.0282101],[-78.2299635,-0.0286608],[-78.2300559,-0.0284752],[-78.2300863,-0.0283158],[-78.2293103,-0.0278916]]],[[[-78.229209,-0.0265859],[-78.2291078,-0.0272307],[-78.2292641,-0.0272419],[-78.2294733,-0.0266953],[-78.229209,-0.0265859]]],[[[-78.2368662,-0.0223],[-78.2368568,-0.0206942],[-78.2372674,-0.0200245],[-78.2373626,-0.0199688],[-78.2378595,-0.0199074],[-78.2376191,-0.0198027],[-78.2374514,-0.0197842],[-78.2371992,-0.0198578],[-78.2369165,-0.0200051],[-78.2358539,-0.0207152],[-78.23578,-0.021176],[-78.235603,-0.021566],[-78.23563,-0.02232],[-78.235581,-0.023483],[-78.23541,-0.024329],[-78.235408,-0.025914],[-78.235511,-0.027026],[-78.23565,-0.02777],[-78.235576,-0.028628],[-78.235573,-0.029588],[-78.235586,-0.030423],[-78.235656,-0.031133],[-78.235584,-0.031557],[-78.235682,-0.031989],[-78.2358199,-0.0322541],[-78.2358664,-0.0320303],[-78.2359762,-0.031751],[-78.2360099,-0.0315048],[-78.2360699,-0.0308353],[-78.2360308,-0.0305374],[-78.2360369,-0.030299],[-78.2360842,-0.030093],[-78.2362005,-0.0298427],[-78.236376,-0.029696],[-78.2365564,-0.02965],[-78.2367714,-0.0296678],[-78.2373915,-0.0297571],[-78.2375734,-0.029846],[-78.2377232,-0.0300053],[-78.2377671,-0.0299751],[-78.237698,-0.0298203],[-78.2373791,-0.0294702],[-78.2372605,-0.0293661],[-78.2367101,-0.0290298],[-78.2365916,-0.0288532],[-78.2364476,-0.0283608],[-78.2363717,-0.0282428],[-78.2362542,-0.0281419],[-78.2358659,-0.0279634],[-78.2358313,-0.0278762],[-78.2358479,-0.0278081],[-78.2359614,-0.0277133],[-78.2360293,-0.027697],[-78.2363013,-0.0277328],[-78.2363113,-0.0276969],[-78.2358036,-0.0273008],[-78.2357066,-0.0271731],[-78.2357113,-0.0270029],[-78.2357688,-0.0269174],[-78.2358968,-0.0268509],[-78.2360503,-0.0268544],[-78.2362955,-0.0269526],[-78.236407,-0.0270297],[-78.2369777,-0.0276404],[-78.2371989,-0.027975],[-78.2376696,-0.02834],[-78.2381426,-0.0284765],[-78.2383495,-0.0285715],[-78.2385686,-0.0287334],[-78.2387399,-0.0289683],[-78.2388383,-0.0290248],[-78.2387953,-0.0289233],[-78.2383309,-0.0284902],[-78.2381678,-0.0283791],[-78.2377111,-0.0282079],[-78.2373425,-0.0277434],[-78.2372469,-0.0272933],[-78.2367245,-0.0262791],[-78.236264,-0.0250716],[-78.2360051,-0.0247743],[-78.2359312,-0.0247244],[-78.2356903,-0.0246584],[-78.2356306,-0.0246],[-78.2356894,-0.0243824],[-78.2357913,-0.0242951],[-78.2359343,-0.0242602],[-78.2360658,-0.0242682],[-78.2362747,-0.0243409],[-78.2369298,-0.0249858],[-78.2379495,-0.0262003],[-78.2375392,-0.0252978],[-78.2372302,-0.0245036],[-78.2370187,-0.0236353],[-78.2368662,-0.0223]]],[[[-78.2293091,-0.0241473],[-78.2291038,-0.0242242],[-78.2287726,-0.0244556],[-78.2287422,-0.0246093],[-78.2287471,-0.0248907],[-78.2287762,-0.0252118],[-78.2288183,-0.0252892],[-78.229551,-0.0247885],[-78.2293091,-0.0241473]]],[[[-78.229649,-0.0234836],[-78.2295753,-0.0231214],[-78.2295055,-0.0229994],[-78.2288301,-0.0231568],[-78.2288196,-0.0236445],[-78.2283944,-0.0236523],[-78.2285193,-0.0239431],[-78.2289278,-0.0238684],[-78.2289017,-0.0238143],[-78.229649,-0.0234836]]],[[[-78.2292911,-0.0223062],[-78.2293281,-0.0222469],[-78.229311,-0.0220719],[-78.2279186,-0.0217362],[-78.2280504,-0.0212485],[-78.2272631,-0.0210153],[-78.2272698,-0.0208967],[-78.2267412,-0.0209866],[-78.2267127,-0.0210583],[-78.226784,-0.0214313],[-78.2267555,-0.0224571],[-78.2269692,-0.0223853],[-78.2275431,-0.0224333],[-78.2281844,-0.0224343],[-78.2289842,-0.0223014],[-78.2292911,-0.0223062]]],[[[-78.2294104,-0.0213461],[-78.2293175,-0.0213491],[-78.2292136,-0.0214036],[-78.2289098,-0.0214339],[-78.229196,-0.0216222],[-78.2293397,-0.021896],[-78.2293955,-0.0223276],[-78.229348,-0.0224017],[-78.229278,-0.0224053],[-78.2292911,-0.0225381],[-78.2311132,-0.0221142],[-78.2312431,-0.0219355],[-78.2312145,-0.0217304],[-78.2313175,-0.0215267],[-78.2297238,-0.0216348],[-78.2296598,-0.0215076],[-78.2294104,-0.0213461]]],[[[-78.2303301,-0.0208438],[-78.2305248,-0.0207351],[-78.2307025,-0.0205242],[-78.2306626,-0.0203272],[-78.2305225,-0.0200164],[-78.2301413,-0.019633],[-78.2299668,-0.0195397],[-78.2297779,-0.0195385],[-78.2295206,-0.0196166],[-78.229476,-0.0203148],[-78.2298142,-0.020454],[-78.229866,-0.0202806],[-78.22985,-0.0201964],[-78.2303301,-0.0208438]]],[[[-78.2296898,-0.0194969],[-78.2299608,-0.0194793],[-78.2301321,-0.0190526],[-78.2298548,-0.0188034],[-78.2295521,-0.0195555],[-78.2296898,-0.0194969]]],[[[-78.2286755,-0.0187233],[-78.2289872,-0.0190342],[-78.2291006,-0.0191683],[-78.2291946,-0.0190185],[-78.2288331,-0.018554],[-78.2286755,-0.0187233]]],[[[-78.2311429,-0.0186392],[-78.2310201,-0.0181552],[-78.2306303,-0.0183603],[-78.2308706,-0.0188499],[-78.2311318,-0.018736],[-78.2311429,-0.0186392]]],[[[-78.2348672,-0.0211022],[-78.2350467,-0.0208053],[-78.2351625,-0.0204736],[-78.2352809,-0.0204315],[-78.2354194,-0.0202235],[-78.2355144,-0.0201501],[-78.235681,-0.0199214],[-78.2358436,-0.0197784],[-78.2359854,-0.0195747],[-78.2360732,-0.0195008],[-78.2360937,-0.0190591],[-78.2363038,-0.018784],[-78.2365565,-0.0180236],[-78.236606,-0.0177158],[-78.2363205,-0.0174127],[-78.2361388,-0.0171432],[-78.2359951,-0.0167599],[-78.2359457,-0.0165208],[-78.2359157,-0.0147287],[-78.2349692,-0.0151831],[-78.2349471,-0.0152558],[-78.2349452,-0.0157206],[-78.2351922,-0.0162485],[-78.2352703,-0.0167176],[-78.2351853,-0.0167272],[-78.2354592,-0.0181414],[-78.2354497,-0.0184666],[-78.2353984,-0.0187573],[-78.2349892,-0.0199327],[-78.2347633,-0.0204391],[-78.2344177,-0.0209792],[-78.2344092,-0.0212138],[-78.2344348,-0.0213128],[-78.2345944,-0.0215734],[-78.2347734,-0.0216342],[-78.2348672,-0.0211022]]],[[[-78.2313499,-0.01751],[-78.2313139,-0.0180711],[-78.2314369,-0.0181006],[-78.2314531,-0.0182578],[-78.2314881,-0.018293],[-78.2316906,-0.0182578],[-78.2317559,-0.0180939],[-78.2317002,-0.0176277],[-78.2316454,-0.0176423],[-78.2316025,-0.0174533],[-78.2313499,-0.01751]]],[[[-78.2296221,-0.0180335],[-78.2298216,-0.0178087],[-78.2298851,-0.01765],[-78.2303933,-0.0180086],[-78.2304111,-0.0175915],[-78.2303608,-0.0171562],[-78.2303786,-0.016932],[-78.2301517,-0.017058],[-78.2300041,-0.0170981],[-78.2297228,-0.0168836],[-78.2293505,-0.0173065],[-78.2290064,-0.0169995],[-78.2287,-0.0173754],[-78.2286547,-0.0172768],[-78.2285568,-0.0171901],[-78.2283638,-0.0171483],[-78.2281293,-0.0171632],[-78.2278876,-0.0172585],[-78.2282124,-0.0163563],[-78.2282024,-0.0156918],[-78.2275652,-0.0157974],[-78.2272802,-0.015899],[-78.2270309,-0.0160096],[-78.2267281,-0.0162576],[-78.2261224,-0.0169659],[-78.2259236,-0.017665],[-78.2261775,-0.0177399],[-78.2277777,-0.0175622],[-78.2277815,-0.0174558],[-78.227864,-0.0173293],[-78.2286233,-0.0175338],[-78.2290828,-0.0179687],[-78.2292747,-0.0180796],[-78.2294419,-0.0180203],[-78.2296221,-0.0180335]]],[[[-78.2309816,-0.0177032],[-78.2309201,-0.0174208],[-78.2308213,-0.017267],[-78.2307049,-0.0175977],[-78.2307441,-0.0177575],[-78.2309816,-0.0177032]]],[[[-78.2314082,-0.0168036],[-78.2312505,-0.0164503],[-78.2310229,-0.0168866],[-78.2308634,-0.0167127],[-78.2306982,-0.0170007],[-78.2309113,-0.0171177],[-78.2308554,-0.0172242],[-78.2308961,-0.0172709],[-78.2314282,-0.0170907],[-78.2314082,-0.0168036]]],[[[-78.2305581,-0.0159962],[-78.2306266,-0.0161249],[-78.2306183,-0.0162611],[-78.2306659,-0.0162827],[-78.2308873,-0.0158718],[-78.2308972,-0.0157633],[-78.2308486,-0.0156889],[-78.2307472,-0.0156639],[-78.2303393,-0.0157754],[-78.2305581,-0.0159962]]],[[[-78.2307063,-0.0148693],[-78.2305605,-0.0152171],[-78.2305147,-0.0154366],[-78.2310176,-0.0154369],[-78.2311541,-0.0149476],[-78.2307063,-0.0148693]]],[[[-78.2312444,-0.0148103],[-78.2311778,-0.0149623],[-78.2312701,-0.0150197],[-78.2313058,-0.014999],[-78.2313212,-0.0149033],[-78.2312927,-0.014834],[-78.2312444,-0.0148103]]],[[[-78.2330717,-0.0149555],[-78.2330659,-0.0140233],[-78.2326707,-0.0141385],[-78.2325368,-0.0136766],[-78.2328775,-0.0135142],[-78.2330484,-0.0134672],[-78.2330042,-0.0131677],[-78.23278,-0.0125958],[-78.2326516,-0.0120851],[-78.2325071,-0.0121788],[-78.2324251,-0.012278],[-78.2321819,-0.0126656],[-78.2318912,-0.013557],[-78.2317502,-0.0138158],[-78.2319104,-0.0139576],[-78.2319199,-0.0140312],[-78.2320161,-0.0140809],[-78.2322213,-0.0139194],[-78.2323004,-0.0140763],[-78.2321089,-0.0142005],[-78.232198,-0.0144386],[-78.232052,-0.0144963],[-78.2320796,-0.0148023],[-78.2322504,-0.014734],[-78.2324492,-0.0147003],[-78.2325206,-0.0150891],[-78.2330717,-0.0149555]]],[[[-78.2315518,-0.0141437],[-78.2313918,-0.0146103],[-78.231303,-0.0147727],[-78.2313391,-0.0147558],[-78.2318527,-0.0151407],[-78.2320262,-0.0148096],[-78.2319324,-0.0143305],[-78.2318135,-0.014099],[-78.2315518,-0.0141437]]],[[[-78.2312187,-0.0148007],[-78.2313411,-0.014591],[-78.2314918,-0.0141537],[-78.2312975,-0.0142341],[-78.2308225,-0.014689],[-78.2312187,-0.0148007]]],[[[-78.2333432,-0.0133388],[-78.2329172,-0.0116359],[-78.2327519,-0.0114078],[-78.2324982,-0.0112787],[-78.2322332,-0.0112543],[-78.2320793,-0.0112916],[-78.2311288,-0.0120648],[-78.2310291,-0.0121939],[-78.230995,-0.0123429],[-78.2311423,-0.0122706],[-78.2317484,-0.0117867],[-78.2320847,-0.0116126],[-78.2322937,-0.0115935],[-78.2324685,-0.0116471],[-78.2326167,-0.0118192],[-78.2326755,-0.0119416],[-78.2328921,-0.0127527],[-78.2330802,-0.0131735],[-78.2331304,-0.0134588],[-78.2332681,-0.0134472],[-78.2334102,-0.0145444],[-78.2333065,-0.014701],[-78.2332797,-0.0149347],[-78.2331408,-0.0149604],[-78.2328621,-0.0158009],[-78.2329049,-0.0164336],[-78.2328906,-0.0166846],[-78.2329682,-0.016786],[-78.2330067,-0.0167139],[-78.2331618,-0.0165842],[-78.2330167,-0.016482],[-78.2329673,-0.0163978],[-78.2328915,-0.0160974],[-78.2329071,-0.0160099],[-78.2333932,-0.0149137],[-78.2334436,-0.0145885],[-78.2333432,-0.0133388]]],[[[-78.2318107,-0.0139918],[-78.2317395,-0.0138806],[-78.2314604,-0.0137694],[-78.2313,-0.0137498],[-78.2311417,-0.014256],[-78.2314011,-0.0140707],[-78.2317704,-0.0140252],[-78.2318107,-0.0139918]]],[[[-78.2321922,-0.0111866],[-78.23249,-0.0112304],[-78.2327038,-0.0113212],[-78.2328225,-0.0113989],[-78.2329484,-0.011552],[-78.2330588,-0.0118951],[-78.2333949,-0.0133715],[-78.2335136,-0.014451],[-78.2334899,-0.0147977],[-78.2333842,-0.015136],[-78.2330469,-0.015821],[-78.2329495,-0.0160936],[-78.2329911,-0.0163315],[-78.2330844,-0.0164728],[-78.2332003,-0.0165601],[-78.233363,-0.0164021],[-78.2334837,-0.0164083],[-78.2335263,-0.0162913],[-78.2336567,-0.0162235],[-78.2336553,-0.0160481],[-78.2337348,-0.0159672],[-78.233788,-0.0157933],[-78.2338632,-0.0157478],[-78.2338798,-0.0156207],[-78.2339496,-0.0155829],[-78.2339701,-0.0153811],[-78.2340492,-0.0153212],[-78.234036,-0.0150536],[-78.2341584,-0.0149015],[-78.234158,-0.0147976],[-78.2342125,-0.0146309],[-78.234215,-0.0145193],[-78.2341531,-0.0143582],[-78.2341859,-0.0143299],[-78.2342816,-0.014331],[-78.2343379,-0.0142843],[-78.2343257,-0.0138189],[-78.2343585,-0.0135816],[-78.2344234,-0.0134223],[-78.2345036,-0.0133711],[-78.234536,-0.0132081],[-78.2345861,-0.0131208],[-78.2345656,-0.0129882],[-78.2345931,-0.0128238],[-78.2344403,-0.0117044],[-78.2342705,-0.011544],[-78.2342058,-0.0115949],[-78.2341322,-0.011583],[-78.2339579,-0.0114852],[-78.2332846,-0.0109257],[-78.2331112,-0.0108384],[-78.232907,-0.0108205],[-78.2327704,-0.0108552],[-78.2321922,-0.0111866]]],[[[-78.2321254,-0.0127075],[-78.2324251,-0.0121956],[-78.2326312,-0.0120191],[-78.232554,-0.0118479],[-78.232459,-0.0117293],[-78.2322937,-0.0116394],[-78.2321721,-0.0116394],[-78.2319916,-0.0117006],[-78.2316781,-0.0118881],[-78.2310606,-0.0123816],[-78.2309603,-0.0125031],[-78.2302779,-0.0136438],[-78.2301187,-0.0139259],[-78.2301021,-0.0140216],[-78.230184,-0.014073],[-78.2303265,-0.0140598],[-78.2310877,-0.0137227],[-78.2312969,-0.0136866],[-78.2313224,-0.0135867],[-78.2317242,-0.0135089],[-78.2318624,-0.0135313],[-78.2321254,-0.0127075]]],[[[-78.2309707,-0.0118181],[-78.231197,-0.0118044],[-78.2313763,-0.0117278],[-78.2319248,-0.0112961],[-78.2321093,-0.0110918],[-78.2323021,-0.0109389],[-78.231616,-0.0112294],[-78.2316057,-0.0112043],[-78.2323876,-0.0108733],[-78.2325309,-0.010772],[-78.2328515,-0.0106794],[-78.2331751,-0.0107392],[-78.2334512,-0.0108707],[-78.2337332,-0.0111008],[-78.2340954,-0.0114595],[-78.2341593,-0.0115111],[-78.2342267,-0.0115026],[-78.2336506,-0.0109451],[-78.2333941,-0.0107461],[-78.2330616,-0.0106122],[-78.2326854,-0.0106122],[-78.2310818,-0.0112281],[-78.2311163,-0.0114075],[-78.2310289,-0.0115428],[-78.2309707,-0.0118181]]],[[[-78.2194526,-0.0828154],[-78.2198175,-0.0844325],[-78.2201138,-0.0850676],[-78.2203358,-0.0852877],[-78.2205851,-0.0849765],[-78.2197747,-0.0828966],[-78.2194174,-0.0820673],[-78.2194526,-0.0828154]]],[[[-78.2184952,-0.0796579],[-78.2183184,-0.0798925],[-78.2183141,-0.0799899],[-78.2184502,-0.0801185],[-78.2187066,-0.0802167],[-78.2184952,-0.0796579]]],[[[-78.2281878,-0.0332622],[-78.2282471,-0.0330865],[-78.2277414,-0.0328616],[-78.2276215,-0.0331179],[-78.22771,-0.0331811],[-78.227796,-0.0331699],[-78.2280289,-0.0333059],[-78.2281878,-0.0332622]]],[[[-78.2276149,-0.0321057],[-78.2275687,-0.0323714],[-78.2276417,-0.032373],[-78.2277878,-0.0320733],[-78.2276149,-0.0321057]]],[[[-78.2282474,-0.0309656],[-78.2282285,-0.0306579],[-78.2280095,-0.0306393],[-78.227411,-0.0307081],[-78.2274875,-0.0312495],[-78.2279439,-0.0312305],[-78.2281743,-0.0312692],[-78.2282474,-0.0309656]]],[[[-78.2284942,-0.0295588],[-78.2285468,-0.0292491],[-78.2285461,-0.0288899],[-78.2282594,-0.0288648],[-78.2279318,-0.0289038],[-78.2278244,-0.0292368],[-78.2276126,-0.0292445],[-78.227523,-0.0296192],[-78.2276196,-0.0296054],[-78.2276219,-0.029928],[-78.2279317,-0.0299011],[-78.2283567,-0.0299306],[-78.2284446,-0.0296319],[-78.2284942,-0.0295588]]],[[[-78.2278673,-0.0253253],[-78.2280603,-0.0252637],[-78.2283477,-0.0252254],[-78.228679,-0.0253014],[-78.2287209,-0.0252363],[-78.2286664,-0.0249409],[-78.2286365,-0.0244494],[-78.2279531,-0.0245609],[-78.2277659,-0.0245624],[-78.2276778,-0.0240633],[-78.2275701,-0.024081],[-78.2271867,-0.0242997],[-78.2274114,-0.0246761],[-78.2278673,-0.0253253]]],[[[-78.2279174,-0.0230435],[-78.2275206,-0.0226284],[-78.2272997,-0.0230671],[-78.2273021,-0.0233218],[-78.2273772,-0.0238363],[-78.2283333,-0.0236671],[-78.2279174,-0.0230435]]],[[[-78.2275763,-0.0225631],[-78.227904,-0.0229277],[-78.2282508,-0.0234228],[-78.2282222,-0.0228762],[-78.2283222,-0.0224687],[-78.227606,-0.0224889],[-78.2275763,-0.0225631]]],[[[-78.2280952,-0.0209685],[-78.2281903,-0.0210938],[-78.2284313,-0.0212899],[-78.2287645,-0.0213919],[-78.2289908,-0.0213613],[-78.2281381,-0.0209376],[-78.2280952,-0.0209685]]],[[[-78.2273464,-0.020055],[-78.2271307,-0.0200936],[-78.226846,-0.0202023],[-78.2268135,-0.0203049],[-78.2278676,-0.0201616],[-78.2278745,-0.0200981],[-78.2273464,-0.020055]]],[[[-78.2280416,-0.0186625],[-78.228524,-0.0177866],[-78.2279779,-0.0175757],[-78.2278086,-0.018012],[-78.2277107,-0.0181256],[-78.2276008,-0.0181585],[-78.2275682,-0.0185261],[-78.227586,-0.0186068],[-78.2280416,-0.0186625]]]]}}
]
}
