{"type": "FeatureCollection", "features": [{"type": "Feature", "properties": {"id": "{c1c42964-adec-4080-9118-b14d0343ea21}", "cod_poligono": "1702521010087", "num_predio": 1, "codigo_final": "S-C-P001", "propietario": "IMBAQUINGO SOPALO MARIA TERESA", "parroquia": "CANGAHUA", "caudal_tipo": "Recibe la Comunidad", "tiene_reservorio": "Comunitario", "foto_predio": "DCIM/JPEG_20260521151302574.jpg", "creado_por": "u0_a2", "fecha_creacion": "2026-05-21T10:04:32.441Z", "apellidos": "IMBAQUINGO SOPALO", "nombres": "MARIA TERESA", "clave_catastral": "1702521010087", "telefono_celular": "0991733522", "hijos_hombres": 3, "hijos_mujeres": 3, "sector": "Guang-Porotog", "tenencia_predio": "Sin Escritura", "nivel_instruccion": "Alfabetizado", "area_total": 3430.35, "org_riego": "GUANGUILQUI POROTOG", "sector_comunidad": "LARCACHACA GUASIPUNGO", "canal": "GUANGUILQUI POROTOG", "area_sin_riego": 3430.35, "frecuencia_riego": "Semanal", "metodo_aspersion_pct": 100, "dias_riego": 2, "horas_turno": 24, "valor_tarifa": 3.0, "tipo_tarifa": "fijo mensual", "agua_consumo": 1, "energia_electrica": 1, "material_construccion": "MIXTA", "cota_msnm": 3585.0, "conoce_presa": "Sí", "como_elige_dir": "Asamblea general", "nom_presidente": "JOAQUIN TIPANLUISA", "operador_sector": "ROBERTO HAIGAJE", "anios_sistema": 11, "km_canal": 63.0, "recibio_capacitacion": "Sí", "le_gustaria_cap": "Sí", "temas_capacitacion": "AGRICULTURA", "cedula": "1707246649", "caudal_valor": 28.6, "coord_x_utm": 819320.32, "coord_y_utm": 9988966.15, "soberania_aliment_pct": 50, "act_productivas_pct": 50, "actividad_productiva": "Empresarial"}, "geometry": {"type": "Point", "coordinates": [-78.131552, -0.099701]}}, {"type": "Feature", "properties": {"id": "{05df2916-b6ed-440e-8ffa-02db4e6d1f50}", "cod_poligono": "1702521470029", "num_predio": 2, "codigo_final": "S-C-P002", "propietario": "IMBAQUINGO ULCUANGO CESAR", "parroquia": "CANGAHUA", "caudal_tipo": "Recibe la Comunidad", "tiene_reservorio": "Comunitario", "foto_predio": "DCIM/JPEG_20260521152805952.jpg", "creado_por": "u0_a2", "fecha_creacion": "2026-05-21T10:19:59.161Z", "apellidos": "SOPALO TIPANLUISA", "nombres": "ROSA CARMEN", "clave_catastral": "1702521470029", "hijos_hombres": 2, "hijos_mujeres": 2, "sector": "Guang-Porotog", "tenencia_predio": "Escritura", "nivel_instruccion": "Primaria", "area_total": 14991.66, "org_riego": "GUANGUILQUI POROTOG", "sector_comunidad": "LARCACHACA GUASIPUNGO", "canal": "GUANGUILQUI POROTOG", "area_sin_riego": 14991.66, "frecuencia_riego": "Semanal", "metodo_aspersion_pct": 100, "dias_riego": 1, "horas_turno": 24, "valor_tarifa": 3.0, "tipo_tarifa": "fijo mensual", "agua_consumo": 1, "energia_electrica": 1, "material_construccion": "MIXTA", "cota_msnm": 3510.0, "conoce_presa": "Sí", "como_elige_dir": "Asamblea general", "nom_presidente": "JOAQUIN TIPANLUISA", "operador_sector": "ROBERTO HAIGAJE", "anios_sistema": 11, "km_canal": 63.0, "recibio_capacitacion": "Sí", "le_gustaria_cap": "Sí", "temas_capacitacion": "AGRICULTURA - RIEGO", "cedula": "1710820612", "caudal_valor": 28.6, "coord_x_utm": 820675.04, "coord_y_utm": 9989256.15, "soberania_aliment_pct": 50, "act_productivas_pct": 50, "actividad_productiva": "Empresarial"}, "geometry": {"type": "Point", "coordinates": [-78.119393, -0.097079]}}, {"type": "Feature", "properties": {"id": "{b7986ba6-deb9-4730-b890-1dd7c1600f37}", "cod_poligono": "1702521050020", "num_predio": 3, "codigo_final": "S-C-P003", "propietario": "SOPALO TIPANLUISA ROSA CARMEN", "parroquia": "CANGAHUA", "caudal_tipo": "Recibe la Comunidad", "tiene_reservorio": "Comunitario", "foto_predio": "DCIM/JPEG_20260521153639844.jpg", "creado_por": "u0_a2", "fecha_creacion": "2026-05-21T10:32:15.639Z", "apellidos": "SOPALO TIPANLUISA", "nombres": "ROSA CARMEN", "clave_catastral": "1702521050020", "telefono_celular": "0980975250", "hijos_hombres": 2, "hijos_mujeres": 2, "sector": "Guang-Porotog", "tenencia_predio": "Sin Escritura", "nivel_instruccion": "Primaria", "area_total": 3384.36, "org_riego": "GUANGUILQUI POROTOG", "sector_comunidad": "LARCACHACA GUASIPUNGO", "canal": "GUANGUILQUI POROTOG", "area_sin_riego": 3384.36, "frecuencia_riego": "Semanal", "metodo_aspersion_pct": 100, "dias_riego": 1, "horas_turno": 24, "valor_tarifa": 3.0, "tipo_tarifa": "fijo mensual", "agua_consumo": 1, "energia_electrica": 1, "material_construccion": "MIXTA", "cota_msnm": 3520.0, "conoce_presa": "Sí", "como_elige_dir": "Asamblea general", "nom_presidente": "JOAQUIN TIPANLUISA", "operador_sector": "ROBERTO HAIGAJE", "anios_sistema": 11, "km_canal": 63.0, "recibio_capacitacion": "Sí", "le_gustaria_cap": "Sí", "temas_capacitacion": "AGRICULTURA - RIEGO", "cedula": "1710820612", "caudal_valor": 28.6, "coord_x_utm": 820787.84, "coord_y_utm": 9989479.05, "soberania_aliment_pct": 50, "act_productivas_pct": 50, "actividad_productiva": "Empresarial"}, "geometry": {"type": "Point", "coordinates": [-78.118381, -0.095065]}}, {"type": "Feature", "properties": {"id": "{49db6aeb-39b2-425c-8c56-17b0f7a496af}", "cod_poligono": "1702521010036", "num_predio": 4, "codigo_final": "S-C-P004", "propietario": "IMBAQUINGO ULCUANGO CESAR", "parroquia": "CANGAHUA", "caudal_tipo": "Recibe la Comunidad", "tiene_reservorio": "Comunitario", "foto_predio": "DCIM/JPEG_20260521154117595.jpg", "creado_por": "u0_a2", "fecha_creacion": "2026-05-21T10:37:54.037Z", "apellidos": "IMBAQUINGO ULCUANGO", "nombres": "CESAR", "clave_catastral": "1702521010036", "telefono_celular": "0980975250", "hijos_hombres": 2, "hijos_mujeres": 2, "sector": "Guang-Porotog", "tenencia_predio": "Escritura", "nivel_instruccion": "Primaria", "area_total": 8139.6, "org_riego": "GUANGUILQUI POROTOG", "sector_comunidad": "LARCACHACA GUASIPUNGO", "canal": "GUANGUILQUI POROTOG", "area_sin_riego": 8139.6, "frecuencia_riego": "Semanal", "metodo_aspersion_pct": 100, "dias_riego": 2, "horas_turno": 24, "valor_tarifa": 3.0, "tipo_tarifa": "fijo mensual", "agua_consumo": 1, "energia_electrica": 1, "material_construccion": "MIXTA", "cota_msnm": 3530.0, "conoce_presa": "Sí", "como_elige_dir": "Asamblea general", "nom_presidente": "JOAQUIN TIPANLUISA", "operador_sector": "ROBERTO HAIGAJE", "anios_sistema": 11, "km_canal": 63.0, "recibio_capacitacion": "Sí", "le_gustaria_cap": "Sí", "temas_capacitacion": "AGRICULTURA - RIEGO", "cedula": "1709940108", "caudal_valor": 28.6, "coord_x_utm": 819033.55, "coord_y_utm": 9989460.41, "soberania_aliment_pct": 50, "act_productivas_pct": 50, "actividad_productiva": "Empresarial"}, "geometry": {"type": "Point", "coordinates": [-78.134126, -0.095235]}}, {"type": "Feature", "properties": {"id": "{8dd51ea8-d83b-486f-8903-654e2324b427}", "cod_poligono": "1702521470025", "num_predio": 5, "codigo_final": "S-C-P005", "propietario": "IMBAQUINGO ULCUANGO CESAR", "parroquia": "CANGAHUA", "caudal_tipo": "Recibe la Comunidad", "tiene_reservorio": "Comunitario", "foto_predio": "DCIM/JPEG_20260521154715462.jpg", "creado_por": "u0_a2", "fecha_creacion": "2026-05-21T10:42:26.116Z", "apellidos": "IMBAQUINGO SOPANO", "nombres": "BYRON PAUL", "clave_catastral": "1702521470025", "telefono_celular": "0990225448", "hijos_hombres": 1, "hijos_mujeres": 2, "sector": "Guang-Porotog", "tenencia_predio": "Sin Escritura", "nivel_instruccion": "Secundaria", "area_total": 9319.91, "org_riego": "GUANGUILQUI POROTOG", "sector_comunidad": "LARCACHACA GUASIPUNGO", "canal": "GUANGUILQUI POROTOG", "area_sin_riego": 9319.91, "frecuencia_riego": "Semanal", "metodo_aspersion_pct": 100, "dias_riego": 1, "horas_turno": 24, "valor_tarifa": 3.0, "tipo_tarifa": "fijo mensual", "agua_consumo": 1, "energia_electrica": 1, "cota_msnm": 3520.0, "conoce_presa": "Sí", "como_elige_dir": "Asamblea general", "nom_presidente": "JOAQUIN TIPANLUISA", "operador_sector": "ROBERTO HAIGAJE", "anios_sistema": 11, "km_canal": 63.0, "recibio_capacitacion": "Sí", "le_gustaria_cap": "Sí", "temas_capacitacion": "AGRICULTURA - RIEGO", "cedula": "1724637325", "caudal_valor": 28.6, "coord_x_utm": 820851.5, "coord_y_utm": 9989167.9, "soberania_aliment_pct": 50, "act_productivas_pct": 50, "actividad_productiva": "Empresarial"}, "geometry": {"type": "Point", "coordinates": [-78.117809, -0.097877]}}, {"type": "Feature", "properties": {"id": "{1015a0eb-5a24-4896-8a5b-a94121586e11}", "cod_poligono": "1702521470027", "num_predio": 6, "codigo_final": "S-C-P006", "propietario": "IMBAQUINGO ULCUANGO CESAR", "parroquia": "CANGAHUA", "caudal_tipo": "Recibe la Comunidad", "tiene_reservorio": "Comunitario", "foto_predio": "DCIM/JPEG_20260521155126637.jpg", "creado_por": "u0_a2", "fecha_creacion": "2026-05-21T10:48:16.738Z", "apellidos": "SOPALO SOPALO", "nombres": "VICTOR ELOY", "clave_catastral": "1702521470027", "telefono_celular": "0990859699", "hijos_hombres": 2, "sector": "Guang-Porotog", "tenencia_predio": "Sin Escritura", "nivel_instruccion": "Secundaria", "area_total": 5516.31, "org_riego": "GUANGUILQUI POROTOG", "sector_comunidad": "LARCACHACA GUASIPUNGO", "canal": "GUANGUILQUI POROTOG", "area_sin_riego": 5516.31, "frecuencia_riego": "Semanal", "metodo_aspersion_pct": 100, "dias_riego": 1, "horas_turno": 24, "valor_tarifa": 3.0, "tipo_tarifa": "fijo mensual", "agua_consumo": 1, "energia_electrica": 1, "material_construccion": "MIXTA", "cota_msnm": 3520.0, "conoce_presa": "Sí", "como_elige_dir": "Asamblea general", "nom_presidente": "JOAQUIN TIPANLUISA", "operador_sector": "ROBERTO HAIGAJE", "anios_sistema": 11, "km_canal": 63.0, "recibio_capacitacion": "Sí", "le_gustaria_cap": "Sí", "temas_capacitacion": "AGRICULTURA - RIEGO", "cedula": "1725224883", "caudal_valor": 28.6, "coord_x_utm": 820810.92, "coord_y_utm": 9989186.32, "soberania_aliment_pct": 50, "act_productivas_pct": 50, "actividad_productiva": "Empresarial"}, "geometry": {"type": "Point", "coordinates": [-78.118173, -0.09771]}}, {"type": "Feature", "properties": {"id": "{490f4f26-c493-4a1c-b96d-e25ed2639e5b}", "cod_poligono": "1702521040096", "num_predio": 7, "codigo_final": "S-C-P007", "propietario": "IMBAQUINGO ULCUANGO CESAR", "parroquia": "CANGAHUA", "caudal_tipo": "Recibe la Comunidad", "tiene_reservorio": "Comunitario", "foto_predio": "DCIM/JPEG_20260521155604459.jpg", "creado_por": "u0_a2", "fecha_creacion": "2026-05-21T10:52:16.044Z", "apellidos": "IMBAQUINGO SOPALO", "nombres": "BYRON PAUL", "clave_catastral": "1702521040096", "telefono_celular": "0983675003", "hijos_hombres": 1, "hijos_mujeres": 2, "sector": "Guang-Porotog", "tenencia_predio": "Sin Escritura", "nivel_instruccion": "Secundaria", "area_total": 4086.94, "org_riego": "GUANGUILQUI POROTOG", "sector_comunidad": "LARCACHACA GUASIPUNGO", "canal": "GUANGUILQUI POROTOG", "area_sin_riego": 4086.94, "frecuencia_riego": "Semanal", "metodo_aspersion_pct": 100, "dias_riego": 1, "horas_turno": 24, "valor_tarifa": 3.0, "tipo_tarifa": "fijo mensual", "agua_consumo": 1, "energia_electrica": 1, "material_construccion": "MIXTA", "cota_msnm": 3505.0, "conoce_presa": "Sí", "como_elige_dir": "Asamblea general", "nom_presidente": "JOAQUIN TIPANLUISA", "operador_sector": "ROBERTO HAIGAJE", "anios_sistema": 11, "km_canal": 63.0, "recibio_capacitacion": "Sí", "le_gustaria_cap": "Sí", "temas_capacitacion": "AGRICULTURA - RIEGO- SEMBRIOS", "cedula": "1724637325", "caudal_valor": 28.6, "coord_x_utm": 819202.57, "coord_y_utm": 9989927.5, "soberania_aliment_pct": 50, "act_productivas_pct": 50, "actividad_productiva": "Empresarial"}, "geometry": {"type": "Point", "coordinates": [-78.132609, -0.091014]}}, {"type": "Feature", "properties": {"id": "{7abeea3f-0636-4b6e-9d5c-84313ab10b9e}", "cod_poligono": "1702521040096", "num_predio": 8, "codigo_final": "S-C-P008", "propietario": "IMBAQUINGO ULCUANGO CESAR", "parroquia": "CANGAHUA", "caudal_tipo": "Recibe la Comunidad", "tiene_reservorio": "Comunitario", "foto_predio": "DCIM/JPEG_20260521160028959.jpg", "creado_por": "u0_a2", "fecha_creacion": "2026-05-21T10:58:10.657Z", "apellidos": "SOPALO SOPALO", "nombres": "VICTOR ELOY", "clave_catastral": "1702521040096", "telefono_celular": "0990859699", "hijos_hombres": 2, "sector": "Guang-Porotog", "tenencia_predio": "Sin Escritura", "nivel_instruccion": "Primaria", "area_total": 4086.94, "org_riego": "GUANGUILQUI POROTOG", "sector_comunidad": "LARCACHACA GUASIPUNGO", "canal": "GUANGUILQUI POROTOG", "area_sin_riego": 4086.94, "frecuencia_riego": "Semanal", "metodo_aspersion_pct": 100, "dias_riego": 1, "horas_turno": 24, "valor_tarifa": 3.0, "tipo_tarifa": "fijo mensual", "agua_consumo": 1, "energia_electrica": 1, "material_construccion": "MIXTA", "cota_msnm": 3510.0, "conoce_presa": "Sí", "como_elige_dir": "Asamblea general", "nom_presidente": "JOAQUIN TIPANLUISA", "operador_sector": "ROBERTO HAIGAJE", "anios_sistema": 11, "km_canal": 63.0, "recibio_capacitacion": "Sí", "le_gustaria_cap": "Sí", "temas_capacitacion": "AGRICULTURA - RIEGO- SEMBRIOS", "cedula": "1725224883", "caudal_valor": 28.6, "coord_x_utm": 819228.69, "coord_y_utm": 9989895.49, "soberania_aliment_pct": 50, "act_productivas_pct": 50, "actividad_productiva": "Empresarial"}, "geometry": {"type": "Point", "coordinates": [-78.132375, -0.091303]}}, {"type": "Feature", "properties": {"id": "{3b19a7eb-8645-4cb6-a282-693b112c92be}", "cod_poligono": "1702521010002", "num_predio": 9, "codigo_final": "S-C-P009", "propietario": "BANCO PROCREDIT S.A. BANCO PROCREDIT S.A.", "parroquia": "CANGAHUA", "caudal_tipo": "Recibe la Comunidad", "tiene_reservorio": "Comunitario", "foto_predio": "DCIM/JPEG_20260521160519669.jpg", "creado_por": "u0_a2", "fecha_creacion": "2026-05-21T11:01:38.404Z", "apellidos": "INBAQUINGO SOPALO", "nombres": "BYRON PAUL", "clave_catastral": "1702521010002", "telefono_celular": "0983675003", "hijos_hombres": 1, "hijos_mujeres": 2, "sector": "Guang-Porotog", "tenencia_predio": "Escritura", "nivel_instruccion": "Secundaria", "area_total": 4896.13, "org_riego": "GUANGUILQUI POROTOG", "sector_comunidad": "LARCACHACA GUASIPUNGO", "canal": "GUANGUILQUI POROTOG", "area_sin_riego": 4896.13, "frecuencia_riego": "Semanal", "metodo_aspersion_pct": 100, "dias_riego": 2, "horas_turno": 24, "valor_tarifa": 3.0, "tipo_tarifa": "fijo mensual", "agua_consumo": 1, "energia_electrica": 1, "cota_msnm": 3485.0, "conoce_presa": "Sí", "como_elige_dir": "Asamblea general", "nom_presidente": "JOAQUIN TIPANLUISA", "operador_sector": "ROBERTO HAIGAJE", "anios_sistema": 11, "km_canal": 63.0, "recibio_capacitacion": "Sí", "le_gustaria_cap": "Sí", "temas_capacitacion": "AGRICULTURA - RIEGO- SEMBRIOS", "cedula": "1724637325", "caudal_valor": 28.6, "coord_x_utm": 818705.15, "coord_y_utm": 9989682.46, "soberania_aliment_pct": 50, "act_productivas_pct": 50, "actividad_productiva": "Empresarial"}, "geometry": {"type": "Point", "coordinates": [-78.137074, -0.093229]}}, {"type": "Feature", "properties": {"id": "{e2286020-3488-4753-b4c3-649545484a00}", "cod_poligono": "1702521010002", "num_predio": 10, "codigo_final": "S-C-P010", "propietario": "BANCO PROCREDIT S.A. BANCO PROCREDIT S.A.", "parroquia": "CANGAHUA", "caudal_tipo": "Recibe la Comunidad", "tiene_reservorio": "Comunitario", "foto_predio": "DCIM/JPEG_20260521161231339.jpg", "creado_por": "u0_a2", "fecha_creacion": "2026-05-21T11:06:22.949Z", "apellidos": "SOPALO SOPALO", "nombres": "VICTOR ELOY", "clave_catastral": "1702521010002", "telefono_celular": "0990859699", "hijos_hombres": 2, "sector": "Guang-Porotog", "tenencia_predio": "Sin Escritura", "nivel_instruccion": "Primaria", "area_total": 4896.13, "org_riego": "GUANGUILQUI POROTOG", "sector_comunidad": "LARCACHACA GUASIPUNGO", "canal": "GUANGUILQUI POROTOG", "area_sin_riego": 4896.13, "frecuencia_riego": "Semanal", "metodo_aspersion_pct": 100, "dias_riego": 2, "horas_turno": 24, "valor_tarifa": 3.0, "tipo_tarifa": "fijo mensual", "agua_consumo": 1, "energia_electrica": 1, "cota_msnm": 3480.0, "conoce_presa": "Sí", "como_elige_dir": "Asamblea general", "nom_presidente": "JOAQUIN TIPANLUISA", "operador_sector": "ROBERTO HAIGAJE", "anios_sistema": 11, "km_canal": 63.0, "recibio_capacitacion": "Sí", "le_gustaria_cap": "Sí", "temas_capacitacion": "AGRICULTURA - RIEGO- SEMBRIOS", "cedula": "1725224883", "caudal_valor": 28.6, "coord_x_utm": 818671.73, "coord_y_utm": 9989668.97, "soberania_aliment_pct": 50, "act_productivas_pct": 50, "actividad_productiva": "Empresarial"}, "geometry": {"type": "Point", "coordinates": [-78.137374, -0.093351]}}, {"type": "Feature", "properties": {"id": "{7b889d03-e951-4379-bc6e-a8510ac38d2b}", "cod_poligono": "1702521470029", "num_predio": 11, "codigo_final": "S-C-P011", "propietario": "IMBAQUINGO ULCUANGO CESAR", "parroquia": "CANGAHUA", "caudal_tipo": "Recibe la Comunidad", "tiene_reservorio": "Comunitario", "foto_predio": "DCIM/JPEG_20260521162519679.jpg", "creado_por": "u0_a2", "fecha_creacion": "2026-05-21T11:20:41.395Z", "apellidos": "IMBAQUINGO SOPALO", "nombres": "BYRON PAUL", "clave_catastral": "1702521470029", "hijos_hombres": 1, "hijos_mujeres": 2, "sector": "Guang-Porotog", "tenencia_predio": "Sin Escritura", "nivel_instruccion": "Secundaria", "area_total": 14991.66, "org_riego": "GUANGUILQUI POROTOG", "sector_comunidad": "LARCACHACA GUASIPUNGO", "canal": "GUANGUILQUI POROTOG", "area_sin_riego": 14991.66, "frecuencia_riego": "Semanal", "metodo_aspersion_pct": 100, "dias_riego": 1, "horas_turno": 24, "valor_tarifa": 3.0, "tipo_tarifa": "fijo mensual", "agua_consumo": 1, "energia_electrica": 1, "material_construccion": "BLOQUE", "cota_msnm": 3510.0, "conoce_presa": "Sí", "como_elige_dir": "Asamblea general", "nom_presidente": "JOAQUIN TIPANLUISA", "operador_sector": "ROBERTO HAIGAJE", "anios_sistema": 11, "km_canal": 63.0, "recibio_capacitacion": "Sí", "le_gustaria_cap": "Sí", "temas_capacitacion": "AGRICULTURA - RIEGO- SEMBRIOS", "cedula": "1724637325", "caudal_valor": 28.6, "coord_x_utm": 820657.6, "coord_y_utm": 9989217.27, "soberania_aliment_pct": 50, "act_productivas_pct": 50, "actividad_productiva": "Empresarial"}, "geometry": {"type": "Point", "coordinates": [-78.119549, -0.097431]}}, {"type": "Feature", "properties": {"id": "{b5cc5dab-14f6-4288-afeb-4b909898204a}", "cod_poligono": "1702521470029", "num_predio": 12, "codigo_final": "S-C-P012", "propietario": "IMBAQUINGO ULCUANGO CESAR", "parroquia": "CANGAHUA", "caudal_tipo": "Recibe la Comunidad", "tiene_reservorio": "Comunitario", "foto_predio": "DCIM/JPEG_20260521162734307.jpg", "creado_por": "u0_a2", "fecha_creacion": "2026-05-21T11:25:26.854Z", "apellidos": "SOPALO SOPALO", "nombres": "VICTOR ELOY", "clave_catastral": "1702521470029", "hijos_hombres": 2, "sector": "Guang-Porotog", "tenencia_predio": "Sin Escritura", "nivel_instruccion": "Primaria", "area_total": 14991.66, "org_riego": "GUANGUILQUI POROTOG", "sector_comunidad": "LARCACHACA GUASIPUNGO", "canal": "GUANGUILQUI POROTOG", "area_sin_riego": 14991.66, "frecuencia_riego": "Semanal", "metodo_aspersion_pct": 100, "dias_riego": 1, "horas_turno": 24, "valor_tarifa": 3.0, "tipo_tarifa": "fijo mensual", "agua_consumo": 1, "energia_electrica": 1, "material_construccion": "BLOQUE", "cota_msnm": 3515.0, "conoce_presa": "Sí", "como_elige_dir": "Asamblea general", "nom_presidente": "JOAQUIN TIPANLUISA", "operador_sector": "ROBERTO HAIGAJE", "anios_sistema": 11, "km_canal": 63.0, "recibio_capacitacion": "Sí", "le_gustaria_cap": "Sí", "temas_capacitacion": "AGRICULTURA - RIEGO- SEMBRIOS", "cedula": "1709940108", "caudal_valor": 28.6, "coord_x_utm": 820710.51, "coord_y_utm": 9989232.42, "soberania_aliment_pct": 50, "act_productivas_pct": 50, "actividad_productiva": "Empresarial"}, "geometry": {"type": "Point", "coordinates": [-78.119074, -0.097294]}}, {"type": "Feature", "properties": {"id": "{883f1f72-6082-40e5-9556-e16aafd040a4}", "cod_poligono": "1702521450006", "num_predio": 13, "codigo_final": "S-C-P013", "propietario": "QUINATOA CHURACO VIRGILIO", "parroquia": "CANGAHUA", "caudal_tipo": "Recibe la Comunidad", "tiene_reservorio": "Comunitario", "foto_predio": "DCIM/JPEG_20260521163950454.jpg", "creado_por": "u0_a2", "fecha_creacion": "2026-05-21T11:36:41.385Z", "apellidos": "INBAQUINGO QUINATOA", "nombres": "SEGUNDO PATRICIO", "clave_catastral": "1702521450006", "hijos_hombres": 2, "sector": "Guang-Porotog", "tenencia_predio": "Sin Escritura", "nivel_instruccion": "Primaria", "area_total": 10890.92, "org_riego": "GUANGUILQUI POROTOG", "sector_comunidad": "LARCACHACA GUASIPUNGO", "canal": "GUANGUILQUI POROTOG", "area_sin_riego": 10890.92, "frecuencia_riego": "Semanal", "metodo_aspersion_pct": 100, "dias_riego": 2, "horas_turno": 24, "valor_tarifa": 3.0, "tipo_tarifa": "fijo mensual", "agua_consumo": 1, "energia_electrica": 1, "cota_msnm": 3510.0, "conoce_presa": "Sí", "como_elige_dir": "Asamblea general", "nom_presidente": "JOAQUIN TIPANLUISA", "operador_sector": "ROBERTO HAIGAJE", "anios_sistema": 11, "km_canal": 63.0, "recibio_capacitacion": "Sí", "le_gustaria_cap": "Sí", "temas_capacitacion": "AGRICULTURA - RIEGO- SEMBRIOS", "cedula": "1720642220", "caudal_valor": 28.6, "coord_x_utm": 821052.42, "coord_y_utm": 9989335.36, "soberania_aliment_pct": 50, "act_productivas_pct": 50, "actividad_productiva": "Empresarial"}, "geometry": {"type": "Point", "coordinates": [-78.116006, -0.096363]}}, {"type": "Feature", "properties": {"id": "{505bee76-b557-4adb-b5a2-259395bde65b}", "cod_poligono": "1702521040053", "num_predio": 14, "codigo_final": "S-C-P014", "propietario": "IMBAQUINGO SOPALO JOSE CARLOS", "parroquia": "CANGAHUA", "caudal_tipo": "Recibe la Comunidad", "tiene_reservorio": "Comunitario", "foto_predio": "DCIM/JPEG_20260521164501314.jpg", "creado_por": "u0_a2", "fecha_creacion": "2026-05-21T11:42:06.958Z", "apellidos": "IMBAQUINGO SOPALO", "nombres": "JOSE CARLOS", "clave_catastral": "1702521040053", "hijos_hombres": 2, "hijos_mujeres": 4, "sector": "Guang-Porotog", "tenencia_predio": "Escritura", "nivel_instruccion": "Alfabetizado", "area_total": 1238.1, "org_riego": "GUANGUILQUI POROTOG", "sector_comunidad": "LARCACHACA GUASIPUNGO", "canal": "GUANGUILQUI POROTOG", "area_sin_riego": 1238.1, "frecuencia_riego": "Semanal", "metodo_aspersion_pct": 100, "dias_riego": 2, "horas_turno": 24, "valor_tarifa": 3.0, "tipo_tarifa": "fijo mensual", "agua_consumo": 1, "energia_electrica": 1, "material_construccion": "MIXTA", "cota_msnm": 3550.0, "conoce_presa": "Sí", "como_elige_dir": "Asamblea general", "nom_presidente": "JOAQUIN TIPANLUISA", "operador_sector": "ROBERTO HAIGAJE", "anios_sistema": 11, "km_canal": 63.0, "recibio_capacitacion": "No", "le_gustaria_cap": "No", "temas_capacitacion": "AGRICULTURA - RIEGO- SEMBRIOS", "cedula": "1714158878", "caudal_valor": 28.6, "coord_x_utm": 819280.11, "coord_y_utm": 9989476.94, "soberania_aliment_pct": 50, "act_productivas_pct": 50, "actividad_productiva": "Particular"}, "geometry": {"type": "Point", "coordinates": [-78.131913, -0.095085]}}, {"type": "Feature", "properties": {"id": "{26c7581e-adab-4777-b8f8-b8a60fecac4d}", "cod_poligono": "1702521010069", "num_predio": 15, "codigo_final": "S-C-P015", "propietario": "IMBAQUINGO SOPALO JOSE CARLOS", "parroquia": "CANGAHUA", "caudal_tipo": "Recibe la Comunidad", "tiene_reservorio": "Comunitario", "foto_predio": "DCIM/JPEG_20260521170815759.jpg", "creado_por": "u0_a2", "fecha_creacion": "2026-05-21T12:06:03.072Z", "apellidos": "IMBAQUINGO SOPALO", "nombres": "JOSE CARLOS", "clave_catastral": "1702521010069", "hijos_hombres": 2, "hijos_mujeres": 4, "sector": "Guang-Porotog", "tenencia_predio": "Escritura", "nivel_instruccion": "Alfabetizado", "area_total": 5521.29, "org_riego": "GUANGUILQUI POROTOG", "sector_comunidad": "LARCACHACA GUASIPUNGO", "canal": "GUANGUILQUI POROTOG", "area_sin_riego": 5521.29, "frecuencia_riego": "Semanal", "metodo_aspersion_pct": 100, "dias_riego": 2, "horas_turno": 24, "valor_tarifa": 3.0, "tipo_tarifa": "fijo mensual", "agua_consumo": 1, "energia_electrica": 1, "material_construccion": "MIXTA", "cota_msnm": 3575.0, "conoce_presa": "Sí", "como_elige_dir": "Asamblea general", "nom_presidente": "JOAQUIN TIPANLUISA", "operador_sector": "ROBERTO HAIGAJE", "anios_sistema": 11, "km_canal": 63.0, "recibio_capacitacion": "No", "le_gustaria_cap": "No", "temas_capacitacion": "AGRICULTURA - RIEGO- SEMBRIOS", "cedula": "1714158878", "caudal_valor": 28.6, "coord_x_utm": 819310.97, "coord_y_utm": 9989235.52, "soberania_aliment_pct": 50, "act_productivas_pct": 50, "actividad_productiva": "Particular"}, "geometry": {"type": "Point", "coordinates": [-78.131636, -0.097267]}}, {"type": "Feature", "properties": {"id": "{518f92a3-a89b-49ef-a1c5-97ca742ac4a0}", "cod_poligono": "1702521040023", "num_predio": 16, "codigo_final": "S-C-P016", "propietario": "IMBAQUINGO CABASCANGO BEATRIZ", "parroquia": "CANGAHUA", "caudal_tipo": "Recibe la Comunidad", "tiene_reservorio": "Comunitario", "foto_predio": "DCIM/JPEG_20260521172102755.jpg", "creado_por": "u0_a2", "fecha_creacion": "2026-05-21T12:19:03.116Z", "apellidos": "IMBAQUINGO CABASCANGO", "nombres": "BEATRIZ", "clave_catastral": "1702521040023", "telefono_celular": "0980362594", "hijos_mujeres": 1, "sector": "Guang-Porotog", "tenencia_predio": "Escritura", "nivel_instruccion": "Primaria", "area_total": 837.21, "org_riego": "GUANGUILQUI POROTOG", "sector_comunidad": "LARCACHACA GUASIPUNGO", "canal": "GUANGUILQUI POROTOG", "area_sin_riego": 837.21, "frecuencia_riego": "Semanal", "metodo_aspersion_pct": 100, "dias_riego": 2, "horas_turno": 24, "valor_tarifa": 3.0, "tipo_tarifa": "fijo mensual", "agua_consumo": 1, "energia_electrica": 1, "material_construccion": "MIXTA", "cota_msnm": 3540.0, "conoce_presa": "Sí", "como_elige_dir": "Asamblea general", "nom_presidente": "JOAQUIN TIPANLUISA", "operador_sector": "ROBERTO HAIGAJE", "anios_sistema": 11, "km_canal": 63.0, "recibio_capacitacion": "Sí", "le_gustaria_cap": "Sí", "temas_capacitacion": "AGRICULTURA - RIEGO- SEMBRIOS", "cedula": "1714128665", "caudal_valor": 28.6, "coord_x_utm": 819457.93, "coord_y_utm": 9989729.74, "soberania_aliment_pct": 50, "act_productivas_pct": 50, "actividad_productiva": "Particular"}, "geometry": {"type": "Point", "coordinates": [-78.130317, -0.092801]}}, {"type": "Feature", "properties": {"id": "{3e20335f-df67-40ce-bec4-7d1d8ab1e353}", "cod_poligono": "1702521010057", "num_predio": 1, "codigo_final": "S-C-P001_1", "propietario": "HEREDEROS DE SOPALO MALDONADO JOSE ELIAS", "parroquia": "CANGAHUA", "caudal_tipo": "Recibe la Comunidad", "tiene_reservorio": "No", "creado_por": "u0_a302", "fecha_creacion": "2026-05-21T07:37:26.152Z", "apellidos": "HEREDEROS DE SOPALO MALDONADO", "nombres": "JOSE ELIAS", "clave_catastral": "1702521010057", "telefono_celular": "0981274756", "telefono_casa": "0994587557", "hijos_hombres": 3, "hijos_mujeres": 1, "sector": "Guang-Porotog", "tenencia_predio": "Escritura", "nivel_instruccion": "Primaria", "area_total": 832.43, "org_riego": "Guanguilqui Porotog", "sector_comunidad": "Larcachaca", "canal": "Guanguilqui-Porotog", "area_sin_riego": 832.43, "frecuencia_riego": "Semanal", "metodo_aspersion_pct": 100, "dias_riego": 2, "horas_turno": 999, "valor_tarifa": 3.0, "tipo_tarifa": "fijo mensual", "agua_consumo": 1, "energia_electrica": 1, "material_construccion": "MIXTA", "cota_msnm": 3560.0, "conoce_presa": "Sí", "como_elige_dir": "Asamblea general", "nom_presidente": "Jose Tipanluisa", "operador_sector": "Roberto Aigage", "anios_sistema": 11, "km_canal": 63.0, "recibio_capacitacion": "Sí", "le_gustaria_cap": "Sí", "temas_capacitacion": "Riego ", "cedula": "1715101547", "caudal_valor": 28.6, "coord_x_utm": 819068.82, "coord_y_utm": 9989253.64, "soberania_aliment_pct": 50, "act_productivas_pct": 50, "actividad_productiva": "Particular"}, "geometry": {"type": "Point", "coordinates": [-78.133809, -0.097103]}}, {"type": "Feature", "properties": {"id": "{96379eb1-975d-4226-80a5-c0037749d4a5}", "cod_poligono": "1702521040069", "num_predio": 2, "codigo_final": "S-C-P002_1", "propietario": "QUINATOA ULCUANGO JUAN CARLOS", "parroquia": "CANGAHUA", "caudal_tipo": "Recibe la Comunidad", "tiene_reservorio": "Privado", "creado_por": "u0_a302", "fecha_creacion": "2026-05-21T08:01:51.386Z", "apellidos": "QUINATOA ULCUANGO", "nombres": "JUAN CARLOS", "clave_catastral": "1702521040069", "telefono_casa": "0967761299", "hijos_hombres": 3, "hijos_mujeres": 2, "sector": "Guang-Porotog", "tenencia_predio": "Escritura", "nivel_instruccion": "Primaria", "area_total": 1939.02, "org_riego": "Guanguilqui-porotog", "sector_comunidad": "Alcachaca", "canal": "Guanguilqui porotog", "area_sin_riego": 1939.02, "frecuencia_riego": "Semanal", "metodo_goteo_pct": 100, "dias_riego": 2, "horas_turno": 24, "valor_tarifa": 6.0, "tipo_tarifa": "fijo mensual", "agua_consumo": 1, "energia_electrica": 1, "material_construccion": "HORMIGÓN ARMADO", "cota_msnm": 3515.0, "conoce_presa": "Sí", "como_elige_dir": "Asamblea general", "nom_presidente": "Jose Tipanluisa", "operador_sector": "Roberto aigage", "anios_sistema": 11, "km_canal": 63.0, "recibio_capacitacion": "Sí", "le_gustaria_cap": "Sí", "temas_capacitacion": "Administración de agua y producción agricola", "cedula": "1710592427", "caudal_valor": 28.6, "coord_x_utm": 819012.98, "coord_y_utm": 9989711.36, "soberania_aliment_pct": 20, "act_productivas_pct": 80, "actividad_productiva": "Particular"}, "geometry": {"type": "Point", "coordinates": [-78.134311, -0.092967]}}, {"type": "Feature", "properties": {"id": "{0e21acb1-bdec-4489-82ed-d736b9f3ae39}", "cod_poligono": "1702521050002", "num_predio": 3, "codigo_final": "S-C-P003_1", "propietario": "QUINATOA ULCUANGO JUAN CARLOS", "parroquia": "CANGAHUA", "caudal_tipo": "Recibe la Comunidad", "tiene_reservorio": "Comunitario", "creado_por": "u0_a302", "fecha_creacion": "2026-05-21T08:25:46.683Z", "apellidos": "QUINATOA ULCUANGO", "nombres": "JUAN CARLOS", "clave_catastral": "1702521050002", "telefono_celular": "0959983409", "hijos_hombres": 3, "hijos_mujeres": 2, "sector": "Guang-Porotog", "tenencia_predio": "Escritura", "nivel_instruccion": "Primaria", "area_total": 10583.69, "org_riego": "Guanguilqui porotog", "sector_comunidad": "Alcachaca", "canal": "Guanguilqui porotog", "area_sin_riego": 10583.69, "frecuencia_riego": "Semanal", "metodo_aspersion_pct": 100, "dias_riego": 1, "horas_turno": 10, "valor_tarifa": 6.0, "tipo_tarifa": "fijo mensual", "agua_consumo": 1, "material_construccion": "MIXTA", "cota_msnm": 3520.0, "conoce_presa": "Sí", "como_elige_dir": "Asamblea general", "nom_presidente": "Jose tipanluisa", "operador_sector": "Roberto aigage", "anios_sistema": 11, "km_canal": 63.0, "recibio_capacitacion": "Sí", "le_gustaria_cap": "Sí", "cedula": "1710592427", "caudal_valor": 28.6, "coord_x_utm": 820748.22, "coord_y_utm": 9989392.41, "soberania_aliment_pct": 10, "act_productivas_pct": 90, "actividad_productiva": "Particular"}, "geometry": {"type": "Point", "coordinates": [-78.118736, -0.095848]}}, {"type": "Feature", "properties": {"id": "{62deb8d9-2ca7-46ba-9ece-82c6ba558c8a}", "cod_poligono": "1702521010086", "num_predio": 4, "codigo_final": "S-C-P004_1", "propietario": "QUINATOA ULCUANGO JOSE TOBIAS", "parroquia": "CANGAHUA", "caudal_tipo": "Recibe la Comunidad", "tiene_reservorio": "No", "creado_por": "u0_a302", "fecha_creacion": "2026-05-21T08:38:00.156Z", "apellidos": "QUINATOA ULCUANGO", "nombres": "JOSE TOBIAS", "clave_catastral": "1702521010086", "telefono_celular": "0959716669", "hijos_hombres": 3, "hijos_mujeres": 5, "sector": "Guang-Porotog", "area_total": 3592.05, "org_riego": "Guanguilqui porotog", "sector_comunidad": "Larcachaca", "canal": "Guanguilqui porotog", "area_sin_riego": 3592.05, "frecuencia_riego": "Semanal", "metodo_aspersion_pct": 100, "dias_riego": 2, "horas_turno": 24, "valor_tarifa": 3.0, "tipo_tarifa": "fijo mensual", "material_construccion": "MADERA", "cota_msnm": 3595.0, "conoce_presa": "Sí", "como_elige_dir": "Asamblea general", "nom_presidente": "Joaquin tipanluisa", "operador_sector": "Roberto aigage", "anios_sistema": 40, "km_canal": 63.0, "recibio_capacitacion": "Sí", "le_gustaria_cap": "Sí", "temas_capacitacion": "Riego", "cedula": "1707627053", "caudal_valor": 28.6, "coord_x_utm": 819264.69, "coord_y_utm": 9988923.21, "soberania_aliment_pct": 10, "act_productivas_pct": 90, "actividad_productiva": "Particular"}, "geometry": {"type": "Point", "coordinates": [-78.132051, -0.100089]}}, {"type": "Feature", "properties": {"id": "{aafa4381-a436-4718-a7e7-5d2df5289b56}", "cod_poligono": "1702521010052", "num_predio": 5, "codigo_final": "S-C-P005_1", "propietario": "SOPALO IMBAGO MARIA HORTENCIA", "parroquia": "CANGAHUA", "caudal_tipo": "Recibe la Comunidad", "creado_por": "u0_a302", "fecha_creacion": "2026-05-21T08:55:56.778Z", "apellidos": "IMBAQUINGO SOPALO ", "nombres": "MARIA LUISA", "clave_catastral": "1702521010052", "telefono_celular": "0959716669", "hijos_hombres": 3, "hijos_mujeres": 5, "sector": "Guang-Porotog", "tenencia_predio": "Escritura", "nivel_instruccion": "Primaria", "area_total": 9785.79, "org_riego": "Gunguilqui porotog", "sector_comunidad": "Alcachaca", "canal": "Guanguilqui porotog", "area_sin_riego": 9785.79, "frecuencia_riego": "Semanal", "metodo_aspersion_pct": 100, "dias_riego": 2, "horas_turno": 24, "agua_consumo": 1, "energia_electrica": 1, "material_construccion": "MIXTA", "cota_msnm": 3565.0, "conoce_presa": "Sí", "como_elige_dir": "Asamblea general", "nom_presidente": "Joaquin tipanluisa", "operador_sector": "Roberto aigage", "anios_sistema": 40, "km_canal": 63.0, "recibio_capacitacion": "Sí", "le_gustaria_cap": "Sí", "temas_capacitacion": "Riego", "cedula": "1704004124", "caudal_valor": 26.8, "coord_x_utm": 819213.4, "coord_y_utm": 9989285.35, "soberania_aliment_pct": 10, "act_productivas_pct": 90, "actividad_productiva": "Particular", "observaciones": "Usuario tiene otro terreno pero sin clave catastral"}, "geometry": {"type": "Point", "coordinates": [-78.132512, -0.096817]}}, {"type": "Feature", "properties": {"id": "{74a97563-f27c-4e9c-bc12-aaa1a621f6c2}", "cod_poligono": "1702521010052", "num_predio": 6, "codigo_final": "S-C-P006_1", "propietario": "SOPALO IMBAGO MARIA HORTENCIA", "parroquia": "CANGAHUA", "creado_por": "u0_a302", "fecha_creacion": "2026-05-21T08:56:13.907Z", "apellidos": "SOPALO IMBAGO", "nombres": "MARIA HORTENCIA", "clave_catastral": "1702521010052", "area_total": 9785.79, "area_sin_riego": 9785.79, "cota_msnm": 3565.0, "cedula": "1704004124", "coord_x_utm": 819195.0, "coord_y_utm": 9989264.94}, "geometry": {"type": "Point", "coordinates": [-78.132677, -0.097001]}}, {"type": "Feature", "properties": {"id": "{4d94eeb6-49e6-403e-af15-9958513b8a81}", "cod_poligono": "1702521010003", "num_predio": 7, "codigo_final": "S-C-P007_1", "propietario": "SOPALO PILCA FANNY YOLANDA", "parroquia": "CANGAHUA", "caudal_tipo": "Recibe la Comunidad", "tiene_reservorio": "Comunitario", "creado_por": "u0_a302", "fecha_creacion": "2026-05-21T09:08:05.531Z", "apellidos": "SOPALO PILCA", "nombres": "FANNY YOLANDA", "clave_catastral": "1702521010003", "telefono_celular": "0997703501", "hijos_hombres": 3, "hijos_mujeres": 1, "sector": "Guang-Porotog", "tenencia_predio": "Escritura", "nivel_instruccion": "Primaria", "area_total": 9799.08, "org_riego": "Gunaguilqui porotog", "sector_comunidad": "Larcachaca", "canal": "Guanguilqui porotog", "area_sin_riego": 9799.08, "frecuencia_riego": "Semanal", "metodo_aspersion_pct": 90, "metodo_goteo_pct": 10, "dias_riego": 2, "horas_turno": 12, "valor_tarifa": 3.0, "tipo_tarifa": "fijo mensual", "agua_consumo": 1, "material_construccion": "BLOQUE", "cota_msnm": 3480.0, "conoce_presa": "Sí", "como_elige_dir": "Asamblea general", "nom_presidente": "Joaquin tipanluisa", "operador_sector": "Roberto aigage", "anios_sistema": 30, "km_canal": 63.0, "recibio_capacitacion": "Sí", "le_gustaria_cap": "Sí", "temas_capacitacion": "Riego", "cedula": "1722268917", "caudal_valor": 28.6, "coord_x_utm": 818578.02, "coord_y_utm": 9989647.49, "soberania_aliment_pct": 90, "act_productivas_pct": 10, "actividad_productiva": "Particular"}, "geometry": {"type": "Point", "coordinates": [-78.138215, -0.093545]}}, {"type": "Feature", "properties": {"id": "{39011801-a802-41cb-8ed8-4abc9694f572}", "cod_poligono": "1702521010011", "num_predio": 8, "codigo_final": "S-C-P008_1", "propietario": "AIGAJE TIPANLUISA JUAN FABIAN", "parroquia": "CANGAHUA", "creado_por": "u0_a302", "fecha_creacion": "2026-05-21T09:24:39.058Z", "apellidos": "AIGAJE TIPANLUISA", "nombres": "JUAN FABIAN", "clave_catastral": "1702521010011", "area_total": 6238.11, "area_sin_riego": 6238.11, "cota_msnm": 3525.0, "cedula": "1000669869", "coord_x_utm": 818721.38, "coord_y_utm": 9989446.18}, "geometry": {"type": "Point", "coordinates": [-78.136928, -0.095364]}}, {"type": "Feature", "properties": {"id": "{456258fa-65c1-446b-bd48-fcd1b1cf40dc}", "cod_poligono": "1702521010011", "num_predio": 9, "codigo_final": "S-C-P009_1", "propietario": "AIGAJE TIPANLUISA JUAN FABIAN", "parroquia": "CANGAHUA", "caudal_tipo": "Recibe la Comunidad", "tiene_reservorio": "Comunitario", "creado_por": "u0_a302", "fecha_creacion": "2026-05-21T09:25:13.079Z", "apellidos": "AIGAJE LANCHIMBA", "nombres": "SEGUNDO JACINTO", "clave_catastral": "1702521010011", "telefono_celular": "0986770796", "hijos_hombres": 3, "hijos_mujeres": 1, "sector": "Guang-Porotog", "tenencia_predio": "Sin Escritura", "nivel_instruccion": "Primaria", "area_total": 6238.11, "org_riego": "Guanguilqui porotog", "sector_comunidad": "Larcachaca", "canal": "Guanguilqui porotog", "area_sin_riego": 6238.11, "frecuencia_riego": "Semanal", "metodo_aspersion_pct": 100, "dias_riego": 2, "horas_turno": 12, "valor_tarifa": 3.0, "tipo_tarifa": "fijo mensual", "agua_consumo": 1, "energia_electrica": 1, "material_construccion": "BLOQUE", "cota_msnm": 3525.0, "conoce_presa": "Sí", "como_elige_dir": "Asamblea general", "nom_presidente": "Joaquin tipanluisa", "operador_sector": "Roberto aigage", "anios_sistema": 30, "km_canal": 63.0, "recibio_capacitacion": "Sí", "le_gustaria_cap": "Sí", "temas_capacitacion": "Riego", "cedula": "1000669869", "caudal_valor": 28.6, "coord_x_utm": 818747.97, "coord_y_utm": 9989467.52, "soberania_aliment_pct": 80, "act_productivas_pct": 20, "actividad_productiva": "Particular"}, "geometry": {"type": "Point", "coordinates": [-78.136689, -0.095171]}}, {"type": "Feature", "properties": {"id": "{a975653f-2299-4f9b-9dec-f85a0268018e}", "cod_poligono": "1702521450005", "num_predio": 10, "codigo_final": "S-C-P010_1", "propietario": "PILCA TANDAYAMO ROSA ACSIFIA", "parroquia": "CANGAHUA", "caudal_tipo": "Recibe la Comunidad", "tiene_reservorio": "Comunitario", "foto_predio": "DCIM/JPEG_20260521145455543.jpg", "creado_por": "u0_a302", "fecha_creacion": "2026-05-21T09:40:33.226Z", "apellidos": "SOPALO PILCA", "nombres": "FANNY YOLANDA", "clave_catastral": "1702521450005", "telefono_celular": "0997703501", "hijos_hombres": 3, "hijos_mujeres": 1, "sector": "Guang-Porotog", "tenencia_predio": "Sin Escritura", "nivel_instruccion": "Primaria", "area_total": 12464.37, "org_riego": "Guanguilqui porotog", "sector_comunidad": "Larcachaca", "canal": "Guaguilqui porotog", "area_sin_riego": 12464.37, "frecuencia_riego": "Semanal", "metodo_aspersion_pct": 100, "dias_riego": 1, "horas_turno": 6, "valor_tarifa": 3.0, "tipo_tarifa": "fijo mensual", "cota_msnm": 3510.0, "conoce_presa": "Sí", "como_elige_dir": "Asamblea general", "nom_presidente": "Joaquin tipanluisa", "operador_sector": "Roberto aigaje", "anios_sistema": 30, "km_canal": 63.0, "recibio_capacitacion": "Sí", "le_gustaria_cap": "Sí", "temas_capacitacion": "Riego", "cedula": "1722268917", "caudal_valor": 28.6, "coord_x_utm": 821061.04, "coord_y_utm": 9989591.89, "act_productivas_pct": 100, "actividad_productiva": "Particular"}, "geometry": {"type": "Point", "coordinates": [-78.115929, -0.094045]}}, {"type": "Feature", "properties": {"id": "{c43e4de4-a85c-4efb-9b27-7ae6fbe501b5}", "cod_poligono": "1702521450005", "num_predio": 11, "codigo_final": "S-C-P011_1", "propietario": "PILCA TANDAYAMO ROSA ACSIFIA", "parroquia": "CANGAHUA", "caudal_tipo": "Recibe la Comunidad", "foto_predio": "DCIM/JPEG_20260521150206152.jpg", "creado_por": "u0_a302", "fecha_creacion": "2026-05-21T09:56:54.703Z", "apellidos": "SOPALO PILCA", "nombres": "MARIA BASILIA", "clave_catastral": "1702521450005", "telefono_celular": "0990548318", "hijos_hombres": 1, "hijos_mujeres": 2, "sector": "Guang-Porotog", "tenencia_predio": "Sin Escritura", "nivel_instruccion": "Primaria", "area_total": 12464.37, "org_riego": "Guanguilqui porotog", "sector_comunidad": "Larcachaca", "canal": "Guaguilqui porotog", "area_sin_riego": 12464.37, "frecuencia_riego": "Semanal", "metodo_aspersion_pct": 100, "dias_riego": 1, "horas_turno": 12, "cota_msnm": 3510.0, "conoce_presa": "Sí", "como_elige_dir": "Asamblea general", "nom_presidente": "Joaquin tipanluisa", "operador_sector": "Roberto aigaje", "anios_sistema": 11, "km_canal": 63.0, "recibio_capacitacion": "Sí", "le_gustaria_cap": "Sí", "temas_capacitacion": "Riego y cultivo", "cedula": "1716413875", "caudal_valor": 28.6, "coord_x_utm": 821080.78, "coord_y_utm": 9989573.67, "act_productivas_pct": 100}, "geometry": {"type": "Point", "coordinates": [-78.115751, -0.09421]}}, {"type": "Feature", "properties": {"id": "{7ed7fc50-5341-414b-81c8-f47b0d8f8366}", "cod_poligono": "1702521040153", "num_predio": 12, "codigo_final": "S-C-P012_1", "propietario": "IMBAQUINGO TIPANLUISA RAMON RAMIRO", "parroquia": "CANGAHUA", "caudal_tipo": "Recibe la Comunidad", "tiene_reservorio": "Comunitario", "foto_predio": "DCIM/JPEG_20260521150824707.jpg", "creado_por": "u0_a302", "fecha_creacion": "2026-05-21T10:03:32.703Z", "apellidos": "IMBAQUINGO TIPANLUISA", "nombres": "RAMON RAMIRO", "clave_catastral": "1702521040153", "telefono_celular": "0990548318", "hijos_hombres": 2, "hijos_mujeres": 1, "sector": "Guang-Porotog", "tenencia_predio": "Escritura", "nivel_instruccion": "Primaria", "area_total": 1271.15, "org_riego": "Guanguilqui porotog", "sector_comunidad": "Larcachaca", "canal": "Guanguilqui porotog", "area_sin_riego": 1271.15, "frecuencia_riego": "Semanal", "metodo_aspersion_pct": 100, "dias_riego": 2, "horas_turno": 12, "valor_tarifa": 3.0, "tipo_tarifa": "fijo mensual", "agua_consumo": 1, "energia_electrica": 1, "material_construccion": "MIXTA", "cota_msnm": 3495.0, "conoce_presa": "Sí", "como_elige_dir": "Asamblea general", "nom_presidente": "Joaquin tipanluisa", "operador_sector": "Roberto aigaje", "anios_sistema": 11, "km_canal": 63.0, "recibio_capacitacion": "Sí", "le_gustaria_cap": "Sí", "temas_capacitacion": "Riego cultivo ", "cedula": "1714454061", "caudal_valor": 28.6, "coord_x_utm": 819145.2, "coord_y_utm": 9990053.23, "soberania_aliment_pct": 10, "act_productivas_pct": 90, "actividad_productiva": "Particular"}, "geometry": {"type": "Point", "coordinates": [-78.133124, -0.089878]}}, {"type": "Feature", "properties": {"id": "{8e0603ce-05d7-44a3-81fa-7610624645bb}", "cod_poligono": "1702521010063", "num_predio": 13, "codigo_final": "S-C-P013_1", "propietario": "INGA IMBAQUINGO SEGUNDO SIMON", "parroquia": "CANGAHUA", "caudal_tipo": "Recibe la Comunidad", "tiene_reservorio": "Comunitario", "foto_predio": "DCIM/JPEG_20260521151802999.jpg", "creado_por": "u0_a302", "fecha_creacion": "2026-05-21T10:11:35.341Z", "apellidos": "INGA IMBAQUINGO", "nombres": "SEGUNDO SIMON", "clave_catastral": "1702521010063", "telefono_celular": "0959075870", "hijos_hombres": 2, "hijos_mujeres": 1, "sector": "Guang-Porotog", "tenencia_predio": "Escritura", "nivel_instruccion": "Primaria", "area_total": 1087.34, "org_riego": "Guanguilqui porotog", "sector_comunidad": "Larcachaca", "canal": "Guanguilqui porotog", "area_sin_riego": 1087.34, "frecuencia_riego": "Semanal", "metodo_aspersion_pct": 100, "dias_riego": 2, "horas_turno": 12, "valor_tarifa": 3.0, "tipo_tarifa": "fijo mensual", "agua_consumo": 1, "energia_electrica": 1, "material_construccion": "BLOQUE", "cota_msnm": 3580.0, "conoce_presa": "Sí", "como_elige_dir": "Asamblea general", "nom_presidente": "Joaquin tipanluisa", "operador_sector": "Roberto aigaje", "anios_sistema": 11, "km_canal": 63.0, "recibio_capacitacion": "Sí", "le_gustaria_cap": "Sí", "temas_capacitacion": "Riego cultivo ", "cedula": "1717934440", "caudal_valor": 28.6, "coord_x_utm": 819215.34, "coord_y_utm": 9989143.55, "soberania_aliment_pct": 5, "act_productivas_pct": 95, "actividad_productiva": "Particular"}, "geometry": {"type": "Point", "coordinates": [-78.132494, -0.098098]}}, {"type": "Feature", "properties": {"id": "{e75735da-9b8e-40b6-bf30-1f3d1c30a3ca}", "cod_poligono": "1702521040031", "num_predio": 14, "codigo_final": "S-C-P014_1", "propietario": "INGA IMBAQUINGO SEGUNDO SIMON", "parroquia": "CANGAHUA", "caudal_tipo": "Recibe la Comunidad", "tiene_reservorio": "Comunitario", "foto_predio": "DCIM/JPEG_20260521152221423.jpg", "creado_por": "u0_a302", "fecha_creacion": "2026-05-21T10:19:50.102Z", "apellidos": "INGA IMBAQUINGO", "nombres": "SEGUNDO SIMON", "clave_catastral": "1702521040031", "telefono_celular": "0959075870", "hijos_hombres": 2, "hijos_mujeres": 1, "sector": "Guang-Porotog", "tenencia_predio": "Escritura", "nivel_instruccion": "Primaria", "area_total": 1962.31, "org_riego": "Guanguilqui porotog", "sector_comunidad": "Larcachaca", "canal": "Guanguilqui porotog", "area_sin_riego": 1962.31, "frecuencia_riego": "Semanal", "metodo_aspersion_pct": 100, "dias_riego": 2, "horas_turno": 12, "valor_tarifa": 3.0, "tipo_tarifa": "fijo mensual", "cota_msnm": 3550.0, "conoce_presa": "Sí", "como_elige_dir": "Asamblea general", "nom_presidente": "Joaquin tipanluisa", "operador_sector": "Roberto aigaje", "anios_sistema": 11, "km_canal": 63.0, "recibio_capacitacion": "Sí", "le_gustaria_cap": "Sí", "temas_capacitacion": "Riego cultivo ", "cedula": "1717934440", "caudal_valor": 28.6, "coord_x_utm": 819476.23, "coord_y_utm": 9989643.49}, "geometry": {"type": "Point", "coordinates": [-78.130153, -0.09358]}}, {"type": "Feature", "properties": {"id": "{7cde89bf-319c-44cb-af1d-c14324d151b3}", "cod_poligono": "1702521040020", "num_predio": 15, "codigo_final": "S-C-P015_1", "propietario": "IMBAQUINGO SOPALO ROSA BEATRIZ", "parroquia": "CANGAHUA", "caudal_tipo": "Recibe la Comunidad", "tiene_reservorio": "Comunitario", "foto_predio": "DCIM/JPEG_20260521152351572.jpg", "creado_por": "u0_a302", "fecha_creacion": "2026-05-21T10:22:33.795Z", "apellidos": "IMBAQUINGO SOPALO", "nombres": "ROSA BEATRIZ", "clave_catastral": "1702521040020", "sector": "Guang-Porotog", "area_total": 3308.34, "org_riego": "Guanguilqui porotog", "sector_comunidad": "Larcachaca", "canal": "Guanguilqui porotog", "area_sin_riego": 3308.34, "frecuencia_riego": "Semanal", "metodo_aspersion_pct": 100, "dias_riego": 2, "horas_turno": 12, "valor_tarifa": 3.0, "tipo_tarifa": "fijo mensual", "cota_msnm": 3545.0, "conoce_presa": "Sí", "como_elige_dir": "Asamblea general", "nom_presidente": "Joaquin tipanluisa", "operador_sector": "Roberto aigaje", "anios_sistema": 11, "km_canal": 63.0, "recibio_capacitacion": "Sí", "le_gustaria_cap": "Sí", "temas_capacitacion": "Riego cultivo ", "cedula": "1714487772", "caudal_valor": 28.6, "coord_x_utm": 819491.97, "coord_y_utm": 9989671.65}, "geometry": {"type": "Point", "coordinates": [-78.130012, -0.093326]}}, {"type": "Feature", "properties": {"id": "{455cf49e-e044-4558-8600-c98e95c95499}", "cod_poligono": "1702521040095", "num_predio": 16, "codigo_final": "S-C-P016_1", "propietario": "IMBAQUINGO SOPALO BLANCA SUSANA", "parroquia": "CANGAHUA", "caudal_tipo": "Recibe la Comunidad", "tiene_reservorio": "Comunitario", "foto_predio": "DCIM/JPEG_20260521152756261.jpg", "creado_por": "u0_a302", "fecha_creacion": "2026-05-21T10:25:06.319Z", "apellidos": "IMBAQUINGO SOPALO", "nombres": "BLANCA SUSANA", "clave_catastral": "1702521040095", "telefono_celular": "0959075870", "hijos_hombres": 2, "hijos_mujeres": 1, "sector": "Guang-Porotog", "tenencia_predio": "Escritura", "nivel_instruccion": "Primaria", "area_total": 2738.37, "org_riego": "Guanguilqui porotog", "sector_comunidad": "Larcachaca", "canal": "Guanguilqui porotog", "area_sin_riego": 2738.37, "frecuencia_riego": "Semanal", "metodo_aspersion_pct": 100, "dias_riego": 2, "horas_turno": 12, "valor_tarifa": 3.0, "tipo_tarifa": "fijo mensual", "agua_consumo": 1, "energia_electrica": 1, "material_construccion": "MIXTA", "cota_msnm": 3500.0, "conoce_presa": "Sí", "como_elige_dir": "Asamblea general", "nom_presidente": "Joaquin tipanluisa", "operador_sector": "Roberto aigaje", "anios_sistema": 11, "km_canal": 63.0, "recibio_capacitacion": "Sí", "le_gustaria_cap": "Sí", "temas_capacitacion": "Riego cultivo ", "cedula": "1717845174", "caudal_valor": 28.6, "coord_x_utm": 819199.7, "coord_y_utm": 9989987.15, "act_productivas_pct": 100, "actividad_productiva": "Particular"}, "geometry": {"type": "Point", "coordinates": [-78.132635, -0.090475]}}, {"type": "Feature", "properties": {"id": "{5e0e44c9-c19c-4e31-9622-060dd5904ba9}", "cod_poligono": "1702521010014", "num_predio": 17, "codigo_final": "S-C-P017", "propietario": "AIGAJE IMBAQUINGO CLEMENTE LEONARDO", "parroquia": "CANGAHUA", "caudal_tipo": "Recibe la Comunidad", "tiene_reservorio": "Comunitario", "foto_predio": "DCIM/JPEG_20260521153530361.jpg", "creado_por": "u0_a302", "fecha_creacion": "2026-05-21T10:31:52.185Z", "apellidos": "AIGAJE IMBAQUINGO", "nombres": "CLEMENTE LEONARDO", "clave_catastral": "1702521010014", "telefono_celular": "0939888208", "hijos_hombres": 2, "sector": "Guang-Porotog", "tenencia_predio": "Escritura", "nivel_instruccion": "Secundaria", "area_total": 370.21, "org_riego": "Guanguilqui porotog", "sector_comunidad": "Larcachaca", "canal": "Guanguilqui porotog", "area_sin_riego": 370.21, "frecuencia_riego": "Semanal", "metodo_aspersion_pct": 100, "dias_riego": 2, "horas_turno": 12, "valor_tarifa": 3.0, "tipo_tarifa": "fijo mensual", "cota_msnm": 3540.0, "conoce_presa": "Sí", "como_elige_dir": "Asamblea general", "nom_presidente": "Joaquin tipanluisa", "operador_sector": "Roberto aigaje", "anios_sistema": 15, "km_canal": 63.0, "recibio_capacitacion": "Sí", "le_gustaria_cap": "Sí", "temas_capacitacion": "Riego cultivo ", "cedula": "1717937344", "caudal_valor": 28.6, "coord_x_utm": 818763.38, "coord_y_utm": 9989377.35, "act_productivas_pct": 100, "actividad_productiva": "Particular"}, "geometry": {"type": "Point", "coordinates": [-78.136551, -0.095986]}}, {"type": "Feature", "properties": {"id": "{5d356e53-b2ad-483a-81f5-b5c6b99cbfbb}", "cod_poligono": "1702521040072", "num_predio": 18, "codigo_final": "S-C-P018", "propietario": "AIGAJE TIPANLUISA MAGDALENO", "parroquia": "CANGAHUA", "caudal_tipo": "Recibe la Comunidad", "tiene_reservorio": "Comunitario", "creado_por": "u0_a302", "fecha_creacion": "2026-05-21T10:43:54.807Z", "apellidos": "AIGAJE TIPANLUISA", "nombres": "MAGDALENO", "clave_catastral": "1702521040072", "telefono_celular": "0939888208", "sector": "Guang-Porotog", "area_total": 7904.15, "org_riego": "Guanguilqui porotog", "sector_comunidad": "Larcachaca", "canal": "Guanguilqui porotog", "area_sin_riego": 7904.15, "frecuencia_riego": "Semanal", "metodo_aspersion_pct": 100, "dias_riego": 2, "horas_turno": 12, "valor_tarifa": 3.0, "tipo_tarifa": "fijo mensual", "cota_msnm": 3525.0, "conoce_presa": "Sí", "como_elige_dir": "Asamblea general", "nom_presidente": "Joaquin tipanluisa", "operador_sector": "Roberto aigaje", "anios_sistema": 15, "km_canal": 63.0, "recibio_capacitacion": "Sí", "le_gustaria_cap": "Sí", "temas_capacitacion": "Riego cultivo ", "cedula": "1705500260", "caudal_valor": 28.6, "coord_x_utm": 819148.42, "coord_y_utm": 9989729.87}, "geometry": {"type": "Point", "coordinates": [-78.133095, -0.0928]}}, {"type": "Feature", "properties": {"id": "{e1151dfe-81c4-4eba-9c81-921a24423975}", "cod_poligono": "1702521040072", "num_predio": 19, "codigo_final": "S-C-P019", "propietario": "AIGAJE TIPANLUISA MAGDALENO", "parroquia": "CANGAHUA", "caudal_tipo": "Recibe la Comunidad", "tiene_reservorio": "Comunitario", "foto_predio": "DCIM/JPEG_20260521155127745.jpg", "creado_por": "u0_a302", "fecha_creacion": "2026-05-21T10:44:48.150Z", "apellidos": "AIGAJE IMBAQUINGO", "nombres": "CLEMENTE LEONARDO", "clave_catastral": "1702521040072", "telefono_celular": "0939888208", "hijos_hombres": 2, "sector": "Guang-Porotog", "tenencia_predio": "Sin Escritura", "nivel_instruccion": "Secundaria", "area_total": 7904.15, "org_riego": "Guanguilqui porotog", "sector_comunidad": "Larcachaca", "canal": "Guanguilqui porotog", "area_sin_riego": 7904.15, "frecuencia_riego": "Semanal", "metodo_aspersion_pct": 100, "dias_riego": 2, "horas_turno": 12, "valor_tarifa": 3.0, "tipo_tarifa": "fijo mensual", "agua_consumo": 1, "energia_electrica": 1, "material_construccion": "BLOQUE", "cota_msnm": 3525.0, "conoce_presa": "Sí", "como_elige_dir": "Asamblea general", "nom_presidente": "Joaquin tipanluisa", "operador_sector": "Roberto aigaje", "anios_sistema": 15, "km_canal": 63.0, "recibio_capacitacion": "Sí", "le_gustaria_cap": "Sí", "temas_capacitacion": "Riego cultivo ", "cedula": "1717937344", "caudal_valor": 28.6, "coord_x_utm": 819155.44, "coord_y_utm": 9989696.63, "act_productivas_pct": 100, "actividad_productiva": "Particular"}, "geometry": {"type": "Point", "coordinates": [-78.133032, -0.0931]}}, {"type": "Feature", "properties": {"id": "{3779d216-cd94-44d7-9afc-8ef1ee7ec4d2}", "cod_poligono": "1702521450017", "num_predio": 20, "codigo_final": "S-C-P020", "propietario": "GUALAVISI CAIZA JOSE MIGUEL", "parroquia": "CANGAHUA", "creado_por": "u0_a302", "fecha_creacion": "2026-05-21T10:53:37.096Z", "apellidos": "GUALAVISI CAIZA", "nombres": "JOSE MIGUEL", "clave_catastral": "1702521450017", "area_total": 6358.24, "area_sin_riego": 6358.24, "cota_msnm": 3515.0, "cedula": "1703986842", "coord_x_utm": 820955.61, "coord_y_utm": 9989290.38}, "geometry": {"type": "Point", "coordinates": [-78.116875, -0.09677]}}, {"type": "Feature", "properties": {"id": "{5daef8a7-2e48-4208-8341-9577bf96bb05}", "cod_poligono": "1702521450017", "num_predio": 21, "codigo_final": "S-C-P021", "propietario": "GUALAVISI CAIZA JOSE MIGUEL", "parroquia": "CANGAHUA", "caudal_tipo": "Recibe la Comunidad", "foto_predio": "DCIM/JPEG_20260521155820788.jpg", "creado_por": "u0_a302", "fecha_creacion": "2026-05-21T10:54:15.793Z", "apellidos": "AIGAJE IMBAQUINGO", "nombres": "CLEMENTE LEONARDO", "clave_catastral": "1702521450017", "telefono_celular": "0939888208", "hijos_hombres": 2, "sector": "Guang-Porotog", "tenencia_predio": "Sin Escritura", "nivel_instruccion": "Secundaria", "area_total": 6358.24, "org_riego": "Guanguilqui porotog", "sector_comunidad": "Larcachaca", "canal": "Guanguilqui porotog", "area_sin_riego": 6358.24, "agua_consumo": 1, "energia_electrica": 0, "material_construccion": "BLOQUE", "cota_msnm": 3520.0, "conoce_presa": "Sí", "como_elige_dir": "Asamblea general", "nom_presidente": "Joaquin tipanluisa", "operador_sector": "Roberto aigaje", "anios_sistema": 11, "km_canal": 63.0, "recibio_capacitacion": "Sí", "le_gustaria_cap": "Sí", "temas_capacitacion": "Riego y cultivo", "cedula": "1717937344", "caudal_valor": 28.6, "coord_x_utm": 820951.41, "coord_y_utm": 9989318.33, "act_productivas_pct": 100}, "geometry": {"type": "Point", "coordinates": [-78.116912, -0.096517]}}, {"type": "Feature", "properties": {"id": "{4042bc04-80c9-4fa3-adb5-aa2d5f8d9ade}", "cod_poligono": "1702521050077", "num_predio": 22, "codigo_final": "S-C-P022", "propietario": "LECHON SOPALO CINTHIA GRACIELA", "parroquia": "CANGAHUA", "caudal_tipo": "Recibe la Comunidad", "creado_por": "u0_a302", "fecha_creacion": "2026-05-21T11:00:49.974Z", "apellidos": "LECHON SOPALO", "nombres": "CINTHIA GRACIELA", "clave_catastral": "1702521050077", "telefono_celular": "0939888208", "sector": "Guang-Porotog", "area_total": 2573.56, "org_riego": "Guanguilqui porotog", "sector_comunidad": "Larcachaca", "canal": "Guanguilqui porotog", "area_sin_riego": 2573.56, "cota_msnm": 3510.0, "conoce_presa": "Sí", "como_elige_dir": "Asamblea general", "nom_presidente": "Joaquin tipanluisa", "operador_sector": "Roberto aigaje", "anios_sistema": 11, "km_canal": 63.0, "recibio_capacitacion": "Sí", "le_gustaria_cap": "Sí", "temas_capacitacion": "Riego y cultivo", "cedula": "1727996611", "caudal_valor": 28.6, "coord_x_utm": 820734.94, "coord_y_utm": 9989571.92}, "geometry": {"type": "Point", "coordinates": [-78.118855, -0.094226]}}, {"type": "Feature", "properties": {"id": "{f11a3d48-1a0d-4585-9970-3d8d16c85272}", "cod_poligono": "1702521050078", "num_predio": 23, "codigo_final": "S-C-P023", "propietario": "LECHON SOPALO DELIA MARIA", "parroquia": "CANGAHUA", "caudal_tipo": "Recibe la Comunidad", "creado_por": "u0_a302", "fecha_creacion": "2026-05-21T11:05:29.604Z", "apellidos": "LECHON SOPALO", "nombres": "DELIA MARIA", "clave_catastral": "1702521050078", "telefono_celular": "0939888208", "sector": "Guang-Porotog", "area_total": 2607.77, "org_riego": "Guanguilqui porotog", "sector_comunidad": "Larcachaca", "canal": "Guanguilqui porotog", "area_sin_riego": 2607.77, "cota_msnm": 3515.0, "conoce_presa": "Sí", "como_elige_dir": "Asamblea general", "nom_presidente": "Joaquin tipanluisa", "operador_sector": "Roberto aigaje", "anios_sistema": 11, "km_canal": 63.0, "recibio_capacitacion": "Sí", "le_gustaria_cap": "Sí", "temas_capacitacion": "Riego y cultivo", "cedula": "1724517550", "caudal_valor": 28.6, "coord_x_utm": 820747.84, "coord_y_utm": 9989545.57}, "geometry": {"type": "Point", "coordinates": [-78.11874, -0.094464]}}, {"type": "Feature", "properties": {"id": "{f0fa68b9-8ce0-42df-89b9-1976f99e3404}", "cod_poligono": "1702521050076", "num_predio": 24, "codigo_final": "S-C-P024", "propietario": "LECHON CHICAIZA SEGUNDO RAFAEL", "parroquia": "CANGAHUA", "caudal_tipo": "Recibe la Comunidad", "foto_predio": "DCIM/JPEG_20260521161035747.jpg", "creado_por": "u0_a302", "fecha_creacion": "2026-05-21T11:05:44.360Z", "apellidos": "LECHON CHICAIZA", "nombres": "SEGUNDO RAFAEL", "clave_catastral": "1702521050076", "telefono_celular": "0939888208", "hijos_hombres": 1, "hijos_mujeres": 3, "sector": "Guang-Porotog", "tenencia_predio": "Escritura", "nivel_instruccion": "Primaria", "area_total": 2767.52, "org_riego": "Guanguilqui porotog", "sector_comunidad": "Larcachaca", "canal": "Guanguilqui porotog", "area_sin_riego": 2767.52, "material_construccion": "MADERA", "cota_msnm": 3515.0, "conoce_presa": "Sí", "como_elige_dir": "Asamblea general", "nom_presidente": "Joaquin tipanluisa", "operador_sector": "Roberto aigaje", "anios_sistema": 11, "km_canal": 63.0, "recibio_capacitacion": "Sí", "le_gustaria_cap": "Sí", "temas_capacitacion": "Riego y cultivo", "cedula": "1001264629", "caudal_valor": 28.6, "coord_x_utm": 820774.74, "coord_y_utm": 9989517.84, "act_productivas_pct": 100, "actividad_productiva": "Particular"}, "geometry": {"type": "Point", "coordinates": [-78.118498, -0.094715]}}, {"type": "Feature", "properties": {"id": "{061d4820-d4f0-40b1-96f7-a011a09581e1}", "cod_poligono": "1702521040148", "num_predio": 25, "codigo_final": "S-C-P025", "propietario": "LECHON CHICAIZA SEGUNDO RAFAEL", "parroquia": "CANGAHUA", "caudal_tipo": "Recibe la Comunidad", "foto_predio": "DCIM/JPEG_20260521161421042.jpg", "creado_por": "u0_a302", "fecha_creacion": "2026-05-21T11:12:21.052Z", "apellidos": "LECHON CHICAIZA", "nombres": "SEGUNDO RAFAEL", "clave_catastral": "1702521040148", "telefono_celular": "0939888208", "hijos_hombres": 1, "hijos_mujeres": 3, "sector": "Guang-Porotog", "tenencia_predio": "Escritura", "nivel_instruccion": "Primaria", "area_total": 4513.92, "org_riego": "Guanguilqui porotog", "sector_comunidad": "Larcachaca", "canal": "Guanguilqui porotog", "area_sin_riego": 4513.92, "agua_consumo": 1, "energia_electrica": 1, "material_construccion": "HORMIGÓN ARMADO", "cota_msnm": 3530.0, "conoce_presa": "Sí", "como_elige_dir": "Asamblea general", "nom_presidente": "Joaquin tipanluisa", "operador_sector": "Roberto aigaje", "anios_sistema": 11, "km_canal": 63.0, "recibio_capacitacion": "Sí", "le_gustaria_cap": "Sí", "temas_capacitacion": "Riego y cultivo", "cedula": "1001264629", "caudal_valor": 28.6, "coord_x_utm": 819100.02, "coord_y_utm": 9989593.35, "act_productivas_pct": 100, "actividad_productiva": "Particular"}, "geometry": {"type": "Point", "coordinates": [-78.133529, -0.094034]}}, {"type": "Feature", "properties": {"id": "{fb117630-697c-4c07-b32e-d4ca76a7940c}", "cod_poligono": "1702521040002", "num_predio": 26, "codigo_final": "S-C-P026", "propietario": "IMBAQUINGO FARINANGO RICARDO", "parroquia": "CANGAHUA", "caudal_tipo": "Recibe la Comunidad", "foto_predio": "DCIM/JPEG_20260521162110178.jpg", "creado_por": "u0_a302", "fecha_creacion": "2026-05-21T11:15:59.545Z", "apellidos": "IMBAQUINGO LANCHIMBA", "nombres": "BLANCA MARIANA", "clave_catastral": "1702521040002", "telefono_celular": "0980756814", "hijos_mujeres": 2, "sector": "Guang-Porotog", "tenencia_predio": "Sin Escritura", "nivel_instruccion": "Primaria", "area_total": 9963.53, "org_riego": "Guanguilqui porotog", "sector_comunidad": "Larcachaca", "canal": "Guanguilqui porotog", "area_sin_riego": 9963.53, "agua_consumo": 1, "energia_electrica": 1, "material_construccion": "BLOQUE", "cota_msnm": 3565.0, "conoce_presa": "Sí", "como_elige_dir": "Asamblea general", "nom_presidente": "Joaquin tipanluisa", "operador_sector": "Roberto aigaje", "anios_sistema": 11, "km_canal": 63.0, "recibio_capacitacion": "Sí", "le_gustaria_cap": "Sí", "temas_capacitacion": "Riego y cultivo", "cedula": "1724706351", "caudal_valor": 28.6, "coord_x_utm": 819383.74, "coord_y_utm": 9989342.01, "act_productivas_pct": 100, "actividad_productiva": "Particular"}, "geometry": {"type": "Point", "coordinates": [-78.130983, -0.096305]}}, {"type": "Feature", "properties": {"id": "{6b6762f8-7add-43aa-bf2c-f09b108a7b0d}", "cod_poligono": "1702521470022", "num_predio": 27, "codigo_final": "S-C-P027", "propietario": "IMBAQUINGO FARINANGO RICARDO", "parroquia": "CANGAHUA", "caudal_tipo": "Recibe la Comunidad", "tiene_reservorio": "Comunitario", "foto_predio": "DCIM/JPEG_20260521195700847.JPG", "creado_por": "u0_a302", "fecha_creacion": "2026-05-21T11:22:16.692Z", "apellidos": "IMBAQUINGO LANCHIMBA ", "nombres": "Jose Manuel", "clave_catastral": "1702521470022", "telefono_celular": "0986506782", "hijos_mujeres": 2, "sector": "Guang-Porotog", "tenencia_predio": "Sin Escritura", "nivel_instruccion": "Primaria", "area_total": 13168.17, "org_riego": "Guanguilqui porotog", "sector_comunidad": "Larcachaca", "canal": "Guanguilqui porotog", "area_sin_riego": 13168.17, "frecuencia_riego": "Mensual", "metodo_aspersion_pct": 100, "dias_riego": 1, "horas_turno": 6, "valor_tarifa": 3.0, "tipo_tarifa": "fijo mensual", "agua_consumo": 1, "energia_electrica": 1, "cota_msnm": 3505.0, "conoce_presa": "Sí", "como_elige_dir": "Asamblea general", "nom_presidente": "Joaquin tipanluisa", "operador_sector": "Roberto aigaje", "anios_sistema": 15, "km_canal": 63.0, "recibio_capacitacion": "Sí", "le_gustaria_cap": "Sí", "temas_capacitacion": "Riego y cultivo", "cedula": "1710714039", "caudal_valor": 28.6, "coord_x_utm": 820587.27, "coord_y_utm": 9989172.98, "act_productivas_pct": 100, "observaciones": "La hija actualiza datos del comunero  terrreno dividen en cuatro comuneros "}, "geometry": {"type": "Point", "coordinates": [-78.11977, -0.098088]}}, {"type": "Feature", "properties": {"id": "{fc3655f5-de10-4392-8419-9cb4afdaa141}", "cod_poligono": "1702521470022", "num_predio": 28, "codigo_final": "S-C-P028", "propietario": "IMBAQUINGO FARINANGO RICARDO", "parroquia": "CANGAHUA", "caudal_tipo": "Recibe la Comunidad", "tiene_reservorio": "Comunitario", "foto_predio": "DCIM/JPEG_20260521162534361.jpg", "creado_por": "u0_a302", "fecha_creacion": "2026-05-21T11:22:34.434Z", "apellidos": "IMBAQUINGO LANCHIMBA ", "nombres": "BLANCA MARIANA", "clave_catastral": "1702521470022", "telefono_celular": "0980756814", "hijos_mujeres": 2, "sector": "Guang-Porotog", "tenencia_predio": "Sin Escritura", "nivel_instruccion": "Primaria", "area_total": 13168.17, "org_riego": "Guanguilqui porotog", "sector_comunidad": "Larcachaca", "canal": "Guanguilqui porotog", "area_sin_riego": 13168.17, "frecuencia_riego": "Semanal", "metodo_aspersion_pct": 100, "dias_riego": 1, "horas_turno": 8, "valor_tarifa": 3.0, "tipo_tarifa": "fijo mensual", "cota_msnm": 3505.0, "conoce_presa": "Sí", "como_elige_dir": "Asamblea general", "nom_presidente": "Joaquin tipanluisa", "operador_sector": "Roberto aigaje", "anios_sistema": 11, "km_canal": 63.0, "recibio_capacitacion": "Sí", "le_gustaria_cap": "Sí", "temas_capacitacion": "Riego y cultivo", "cedula": "1724706251", "caudal_valor": 28.6, "coord_x_utm": 820608.26, "coord_y_utm": 9989193.02, "soberania_aliment_pct": 50, "act_productivas_pct": 50, "actividad_productiva": "Particular"}, "geometry": {"type": "Point", "coordinates": [-78.120521, -0.097637]}}, {"type": "Feature", "properties": {"id": "{25659ea1-80dd-418b-a25f-95f8fb65f7a0}", "cod_poligono": "1702521040057", "num_predio": 29, "codigo_final": "S-C-P029", "propietario": "SOPALO LANCHIMBA MARIA DOLORES", "parroquia": "CANGAHUA", "caudal_tipo": "Recibe la Comunidad", "tiene_reservorio": "Comunitario", "foto_predio": "DCIM/JPEG_20260521163738306.jpg", "creado_por": "u0_a302", "fecha_creacion": "2026-05-21T11:27:18.405Z", "apellidos": "SOPALO LANCHIMBA", "nombres": "GLADYS YOLANDA", "clave_catastral": "1702521040057", "telefono_celular": "0994949684", "sector": "Guang-Porotog", "tenencia_predio": "Escritura", "nivel_instruccion": "Secundaria", "area_total": 7768.23, "org_riego": "Guanguilqui porotog", "sector_comunidad": "Larcachaca", "canal": "Guanguilqui porotog", "area_sin_riego": 7768.23, "frecuencia_riego": "Semanal", "metodo_aspersion_pct": 100, "dias_riego": 2, "horas_turno": 12, "valor_tarifa": 3.0, "tipo_tarifa": "fijo mensual", "agua_consumo": 1, "energia_electrica": 1, "material_construccion": "HORMIGÓN ARMADO", "cota_msnm": 3535.0, "conoce_presa": "Sí", "como_elige_dir": "Asamblea general", "nom_presidente": "Joaquin tipanluisa", "operador_sector": "Roberto aigaje", "anios_sistema": 11, "km_canal": 63.0, "recibio_capacitacion": "Sí", "le_gustaria_cap": "Sí", "temas_capacitacion": "Riego y cultivo", "cedula": "1715304851", "caudal_valor": 28.6, "coord_x_utm": 819198.2, "coord_y_utm": 9989649.58, "act_productivas_pct": 100}, "geometry": {"type": "Point", "coordinates": [-78.132648, -0.093525]}}, {"type": "Feature", "properties": {"id": "{5d84e42c-af11-4c8a-a28c-755b948a28bd}", "cod_poligono": "1702521040056", "num_predio": 30, "codigo_final": "S-C-P030", "propietario": "SOPALO LANCHIMBA GLADYS YOLANDA", "parroquia": "CANGAHUA", "foto_predio": "DCIM/JPEG_20260521164344139.jpg", "creado_por": "u0_a302", "fecha_creacion": "2026-05-21T11:40:29.811Z", "apellidos": "SOPALO LANCHIMBA", "nombres": "GLADYS YOLANDA", "clave_catastral": "1702521040056", "telefono_celular": "0994939684", "sector": "Guang-Porotog", "tenencia_predio": "Escritura", "nivel_instruccion": "Secundaria", "area_total": 938.51, "org_riego": "Guanguilqui porotog", "sector_comunidad": "Larcachaca", "canal": "Guanguilqui porotog", "area_sin_riego": 938.51, "frecuencia_riego": "Semanal", "metodo_aspersion_pct": 100, "dias_riego": 2, "horas_turno": 12, "agua_consumo": 1, "energia_electrica": 1, "material_construccion": "HORMIGÓN ARMADO", "cota_msnm": 3545.0, "conoce_presa": "Sí", "como_elige_dir": "Asamblea general", "nom_presidente": "Joaquin tipanluisa", "operador_sector": "Roberto aigaje", "anios_sistema": 11, "km_canal": 63.0, "recibio_capacitacion": "Sí", "le_gustaria_cap": "Sí", "temas_capacitacion": "Riegi y cultivo", "cedula": "1715304851", "caudal_valor": 28.6, "coord_x_utm": 819144.19, "coord_y_utm": 9989465.93, "act_productivas_pct": 100, "actividad_productiva": "Particular"}, "geometry": {"type": "Point", "coordinates": [-78.133133, -0.095185]}}, {"type": "Feature", "properties": {"id": "{edf61199-56b7-4458-92eb-0060d71304df}", "cod_poligono": "1702521050017", "num_predio": 31, "codigo_final": "S-C-P031", "propietario": "SOPALO LANCHIMBA GLADYS YOLANDA", "parroquia": "CANGAHUA", "tiene_reservorio": "Comunitario", "foto_predio": "DCIM/JPEG_20260521165041872.jpg", "creado_por": "u0_a302", "fecha_creacion": "2026-05-21T11:45:39.236Z", "apellidos": "SOPALO LANCHIMBA", "nombres": "GLADYS YOLANDA", "clave_catastral": "1702521050017", "telefono_celular": "0994939684", "sector": "Guang-Porotog", "tenencia_predio": "Escritura", "nivel_instruccion": "Secundaria", "area_total": 10502.55, "org_riego": "Guanguilqui porotog", "sector_comunidad": "Larcachaca", "canal": "Guanguilqui porotog", "area_sin_riego": 10502.55, "frecuencia_riego": "Semanal", "metodo_aspersion_pct": 100, "dias_riego": 1, "horas_turno": 12, "valor_tarifa": 3.0, "tipo_tarifa": "fijo mensual", "agua_consumo": 1, "energia_electrica": 0, "material_construccion": "Otros", "cota_msnm": 3490.0, "conoce_presa": "Sí", "como_elige_dir": "Asamblea general", "nom_presidente": "Joaquin tipanluisa", "operador_sector": "Roberto aigaje", "anios_sistema": 11, "km_canal": 63.0, "recibio_capacitacion": "Sí", "le_gustaria_cap": "Sí", "temas_capacitacion": "Riegi y cultivo", "cedula": "1715304851", "caudal_valor": 28.6, "coord_x_utm": 820696.34, "coord_y_utm": 9989697.31, "act_productivas_pct": 100, "actividad_productiva": "Particular", "material_constr_otro": "Adobe"}, "geometry": {"type": "Point", "coordinates": [-78.119202, -0.093093]}}, {"type": "Feature", "properties": {"id": "{6307c262-a515-4062-b683-92ede37b1216}", "cod_poligono": "1702521040142", "num_predio": 32, "codigo_final": "S-C-P032", "propietario": "IMBAQUINGO IMBAQUINGO EVELINA ELSA", "parroquia": "CANGAHUA", "tiene_reservorio": "Comunitario", "foto_predio": "DCIM/JPEG_20260521165712686.jpg", "creado_por": "u0_a302", "fecha_creacion": "2026-05-21T11:52:41.119Z", "apellidos": "IMBAQUINGO IMBAQUINGO", "nombres": "EVELINA ELSA", "clave_catastral": "1702521040142", "telefono_celular": "0994939684", "hijos_hombres": 2, "sector": "Guang-Porotog", "tenencia_predio": "Escritura", "nivel_instruccion": "Secundaria", "area_total": 2985.39, "org_riego": "Guanguilqui porotog", "sector_comunidad": "Larcachaca", "canal": "Guanguilqui porotog", "area_sin_riego": 2985.39, "frecuencia_riego": "Semanal", "metodo_aspersion_pct": 100, "dias_riego": 1, "horas_turno": 12, "valor_tarifa": 3.0, "tipo_tarifa": "fijo mensual", "agua_consumo": 1, "energia_electrica": 1, "material_construccion": "BLOQUE", "cota_msnm": 3545.0, "conoce_presa": "Sí", "como_elige_dir": "Asamblea general", "nom_presidente": "Joaquin tipanluisa", "operador_sector": "Roberto aigaje", "anios_sistema": 11, "km_canal": 63.0, "recibio_capacitacion": "No", "le_gustaria_cap": "Sí", "temas_capacitacion": "Riegi y cultivo", "cedula": "1725963688", "caudal_valor": 28.6, "coord_x_utm": 819244.37, "coord_y_utm": 9989508.34, "soberania_aliment_pct": 50, "act_productivas_pct": 50, "actividad_productiva": "Particular"}, "geometry": {"type": "Point", "coordinates": [-78.132234, -0.094802]}}, {"type": "Feature", "properties": {"id": "{c7cbc4d1-fac1-473a-9808-10856689956d}", "cod_poligono": "1702521040024", "num_predio": 33, "codigo_final": "S-C-P033", "propietario": "IMBAQUINGO CABASCANGO MARIA MERCEDES", "parroquia": "CANGAHUA", "caudal_tipo": "Recibe la Comunidad", "tiene_reservorio": "Comunitario", "foto_predio": "DCIM/JPEG_20260521170006613.jpg", "creado_por": "u0_a302", "fecha_creacion": "2026-05-21T11:58:22.819Z", "apellidos": "IMBAQUINGO CABASCANGO", "nombres": "MARIA MERCEDES", "clave_catastral": "1702521040024", "telefono_celular": "0994939684", "hijos_hombres": 1, "hijos_mujeres": 1, "sector": "Guang-Porotog", "tenencia_predio": "Escritura", "nivel_instruccion": "Primaria", "area_total": 779.77, "org_riego": "Guanguilqui porotog", "sector_comunidad": "Larcachaca", "canal": "Guanguilqui porotog", "area_sin_riego": 779.77, "frecuencia_riego": "Semanal", "metodo_aspersion_pct": 100, "dias_riego": 1, "horas_turno": 12, "valor_tarifa": 3.0, "tipo_tarifa": "fijo mensual", "cota_msnm": 3540.0, "conoce_presa": "Sí", "como_elige_dir": "Asamblea general", "nom_presidente": "Joaquin tipanluisa", "operador_sector": "Roberto aigaje", "anios_sistema": 11, "km_canal": 63.0, "recibio_capacitacion": "No", "le_gustaria_cap": "Sí", "temas_capacitacion": "Riegi y cultivo", "cedula": "1714128640", "caudal_valor": 28.6, "coord_x_utm": 819441.0, "coord_y_utm": 9989715.33, "act_productivas_pct": 100, "actividad_productiva": "Particular"}, "geometry": {"type": "Point", "coordinates": [-78.130469, -0.092931]}}, {"type": "Feature", "properties": {"id": "{b8a98543-909c-4541-b2ae-eb42f368c18c}", "cod_poligono": "1702521010088", "num_predio": 34, "codigo_final": "S-C-P034", "propietario": "IMBAQUINGO SOPALO SEGUNDO MARCELO", "parroquia": "CANGAHUA", "caudal_tipo": "Recibe la Comunidad", "tiene_reservorio": "Comunitario", "foto_predio": "DCIM/JPEG_20260521170437942.jpg", "creado_por": "u0_a302", "fecha_creacion": "2026-05-21T12:01:51.858Z", "apellidos": "IMBAQUINGO SOPALO", "nombres": "SEGUNDO MARCELO", "clave_catastral": "1702521010088", "telefono_celular": "0994939684", "hijos_hombres": 1, "hijos_mujeres": 1, "sector": "Guang-Porotog", "tenencia_predio": "Escritura", "nivel_instruccion": "Primaria", "area_total": 3541.99, "org_riego": "Guanguilqui porotog", "sector_comunidad": "Larcachaca", "canal": "Guanguilqui porotog", "area_sin_riego": 3541.99, "frecuencia_riego": "Semanal", "metodo_aspersion_pct": 100, "dias_riego": 2, "horas_turno": 12, "valor_tarifa": 3.0, "tipo_tarifa": "fijo mensual", "cota_msnm": 3585.0, "conoce_presa": "Sí", "como_elige_dir": "Asamblea general", "nom_presidente": "Joaquin tipanluisa", "operador_sector": "Roberto aigaje", "anios_sistema": 11, "km_canal": 63.0, "recibio_capacitacion": "No", "le_gustaria_cap": "Sí", "temas_capacitacion": "Riegi y cultivo", "cedula": "1712955382", "caudal_valor": 28.6, "coord_x_utm": 819338.84, "coord_y_utm": 9988991.5, "act_productivas_pct": 100, "actividad_productiva": "Particular"}, "geometry": {"type": "Point", "coordinates": [-78.131385, -0.099472]}}, {"type": "Feature", "properties": {"id": "{d3d53b44-90b8-4290-a198-925e08a30bbb}", "cod_poligono": "1702521010097", "num_predio": 35, "codigo_final": "S-C-P035", "propietario": "IMBAQUINGO SOPALO SEGUNDO MARCELO", "parroquia": "CANGAHUA", "caudal_tipo": "Recibe la Comunidad", "tiene_reservorio": "Comunitario", "foto_predio": "DCIM/JPEG_20260521170640749.jpg", "creado_por": "u0_a302", "fecha_creacion": "2026-05-21T12:05:29.245Z", "apellidos": "IMBAQUINGO SOPALO", "nombres": "SEGUNDO MARCELO", "clave_catastral": "1702521010097", "telefono_celular": "0994939684", "hijos_hombres": 1, "hijos_mujeres": 1, "sector": "Guang-Porotog", "tenencia_predio": "Escritura", "nivel_instruccion": "Primaria", "area_total": 1011.54, "org_riego": "Guanguilqui porotog", "sector_comunidad": "Larcachaca", "canal": "Guanguilqui porotog", "area_sin_riego": 1011.54, "frecuencia_riego": "Semanal", "metodo_aspersion_pct": 100, "dias_riego": 2, "horas_turno": 12, "valor_tarifa": 3.0, "tipo_tarifa": "fijo mensual", "cota_msnm": 3580.0, "conoce_presa": "Sí", "como_elige_dir": "Asamblea general", "nom_presidente": "Joaquin tipanluisa", "operador_sector": "Roberto aigaje", "anios_sistema": 11, "km_canal": 63.0, "recibio_capacitacion": "No", "le_gustaria_cap": "Sí", "temas_capacitacion": "Riegi y cultivo", "cedula": "1712955382", "caudal_valor": 28.6, "coord_x_utm": 819387.58, "coord_y_utm": 9989140.75, "act_productivas_pct": 100, "actividad_productiva": "Particular"}, "geometry": {"type": "Point", "coordinates": [-78.130948, -0.098123]}}, {"type": "Feature", "properties": {"id": "{8192b5a7-bc31-4961-b636-5b1e0d1da584}", "cod_poligono": "1702521470024", "num_predio": 36, "codigo_final": "S-C-P036", "propietario": "SOPALO IMBAGO MARIA REGINA", "parroquia": "CANGAHUA", "caudal_tipo": "Recibe la Comunidad", "tiene_reservorio": "Comunitario", "creado_por": "u0_a302", "fecha_creacion": "2026-05-21T12:08:11.300Z", "apellidos": "SOPALO IMBAGO", "nombres": "MARIA REGINA", "clave_catastral": "1702521470024", "telefono_celular": "0994939684", "hijos_hombres": 4, "hijos_mujeres": 4, "sector": "Guang-Porotog", "tenencia_predio": "Escritura", "nivel_instruccion": "Primaria", "area_total": 10462.8, "org_riego": "Guanguilqui porotog", "sector_comunidad": "Larcachaca", "canal": "Guanguilqui porotog", "area_sin_riego": 10462.8, "frecuencia_riego": "Semanal", "metodo_aspersion_pct": 100, "dias_riego": 2, "horas_turno": 12, "valor_tarifa": 3.0, "tipo_tarifa": "fijo mensual", "cota_msnm": 3525.0, "conoce_presa": "Sí", "como_elige_dir": "Asamblea general", "nom_presidente": "Joaquin tipanluisa", "operador_sector": "Roberto aigaje", "anios_sistema": 11, "km_canal": 63.0, "recibio_capacitacion": "No", "le_gustaria_cap": "Sí", "temas_capacitacion": "Riegi y cultivo", "caudal_valor": 28.6, "coord_x_utm": 820812.49, "coord_y_utm": 9989069.26}, "geometry": {"type": "Point", "coordinates": [-78.118159, -0.098768]}}, {"type": "Feature", "properties": {"id": "{c452f756-ea03-4c0d-9272-6183a21c5ead}", "cod_poligono": "1702521470024", "num_predio": 37, "codigo_final": "S-C-P037", "propietario": "SOPALO IMBAGO MARIA REGINA", "parroquia": "CANGAHUA", "caudal_tipo": "Recibe la Comunidad", "tiene_reservorio": "Comunitario", "foto_predio": "DCIM/JPEG_20260521171142901.jpg", "creado_por": "u0_a302", "fecha_creacion": "2026-05-21T12:09:13.334Z", "apellidos": "IMBAQUINGO SOPALO", "nombres": "SEGUNDO MARCELO", "clave_catastral": "1702521470024", "telefono_celular": "0981133334", "hijos_hombres": 1, "hijos_mujeres": 1, "sector": "Guang-Porotog", "tenencia_predio": "Sin Escritura", "nivel_instruccion": "Primaria", "area_total": 10462.8, "org_riego": "Guanguilqui porotog", "sector_comunidad": "Larcachaca", "canal": "Guanguilqui porotog", "area_sin_riego": 10462.8, "frecuencia_riego": "Semanal", "metodo_aspersion_pct": 100, "dias_riego": 1, "horas_turno": 12, "valor_tarifa": 3.0, "tipo_tarifa": "fijo mensual", "material_construccion": "BLOQUE", "cota_msnm": 3525.0, "conoce_presa": "Sí", "como_elige_dir": "Asamblea general", "nom_presidente": "Joaquin tipanluisa", "operador_sector": "Roberto aigaje", "anios_sistema": 11, "km_canal": 63.0, "recibio_capacitacion": "No", "le_gustaria_cap": "Sí", "temas_capacitacion": "Riegi y cultivo", "cedula": "1712955382", "caudal_valor": 28.6, "coord_x_utm": 820807.98, "coord_y_utm": 9989063.61, "act_productivas_pct": 100, "actividad_productiva": "Particular"}, "geometry": {"type": "Point", "coordinates": [-78.118199, -0.098819]}}, {"type": "Feature", "properties": {"id": "{34ba742f-37b8-4f25-8231-1cd79e9e7352}", "cod_poligono": "1702521040143", "num_predio": 38, "codigo_final": "S-C-P038", "propietario": "IMBAQUINGO SOPALO SEGUNDO MARCELO", "parroquia": "CANGAHUA", "caudal_tipo": "Recibe la Comunidad", "tiene_reservorio": "Comunitario", "foto_predio": "DCIM/JPEG_20260521172106753.jpg", "creado_por": "u0_a302", "fecha_creacion": "2026-05-21T12:18:34.444Z", "apellidos": "IMBAQUINGO SOPALO", "nombres": "SEGUNDO MARCELO", "clave_catastral": "1702521040143", "telefono_celular": "0981133334", "hijos_hombres": 1, "hijos_mujeres": 1, "sector": "Guang-Porotog", "tenencia_predio": "Escritura", "nivel_instruccion": "Primaria", "area_total": 4519.01, "org_riego": "Guanguilqui porotog", "sector_comunidad": "Larcachaca", "canal": "Guanguilqui porotog", "area_sin_riego": 4519.01, "frecuencia_riego": "Semanal", "metodo_aspersion_pct": 100, "dias_riego": 2, "horas_turno": 12, "valor_tarifa": 3.0, "tipo_tarifa": "fijo mensual", "agua_consumo": 1, "energia_electrica": 1, "material_construccion": "BLOQUE", "cota_msnm": 3545.0, "conoce_presa": "Sí", "como_elige_dir": "Asamblea general", "nom_presidente": "Joaquin tipanluisa", "operador_sector": "Roberto aigaje", "anios_sistema": 11, "km_canal": 63.0, "recibio_capacitacion": "No", "le_gustaria_cap": "Sí", "temas_capacitacion": "Riegi y cultivo", "cedula": "1712955382", "caudal_valor": 28.6, "coord_x_utm": 819207.44, "coord_y_utm": 9989516.25, "act_productivas_pct": 100, "actividad_productiva": "Particular"}, "geometry": {"type": "Point", "coordinates": [-78.132565, -0.09473]}}, {"type": "Feature", "properties": {"id": "{cb8b825e-e858-4b27-9249-e691d5e1fa65}", "cod_poligono": "1702521040143", "num_predio": 39, "codigo_final": "S-C-P039", "propietario": "IMBAQUINGO SOPALO SEGUNDO MARCELO", "parroquia": "CANGAHUA", "caudal_tipo": "Recibe la Comunidad", "tiene_reservorio": "Comunitario", "foto_predio": "DCIM/JPEG_20260521172654266.jpg", "creado_por": "u0_a302", "fecha_creacion": "2026-05-21T12:23:00.647Z", "apellidos": "AIGAJE LANCHIMBA", "nombres": "LUIS ROBERTO", "clave_catastral": "1702521040143", "telefono_celular": "0997571129", "hijos_hombres": 1, "hijos_mujeres": 3, "sector": "Guang-Porotog", "tenencia_predio": "Sin Escritura", "nivel_instruccion": "Secundaria", "area_total": 4519.01, "org_riego": "Guanguilqui porotog", "sector_comunidad": "Larcachaca", "canal": "Guanguilqui porotog", "area_sin_riego": 4519.01, "frecuencia_riego": "Semanal", "metodo_aspersion_pct": 100, "dias_riego": 2, "horas_turno": 12, "valor_tarifa": 3.0, "tipo_tarifa": "fijo mensual", "cota_msnm": 3545.0, "conoce_presa": "Sí", "como_elige_dir": "Asamblea general", "nom_presidente": "Joaquin tipanluisa", "operador_sector": "Roberto Aigaje", "anios_sistema": 11, "km_canal": 63.0, "recibio_capacitacion": "Sí", "le_gustaria_cap": "Sí", "temas_capacitacion": "Cultivo y riego", "cedula": "1716656614", "caudal_valor": 28.6, "coord_x_utm": 819185.27, "coord_y_utm": 9989479.19, "act_productivas_pct": 100, "actividad_productiva": "Particular"}, "geometry": {"type": "Point", "coordinates": [-78.132764, -0.095065]}}, {"type": "Feature", "properties": {"id": "{15123613-c7d0-4d03-bbae-8c5c6ee95cb4}", "cod_poligono": "1702521040143", "num_predio": 40, "codigo_final": "S-C-P040", "propietario": "IMBAQUINGO SOPALO SEGUNDO MARCELO", "parroquia": "CANGAHUA", "caudal_tipo": "Recibe la Comunidad", "tiene_reservorio": "Comunitario", "foto_predio": "DCIM/JPEG_20260521172858565.jpg", "creado_por": "u0_a302", "fecha_creacion": "2026-05-21T12:27:06.756Z", "apellidos": "IMBAQUINGO SOPALO", "nombres": "SEGUNDO JORGE", "clave_catastral": "1702521040143", "telefono_celular": "0985341199", "hijos_hombres": 2, "hijos_mujeres": 2, "sector": "Guang-Porotog", "tenencia_predio": "Sin Escritura", "nivel_instruccion": "Primaria", "area_total": 4519.01, "org_riego": "Guanguilqui porotog", "sector_comunidad": "Larcachaca", "canal": "Guanguilqui porotog", "area_sin_riego": 4519.01, "frecuencia_riego": "Semanal", "metodo_aspersion_pct": 100, "dias_riego": 2, "horas_turno": 12, "valor_tarifa": 3.0, "tipo_tarifa": "fijo mensual", "cota_msnm": 3545.0, "conoce_presa": "Sí", "como_elige_dir": "Asamblea general", "nom_presidente": "Joaquin tipanluisa", "operador_sector": "Roberto Aigaje", "anios_sistema": 11, "km_canal": 63.0, "recibio_capacitacion": "Sí", "le_gustaria_cap": "Sí", "temas_capacitacion": "Cultivo y riego", "cedula": "1715300735", "caudal_valor": 28.6, "coord_x_utm": 819196.24, "coord_y_utm": 9989495.31, "act_productivas_pct": 100, "actividad_productiva": "Particular"}, "geometry": {"type": "Point", "coordinates": [-78.132666, -0.094919]}}, {"type": "Feature", "properties": {"id": "{f50d2569-7c88-4e31-aa22-2a7c585ff838}", "cod_poligono": "1702521040134", "num_predio": 57, "codigo_final": "S-C-P057", "propietario": "IMBAQUINGO SOPALO MIRIAN PATRICIA", "parroquia": "CANGAHUA", "caudal_tipo": "Recibe la Comunidad", "tiene_reservorio": "Comunitario", "creado_por": "u0_a330", "fecha_creacion": "2026-05-21T08:07:50.839Z", "apellidos": "IMBAQUINGO SOPALO", "nombres": "MIRIAN PATRICIA", "clave_catastral": "1702521040134", "telefono_celular": "0990363077", "hijos_mujeres": 1, "sector": "Guang-Porotog", "tenencia_predio": "Escritura", "nivel_instruccion": "Secundaria", "area_total": 11887.03, "org_riego": "Guanguilqui porotog", "sector_comunidad": "Parcela", "canal": "Guanguilquil porotog", "area_sin_riego": 11887.03, "frecuencia_riego": "Semanal", "metodo_gravedad_pct": 0, "metodo_aspersion_pct": 100, "dias_riego": 2, "horas_turno": 16, "valor_tarifa": 3.0, "tipo_tarifa": "fijo mensual", "agua_consumo": 1, "energia_electrica": 1, "material_construccion": "BLOQUE", "cota_msnm": 3500.0, "conoce_presa": "Sí", "como_elige_dir": "Asamblea general", "nom_presidente": "Joaquin tipamluisa", "operador_sector": "Riberto igaje", "anios_sistema": 26, "km_canal": 63.0, "recibio_capacitacion": "Sí", "le_gustaria_cap": "Sí", "temas_capacitacion": "Sobre el manejo del sistema de riego", "cedula": "1720660545", "caudal_valor": 28.6, "coord_x_utm": 819039.63, "coord_y_utm": 9989982.31, "soberania_aliment_pct": 100}, "geometry": {"type": "Point", "coordinates": [-78.134072, -0.090519]}}, {"type": "Feature", "properties": {"id": "{728ae6a8-1822-4f9d-9925-6bf0fa3fc679}", "cod_poligono": "1702521010033", "num_predio": 1, "codigo_final": "S-C-P001_2", "propietario": "IMBAQUINGO ULCUANGO ROGELIO", "parroquia": "CANGAHUA", "creado_por": "u0_a330", "fecha_creacion": "2026-05-21T08:26:08.894Z", "apellidos": "IMBAQUINGO ULCUANGO", "nombres": "ROGELIO", "clave_catastral": "1702521010033", "area_total": 6420.78, "area_sin_riego": 6420.78, "cota_msnm": 3510.0, "cedula": "1707015259", "coord_x_utm": 818955.63, "coord_y_utm": 9989613.16}, "geometry": {"type": "Point", "coordinates": [-78.134825, -0.093855]}}, {"type": "Feature", "properties": {"id": "{09b7cccb-414c-4d73-97ea-b1e2b753ccd7}", "cod_poligono": "1702521010033", "num_predio": 3, "codigo_final": "S-C-P003_2", "propietario": "IMBAQUINGO ULCUANGO ROGELIO", "parroquia": "CANGAHUA", "caudal_tipo": "Recibe la Comunidad", "tiene_reservorio": "Comunitario", "creado_por": "u0_a330", "fecha_creacion": "2026-05-21T08:28:05.116Z", "apellidos": "IMBAQUINGO SOPALO", "nombres": "MIRIAMN PATRICIA", "clave_catastral": "1702521010033", "telefono_celular": "0990363077", "hijos_mujeres": 1, "sector": "Guang-Porotog", "tenencia_predio": "Sin Escritura", "nivel_instruccion": "Secundaria", "area_total": 6420.78, "org_riego": "Comunitaria", "sector_comunidad": "HUASIPUNGO", "canal": "Guanguilquu porotog", "area_sin_riego": 6420.78, "frecuencia_riego": "Semanal", "metodo_aspersion_pct": 100, "dias_riego": 2, "horas_turno": 16, "valor_tarifa": 3.0, "tipo_tarifa": "fijo mensual", "agua_consumo": 1, "energia_electrica": 1, "material_construccion": "BLOQUE", "cota_msnm": 3510.0, "conoce_presa": "Sí", "como_elige_dir": "Asamblea general", "nom_presidente": "Joaquin tipamluisa", "operador_sector": "Roberto aigaje", "anios_sistema": 26, "km_canal": 63.0, "recibio_capacitacion": "Sí", "le_gustaria_cap": "Sí", "temas_capacitacion": "Sobre el manejo del sistena de aspersor", "cedula": "1720660545", "caudal_valor": 28.6, "coord_x_utm": 818943.58, "coord_y_utm": 9989600.55}, "geometry": {"type": "Point", "coordinates": [-78.134934, -0.093969]}}, {"type": "Feature", "properties": {"id": "{d83eec50-5d30-446f-a97f-002571f55ff0}", "cod_poligono": "1702521050026", "num_predio": 4, "codigo_final": "S-C-P004_2", "propietario": "IMBAQUINGO ULCUANGO ROGELIO", "parroquia": "CANGAHUA", "caudal_tipo": "Recibe la Comunidad", "tiene_reservorio": "Comunitario", "creado_por": "u0_a330", "fecha_creacion": "2026-05-21T08:49:38.133Z", "apellidos": "IMBAQUINGO ULCUANGO", "nombres": "ROGELIO", "clave_catastral": "1702521050026", "telefono_celular": "0980773906", "hijos_hombres": 4, "hijos_mujeres": 3, "sector": "Guanguilqui", "tenencia_predio": "Escritura", "nivel_instruccion": "Primaria", "area_total": 13629.42, "org_riego": "Comunitaria", "sector_comunidad": "Moras guanguilqui", "canal": "Guanguiqui", "area_sin_riego": 13629.42, "frecuencia_riego": "Semanal", "metodo_aspersion_pct": 100, "dias_riego": 1, "horas_turno": 12, "valor_tarifa": 3.0, "tipo_tarifa": "fijo mensual", "agua_consumo": 1, "material_construccion": "BLOQUE", "cota_msnm": 3510.0, "conoce_presa": "Sí", "como_elige_dir": "Asamblea general", "nom_presidente": "Joaquin tipamluisa", "operador_sector": "Roberto igaje", "anios_sistema": 26, "km_canal": 63.0, "recibio_capacitacion": "Sí", "le_gustaria_cap": "Sí", "temas_capacitacion": "Manejo del sistema de aspercion", "cedula": "1707015259", "caudal_valor": 28.6, "coord_x_utm": 820670.21, "coord_y_utm": 9989330.51, "soberania_aliment_pct": 20, "act_productivas_pct": 80, "actividad_productiva": "Particular"}, "geometry": {"type": "Point", "coordinates": [-78.119436, -0.096407]}}, {"type": "Feature", "properties": {"id": "{2aa14b73-7321-402e-8af1-dad0088a74c0}", "cod_poligono": "1702521050026", "num_predio": 5, "codigo_final": "S-C-P005_2", "propietario": "IMBAQUINGO ULCUANGO ROGELIO", "parroquia": "CANGAHUA", "caudal_tipo": "Recibe la Comunidad", "tiene_reservorio": "Comunitario", "creado_por": "u0_a330", "fecha_creacion": "2026-05-21T09:02:38.948Z", "apellidos": "IMBAQUINGO SOPALO", "nombres": "Miriam Patricia", "clave_catastral": "1702521050026", "telefono_celular": "0990363077", "hijos_mujeres": 1, "sector": "Guanguilqui", "tenencia_predio": "Sin Escritura", "nivel_instruccion": "Secundaria", "area_total": 13629.42, "org_riego": "Guanguilqui", "sector_comunidad": "Moras guanguilqui", "canal": "Guanguilqui", "area_sin_riego": 13629.42, "frecuencia_riego": "Semanal", "metodo_aspersion_pct": 100, "dias_riego": 1, "horas_turno": 12, "valor_tarifa": 3.0, "tipo_tarifa": "fijo mensual", "agua_consumo": 1, "cota_msnm": 3520.0, "conoce_presa": "Sí", "como_elige_dir": "Asamblea general", "nom_presidente": "Joaquin tipamluisa", "operador_sector": "Riverto igaje", "anios_sistema": 26, "km_canal": 63.0, "recibio_capacitacion": "Sí", "le_gustaria_cap": "Sí", "temas_capacitacion": "Manejo del sistema", "cedula": "1720660545", "caudal_valor": 28.6, "coord_x_utm": 820815.57, "coord_y_utm": 9989299.52, "soberania_aliment_pct": 50, "act_productivas_pct": 50, "actividad_productiva": "Particular"}, "geometry": {"type": "Point", "coordinates": [-78.118132, -0.096687]}}, {"type": "Feature", "properties": {"id": "{af5416a5-6162-4b47-97ff-9a7b3026b853}", "cod_poligono": "1702521050026", "num_predio": 6, "codigo_final": "S-C-P006_2", "propietario": "IMBAQUINGO ULCUANGO ROGELIO", "parroquia": "CANGAHUA", "caudal_tipo": "Recibe la Comunidad", "tiene_reservorio": "Comunitario", "creado_por": "u0_a330", "fecha_creacion": "2026-05-21T09:12:25.329Z", "apellidos": "IMBAQUINGO SOPALO", "nombres": "Milton Byron", "clave_catastral": "1702521050026", "telefono_celular": "0997382241", "hijos_hombres": 2, "sector": "Guanguilqui", "tenencia_predio": "Sin Escritura", "nivel_instruccion": "Secundaria", "area_total": 13629.42, "org_riego": "Guanguiqui", "sector_comunidad": "Moras guanguilqui", "canal": "Guanguiqui", "area_sin_riego": 13629.42, "frecuencia_riego": "Semanal", "metodo_aspersion_pct": 100, "dias_riego": 1, "horas_turno": 12, "valor_tarifa": 3.0, "tipo_tarifa": "fijo mensual", "agua_consumo": 1, "cota_msnm": 3510.0, "conoce_presa": "Sí", "como_elige_dir": "Asamblea general", "nom_presidente": "Joaquin tipamluisa", "operador_sector": "Roberto igaje", "anios_sistema": 28, "km_canal": 63.0, "recibio_capacitacion": "Sí", "le_gustaria_cap": "Sí", "temas_capacitacion": "Manejo del sistema de riego", "cedula": "1723970032", "caudal_valor": 28.6, "coord_x_utm": 820658.91, "coord_y_utm": 9989307.04, "soberania_aliment_pct": 50, "act_productivas_pct": 50, "actividad_productiva": "Particular"}, "geometry": {"type": "Point", "coordinates": [-78.119538, -0.09662]}}, {"type": "Feature", "properties": {"id": "{f26c0ac1-1379-486a-97e2-02b9c4dd2222}", "cod_poligono": "1702521050026", "num_predio": 7, "codigo_final": "S-C-P007_2", "propietario": "IMBAQUINGO ULCUANGO ROGELIO", "parroquia": "CANGAHUA", "caudal_tipo": "Recibe la Comunidad", "tiene_reservorio": "Comunitario", "creado_por": "u0_a330", "fecha_creacion": "2026-05-21T09:21:42.118Z", "apellidos": "Sopalo maquinga", "nombres": "Segundo Humberto", "clave_catastral": "1702521050026", "telefono_celular": "0985785317", "hijos_mujeres": 2, "sector": "Guanguilqui", "tenencia_predio": "Sin Escritura", "nivel_instruccion": "Superior", "area_total": 13629.42, "org_riego": "Guanguilqui", "sector_comunidad": "Moras guanguilqui", "canal": "Guanguilqui", "area_sin_riego": 13629.42, "frecuencia_riego": "Semanal", "metodo_aspersion_pct": 100, "dias_riego": 1, "horas_turno": 12, "valor_tarifa": 3.0, "tipo_tarifa": "fijo mensual", "agua_consumo": 1, "cota_msnm": 3515.0, "conoce_presa": "Sí", "como_elige_dir": "Asamblea general", "nom_presidente": "Joaquin tipamluisa", "operador_sector": "Roberto igaje", "anios_sistema": 26, "km_canal": 63.0, "recibio_capacitacion": "Sí", "le_gustaria_cap": "Sí", "temas_capacitacion": "Sistema de riego", "cedula": "1724453517", "caudal_valor": 28.6, "coord_x_utm": 820742.74, "coord_y_utm": 9989309.51, "soberania_aliment_pct": 50, "act_productivas_pct": 50, "observaciones": "La cuñada actualiza datos"}, "geometry": {"type": "Point", "coordinates": [-78.118785, -0.096597]}}, {"type": "Feature", "properties": {"id": "{7b6fac62-3a3f-457b-b40b-101b818d0de9}", "cod_poligono": "1702521040134", "num_predio": 8, "codigo_final": "S-C-P008_2", "propietario": "IMBAQUINGO SOPALO MIRIAN PATRICIA", "parroquia": "CANGAHUA", "caudal_tipo": "Recibe la Comunidad", "tiene_reservorio": "Comunitario", "creado_por": "u0_a330", "fecha_creacion": "2026-05-21T09:29:49.203Z", "apellidos": " SOPALO Umaquinga", "nombres": "Segu ndo humberto", "clave_catastral": "1702521040134", "telefono_celular": "0985785317", "hijos_mujeres": 2, "sector": "Guang-Porotog", "tenencia_predio": "Sin Escritura", "nivel_instruccion": "Superior", "area_total": 11887.03, "org_riego": "Guanguilqui porotog", "sector_comunidad": "Parcela", "canal": "Guanguilqui porotog", "area_sin_riego": 11887.03, "frecuencia_riego": "Semanal", "metodo_aspersion_pct": 100, "dias_riego": 2, "horas_turno": 12, "valor_tarifa": 3.0, "tipo_tarifa": "fijo mensual", "agua_consumo": 1, "energia_electrica": 1, "material_construccion": "HORMIGÓN ARMADO", "cota_msnm": 3505.0, "conoce_presa": "Sí", "como_elige_dir": "Asamblea general", "nom_presidente": "Joaquin tipanluisa", "operador_sector": "Roberto Igaje", "anios_sistema": 26, "km_canal": 63.0, "recibio_capacitacion": "Sí", "le_gustaria_cap": "Sí", "temas_capacitacion": "Sistema de riego", "cedula": "1724453517", "caudal_valor": 28.6, "coord_x_utm": 819060.72, "coord_y_utm": 9989924.79, "soberania_aliment_pct": 50, "act_productivas_pct": 50, "actividad_productiva": "Particular", "observaciones": "Es un predio dividido con el cuñado sin escritura"}, "geometry": {"type": "Point", "coordinates": [-78.133882, -0.091039]}}, {"type": "Feature", "properties": {"id": "{ccc3242a-1dc2-4e40-8472-b7c0a554a264}", "cod_poligono": "1702521010010", "num_predio": 9, "codigo_final": "S-C-P009_2", "propietario": "IMBAQUINGO SOPALO MILTON BYRON", "parroquia": "CANGAHUA", "caudal_tipo": "Recibe la Comunidad", "tiene_reservorio": "Comunitario", "creado_por": "u0_a330", "fecha_creacion": "2026-05-21T09:39:24.106Z", "apellidos": "IMBAQUINGO SOPALO", "nombres": "MILTON BYRON", "clave_catastral": "1702521010010", "telefono_celular": "0997382241", "hijos_hombres": 2, "sector": "Guang-Porotog", "tenencia_predio": "Escritura", "nivel_instruccion": "Secundaria", "area_total": 6541.22, "org_riego": "Guanguilqui", "sector_comunidad": "Huasipungo", "canal": "Guanguilqui", "area_sin_riego": 6541.22, "frecuencia_riego": "Semanal", "metodo_aspersion_pct": 100, "dias_riego": 2, "horas_turno": 16, "valor_tarifa": 3.0, "tipo_tarifa": "fijo mensual", "agua_consumo": 1, "energia_electrica": 1, "material_construccion": "BLOQUE", "cota_msnm": 3500.0, "conoce_presa": "Sí", "como_elige_dir": "Asamblea general", "nom_presidente": "Joaquin tipamluisa", "operador_sector": "Roberto igaje", "anios_sistema": 26, "km_canal": 63.0, "recibio_capacitacion": "Sí", "le_gustaria_cap": "Sí", "temas_capacitacion": "Uso del sistema de riego", "cedula": "1723970032", "caudal_valor": 28.6, "coord_x_utm": 818812.17, "coord_y_utm": 9989571.95, "soberania_aliment_pct": 50, "act_productivas_pct": 50, "actividad_productiva": "Particular", "observaciones": "Atualiza datos hermana de la dueña del predio"}, "geometry": {"type": "Point", "coordinates": [-78.136113, -0.094227]}}, {"type": "Feature", "properties": {"id": "{fda6d8be-7819-4a37-aef7-dc30eb02ed98}", "cod_poligono": "1702521050021", "num_predio": 10, "codigo_final": "S-C-P010_2", "propietario": "SOPALO TIPANLUISA ZOILA SARA", "parroquia": "CANGAHUA", "creado_por": "u0_a330", "fecha_creacion": "2026-05-21T09:50:46.048Z", "apellidos": "SOPALO TIPANLUISA", "nombres": "ZOILA SARA", "clave_catastral": "1702521050021", "area_total": 3789.97, "area_sin_riego": 3789.97, "cota_msnm": 3520.0, "cedula": "1708784812", "coord_x_utm": 820837.91, "coord_y_utm": 9989485.93}, "geometry": {"type": "Point", "coordinates": [-78.117931, -0.095003]}}, {"type": "Feature", "properties": {"id": "{317d2654-edae-4618-83b3-d457cabf0df0}", "cod_poligono": "1702521050021", "num_predio": 11, "codigo_final": "S-C-P011_2", "propietario": "SOPALO TIPANLUISA ZOILA SARA", "parroquia": "CANGAHUA", "caudal_tipo": "Recibe la Comunidad", "tiene_reservorio": "Comunitario", "creado_por": "u0_a330", "fecha_creacion": "2026-05-21T09:51:45.771Z", "apellidos": "Imbaquingo ulcuango", "nombres": "Rogelio", "clave_catastral": "1702521050021", "telefono_celular": "0980773906", "hijos_hombres": 4, "hijos_mujeres": 3, "sector": "Guanguilqui", "tenencia_predio": "Sin Escritura", "nivel_instruccion": "Primaria", "area_total": 3789.97, "org_riego": "Guanguilqui", "sector_comunidad": "Moras guanguilqui", "canal": "Guanguilqui", "area_sin_riego": 3789.97, "frecuencia_riego": "Semanal", "metodo_aspersion_pct": 100, "dias_riego": 1, "horas_turno": 12, "valor_tarifa": 3.0, "tipo_tarifa": "fijo mensual", "agua_consumo": 1, "cota_msnm": 3520.0, "conoce_presa": "Sí", "como_elige_dir": "Asamblea general", "nom_presidente": "Joaquin tipamluisa", "operador_sector": "Roberto Igaje", "anios_sistema": 26, "km_canal": 63.0, "recibio_capacitacion": "Sí", "le_gustaria_cap": "Sí", "temas_capacitacion": "Mejoramiento del sistema de aspercion", "cedula": "1707015259", "caudal_valor": 28.6, "coord_x_utm": 820818.67, "coord_y_utm": 9989460.7, "observaciones": "El propietaria es fallecida "}, "geometry": {"type": "Point", "coordinates": [-78.118104, -0.095231]}}, {"type": "Feature", "properties": {"id": "{fd56f9d1-51c9-44d4-b022-f35a1fcd4bc8}", "cod_poligono": "1702521050013", "num_predio": 12, "codigo_final": "S-C-P012_2", "propietario": "SOPALO SOPALO SEGUNDO LINO", "parroquia": "CANGAHUA", "caudal_tipo": "Recibe la Comunidad", "tiene_reservorio": "Comunitario", "foto_predio": "DCIM/JPEG_20260521161434713.JPG", "creado_por": "u0_a330", "fecha_creacion": "2026-05-21T10:02:28.661Z", "apellidos": "SOPALO SOPALO", "nombres": "SEGUNDO LINO", "clave_catastral": "1702521050013", "telefono_celular": "0968438723", "hijos_hombres": 4, "hijos_mujeres": 1, "sector": "Guang-Porotog", "tenencia_predio": "Escritura", "nivel_instruccion": "Alfabetizado", "area_total": 9666.8, "org_riego": "Guanguilqui porotog", "sector_comunidad": "Larcachaca moras", "canal": "Guanguilqui porotog", "area_sin_riego": 9666.8, "frecuencia_riego": "Semanal", "metodo_aspersion_pct": 100, "dias_riego": 2, "horas_turno": 24, "valor_tarifa": 3.0, "tipo_tarifa": "fijo mensual", "agua_consumo": 1, "energia_electrica": 1, "material_construccion": "HORMIGÓN ARMADO", "cota_msnm": 3510.0, "conoce_presa": "Sí", "como_elige_dir": "Asamblea general", "nom_presidente": "Joaquin tipamluisa", "operador_sector": "Roberto igaja", "anios_sistema": 15, "km_canal": 63.0, "recibio_capacitacion": "Sí", "le_gustaria_cap": "Sí", "temas_capacitacion": "Produccion y en riego ", "cedula": "1703958981", "caudal_valor": 28.6, "coord_x_utm": 820586.98, "coord_y_utm": 9989548.02, "act_productivas_pct": 100}, "geometry": {"type": "Point", "coordinates": [-78.120183, -0.094442]}}, {"type": "Feature", "properties": {"id": "{8949e820-d654-4c02-b362-75360aed90e9}", "cod_poligono": "1702521040073", "num_predio": 13, "codigo_final": "S-C-P013_2", "propietario": "AIGAJE IMBAQUINGO MARIA JOSEFINA", "parroquia": "CANGAHUA", "caudal_tipo": "Recibe la Comunidad", "tiene_reservorio": "Comunitario", "foto_predio": "DCIM/JPEG_20260521161216294.JPG", "creado_por": "u0_a330", "fecha_creacion": "2026-05-21T10:15:06.869Z", "apellidos": "AIGAJE IMBAQUINGO", "nombres": "MARIA JOSEFINA", "clave_catastral": "1702521040073", "telefono_celular": "0985876225", "hijos_hombres": 2, "sector": "Guang-Porotog", "tenencia_predio": "Escritura", "nivel_instruccion": "Primaria", "area_total": 3688.58, "org_riego": "Guanguilqui porotog", "sector_comunidad": "Larcachaca parcela", "canal": "Guanguilqui porotog", "area_sin_riego": 3688.58, "frecuencia_riego": "Semanal", "metodo_aspersion_pct": 100, "dias_riego": 2, "horas_turno": 24, "valor_tarifa": 3.0, "tipo_tarifa": "fijo mensual", "agua_consumo": 1, "energia_electrica": 1, "material_construccion": "BLOQUE", "cota_msnm": 3515.0, "conoce_presa": "Sí", "como_elige_dir": "Asamblea general", "nom_presidente": "Joaquin tipamluisa", "operador_sector": "Roberto igaja", "anios_sistema": 15, "km_canal": 63.0, "recibio_capacitacion": "Sí", "le_gustaria_cap": "Sí", "temas_capacitacion": "Sistema de riego", "cedula": "1714164652", "caudal_valor": 28.6, "coord_x_utm": 819064.66, "coord_y_utm": 9989765.08, "act_productivas_pct": 100}, "geometry": {"type": "Point", "coordinates": [-78.133847, -0.092482]}}, {"type": "Feature", "properties": {"id": "{1e3841f5-2ed2-4b5e-b1f5-3254c077408c}", "cod_poligono": "1702521040073", "num_predio": 14, "codigo_final": "S-C-P014_2", "propietario": "AIGAJE IMBAQUINGO MARIA JOSEFINA", "parroquia": "CANGAHUA", "tiene_reservorio": "Comunitario", "foto_predio": "DCIM/JPEG_20260521161243045.JPG", "creado_por": "u0_a330", "fecha_creacion": "2026-05-21T10:25:12.319Z", "apellidos": "SOPALO AIGAJE", "nombres": "Danilo Darwin", "clave_catastral": "1702521040073", "telefono_celular": "0985876225", "hijos_mujeres": 1, "sector": "Guang-Porotog", "tenencia_predio": "Sin Escritura", "nivel_instruccion": "Secundaria", "area_total": 3688.58, "area_sin_riego": 3688.58, "frecuencia_riego": "Semanal", "metodo_aspersion_pct": 100, "dias_riego": 2, "horas_turno": 24, "valor_tarifa": 3.0, "tipo_tarifa": "fijo mensual", "agua_consumo": 1, "energia_electrica": 1, "cota_msnm": 3515.0, "conoce_presa": "Sí", "como_elige_dir": "Asamblea general", "nom_presidente": "Joaquin tipamluisa", "anios_sistema": 15, "recibio_capacitacion": "Sí", "le_gustaria_cap": "Sí", "temas_capacitacion": "Sitemas de riego", "cedula": "1727671537", "coord_x_utm": 819082.01, "coord_y_utm": 9989781.66, "act_productivas_pct": 100, "observaciones": "Division del terreno con el hijo"}, "geometry": {"type": "Point", "coordinates": [-78.133691, -0.092332]}}, {"type": "Feature", "properties": {"id": "{4950738a-56c3-4bbc-b923-cabd9a03cc56}", "cod_poligono": "1702521010013", "num_predio": 15, "codigo_final": "S-C-P015_2", "propietario": "SOPALO ACERO JUAN JOSE", "parroquia": "CANGAHUA", "caudal_tipo": "Recibe la Comunidad", "tiene_reservorio": "Comunitario", "creado_por": "u0_a330", "fecha_creacion": "2026-05-21T10:34:44.615Z", "apellidos": "SOPALO ACERO", "nombres": "JUAN JOSE", "clave_catastral": "1702521010013", "telefono_celular": "0959258229", "hijos_hombres": 2, "sector": "Guang-Porotog", "tenencia_predio": "Escritura", "nivel_instruccion": "Secundaria", "area_total": 5999.33, "sector_comunidad": "Larcachaca guasipungo", "canal": "Guanguilqui porotog", "area_sin_riego": 5999.33, "frecuencia_riego": "Semanal", "metodo_aspersion_pct": 100, "dias_riego": 2, "horas_turno": 24, "valor_tarifa": 3.0, "tipo_tarifa": "fijo mensual", "agua_consumo": 1, "energia_electrica": 1, "material_construccion": "BLOQUE", "cota_msnm": 3520.0, "conoce_presa": "Sí", "como_elige_dir": "Asamblea general", "nom_presidente": "Joaquin tipamluisa", "recibio_capacitacion": "Sí", "cedula": "1712505328", "coord_x_utm": 818653.95, "coord_y_utm": 9989400.23, "act_productivas_pct": 100, "observaciones": "Se divide el terreno a la con el hijo danilo sopalo"}, "geometry": {"type": "Point", "coordinates": [-78.137533, -0.095779]}}, {"type": "Feature", "properties": {"id": "{b7092d1f-9336-427d-96d2-7c4eceaaec4c}", "cod_poligono": "1702521010013", "num_predio": 16, "codigo_final": "S-C-P016_2", "propietario": "SOPALO ACERO JUAN JOSE", "parroquia": "CANGAHUA", "caudal_tipo": "Recibe la Comunidad", "creado_por": "u0_a330", "fecha_creacion": "2026-05-21T10:42:34.401Z", "apellidos": "SOPALO IGAJE", "nombres": "Danilo Darwin", "clave_catastral": "1702521010013", "telefono_celular": "0985876225", "hijos_mujeres": 1, "sector": "Guang-Porotog", "tenencia_predio": "Sin Escritura", "nivel_instruccion": "Secundaria", "area_total": 5999.33, "sector_comunidad": "Larcachaca guasipungo", "canal": "Guanguilqui porotog", "area_sin_riego": 5999.33, "agua_consumo": 1, "energia_electrica": 1, "material_construccion": "BLOQUE", "cota_msnm": 3520.0, "conoce_presa": "Sí", "como_elige_dir": "Designación directa", "nom_presidente": "Joaquin tipamluisa", "recibio_capacitacion": "Sí", "cedula": "1727671537", "coord_x_utm": 818672.83, "coord_y_utm": 9989421.0, "act_productivas_pct": 100, "actividad_productiva": "Particular", "observaciones": "Divison del terreno con su padre"}, "geometry": {"type": "Point", "coordinates": [-78.137364, -0.095591]}}, {"type": "Feature", "properties": {"id": "{c1abf3f4-c363-401a-b456-35d6b5e858b5}", "cod_poligono": "1702521450004", "num_predio": 17, "codigo_final": "S-C-P017_1", "propietario": "SOPALO ACERO JUAN JOSE", "parroquia": "CANGAHUA", "caudal_tipo": "Recibe la Comunidad", "tiene_reservorio": "Comunitario", "foto_predio": "DCIM/JPEG_20260521161111967.JPG", "creado_por": "u0_a330", "fecha_creacion": "2026-05-21T10:50:06.583Z", "apellidos": "SOPALO ACERO", "nombres": "JUAN JOSE", "clave_catastral": "1702521450004", "telefono_celular": "0959258229", "hijos_hombres": 2, "sector": "Guang-Porotog", "tenencia_predio": "Escritura", "nivel_instruccion": "Secundaria", "area_total": 11570.02, "sector_comunidad": "Larcachaca guasipungo", "canal": "Guanguilqui porotog", "area_sin_riego": 11570.02, "frecuencia_riego": "Semanal", "metodo_aspersion_pct": 100, "valor_tarifa": 3.0, "tipo_tarifa": "fijo mensual", "agua_consumo": 1, "energia_electrica": 1, "material_construccion": "BLOQUE", "cota_msnm": 3485.0, "conoce_presa": "Sí", "como_elige_dir": "Asamblea general", "nom_presidente": "Joaquin tipamluisa", "recibio_capacitacion": "No", "le_gustaria_cap": "Sí", "temas_capacitacion": "Sistema de riego", "cedula": "1712505328", "coord_x_utm": 821183.43, "coord_y_utm": 9989485.98, "soberania_aliment_pct": 100, "observaciones": "Se divide el terreno con el hijo"}, "geometry": {"type": "Point", "coordinates": [-78.11483, -0.095002]}}, {"type": "Feature", "properties": {"id": "{05a9f1c0-2593-47e7-b258-a2112ff23936}", "cod_poligono": "1702521450004", "num_predio": 18, "codigo_final": "S-C-P018_1", "propietario": "SOPALO ACERO JUAN JOSE", "parroquia": "CANGAHUA", "caudal_tipo": "Recibe la Comunidad", "tiene_reservorio": "Comunitario", "foto_predio": "DCIM/JPEG_20260521160937998.JPG", "creado_por": "u0_a330", "fecha_creacion": "2026-05-21T10:55:42.882Z", "apellidos": "SOPALO AIGAJE", "nombres": "DANILO DARWIN", "clave_catastral": "1702521450004", "telefono_celular": "0985876225", "hijos_mujeres": 1, "sector": "Guang-Porotog", "tenencia_predio": "Sin Escritura", "nivel_instruccion": "Secundaria", "area_total": 11570.02, "org_riego": "Guanguilqui porotog", "sector_comunidad": "Larcachaca guasipungo", "canal": "Guanguilqui porotog", "area_sin_riego": 11570.02, "frecuencia_riego": "Semanal", "metodo_aspersion_pct": 100, "dias_riego": 2, "horas_turno": 24, "valor_tarifa": 3.0, "tipo_tarifa": "fijo mensual", "agua_consumo": 1, "energia_electrica": 0, "cota_msnm": 3485.0, "conoce_presa": "Sí", "como_elige_dir": "Asamblea general", "nom_presidente": "Joaquin tipamluisa", "operador_sector": "Roberto Igaja", "anios_sistema": 15, "km_canal": 63.0, "recibio_capacitacion": "Sí", "le_gustaria_cap": "Sí", "temas_capacitacion": "Sistema de riego", "cedula": "1727671537", "caudal_valor": 20.0, "coord_x_utm": 821230.71, "coord_y_utm": 9989455.06, "act_productivas_pct": 100, "observaciones": "Se divide el terreno  con su padre"}, "geometry": {"type": "Point", "coordinates": [-78.114406, -0.095282]}}, {"type": "Feature", "properties": {"id": "{9768fdc9-9150-4d57-afdb-a101880c71f8}", "cod_poligono": "1702521450007", "num_predio": 19, "codigo_final": "S-C-P019_1", "propietario": "AIGAJE TIPANLUISA MAGDALENO", "parroquia": "CANGAHUA", "creado_por": "u0_a330", "fecha_creacion": "2026-05-21T11:20:53.122Z", "apellidos": "AIGAJE TIPANLUISA", "nombres": "MAGDALENO", "clave_catastral": "1702521450007", "area_total": 10180.92, "area_sin_riego": 10180.92, "cota_msnm": 3485.0, "cedula": "1705500260", "coord_x_utm": 821232.67, "coord_y_utm": 9989352.78}, "geometry": {"type": "Point", "coordinates": [-78.114388, -0.096206]}}, {"type": "Feature", "properties": {"id": "{cc235b04-cdad-4e53-bd91-0fc2b2c997a2}", "cod_poligono": "1702521450007", "num_predio": 20, "codigo_final": "S-C-P020_1", "propietario": "AIGAJE TIPANLUISA MAGDALENO", "parroquia": "CANGAHUA", "caudal_tipo": "Recibe la Comunidad", "tiene_reservorio": "Comunitario", "foto_predio": "DCIM/JPEG_20260521163613917.JPG", "creado_por": "u0_a330", "fecha_creacion": "2026-05-21T11:21:58.959Z", "apellidos": "Sopalo lanchimba ", "nombres": "Segundo Jacinto", "clave_catastral": "1702521450007", "telefono_celular": "0990064411", "hijos_mujeres": 1, "sector": "Guang-Porotog", "tenencia_predio": "Sin Escritura", "nivel_instruccion": "Primaria", "area_total": 10180.92, "org_riego": "Guanguiquil porotog", "sector_comunidad": "Larcachaca moras", "canal": "Guanguilquil", "area_sin_riego": 10180.92, "frecuencia_riego": "Semanal", "metodo_aspersion_pct": 100, "dias_riego": 2, "horas_turno": 24, "valor_tarifa": 3.0, "tipo_tarifa": "fijo mensual", "material_construccion": "BLOQUE", "cota_msnm": 3490.0, "conoce_presa": "Sí", "como_elige_dir": "Asamblea general", "nom_presidente": "Joaquin tipamluisa", "operador_sector": "Roberto igaje", "anios_sistema": 15, "km_canal": 63.0, "recibio_capacitacion": "Sí", "le_gustaria_cap": "Sí", "temas_capacitacion": "Riego", "cedula": "1711081149", "caudal_valor": 28.6, "coord_x_utm": 821202.87, "coord_y_utm": 9989306.59, "act_productivas_pct": 100, "observaciones": "Se dividen el terreno señor jacinyo sopalo que es el esposo de la hija y el sobrino  el dueño es jubilado y la comunidad lo estabkece"}, "geometry": {"type": "Point", "coordinates": [-78.114655, -0.096623]}}, {"type": "Feature", "properties": {"id": "{ba62dd31-a0de-4c2f-97e2-43492af69b11}", "cod_poligono": "1702521450007", "num_predio": 21, "codigo_final": "S-C-P021_1", "propietario": "AIGAJE TIPANLUISA MAGDALENO", "parroquia": "CANGAHUA", "caudal_tipo": "Recibe la Comunidad", "tiene_reservorio": "Comunitario", "foto_predio": "DCIM/JPEG_20260521162816247.JPG", "creado_por": "u0_a330", "fecha_creacion": "2026-05-21T11:22:07.634Z", "apellidos": "SOPALO IGAJE", "nombres": "Danilo Darwin", "clave_catastral": "1702521450007", "telefono_celular": "0985876225", "hijos_mujeres": 1, "sector": "Guang-Porotog", "tenencia_predio": "Sin Escritura", "nivel_instruccion": "Secundaria", "area_total": 10180.92, "org_riego": "Guanguilqui porotog", "area_sin_riego": 10180.92, "frecuencia_riego": "Semanal", "metodo_aspersion_pct": 100, "dias_riego": 2, "horas_turno": 24, "valor_tarifa": 3.0, "tipo_tarifa": "fijo mensual", "cota_msnm": 3485.0, "conoce_presa": "Sí", "como_elige_dir": "Asamblea general", "anios_sistema": 15, "recibio_capacitacion": "Sí", "le_gustaria_cap": "Sí", "temas_capacitacion": "Sistema Riego", "cedula": "1727671537", "caudal_valor": 28.6, "coord_x_utm": 821214.96, "coord_y_utm": 9989368.21, "act_productivas_pct": 100}, "geometry": {"type": "Point", "coordinates": [-78.114547, -0.096066]}}, {"type": "Feature", "properties": {"id": "{56adf2f8-e381-4629-85d5-621cebc96d14}", "cod_poligono": "1702521010018", "num_predio": 22, "codigo_final": "S-C-P022_1", "propietario": "SOPALO LANCHIMBA SEGUNDO JACINTO", "parroquia": "CANGAHUA", "caudal_tipo": "Recibe la Comunidad", "tiene_reservorio": "Comunitario", "foto_predio": "DCIM/JPEG_20260521164255688.JPG", "creado_por": "u0_a330", "fecha_creacion": "2026-05-21T11:39:15.555Z", "apellidos": "SOPALO LANCHIMBA", "nombres": "SEGUNDO JACINTO", "clave_catastral": "1702521010018", "telefono_celular": "0990064411", "hijos_mujeres": 1, "sector": "Guang-Porotog", "tenencia_predio": "Escritura", "nivel_instruccion": "Primaria", "area_total": 5640.32, "org_riego": "Guanguilqui porotog", "area_sin_riego": 5640.32, "frecuencia_riego": "Semanal", "metodo_aspersion_pct": 100, "valor_tarifa": 3.0, "tipo_tarifa": "fijo mensual", "agua_consumo": 1, "energia_electrica": 1, "material_construccion": "BLOQUE", "cota_msnm": 3550.0, "conoce_presa": "Sí", "anios_sistema": 15, "le_gustaria_cap": "Sí", "temas_capacitacion": "Sistema Riego", "cedula": "1711081149", "coord_x_utm": 818935.85, "coord_y_utm": 9989343.96, "act_productivas_pct": 100, "observaciones": "Actualiza datos la esposa"}, "geometry": {"type": "Point", "coordinates": [-78.135003, -0.096287]}}, {"type": "Feature", "properties": {"id": "{fbe76c97-abde-4fe1-b0ab-69e4956f56b4}", "cod_poligono": "1702521050011", "num_predio": 23, "codigo_final": "S-C-P023_1", "propietario": "SOPALO LANCHIMBA SEGUNDO JACINTO", "parroquia": "CANGAHUA", "caudal_tipo": "Recibe la Comunidad", "tiene_reservorio": "Comunitario", "foto_predio": "DCIM/JPEG_20260521164726908.JPG", "creado_por": "u0_a330", "fecha_creacion": "2026-05-21T11:44:05.710Z", "apellidos": "SOPALO LANCHIMBA", "nombres": "SEGUNDO JACINTO", "clave_catastral": "1702521050011", "hijos_mujeres": 1, "sector": "Guang-Porotog", "tenencia_predio": "Escritura", "nivel_instruccion": "Secundaria", "area_total": 9990.29, "org_riego": "Guanguilqui porotog", "area_sin_riego": 9990.29, "frecuencia_riego": "Semanal", "metodo_aspersion_pct": 100, "valor_tarifa": 3.0, "tipo_tarifa": "fijo mensual", "agua_consumo": 1, "energia_electrica": 1, "material_construccion": "MADERA", "cota_msnm": 3505.0, "conoce_presa": "Sí", "anios_sistema": 15, "recibio_capacitacion": "Sí", "le_gustaria_cap": "Sí", "temas_capacitacion": "Sistema Riego", "cedula": "1711081149", "coord_x_utm": 820659.32, "coord_y_utm": 9989580.53, "act_productivas_pct": 100, "observaciones": "Actualiza datos  la esposa"}, "geometry": {"type": "Point", "coordinates": [-78.119534, -0.094148]}}, {"type": "Feature", "properties": {"id": "{4cf1d6f8-84e6-4ff3-bd45-0f7db78886a4}", "cod_poligono": "1702521040143", "num_predio": 24, "codigo_final": "S-C-P024_1", "propietario": "IMBAQUINGO SOPALO SEGUNDO MARCELO", "parroquia": "CANGAHUA", "caudal_tipo": "Recibe la Comunidad", "creado_por": "u0_a330", "fecha_creacion": "2026-05-21T11:53:30.025Z", "apellidos": "IMBAQUINGO SOPALO", "nombres": "SEGUNDO MARCELO", "clave_catastral": "1702521040143", "telefono_celular": "0997571129", "area_total": 4519.01, "org_riego": "Guanguilqui porotog", "area_sin_riego": 4519.01, "cota_msnm": 3545.0, "anios_sistema": 15, "le_gustaria_cap": "Sí", "temas_capacitacion": "Sistema Riego", "cedula": "1712955382", "coord_x_utm": 819202.42, "coord_y_utm": 9989506.72}, "geometry": {"type": "Point", "coordinates": [-78.13261, -0.094816]}}, {"type": "Feature", "properties": {"id": "{f513554b-07e9-4371-b2d6-8ab58e53f967}", "cod_poligono": "1702521040143", "num_predio": 25, "codigo_final": "S-C-P025_1", "propietario": "IMBAQUINGO SOPALO SEGUNDO MARCELO", "parroquia": "CANGAHUA", "caudal_tipo": "Recibe la Comunidad", "tiene_reservorio": "Comunitario", "foto_predio": "DCIM/JPEG_20260521170006331.JPG", "creado_por": "u0_a330", "fecha_creacion": "2026-05-21T11:53:51.411Z", "apellidos": "Aigaje lanchimba", "nombres": "Luis Roberto", "clave_catastral": "1702521040143", "telefono_celular": "0997571129", "hijos_hombres": 1, "hijos_mujeres": 3, "sector": "Guanguilqui", "tenencia_predio": "Sin Escritura", "nivel_instruccion": "Secundaria", "area_total": 4519.01, "org_riego": "Guanguilqui porotog", "area_sin_riego": 4519.01, "frecuencia_riego": "Semanal", "metodo_aspersion_pct": 100, "dias_riego": 1, "horas_turno": 12, "valor_tarifa": 3.0, "tipo_tarifa": "fijo mensual", "agua_consumo": 0, "cota_msnm": 3540.0, "conoce_presa": "No", "como_elige_dir": "Asamblea general", "anios_sistema": 15, "recibio_capacitacion": "Sí", "le_gustaria_cap": "Sí", "temas_capacitacion": "Sistemas de riego", "cedula": "1716656614", "coord_x_utm": 819190.04, "coord_y_utm": 9989529.85, "act_productivas_pct": 100, "observaciones": "Actualizacion de datos por el hijo el srea del terreno esquinero  60.60 de ancho y 41.10 de largo"}, "geometry": {"type": "Point", "coordinates": [-78.132721, -0.094607]}}, {"type": "Feature", "properties": {"id": "{5e5c5f10-bcf5-4745-b2e3-0149fe3e7a8f}", "cod_poligono": "1702521040017", "num_predio": 26, "codigo_final": "S-C-P026_1", "propietario": "ACERO IMBAQUINGO MARIA DE LOURDES", "parroquia": "CANGAHUA", "caudal_tipo": "Recibe la Comunidad", "foto_predio": "DCIM/JPEG_20260521172135701.JPG", "creado_por": "u0_a330", "fecha_creacion": "2026-05-21T12:14:54.322Z", "apellidos": "ACERO IMBAQUINGO", "nombres": "MARIA DE LOURDES", "clave_catastral": "1702521040017", "telefono_celular": "0991315352", "hijos_hombres": 1, "sector": "Guang-Porotog", "tenencia_predio": "Escritura", "nivel_instruccion": "Primaria", "area_total": 3578.57, "org_riego": "Guanguilqui porotog", "sector_comunidad": "Guanguilqui", "canal": "Guanguilqui porotog", "area_sin_riego": 3578.57, "frecuencia_riego": "Semanal", "metodo_aspersion_pct": 100, "dias_riego": 2, "horas_turno": 12, "agua_consumo": 1, "energia_electrica": 1, "material_construccion": "BLOQUE", "cota_msnm": 3555.0, "conoce_presa": "Sí", "como_elige_dir": "Asamblea general", "anios_sistema": 15, "recibio_capacitacion": "Sí", "le_gustaria_cap": "Sí", "temas_capacitacion": "Sistemas de riego", "cedula": "1715838577", "coord_x_utm": 819525.86, "coord_y_utm": 9989571.25, "act_productivas_pct": 100}, "geometry": {"type": "Point", "coordinates": [-78.129707, -0.094233]}}, {"type": "Feature", "properties": {"id": "{53cd2127-9ed0-4b7b-b6bb-2d79918da930}", "cod_poligono": "1702521010070", "num_predio": 27, "codigo_final": "S-C-P027_1", "propietario": "IMBAQUINGO SOPALO LUIS FELIPE", "parroquia": "CANGAHUA", "caudal_tipo": "Recibe la Comunidad", "tiene_reservorio": "Comunitario", "foto_predio": "DCIM/JPEG_20260521173207687.JPG", "creado_por": "u0_a330", "fecha_creacion": "2026-05-21T12:28:19.548Z", "apellidos": "IMBAQUINGO SOPALO", "nombres": "LUIS FELIPE", "clave_catastral": "1702521010070", "telefono_celular": "0991315352", "hijos_hombres": 1, "sector": "Guang-Porotog", "tenencia_predio": "Escritura", "nivel_instruccion": "Secundaria", "area_total": 3252.62, "org_riego": "Guanguilqui porotog", "area_sin_riego": 3252.62, "metodo_aspersion_pct": 100, "valor_tarifa": 3.0, "tipo_tarifa": "fijo mensual", "agua_consumo": 1, "energia_electrica": 1, "material_construccion": "BLOQUE", "cota_msnm": 3590.0, "conoce_presa": "Sí", "como_elige_dir": "Asamblea general", "anios_sistema": 15, "recibio_capacitacion": "Sí", "le_gustaria_cap": "Sí", "temas_capacitacion": "Sistemas de riego", "cedula": "1710630193", "coord_x_utm": 819094.98, "coord_y_utm": 9989037.42, "act_productivas_pct": 100, "observaciones": "La prima actualiza datos"}, "geometry": {"type": "Point", "coordinates": [-78.133574, -0.099057]}}, {"type": "Feature", "properties": {"id": "{c2a80ef6-ef1b-4ae7-85da-eefe61fb0b93}", "cod_poligono": "1702521010019", "num_predio": 28, "codigo_final": "S-C-P028", "propietario": "FARINANGO ASCANTA DEICY ELIZABETH", "parroquia": "CANGAHUA", "caudal_tipo": "Recibe la Comunidad", "tiene_reservorio": "Comunitario", "foto_predio": "DCIM/JPEG_20260521174443996.JPG", "creado_por": "u0_a330", "fecha_creacion": "2026-05-21T12:39:47.436Z", "apellidos": "FARINANGO ASCANTA", "nombres": "DEICY ELIZABETH", "clave_catastral": "1702521010019", "telefono_celular": "0985421848", "hijos_hombres": 2, "hijos_mujeres": 1, "sector": "Guang-Porotog", "tenencia_predio": "Escritura", "nivel_instruccion": "Primaria", "area_total": 1693.41, "org_riego": "GUANGUILQUI POROTOG", "sector_comunidad": "LARCACHACA", "canal": "GUANGUILQUIL POROTOG", "area_sin_riego": 1693.41, "frecuencia_riego": "Mensual", "metodo_aspersion_pct": 100, "dias_riego": 2, "horas_turno": 12, "valor_tarifa": 3.0, "tipo_tarifa": "fijo mensual", "agua_consumo": 1, "energia_electrica": 1, "material_construccion": "HORMIGÓN ARMADO", "cota_msnm": 3565.0, "conoce_presa": "Sí", "como_elige_dir": "Asamblea general", "anios_sistema": 15, "recibio_capacitacion": "Sí", "le_gustaria_cap": "Sí", "temas_capacitacion": "SISTEMAS DE RIEGO", "cedula": "1727469619", "caudal_valor": 28.6, "coord_x_utm": 818901.08, "coord_y_utm": 9989263.96, "soberania_aliment_pct": 50, "act_productivas_pct": 50, "actividad_productiva": "Particular"}, "geometry": {"type": "Point", "coordinates": [-78.135315, -0.09701]}}, {"type": "Feature", "properties": {"id": "{676290a7-126e-45cb-84eb-17a5e3be31d3}", "cod_poligono": "1702521010125", "num_predio": 29, "codigo_final": "S-C-P029_1", "propietario": "PILCA LANCHIMBA JULIA YOLANDA", "parroquia": "CANGAHUA", "caudal_tipo": "Recibe la Comunidad", "tiene_reservorio": "Comunitario", "foto_predio": "DCIM/JPEG_20260521180401819.JPG", "creado_por": "u0_a330", "fecha_creacion": "2026-05-21T12:54:29.669Z", "apellidos": "PILCA LANCHIMBA", "nombres": "JULIA YOLANDA", "clave_catastral": "1702521010125", "telefono_celular": "0989792563", "hijos_mujeres": 2, "sector": "Guang-Porotog", "tenencia_predio": "Escritura", "nivel_instruccion": "Primaria", "area_total": 3859.91, "area_sin_riego": 3859.91, "frecuencia_riego": "Semanal", "metodo_aspersion_pct": 100, "dias_riego": 2, "horas_turno": 24, "valor_tarifa": 3.0, "tipo_tarifa": "fijo mensual", "agua_consumo": 1, "energia_electrica": 1, "material_construccion": "BLOQUE", "cota_msnm": 3585.0, "conoce_presa": "Sí", "recibio_capacitacion": "Sí", "temas_capacitacion": "Riego y produccion", "cedula": "1500705908", "coord_x_utm": 819280.18, "coord_y_utm": 9989144.2, "soberania_aliment_pct": 50, "act_productivas_pct": 50, "actividad_productiva": "Particular", "observaciones": "El regante actual  es el esposo el Sr. Arturo jose Sopalo tipamluisa y el aporta en los pagos "}, "geometry": {"type": "Point", "coordinates": [-78.131912, -0.098092]}}, {"type": "Feature", "properties": {"id": "{ab099538-adf8-4137-824c-fe0207ecebd5}", "cod_poligono": "1702521010076", "num_predio": 30, "codigo_final": "S-C-P030", "propietario": "SOPALO PILCA MELANI SHIRLEY", "parroquia": "CANGAHUA", "caudal_tipo": "Recibe la Comunidad", "tiene_reservorio": "Comunitario", "foto_predio": "DCIM/JPEG_20260521181645140.JPG", "creado_por": "u0_a330", "fecha_creacion": "2026-05-21T13:10:18.255Z", "apellidos": "SOPALO PILCA", "nombres": "MELANI SHIRLEY", "clave_catastral": "1702521010076", "telefono_celular": "0989792563", "sector": "Guang-Porotog", "tenencia_predio": "Escritura", "nivel_instruccion": "Secundaria", "area_total": 1384.69, "area_sin_riego": 1384.69, "frecuencia_riego": "Semanal", "metodo_aspersion_pct": 100, "valor_tarifa": 3.0, "tipo_tarifa": "fijo mensual", "agua_consumo": 1, "energia_electrica": 1, "material_construccion": "BLOQUE", "cota_msnm": 3585.0, "conoce_presa": "Sí", "como_elige_dir": "Designación directa", "nom_presidente": "Joaquin tipamluisa", "operador_sector": "Roberto aAigaje", "anios_sistema": 15, "km_canal": 63.0, "recibio_capacitacion": "Sí", "le_gustaria_cap": "Sí", "temas_capacitacion": "Riego y produccion", "cedula": "1727461038", "coord_x_utm": 819242.77, "coord_y_utm": 9989119.7, "act_productivas_pct": 100, "observaciones": "La madre de la propietaria actualiza datos, su Padre el Sr. Arturo Jose Sopalo tipamluisa es el regante actual comunero legal del preio "}, "geometry": {"type": "Point", "coordinates": [-78.132248, -0.098313]}}, {"type": "Feature", "properties": {"id": "{229d6d92-232f-4ade-a72f-e289c6ee5e7d}", "cod_poligono": "1702521010078", "num_predio": 32, "codigo_final": "S-C-P032_1", "propietario": "TIPANLUISA SOPALO CLARA", "parroquia": "CANGAHUA", "caudal_tipo": "Recibe la Comunidad", "tiene_reservorio": "Comunitario", "foto_predio": "DCIM/JPEG_20260521183534434.JPG", "creado_por": "u0_a330", "fecha_creacion": "2026-05-21T13:22:22.214Z", "apellidos": "SOPALO TIPALUISA", "nombres": "ARTURO JOSÉ", "clave_catastral": "1702521010078", "telefono_celular": "0989792563", "hijos_mujeres": 2, "sector": "Guang-Porotog", "tenencia_predio": "Sin Escritura", "nivel_instruccion": "Primaria", "area_total": 1486.02, "org_riego": "LARCACHACA", "sector_comunidad": "GUASIPUNGO", "canal": "GUANGILQUI POROTOG", "area_sin_riego": 1486.02, "frecuencia_riego": "Semanal", "metodo_aspersion_pct": 100, "dias_riego": 2, "horas_turno": 24, "valor_tarifa": 3.0, "tipo_tarifa": "fijo mensual", "agua_consumo": 1, "energia_electrica": 1, "cota_msnm": 3595.0, "conoce_presa": "Sí", "como_elige_dir": "Designación directa", "nom_presidente": "JOSÉ JOAQUIN TIPANLUISA", "operador_sector": "ROBERTO AIGAJE", "anios_sistema": 11, "km_canal": 63.0, "recibio_capacitacion": "Sí", "le_gustaria_cap": "Sí", "temas_capacitacion": "Riego y produccion", "cedula": "1718926320", "caudal_valor": 28.6, "coord_x_utm": 819249.58, "coord_y_utm": 9989009.26, "soberania_aliment_pct": 50, "act_productivas_pct": 50, "actividad_productiva": "Particular"}, "geometry": {"type": "Point", "coordinates": [-78.132187, -0.099311]}}, {"type": "Feature", "properties": {"id": "{27d6069e-193c-48cd-8da3-c71901d0dc03}", "cod_poligono": "1702521050009", "num_predio": 57, "codigo_final": "S-C-P057_1", "propietario": "ACERO ACERO PETRONA MARIA", "parroquia": "CANGAHUA", "caudal_tipo": "Recibe la Comunidad", "tiene_reservorio": "Comunitario", "foto_predio": "DCIM/JPEG_20260521183250105.jpg", "creado_por": "u0_a302", "fecha_creacion": "2026-05-21T13:23:36.827Z", "apellidos": "ACERO ACERO", "nombres": "PETRONA MARIA", "clave_catastral": "1702521050009", "telefono_celular": "0990189678", "hijos_hombres": 5, "hijos_mujeres": 4, "sector": "Guang-Porotog", "tenencia_predio": "Escritura", "nivel_instruccion": "Alfabetizado", "area_total": 10588.33, "org_riego": "Guanguilqui porotog", "sector_comunidad": "Larcachaca", "canal": "Guanguilqui porotog", "area_sin_riego": 10588.33, "frecuencia_riego": "Semanal", "dias_riego": 1, "horas_turno": 12, "valor_tarifa": 3.0, "tipo_tarifa": "fijo mensual", "agua_consumo": 1, "energia_electrica": 1, "material_construccion": "MIXTA", "cota_msnm": 3515.0, "conoce_presa": "Sí", "como_elige_dir": "Asamblea general", "nom_presidente": "Joaquin tipanluisa", "operador_sector": "Roberto aigaje", "anios_sistema": 15, "km_canal": 63.0, "recibio_capacitacion": "Sí", "le_gustaria_cap": "Sí", "temas_capacitacion": "Riego cultivo", "cedula": "1705441382", "caudal_valor": 28.6, "coord_x_utm": 820893.65, "coord_y_utm": 9989560.75, "act_productivas_pct": 100, "actividad_productiva": "Particular"}, "geometry": {"type": "Point", "coordinates": [-78.117431, -0.094327]}}, {"type": "Feature", "properties": {"id": "{e63de7ff-229d-4b48-8f69-3d8fe221a052}", "cod_poligono": "1702521010056", "num_predio": 58, "codigo_final": "S-C-P058", "propietario": "ACERO ACERO PETRONA MARIA", "parroquia": "CANGAHUA", "caudal_tipo": "Recibe la Comunidad", "tiene_reservorio": "Comunitario", "foto_predio": "DCIM/JPEG_20260521183933082.jpg", "creado_por": "u0_a302", "fecha_creacion": "2026-05-21T13:36:00.109Z", "apellidos": "ACERO ACERO", "nombres": "PETRONA MARIA", "clave_catastral": "1702521010056", "telefono_celular": "0990189678", "hijos_hombres": 5, "hijos_mujeres": 4, "sector": "Guang-Porotog", "tenencia_predio": "Escritura", "nivel_instruccion": "Alfabetizado", "area_total": 6131.36, "org_riego": "Guanguilqui porotog", "sector_comunidad": "Larcachaca", "canal": "Guanguilqui porotog", "area_sin_riego": 6131.36, "frecuencia_riego": "Semanal", "dias_riego": 1, "horas_turno": 12, "valor_tarifa": 3.0, "tipo_tarifa": "fijo mensual", "agua_consumo": 1, "energia_electrica": 1, "material_construccion": "BLOQUE", "cota_msnm": 3590.0, "conoce_presa": "Sí", "como_elige_dir": "Asamblea general", "nom_presidente": "Joaquin tipanluisa", "operador_sector": "Roberto aigaje", "anios_sistema": 15, "km_canal": 63.0, "recibio_capacitacion": "Sí", "le_gustaria_cap": "Sí", "temas_capacitacion": "Riego cultivo", "cedula": "1705441382", "caudal_valor": 28.6, "coord_x_utm": 818912.73, "coord_y_utm": 9989072.61, "act_productivas_pct": 100, "actividad_productiva": "Particular"}, "geometry": {"type": "Point", "coordinates": [-78.13521, -0.098739]}}, {"type": "Feature", "properties": {"id": "{27aa73fb-d121-47d8-8a1a-6d70678873e9}", "cod_poligono": "1702521010029", "num_predio": 90, "codigo_final": "S-C-P090", "propietario": "SOPALO MALDONADO MARIA ORFELINA", "parroquia": "CANGAHUA", "caudal_tipo": "Recibe la Comunidad", "tiene_reservorio": "Comunitario", "foto_predio": "DCIM/JPEG_20260521185138704.jpg", "creado_por": "u0_a302", "fecha_creacion": "2026-05-21T13:43:53.950Z", "apellidos": "SOPALO MALDONADO", "nombres": "MARIA ORFELINA", "clave_catastral": "1702521010029", "telefono_celular": "0968438723", "hijos_hombres": 1, "hijos_mujeres": 3, "sector": "Guang-Porotog", "tenencia_predio": "Escritura", "nivel_instruccion": "Primaria", "area_total": 2839.85, "org_riego": "Guanguilqui porotog", "sector_comunidad": "Larcachaca", "canal": "Guanguilqui porotog", "area_sin_riego": 2839.85, "frecuencia_riego": "Semanal", "metodo_aspersion_pct": 100, "dias_riego": 2, "horas_turno": 12, "valor_tarifa": 3.0, "tipo_tarifa": "fijo mensual", "agua_consumo": 1, "energia_electrica": 1, "material_construccion": "MIXTA", "cota_msnm": 3575.0, "conoce_presa": "Sí", "como_elige_dir": "Asamblea general", "nom_presidente": "Joaquin tipanluisa", "operador_sector": "Roberto aigaje", "anios_sistema": 11, "km_canal": 63.0, "recibio_capacitacion": "Sí", "le_gustaria_cap": "Sí", "temas_capacitacion": "Riego para cultivo ", "cedula": "1002946166", "caudal_valor": 28.6, "coord_x_utm": 818944.85, "coord_y_utm": 9989213.53, "soberania_aliment_pct": 10, "act_productivas_pct": 90, "actividad_productiva": "Particular"}, "geometry": {"type": "Point", "coordinates": [-78.134922, -0.097466]}}, {"type": "Feature", "properties": {"id": "{9ee4073c-cd4d-479e-9029-f8ffd1b42707}", "cod_poligono": "1702521010019", "num_predio": 91, "codigo_final": "S-C-P091", "propietario": "FARINANGO ASCANTA DEICY ELIZABETH", "parroquia": "CANGAHUA", "caudal_tipo": "Recibe la Comunidad", "tiene_reservorio": "Comunitario", "foto_predio": "DCIM/JPEG_20260521185927626.jpg", "creado_por": "u0_a302", "fecha_creacion": "2026-05-21T13:57:14.658Z", "apellidos": "QUINATOA IMBAQUINGO", "nombres": "MARIA LUISA", "clave_catastral": "1702521010019", "telefono_celular": "0939902079", "hijos_hombres": 3, "hijos_mujeres": 1, "sector": "Guang-Porotog", "tenencia_predio": "Escritura", "nivel_instruccion": "Primaria", "area_total": 1693.41, "org_riego": "Guanguilqui porotog", "sector_comunidad": "Larcachaca", "canal": "Guanguilqui porotog", "area_sin_riego": 1693.41, "frecuencia_riego": "Semanal", "metodo_aspersion_pct": 100, "dias_riego": 2, "horas_turno": 12, "valor_tarifa": 3.0, "tipo_tarifa": "fijo mensual", "agua_consumo": 1, "energia_electrica": 1, "material_construccion": "MIXTA", "cota_msnm": 3565.0, "conoce_presa": "Sí", "como_elige_dir": "Asamblea general", "nom_presidente": "Joaquin tipanluisa", "operador_sector": "Roberto aigaje", "anios_sistema": 11, "km_canal": 63.0, "recibio_capacitacion": "Sí", "le_gustaria_cap": "Sí", "temas_capacitacion": "Riego para cultivo ", "cedula": "1718184169", "caudal_valor": 28.6, "coord_x_utm": 818923.97, "coord_y_utm": 9989279.42}, "geometry": {"type": "Point", "coordinates": [-78.135109, -0.09687]}}, {"type": "Feature", "properties": {"id": "{250eecae-86cc-4d82-b7b2-aa8b48023e72}", "cod_poligono": "1702521040068", "num_predio": 92, "codigo_final": "S-C-P092", "propietario": "IMBAQUINGO SOPALO SEGUNDO CRISTOBAL", "parroquia": "CANGAHUA", "caudal_tipo": "Recibe la Comunidad", "tiene_reservorio": "Comunitario", "foto_predio": "DCIM/JPEG_20260521190448613.jpg", "creado_por": "u0_a302", "fecha_creacion": "2026-05-21T14:00:53.273Z", "apellidos": "IMBAQUINGO SOPALO", "nombres": "SEGUNDO CRISTOBAL", "clave_catastral": "1702521040068", "telefono_celular": "0939902079", "sector": "Guang-Porotog", "area_total": 3141.01, "org_riego": "Guanguilqui porotog", "sector_comunidad": "Larcachaca", "canal": "Guanguilqui porotog", "area_sin_riego": 3141.01, "frecuencia_riego": "Semanal", "metodo_aspersion_pct": 100, "dias_riego": 2, "horas_turno": 12, "valor_tarifa": 3.0, "tipo_tarifa": "fijo mensual", "agua_consumo": 1, "energia_electrica": 1, "material_construccion": "BLOQUE", "cota_msnm": 3515.0, "conoce_presa": "Sí", "como_elige_dir": "Asamblea general", "nom_presidente": "Joaquin tipanluisa", "operador_sector": "Roberto aigaje", "anios_sistema": 11, "km_canal": 63.0, "recibio_capacitacion": "Sí", "le_gustaria_cap": "Sí", "temas_capacitacion": "Riego para cultivo ", "cedula": "1716422876", "caudal_valor": 28.6, "coord_x_utm": 819022.86, "coord_y_utm": 9989686.25, "soberania_aliment_pct": 10, "act_productivas_pct": 90, "actividad_productiva": "Particular"}, "geometry": {"type": "Point", "coordinates": [-78.134222, -0.093194]}}, {"type": "Feature", "properties": {"id": "{b0958a7d-34ff-4d1d-a9fc-b0c58bcc52eb}", "cod_poligono": "1702521010012", "num_predio": 93, "codigo_final": "S-C-P093", "propietario": "AIGAJE TIPANLUISA MAGDALENO", "parroquia": "CANGAHUA", "caudal_tipo": "Recibe la Comunidad", "tiene_reservorio": "Comunitario", "foto_predio": "DCIM/JPEG_20260521191409091.jpg", "creado_por": "u0_a302", "fecha_creacion": "2026-05-21T14:09:03.423Z", "apellidos": "AIGAJE TIPANLUISA", "nombres": "MAGDALENO", "clave_catastral": "1702521010012", "telefono_celular": "0939902079", "hijos_hombres": 3, "hijos_mujeres": 3, "sector": "Guang-Porotog", "tenencia_predio": "Escritura", "nivel_instruccion": "Alfabetizado", "area_total": 6194.91, "org_riego": "Guanguilqui porotog", "sector_comunidad": "Larcachaca", "canal": "Guanguilqui porotog", "area_sin_riego": 6194.91, "frecuencia_riego": "Semanal", "metodo_aspersion_pct": 100, "dias_riego": 2, "horas_turno": 12, "valor_tarifa": 3.0, "tipo_tarifa": "fijo mensual", "agua_consumo": 1, "energia_electrica": 1, "material_construccion": "BLOQUE", "cota_msnm": 3535.0, "conoce_presa": "No", "como_elige_dir": "Asamblea general", "nom_presidente": "Joaquin tipanluisa", "operador_sector": "Roberto aigaje", "anios_sistema": 15, "km_canal": 63.0, "recibio_capacitacion": "Sí", "le_gustaria_cap": "Sí", "temas_capacitacion": "Riego para cultivo ", "cedula": "1705500260", "caudal_valor": 28.6, "coord_x_utm": 818736.46, "coord_y_utm": 9989384.86, "soberania_aliment_pct": 30, "act_productivas_pct": 70, "actividad_productiva": "Particular", "observaciones": "Respondió hijo"}, "geometry": {"type": "Point", "coordinates": [-78.136792, -0.095918]}}, {"type": "Feature", "properties": {"id": "{d2513269-8284-4615-ae7e-98db4664d13e}", "cod_poligono": "1702521010012", "num_predio": 94, "codigo_final": "S-C-P094", "propietario": "AIGAJE TIPANLUISA MAGDALENO", "parroquia": "CANGAHUA", "caudal_tipo": "Recibe la Comunidad", "tiene_reservorio": "Comunitario", "foto_predio": "DCIM/JPEG_20260521191809046.jpg", "creado_por": "u0_a302", "fecha_creacion": "2026-05-21T14:14:41.415Z", "apellidos": "AIGAJE IMBAQUINGO", "nombres": "JOSE RICARDO", "clave_catastral": "1702521010012", "telefono_celular": "0959642024", "hijos_hombres": 2, "sector": "Guang-Porotog", "tenencia_predio": "Sin Escritura", "nivel_instruccion": "Primaria", "area_total": 6194.91, "org_riego": "Guanguilqui porotog", "sector_comunidad": "Larcachaca", "canal": "Guanguilqui porotog", "area_sin_riego": 6194.91, "frecuencia_riego": "Semanal", "metodo_aspersion_pct": 100, "dias_riego": 2, "horas_turno": 12, "valor_tarifa": 3.0, "tipo_tarifa": "fijo mensual", "agua_consumo": 1, "energia_electrica": 1, "material_construccion": "BLOQUE", "cota_msnm": 3535.0, "conoce_presa": "Sí", "como_elige_dir": "Asamblea general", "nom_presidente": "Joaquin tipanluisa", "operador_sector": "Roberto aigaje", "anios_sistema": 15, "km_canal": 63.0, "recibio_capacitacion": "Sí", "le_gustaria_cap": "Sí", "temas_capacitacion": "Riego para cultivo ", "cedula": "1724438997", "caudal_valor": 28.6, "coord_x_utm": 818768.5, "coord_y_utm": 9989413.63, "soberania_aliment_pct": 25, "act_productivas_pct": 75, "actividad_productiva": "Particular"}, "geometry": {"type": "Point", "coordinates": [-78.136505, -0.095658]}}, {"type": "Feature", "properties": {"id": "{b366c19a-a50f-47d7-b768-56ef35329db2}", "cod_poligono": "1702521040048", "num_predio": 95, "codigo_final": "S-C-P095", "propietario": "IMBAQUINGO LANCHIMBA RAFAEL FERNANDO", "parroquia": "CANGAHUA", "caudal_tipo": "Recibe la Comunidad", "tiene_reservorio": "Comunitario", "creado_por": "u0_a302", "fecha_creacion": "2026-05-21T14:22:20.273Z", "apellidos": "IMBAQUINGO LANCHIMBA", "nombres": "RAFAEL FERNANDO", "clave_catastral": "1702521040048", "telefono_celular": "0988172705", "hijos_hombres": 3, "hijos_mujeres": 3, "tenencia_predio": "Escritura", "nivel_instruccion": "Primaria", "area_total": 8227.41, "org_riego": "Guanguilqui porotog", "sector_comunidad": "Larcachaca", "canal": "Guanguilqui porotog", "area_sin_riego": 8227.41, "frecuencia_riego": "Semanal", "metodo_aspersion_pct": 100, "dias_riego": 2, "horas_turno": 8, "valor_tarifa": 3.0, "tipo_tarifa": "fijo mensual", "agua_consumo": 1, "energia_electrica": 1, "material_construccion": "MIXTA", "cota_msnm": 3560.0, "conoce_presa": "Sí", "como_elige_dir": "Asamblea general", "nom_presidente": "Joaquin tipanluisa ", "operador_sector": "Roberto aigaje", "anios_sistema": 11, "km_canal": 63.0, "recibio_capacitacion": "Sí", "le_gustaria_cap": "Sí", "temas_capacitacion": "Cultivo y riego", "cedula": "1712474194", "caudal_valor": 28.6, "coord_x_utm": 819435.75, "coord_y_utm": 9989410.46, "act_productivas_pct": 100, "actividad_productiva": "Particular"}, "geometry": {"type": "Point", "coordinates": [-78.130516, -0.095686]}}, {"type": "Feature", "properties": {"id": "{10282f00-c6c5-46b7-ba5f-1ff9c3241ff6}", "cod_poligono": "1702521450005", "num_predio": 96, "codigo_final": "S-C-P096", "propietario": "PILCA TANDAYAMO ROSA ACSIFIA", "parroquia": "CANGAHUA", "caudal_tipo": "Recibe la Comunidad", "tiene_reservorio": "Comunitario", "creado_por": "u0_a302", "fecha_creacion": "2026-05-21T14:49:12.688Z", "apellidos": "SOPALO PILCA", "nombres": "ANGEL OSWALDO ", "clave_catastral": "1702521450005", "telefono_celular": "0990637814", "hijos_hombres": 1, "hijos_mujeres": 2, "sector": "Guang-Porotog", "tenencia_predio": "Escritura", "nivel_instruccion": "Primaria", "area_total": 12464.37, "org_riego": "Guanguilqui porotog", "sector_comunidad": "Larcachaca", "canal": "Guanguilqui porotog", "area_sin_riego": 12464.37, "frecuencia_riego": "Semanal", "metodo_aspersion_pct": 100, "dias_riego": 2, "horas_turno": 12, "valor_tarifa": 3.0, "tipo_tarifa": "fijo mensual", "agua_consumo": 1, "energia_electrica": 1, "material_construccion": "BLOQUE", "cota_msnm": 3500.0, "conoce_presa": "Sí", "como_elige_dir": "Asamblea general", "nom_presidente": "Joaquin tipanluisa ", "operador_sector": "Roberto aigaje", "anios_sistema": 11, "km_canal": 63.0, "recibio_capacitacion": "Sí", "le_gustaria_cap": "Sí", "temas_capacitacion": "Cultivo y riego", "cedula": "1717937393", "caudal_valor": 28.6, "coord_x_utm": 821102.21, "coord_y_utm": 9989560.05, "soberania_aliment_pct": 50, "act_productivas_pct": 50, "actividad_productiva": "Particular"}, "geometry": {"type": "Point", "coordinates": [-78.115559, -0.094333]}}, {"type": "Feature", "properties": {"id": "{97344e5e-9811-4687-a8d6-4aef3d197b81}", "cod_poligono": "1702521040087", "num_predio": 97, "codigo_final": "S-C-P097", "propietario": "SOPALO PILCA JAIME RODRIGO", "parroquia": "CANGAHUA", "caudal_tipo": "Recibe la Comunidad", "creado_por": "u0_a302", "fecha_creacion": "2026-05-21T14:59:59.070Z", "apellidos": "SOPALO PILCA", "nombres": "JAIME RODRIGO", "clave_catastral": "1702521040087", "telefono_celular": "0985679140", "hijos_mujeres": 2, "sector": "Guang-Porotog", "tenencia_predio": "Sin Escritura", "nivel_instruccion": "Primaria", "area_total": 4123.75, "org_riego": "Guanguilqui porotog", "sector_comunidad": "Larcachaca", "canal": "Guanguilqui porotog", "area_sin_riego": 4123.75, "agua_consumo": 0, "energia_electrica": 0, "cota_msnm": 3500.0, "conoce_presa": "Sí", "como_elige_dir": "Asamblea general", "nom_presidente": "Joaquin tipanluisa", "operador_sector": "Roberto aigaje", "anios_sistema": 11, "km_canal": 63.0, "recibio_capacitacion": "Sí", "le_gustaria_cap": "Sí", "temas_capacitacion": "Riego y cultivo ", "cedula": "1717859035", "caudal_valor": 28.6, "coord_x_utm": 819152.48, "coord_y_utm": 9990013.4, "act_productivas_pct": 100, "actividad_productiva": "Particular"}, "geometry": {"type": "Point", "coordinates": [-78.133059, -0.090238]}}, {"type": "Feature", "properties": {"id": "{49042622-4641-4a52-bd0e-2adce867754e}", "cod_poligono": "1702521010037", "num_predio": 98, "codigo_final": "S-C-P098", "propietario": "SOPALO TIPANLUISA SEGUNDO JOAQUIN", "parroquia": "CANGAHUA", "caudal_tipo": "Recibe la Comunidad", "creado_por": "u0_a302", "fecha_creacion": "2026-05-21T15:04:19.690Z", "apellidos": "SOPALO TIPANLUISA", "nombres": "SEGUNDO JOAQUIN", "clave_catastral": "1702521010037", "telefono_celular": "0993659280", "hijos_hombres": 1, "hijos_mujeres": 8, "sector": "Guang-Porotog", "tenencia_predio": "Escritura", "nivel_instruccion": "Primaria", "area_total": 6596.55, "org_riego": "Guanguilqui porotog", "sector_comunidad": "Larcachaca", "canal": "Guanguilqui porotog", "area_sin_riego": 6596.55, "agua_consumo": 1, "energia_electrica": 1, "material_construccion": "Otros", "cota_msnm": 3550.0, "conoce_presa": "Sí", "como_elige_dir": "Asamblea general", "nom_presidente": "Joaquin tipanluisa", "operador_sector": "Roberto Aigaje", "anios_sistema": 11, "km_canal": 63.0, "recibio_capacitacion": "Sí", "le_gustaria_cap": "Sí", "temas_capacitacion": "Cultivo y riego", "cedula": "1707143135", "caudal_valor": 28.6, "coord_x_utm": 819110.42, "coord_y_utm": 9989373.1, "soberania_aliment_pct": 50, "act_productivas_pct": 50, "actividad_productiva": "Particular", "material_constr_otro": "Tapial"}, "geometry": {"type": "Point", "coordinates": [-78.133436, -0.096024]}}, {"type": "Feature", "properties": {"id": "{06d0ab01-e7e3-409f-9af8-71af6cd57fe0}", "cod_poligono": "1702521050024", "num_predio": 99, "codigo_final": "S-C-P099", "propietario": "SOPALO TIPANLUISA FRANCISCO", "parroquia": "CANGAHUA", "caudal_tipo": "Recibe la Comunidad", "tiene_reservorio": "Comunitario", "foto_predio": "DCIM/JPEG_20260521201721694.jpg", "creado_por": "u0_a302", "fecha_creacion": "2026-05-21T15:13:59.279Z", "apellidos": "SOPALO TIPANLUISA", "nombres": "FRANCISCO", "clave_catastral": "1702521050024", "telefono_celular": "0993434368", "hijos_hombres": 5, "hijos_mujeres": 2, "sector": "Guang-Porotog", "tenencia_predio": "Escritura", "nivel_instruccion": "Primaria", "area_total": 12625.05, "org_riego": "Guanguilqui porotog", "sector_comunidad": "Larcachaca", "canal": "Guanguilqui porotog", "area_sin_riego": 12625.05, "frecuencia_riego": "Semanal", "metodo_aspersion_pct": 100, "dias_riego": 3, "horas_turno": 12, "valor_tarifa": 3.0, "tipo_tarifa": "fijo mensual", "agua_consumo": 1, "energia_electrica": 0, "material_construccion": "BLOQUE", "cota_msnm": 3520.0, "conoce_presa": "Sí", "como_elige_dir": "Asamblea general", "nom_presidente": "Joaquin tipanluisa", "operador_sector": "Roberto Aigaje", "anios_sistema": 11, "km_canal": 63.0, "recibio_capacitacion": "Sí", "le_gustaria_cap": "Sí", "temas_capacitacion": "Cultivo y riego", "cedula": "1708457815", "caudal_valor": 28.6, "coord_x_utm": 820829.34, "coord_y_utm": 9989365.36, "soberania_aliment_pct": 10, "act_productivas_pct": 90, "actividad_productiva": "Particular", "observaciones": "Información por el hijo"}, "geometry": {"type": "Point", "coordinates": [-78.118008, -0.096092]}}, {"type": "Feature", "properties": {"id": "{a220d2de-6722-4bd8-ae2e-f1122669649d}", "cod_poligono": "1702521050024", "num_predio": 100, "codigo_final": "S-C-P100", "propietario": "SOPALO TIPANLUISA FRANCISCO", "parroquia": "CANGAHUA", "caudal_tipo": "Recibe la Comunidad", "tiene_reservorio": "Comunitario", "foto_predio": "DCIM/JPEG_20260521202143438.jpg", "creado_por": "u0_a302", "fecha_creacion": "2026-05-21T15:18:55.212Z", "apellidos": "SOPALO IMBAQUINGO", "nombres": "CLEVER MAURO", "clave_catastral": "1702521050024", "telefono_celular": "0969455256", "hijos_hombres": 1, "hijos_mujeres": 1, "sector": "Guang-Porotog", "tenencia_predio": "Sin Escritura", "nivel_instruccion": "Secundaria", "area_total": 12625.05, "org_riego": "Guanguilqui porotog", "sector_comunidad": "Larcachaca", "canal": "Guanguilqui porotog", "area_sin_riego": 12625.05, "frecuencia_riego": "Semanal", "metodo_aspersion_pct": 100, "dias_riego": 3, "horas_turno": 12, "valor_tarifa": 3.0, "tipo_tarifa": "fijo mensual", "cota_msnm": 3520.0, "conoce_presa": "Sí", "como_elige_dir": "Asamblea general", "nom_presidente": "Joaquin tipanluisa", "operador_sector": "Roberto Aigaje", "anios_sistema": 11, "km_canal": 63.0, "recibio_capacitacion": "Sí", "le_gustaria_cap": "Sí", "temas_capacitacion": "Cultivo y riego", "cedula": "1718585753", "caudal_valor": 28.6, "coord_x_utm": 820904.1, "coord_y_utm": 9989316.62, "act_productivas_pct": 100, "actividad_productiva": "Particular", "observaciones": "Información por el hermano"}, "geometry": {"type": "Point", "coordinates": [-78.117337, -0.096533]}}, {"type": "Feature", "properties": {"id": "{603e98a8-0307-4ede-84d3-d365aba885a3}", "cod_poligono": "1702521050024", "num_predio": 101, "codigo_final": "S-C-P101", "propietario": "SOPALO TIPANLUISA FRANCISCO", "parroquia": "CANGAHUA", "caudal_tipo": "Recibe la Comunidad", "tiene_reservorio": "Comunitario", "foto_predio": "DCIM/JPEG_20260521202405165.jpg", "creado_por": "u0_a302", "fecha_creacion": "2026-05-21T15:22:07.621Z", "apellidos": "SOPALO IMBAQUINGO", "nombres": "VICTOR HUGO", "clave_catastral": "1702521050024", "telefono_celular": "0939529045", "hijos_hombres": 2, "hijos_mujeres": 2, "sector": "Guang-Porotog", "tenencia_predio": "Sin Escritura", "nivel_instruccion": "Secundaria", "area_total": 12625.05, "org_riego": "Guanguilqui porotog", "sector_comunidad": "Larcachaca", "canal": "Guanguilqui porotog", "area_sin_riego": 12625.05, "frecuencia_riego": "Semanal", "metodo_aspersion_pct": 100, "dias_riego": 3, "horas_turno": 12, "valor_tarifa": 3.0, "tipo_tarifa": "fijo mensual", "cota_msnm": 3520.0, "conoce_presa": "Sí", "como_elige_dir": "Asamblea general", "nom_presidente": "Joaquin tipanluisa", "operador_sector": "Roberto Aigaje", "anios_sistema": 11, "km_canal": 63.0, "recibio_capacitacion": "Sí", "le_gustaria_cap": "Sí", "temas_capacitacion": "Cultivo y riego", "cedula": "1718585746", "caudal_valor": 28.6, "coord_x_utm": 820885.62, "coord_y_utm": 9989332.84, "act_productivas_pct": 100, "actividad_productiva": "Particular", "observaciones": "Información por la esposa"}, "geometry": {"type": "Point", "coordinates": [-78.117503, -0.096386]}}, {"type": "Feature", "properties": {"id": "{c361dec4-b23b-4ffd-8075-e349fb6c9a27}", "cod_poligono": "1702521050024", "num_predio": 102, "codigo_final": "S-C-P102", "propietario": "SOPALO TIPANLUISA FRANCISCO", "parroquia": "CANGAHUA", "caudal_tipo": "Recibe la Comunidad", "tiene_reservorio": "Comunitario", "foto_predio": "DCIM/JPEG_20260521202623081.jpg", "creado_por": "u0_a302", "fecha_creacion": "2026-05-21T15:24:26.304Z", "apellidos": "IMBAQUINGO SOPALO", "nombres": "WILMER EFRAIN", "clave_catastral": "1702521050024", "telefono_celular": "0991534307", "hijos_hombres": 1, "sector": "Guang-Porotog", "tenencia_predio": "Sin Escritura", "nivel_instruccion": "Secundaria", "area_total": 12625.05, "org_riego": "GUANGUILQUI POROTOG", "sector_comunidad": "LARCACHACA", "canal": "GUANGUILQUI POROTOG", "area_sin_riego": 12625.05, "frecuencia_riego": "Semanal", "metodo_aspersion_pct": 100, "dias_riego": 3, "horas_turno": 12, "valor_tarifa": 3.0, "tipo_tarifa": "fijo mensual", "cota_msnm": 3520.0, "conoce_presa": "Sí", "como_elige_dir": "Asamblea general", "nom_presidente": "JOSÉ JOAQUÍN TIPANLUISA LANCHIMBA", "operador_sector": "ROBERTO AIGAJE", "anios_sistema": 15, "km_canal": 63.0, "recibio_capacitacion": "Sí", "le_gustaria_cap": "Sí", "temas_capacitacion": "CULTIVO Y RIEGO", "cedula": "1725242620", "caudal_valor": 28.6, "coord_x_utm": 820866.55, "coord_y_utm": 9989346.3, "act_productivas_pct": 100, "actividad_productiva": "Particular", "observaciones": "Información por el hermano "}, "geometry": {"type": "Point", "coordinates": [-78.117674, -0.096265]}}, {"type": "Feature", "properties": {"id": "{d44a8aef-7e7f-496f-977f-e6ea688547e9}", "cod_poligono": "1702521040067", "num_predio": 103, "codigo_final": "S-C-P103", "propietario": "SOPALO TIPANLUISA FRANCISCO", "parroquia": "CANGAHUA", "caudal_tipo": "Recibe la Comunidad", "tiene_reservorio": "Comunitario", "foto_predio": "DCIM/JPEG_20260521203035946.jpg", "creado_por": "u0_a302", "fecha_creacion": "2026-05-21T15:28:33.728Z", "apellidos": "SOPALO TIPANLUISA", "nombres": "FRANCISCO", "clave_catastral": "1702521040067", "telefono_celular": "0993434368", "hijos_hombres": 5, "hijos_mujeres": 2, "sector": "Guang-Porotog", "tenencia_predio": "Escritura", "nivel_instruccion": "Primaria", "area_total": 7861.59, "org_riego": "Guanguilqui porotog", "sector_comunidad": "Larcachaca", "canal": "Guanguilqui porotog", "area_sin_riego": 7861.59, "frecuencia_riego": "Semanal", "metodo_aspersion_pct": 100, "dias_riego": 2, "horas_turno": 12, "valor_tarifa": 3.0, "tipo_tarifa": "fijo mensual", "agua_consumo": 1, "energia_electrica": 1, "material_construccion": "BLOQUE", "cota_msnm": 3530.0, "conoce_presa": "Sí", "como_elige_dir": "Asamblea general", "nom_presidente": "Joaquin tipanluisa", "operador_sector": "Roberto Aigaje", "anios_sistema": 11, "km_canal": 63.0, "recibio_capacitacion": "Sí", "le_gustaria_cap": "Sí", "temas_capacitacion": "Cultivo y riego", "cedula": "1708457815", "caudal_valor": 28.6, "coord_x_utm": 819297.34, "coord_y_utm": 9989732.17, "act_productivas_pct": 100, "actividad_productiva": "Particular", "observaciones": "Información por el hijo"}, "geometry": {"type": "Point", "coordinates": [-78.131759, -0.092779]}}, {"type": "Feature", "properties": {"id": "{0a7a3ecd-a355-4d37-b771-8d3e0bf4783c}", "cod_poligono": "1702521040067", "num_predio": 104, "codigo_final": "S-C-P104", "propietario": "SOPALO TIPANLUISA FRANCISCO", "parroquia": "CANGAHUA", "caudal_tipo": "Recibe la Comunidad", "tiene_reservorio": "Comunitario", "foto_predio": "DCIM/JPEG_20260521203304331.jpg", "creado_por": "u0_a302", "fecha_creacion": "2026-05-21T15:31:09.716Z", "apellidos": "SOPALO IMBAQUINGO", "nombres": "VICTOR HUGO", "clave_catastral": "1702521040067", "telefono_celular": "0939529045", "hijos_hombres": 2, "hijos_mujeres": 2, "sector": "Guang-Porotog", "tenencia_predio": "Sin Escritura", "nivel_instruccion": "Secundaria", "area_total": 7861.59, "org_riego": "Guanguilqui porotog", "sector_comunidad": "Larcachaca", "canal": "Guanguilqui porotog", "area_sin_riego": 7861.59, "frecuencia_riego": "Semanal", "metodo_aspersion_pct": 100, "dias_riego": 2, "horas_turno": 12, "valor_tarifa": 3.0, "tipo_tarifa": "fijo mensual", "cota_msnm": 3530.0, "conoce_presa": "Sí", "como_elige_dir": "Asamblea general", "nom_presidente": "Joaquin tipanluisa", "operador_sector": "Roberto Aigaje", "anios_sistema": 11, "km_canal": 63.0, "recibio_capacitacion": "Sí", "le_gustaria_cap": "Sí", "temas_capacitacion": "Cultivo y riego", "cedula": "1718585746", "caudal_valor": 28.6, "coord_x_utm": 819263.74, "coord_y_utm": 9989708.02, "act_productivas_pct": 100, "actividad_productiva": "Particular"}, "geometry": {"type": "Point", "coordinates": [-78.13206, -0.092997]}}, {"type": "Feature", "properties": {"id": "{9171aa38-cea1-4299-942a-c58fc68673e9}", "cod_poligono": "1702521010042", "num_predio": 105, "codigo_final": "S-C-P105", "propietario": "SOPALO TIPANLUISA FRANCISCO", "parroquia": "CANGAHUA", "caudal_tipo": "Recibe la Comunidad", "tiene_reservorio": "Comunitario", "foto_predio": "DCIM/JPEG_20260521203629576.jpg", "creado_por": "u0_a302", "fecha_creacion": "2026-05-21T15:34:26.092Z", "apellidos": "SOPALO TIPANLUISA", "nombres": "FRANCISCO", "clave_catastral": "1702521010042", "telefono_celular": "0993434368", "hijos_hombres": 5, "hijos_mujeres": 2, "sector": "Guang-Porotog", "tenencia_predio": "Escritura", "nivel_instruccion": "Primaria", "area_total": 6017.69, "org_riego": "Guanguilqui porotog", "sector_comunidad": "Larcachaca", "canal": "Guanguilqui porotog", "area_sin_riego": 6017.69, "frecuencia_riego": "Semanal", "metodo_aspersion_pct": 100, "dias_riego": 2, "horas_turno": 12, "valor_tarifa": 3.0, "tipo_tarifa": "fijo mensual", "cota_msnm": 3540.0, "conoce_presa": "Sí", "como_elige_dir": "Asamblea general", "nom_presidente": "Joaquin tipanluisa", "operador_sector": "Roberto Aigaje", "anios_sistema": 11, "km_canal": 63.0, "recibio_capacitacion": "Sí", "le_gustaria_cap": "Sí", "temas_capacitacion": "Cultivo y riego", "cedula": "1708457815", "caudal_valor": 28.6, "coord_x_utm": 819048.17, "coord_y_utm": 9989394.24, "act_productivas_pct": 100, "actividad_productiva": "Particular", "observaciones": "Información por el hijo"}, "geometry": {"type": "Point", "coordinates": [-78.133995, -0.095833]}}, {"type": "Feature", "properties": {"id": "{a102741c-37f2-4fef-801a-9c8712c4949e}", "cod_poligono": "1702521050010", "num_predio": 106, "codigo_final": "S-C-P106", "propietario": "IMBAQUINGO FARINANGUILLO ROGELIO", "parroquia": "CANGAHUA", "caudal_tipo": "Recibe la Comunidad", "tiene_reservorio": "Comunitario", "creado_por": "u0_a302", "fecha_creacion": "2026-05-21T15:38:47.951Z", "apellidos": "IMBAQUINGO CABASCANGO", "nombres": "SERGIO DAVID", "clave_catastral": "1702521050010", "telefono_celular": "0981621034", "hijos_hombres": 1, "sector": "Guang-Porotog", "tenencia_predio": "Sin Escritura", "nivel_instruccion": "Secundaria", "area_total": 10062.59, "org_riego": "Guanguilqui porotog", "sector_comunidad": "Larcachaca", "canal": "Guanguilqui porotog", "area_sin_riego": 10062.59, "frecuencia_riego": "Semanal", "metodo_aspersion_pct": 100, "dias_riego": 2, "horas_turno": 12, "valor_tarifa": 3.0, "tipo_tarifa": "fijo mensual", "cota_msnm": 3515.0, "conoce_presa": "Sí", "como_elige_dir": "Asamblea general", "nom_presidente": "Joaquin tipanluisa", "operador_sector": "Roberto Aigaje", "anios_sistema": 11, "km_canal": 63.0, "recibio_capacitacion": "Sí", "le_gustaria_cap": "Sí", "temas_capacitacion": "Cultivo y riego", "cedula": "1726101981", "caudal_valor": 28.6, "coord_x_utm": 820641.05, "coord_y_utm": 9989464.92, "act_productivas_pct": 100, "actividad_productiva": "Particular"}, "geometry": {"type": "Point", "coordinates": [-78.119698, -0.095193]}}, {"type": "Feature", "properties": {"id": "{eb875d1d-643e-4f93-a1e1-f8ba1a5e6d30}", "cod_poligono": "1702521050010", "num_predio": 107, "codigo_final": "S-C-P107", "propietario": "IMBAQUINGO FARINANGUILLO ROGELIO", "parroquia": "CANGAHUA", "caudal_tipo": "Recibe la Comunidad", "tiene_reservorio": "Comunitario", "creado_por": "u0_a302", "fecha_creacion": "2026-05-21T15:41:43.485Z", "apellidos": "IMBAQUINGO CABASCANGO", "nombres": "JAIME ROGELIO", "clave_catastral": "1702521050010", "telefono_celular": "0993067541", "hijos_mujeres": 2, "sector": "Guang-Porotog", "tenencia_predio": "Sin Escritura", "nivel_instruccion": "Primaria", "area_total": 10062.59, "org_riego": "Guanguilqui porotog", "sector_comunidad": "Larcachaca", "canal": "Guanguilqui porotog", "area_sin_riego": 10062.59, "frecuencia_riego": "Semanal", "metodo_aspersion_pct": 100, "dias_riego": 2, "horas_turno": 12, "valor_tarifa": 3.0, "tipo_tarifa": "fijo mensual", "cota_msnm": 3515.0, "conoce_presa": "Sí", "como_elige_dir": "Asamblea general", "nom_presidente": "Joaquin tipanluisa", "operador_sector": "Roberto Aigaje", "anios_sistema": 11, "km_canal": 63.0, "recibio_capacitacion": "Sí", "le_gustaria_cap": "Sí", "temas_capacitacion": "Cultivo y riego", "cedula": "1717097057", "caudal_valor": 28.6, "coord_x_utm": 820654.78, "coord_y_utm": 9989483.9, "act_productivas_pct": 100, "actividad_productiva": "Particular"}, "geometry": {"type": "Point", "coordinates": [-78.119575, -0.095021]}}, {"type": "Feature", "properties": {"id": "{ce4e7497-37b1-4359-b1e4-696ebef72623}", "cod_poligono": "1702521050010", "num_predio": 108, "codigo_final": "S-C-P108", "propietario": "IMBAQUINGO FARINANGUILLO ROGELIO", "parroquia": "CANGAHUA", "caudal_tipo": "Recibe la Comunidad", "tiene_reservorio": "Comunitario", "creado_por": "u0_a302", "fecha_creacion": "2026-05-21T15:52:11.320Z", "apellidos": "IMBAQUINGO CABASCANGO", "nombres": "Maria ines", "clave_catastral": "1702521050010", "telefono_celular": "0980735799", "hijos_hombres": 1, "hijos_mujeres": 1, "sector": "Guang-Porotog", "tenencia_predio": "Sin Escritura", "nivel_instruccion": "Secundaria", "area_total": 10062.59, "org_riego": "Guanguilqui porotog", "sector_comunidad": "Larcachaca", "canal": "Guanguilqui porotog", "area_sin_riego": 10062.59, "frecuencia_riego": "Semanal", "metodo_aspersion_pct": 100, "dias_riego": 2, "horas_turno": 12, "valor_tarifa": 3.0, "tipo_tarifa": "fijo mensual", "cota_msnm": 3515.0, "conoce_presa": "Sí", "como_elige_dir": "Asamblea general", "nom_presidente": "Joaquin tipanluisa", "operador_sector": "Roberto aigaje", "anios_sistema": 11, "km_canal": 63.0, "recibio_capacitacion": "Sí", "le_gustaria_cap": "Sí", "temas_capacitacion": "Riego y cultivo", "cedula": "1719100354", "caudal_valor": 28.6, "coord_x_utm": 820667.55, "coord_y_utm": 9989465.92, "act_productivas_pct": 100}, "geometry": {"type": "Point", "coordinates": [-78.11946, -0.095184]}}, {"type": "Feature", "properties": {"id": "{ead7443c-e0be-46b9-b712-aa8802af55f1}", "cod_poligono": "1702521050010", "num_predio": 109, "codigo_final": "S-C-P109", "propietario": "IMBAQUINGO FARINANGUILLO ROGELIO", "parroquia": "CANGAHUA", "caudal_tipo": "Recibe la Comunidad", "tiene_reservorio": "Comunitario", "creado_por": "u0_a302", "fecha_creacion": "2026-05-21T15:56:56.256Z", "apellidos": "IMBAQUINGO CABASCANGO", "nombres": "BEATRIZ", "clave_catastral": "1702521050010", "telefono_celular": "0980362594", "hijos_mujeres": 1, "sector": "Guang-Porotog", "tenencia_predio": "Sin Escritura", "nivel_instruccion": "Secundaria", "area_total": 10062.59, "org_riego": "Guanguilqui porotog", "sector_comunidad": "Larcachaca", "canal": "Guanguilqui porotog", "area_sin_riego": 10062.59, "frecuencia_riego": "Semanal", "metodo_aspersion_pct": 100, "dias_riego": 2, "horas_turno": 12, "valor_tarifa": 3.0, "tipo_tarifa": "fijo mensual", "agua_consumo": 1, "energia_electrica": 0, "material_construccion": "BLOQUE", "cota_msnm": 3515.0, "conoce_presa": "Sí", "como_elige_dir": "Asamblea general", "nom_presidente": "Joaquin tipanluisa", "operador_sector": "Roberto aigaje", "anios_sistema": 11, "km_canal": 63.0, "recibio_capacitacion": "Sí", "le_gustaria_cap": "Sí", "temas_capacitacion": "Riego y cultivo", "cedula": "1714128665", "caudal_valor": 28.6, "coord_x_utm": 820639.68, "coord_y_utm": 9989493.72, "soberania_aliment_pct": 50, "act_productivas_pct": 50}, "geometry": {"type": "Point", "coordinates": [-78.11971, -0.094933]}}, {"type": "Feature", "properties": {"id": "{97b30774-25e8-41a5-a355-5a6b9580550a}", "cod_poligono": "1702521050010", "num_predio": 110, "codigo_final": "S-C-P110", "propietario": "IMBAQUINGO FARINANGUILLO ROGELIO", "parroquia": "CANGAHUA", "caudal_tipo": "Recibe la Comunidad", "tiene_reservorio": "Comunitario", "creado_por": "u0_a302", "fecha_creacion": "2026-05-21T15:59:43.225Z", "apellidos": "IMBAQUINGO CABASCANGO", "nombres": "SEGUNDO MARCELO", "clave_catastral": "1702521050010", "telefono_celular": "0981133334", "hijos_hombres": 1, "hijos_mujeres": 1, "sector": "Guang-Porotog", "tenencia_predio": "Sin Escritura", "nivel_instruccion": "Secundaria", "area_total": 10062.59, "org_riego": "Guanguilqui porotog", "sector_comunidad": "Larcachaca", "canal": "Guanguilqui porotog", "area_sin_riego": 10062.59, "frecuencia_riego": "Semanal", "metodo_aspersion_pct": 100, "dias_riego": 2, "horas_turno": 12, "valor_tarifa": 3.0, "tipo_tarifa": "fijo mensual", "material_construccion": "Otros", "cota_msnm": 3515.0, "conoce_presa": "Sí", "como_elige_dir": "Asamblea general", "nom_presidente": "Joaquin tipanluisa", "operador_sector": "Roberto aigaje", "anios_sistema": 11, "km_canal": 63.0, "recibio_capacitacion": "Sí", "le_gustaria_cap": "Sí", "temas_capacitacion": "Riego y cultivo", "cedula": "1712955382", "caudal_valor": 28.6, "coord_x_utm": 820624.21, "coord_y_utm": 9989506.03, "act_productivas_pct": 100, "material_constr_otro": "No hay"}, "geometry": {"type": "Point", "coordinates": [-78.119849, -0.094822]}}, {"type": "Feature", "properties": {"id": "{e8c4e01d-7356-46ab-9dd0-ae1c90e87bac}", "cod_poligono": "1702521040027", "num_predio": 111, "codigo_final": "S-C-P111", "propietario": "IMBAQUINGO CABASCANGO BLANCA SUSANA", "parroquia": "CANGAHUA", "caudal_tipo": "Recibe la Comunidad", "tiene_reservorio": "Comunitario", "foto_predio": "DCIM/JPEG_20260521211120043.jpg", "creado_por": "u0_a302", "fecha_creacion": "2026-05-21T16:06:44.197Z", "apellidos": "IMBAQUINGO CABASCANGO", "nombres": "BLANCA SUSANA", "clave_catastral": "1702521040027", "telefono_celular": "0985317256", "hijos_hombres": 3, "hijos_mujeres": 1, "sector": "Guang-Porotog", "tenencia_predio": "Escritura", "nivel_instruccion": "Primaria", "area_total": 922.32, "org_riego": "Guanguilqui porotog", "sector_comunidad": "Larcachaca", "canal": "Guanguilqui porotog", "area_sin_riego": 922.32, "frecuencia_riego": "Semanal", "metodo_aspersion_pct": 100, "dias_riego": 2, "horas_turno": 12, "valor_tarifa": 3.0, "tipo_tarifa": "fijo mensual", "agua_consumo": 1, "energia_electrica": 1, "material_construccion": "HORMIGÓN ARMADO", "cota_msnm": 3535.0, "conoce_presa": "Sí", "como_elige_dir": "Asamblea general", "nom_presidente": "Joaquin tipanluisa", "operador_sector": "Roberto aigaje", "anios_sistema": 11, "km_canal": 63.0, "recibio_capacitacion": "Sí", "le_gustaria_cap": "Sí", "temas_capacitacion": "Cultivo y riego ", "cedula": "1003501648", "caudal_valor": 28.6, "coord_x_utm": 819370.16, "coord_y_utm": 9989713.73, "act_productivas_pct": 100, "actividad_productiva": "Particular"}, "geometry": {"type": "Point", "coordinates": [-78.131105, -0.092946]}}, {"type": "Feature", "properties": {"id": "{c8826ed0-3904-4b27-bd77-9736200330e8}", "cod_poligono": "1702521050010", "num_predio": 112, "codigo_final": "S-C-P112", "propietario": "IMBAQUINGO FARINANGUILLO ROGELIO", "parroquia": "CANGAHUA", "caudal_tipo": "Recibe la Comunidad", "tiene_reservorio": "Comunitario", "foto_predio": "DCIM/JPEG_20260521211456269.jpg", "creado_por": "u0_a302", "fecha_creacion": "2026-05-21T16:12:47.277Z", "apellidos": "IMBAQUINGO CABASCANGO", "nombres": "BLANCA SUSANA", "clave_catastral": "1702521050010", "telefono_celular": "0985317256", "hijos_hombres": 3, "hijos_mujeres": 1, "sector": "Guang-Porotog", "tenencia_predio": "Sin Escritura", "nivel_instruccion": "Primaria", "area_total": 10062.59, "org_riego": "Guanguilqui porotog", "sector_comunidad": "Larcachaca", "canal": "Guanguilqui porotog", "area_sin_riego": 10062.59, "frecuencia_riego": "Semanal", "metodo_aspersion_pct": 100, "dias_riego": 2, "horas_turno": 12, "valor_tarifa": 3.0, "tipo_tarifa": "fijo mensual", "cota_msnm": 3515.0, "conoce_presa": "Sí", "como_elige_dir": "Asamblea general", "nom_presidente": "Joaquin tipanluisa", "operador_sector": "Roberto aigaje", "anios_sistema": 11, "km_canal": 63.0, "recibio_capacitacion": "Sí", "le_gustaria_cap": "Sí", "temas_capacitacion": "Cultivo y riego ", "cedula": "1003501648", "caudal_valor": 28.6, "coord_x_utm": 820689.9, "coord_y_utm": 9989445.31, "act_productivas_pct": 100, "actividad_productiva": "Particular"}, "geometry": {"type": "Point", "coordinates": [-78.11926, -0.09537]}}, {"type": "Feature", "properties": {"id": "{bfa5fb98-e492-4d99-becb-9ef76eddbfa4}", "cod_poligono": "1702521010121", "num_predio": 1, "codigo_final": "S-C-P001_3", "propietario": "ACERO IMBAQUINGO ANA LUISA", "parroquia": "CANGAHUA", "caudal_tipo": "Recibe la Comunidad", "tiene_reservorio": "No", "foto_predio": "DCIM/JPEG_20260521125602844.jpg", "creado_por": "u0_a314", "fecha_creacion": "2026-05-21T07:33:56.841Z", "apellidos": "ACERO IMBAQUINGO", "nombres": "ANA LUISA", "clave_catastral": "1702521010121", "telefono_celular": "0991389574", "hijos_hombres": 1, "hijos_mujeres": 1, "sector": "Guanguilqui", "tenencia_predio": "Escritura", "nivel_instruccion": "Primaria", "area_total": 2958.5, "org_riego": "Guanguilqui Porotog", "sector_comunidad": "Larcachaca", "canal": "Guanguilqui Porotog", "area_sin_riego": 2958.5, "frecuencia_riego": "Semanal", "metodo_aspersion_pct": 100, "dias_riego": 2, "horas_turno": 12, "valor_tarifa": 3.0, "tipo_tarifa": "fijo mensual", "agua_consumo": 1, "energia_electrica": 1, "material_construccion": "MIXTA", "cota_msnm": 3595.0, "conoce_presa": "Sí", "como_elige_dir": "Asamblea general", "nom_presidente": "José Joaquín Tipanluisa Lanchimba", "operador_sector": "Roberto Aigaje", "anios_sistema": 11, "km_canal": 63.0, "recibio_capacitacion": "Sí", "le_gustaria_cap": "Sí", "temas_capacitacion": "El manejo de agua ", "cedula": "1711714798", "caudal_valor": 28.6, "coord_x_utm": 819078.13, "coord_y_utm": 9988963.39, "soberania_aliment_pct": 50, "act_productivas_pct": 50, "actividad_productiva": "Particular"}, "geometry": {"type": "Point", "coordinates": [-78.133725, -0.099726]}}, {"type": "Feature", "properties": {"id": "{cf8b653c-1358-4cf9-8101-5121e8ac1de6}", "cod_poligono": "1702521010081", "num_predio": 2, "codigo_final": "S-C-P002_2", "propietario": "TANGUILA HUATATOCA CARLOS PAULINO", "parroquia": "CANGAHUA", "caudal_tipo": "Recibe la Comunidad", "tiene_reservorio": "No", "foto_predio": "DCIM/JPEG_20260521131615571.jpg", "creado_por": "u0_a314", "fecha_creacion": "2026-05-21T08:03:16.870Z", "apellidos": "TANGUILA HUATATOCA", "nombres": "CARLOS PAULINO", "clave_catastral": "1702521010081", "telefono_celular": "0967616401", "hijos_hombres": 1, "hijos_mujeres": 1, "sector": "Guang-Porotog", "tenencia_predio": "Escritura", "nivel_instruccion": "Primaria", "area_total": 1308.84, "org_riego": "Guanguilqui Porotog", "sector_comunidad": "Larcachaca", "canal": "Guanguilqui Porotog", "area_sin_riego": 1308.84, "frecuencia_riego": "Semanal", "metodo_aspersion_pct": 100, "dias_riego": 2, "horas_turno": 12, "valor_tarifa": 3.0, "tipo_tarifa": "fijo mensual", "agua_consumo": 1, "energia_electrica": 1, "material_construccion": "Otros", "cota_msnm": 3600.0, "conoce_presa": "Sí", "como_elige_dir": "Asamblea general", "nom_presidente": "José Joaquín Tipanluisa Lanchimba", "operador_sector": "Roberto Aigaje", "anios_sistema": 11, "km_canal": 63.0, "recibio_capacitacion": "Sí", "le_gustaria_cap": "Sí", "temas_capacitacion": "Manejo de agua", "cedula": "1500501331", "caudal_valor": 28.6, "coord_x_utm": 819054.23, "coord_y_utm": 9988931.71, "soberania_aliment_pct": 25, "act_productivas_pct": 75, "actividad_productiva": "Particular"}, "geometry": {"type": "Point", "coordinates": [-78.13394, -0.100012]}}, {"type": "Feature", "properties": {"id": "{25ad532b-da01-48a2-85af-d9f83042364e}", "cod_poligono": "1702521450023", "num_predio": 3, "codigo_final": "S-C-P003_3", "propietario": "ACERO ACERO SEGUNDO VIRGILIO", "parroquia": "CANGAHUA", "caudal_tipo": "Recibe la Comunidad", "tiene_reservorio": "No", "foto_predio": "DCIM/JPEG_20260521140334027.jpg", "creado_por": "u0_a314", "fecha_creacion": "2026-05-21T08:28:07.733Z", "apellidos": "ACERO ACERO", "nombres": "SEGUNDO VIRGILIO", "clave_catastral": "1702521450023", "telefono_celular": "0991389574", "hijos_hombres": 4, "hijos_mujeres": 5, "sector": "Guang-Porotog", "tenencia_predio": "Escritura", "nivel_instruccion": "Ninguno", "area_total": 10052.8, "org_riego": "Guanguilqui Porotog", "sector_comunidad": "Larcachaca", "canal": "Guanguilqui Porotog", "area_sin_riego": 10052.8, "frecuencia_riego": "Semanal", "metodo_aspersion_pct": 100, "dias_riego": 1, "horas_turno": 12, "valor_tarifa": 3.0, "tipo_tarifa": "fijo mensual", "agua_consumo": 1, "energia_electrica": 1, "material_construccion": "HORMIGÓN ARMADO", "cota_msnm": 3505.0, "conoce_presa": "Sí", "como_elige_dir": "Asamblea general", "nom_presidente": "José Joaquín Tipanluisa Lanchimba", "operador_sector": "Roberto Aigaje", "anios_sistema": 11, "km_canal": 63.0, "recibio_capacitacion": "Sí", "le_gustaria_cap": "Sí", "temas_capacitacion": "Manejo de agua", "cedula": "1000746741", "caudal_valor": 28.6, "coord_x_utm": 821050.75, "coord_y_utm": 9989236.8, "soberania_aliment_pct": 25, "act_productivas_pct": 75, "actividad_productiva": "Particular"}, "geometry": {"type": "Point", "coordinates": [-78.116021, -0.097254]}}, {"type": "Feature", "properties": {"id": "{fb1545ea-db7f-4a40-9bf8-4add65521ed6}", "cod_poligono": "1702521450023", "num_predio": 4, "codigo_final": "S-C-P004_3", "propietario": "ACERO ACERO SEGUNDO VIRGILIO", "parroquia": "CANGAHUA", "caudal_tipo": "Recibe la Comunidad", "tiene_reservorio": "No", "foto_predio": "DCIM/JPEG_20260521134111081.jpg", "creado_por": "u0_a314", "fecha_creacion": "2026-05-21T08:30:17.179Z", "apellidos": "ACERO IMBAQUINGO", "nombres": "ANA LUISA", "clave_catastral": "1702521450023", "telefono_celular": "0991389574", "hijos_hombres": 1, "hijos_mujeres": 1, "sector": "Guang-Porotog", "tenencia_predio": "Sin Escritura", "nivel_instruccion": "Primaria", "area_total": 10052.8, "org_riego": "Larcachaca", "sector_comunidad": "Guanguilqui Porotog", "canal": "Guanguilqui Porotog", "area_sin_riego": 10052.8, "frecuencia_riego": "Semanal", "metodo_aspersion_pct": 100, "dias_riego": 1, "horas_turno": 12, "valor_tarifa": 3.0, "tipo_tarifa": "fijo mensual", "agua_consumo": 1, "energia_electrica": 1, "material_construccion": "HORMIGÓN ARMADO", "cota_msnm": 3505.0, "conoce_presa": "Sí", "como_elige_dir": "Asamblea general", "nom_presidente": "José Joaquín Tipanluisa Lanchimba", "operador_sector": "Roberto Aigaje ", "anios_sistema": 11, "km_canal": 63.0, "recibio_capacitacion": "Sí", "le_gustaria_cap": "Sí", "temas_capacitacion": "Manejo del agua", "cedula": "1000746741", "caudal_valor": 28.6, "coord_x_utm": 821063.57, "coord_y_utm": 9989226.44, "act_productivas_pct": 100, "actividad_productiva": "Particular"}, "geometry": {"type": "Point", "coordinates": [-78.115906, -0.097347]}}, {"type": "Feature", "properties": {"id": "{5fbd8384-a1a3-4d0a-a6ac-45d174e3f38f}", "cod_poligono": "1702521450005", "num_predio": 5, "codigo_final": "S-C-P005_3", "propietario": "PILCA TANDAYAMO ROSA ACSIFIA", "parroquia": "CANGAHUA", "creado_por": "u0_a314", "fecha_creacion": "2026-05-21T09:21:50.891Z", "apellidos": "PILCA TANDAYAMO", "nombres": "ROSA ACSIFIA", "clave_catastral": "1702521450005", "area_total": 12464.37, "area_sin_riego": 12464.37, "cota_msnm": 3510.0, "cedula": "1705217261", "coord_x_utm": 821071.3, "coord_y_utm": 9989615.74}, "geometry": {"type": "Point", "coordinates": [-78.115836, -0.09383]}}, {"type": "Feature", "properties": {"id": "{ec441d1c-ebc5-4173-b353-0d5ba90370f3}", "cod_poligono": "1702521450005", "num_predio": 6, "codigo_final": "S-C-P006_3", "propietario": "PILCA TANDAYAMO ROSA ACSIFIA", "parroquia": "CANGAHUA", "caudal_tipo": "Recibe la Comunidad", "tiene_reservorio": "No", "foto_predio": "DCIM/JPEG_20260521143830516.jpg", "creado_por": "u0_a314", "fecha_creacion": "2026-05-21T09:24:59.440Z", "apellidos": "SOPALO AIGAJE", "nombres": "JOSÉ MANUEL", "clave_catastral": "1702521450005", "telefono_celular": "0959495743", "hijos_mujeres": 3, "sector": "Guang-Porotog", "tenencia_predio": "Sin Escritura", "nivel_instruccion": "Primaria", "area_total": 12464.37, "org_riego": "Guanguilqui Porotog", "sector_comunidad": "Larcachaca Moras", "canal": "Guanguilqui Porotog", "area_sin_riego": 12464.37, "frecuencia_riego": "Semanal", "metodo_aspersion_pct": 100, "dias_riego": 1, "horas_turno": 12, "valor_tarifa": 3.0, "tipo_tarifa": "fijo mensual", "agua_consumo": 0, "energia_electrica": 0, "cota_msnm": 3515.0, "conoce_presa": "Sí", "como_elige_dir": "Asamblea general", "nom_presidente": "José Joaquín Tipanluisa Lanchimba", "operador_sector": "Roberto Aigaje", "anios_sistema": 11, "km_canal": 63.0, "recibio_capacitacion": "Sí", "le_gustaria_cap": "Sí", "temas_capacitacion": "Manejo de agua", "cedula": "1716641905", "caudal_valor": 28.6, "coord_x_utm": 821054.41, "coord_y_utm": 9989572.11, "soberania_aliment_pct": 25, "act_productivas_pct": 75, "actividad_productiva": "Particular"}, "geometry": {"type": "Point", "coordinates": [-78.115988, -0.094224]}}, {"type": "Feature", "properties": {"id": "{a6dbabbc-238b-4012-9382-5f86b3200bb0}", "cod_poligono": "1702521040085", "num_predio": 7, "codigo_final": "S-C-P007_3", "propietario": "SOPALO TIPANLUISA JUAN", "parroquia": "CANGAHUA", "creado_por": "u0_a314", "fecha_creacion": "2026-05-21T09:40:27.657Z", "apellidos": "SOPALO TIPANLUISA", "nombres": "JUAN", "clave_catastral": "1702521040085", "sector": "Guang-Porotog", "area_total": 3742.62, "area_sin_riego": 3742.62, "cota_msnm": 3505.0, "cedula": "1703714509", "coord_x_utm": 819111.27, "coord_y_utm": 9989940.79}, "geometry": {"type": "Point", "coordinates": [-78.133429, -0.090894]}}, {"type": "Feature", "properties": {"id": "{bc604f2a-0729-4a62-8381-c91da34b0505}", "cod_poligono": "1702521040085", "num_predio": 8, "codigo_final": "S-C-P008_3", "propietario": "SOPALO TIPANLUISA JUAN", "parroquia": "CANGAHUA", "caudal_tipo": "Recibe la Comunidad", "tiene_reservorio": "No", "foto_predio": "DCIM/JPEG_20260521145106303.jpg", "creado_por": "u0_a314", "fecha_creacion": "2026-05-21T09:42:31.123Z", "apellidos": "SOPALO AIGAJE", "nombres": "JOSÉ MANUEL ", "clave_catastral": "1702521040085", "telefono_celular": "0959495743", "hijos_mujeres": 3, "sector": "Guang-Porotog", "tenencia_predio": "Sin Escritura", "nivel_instruccion": "Primaria", "area_total": 3742.62, "org_riego": "Guanguilqui Porotog", "sector_comunidad": "Larcachaca", "canal": "Guanguilqui Porotog", "area_sin_riego": 3742.62, "frecuencia_riego": "Semanal", "metodo_aspersion_pct": 100, "dias_riego": 2, "horas_turno": 12, "valor_tarifa": 3.0, "tipo_tarifa": "fijo mensual", "agua_consumo": 1, "energia_electrica": 0, "material_construccion": "BLOQUE", "cota_msnm": 3505.0, "conoce_presa": "Sí", "como_elige_dir": "Asamblea general", "nom_presidente": "José Joaquín Tipanluisa Lanchimba", "operador_sector": "Roberto Aigaje", "anios_sistema": 11, "km_canal": 63.0, "recibio_capacitacion": "Sí", "le_gustaria_cap": "Sí", "temas_capacitacion": "Manejo de agua", "cedula": "1716641905", "caudal_valor": 28.6, "coord_x_utm": 819119.86, "coord_y_utm": 9989929.37, "soberania_aliment_pct": 25, "act_productivas_pct": 75, "actividad_productiva": "Particular"}, "geometry": {"type": "Point", "coordinates": [-78.133352, -0.090997]}}, {"type": "Feature", "properties": {"id": "{7569eca3-fa16-44ff-bd75-6a1f95a41f15}", "cod_poligono": "1702521010023", "num_predio": 9, "codigo_final": "S-C-P009_3", "propietario": "SOPALO AIGAJE JOSE MANUEL", "parroquia": "CANGAHUA", "caudal_tipo": "Recibe la Comunidad", "tiene_reservorio": "No", "foto_predio": "DCIM/JPEG_20260521150225833.jpg", "creado_por": "u0_a314", "fecha_creacion": "2026-05-21T09:54:52.561Z", "apellidos": "SOPALO AIGAJE", "nombres": "JOSE MANUEL", "clave_catastral": "1702521010023", "telefono_celular": "0959495743", "hijos_mujeres": 3, "sector": "Guang-Porotog", "tenencia_predio": "Escritura", "nivel_instruccion": "Primaria", "area_total": 7513.89, "org_riego": "Guanguilqui Porotog", "sector_comunidad": "Larcachaca", "canal": "Guanguilqui Porotog", "area_sin_riego": 7513.89, "frecuencia_riego": "Semanal", "metodo_aspersion_pct": 100, "dias_riego": 2, "horas_turno": 12, "valor_tarifa": 3.0, "tipo_tarifa": "fijo mensual", "agua_consumo": 1, "energia_electrica": 1, "material_construccion": "MIXTA", "cota_msnm": 3555.0, "conoce_presa": "Sí", "como_elige_dir": "Asamblea general", "nom_presidente": "José Joaquín Tipanluisa Lanchimba", "operador_sector": "Roberto Aigaje", "anios_sistema": 11, "km_canal": 63.0, "recibio_capacitacion": "Sí", "le_gustaria_cap": "Sí", "temas_capacitacion": "Manejo de agua", "cedula": "1716641905", "caudal_valor": 28.6, "coord_x_utm": 818771.65, "coord_y_utm": 9989301.26, "soberania_aliment_pct": 25, "act_productivas_pct": 75, "actividad_productiva": "Particular"}, "geometry": {"type": "Point", "coordinates": [-78.136476, -0.096673]}}, {"type": "Feature", "properties": {"id": "{bc38a345-6c3d-4717-b47d-e32cfe111664}", "cod_poligono": "1702521040037", "num_predio": 10, "codigo_final": "S-C-P010_3", "propietario": "IMBAQUINGO SOPALO SEGUNDO EUGENIO", "parroquia": "CANGAHUA", "caudal_tipo": "Recibe la Comunidad", "tiene_reservorio": "No", "foto_predio": "DCIM/JPEG_20260521151635605.jpg", "creado_por": "u0_a314", "fecha_creacion": "2026-05-21T10:10:03.653Z", "apellidos": "IMBAQUINGO SOPALO", "nombres": "SEGUNDO EUGENIO", "clave_catastral": "1702521040037", "telefono_celular": "0993619874", "hijos_hombres": 4, "hijos_mujeres": 3, "sector": "Guang-Porotog", "tenencia_predio": "Escritura", "nivel_instruccion": "Ninguno", "area_total": 7575.62, "org_riego": "Guanguilqui Porotog", "sector_comunidad": "Larcachaca Parcela", "canal": "Guanguilqui Porotog", "area_sin_riego": 7575.62, "frecuencia_riego": "Semanal", "metodo_aspersion_pct": 100, "dias_riego": 2, "horas_turno": 12, "valor_tarifa": 3.0, "tipo_tarifa": "fijo mensual", "agua_consumo": 1, "energia_electrica": 1, "cota_msnm": 3550.0, "conoce_presa": "Sí", "como_elige_dir": "Asamblea general", "nom_presidente": "José Joaquín Tipanluisa Lanchimba", "operador_sector": "Roberto Aigaje", "anios_sistema": 11, "km_canal": 63.0, "recibio_capacitacion": "Sí", "le_gustaria_cap": "Sí", "temas_capacitacion": "Manejo de agua, siembra", "cedula": "1706573852", "caudal_valor": 28.6, "coord_x_utm": 819393.52, "coord_y_utm": 9989591.15, "act_productivas_pct": 100, "actividad_productiva": "Particular"}, "geometry": {"type": "Point", "coordinates": [-78.130895, -0.094053]}}, {"type": "Feature", "properties": {"id": "{98a1d205-0640-4c7c-a529-2edb264a3586}", "cod_poligono": "1702521050019", "num_predio": 11, "codigo_final": "S-C-P011_3", "propietario": "IMBAQUINGO SOPALO SEGUNDO EUGENIO", "parroquia": "CANGAHUA", "caudal_tipo": "Recibe la Comunidad", "tiene_reservorio": "No", "foto_predio": "DCIM/JPEG_20260521152331978.jpg", "creado_por": "u0_a314", "fecha_creacion": "2026-05-21T10:19:14.809Z", "apellidos": "IMBAQUINGO SOPALO", "nombres": "SEGUNDO EUGENIO", "clave_catastral": "1702521050019", "telefono_celular": "0993619874", "hijos_hombres": 4, "hijos_mujeres": 3, "sector": "Guang-Porotog", "tenencia_predio": "Escritura", "nivel_instruccion": "Ninguno", "area_total": 14277.28, "org_riego": "Guanguilqui Porotog", "sector_comunidad": "Larcachaca Moras", "canal": "Guanguilqui Porotog", "area_sin_riego": 14277.28, "frecuencia_riego": "Semanal", "metodo_aspersion_pct": 100, "dias_riego": 2, "horas_turno": 12, "valor_tarifa": 3.0, "tipo_tarifa": "fijo mensual", "agua_consumo": 0, "cota_msnm": 3480.0, "conoce_presa": "Sí", "como_elige_dir": "Asamblea general", "nom_presidente": "José Joaquín Tipanluisa Lanchimba", "operador_sector": "Roberto Aigaje", "anios_sistema": 11, "km_canal": 63.0, "recibio_capacitacion": "Sí", "le_gustaria_cap": "Sí", "temas_capacitacion": "Siembra", "cedula": "1706573852", "caudal_valor": 28.6, "coord_x_utm": 820478.67, "coord_y_utm": 9989357.61, "soberania_aliment_pct": 15, "act_productivas_pct": 85, "actividad_productiva": "Particular"}, "geometry": {"type": "Point", "coordinates": [-78.121155, -0.096163]}}, {"type": "Feature", "properties": {"id": "{14c0c53e-d2df-491b-b19c-d0220310b63b}", "cod_poligono": "1702521050019", "num_predio": 12, "codigo_final": "S-C-P012_3", "propietario": "IMBAQUINGO SOPALO SEGUNDO EUGENIO", "parroquia": "CANGAHUA", "caudal_tipo": "Recibe la Comunidad", "tiene_reservorio": "No", "foto_predio": "DCIM/JPEG_20260521154138201.jpg", "creado_por": "u0_a314", "fecha_creacion": "2026-05-21T10:35:03.695Z", "apellidos": "IMBAQUINGO AIGAJE", "nombres": "SEGUNDO EUGENIO", "clave_catastral": "1702521050019", "telefono_celular": "0993420222", "hijos_hombres": 1, "hijos_mujeres": 4, "sector": "Guang-Porotog", "tenencia_predio": "Sin Escritura", "nivel_instruccion": "Ninguno", "area_total": 14277.28, "org_riego": "Guanguilqui Porotog", "sector_comunidad": "Larcachaca Moras", "canal": "Guanguilqui Porotog", "area_sin_riego": 14277.28, "frecuencia_riego": "Semanal", "metodo_aspersion_pct": 100, "dias_riego": 1, "horas_turno": 12, "valor_tarifa": 3.0, "tipo_tarifa": "fijo mensual", "cota_msnm": 3485.0, "conoce_presa": "Sí", "como_elige_dir": "Asamblea general", "nom_presidente": "José Joaquín Tipanluisa Lanchimba", "operador_sector": "Roberto Aigaje", "anios_sistema": 11, "km_canal": 63.0, "recibio_capacitacion": "Sí", "le_gustaria_cap": "Sí", "temas_capacitacion": "Agua, Siembra", "cedula": "1718184151", "caudal_valor": 28.6, "coord_x_utm": 820491.11, "coord_y_utm": 9989276.38, "act_productivas_pct": 100, "actividad_productiva": "Particular"}, "geometry": {"type": "Point", "coordinates": [-78.121044, -0.096897]}}, {"type": "Feature", "properties": {"id": "{674e7ee4-4f35-471f-9628-848c6478c6ee}", "cod_poligono": "1702521010052", "num_predio": 13, "codigo_final": "S-C-P013_3", "propietario": "SOPALO IMBAGO MARIA HORTENCIA", "parroquia": "CANGAHUA", "caudal_tipo": "Recibe la Comunidad", "creado_por": "u0_a314", "fecha_creacion": "2026-05-21T10:49:09.989Z", "apellidos": "SOPALO IMBAGO", "nombres": "MARIA HORTENCIA", "clave_catastral": "1702521010052", "sector": "Guang-Porotog", "area_total": 9785.79, "area_sin_riego": 9785.79, "cota_msnm": 3565.0, "cedula": "1704004124", "coord_x_utm": 819141.61, "coord_y_utm": 9989241.75}, "geometry": {"type": "Point", "coordinates": [-78.133156, -0.097211]}}, {"type": "Feature", "properties": {"id": "{2e44aef1-2458-4f1b-930e-48b00cbc0c45}", "cod_poligono": "1702521010052", "num_predio": 14, "codigo_final": "S-C-P014_3", "propietario": "SOPALO IMBAGO MARIA HORTENCIA", "parroquia": "CANGAHUA", "caudal_tipo": "Recibe la Comunidad", "tiene_reservorio": "No", "foto_predio": "DCIM/JPEG_20260521155749591.jpg", "creado_por": "u0_a314", "fecha_creacion": "2026-05-21T10:50:42.719Z", "apellidos": "SOPALO IMBAQUINGO", "nombres": "SEGUNDO EUGENIO", "clave_catastral": "1702521010052", "telefono_celular": "0993619874", "hijos_hombres": 3, "hijos_mujeres": 4, "sector": "Guang-Porotog", "tenencia_predio": "Sin Escritura", "nivel_instruccion": "Ninguno", "area_total": 9785.79, "org_riego": "Guanguilqui Porotog", "sector_comunidad": "Larcachaca", "canal": "Guanguilqui Porotog", "area_sin_riego": 9785.79, "frecuencia_riego": "Semanal", "metodo_aspersion_pct": 100, "dias_riego": 2, "horas_turno": 12, "valor_tarifa": 3.0, "tipo_tarifa": "fijo mensual", "agua_consumo": 0, "energia_electrica": 0, "cota_msnm": 3565.0, "conoce_presa": "Sí", "como_elige_dir": "Asamblea general", "nom_presidente": "José Joaquín Tipanluisa Lanchimba", "operador_sector": "Roberto Aigaje", "anios_sistema": 11, "km_canal": 63.0, "recibio_capacitacion": "Sí", "le_gustaria_cap": "Sí", "temas_capacitacion": "Siembra", "cedula": "1706573852", "caudal_valor": 28.6, "coord_x_utm": 819176.98, "coord_y_utm": 9989250.72, "act_productivas_pct": 100, "actividad_productiva": "Particular"}, "geometry": {"type": "Point", "coordinates": [-78.132838, -0.09713]}}, {"type": "Feature", "properties": {"id": "{2bbbff10-7f03-415d-93f4-6e6d4d7ef1e5}", "cod_poligono": "1702521010052", "num_predio": 15, "codigo_final": "S-C-P015_3", "propietario": "SOPALO IMBAGO MARIA HORTENCIA", "parroquia": "CANGAHUA", "caudal_tipo": "Recibe la Comunidad", "tiene_reservorio": "No", "foto_predio": "DCIM/JPEG_20260521160546510.jpg", "creado_por": "u0_a314", "fecha_creacion": "2026-05-21T10:58:10.575Z", "apellidos": "IMBAQUINGO AIGAJE", "nombres": "SEGUNDO EUGENIO", "clave_catastral": "1702521010052", "telefono_celular": "0993420222", "hijos_hombres": 1, "hijos_mujeres": 4, "sector": "Guang-Porotog", "tenencia_predio": "Sin Escritura", "nivel_instruccion": "Ninguno", "area_total": 9785.79, "org_riego": "Guanguilqui Porotog", "sector_comunidad": "Larcachaca", "canal": "Guanguilqui Porotog", "area_sin_riego": 9785.79, "frecuencia_riego": "Semanal", "metodo_aspersion_pct": 100, "metodo_goteo_pct": 0, "dias_riego": 2, "horas_turno": 12, "valor_tarifa": 3.0, "tipo_tarifa": "fijo mensual", "cota_msnm": 3565.0, "conoce_presa": "Sí", "como_elige_dir": "Asamblea general", "nom_presidente": "José Joaquín Tipanluisa Lanchimba", "operador_sector": "Roberto Aigaje", "anios_sistema": 11, "km_canal": 63.0, "recibio_capacitacion": "Sí", "le_gustaria_cap": "Sí", "temas_capacitacion": "Riego", "cedula": "1718184151", "caudal_valor": 28.6, "coord_x_utm": 819212.74, "coord_y_utm": 9989275.31, "act_productivas_pct": 100}, "geometry": {"type": "Point", "coordinates": [-78.132517, -0.096907]}}, {"type": "Feature", "properties": {"id": "{c2f99fa4-2af3-4a05-afa6-f66dd97a5a1a}", "cod_poligono": "1702521040002", "num_predio": 16, "codigo_final": "S-C-P016_3", "propietario": "IMBAQUINGO FARINANGO RICARDO", "parroquia": "CANGAHUA", "caudal_tipo": "Recibe la Comunidad", "tiene_reservorio": "No", "foto_predio": "DCIM/JPEG_20260521162130469.jpg", "creado_por": "u0_a314", "fecha_creacion": "2026-05-21T11:15:35.590Z", "apellidos": "IMBAQUINGO AIGAJE", "nombres": "SEGUNDO EUGENIO", "clave_catastral": "1702521040002", "telefono_celular": "0993420222", "hijos_hombres": 1, "hijos_mujeres": 4, "sector": "Guang-Porotog", "tenencia_predio": "Sin Escritura", "nivel_instruccion": "Ninguno", "area_total": 9963.53, "org_riego": "Guanguilqui Porotog", "sector_comunidad": "Larcachaca", "canal": "Guanguilqui Porotog", "area_sin_riego": 9963.53, "frecuencia_riego": "Semanal", "metodo_aspersion_pct": 100, "dias_riego": 2, "horas_turno": 12, "valor_tarifa": 3.0, "tipo_tarifa": "fijo mensual", "agua_consumo": 1, "energia_electrica": 1, "cota_msnm": 3560.0, "conoce_presa": "Sí", "como_elige_dir": "Asamblea general", "nom_presidente": "José Joaquín Tipanluisa Lanchimba", "operador_sector": "Roberto Aigaje", "anios_sistema": 11, "km_canal": 63.0, "recibio_capacitacion": "Sí", "le_gustaria_cap": "Sí", "temas_capacitacion": "Riego, Cultivo", "cedula": "1701681841", "caudal_valor": 28.6, "coord_x_utm": 819387.99, "coord_y_utm": 9989350.24, "soberania_aliment_pct": 25, "act_productivas_pct": 75, "actividad_productiva": "Particular"}, "geometry": {"type": "Point", "coordinates": [-78.130945, -0.09623]}}, {"type": "Feature", "properties": {"id": "{ebfb4397-eead-4a16-8d08-2659533d5c97}", "cod_poligono": "1702521470022", "num_predio": 17, "codigo_final": "S-C-P017_2", "propietario": "IMBAQUINGO FARINANGO RICARDO", "parroquia": "CANGAHUA", "caudal_tipo": "Recibe la Comunidad", "tiene_reservorio": "No", "foto_predio": "DCIM/JPEG_20260521162947859.jpg", "creado_por": "u0_a314", "fecha_creacion": "2026-05-21T11:23:31.968Z", "apellidos": "IMBAQUINGO AIGAJE", "nombres": "SEGUNDO EUGENIO", "clave_catastral": "1702521470022", "telefono_celular": "0993420222", "hijos_hombres": 1, "hijos_mujeres": 4, "sector": "Guang-Porotog", "tenencia_predio": "Sin Escritura", "nivel_instruccion": "Ninguno", "area_total": 13168.17, "org_riego": "Guanguilqui Porotog", "sector_comunidad": "Larcachaca", "canal": "Guanguilqui Porotog", "area_sin_riego": 13168.17, "frecuencia_riego": "Semanal", "metodo_aspersion_pct": 100, "dias_riego": 1, "horas_turno": 12, "valor_tarifa": 3.0, "tipo_tarifa": "fijo mensual", "material_construccion": "MIXTA", "cota_msnm": 3505.0, "conoce_presa": "Sí", "como_elige_dir": "Asamblea general", "nom_presidente": "José Joaquín Tipanluisa Lanchimba", "operador_sector": "Roberto Aigaje", "anios_sistema": 11, "km_canal": 63.0, "recibio_capacitacion": "Sí", "le_gustaria_cap": "Sí", "temas_capacitacion": "Riego", "cedula": "1718184151", "caudal_valor": 28.6, "coord_x_utm": 820573.4, "coord_y_utm": 9989190.2, "soberania_aliment_pct": 25, "act_productivas_pct": 75, "actividad_productiva": "Particular"}, "geometry": {"type": "Point", "coordinates": [-78.120305, -0.097675]}}, {"type": "Feature", "properties": {"id": "{5f3bcf9b-1182-4825-a8a0-98fdc26ac7a4}", "cod_poligono": "1702521050005", "num_predio": 18, "codigo_final": "S-C-P018_2", "propietario": "SOPALO AIGAJE JOSE MANUEL", "parroquia": "CANGAHUA", "caudal_tipo": "Recibe la Comunidad", "tiene_reservorio": "No", "foto_predio": "DCIM/JPEG_20260521165542329.jpg", "creado_por": "u0_a314", "fecha_creacion": "2026-05-21T11:50:42.789Z", "apellidos": "SOPALO AIGAJE", "nombres": "JOSE MANUEL", "clave_catastral": "1702521050005", "telefono_celular": "0959495743", "hijos_mujeres": 3, "sector": "Guang-Porotog", "tenencia_predio": "Escritura", "nivel_instruccion": "Primaria", "area_total": 2908.73, "org_riego": "Guanguilqui Porotog", "sector_comunidad": "Larcachaca Moras", "canal": "Guanguilqui Porotog", "area_sin_riego": 2908.73, "frecuencia_riego": "Semanal", "metodo_aspersion_pct": 100, "dias_riego": 1, "horas_turno": 12, "valor_tarifa": 3.0, "tipo_tarifa": "fijo mensual", "cota_msnm": 3515.0, "conoce_presa": "Sí", "como_elige_dir": "Asamblea general", "nom_presidente": "José Joaquín Tipanluisa Lanchimba", "operador_sector": "Roberto Aigaje", "anios_sistema": 11, "km_canal": 63.0, "recibio_capacitacion": "Sí", "le_gustaria_cap": "Sí", "temas_capacitacion": "Agua", "cedula": "1716641905", "caudal_valor": 28.6, "coord_x_utm": 820939.89, "coord_y_utm": 9989559.25, "act_productivas_pct": 100}, "geometry": {"type": "Point", "coordinates": [-78.117016, -0.09434]}}, {"type": "Feature", "properties": {"id": "{4ea80cdd-5f61-442f-b5cf-2bbb1cf18ce6}", "cod_poligono": "1702521010030", "num_predio": 19, "codigo_final": "S-C-P019_2", "propietario": "IMBAQUINGO SOPALO SEGUNDO JORGE", "parroquia": "CANGAHUA", "caudal_tipo": "Recibe la Comunidad", "tiene_reservorio": "No", "foto_predio": "DCIM/JPEG_20260521170433438.jpg", "creado_por": "u0_a314", "fecha_creacion": "2026-05-21T11:59:23.197Z", "apellidos": "IMBAQUINGO SOPALO", "nombres": "SEGUNDO JORGE", "clave_catastral": "1702521010030", "telefono_celular": "0985341199", "hijos_hombres": 2, "hijos_mujeres": 2, "sector": "Guang-Porotog", "tenencia_predio": "Escritura", "nivel_instruccion": "Primaria", "area_total": 2138.07, "org_riego": "Guanguilqui Porotog", "sector_comunidad": "Larcachaca", "canal": "Guanguilqui Porotog", "area_sin_riego": 2138.07, "frecuencia_riego": "Semanal", "metodo_aspersion_pct": 100, "dias_riego": 2, "horas_turno": 12, "valor_tarifa": 3.0, "tipo_tarifa": "fijo mensual", "agua_consumo": 1, "energia_electrica": 1, "cota_msnm": 3570.0, "conoce_presa": "Sí", "como_elige_dir": "Asamblea general", "nom_presidente": "José Joaquín Tipanluisa Lanchimba", "operador_sector": "Roberto Aigaje", "anios_sistema": 11, "km_canal": 63.0, "recibio_capacitacion": "Sí", "le_gustaria_cap": "Sí", "temas_capacitacion": "Manejo de sistema de riego", "cedula": "1715300735", "caudal_valor": 28.6, "coord_x_utm": 818980.13, "coord_y_utm": 9989245.88, "soberania_aliment_pct": 50, "act_productivas_pct": 50, "actividad_productiva": "Particular"}, "geometry": {"type": "Point", "coordinates": [-78.134605, -0.097173]}}, {"type": "Feature", "properties": {"id": "{887f95f3-473d-4f32-a2f7-858d32978765}", "cod_poligono": "1702521040075", "num_predio": 20, "codigo_final": "S-C-P020_2", "propietario": "ACERO SALAZAR ROSA MARIA", "parroquia": "CANGAHUA", "caudal_tipo": "Recibe la Comunidad", "tiene_reservorio": "No", "foto_predio": "DCIM/JPEG_20260521171604523.jpg", "creado_por": "u0_a314", "fecha_creacion": "2026-05-21T12:06:24.615Z", "apellidos": "ACERO SALAZAR", "nombres": "ROSA MARIA", "clave_catastral": "1702521040075", "telefono_celular": "0993788897", "hijos_hombres": 1, "hijos_mujeres": 2, "sector": "Guang-Porotog", "tenencia_predio": "Sin Escritura", "nivel_instruccion": "Ninguno", "area_total": 2174.84, "org_riego": "Guanguilqui Porotog", "sector_comunidad": "Larcachaca", "canal": "Guanguilqui Porotog", "area_sin_riego": 2174.84, "frecuencia_riego": "Semanal", "metodo_aspersion_pct": 100, "dias_riego": 2, "horas_turno": 12, "valor_tarifa": 3.0, "tipo_tarifa": "fijo mensual", "agua_consumo": 1, "energia_electrica": 1, "material_construccion": "BLOQUE", "cota_msnm": 3515.0, "conoce_presa": "Sí", "como_elige_dir": "Asamblea general", "nom_presidente": "José Joaquín Tipanluisa Lanchimba", "operador_sector": "Roberto Aigaje", "anios_sistema": 11, "km_canal": 63.0, "recibio_capacitacion": "No", "le_gustaria_cap": "Sí", "temas_capacitacion": "Riego", "cedula": "1703405967", "caudal_valor": 28.6, "coord_x_utm": 819100.02, "coord_y_utm": 9989824.53, "soberania_aliment_pct": 50, "act_productivas_pct": 50, "actividad_productiva": "Particular"}, "geometry": {"type": "Point", "coordinates": [-78.13353, -0.091945]}}, {"type": "Feature", "properties": {"id": "{e8e04813-d645-40c8-a001-5f7c9115ecbe}", "cod_poligono": "1702521010008", "num_predio": 21, "codigo_final": "S-C-P021_2", "propietario": "MALDONADO SOPALO BLANCA FANNY", "parroquia": "CANGAHUA", "caudal_tipo": "Recibe la Comunidad", "tiene_reservorio": "No", "foto_predio": "DCIM/JPEG_20260521174028625.jpg", "creado_por": "u0_a314", "fecha_creacion": "2026-05-21T12:32:36.492Z", "apellidos": "MALDONADO SOPALO", "nombres": "BLANCA FANNY", "clave_catastral": "1702521010008", "telefono_celular": "0981517425", "hijos_hombres": 2, "sector": "Guang-Porotog", "tenencia_predio": "Escritura", "nivel_instruccion": "Secundaria", "area_total": 6404.33, "org_riego": "Guanguilqui Porotog", "sector_comunidad": "Larcachaca", "canal": "Guanguilqui Porotog", "area_sin_riego": 6404.33, "frecuencia_riego": "Semanal", "metodo_aspersion_pct": 100, "dias_riego": 2, "horas_turno": 12, "valor_tarifa": 3.0, "tipo_tarifa": "fijo mensual", "agua_consumo": 1, "energia_electrica": 1, "material_construccion": "BLOQUE", "cota_msnm": 3510.0, "conoce_presa": "Sí", "como_elige_dir": "Asamblea general", "nom_presidente": "José Joaquín Tipanluisa Lanchimba", "operador_sector": "Roberto Aigaje", "anios_sistema": 11, "km_canal": 63.0, "recibio_capacitacion": "Sí", "le_gustaria_cap": "Sí", "temas_capacitacion": "Sistema de Riego", "cedula": "1718241183", "caudal_valor": 28.6, "coord_x_utm": 818703.54, "coord_y_utm": 9989539.61, "soberania_aliment_pct": 50, "act_productivas_pct": 50, "actividad_productiva": "Particular"}, "geometry": {"type": "Point", "coordinates": [-78.137088, -0.094519]}}, {"type": "Feature", "properties": {"id": "{2a370918-6d99-449f-9451-c32b1cd21661}", "cod_poligono": "1702521010147", "num_predio": 22, "codigo_final": "S-C-P022_2", "propietario": "INGA IMBAQUINGO GLORIA PIEDAD", "parroquia": "CANGAHUA", "caudal_tipo": "Recibe la Comunidad", "tiene_reservorio": "No", "foto_predio": "DCIM/JPEG_20260521175315199.jpg", "creado_por": "u0_a314", "fecha_creacion": "2026-05-21T12:47:11.820Z", "apellidos": "INGA IMBAQUINGO", "nombres": "GLORIA PIEDAD", "clave_catastral": "1702521010147", "telefono_celular": "0984417835", "hijos_mujeres": 1, "sector": "Guang-Porotog", "tenencia_predio": "Escritura", "nivel_instruccion": "Secundaria", "area_total": 6100.16, "org_riego": "Guanguilqui Porotog", "sector_comunidad": "Larcachaca", "canal": "Guanguilqui Porotog", "area_sin_riego": 6100.16, "frecuencia_riego": "Semanal", "metodo_aspersion_pct": 100, "dias_riego": 2, "horas_turno": 12, "valor_tarifa": 3.0, "tipo_tarifa": "fijo mensual", "agua_consumo": 1, "energia_electrica": 1, "material_construccion": "BLOQUE", "cota_msnm": 3575.0, "conoce_presa": "Sí", "como_elige_dir": "Asamblea general", "nom_presidente": "José Joaquín Tipanluisa Lanchimba", "operador_sector": "Roberto Aigaje", "anios_sistema": 11, "km_canal": 63.0, "recibio_capacitacion": "Sí", "le_gustaria_cap": "Sí", "temas_capacitacion": "Agua", "cedula": "1725226284", "caudal_valor": 28.6, "coord_x_utm": 819170.6, "coord_y_utm": 9989169.92, "soberania_aliment_pct": 50, "act_productivas_pct": 50}, "geometry": {"type": "Point", "coordinates": [-78.132896, -0.09786]}}, {"type": "Feature", "properties": {"id": "{305b448b-4059-447d-a810-03e0da6d8f88}", "cod_poligono": "1702521050078", "num_predio": 23, "codigo_final": "S-C-P023_2", "propietario": "LECHON SOPALO DELIA MARIA", "parroquia": "CANGAHUA", "caudal_tipo": "Recibe la Comunidad", "tiene_reservorio": "No", "foto_predio": "DCIM/JPEG_20260521181723462.jpg", "creado_por": "u0_a314", "fecha_creacion": "2026-05-21T13:03:16.774Z", "apellidos": "AIGAJE IMBAQUINGO", "nombres": "SEGUNDO GONZALO", "clave_catastral": "1702521050078", "telefono_celular": "0968600866", "hijos_hombres": 3, "sector": "Guang-Porotog", "tenencia_predio": "Escritura", "nivel_instruccion": "Primaria", "area_total": 2607.77, "org_riego": "Guanguilqui Porotog", "sector_comunidad": "Larcachaca Moras", "canal": "Guanguilqui Porotog", "area_sin_riego": 2607.77, "frecuencia_riego": "Semanal", "metodo_aspersion_pct": 100, "dias_riego": 1, "horas_turno": 12, "valor_tarifa": 3.0, "tipo_tarifa": "fijo mensual", "cota_msnm": 3515.0, "conoce_presa": "Sí", "como_elige_dir": "Asamblea general", "nom_presidente": "José Joaquín Tipanluisa Lanchimba", "operador_sector": "Roberto Aigaje", "anios_sistema": 11, "km_canal": 63.0, "recibio_capacitacion": "Sí", "le_gustaria_cap": "Sí", "temas_capacitacion": "Agua", "cedula": "1724571409", "caudal_valor": 28.6, "coord_x_utm": 820748.37, "coord_y_utm": 9989533.72, "soberania_aliment_pct": 75, "act_productivas_pct": 25, "actividad_productiva": "Particular"}, "geometry": {"type": "Point", "coordinates": [-78.118735, -0.094571]}}, {"type": "Feature", "properties": {"id": "{e8477dd3-4048-40da-b943-53331f813527}", "cod_poligono": "1702521040072", "num_predio": 24, "codigo_final": "S-C-P024_2", "propietario": "AIGAJE TIPANLUISA MAGDALENO", "parroquia": "CANGAHUA", "caudal_tipo": "Recibe la Comunidad", "tiene_reservorio": "No", "foto_predio": "DCIM/JPEG_20260521183000777.jpg", "creado_por": "u0_a314", "fecha_creacion": "2026-05-21T13:21:30.792Z", "apellidos": "AIGAJE IMBAQUINGO", "nombres": "SEGUNDO GONZALO", "clave_catastral": "1702521040072", "telefono_celular": "0968600866", "hijos_hombres": 3, "sector": "Guang-Porotog", "tenencia_predio": "Sin Escritura", "nivel_instruccion": "Secundaria", "area_total": 7904.15, "org_riego": "Guanguilqui Porotog", "sector_comunidad": "Larcachaca Parcela", "canal": "Guanguilqui Porotog", "area_sin_riego": 7904.15, "frecuencia_riego": "Semanal", "metodo_aspersion_pct": 40, "metodo_goteo_pct": 60, "dias_riego": 2, "horas_turno": 12, "valor_tarifa": 3.0, "tipo_tarifa": "fijo mensual", "cota_msnm": 3520.0, "conoce_presa": "Sí", "como_elige_dir": "Asamblea general", "nom_presidente": "José Joaquín Tipanluisa Lanchimba", "operador_sector": "Roberto Aigaje", "anios_sistema": 11, "km_canal": 63.0, "recibio_capacitacion": "Sí", "le_gustaria_cap": "Sí", "temas_capacitacion": "Riego", "cedula": "1724571409", "caudal_valor": 28.6, "coord_x_utm": 819161.67, "coord_y_utm": 9989752.25, "soberania_aliment_pct": 50, "act_productivas_pct": 50, "actividad_productiva": "Particular"}, "geometry": {"type": "Point", "coordinates": [-78.132976, -0.092598]}}, {"type": "Feature", "properties": {"id": "{ac6717ec-50d9-443c-bcaf-bc9e366a4aa3}", "cod_poligono": "1702521040148", "num_predio": 25, "codigo_final": "S-C-P025_2", "propietario": "LECHON CHICAIZA SEGUNDO RAFAEL", "parroquia": "CANGAHUA", "caudal_tipo": "Recibe la Comunidad", "tiene_reservorio": "No", "foto_predio": "DCIM/JPEG_20260521184246870.jpg", "creado_por": "u0_a314", "fecha_creacion": "2026-05-21T13:37:28.549Z", "apellidos": "AIGAJE IMBAQUINGO", "nombres": "SEGUNDO GONZALO", "clave_catastral": "1702521040148", "telefono_celular": "0968600866", "hijos_hombres": 3, "sector": "Guang-Porotog", "tenencia_predio": "Sin Escritura", "nivel_instruccion": "Secundaria", "area_total": 4513.92, "org_riego": "Guanguilqui Porotog", "sector_comunidad": "Larcachaca Parcela", "canal": "Guanguilqui Porotog", "area_sin_riego": 4513.92, "frecuencia_riego": "Semanal", "metodo_aspersion_pct": 100, "dias_riego": 2, "horas_turno": 12, "valor_tarifa": 3.0, "tipo_tarifa": "fijo mensual", "cota_msnm": 3530.0, "conoce_presa": "Sí", "como_elige_dir": "Asamblea general", "nom_presidente": "José Joaquín Tipanluisa Lanchimba", "operador_sector": "Roberto Aigaje", "anios_sistema": 11, "km_canal": 63.0, "recibio_capacitacion": "Sí", "le_gustaria_cap": "Sí", "temas_capacitacion": "Siembra ", "cedula": "1724571409", "caudal_valor": 28.6, "coord_x_utm": 819116.41, "coord_y_utm": 9989605.46, "soberania_aliment_pct": 50, "act_productivas_pct": 50, "actividad_productiva": "Particular"}, "geometry": {"type": "Point", "coordinates": [-78.133382, -0.093924]}}, {"type": "Feature", "properties": {"id": "{00197c34-74e4-44eb-bd08-4589721432e8}", "cod_poligono": "1702521450006", "num_predio": 26, "codigo_final": "S-C-P026_2", "propietario": "QUINATOA CHURACO VIRGILIO", "parroquia": "CANGAHUA", "caudal_tipo": "Recibe la Comunidad", "tiene_reservorio": "No", "creado_por": "u0_a314", "fecha_creacion": "2026-05-21T14:55:11.512Z", "apellidos": "QUINATOA CHURACO", "nombres": "VIRGILIO", "clave_catastral": "1702521450006", "telefono_celular": "0939759996", "hijos_hombres": 4, "hijos_mujeres": 6, "sector": "Guang-Porotog", "tenencia_predio": "Escritura", "nivel_instruccion": "Ninguno", "area_total": 10890.92, "org_riego": "Guanguilqui Porotog", "sector_comunidad": "Larcachaca Moras", "canal": "Guanguilqui Porotog", "area_sin_riego": 10890.92, "frecuencia_riego": "Semanal", "metodo_aspersion_pct": 100, "dias_riego": 2, "horas_turno": 12, "valor_tarifa": 3.0, "tipo_tarifa": "fijo mensual", "cota_msnm": 3515.0, "conoce_presa": "Sí", "como_elige_dir": "Asamblea general", "nom_presidente": "José Joaquín Tipanluisa Lanchimba", "operador_sector": "Roberto Aigaje", "anios_sistema": 11, "km_canal": 63.0, "recibio_capacitacion": "Sí", "le_gustaria_cap": "Sí", "temas_capacitacion": "Agricultura", "cedula": "1704001229", "caudal_valor": 28.6, "coord_x_utm": 821019.7, "coord_y_utm": 9989362.62, "soberania_aliment_pct": 50, "act_productivas_pct": 50, "actividad_productiva": "Particular"}, "geometry": {"type": "Point", "coordinates": [-78.116299, -0.096117]}}, {"type": "Feature", "properties": {"id": "{530d06c6-1610-41b2-9649-a07763cbe83e}", "cod_poligono": "1702521050023", "num_predio": 27, "codigo_final": "S-C-P027_2", "propietario": "SOPALO TIPANLUISA SEGUNDO JOAQUIN", "parroquia": "CANGAHUA", "caudal_tipo": "Recibe la Comunidad", "tiene_reservorio": "No", "creado_por": "u0_a314", "fecha_creacion": "2026-05-21T15:03:50.310Z", "apellidos": "SOPALO TIPANLUISA", "nombres": "SEGUNDO JOAQUIN", "clave_catastral": "1702521050023", "telefono_celular": "0993659280", "hijos_hombres": 1, "hijos_mujeres": 8, "sector": "Guang-Porotog", "tenencia_predio": "Escritura", "nivel_instruccion": "Primaria", "area_total": 11584.45, "org_riego": "Guanguilqui Porotog", "sector_comunidad": "Larcachaca Moras", "canal": "Guanguilqui Porotog", "area_sin_riego": 11584.45, "frecuencia_riego": "Semanal", "metodo_aspersion_pct": 100, "dias_riego": 2, "horas_turno": 8, "valor_tarifa": 3.0, "tipo_tarifa": "fijo mensual", "agua_consumo": 1, "material_construccion": "MADERA", "cota_msnm": 3520.0, "conoce_presa": "Sí", "como_elige_dir": "Asamblea general", "nom_presidente": "José Joaquín Tipanluisa Lanchimba", "operador_sector": "Roberto Aigaje", "anios_sistema": 11, "km_canal": 63.0, "recibio_capacitacion": "Sí", "le_gustaria_cap": "Sí", "temas_capacitacion": "Riego", "cedula": "1707143135", "caudal_valor": 28.6, "coord_x_utm": 820924.41, "coord_y_utm": 9989413.79, "soberania_aliment_pct": 50, "act_productivas_pct": 50, "actividad_productiva": "Particular"}, "geometry": {"type": "Point", "coordinates": [-78.117155, -0.095655]}}, {"type": "Feature", "properties": {"id": "{98c30748-15e9-4f57-b029-e47aeea22131}", "cod_poligono": "1702521040021", "num_predio": 28, "codigo_final": "S-C-P028_1", "propietario": "IMBAQUINGO SOPALO ROSA CRISTINA", "parroquia": "CANGAHUA", "caudal_tipo": "Recibe la Comunidad", "tiene_reservorio": "No", "foto_predio": "DCIM/JPEG_20260521205208649.jpg", "creado_por": "u0_a314", "fecha_creacion": "2026-05-21T15:47:28.375Z", "apellidos": "IMBAQUINGO SOPALO", "nombres": "ROSA CRISTINA", "clave_catastral": "1702521040021", "telefono_celular": "0994398078", "hijos_hombres": 4, "hijos_mujeres": 3, "sector": "Guang-Porotog", "tenencia_predio": "Sin Escritura", "nivel_instruccion": "Ninguno", "area_total": 3019.88, "org_riego": "Guanguilqui Porotog", "sector_comunidad": "Larcachaca Parcela", "canal": "Guanguilqui Porotog", "area_sin_riego": 3019.88, "frecuencia_riego": "Semanal", "metodo_aspersion_pct": 100, "dias_riego": 2, "horas_turno": 12, "valor_tarifa": 3.0, "tipo_tarifa": "fijo mensual", "agua_consumo": 1, "energia_electrica": 1, "material_construccion": "BLOQUE", "cota_msnm": 3550.0, "conoce_presa": "Sí", "como_elige_dir": "Asamblea general", "nom_presidente": "José Joaquín Tipanluisa Lanchimba", "operador_sector": "Roberto Aigaje", "anios_sistema": 11, "km_canal": 63.0, "recibio_capacitacion": "Sí", "le_gustaria_cap": "Sí", "temas_capacitacion": "Manejo de agua", "cedula": "1712952140", "caudal_valor": 28.6, "coord_x_utm": 819448.25, "coord_y_utm": 9989632.61, "soberania_aliment_pct": 25, "act_productivas_pct": 75, "actividad_productiva": "Particular"}, "geometry": {"type": "Point", "coordinates": [-78.130404, -0.093679]}}, {"type": "Feature", "properties": {"id": "{2e723ba3-6475-49a3-9db1-79ddb5794d08}", "cod_poligono": "1702521010017", "num_predio": 29, "codigo_final": "S-C-P029_2", "propietario": "IMBAQUINGO AIGAJE LUIS GERMAN", "parroquia": "CANGAHUA", "caudal_tipo": "Recibe la Comunidad", "tiene_reservorio": "Privado", "foto_predio": "DCIM/JPEG_20260521211536915.jpg", "creado_por": "u0_a314", "fecha_creacion": "2026-05-21T16:09:22.200Z", "apellidos": "IMBAQUINGO AIGAJE", "nombres": "LUIS GERMAN", "clave_catastral": "1702521010017", "telefono_celular": "0995391090", "hijos_mujeres": 1, "sector": "Guang-Porotog", "tenencia_predio": "Escritura", "nivel_instruccion": "Secundaria", "area_total": 5642.27, "org_riego": "Guanguilqui Porotog", "sector_comunidad": "Larcachaca", "canal": "Guanguilqui Porotog", "area_sin_riego": 5642.27, "frecuencia_riego": "Semanal", "metodo_aspersion_pct": 100, "dias_riego": 2, "horas_turno": 12, "valor_tarifa": 3.0, "tipo_tarifa": "fijo mensual", "agua_consumo": 1, "energia_electrica": 1, "material_construccion": "BLOQUE", "cota_msnm": 3540.0, "conoce_presa": "No", "como_elige_dir": "Asamblea general", "nom_presidente": "José Joaquín Tipanluisa Lanchimba", "operador_sector": "Roberto Aigaje", "anios_sistema": 11, "km_canal": 63.0, "recibio_capacitacion": "Sí", "le_gustaria_cap": "Sí", "temas_capacitacion": "Uso correcto del agua", "cedula": "1725319840", "caudal_valor": 28.6, "coord_x_utm": 818873.07, "coord_y_utm": 9989388.04, "soberania_aliment_pct": 25, "act_productivas_pct": 75, "actividad_productiva": "Particular"}, "geometry": {"type": "Point", "coordinates": [-78.135566, -0.095889]}}, {"type": "Feature", "properties": {"id": "{e333ca59-6de7-4123-afdd-e54dc1ede697}", "cod_poligono": "1702521010131", "num_predio": 30, "codigo_final": "S-C-P030_2", "propietario": "AIGAJE LANCHIMBA JUAN RODRIGO", "parroquia": "CANGAHUA", "caudal_tipo": "Recibe la Comunidad", "tiene_reservorio": "Privado", "foto_predio": "DCIM/JPEG_20260521212425253.jpg", "creado_por": "u0_a314", "fecha_creacion": "2026-05-21T16:19:53.130Z", "apellidos": "AIGAJE LANCHIMBA", "nombres": "JUAN RODRIGO", "clave_catastral": "1702521010131", "telefono_celular": "0997488981", "hijos_hombres": 2, "hijos_mujeres": 1, "sector": "Guang-Porotog", "tenencia_predio": "Escritura", "nivel_instruccion": "Primaria", "area_total": 2376.11, "org_riego": "Guanguilqui Porotog", "sector_comunidad": "Larcachaca Guasipungo", "canal": "Guanguilqui Porotog", "area_sin_riego": 2376.11, "frecuencia_riego": "Semanal", "metodo_aspersion_pct": 100, "dias_riego": 2, "horas_turno": 12, "valor_tarifa": 3.0, "tipo_tarifa": "fijo mensual", "agua_consumo": 1, "energia_electrica": 1, "material_construccion": "BLOQUE", "cota_msnm": 3570.0, "conoce_presa": "No", "como_elige_dir": "Asamblea general", "nom_presidente": "José Joaquín Tipanluisa Lanchimba", "operador_sector": "Roberto Aigaje", "anios_sistema": 11, "km_canal": 63.0, "recibio_capacitacion": "Sí", "le_gustaria_cap": "Sí", "temas_capacitacion": "Manejo de riego", "cedula": "1722264189", "caudal_valor": 28.6, "coord_x_utm": 819034.99, "coord_y_utm": 9989219.59, "soberania_aliment_pct": 50, "act_productivas_pct": 50, "actividad_productiva": "Particular"}, "geometry": {"type": "Point", "coordinates": [-78.134113, -0.097411]}}, {"type": "Feature", "properties": {"id": "{41c9adb4-6df9-4f64-8379-5d7e621122c0}", "cod_poligono": "1702521010015", "num_predio": 17, "codigo_final": "S-C-P017_3", "propietario": "AIGAJE IMBAQUINGO MARIA ORFELINA", "parroquia": "CANGAHUA", "caudal_tipo": "Recibe la Comunidad", "tiene_reservorio": "Comunitario", "foto_predio": "DCIM/JPEG_20260521173435052.jpg", "creado_por": "u0_a2", "fecha_creacion": "2026-05-21T12:29:07.183Z", "apellidos": "AIGAJE IMBAQUINGO", "nombres": "MARIA ORFELINA", "clave_catastral": "1702521010015", "telefono_celular": "0999368695", "hijos_mujeres": 2, "sector": "Guang-Porotog", "tenencia_predio": "Escritura", "nivel_instruccion": "Primaria", "area_total": 5228.38, "org_riego": "GUANGUILQUI", "sector_comunidad": "LARCACOCHA", "canal": "GUANGUILQUI", "area_sin_riego": 5228.38, "frecuencia_riego": "Semanal", "metodo_aspersion_pct": 100, "dias_riego": 2, "horas_turno": 24, "valor_tarifa": 3.0, "tipo_tarifa": "fijo mensual", "agua_consumo": 1, "energia_electrica": 1, "material_construccion": "MIXTA", "cota_msnm": 3540.0, "conoce_presa": "Sí", "como_elige_dir": "Asamblea general", "nom_presidente": "JOAQUÍN TIPANLUISA", "operador_sector": "PEDRO HAIGAJE", "anios_sistema": 11, "km_canal": 63.0, "recibio_capacitacion": "Sí", "le_gustaria_cap": "Sí", "temas_capacitacion": "RIEGO- AGRICULTURA", "cedula": "1717150682", "caudal_valor": 28.6, "coord_x_utm": 818786.84, "coord_y_utm": 9989380.42, "soberania_aliment_pct": 50, "act_productivas_pct": 50, "actividad_productiva": "Particular"}, "geometry": {"type": "Point", "coordinates": [-78.13634, -0.095958]}}, {"type": "Feature", "properties": {"id": "{38f95e87-fd56-439b-a19f-21bb1209b2ed}", "cod_poligono": "1702521010142", "num_predio": 18, "codigo_final": "S-C-P018_3", "propietario": "ACERO IMBAQUINGO MARIA DE LOURDES", "parroquia": "CANGAHUA", "caudal_tipo": "Recibe la Comunidad", "tiene_reservorio": "Comunitario", "foto_predio": "DCIM/JPEG_20260521185842470.jpg", "creado_por": "u0_a2", "fecha_creacion": "2026-05-21T13:52:37.486Z", "apellidos": "ACERO IMBAQUINGO", "nombres": "MARIA DE LOURDES", "clave_catastral": "1702521010142", "telefono_celular": "0991315352", "hijos_hombres": 1, "sector": "Guang-Porotog", "tenencia_predio": "Escritura", "nivel_instruccion": "Primaria", "area_total": 570.67, "org_riego": "LARCACHACA", "sector_comunidad": "LARCACHACA", "canal": "GUANGUILQUI POROTOG", "area_sin_riego": 570.67, "frecuencia_riego": "Semanal", "metodo_aspersion_pct": 100, "dias_riego": 2, "horas_turno": 24, "valor_tarifa": 3.0, "tipo_tarifa": "fijo mensual", "agua_consumo": 1, "energia_electrica": 1, "material_construccion": "MIXTA", "cota_msnm": 3590.0, "conoce_presa": "Sí", "como_elige_dir": "Asamblea general", "nom_presidente": "JOSÉ JOAQUÍN TIPANLUISA", "operador_sector": "ROBERTO AIGAJE", "anios_sistema": 11, "km_canal": 63.0, "recibio_capacitacion": "Sí", "le_gustaria_cap": "Sí", "temas_capacitacion": "AGRICULTURA - RIEGO", "cedula": "1715838577", "caudal_valor": 28.6, "coord_x_utm": 819211.57, "coord_y_utm": 9989054.88, "soberania_aliment_pct": 50, "act_productivas_pct": 50, "actividad_productiva": "Particular"}, "geometry": {"type": "Point", "coordinates": [-78.132528, -0.098899]}}, {"type": "Feature", "properties": {"id": "{721b2696-ce34-4810-b72d-9741d5718a2d}", "cod_poligono": "1702521040033", "num_predio": 19, "codigo_final": "S-C-P019_3", "propietario": "SOPALO MALDONADO JAIME ROBERTO", "parroquia": "CANGAHUA", "caudal_tipo": "Recibe la Comunidad", "tiene_reservorio": "Comunitario", "foto_predio": "DCIM/JPEG_20260521190829144.jpg", "creado_por": "u0_a2", "fecha_creacion": "2026-05-21T14:04:37.951Z", "apellidos": "SOPALO MALDONADO", "nombres": "JAIME ROBERTO", "clave_catastral": "1702521040033", "telefono_celular": "0985189755", "hijos_hombres": 2, "hijos_mujeres": 1, "sector": "Guang-Porotog", "tenencia_predio": "Sin Escritura", "nivel_instruccion": "Primaria", "area_total": 1708.66, "org_riego": "LARCACHACA", "sector_comunidad": "LARCACHACA", "canal": "GUANGUILQUI POROTOG", "area_sin_riego": 1708.66, "frecuencia_riego": "Semanal", "metodo_aspersion_pct": 100, "dias_riego": 2, "horas_turno": 24, "valor_tarifa": 3.0, "tipo_tarifa": "fijo mensual", "agua_consumo": 1, "energia_electrica": 1, "material_construccion": "MIXTA", "cota_msnm": 3540.0, "conoce_presa": "Sí", "como_elige_dir": "Asamblea general", "nom_presidente": "JOSÉ JOAQUÍN TIPANLUISA", "operador_sector": "ROBERTO AIGAJE", "anios_sistema": 11, "km_canal": 63.0, "recibio_capacitacion": "Sí", "le_gustaria_cap": "Sí", "temas_capacitacion": "AGRICULTURA - RIEGO", "cedula": "1718241159", "caudal_valor": 28.6, "coord_x_utm": 819363.45, "coord_y_utm": 9989652.2, "soberania_aliment_pct": 50, "act_productivas_pct": 50, "actividad_productiva": "Particular"}, "geometry": {"type": "Point", "coordinates": [-78.131165, -0.093502]}}, {"type": "Feature", "properties": {"id": "{95444bb2-7c88-4e64-88e6-d638f3248327}", "cod_poligono": "1702521040001", "num_predio": 20, "codigo_final": "S-C-P020_3", "propietario": "IMBAQUINGO LANCHIMBA JOSE MANUEL", "parroquia": "CANGAHUA", "caudal_tipo": "Recibe la Comunidad", "tiene_reservorio": "Comunitario", "foto_predio": "DCIM/JPEG_20260521191713818.jpg", "creado_por": "u0_a2", "fecha_creacion": "2026-05-21T14:13:26.214Z", "apellidos": "IMBAQUINGO LANCHIMBA", "nombres": "JOSE MANUEL", "clave_catastral": "1702521040001", "telefono_celular": "0986506782", "hijos_mujeres": 2, "sector": "Guang-Porotog", "tenencia_predio": "Sin Escritura", "nivel_instruccion": "Primaria", "area_total": 3653.13, "org_riego": "LARCACHACA", "sector_comunidad": "LARCACHACA", "canal": "GUANGUILQUI POROTOG", "area_sin_riego": 3653.13, "frecuencia_riego": "Semanal", "metodo_aspersion_pct": 100, "dias_riego": 3, "horas_turno": 24, "valor_tarifa": 6.0, "tipo_tarifa": "fijo mensual", "agua_consumo": 1, "energia_electrica": 1, "material_construccion": "MIXTA", "cota_msnm": 3575.0, "conoce_presa": "Sí", "como_elige_dir": "Asamblea general", "nom_presidente": "JOSÉ JOAQUÍN TIPANLUISA", "operador_sector": "ROBERTO AIGAJE", "anios_sistema": 11, "km_canal": 63.0, "recibio_capacitacion": "No", "le_gustaria_cap": "Sí", "temas_capacitacion": "AGRICULTURA - RIEGO", "cedula": "1710714039", "caudal_valor": 28.6, "coord_x_utm": 819389.46, "coord_y_utm": 9989222.34, "soberania_aliment_pct": 50, "act_productivas_pct": 50, "actividad_productiva": "Particular"}, "geometry": {"type": "Point", "coordinates": [-78.130931, -0.097386]}}, {"type": "Feature", "properties": {"id": "{4a0fdec0-76a6-4c7e-8e9f-ebe01d68ebbb}", "cod_poligono": "1702521040093", "num_predio": 21, "codigo_final": "S-C-P021_3", "propietario": "QUINATOA CHURACO VIRGILIO", "parroquia": "CANGAHUA", "caudal_tipo": "Recibe la Comunidad", "tiene_reservorio": "Comunitario", "foto_predio": "DCIM/JPEG_20260521200009686.jpg", "creado_por": "u0_a2", "fecha_creacion": "2026-05-21T14:56:29.343Z", "apellidos": "QUINATOA CUMBAL", "nombres": "VIRGILIO MARIANO", "clave_catastral": "1702521040093", "telefono_celular": "0979403373", "hijos_hombres": 2, "hijos_mujeres": 1, "sector": "Guang-Porotog", "tenencia_predio": "Sin Escritura", "nivel_instruccion": "Secundaria", "area_total": 5941.75, "org_riego": "LARCACHACA", "sector_comunidad": "LARCACHACA", "canal": "GUANGUILQUI POROTOG", "area_sin_riego": 5941.75, "frecuencia_riego": "Semanal", "metodo_aspersion_pct": 100, "dias_riego": 1, "horas_turno": 24, "valor_tarifa": 3.0, "tipo_tarifa": "fijo mensual", "agua_consumo": 1, "energia_electrica": 1, "material_construccion": "MIXTA", "cota_msnm": 3505.0, "conoce_presa": "Sí", "como_elige_dir": "Asamblea general", "nom_presidente": "JOSÉ JOAQUÍN TIPANLUISA", "operador_sector": "ROBERTO AIGAJE", "anios_sistema": 11, "km_canal": 63.0, "recibio_capacitacion": "Sí", "le_gustaria_cap": "Sí", "temas_capacitacion": "AGRICULTURA - RIEGO", "cedula": "1704001229", "caudal_valor": 28.6, "coord_x_utm": 818963.99, "coord_y_utm": 9989751.47, "soberania_aliment_pct": 50, "act_productivas_pct": 50, "actividad_productiva": "Particular"}, "geometry": {"type": "Point", "coordinates": [-78.134887, -0.092216]}}, {"type": "Feature", "properties": {"id": "{1579ce5e-e0b2-459c-85c3-691a4fb6f402}", "cod_poligono": "1702521010027", "num_predio": 22, "codigo_final": "S-C-P022_3", "propietario": "SOPALO UMAQUINGA MARIA JUANA", "parroquia": "CANGAHUA", "caudal_tipo": "Recibe la Comunidad", "tiene_reservorio": "Comunitario", "foto_predio": "DCIM/JPEG_20260521200722560.jpg", "creado_por": "u0_a2", "fecha_creacion": "2026-05-21T15:03:58.286Z", "apellidos": "SOPALO UMAQUINGA", "nombres": "MARIA JUANA", "clave_catastral": "1702521010027", "telefono_celular": "0990296968", "hijos_hombres": 2, "hijos_mujeres": 2, "sector": "Guang-Porotog", "tenencia_predio": "Escritura", "nivel_instruccion": "Primaria", "area_total": 9695.65, "org_riego": "LARCACHACA", "sector_comunidad": "LARCACHACA", "canal": "GUANGUILQUI POROTOG", "area_sin_riego": 9695.65, "frecuencia_riego": "Semanal", "metodo_aspersion_pct": 100, "dias_riego": 2, "horas_turno": 24, "valor_tarifa": 3.0, "tipo_tarifa": "fijo mensual", "agua_consumo": 1, "energia_electrica": 1, "material_construccion": "MIXTA", "cota_msnm": 3575.0, "conoce_presa": "Sí", "como_elige_dir": "Asamblea general", "nom_presidente": "JOSÉ JOAQUÍN TIPANLUISA", "operador_sector": "ROBERTO AIGAJE", "anios_sistema": 11, "km_canal": 63.0, "recibio_capacitacion": "Sí", "le_gustaria_cap": "Sí", "temas_capacitacion": "AGRICULTURA - RIEGO", "cedula": "1714128657", "caudal_valor": 28.6, "coord_x_utm": 818901.82, "coord_y_utm": 9989188.0, "soberania_aliment_pct": 50, "act_productivas_pct": 50, "actividad_productiva": "Particular"}, "geometry": {"type": "Point", "coordinates": [-78.135308, -0.097696]}}, {"type": "Feature", "properties": {"id": "{42299571-ca76-4ae8-b8b0-da87b6213746}", "cod_poligono": "1702521040093", "num_predio": 23, "codigo_final": "S-C-P023_3", "propietario": "QUINATOA CHURACO VIRGILIO", "parroquia": "CANGAHUA", "caudal_tipo": "Recibe la Comunidad", "tiene_reservorio": "Comunitario", "foto_predio": "DCIM/JPEG_20260521201513161.jpg", "creado_por": "u0_a2", "fecha_creacion": "2026-05-21T15:10:29.653Z", "apellidos": "QUINATOA CUMBAL", "nombres": "FREDI MAURICIO", "clave_catastral": "1702521040093", "telefono_celular": "0993931698", "hijos_hombres": 3, "sector": "Guang-Porotog", "tenencia_predio": "Sin Escritura", "nivel_instruccion": "Primaria", "area_total": 5941.75, "org_riego": "LARCACHACA", "sector_comunidad": "LARCACHACA", "canal": "GUANGUILQUI POROTOG", "area_sin_riego": 5941.75, "frecuencia_riego": "Semanal", "metodo_aspersion_pct": 100, "dias_riego": 1, "horas_turno": 24, "valor_tarifa": 3.0, "tipo_tarifa": "fijo mensual", "agua_consumo": 1, "energia_electrica": 1, "material_construccion": "MIXTA", "cota_msnm": 3500.0, "conoce_presa": "Sí", "como_elige_dir": "Asamblea general", "nom_presidente": "JOSÉ JOAQUÍN TIPANLUISA", "operador_sector": "ROBERTO AIGAJE", "anios_sistema": 11, "km_canal": 63.0, "recibio_capacitacion": "Sí", "le_gustaria_cap": "Sí", "temas_capacitacion": "AGRICULTURA - RIEGO", "cedula": "1723383947", "caudal_valor": 28.6, "coord_x_utm": 818925.43, "coord_y_utm": 9989777.92, "soberania_aliment_pct": 50, "act_productivas_pct": 50, "actividad_productiva": "Particular"}, "geometry": {"type": "Point", "coordinates": [-78.135097, -0.092366]}}, {"type": "Feature", "properties": {"id": "{60b08f69-0c0f-4e56-8ec1-ea9df879caa7}", "cod_poligono": "1702521450010", "num_predio": 1, "codigo_final": "S-C-P001_4", "propietario": "BEDOYA LANCHIMBA SEGUNDO CARLOS", "parroquia": "CANGAHUA", "caudal_tipo": "Recibe individual", "tiene_reservorio": "Comunitario", "foto_predio": "DCIM/JPEG_20260521132406539.jpg", "creado_por": "u0_a279", "fecha_creacion": "2026-05-21T08:05:57.909Z", "apellidos": "BEDOYA LANCHIMBA", "nombres": "SEGUNDO CARLOS", "clave_catastral": "1702521450010", "telefono_celular": "0990973735", "hijos_hombres": 0, "hijos_mujeres": 3, "sector": "Guanguilqui", "tenencia_predio": "Escritura", "nivel_instruccion": "Primaria", "area_total": 2908.77, "org_riego": "JUNTA DE RIEGO GUANGUILQUI Y POROTOG", "sector_comunidad": "Larcachaca", "canal": "Gualguilqui-Porotog", "area_sin_riego": 2908.77, "frecuencia_riego": "Semanal", "metodo_aspersion_pct": 100, "dias_riego": 2, "horas_turno": 24, "valor_tarifa": 3.0, "tipo_tarifa": "fijo mensual", "agua_consumo": 1, "energia_electrica": 1, "material_construccion": "BLOQUE", "cota_msnm": 3495.0, "conoce_presa": "Sí", "como_elige_dir": "Designación directa", "nom_presidente": "Jose Joaquin Tipanguisa", "operador_sector": "Roberto Aigarje", "anios_sistema": 36, "km_canal": 63.0, "recibio_capacitacion": "Sí", "le_gustaria_cap": "Sí", "temas_capacitacion": "Administracion del riego ", "cedula": "1711663987", "caudal_valor": 28.6, "coord_x_utm": 821370.3, "coord_y_utm": 9989375.33, "soberania_aliment_pct": 50, "act_productivas_pct": 50, "actividad_productiva": "Particular"}, "geometry": {"type": "Point", "coordinates": [-78.113153, -0.096002]}}, {"type": "Feature", "properties": {"id": "{8f3980f4-1d8d-4019-a976-bdc36d4b7c9a}", "cod_poligono": "1702521010085", "num_predio": 2, "codigo_final": "S-C-P002_3", "propietario": "BEDOYA LANCHIMBA SEGUNDO CARLOS", "parroquia": "CANGAHUA", "caudal_tipo": "Recibe la Comunidad", "tiene_reservorio": "Comunitario", "foto_predio": "DCIM/JPEG_20260521135302913.jpg", "creado_por": "u0_a279", "fecha_creacion": "2026-05-21T08:34:07.025Z", "apellidos": "BEDOYA LANCHIMBA", "nombres": "SEGUNDO CARLOS", "clave_catastral": "1702521010085", "telefono_celular": "0990973735", "hijos_hombres": 0, "hijos_mujeres": 3, "sector": "Guang-Porotog", "tenencia_predio": "Sin Escritura", "nivel_instruccion": "Primaria", "area_total": 7091.36, "org_riego": "Junta Guanguilqui-Porotog", "sector_comunidad": "Larcachaca", "canal": "Guanguilqui-Porotog", "area_sin_riego": 7091.36, "frecuencia_riego": "Semanal", "metodo_aspersion_pct": 100, "dias_riego": 2, "horas_turno": 24, "valor_tarifa": 3.0, "tipo_tarifa": "fijo mensual", "agua_consumo": 0, "energia_electrica": 1, "cota_msnm": 3595.0, "conoce_presa": "Sí", "como_elige_dir": "Designación directa", "nom_presidente": "Jose Joaquin Tipantisa", "operador_sector": "Roberto Aigarjen", "anios_sistema": 36, "km_canal": 63.0, "recibio_capacitacion": "Sí", "le_gustaria_cap": "Sí", "temas_capacitacion": "Administración  del riego", "cedula": "1711663987", "caudal_valor": 28.6, "coord_x_utm": 819198.23, "coord_y_utm": 9988847.77, "soberania_aliment_pct": 50, "act_productivas_pct": 50, "actividad_productiva": "Particular"}, "geometry": {"type": "Point", "coordinates": [-78.132647, -0.100771]}}, {"type": "Feature", "properties": {"id": "{84245715-e77f-4eb8-9f56-773589b1c396}", "cod_poligono": "1702521010079", "num_predio": 3, "codigo_final": "S-C-P003_4", "propietario": "BEDOYA LANCHIMBA SEGUNDO CARLOS", "parroquia": "CANGAHUA", "caudal_tipo": "Recibe la Comunidad", "tiene_reservorio": "Comunitario", "foto_predio": "DCIM/JPEG_20260521140503611.jpg", "creado_por": "u0_a279", "fecha_creacion": "2026-05-21T08:55:05.822Z", "apellidos": "BEDOYA LANCHIMBA", "nombres": "SEGUNDO CARLOS", "clave_catastral": "1702521010079", "telefono_celular": "0990973735", "hijos_hombres": 0, "hijos_mujeres": 3, "sector": "Guang-Porotog", "tenencia_predio": "Escritura", "nivel_instruccion": "Primaria", "area_total": 5458.0, "org_riego": "Junta Guanguilqui-Porotog", "sector_comunidad": "Larcachaca", "canal": "Guanguilqui-Porotog", "area_sin_riego": 5458.0, "frecuencia_riego": "Mensual", "metodo_gravedad_pct": 100, "dias_riego": 2, "horas_turno": 24, "valor_tarifa": 3.0, "tipo_tarifa": "fijo mensual", "agua_consumo": 1, "energia_electrica": 1, "material_construccion": "BLOQUE", "cota_msnm": 3585.0, "conoce_presa": "Sí", "como_elige_dir": "Asamblea general", "nom_presidente": "Jose Joaquin Tipanluisa", "operador_sector": "Roberto Aigarje", "anios_sistema": 11, "km_canal": 63.0, "recibio_capacitacion": "Sí", "le_gustaria_cap": "Sí", "temas_capacitacion": "Administración del riego", "cedula": "1711663987", "caudal_valor": 28.6, "coord_x_utm": 819338.21, "coord_y_utm": 9989123.19}, "geometry": {"type": "Point", "coordinates": [-78.131391, -0.098282]}}, {"type": "Feature", "properties": {"id": "{dce75112-8a95-478b-8b73-e0c46dfc93f8}", "cod_poligono": "1702521040060", "num_predio": 4, "codigo_final": "S-C-P004_4", "propietario": "SOPALO UMAQUINGA SEGUNDO ESTEBAN", "parroquia": "CANGAHUA", "caudal_tipo": "Recibe la Comunidad", "tiene_reservorio": "Privado", "foto_predio": "DCIM/JPEG_20260521142847254.jpg", "creado_por": "u0_a279", "fecha_creacion": "2026-05-21T09:11:22.343Z", "apellidos": "SOPALO UMAQUINGA", "nombres": "SEGUNDO ESTEBAN", "clave_catastral": "1702521040060", "telefono_celular": "0993268130", "hijos_hombres": 3, "hijos_mujeres": 2, "sector": "Guang-Porotog", "tenencia_predio": "Escritura", "nivel_instruccion": "Primaria", "area_total": 7864.59, "org_riego": "Junta Guanguilqui-Porotog", "sector_comunidad": "Larcachaca", "canal": "Guanguilqui-Porotog", "area_sin_riego": 7864.59, "frecuencia_riego": "Permanente", "metodo_aspersion_pct": 40, "metodo_goteo_pct": 60, "dias_riego": 2, "horas_turno": 12, "valor_tarifa": 3.0, "tipo_tarifa": "fijo mensual", "agua_consumo": 1, "material_construccion": "BLOQUE", "cota_msnm": 3540.0, "conoce_presa": "Sí", "como_elige_dir": "Asamblea general", "nom_presidente": "Jose Joaquin Tipanluisa", "operador_sector": "Roberto Aigaje", "anios_sistema": 11, "km_canal": 63.0, "recibio_capacitacion": "Sí", "le_gustaria_cap": "Sí", "temas_capacitacion": "Manejo del canal de riego para plantaciones de flores.", "cedula": "1709771511", "caudal_valor": 28.6, "coord_x_utm": 819260.37, "coord_y_utm": 9989594.56, "soberania_aliment_pct": 5, "act_productivas_pct": 95, "actividad_productiva": "Particular"}, "geometry": {"type": "Point", "coordinates": [-78.13209, -0.094023]}}, {"type": "Feature", "properties": {"id": "{1855a7ea-f605-4967-b566-7786d3e96306}", "cod_poligono": "1702521010090", "num_predio": 5, "codigo_final": "S-C-P005_4", "propietario": "SOPALO UMAQUINGA SEGUNDO ESTEBAN", "parroquia": "CANGAHUA", "caudal_tipo": "Recibe la Comunidad", "foto_predio": "DCIM/JPEG_20260521145310484.jpg", "creado_por": "u0_a279", "fecha_creacion": "2026-05-21T09:40:28.569Z", "apellidos": "SOPALO UMAQUINGA", "nombres": "SEGUNDO ESTEBAN", "clave_catastral": "1702521010090", "telefono_celular": "0993268130", "hijos_hombres": 3, "hijos_mujeres": 2, "sector": "Guang-Porotog", "tenencia_predio": "Sin Escritura", "nivel_instruccion": "Primaria", "area_total": 3065.93, "org_riego": "Junta Guanguilqui-Porotog", "sector_comunidad": "Larcachaca", "canal": "Guanguilqui-Porotog", "area_sin_riego": 3065.93, "dias_riego": 2, "cota_msnm": 3575.0, "conoce_presa": "Sí", "como_elige_dir": "Asamblea general", "nom_presidente": "José Joaquin Tipanluisa ", "operador_sector": "Roberto Aigaje", "anios_sistema": 11, "km_canal": 63.0, "recibio_capacitacion": "Sí", "le_gustaria_cap": "Sí", "temas_capacitacion": "Manejo de sistemas de riego para cultivos de flores.", "cedula": "1709771511", "caudal_valor": 28.6, "coord_x_utm": 819403.59, "coord_y_utm": 9989077.21}, "geometry": {"type": "Point", "coordinates": [-78.130804, -0.098697]}}, {"type": "Feature", "properties": {"id": "{99c8529c-3a5f-441c-8947-339710fddddf}", "cod_poligono": "1702521050007", "num_predio": 6, "codigo_final": "S-C-P006_4", "propietario": "SOPALO UMAQUINGA SEGUNDO ESTEBAN", "parroquia": "CANGAHUA", "caudal_tipo": "Recibe la Comunidad", "tiene_reservorio": "Comunitario", "foto_predio": "DCIM/JPEG_20260521150347809.jpg", "creado_por": "u0_a279", "fecha_creacion": "2026-05-21T09:54:42.503Z", "apellidos": "SOPALO UMAQUINGA", "nombres": "SEGUNDO ESTEBAN", "clave_catastral": "1702521050007", "telefono_celular": "0993268130", "hijos_hombres": 3, "hijos_mujeres": 2, "sector": "Guanguilqui", "tenencia_predio": "Escritura", "nivel_instruccion": "Primaria", "area_total": 4561.8, "org_riego": "Junta Guanguilqui-Porotog", "sector_comunidad": "Larcachaca", "canal": "Guanguilqui-Porotog", "area_sin_riego": 4561.8, "frecuencia_riego": "Semanal", "metodo_aspersion_pct": 100, "dias_riego": 1, "horas_turno": 7, "valor_tarifa": 3.0, "tipo_tarifa": "por turno", "agua_consumo": 1, "energia_electrica": 1, "cota_msnm": 3520.0, "conoce_presa": "Sí", "como_elige_dir": "Asamblea general", "nom_presidente": "José Joaquin Tipanluisa", "operador_sector": "Roberto Aigaje", "anios_sistema": 11, "km_canal": 63.0, "recibio_capacitacion": "Sí", "le_gustaria_cap": "Sí", "temas_capacitacion": "Manejo de sistemas de riego para plantación de flores.", "cedula": "1709771511", "caudal_valor": 28.6, "coord_x_utm": 820991.55, "coord_y_utm": 9989498.67, "soberania_aliment_pct": 5, "act_productivas_pct": 95, "actividad_productiva": "Particular"}, "geometry": {"type": "Point", "coordinates": [-78.116552, -0.094888]}}, {"type": "Feature", "properties": {"id": "{0a350302-55f0-48b0-aefc-cc3c65498bf2}", "cod_poligono": "1702521050015", "num_predio": 7, "codigo_final": "S-C-P007_4", "propietario": "MALDONADO LUIS RAFAEL", "parroquia": "CANGAHUA", "caudal_tipo": "Recibe la Comunidad", "tiene_reservorio": "Comunitario", "foto_predio": "DCIM/JPEG_20260521154226436.jpg", "creado_por": "u0_a279", "fecha_creacion": "2026-05-21T10:30:31.672Z", "apellidos": "MALDONADO", "nombres": "LUIS RAFAEL", "clave_catastral": "1702521050015", "telefono_celular": "0980467720", "hijos_hombres": 2, "hijos_mujeres": 2, "sector": "Guang-Porotog", "tenencia_predio": "Escritura", "nivel_instruccion": "Secundaria", "area_total": 11823.68, "org_riego": "Guanguilqui-Porotg ", "sector_comunidad": "Larcacacha-Moras", "canal": "Guanguilqui-Porotog", "area_sin_riego": 11823.68, "frecuencia_riego": "Semanal", "metodo_aspersion_pct": 100, "dias_riego": 1, "horas_turno": 12, "valor_tarifa": 3.0, "tipo_tarifa": "fijo mensual", "agua_consumo": 1, "material_construccion": "BLOQUE", "cota_msnm": 3500.0, "conoce_presa": "Sí", "como_elige_dir": "Asamblea general", "nom_presidente": "José Joaquin Tipanluisa ", "operador_sector": "Roberto Aigaje", "anios_sistema": 11, "km_canal": 63.0, "recibio_capacitacion": "Sí", "le_gustaria_cap": "Sí", "temas_capacitacion": "Mejoramiento  en riego para cultivos.", "cedula": "1705244323", "caudal_valor": 28.6, "coord_x_utm": 820531.34, "coord_y_utm": 9989391.73, "soberania_aliment_pct": 50, "act_productivas_pct": 50, "actividad_productiva": "Particular"}, "geometry": {"type": "Point", "coordinates": [-78.120683, -0.095854]}}, {"type": "Feature", "properties": {"id": "{1c34bb4c-ac8d-4c7d-91aa-72173db49883}", "cod_poligono": "1702521050015", "num_predio": 8, "codigo_final": "S-C-P008_4", "propietario": "MALDONADO LUIS RAFAEL", "parroquia": "CANGAHUA", "caudal_tipo": "Recibe la Comunidad", "tiene_reservorio": "Comunitario", "foto_predio": "DCIM/JPEG_20260521155630018.jpg", "creado_por": "u0_a279", "fecha_creacion": "2026-05-21T10:48:06.634Z", "apellidos": "MALDONADO SOPALO ", "nombres": "ANGEL LEONIDAS", "clave_catastral": "1702521050015", "telefono_celular": "0980467720", "hijos_hombres": 1, "hijos_mujeres": 1, "sector": "Guang-Porotog", "tenencia_predio": "Sin Escritura", "nivel_instruccion": "Primaria", "area_total": 11823.68, "org_riego": "Guanguilqui-Porotg ", "sector_comunidad": "Larcacacha-Moras", "canal": "Guanguilqui-Porotog", "area_sin_riego": 11823.68, "frecuencia_riego": "Semanal", "metodo_aspersion_pct": 100, "dias_riego": 1, "horas_turno": 12, "valor_tarifa": 3.0, "tipo_tarifa": "fijo mensual", "cota_msnm": 3490.0, "conoce_presa": "Sí", "como_elige_dir": "Asamblea general", "nom_presidente": "José Joaquin Tipanluisa ", "operador_sector": "Roberto Aigaje", "anios_sistema": 11, "km_canal": 63.0, "recibio_capacitacion": "Sí", "le_gustaria_cap": "Sí", "temas_capacitacion": "Mejoramiento  en riego para cultivos.", "cedula": "1714188313", "caudal_valor": 28.6, "coord_x_utm": 820505.42, "coord_y_utm": 9989410.74, "soberania_aliment_pct": 50, "act_productivas_pct": 50, "actividad_productiva": "Particular", "observaciones": "No posee escrituras "}, "geometry": {"type": "Point", "coordinates": [-78.120915, -0.095683]}}, {"type": "Feature", "properties": {"id": "{9dc9774d-1488-4623-b698-1e635cc56bfa}", "cod_poligono": "1702521050015", "num_predio": 9, "codigo_final": "S-C-P009_4", "propietario": "MALDONADO LUIS RAFAEL", "parroquia": "CANGAHUA", "caudal_tipo": "Recibe la Comunidad", "tiene_reservorio": "Comunitario", "foto_predio": "DCIM/JPEG_20260521160253434.jpg", "creado_por": "u0_a279", "fecha_creacion": "2026-05-21T10:56:52.362Z", "apellidos": "MALDONADO", "nombres": "BLANCA FANNY", "clave_catastral": "1702521050015", "telefono_celular": "0981517425", "hijos_hombres": 2, "hijos_mujeres": 0, "sector": "Guang-Porotog", "tenencia_predio": "Sin Escritura", "nivel_instruccion": "Secundaria", "area_total": 11823.68, "org_riego": "Guanguilqui-Porotg ", "sector_comunidad": "Larcacacha-Moras", "canal": "Guanguilqui-Porotog", "area_sin_riego": 11823.68, "frecuencia_riego": "Semanal", "metodo_aspersion_pct": 100, "dias_riego": 1, "horas_turno": 12, "valor_tarifa": 3.0, "tipo_tarifa": "fijo mensual", "cota_msnm": 3495.0, "conoce_presa": "Sí", "como_elige_dir": "Asamblea general", "nom_presidente": "José Joaquin Tipanluisa ", "operador_sector": "Roberto Aigaje", "anios_sistema": 11, "km_canal": 63.0, "recibio_capacitacion": "Sí", "le_gustaria_cap": "Sí", "temas_capacitacion": "Mejoramiento  en riego para cultivos.", "cedula": "1718241183", "caudal_valor": 28.6, "coord_x_utm": 820507.23, "coord_y_utm": 9989471.06, "soberania_aliment_pct": 50, "act_productivas_pct": 50, "actividad_productiva": "Particular", "observaciones": "No posee escrituras."}, "geometry": {"type": "Point", "coordinates": [-78.120899, -0.095138]}}, {"type": "Feature", "properties": {"id": "{0e3eb7ce-928e-4870-aadd-3888891a45ed}", "cod_poligono": "1702521050015", "num_predio": 10, "codigo_final": "S-C-P010_4", "propietario": "MALDONADO LUIS RAFAEL", "parroquia": "CANGAHUA", "caudal_tipo": "Recibe la Comunidad", "tiene_reservorio": "Comunitario", "foto_predio": "DCIM/JPEG_20260521161006653.jpg", "creado_por": "u0_a279", "fecha_creacion": "2026-05-21T11:03:14.541Z", "apellidos": "MALDONADO", "nombres": "ISAURO STHALIN", "clave_catastral": "1702521050015", "telefono_celular": "0992142080", "hijos_mujeres": 2, "sector": "Guang-Porotog", "tenencia_predio": "Sin Escritura", "nivel_instruccion": "Primaria", "area_total": 11823.68, "org_riego": "Guanguilqui-Porotg ", "sector_comunidad": "Larcacacha-Moras", "canal": "Guanguilqui-Porotog", "area_sin_riego": 11823.68, "frecuencia_riego": "Semanal", "metodo_aspersion_pct": 100, "dias_riego": 1, "horas_turno": 12, "valor_tarifa": 3.0, "tipo_tarifa": "fijo mensual", "cota_msnm": 3510.0, "conoce_presa": "Sí", "como_elige_dir": "Asamblea general", "nom_presidente": "José Joaquin Tipanluisa ", "operador_sector": "Roberto Aigaje", "anios_sistema": 11, "km_canal": 63.0, "recibio_capacitacion": "Sí", "le_gustaria_cap": "Sí", "temas_capacitacion": "Mejoramiento  en riego para cultivos.", "cedula": "1727679704", "caudal_valor": 28.6, "coord_x_utm": 820558.93, "coord_y_utm": 9989468.67, "soberania_aliment_pct": 50, "act_productivas_pct": 50, "actividad_productiva": "Particular", "observaciones": "No posee escrituras."}, "geometry": {"type": "Point", "coordinates": [-78.120435, -0.095159]}}, {"type": "Feature", "properties": {"id": "{b9c2d3f0-d01d-4b8c-ae4b-482e0f8fc1d3}", "cod_poligono": "1702521050015", "num_predio": 11, "codigo_final": "S-C-P011_4", "propietario": "MALDONADO LUIS RAFAEL", "parroquia": "CANGAHUA", "caudal_tipo": "Recibe la Comunidad", "tiene_reservorio": "Comunitario", "foto_predio": "DCIM/JPEG_20260521161531523.jpg", "creado_por": "u0_a279", "fecha_creacion": "2026-05-21T11:10:43.568Z", "apellidos": "MALDONADO SOPALO", "nombres": "HILDA FLOR ", "clave_catastral": "1702521050015", "telefono_celular": "0990866400", "hijos_mujeres": 1, "sector": "Guang-Porotog", "nivel_instruccion": "Secundaria", "area_total": 11823.68, "org_riego": "Guanguilqui-Porotg ", "sector_comunidad": "Larcacacha-Moras", "canal": "Guanguilqui-Porotog", "area_sin_riego": 11823.68, "frecuencia_riego": "Semanal", "metodo_aspersion_pct": 100, "dias_riego": 1, "horas_turno": 12, "valor_tarifa": 3.0, "tipo_tarifa": "fijo mensual", "agua_consumo": 1, "material_construccion": "BLOQUE", "cota_msnm": 3505.0, "conoce_presa": "Sí", "como_elige_dir": "Asamblea general", "nom_presidente": "José Joaquin Tipanluisa ", "operador_sector": "Roberto Aigaje", "anios_sistema": 11, "km_canal": 63.0, "recibio_capacitacion": "Sí", "le_gustaria_cap": "Sí", "temas_capacitacion": "Mejoramiento  en riego para cultivos.", "cedula": "1727679696", "caudal_valor": 28.6, "coord_x_utm": 820554.72, "coord_y_utm": 9989416.71, "soberania_aliment_pct": 50, "act_productivas_pct": 50, "actividad_productiva": "Particular", "observaciones": "No posee escrituras."}, "geometry": {"type": "Point", "coordinates": [-78.120473, -0.095629]}}, {"type": "Feature", "properties": {"id": "{249a0bde-c3e2-4129-916a-f36049c50fe4}", "cod_poligono": "1702521010022", "num_predio": 12, "codigo_final": "S-C-P012_4", "propietario": "MALDONADO SOPALO ANGEL LEONIDAS", "parroquia": "CANGAHUA", "caudal_tipo": "Recibe la Comunidad", "tiene_reservorio": "Comunitario", "foto_predio": "DCIM/JPEG_20260521171628452.jpg", "creado_por": "u0_a279", "fecha_creacion": "2026-05-21T12:12:13.135Z", "apellidos": "MALDONADO SOPALO", "nombres": "ANGEL LEONIDAS", "clave_catastral": "1702521010022", "telefono_celular": "0980467720", "hijos_hombres": 1, "hijos_mujeres": 1, "sector": "Guang-Porotog", "tenencia_predio": "Escritura", "nivel_instruccion": "Primaria", "area_total": 4845.91, "org_riego": "Guanguilqui-Porotg ", "sector_comunidad": "Larcacacha-Gualimburo", "canal": "Guanguilqui-Porotog", "area_sin_riego": 4845.91, "frecuencia_riego": "Semanal", "metodo_aspersion_pct": 100, "dias_riego": 2, "horas_turno": 12, "valor_tarifa": 3.0, "tipo_tarifa": "fijo mensual", "agua_consumo": 1, "energia_electrica": 1, "material_construccion": "BLOQUE", "cota_msnm": 3555.0, "conoce_presa": "Sí", "como_elige_dir": "Asamblea general", "nom_presidente": "José Joaquin Tipanluisa ", "operador_sector": "Roberto Aigaje", "anios_sistema": 11, "km_canal": 63.0, "recibio_capacitacion": "Sí", "le_gustaria_cap": "Sí", "temas_capacitacion": "Mejoramiento  en riego para cultivos.", "cedula": "1714188313", "caudal_valor": 28.6, "coord_x_utm": 818995.8, "coord_y_utm": 9989313.57}, "geometry": {"type": "Point", "coordinates": [-78.134465, -0.096562]}}, {"type": "Feature", "properties": {"id": "{a7f98a3a-8271-4c3c-bb91-1b4080e17dab}", "cod_poligono": "1702521010126", "num_predio": 13, "codigo_final": "S-C-P013_4", "propietario": "MALDONADO SOPALO ISAURO STALYN", "parroquia": "CANGAHUA", "caudal_tipo": "Recibe la Comunidad", "tiene_reservorio": "Comunitario", "foto_predio": "DCIM/JPEG_20260521173305802.jpg", "creado_por": "u0_a279", "fecha_creacion": "2026-05-21T12:26:23.198Z", "apellidos": "MALDONADO SOPALO", "nombres": "ISAURO STALYN", "clave_catastral": "1702521010126", "telefono_celular": "0992142080", "hijos_mujeres": 2, "sector": "Guang-Porotog", "tenencia_predio": "Escritura", "nivel_instruccion": "Secundaria", "area_total": 996.55, "org_riego": "Guanguilqui-Porotg ", "sector_comunidad": "Larcacacha", "canal": "Guanguilqui-Porotog", "area_sin_riego": 996.55, "frecuencia_riego": "Semanal", "metodo_aspersion_pct": 100, "dias_riego": 2, "horas_turno": 24, "valor_tarifa": 3.0, "tipo_tarifa": "fijo mensual", "agua_consumo": 1, "energia_electrica": 1, "material_construccion": "BLOQUE", "cota_msnm": 3570.0, "conoce_presa": "Sí", "como_elige_dir": "Asamblea general", "nom_presidente": "José Joaquin Tipanluisa ", "operador_sector": "Roberto Aigaje", "anios_sistema": 11, "km_canal": 63.0, "recibio_capacitacion": "Sí", "le_gustaria_cap": "Sí", "temas_capacitacion": "Mejoramiento  en riego para cultivos.", "cedula": "1727679704", "caudal_valor": 28.6, "coord_x_utm": 819260.56, "coord_y_utm": 9989281.42, "soberania_aliment_pct": 50, "act_productivas_pct": 50, "actividad_productiva": "Particular"}, "geometry": {"type": "Point", "coordinates": [-78.132088, -0.096852]}}, {"type": "Feature", "properties": {"id": "{ab6c4071-74b0-41ca-9360-8a6c46f8b9a3}", "cod_poligono": "1702521010127", "num_predio": 14, "codigo_final": "S-C-P014_4", "propietario": "MALDONADO LUIS RAFAEL", "parroquia": "CANGAHUA", "caudal_tipo": "Recibe la Comunidad", "tiene_reservorio": "Comunitario", "foto_predio": "DCIM/JPEG_20260521174438092.jpg", "creado_por": "u0_a279", "fecha_creacion": "2026-05-21T12:35:27.468Z", "apellidos": "MALDONADO SOPALO", "nombres": "BLANCA FANNY", "clave_catastral": "1702521010127", "telefono_celular": "0981517425", "hijos_hombres": 2, "sector": "Guang-Porotog", "tenencia_predio": "Sin Escritura", "nivel_instruccion": "Secundaria", "area_total": 695.09, "org_riego": "Guanguilqui-Porotog ", "sector_comunidad": "Larcacacha", "canal": "Guanguilqui-Porotog", "area_sin_riego": 695.09, "frecuencia_riego": "Semanal", "metodo_aspersion_pct": 100, "dias_riego": 2, "horas_turno": 24, "valor_tarifa": 3.0, "tipo_tarifa": "fijo mensual", "agua_consumo": 1, "energia_electrica": 1, "material_construccion": "BLOQUE", "cota_msnm": 3565.0, "conoce_presa": "Sí", "como_elige_dir": "Asamblea general", "nom_presidente": "José Joaquin Tipanluisa ", "operador_sector": "Roberto Aigaje", "anios_sistema": 11, "km_canal": 63.0, "recibio_capacitacion": "Sí", "le_gustaria_cap": "Sí", "temas_capacitacion": "Mejoramiento  en riego para cultivos.", "cedula": "1718241183", "caudal_valor": 28.6, "coord_x_utm": 819236.37, "coord_y_utm": 9989314.21, "soberania_aliment_pct": 50, "act_productivas_pct": 50, "actividad_productiva": "Particular", "observaciones": "No tiene escrituras"}, "geometry": {"type": "Point", "coordinates": [-78.132305, -0.096556]}}, {"type": "Feature", "properties": {"id": "{5bdb87b5-1694-44b1-adf0-0b8db3a363e8}", "cod_poligono": "1702521010129", "num_predio": 15, "codigo_final": "S-C-P015_4", "propietario": "MALDONADO LUIS RAFAEL", "parroquia": "CANGAHUA", "caudal_tipo": "Recibe la Comunidad", "tiene_reservorio": "Comunitario", "foto_predio": "DCIM/JPEG_20260521175306031.jpg", "creado_por": "u0_a279", "fecha_creacion": "2026-05-21T12:45:34.510Z", "apellidos": "MALDONADO SOPALO", "nombres": "ILDA FLOR", "clave_catastral": "1702521010129", "telefono_celular": "0990866400", "hijos_mujeres": 1, "sector": "Guang-Porotog", "nivel_instruccion": "Secundaria", "area_total": 795.51, "org_riego": "Guanguilqui-Porotog ", "sector_comunidad": "Larcacacha", "canal": "Guanguilqui-Porotog", "area_sin_riego": 795.51, "frecuencia_riego": "Semanal", "metodo_aspersion_pct": 100, "dias_riego": 2, "horas_turno": 24, "valor_tarifa": 3.0, "tipo_tarifa": "fijo mensual", "agua_consumo": 1, "energia_electrica": 1, "material_construccion": "BLOQUE", "cota_msnm": 3565.0, "conoce_presa": "Sí", "como_elige_dir": "Asamblea general", "nom_presidente": "José Joaquin Tipanluisa ", "operador_sector": "Roberto Aigaje", "anios_sistema": 11, "km_canal": 63.0, "recibio_capacitacion": "Sí", "le_gustaria_cap": "Sí", "temas_capacitacion": "Mejoramiento  en riego para cultivos.", "cedula": "1727679696", "caudal_valor": 28.6, "coord_x_utm": 819247.09, "coord_y_utm": 9989296.36, "soberania_aliment_pct": 50, "act_productivas_pct": 50, "observaciones": "No tiene escrituras."}, "geometry": {"type": "Point", "coordinates": [-78.132209, -0.096717]}}, {"type": "Feature", "properties": {"id": "{171b2305-3b7d-4f6c-9e7c-b312837a4ffa}", "cod_poligono": "1702521010128", "num_predio": 16, "codigo_final": "S-C-P016_4", "propietario": "MALDONADO LUIS RAFAEL", "parroquia": "CANGAHUA", "caudal_tipo": "Recibe la Comunidad", "tiene_reservorio": "Comunitario", "foto_predio": "DCIM/JPEG_20260521180424929.jpg", "creado_por": "u0_a279", "fecha_creacion": "2026-05-21T12:56:09.664Z", "apellidos": "MALDONADO", "nombres": "ANGEL LEONIDAS", "clave_catastral": "1702521010128", "telefono_celular": "0980467720", "hijos_hombres": 1, "hijos_mujeres": 1, "sector": "Guang-Porotog", "tenencia_predio": "Sin Escritura", "nivel_instruccion": "Primaria", "area_total": 1259.0, "org_riego": "Guanguilqui-Porotog ", "sector_comunidad": "Larcacacha", "canal": "Guanguilqui-Porotog", "area_sin_riego": 1259.0, "frecuencia_riego": "Semanal", "metodo_aspersion_pct": 100, "dias_riego": 2, "horas_turno": 24, "valor_tarifa": 3.0, "tipo_tarifa": "fijo mensual", "agua_consumo": 0, "energia_electrica": 0, "cota_msnm": 3570.0, "conoce_presa": "Sí", "como_elige_dir": "Asamblea general", "nom_presidente": "José Joaquin Tipanluisa ", "operador_sector": "Roberto Aigaje", "anios_sistema": 11, "km_canal": 63.0, "recibio_capacitacion": "Sí", "le_gustaria_cap": "Sí", "temas_capacitacion": "Mejoramiento  en riego para cultivos.", "cedula": "1714188313", "caudal_valor": 28.6, "coord_x_utm": 819263.32, "coord_y_utm": 9989263.06, "soberania_aliment_pct": 10, "act_productivas_pct": 90, "actividad_productiva": "Particular", "observaciones": "No tiene escrituras"}, "geometry": {"type": "Point", "coordinates": [-78.132063, -0.097018]}}, {"type": "Feature", "properties": {"id": "{a0e4d9d7-2760-4c0c-9335-9ba4684ee5e6}", "cod_poligono": "1702521010008", "num_predio": 17, "codigo_final": "S-C-P017_4", "propietario": "MALDONADO SOPALO BLANCA FANNY", "parroquia": "CANGAHUA", "caudal_tipo": "Recibe la Comunidad", "tiene_reservorio": "Comunitario", "foto_predio": "DCIM/JPEG_20260521182634977.jpg", "creado_por": "u0_a279", "fecha_creacion": "2026-05-21T13:17:07.370Z", "apellidos": "MALDONADO SOPALO", "nombres": "BLANCA FANNY", "clave_catastral": "1702521010008", "telefono_celular": "0981517425", "hijos_hombres": 2, "sector": "Guang-Porotog", "tenencia_predio": "Escritura", "nivel_instruccion": "Secundaria", "area_total": 6404.33, "org_riego": "Guanguilqui- Porotog", "sector_comunidad": "Larcacacha- Huashipungo", "canal": "Guanguilqui-Porotog", "area_sin_riego": 6404.33, "frecuencia_riego": "Semanal", "metodo_aspersion_pct": 30, "metodo_goteo_pct": 70, "dias_riego": 2, "horas_turno": 24, "valor_tarifa": 3.0, "tipo_tarifa": "fijo mensual", "agua_consumo": 1, "material_construccion": "BLOQUE", "cota_msnm": 3510.0, "conoce_presa": "Sí", "como_elige_dir": "Asamblea general", "nom_presidente": "José Joaquin Tipanluisa", "operador_sector": "Roberto Aigaje", "anios_sistema": 11, "km_canal": 63.0, "recibio_capacitacion": "Sí", "le_gustaria_cap": "Sí", "temas_capacitacion": "Manejo de riego para cultivo de flores.", "cedula": "1718241183", "caudal_valor": 28.6, "coord_x_utm": 818717.02, "coord_y_utm": 9989541.23, "soberania_aliment_pct": 10, "act_productivas_pct": 90, "actividad_productiva": "Particular"}, "geometry": {"type": "Point", "coordinates": [-78.136967, -0.094505]}}, {"type": "Feature", "properties": {"id": "{770dc06a-3cb1-471b-b552-dcfe79cca6ee}", "cod_poligono": "1702521040032", "num_predio": 18, "codigo_final": "S-C-P018_4", "propietario": "ANDRANGO FARINANGO ALICIA PASTORA", "parroquia": "CANGAHUA", "caudal_tipo": "Recibe la Comunidad", "tiene_reservorio": "Comunitario", "foto_predio": "DCIM/JPEG_20260521195756744.jpg", "creado_por": "u0_a279", "fecha_creacion": "2026-05-21T14:46:34.126Z", "apellidos": "SOPALO MALDONADO", "nombres": "FREDY BAYARDO", "clave_catastral": "1702521040032", "telefono_celular": "0993889441", "hijos_hombres": 2, "sector": "Guang-Porotog", "tenencia_predio": "Escritura", "nivel_instruccion": "Primaria", "area_total": 1459.02, "org_riego": "Guanguilqui-Porotog", "sector_comunidad": "LARCACHACA", "canal": "Guanguilqui", "area_sin_riego": 1459.02, "frecuencia_riego": "Semanal", "metodo_aspersion_pct": 100, "dias_riego": 2, "horas_turno": 12, "valor_tarifa": 3.0, "tipo_tarifa": "fijo mensual", "agua_consumo": 1, "energia_electrica": 1, "material_construccion": "HORMIGÓN ARMADO", "cota_msnm": 3540.0, "conoce_presa": "Sí", "como_elige_dir": "Asamblea general", "nom_presidente": "JOSE JOAQUIN TIPANLUISA", "operador_sector": "ROBERTO AIGAJE", "anios_sistema": 11, "km_canal": 63.0, "recibio_capacitacion": "No", "le_gustaria_cap": "Sí", "temas_capacitacion": "Manejo del sistema de riego para mejoramiento de los cultivos.", "cedula": "1725967101", "caudal_valor": 28.6, "coord_x_utm": 819361.23, "coord_y_utm": 9989681.96, "soberania_aliment_pct": 20, "act_productivas_pct": 80, "actividad_productiva": "Particular"}, "geometry": {"type": "Point", "coordinates": [-78.131185, -0.093233]}}, {"type": "Feature", "properties": {"id": "{ebaba46c-c8cf-4f74-a02f-83b28d1fae88}", "cod_poligono": "1702521040034", "num_predio": 19, "codigo_final": "S-C-P019_4", "propietario": "SOPALO SOPALO SEGUNDO LINO", "parroquia": "CANGAHUA", "caudal_tipo": "Recibe la Comunidad", "tiene_reservorio": "Comunitario", "foto_predio": "DCIM/JPEG_20260521200802950.jpg", "creado_por": "u0_a279", "fecha_creacion": "2026-05-21T14:59:21.466Z", "apellidos": "SOPALO SOPALO", "nombres": "SEGUNDO LINO", "clave_catastral": "1702521040034", "telefono_celular": "0993889441", "hijos_hombres": 5, "hijos_mujeres": 1, "sector": "Guang-Porotog", "tenencia_predio": "Escritura", "nivel_instruccion": "Ninguno", "area_total": 3379.39, "org_riego": "Guanguilqui-Porotog", "sector_comunidad": "Larcachaca", "canal": "Guanguilqui", "area_sin_riego": 3379.39, "frecuencia_riego": "Semanal", "metodo_aspersion_pct": 100, "dias_riego": 2, "horas_turno": 12, "valor_tarifa": 3.0, "tipo_tarifa": "fijo mensual", "cota_msnm": 3540.0, "conoce_presa": "Sí", "como_elige_dir": "Asamblea general", "nom_presidente": "José Joaquin Tipanluisa", "operador_sector": "Roberto Aigaje", "anios_sistema": 11, "km_canal": 63.0, "recibio_capacitacion": "Sí", "le_gustaria_cap": "Sí", "temas_capacitacion": "Mejora para riego de nuevos cultivos.", "cedula": "1703958981", "caudal_valor": 28.6, "coord_x_utm": 819322.66, "coord_y_utm": 9989654.64, "soberania_aliment_pct": 10, "act_productivas_pct": 90, "actividad_productiva": "Particular"}, "geometry": {"type": "Point", "coordinates": [-78.131531, -0.09348]}}, {"type": "Feature", "properties": {"id": "{6eac69a1-d907-4984-9b07-7f0a141d6288}", "cod_poligono": "1702521040074", "num_predio": 20, "codigo_final": "S-C-P020_4", "propietario": "TOAPANTA TOAPANTA LUIS ANIBAL", "parroquia": "CANGAHUA", "caudal_tipo": "Recibe la Comunidad", "tiene_reservorio": "Comunitario", "foto_predio": "DCIM/JPEG_20260521202043140.jpg", "creado_por": "u0_a279", "fecha_creacion": "2026-05-21T15:10:20.122Z", "apellidos": "TOAPANTA TOAPANTA", "nombres": "LUIS ANIBAL", "clave_catastral": "1702521040074", "telefono_celular": "0993889441", "hijos_hombres": 1, "hijos_mujeres": 1, "sector": "Guang-Porotog", "tenencia_predio": "Escritura", "nivel_instruccion": "Primaria", "area_total": 1834.92, "org_riego": "Guanguilqui-Porotog", "sector_comunidad": "Larcachaca", "canal": "Guanguilqui-Porotog", "area_sin_riego": 1834.92, "frecuencia_riego": "Semanal", "metodo_aspersion_pct": 100, "dias_riego": 2, "horas_turno": 24, "valor_tarifa": 3.0, "tipo_tarifa": "fijo mensual", "agua_consumo": 1, "energia_electrica": 1, "material_construccion": "BLOQUE", "cota_msnm": 3515.0, "conoce_presa": "Sí", "como_elige_dir": "Asamblea general", "nom_presidente": "José Joaquin Tipanluisa", "operador_sector": "Roberto Aigaje", "anios_sistema": 11, "km_canal": 63.0, "recibio_capacitacion": "Sí", "le_gustaria_cap": "Sí", "temas_capacitacion": "Mejoras para riego de nuevos cultivos.", "cedula": "1722374582", "caudal_valor": 28.6, "coord_x_utm": 819089.3, "coord_y_utm": 9989802.59, "soberania_aliment_pct": 50, "act_productivas_pct": 50, "actividad_productiva": "Particular"}, "geometry": {"type": "Point", "coordinates": [-78.133626, -0.092143]}}, {"type": "Feature", "properties": {"id": "{b9b0a310-f50e-4bc9-be47-0fae56888a9a}", "cod_poligono": "1702521040025", "num_predio": 21, "codigo_final": "S-C-P021_4", "propietario": "IMBAQUINGO CABASCANGO JAIME ROGELIO", "parroquia": "CANGAHUA", "caudal_tipo": "Recibe la Comunidad", "tiene_reservorio": "Comunitario", "foto_predio": "DCIM/JPEG_20260521205517568.jpg", "creado_por": "u0_a279", "fecha_creacion": "2026-05-21T15:46:33.438Z", "apellidos": "IMBAQUINGO CABASCANGO", "nombres": "JAIME ROGELIO", "clave_catastral": "1702521040025", "telefono_celular": "0993067541", "hijos_mujeres": 2, "sector": "Guang-Porotog", "tenencia_predio": "Escritura", "nivel_instruccion": "Secundaria", "area_total": 1125.03, "org_riego": "Guanguilqui -Porotog", "sector_comunidad": "Larcachaca", "canal": "Gualnguilqui- Porotog", "area_sin_riego": 1125.03, "frecuencia_riego": "Semanal", "metodo_aspersion_pct": 100, "dias_riego": 2, "horas_turno": 24, "valor_tarifa": 3.0, "tipo_tarifa": "fijo mensual", "agua_consumo": 1, "energia_electrica": 1, "material_construccion": "HORMIGÓN ARMADO", "cota_msnm": 3540.0, "conoce_presa": "Sí", "como_elige_dir": "Asamblea general", "nom_presidente": "JOSE JOAQUIN TIPANLUISA", "operador_sector": "ROOBERTO AIGAJE", "anios_sistema": 11, "km_canal": 63.0, "recibio_capacitacion": "Sí", "le_gustaria_cap": "Sí", "temas_capacitacion": "Manejo del sistema de riego para los nuevos cultivos. ", "cedula": "1717097057", "caudal_valor": 28.6, "coord_x_utm": 819426.66, "coord_y_utm": 9989691.78, "soberania_aliment_pct": 50, "act_productivas_pct": 50, "actividad_productiva": "Particular"}, "geometry": {"type": "Point", "coordinates": [-78.130598, -0.093144]}}, {"type": "Feature", "properties": {"id": "{2db55e4e-dfdb-4bae-b1a2-6f857f188262}", "cod_poligono": "1702521010136", "num_predio": 22, "codigo_final": "S-C-P022_4", "parroquia": "CANGAHUA", "caudal_tipo": "Recibe la Comunidad", "tiene_reservorio": "Comunitario", "foto_predio": "DCIM/JPEG_20260521211403593.jpg", "creado_por": "u0_a279", "fecha_creacion": "2026-05-21T16:06:51.937Z", "apellidos": "SOPALO TIPANLUISA", "nombres": "FRANCISCO ", "clave_catastral": "1702521010136", "telefono_celular": "0993434368", "hijos_hombres": 5, "hijos_mujeres": 2, "sector": "Guang-Porotog", "tenencia_predio": "Escritura", "nivel_instruccion": "Primaria", "area_total": 1933.42, "org_riego": "Guanguilqui -Porotog", "sector_comunidad": "Larcachaca", "canal": "Guanguilqui- Porotog", "area_sin_riego": 1933.42, "frecuencia_riego": "Semanal", "metodo_aspersion_pct": 100, "dias_riego": 2, "horas_turno": 24, "valor_tarifa": 3.0, "tipo_tarifa": "fijo mensual", "agua_consumo": 1, "energia_electrica": 1, "material_construccion": "HORMIGÓN ARMADO", "cota_msnm": 3560.0, "conoce_presa": "Sí", "como_elige_dir": "Asamblea general", "nom_presidente": "JOSE JOAQUIN TIPANLUISA", "operador_sector": "ROBERTO AIGAJE", "anios_sistema": 11, "km_canal": 63.0, "recibio_capacitacion": "Sí", "le_gustaria_cap": "Sí", "temas_capacitacion": "Manejo del sistema de riego para los nuevos cultivos. ", "cedula": "1708457815", "caudal_valor": 28.6, "coord_x_utm": 819108.42, "coord_y_utm": 9989279.07, "soberania_aliment_pct": 50, "act_productivas_pct": 50, "actividad_productiva": "Particular"}, "geometry": {"type": "Point", "coordinates": [-78.133454, -0.096873]}}, {"type": "Feature", "properties": {"id": "{55ff31ed-44e6-4645-ad29-99ea0e8e7785}", "cod_poligono": "1702521010145", "num_predio": 23, "codigo_final": "S-C-P023_4", "propietario": "IMBAQUINGO SOPALO MARIA CLEMENCIA", "parroquia": "CANGAHUA", "caudal_tipo": "Recibe la Comunidad", "tiene_reservorio": "Comunitario", "foto_predio": "DCIM/JPEG_20260521212913493.jpg", "creado_por": "u0_a279", "fecha_creacion": "2026-05-21T16:21:55.957Z", "apellidos": "IMBAQUINGO SOPALO", "nombres": "MARIA CLEMENCIA", "clave_catastral": "1702521010145", "telefono_celular": "0967911775", "hijos_hombres": 2, "hijos_mujeres": 1, "sector": "Guang-Porotog", "tenencia_predio": "Escritura", "nivel_instruccion": "Primaria", "area_total": 1588.42, "org_riego": "Guanguilqui -Porotog", "sector_comunidad": "Larcachaca", "canal": "Guanguilqui- Porotog", "area_sin_riego": 1588.42, "frecuencia_riego": "Semanal", "metodo_aspersion_pct": 100, "dias_riego": 2, "horas_turno": 24, "valor_tarifa": 3.0, "tipo_tarifa": "fijo mensual", "agua_consumo": 1, "energia_electrica": 1, "material_construccion": "BLOQUE", "cota_msnm": 3575.0, "conoce_presa": "No", "como_elige_dir": "Asamblea general", "nom_presidente": "JOSE JOAQUIN TIPANLUISA", "operador_sector": "ROBERTO AIGAJE", "anios_sistema": 11, "km_canal": 63.0, "recibio_capacitacion": "No", "le_gustaria_cap": "Sí", "temas_capacitacion": "Manejo del sistema de riego para los nuevos cultivos. ", "cedula": "1003383526", "caudal_valor": 28.6, "coord_x_utm": 819221.73, "coord_y_utm": 9989210.82, "soberania_aliment_pct": 50, "act_productivas_pct": 50, "actividad_productiva": "Particular"}, "geometry": {"type": "Point", "coordinates": [-78.132437, -0.09749]}}, {"type": "Feature", "properties": {"id": "{cf2a5e0c-9148-4b69-87de-c7339453381f}", "cod_poligono": "1702521040038", "num_predio": 1, "codigo_final": "S-C-P001_5", "propietario": "GUALAVISI CAIZA JOSE MIGUEL", "parroquia": "CANGAHUA", "caudal_tipo": "Recibe la Comunidad", "tiene_reservorio": "Comunitario", "foto_predio": "DCIM/JPEG_20260521133952399.jpg", "creado_por": "u0_a504", "fecha_creacion": "2026-05-21T08:21:47.548Z", "apellidos": "GUALAVISI CAIZA", "nombres": "JOSE MIGUEL", "clave_catastral": "1702521040038", "telefono_celular": "0990612774", "hijos_hombres": 4, "hijos_mujeres": 5, "sector": "Guang-Porotog", "tenencia_predio": "Escritura", "nivel_instruccion": "Primaria", "area_total": 6991.56, "org_riego": "Guanguiqui porotog", "sector_comunidad": "Larcachaca ", "canal": "Guanguilqi porotog", "area_sin_riego": 6991.56, "frecuencia_riego": "Semanal", "metodo_aspersion_pct": 100, "dias_riego": 2, "horas_turno": 12, "valor_tarifa": 3.0, "tipo_tarifa": "fijo mensual", "energia_electrica": 1, "material_construccion": "BLOQUE", "cota_msnm": 3545.0, "conoce_presa": "Sí", "como_elige_dir": "Asamblea general", "nom_presidente": "Santiago Tipanluisa", "operador_sector": "Roberto Aigaje", "anios_sistema": 36, "km_canal": 63.0, "recibio_capacitacion": "Sí", "le_gustaria_cap": "Sí", "temas_capacitacion": "Sistema de riego", "cedula": "1703986842", "caudal_valor": 2860.0, "coord_x_utm": 819318.97, "coord_y_utm": 9989542.96}, "geometry": {"type": "Point", "coordinates": [-78.131564, -0.094489]}}, {"type": "Feature", "properties": {"id": "{4de54d5f-21ee-4586-941f-08f319fb9f63}", "cod_poligono": "1702521010043", "num_predio": 2, "codigo_final": "S-C-P002_4", "propietario": "IMBAQUINGO SOPALO ZOILA VICTORIA", "parroquia": "CANGAHUA", "caudal_tipo": "Recibe la Comunidad", "tiene_reservorio": "No", "foto_predio": "DCIM/JPEG_20260521140927946.jpg", "creado_por": "u0_a504", "fecha_creacion": "2026-05-21T08:59:52.383Z", "apellidos": "IMBAQUINGO SOPALO", "nombres": "ZOILA VICTORIA", "clave_catastral": "1702521010043", "hijos_hombres": 4, "hijos_mujeres": 6, "sector": "Guang-Porotog", "tenencia_predio": "Escritura", "nivel_instruccion": "Ninguno", "area_total": 2393.76, "org_riego": "Guanguilqui porotoc", "sector_comunidad": "Larcachaca", "canal": "Guanguilqui porotoc", "area_sin_riego": 2393.76, "frecuencia_riego": "Semanal", "metodo_aspersion_pct": 100, "dias_riego": 2, "horas_turno": 12, "valor_tarifa": 3.0, "tipo_tarifa": "fijo mensual", "agua_consumo": 1, "energia_electrica": 1, "material_construccion": "BLOQUE", "cota_msnm": 3560.0, "conoce_presa": "Sí", "como_elige_dir": "Asamblea general", "nom_presidente": "Jose Tipanluisa ", "operador_sector": "Roberto Aigaje", "anios_sistema": 36, "km_canal": 63.0, "recibio_capacitacion": "Sí", "le_gustaria_cap": "Sí", "temas_capacitacion": "Sobre el riego", "cedula": "1704002946", "caudal_valor": 2860.0, "coord_x_utm": 819185.82, "coord_y_utm": 9989340.24, "soberania_aliment_pct": 50, "act_productivas_pct": 50, "actividad_productiva": "Particular"}, "geometry": {"type": "Point", "coordinates": [-78.132759, -0.096321]}}, {"type": "Feature", "properties": {"id": "{b5f22097-6f81-4ece-9744-c645f456660b}", "cod_poligono": "1702521040038", "num_predio": 3, "codigo_final": "S-C-P003_5", "propietario": "GUALAVISI CAIZA JOSE MIGUEL", "parroquia": "CANGAHUA", "caudal_tipo": "Recibe la Comunidad", "tiene_reservorio": "No", "foto_predio": "DCIM/JPEG_20260521150801751.jpg", "creado_por": "u0_a504", "fecha_creacion": "2026-05-21T09:56:55.184Z", "apellidos": "GUALAVISI Imbaquingo", "nombres": "Clemente Leonardo", "clave_catastral": "1702521040038", "hijos_hombres": 2, "sector": "Guang-Porotog", "tenencia_predio": "Sin Escritura", "nivel_instruccion": "Secundaria", "area_total": 6991.56, "org_riego": "Guanguilqui porotog", "sector_comunidad": "Larcachaca", "canal": "Guanguilqui porotog", "area_sin_riego": 6991.56, "frecuencia_riego": "Semanal", "metodo_aspersion_pct": 100, "dias_riego": 2, "horas_turno": 24, "valor_tarifa": 3.0, "tipo_tarifa": "fijo mensual", "agua_consumo": 1, "energia_electrica": 1, "cota_msnm": 3550.0, "conoce_presa": "Sí", "como_elige_dir": "Asamblea general", "nom_presidente": "Juaquin Tipanluisa ", "operador_sector": "Roberto Aigaje", "anios_sistema": 36, "km_canal": 63.0, "recibio_capacitacion": "Sí", "le_gustaria_cap": "Sí", "temas_capacitacion": "Sobre el riego", "cedula": "1717937344", "caudal_valor": 2860.0, "coord_x_utm": 819319.99, "coord_y_utm": 9989481.71, "soberania_aliment_pct": 100, "actividad_productiva": "Particular"}, "geometry": {"type": "Point", "coordinates": [-78.131555, -0.095042]}}, {"type": "Feature", "properties": {"id": "{d6bb23f7-74f7-4f0a-a559-64d5baefab45}", "cod_poligono": "1702521040038", "num_predio": 4, "codigo_final": "S-C-P004_5", "propietario": "GUALAVISI CAIZA JOSE MIGUEL", "parroquia": "CANGAHUA", "tiene_reservorio": "No", "creado_por": "u0_a504", "fecha_creacion": "2026-05-21T10:09:04.018Z", "apellidos": "GUALAVISI Imbaquingo", "nombres": "Segundo Miguel", "clave_catastral": "1702521040038", "hijos_hombres": 2, "hijos_mujeres": 1, "sector": "Guang-Porotog", "tenencia_predio": "Sin Escritura", "nivel_instruccion": "Primaria", "area_total": 6991.56, "org_riego": "Guanguilqui porotog", "sector_comunidad": "Larcachaca", "canal": "Guanguilqui porotog", "area_sin_riego": 6991.56, "metodo_aspersion_pct": 100, "dias_riego": 2, "horas_turno": 24, "valor_tarifa": 3.0, "tipo_tarifa": "fijo mensual", "cota_msnm": 3550.0, "nom_presidente": "Juaquin Tipanluisa ", "operador_sector": "Roberto Aigaje", "anios_sistema": 36, "km_canal": 63.0, "recibio_capacitacion": "Sí", "le_gustaria_cap": "Sí", "temas_capacitacion": "Sobre el riego", "cedula": "1714489455", "caudal_valor": 2860.0, "coord_x_utm": 819295.67, "coord_y_utm": 9989505.88, "soberania_aliment_pct": 100, "actividad_productiva": "Particular"}, "geometry": {"type": "Point", "coordinates": [-78.131773, -0.094824]}}, {"type": "Feature", "properties": {"id": "{37ea604e-43cd-4a21-b59b-27b83e26b048}", "cod_poligono": "1702521040042", "num_predio": 5, "codigo_final": "S-C-P005_5", "propietario": "GUALAVISI IMBAQUINGO JOSE AGUSTIN", "parroquia": "CANGAHUA", "caudal_tipo": "Recibe la Comunidad", "tiene_reservorio": "No", "foto_predio": "DCIM/JPEG_20260521151944988.jpg", "creado_por": "u0_a504", "fecha_creacion": "2026-05-21T10:15:15.256Z", "apellidos": "GUALAVISI IMBAQUINGO", "nombres": "JOSE AGUSTIN", "clave_catastral": "1702521040042", "telefono_celular": "0999368695", "hijos_mujeres": 2, "sector": "Guang-Porotog", "tenencia_predio": "Escritura", "nivel_instruccion": "Primaria", "area_total": 790.69, "org_riego": "Guanguilqui porotog", "sector_comunidad": "Larcachaca", "canal": "Guanguilqui porotog", "area_sin_riego": 790.69, "frecuencia_riego": "Semanal", "metodo_aspersion_pct": 100, "dias_riego": 2, "horas_turno": 12, "valor_tarifa": 3.0, "tipo_tarifa": "fijo mensual", "cota_msnm": 3545.0, "conoce_presa": "Sí", "como_elige_dir": "Asamblea general", "nom_presidente": "Juaquin Tipanluisa ", "operador_sector": "Roberto Aigaje", "anios_sistema": 36, "km_canal": 63.0, "recibio_capacitacion": "Sí", "le_gustaria_cap": "Sí", "temas_capacitacion": "Sobre el riego", "cedula": "1717088239", "caudal_valor": 2860.0, "coord_x_utm": 819309.47, "coord_y_utm": 9989567.98, "act_productivas_pct": 100, "actividad_productiva": "Particular"}, "geometry": {"type": "Point", "coordinates": [-78.131649, -0.094263]}}, {"type": "Feature", "properties": {"id": "{6d190362-8da4-4db9-9b7f-ff84668c6a74}", "cod_poligono": "1702521010043", "num_predio": 6, "codigo_final": "S-C-P006_5", "propietario": "IMBAQUINGO SOPALO ZOILA VICTORIA", "parroquia": "CANGAHUA", "caudal_tipo": "Recibe la Comunidad", "foto_predio": "DCIM/JPEG_20260521154429623.jpg", "creado_por": "u0_a504", "fecha_creacion": "2026-05-21T10:39:25.299Z", "apellidos": "Gualavisi Imbaquingo ", "nombres": "Jose Agustín ", "clave_catastral": "1702521010043", "telefono_celular": "0999368695", "hijos_mujeres": 2, "sector": "Guang-Porotog", "tenencia_predio": "Sin Escritura", "nivel_instruccion": "Primaria", "area_total": 2393.76, "org_riego": "Guanguilqui porotog", "sector_comunidad": "Larcachaca", "canal": "Guanguilqui porotog", "area_sin_riego": 2393.76, "frecuencia_riego": "Semanal", "metodo_aspersion_pct": 100, "dias_riego": 2, "horas_turno": 12, "valor_tarifa": 3.0, "tipo_tarifa": "fijo mensual", "agua_consumo": 1, "energia_electrica": 1, "material_construccion": "BLOQUE", "cota_msnm": 3555.0, "conoce_presa": "Sí", "como_elige_dir": "Asamblea general", "nom_presidente": "Juaquin Tipanluisa ", "operador_sector": "Roberto Aigaje", "anios_sistema": 36, "km_canal": 63.0, "recibio_capacitacion": "Sí", "le_gustaria_cap": "Sí", "temas_capacitacion": "Sobre el riego", "cedula": "1717088239", "caudal_valor": 2860.0, "coord_x_utm": 819170.35, "coord_y_utm": 9989354.95, "soberania_aliment_pct": 50, "act_productivas_pct": 50, "actividad_productiva": "Particular", "observaciones": "Sin escritura"}, "geometry": {"type": "Point", "coordinates": [-78.132898, -0.096188]}}, {"type": "Feature", "properties": {"id": "{2ec9bdc5-5d76-4366-857e-dece2e3b4920}", "cod_poligono": "1702521010043", "num_predio": 7, "codigo_final": "S-C-P007_5", "propietario": "IMBAQUINGO SOPALO ZOILA VICTORIA", "parroquia": "CANGAHUA", "caudal_tipo": "Recibe la Comunidad", "tiene_reservorio": "Comunitario", "creado_por": "u0_a504", "fecha_creacion": "2026-05-21T10:45:26.632Z", "apellidos": "Aigaje Imbaquingo", "nombres": "Clemente Leonardo", "clave_catastral": "1702521010043", "telefono_celular": "0939888208", "hijos_hombres": 2, "sector": "Guang-Porotog", "tenencia_predio": "Sin Escritura", "nivel_instruccion": "Secundaria", "area_total": 2393.76, "org_riego": "Guanguilqui porotog", "sector_comunidad": "Larcachaca", "canal": "Guanguilqui porotog", "area_sin_riego": 2393.76, "frecuencia_riego": "Semanal", "metodo_aspersion_pct": 100, "dias_riego": 2, "horas_turno": 12, "valor_tarifa": 3.0, "tipo_tarifa": "fijo mensual", "agua_consumo": 1, "energia_electrica": 1, "material_construccion": "BLOQUE", "cota_msnm": 3555.0, "conoce_presa": "Sí", "como_elige_dir": "Asamblea general", "nom_presidente": "Juaquin Tipanluisa ", "operador_sector": "Roberto Aigaje", "anios_sistema": 36, "km_canal": 63.0, "recibio_capacitacion": "Sí", "le_gustaria_cap": "Sí", "temas_capacitacion": "Sobre el riego", "cedula": "1717937344", "caudal_valor": 2860.0, "coord_x_utm": 819179.86, "coord_y_utm": 9989365.7, "soberania_aliment_pct": 50, "act_productivas_pct": 50, "actividad_productiva": "Particular", "observaciones": "Sin escritura"}, "geometry": {"type": "Point", "coordinates": [-78.132813, -0.096091]}}, {"type": "Feature", "properties": {"id": "{b7fd1a76-f668-4a35-a25b-03dbd02f2a05}", "cod_poligono": "1702521010043", "num_predio": 8, "codigo_final": "S-C-P008_5", "propietario": "IMBAQUINGO SOPALO ZOILA VICTORIA", "parroquia": "CANGAHUA", "caudal_tipo": "Recibe la Comunidad", "tiene_reservorio": "Comunitario", "foto_predio": "DCIM/JPEG_20260521155805001.jpg", "creado_por": "u0_a504", "fecha_creacion": "2026-05-21T10:51:28.666Z", "apellidos": "ACERO IMBAQUINGO ", "nombres": "Ana Luisa", "clave_catastral": "1702521010043 ", "telefono_celular": "0991389574", "hijos_hombres": 1, "hijos_mujeres": 1, "sector": "Guang-Porotog", "tenencia_predio": "Sin Escritura", "nivel_instruccion": "Primaria", "area_total": 2393.76, "org_riego": "Guanguilqui porotog", "sector_comunidad": "Larcachaca", "canal": "Guanguilqui porotog", "area_sin_riego": 2393.76, "frecuencia_riego": "Semanal", "metodo_aspersion_pct": 100, "dias_riego": 2, "horas_turno": 24, "valor_tarifa": 3.0, "tipo_tarifa": "fijo mensual", "cota_msnm": 3555.0, "como_elige_dir": "Asamblea general", "nom_presidente": "Juaquin Tipanluisa ", "operador_sector": "Roberto Aigaje", "anios_sistema": 36, "km_canal": 63.0, "recibio_capacitacion": "Sí", "le_gustaria_cap": "Sí", "temas_capacitacion": "Sobre el riego", "cedula": "1711714798", "caudal_valor": 2860.0, "coord_x_utm": 819184.94, "coord_y_utm": 9989373.6, "act_productivas_pct": 100, "actividad_productiva": "Particular"}, "geometry": {"type": "Point", "coordinates": [-78.132767, -0.096019]}}, {"type": "Feature", "properties": {"id": "{30b48934-a847-4827-8a98-7e044fb678e7}", "cod_poligono": "1702521010014", "num_predio": 9, "codigo_final": "S-C-P009_5", "propietario": "AIGAJE IMBAQUINGO CLEMENTE LEONARDO", "parroquia": "CANGAHUA", "caudal_tipo": "Recibe la Comunidad", "tiene_reservorio": "Comunitario", "foto_predio": "DCIM/JPEG_20260521160524230.jpg", "creado_por": "u0_a504", "fecha_creacion": "2026-05-21T11:00:50.046Z", "apellidos": "GUALAVISI IMBAQUINGO", "nombres": "Jose Agustin", "clave_catastral": "1702521010014", "telefono_celular": "0999368695", "hijos_mujeres": 2, "sector": "Guang-Porotog", "tenencia_predio": "Sin Escritura", "nivel_instruccion": "Primaria", "area_total": 370.21, "org_riego": "Guanguilqui porotog", "sector_comunidad": "Larcachaca", "canal": "Guanguilqui porotog", "area_sin_riego": 370.21, "frecuencia_riego": "Semanal", "metodo_aspersion_pct": 100, "dias_riego": 2, "horas_turno": 12, "valor_tarifa": 3.0, "tipo_tarifa": "fijo mensual", "cota_msnm": 3540.0, "como_elige_dir": "Asamblea general", "nom_presidente": "Juaquin Tipanluisa ", "operador_sector": "Roberto Aigaje", "anios_sistema": 36, "km_canal": 63.0, "recibio_capacitacion": "Sí", "le_gustaria_cap": "Sí", "temas_capacitacion": "Sobre el riego", "cedula": "1717088239", "caudal_valor": 2860.0, "coord_x_utm": 818763.75, "coord_y_utm": 9989383.36, "act_productivas_pct": 100, "actividad_productiva": "Particular", "observaciones": "Sin escritura"}, "geometry": {"type": "Point", "coordinates": [-78.136547, -0.095931]}}, {"type": "Feature", "properties": {"id": "{63e868d6-831f-47e6-9e71-116a8ac8d8a0}", "cod_poligono": "1702521040038", "num_predio": 10, "codigo_final": "S-C-P010_5", "propietario": "GUALAVISI CAIZA JOSE MIGUEL", "parroquia": "CANGAHUA", "caudal_tipo": "Recibe la Comunidad", "creado_por": "u0_a504", "fecha_creacion": "2026-05-21T11:07:32.442Z", "apellidos": "GUALAVISI CAIZA", "nombres": "JOSE MIGUEL", "clave_catastral": "1702521040038", "hijos_hombres": 4, "hijos_mujeres": 6, "sector": "Guang-Porotog", "area_total": 6991.56, "org_riego": "Guanguilqui porotog", "sector_comunidad": "Larcachaca", "canal": "Guanguilqui porotog", "area_sin_riego": 6991.56, "frecuencia_riego": "Semanal", "metodo_aspersion_pct": 100, "dias_riego": 2, "horas_turno": 24, "valor_tarifa": 3.0, "tipo_tarifa": "fijo mensual", "cota_msnm": 3550.0, "como_elige_dir": "Asamblea general", "nom_presidente": "Juaquin Tipanluisa ", "operador_sector": "Roberto Aigaje", "anios_sistema": 36, "km_canal": 63.0, "recibio_capacitacion": "Sí", "le_gustaria_cap": "Sí", "temas_capacitacion": "Sobre el riego", "cedula": "1703986842", "caudal_valor": 2860.0, "coord_x_utm": 819322.05, "coord_y_utm": 9989517.44}, "geometry": {"type": "Point", "coordinates": [-78.131537, -0.094719]}}, {"type": "Feature", "properties": {"id": "{4a7841c9-2adb-4f51-9d2e-57786324186b}", "cod_poligono": "1702521010140", "num_predio": 11, "codigo_final": "S-C-P011_5", "propietario": "SOPALO UMAQUINGA DELIA MERCEDES", "parroquia": "CANGAHUA", "caudal_tipo": "Recibe la Comunidad", "tiene_reservorio": "Comunitario", "foto_predio": "DCIM/JPEG_20260521162128942.jpg", "creado_por": "u0_a504", "fecha_creacion": "2026-05-21T11:14:50.480Z", "apellidos": "SOPALO UMAQUINGA", "nombres": "DELIA MERCEDES", "clave_catastral": "1702521010140", "telefono_celular": "0967201233", "hijos_hombres": 2, "hijos_mujeres": 1, "sector": "Guang-Porotog", "tenencia_predio": "Escritura", "nivel_instruccion": "Primaria", "area_total": 1500.53, "org_riego": "Guanguilqui porotog", "sector_comunidad": "Larcachaca", "canal": "Guanguilqui porotog", "area_sin_riego": 1500.53, "frecuencia_riego": "Semanal", "metodo_aspersion_pct": 100, "dias_riego": 3, "horas_turno": 12, "valor_tarifa": 3.0, "tipo_tarifa": "fijo mensual", "agua_consumo": 1, "energia_electrica": 1, "material_construccion": "BLOQUE", "cota_msnm": 3580.0, "conoce_presa": "Sí", "como_elige_dir": "Asamblea general", "nom_presidente": "Juaquin Tipanluisa ", "operador_sector": "Roberto Aigaje", "anios_sistema": 36, "km_canal": 63.0, "recibio_capacitacion": "Sí", "le_gustaria_cap": "Sí", "temas_capacitacion": "Sobre el riego", "cedula": "1714661699", "caudal_valor": 2860.0, "coord_x_utm": 818839.45, "coord_y_utm": 9989142.43, "soberania_aliment_pct": 50, "act_productivas_pct": 50, "actividad_productiva": "Particular"}, "geometry": {"type": "Point", "coordinates": [-78.135868, -0.098108]}}, {"type": "Feature", "properties": {"id": "{345d5e74-f993-4843-819f-c73f65eadef1}", "cod_poligono": "1702521010140", "num_predio": 12, "codigo_final": "S-C-P012_5", "propietario": "SOPALO UMAQUINGA DELIA MERCEDES", "parroquia": "CANGAHUA", "caudal_tipo": "Recibe la Comunidad", "tiene_reservorio": "Comunitario", "foto_predio": "DCIM/JPEG_20260521162724688.jpg", "creado_por": "u0_a504", "fecha_creacion": "2026-05-21T11:22:12.134Z", "apellidos": "FARINANGO SOPALO ", "nombres": "ARLYN XAVIER", "clave_catastral": "1702521010140", "sector": "Guang-Porotog", "tenencia_predio": "Escritura", "nivel_instruccion": "Secundaria", "area_total": 1500.53, "org_riego": "Guanguilqui porotog", "sector_comunidad": "Larcachaca", "canal": "Guanguilqui porotog", "area_sin_riego": 1500.53, "frecuencia_riego": "Semanal", "metodo_aspersion_pct": 100, "dias_riego": 3, "horas_turno": 12, "valor_tarifa": 3.0, "tipo_tarifa": "fijo mensual", "agua_consumo": 1, "energia_electrica": 1, "material_construccion": "BLOQUE", "cota_msnm": 3575.0, "conoce_presa": "Sí", "como_elige_dir": "Asamblea general", "nom_presidente": "Juaquin Tipanluisa ", "operador_sector": "Roberto Aigaje", "anios_sistema": 36, "km_canal": 63.0, "recibio_capacitacion": "Sí", "le_gustaria_cap": "Sí", "temas_capacitacion": "Sobre el riego", "cedula": "1501288268", "caudal_valor": 2860.0, "coord_x_utm": 818829.03, "coord_y_utm": 9989157.33, "soberania_aliment_pct": 50, "act_productivas_pct": 50, "actividad_productiva": "Particular"}, "geometry": {"type": "Point", "coordinates": [-78.135961, -0.097974]}}, {"type": "Feature", "properties": {"id": "{e4a46960-1685-44be-a3ac-fe5f81e794fa}", "cod_poligono": "1702521010140", "num_predio": 13, "codigo_final": "S-C-P013_5", "propietario": "SOPALO UMAQUINGA DELIA MERCEDES", "parroquia": "CANGAHUA", "caudal_tipo": "Recibe la Comunidad", "tiene_reservorio": "Comunitario", "creado_por": "u0_a504", "fecha_creacion": "2026-05-21T11:27:43.219Z", "apellidos": "PILCA SOPALO ", "nombres": "VIOLETA NATIVIDAD", "clave_catastral": "1702521010140", "telefono_celular": "0997153445", "sector": "Guang-Porotog", "tenencia_predio": "Sin Escritura", "nivel_instruccion": "Secundaria", "area_total": 1500.53, "org_riego": "Guanguilqui porotog", "sector_comunidad": "Larcachaca", "canal": "Guanguilqui porotog", "area_sin_riego": 1500.53, "frecuencia_riego": "Semanal", "metodo_aspersion_pct": 100, "dias_riego": 3, "horas_turno": 12, "valor_tarifa": 3.0, "tipo_tarifa": "fijo mensual", "agua_consumo": 1, "energia_electrica": 1, "material_construccion": "BLOQUE", "cota_msnm": 3575.0, "conoce_presa": "Sí", "como_elige_dir": "Asamblea general", "nom_presidente": "Juaquin Tipanluisa ", "operador_sector": "Roberto Aigaje", "anios_sistema": 36, "km_canal": 63.0, "recibio_capacitacion": "Sí", "le_gustaria_cap": "Sí", "temas_capacitacion": "Sobre el riego", "cedula": "1755060819", "caudal_valor": 2860.0, "coord_x_utm": 818825.0, "coord_y_utm": 9989154.84, "soberania_aliment_pct": 50, "act_productivas_pct": 50, "actividad_productiva": "Particular", "observaciones": "Sin escrituras"}, "geometry": {"type": "Point", "coordinates": [-78.135997, -0.097996]}}, {"type": "Feature", "properties": {"id": "{27860307-ed9f-4d4d-a208-1a4f940db617}", "cod_poligono": "1702521010140", "num_predio": 14, "codigo_final": "S-C-P014_5", "propietario": "SOPALO UMAQUINGA DELIA MERCEDES", "parroquia": "CANGAHUA", "caudal_tipo": "Recibe la Comunidad", "tiene_reservorio": "Comunitario", "creado_por": "u0_a504", "fecha_creacion": "2026-05-21T11:34:16.936Z", "apellidos": "PILCA SOPALO ", "nombres": "VIOLETA NATIVIDAD ", "clave_catastral": "1702521010140", "telefono_celular": "0997153445", "sector": "Guang-Porotog", "tenencia_predio": "Sin Escritura", "nivel_instruccion": "Secundaria", "area_total": 1500.53, "org_riego": "Guanguilqui porotog", "sector_comunidad": "Larcachaca", "canal": "Guanguilqui porotog", "area_sin_riego": 1500.53, "frecuencia_riego": "Semanal", "metodo_aspersion_pct": 100, "dias_riego": 3, "horas_turno": 3, "valor_tarifa": 3.0, "tipo_tarifa": "fijo mensual", "agua_consumo": 1, "energia_electrica": 1, "material_construccion": "BLOQUE", "cota_msnm": 3575.0, "conoce_presa": "Sí", "como_elige_dir": "Asamblea general", "nom_presidente": "Juaquin Tipanluisa ", "operador_sector": "Roberto Aigaje", "anios_sistema": 36, "km_canal": 63.0, "recibio_capacitacion": "Sí", "le_gustaria_cap": "Sí", "temas_capacitacion": "Sobre el riego", "cedula": "1755060819", "caudal_valor": 2860.0, "coord_x_utm": 818825.0, "coord_y_utm": 9989154.84, "soberania_aliment_pct": 50, "act_productivas_pct": 50, "actividad_productiva": "Particular", "observaciones": "Sin escritura"}, "geometry": {"type": "Point", "coordinates": [-78.135997, -0.097996]}}, {"type": "Feature", "properties": {"id": "{823daf3c-58b2-4ece-9a4f-58505c4253a8}", "cod_poligono": "1702521010140", "num_predio": 15, "codigo_final": "S-C-P015_5", "propietario": "SOPALO UMAQUINGA DELIA MERCEDES", "parroquia": "CANGAHUA", "caudal_tipo": "Recibe la Comunidad", "tiene_reservorio": "Comunitario", "creado_por": "u0_a504", "fecha_creacion": "2026-05-21T11:39:54.598Z", "apellidos": "FARINANGO SOPALO ", "nombres": "ALEX ISIDRO", "clave_catastral": "1702521010140", "telefono_celular": "0991218657", "sector": "Guang-Porotog", "tenencia_predio": "Sin Escritura", "nivel_instruccion": "Secundaria", "area_total": 1500.53, "org_riego": "Guanguilqui porotog", "sector_comunidad": "Larcachaca", "canal": "Guanguilqui porotog", "area_sin_riego": 1500.53, "frecuencia_riego": "Semanal", "metodo_aspersion_pct": 100, "dias_riego": 3, "horas_turno": 12, "valor_tarifa": 3.0, "tipo_tarifa": "fijo mensual", "agua_consumo": 1, "energia_electrica": 1, "material_construccion": "BLOQUE", "cota_msnm": 3575.0, "conoce_presa": "Sí", "como_elige_dir": "Asamblea general", "nom_presidente": "Juaquin Tipanluisa ", "operador_sector": "Roberto Aigaje", "anios_sistema": 36, "km_canal": 63.0, "recibio_capacitacion": "Sí", "le_gustaria_cap": "Sí", "temas_capacitacion": "Sobre el riego", "cedula": "1550130353", "caudal_valor": 2860.0, "coord_x_utm": 818821.53, "coord_y_utm": 9989151.95, "soberania_aliment_pct": 50, "act_productivas_pct": 50, "actividad_productiva": "Particular", "observaciones": "Sin escrituras "}, "geometry": {"type": "Point", "coordinates": [-78.136029, -0.098022]}}, {"type": "Feature", "properties": {"id": "{ae57988f-80f1-4778-8fcb-9b5d4fa7f198}", "cod_poligono": "1702521010055", "num_predio": 16, "codigo_final": "S-C-P016_5", "propietario": "FARINANGO ASCANTA XAVIER ISIDRO", "parroquia": "CANGAHUA", "caudal_tipo": "Recibe la Comunidad", "tiene_reservorio": "Comunitario", "foto_predio": "DCIM/JPEG_20260521165433063.jpg", "creado_por": "u0_a504", "fecha_creacion": "2026-05-21T11:49:36.992Z", "apellidos": "FARINANGO ASCANTA", "nombres": "XAVIER ISIDRO", "clave_catastral": "1702521010055", "telefono_celular": "0969785400", "hijos_hombres": 2, "hijos_mujeres": 1, "sector": "Guang-Porotog", "tenencia_predio": "Escritura", "nivel_instruccion": "Secundaria", "area_total": 6540.84, "org_riego": "Guanguilqui porotog", "sector_comunidad": "Larcachaca", "canal": "Guanguilqui porotog", "area_sin_riego": 6540.84, "frecuencia_riego": "Semanal", "metodo_aspersion_pct": 100, "dias_riego": 2, "horas_turno": 12, "valor_tarifa": 3.0, "tipo_tarifa": "fijo mensual", "cota_msnm": 3580.0, "conoce_presa": "Sí", "como_elige_dir": "Asamblea general", "nom_presidente": "Juaquin Tipanluisa ", "operador_sector": "Roberto Aigaje", "anios_sistema": 36, "km_canal": 63.0, "recibio_capacitacion": "Sí", "le_gustaria_cap": "Sí", "temas_capacitacion": "Sobre el riego", "cedula": "1715959084", "caudal_valor": 2860.0, "coord_x_utm": 819017.51, "coord_y_utm": 9989152.1, "act_productivas_pct": 100, "actividad_productiva": "Particular"}, "geometry": {"type": "Point", "coordinates": [-78.13427, -0.098021]}}, {"type": "Feature", "properties": {"id": "{78607b5e-fc87-46e6-9e80-7369618fddfb}", "cod_poligono": "1702521010009", "num_predio": 18, "codigo_final": "S-C-P018_5", "propietario": "IMBAQUINGO SOPALO MARIA ELIZA", "parroquia": "CANGAHUA", "caudal_tipo": "Recibe la Comunidad", "tiene_reservorio": "Comunitario", "creado_por": "u0_a504", "fecha_creacion": "2026-05-21T12:03:34.306Z", "apellidos": "IMBAQUINGO SOPALO", "nombres": "MARIA ELIZA", "clave_catastral": "1702521010009", "hijos_hombres": 2, "hijos_mujeres": 2, "sector": "Guang-Porotog", "tenencia_predio": "Escritura", "nivel_instruccion": "Primaria", "area_total": 6669.33, "org_riego": "Guanguilqui porotog", "sector_comunidad": "Larcachaca", "canal": "Guanguilqui porotog", "area_sin_riego": 6669.33, "frecuencia_riego": "Semanal", "metodo_aspersion_pct": 100, "dias_riego": 2, "horas_turno": 12, "valor_tarifa": 3.0, "tipo_tarifa": "fijo mensual", "cota_msnm": 3515.0, "conoce_presa": "Sí", "como_elige_dir": "Asamblea general", "nom_presidente": "Juaquin Tipanluisa ", "operador_sector": "Roberto Aigaje", "anios_sistema": 36, "km_canal": 63.0, "recibio_capacitacion": "Sí", "le_gustaria_cap": "Sí", "temas_capacitacion": "Sobre el riego", "cedula": "1726232661", "caudal_valor": 2860.0, "coord_x_utm": 818723.98, "coord_y_utm": 9989512.76, "act_productivas_pct": 100, "actividad_productiva": "Particular"}, "geometry": {"type": "Point", "coordinates": [-78.136904, -0.094762]}}, {"type": "Feature", "properties": {"id": "{4460ba35-f89d-4626-ad35-f7f4f35495e7}", "cod_poligono": "1702521010009", "num_predio": 19, "codigo_final": "S-C-P019_5", "propietario": "IMBAQUINGO SOPALO MARIA ELIZA", "parroquia": "CANGAHUA", "caudal_tipo": "Recibe la Comunidad", "tiene_reservorio": "Comunitario", "creado_por": "u0_a504", "fecha_creacion": "2026-05-21T12:07:11.349Z", "apellidos": "IMBAQUINGO SOPALO ", "nombres": "Juan Cruz ", "clave_catastral": "1702521010009", "hijos_hombres": 1, "sector": "Guang-Porotog", "tenencia_predio": "Sin Escritura", "nivel_instruccion": "Secundaria", "area_total": 6669.33, "org_riego": "Guanguilqui porotog", "sector_comunidad": "Larcachaca", "canal": "Guanguilqui porotog", "area_sin_riego": 6669.33, "frecuencia_riego": "Semanal", "metodo_aspersion_pct": 100, "dias_riego": 2, "horas_turno": 12, "valor_tarifa": 3.0, "tipo_tarifa": "fijo mensual", "agua_consumo": 1, "energia_electrica": 1, "material_construccion": "BLOQUE", "cota_msnm": 3515.0, "conoce_presa": "Sí", "como_elige_dir": "Asamblea general", "nom_presidente": "Juaquin Tipanluisa ", "operador_sector": "Roberto Aigaje", "anios_sistema": 36, "km_canal": 63.0, "recibio_capacitacion": "Sí", "le_gustaria_cap": "Sí", "temas_capacitacion": "Sobre el riego", "cedula": "1718241910", "caudal_valor": 2860.0, "coord_x_utm": 818734.34, "coord_y_utm": 9989498.05, "soberania_aliment_pct": 50, "act_productivas_pct": 50, "actividad_productiva": "Particular", "observaciones": "Sin escritura"}, "geometry": {"type": "Point", "coordinates": [-78.136811, -0.094895]}}, {"type": "Feature", "properties": {"id": "{7f33d697-5dd2-4b0f-a99d-3958ee08b72a}", "cod_poligono": "1702521010009", "num_predio": 191, "codigo_final": "S-C-P191", "propietario": "IMBAQUINGO SOPALO MARIA ELIZA", "parroquia": "CANGAHUA", "caudal_tipo": "Recibe la Comunidad", "tiene_reservorio": "Comunitario", "foto_predio": "DCIM/JPEG_20260521172718705.jpg", "creado_por": "u0_a504", "fecha_creacion": "2026-05-21T12:19:58.201Z", "apellidos": "IMBAQUINGO SOPALO", "nombres": "LUIS RAFAEL ", "clave_catastral": "1702521010009", "telefono_celular": "0986213030", "hijos_hombres": 1, "hijos_mujeres": 1, "sector": "Guang-Porotog", "tenencia_predio": "Sin Escritura", "nivel_instruccion": "Primaria", "area_total": 6669.33, "org_riego": "Guanguilqui porotog", "sector_comunidad": "Larcachaca", "canal": "Guanguilqui porotog", "area_sin_riego": 6669.33, "frecuencia_riego": "Semanal", "metodo_aspersion_pct": 100, "dias_riego": 2, "horas_turno": 12, "valor_tarifa": 3.0, "tipo_tarifa": "fijo mensual", "cota_msnm": 3510.0, "conoce_presa": "Sí", "como_elige_dir": "Asamblea general", "nom_presidente": "Juaquin Tipanluisa ", "operador_sector": "Roberto Aigaje", "anios_sistema": 36, "km_canal": 63.0, "recibio_capacitacion": "Sí", "le_gustaria_cap": "Sí", "temas_capacitacion": "Sobre el riego", "cedula": "1726232661", "caudal_valor": 2860.0, "coord_x_utm": 818800.46, "coord_y_utm": 9989532.84, "act_productivas_pct": 100, "actividad_productiva": "Particular", "observaciones": "Sin escritura"}, "geometry": {"type": "Point", "coordinates": [-78.136218, -0.094581]}}, {"type": "Feature", "properties": {"id": "{7c0a66ba-d33a-49f7-a05d-664fc7324dc1}", "cod_poligono": "1702521050001", "num_predio": 20, "codigo_final": "S-C-P020_5", "propietario": "IMBAQUINGO FARINANGUILLO VICENTE", "parroquia": "CANGAHUA", "caudal_tipo": "Recibe la Comunidad", "tiene_reservorio": "Comunitario", "creado_por": "u0_a504", "fecha_creacion": "2026-05-21T12:28:17.395Z", "apellidos": "IMBAQUINGO FARINANGUILLO", "nombres": "VICENTE", "clave_catastral": "1702521050001", "hijos_hombres": 4, "hijos_mujeres": 3, "sector": "Guang-Porotog", "tenencia_predio": "Escritura", "nivel_instruccion": "Ninguno", "area_total": 12346.05, "org_riego": "Guanguilqui porotog", "sector_comunidad": "Larcachaca", "canal": "Guanguilqui porotog", "area_sin_riego": 12346.05, "frecuencia_riego": "Semanal", "metodo_aspersion_pct": 100, "dias_riego": 1, "horas_turno": 8, "valor_tarifa": 3.0, "tipo_tarifa": "fijo mensual", "agua_consumo": 1, "material_construccion": "BLOQUE", "cota_msnm": 3510.0, "conoce_presa": "Sí", "como_elige_dir": "Asamblea general", "nom_presidente": "Juaquin Tipanluisa ", "operador_sector": "Roberto Aigaje", "anios_sistema": 36, "km_canal": 63.0, "recibio_capacitacion": "Sí", "le_gustaria_cap": "Sí", "temas_capacitacion": "Sobre el riego", "cedula": "1000746352", "caudal_valor": 2860.0, "coord_x_utm": 820578.94, "coord_y_utm": 9989404.19}, "geometry": {"type": "Point", "coordinates": [-78.120255, -0.095742]}}, {"type": "Feature", "properties": {"id": "{260554bc-8ce1-474b-a973-bd9192cc2297}", "cod_poligono": "1702521050001", "num_predio": 21, "codigo_final": "S-C-P021_5", "propietario": "IMBAQUINGO FARINANGUILLO VICENTE", "parroquia": "CANGAHUA", "caudal_tipo": "Recibe la Comunidad", "tiene_reservorio": "Comunitario", "creado_por": "u0_a504", "fecha_creacion": "2026-05-21T12:32:00.518Z", "apellidos": "IMBAQUINGO Sopalo", "nombres": "MARIA ELIZA", "clave_catastral": "1702521050001", "telefono_celular": "0968877946", "hijos_hombres": 2, "hijos_mujeres": 2, "sector": "Guang-Porotog", "tenencia_predio": "Sin Escritura", "nivel_instruccion": "Primaria", "area_total": 12346.05, "org_riego": "Guanguilqui porotog", "sector_comunidad": "Larcachaca", "canal": "Guanguilqui porotog", "area_sin_riego": 12346.05, "frecuencia_riego": "Semanal", "metodo_aspersion_pct": 100, "horas_turno": 8, "valor_tarifa": 3.0, "tipo_tarifa": "fijo mensual", "cota_msnm": 3510.0, "conoce_presa": "Sí", "como_elige_dir": "Asamblea general", "nom_presidente": "Juaquin Tipanluisa ", "operador_sector": "Roberto Aigaje", "anios_sistema": 36, "km_canal": 63.0, "recibio_capacitacion": "Sí", "le_gustaria_cap": "Sí", "temas_capacitacion": "Sobre el riego", "cedula": "1726232661", "caudal_valor": 2860.0, "coord_x_utm": 820589.35, "coord_y_utm": 9989396.99, "act_productivas_pct": 100, "actividad_productiva": "Particular"}, "geometry": {"type": "Point", "coordinates": [-78.120162, -0.095807]}}, {"type": "Feature", "properties": {"id": "{67c7fc8b-815e-4ba1-adc3-15be9400d80e}", "cod_poligono": "1702521050001", "num_predio": 22, "codigo_final": "S-C-P022_5", "propietario": "IMBAQUINGO FARINANGUILLO VICENTE", "parroquia": "CANGAHUA", "caudal_tipo": "Recibe la Comunidad", "tiene_reservorio": "Comunitario", "creado_por": "u0_a504", "fecha_creacion": "2026-05-21T12:35:40.278Z", "apellidos": "IMBAQUINGO SOPALO", "nombres": "JUAN CRUZ", "clave_catastral": "1702521050001", "hijos_hombres": 1, "sector": "Guang-Porotog", "tenencia_predio": "Sin Escritura", "area_total": 12346.05, "org_riego": "Guanguilqui porotog", "sector_comunidad": "Larcachaca", "canal": "Guanguilqui porotog", "area_sin_riego": 12346.05, "frecuencia_riego": "Semanal", "metodo_aspersion_pct": 100, "dias_riego": 1, "horas_turno": 8, "valor_tarifa": 3.0, "tipo_tarifa": "fijo mensual", "cota_msnm": 3510.0, "conoce_presa": "Sí", "como_elige_dir": "Asamblea general", "nom_presidente": "Juaquin Tipanluisa ", "operador_sector": "Roberto Aigaje", "anios_sistema": 36, "km_canal": 63.0, "recibio_capacitacion": "Sí", "le_gustaria_cap": "Sí", "temas_capacitacion": "Sobre el riego", "cedula": "171824190", "caudal_valor": 2860.0, "coord_x_utm": 820602.49, "coord_y_utm": 9989389.79, "act_productivas_pct": 100, "actividad_productiva": "Particular", "observaciones": "Sin escrituras "}, "geometry": {"type": "Point", "coordinates": [-78.120044, -0.095872]}}, {"type": "Feature", "properties": {"id": "{15d065c3-030d-4199-9ec8-4713f980e310}", "cod_poligono": "1702521050001", "num_predio": 23, "codigo_final": "S-C-P023_5", "propietario": "IMBAQUINGO FARINANGUILLO VICENTE", "parroquia": "CANGAHUA", "caudal_tipo": "Recibe la Comunidad", "tiene_reservorio": "Comunitario", "foto_predio": "DCIM/JPEG_20260521174309525.jpg", "creado_por": "u0_a504", "fecha_creacion": "2026-05-21T12:39:44.281Z", "apellidos": "IMBAQUINGO SOPALO", "nombres": "LUIS RAFAEL ", "clave_catastral": "1702521050001", "telefono_celular": "0986213030", "hijos_hombres": 1, "hijos_mujeres": 1, "sector": "Guang-Porotog", "tenencia_predio": "Sin Escritura", "nivel_instruccion": "Primaria", "area_total": 12346.05, "org_riego": "Guanguilqui porotog", "sector_comunidad": "Larcachaca", "canal": "Guanguilqui porotog", "area_sin_riego": 12346.05, "frecuencia_riego": "Semanal", "metodo_aspersion_pct": 100, "dias_riego": 1, "horas_turno": 8, "valor_tarifa": 3.0, "tipo_tarifa": "fijo mensual", "cota_msnm": 3510.0, "conoce_presa": "Sí", "como_elige_dir": "Asamblea general", "nom_presidente": "Juaquin Tipanluisa ", "operador_sector": "Roberto Aigaje", "anios_sistema": 36, "km_canal": 63.0, "recibio_capacitacion": "Sí", "le_gustaria_cap": "Sí", "temas_capacitacion": "Sobre el riego", "cedula": "1717937880", "caudal_valor": 2860.0, "coord_x_utm": 820615.63, "coord_y_utm": 9989378.54, "act_productivas_pct": 100, "actividad_productiva": "Particular", "observaciones": "Sin escrituras"}, "geometry": {"type": "Point", "coordinates": [-78.119926, -0.095974]}}, {"type": "Feature", "properties": {"id": "{b8791c70-150d-4b4e-b608-556b8f055648}", "cod_poligono": "1702521050001", "num_predio": 24, "codigo_final": "S-C-P024_3", "propietario": "IMBAQUINGO FARINANGUILLO VICENTE", "parroquia": "CANGAHUA", "caudal_tipo": "Recibe la Comunidad", "tiene_reservorio": "Comunitario", "creado_por": "u0_a504", "fecha_creacion": "2026-05-21T12:43:23.426Z", "apellidos": "IMBAQUINGO SOPALO", "nombres": "MARIA MARTINA", "clave_catastral": "1702521050001", "telefono_celular": "0992159957", "hijos_mujeres": 2, "sector": "Guang-Porotog", "tenencia_predio": "Sin Escritura", "nivel_instruccion": "Primaria", "area_total": 12346.05, "org_riego": "Guanguilqui porotog", "sector_comunidad": "Larcachaca", "canal": "Guanguilqui porotog", "area_sin_riego": 12346.05, "frecuencia_riego": "Semanal", "metodo_aspersion_pct": 100, "dias_riego": 1, "horas_turno": 8, "valor_tarifa": 3.0, "tipo_tarifa": "fijo mensual", "cota_msnm": 3510.0, "conoce_presa": "Sí", "como_elige_dir": "Asamblea general", "nom_presidente": "Juaquin Tipanluisa ", "operador_sector": "Roberto Aigaje", "anios_sistema": 36, "km_canal": 63.0, "recibio_capacitacion": "Sí", "le_gustaria_cap": "Sí", "temas_capacitacion": "Sobre el riego", "cedula": "1714112339", "caudal_valor": 2860.0, "coord_x_utm": 820635.11, "coord_y_utm": 9989364.59, "act_productivas_pct": 100, "actividad_productiva": "Particular", "observaciones": "Sin escrituras"}, "geometry": {"type": "Point", "coordinates": [-78.119751, -0.0961]}}, {"type": "Feature", "properties": {"id": "{9001e128-f8c7-43c2-9dcc-ecc40a981d94}", "cod_poligono": "1702521040055", "num_predio": 25, "codigo_final": "S-C-P025_3", "propietario": "SOPALO UMAQUINGA JOSE JOAQUIN", "parroquia": "CANGAHUA", "caudal_tipo": "Recibe la Comunidad", "tiene_reservorio": "Comunitario", "foto_predio": "DCIM/JPEG_20260521175651462.jpg", "creado_por": "u0_a504", "fecha_creacion": "2026-05-21T12:51:58.945Z", "apellidos": "SOPALO UMAQUINGA", "nombres": "JOSE JOAQUIN", "clave_catastral": "1702521040055", "telefono_celular": "0993054817", "hijos_hombres": 2, "hijos_mujeres": 1, "sector": "Guang-Porotog", "tenencia_predio": "Escritura", "nivel_instruccion": "Secundaria", "area_total": 1851.46, "org_riego": "Guanguilqui porotog", "sector_comunidad": "Larcachaca", "canal": "Guanguilqui porotog", "area_sin_riego": 1851.46, "frecuencia_riego": "Semanal", "metodo_aspersion_pct": 100, "dias_riego": 3, "horas_turno": 12, "valor_tarifa": 3.0, "tipo_tarifa": "fijo mensual", "agua_consumo": 1, "energia_electrica": 1, "material_construccion": "BLOQUE", "cota_msnm": 3550.0, "conoce_presa": "Sí", "como_elige_dir": "Asamblea general", "nom_presidente": "Juaquin Tipanluisa ", "operador_sector": "Roberto Aigaje", "anios_sistema": 36, "km_canal": 63.0, "recibio_capacitacion": "Sí", "le_gustaria_cap": "Sí", "temas_capacitacion": "Sobre el riego", "cedula": "1712289949", "caudal_valor": 2860.0, "coord_x_utm": 819243.42, "coord_y_utm": 9989438.53, "soberania_aliment_pct": 100, "actividad_productiva": "Particular"}, "geometry": {"type": "Point", "coordinates": [-78.132242, -0.095432]}}, {"type": "Feature", "properties": {"id": "{db061ed8-4831-4d42-a021-6ba45c50635f}", "cod_poligono": "1702521010051", "num_predio": 26, "codigo_final": "S-C-P026_3", "propietario": "SOPALO UMAQUINGA JOSE JOAQUIN", "parroquia": "CANGAHUA", "caudal_tipo": "Recibe la Comunidad", "tiene_reservorio": "Comunitario", "foto_predio": "DCIM/JPEG_20260521180411150.jpg", "creado_por": "u0_a504", "fecha_creacion": "2026-05-21T12:59:32.663Z", "apellidos": "SOPALO UMAQUINGA", "nombres": "JOSE JOAQUIN", "clave_catastral": "1702521010051", "telefono_celular": "0993054817", "hijos_hombres": 2, "hijos_mujeres": 1, "sector": "Guang-Porotog", "tenencia_predio": "Escritura", "nivel_instruccion": "Secundaria", "area_total": 11034.92, "org_riego": "Guanguilqui porotog", "sector_comunidad": "Larcachaca", "canal": "Guanguilqui porotog", "area_sin_riego": 11034.92, "frecuencia_riego": "Semanal", "metodo_aspersion_pct": 100, "dias_riego": 3, "horas_turno": 12, "valor_tarifa": 3.0, "tipo_tarifa": "fijo mensual", "agua_consumo": 1, "energia_electrica": 1, "material_construccion": "BLOQUE", "cota_msnm": 3595.0, "conoce_presa": "Sí", "como_elige_dir": "Asamblea general", "nom_presidente": "Juaquin Tipanluisa ", "operador_sector": "Roberto Aigaje", "anios_sistema": 36, "km_canal": 63.0, "recibio_capacitacion": "Sí", "le_gustaria_cap": "Sí", "temas_capacitacion": "Sobre el riego", "cedula": "1712289949", "caudal_valor": 2860.0, "coord_x_utm": 819019.68, "coord_y_utm": 9989015.63, "soberania_aliment_pct": 50, "act_productivas_pct": 50, "actividad_productiva": "Particular"}, "geometry": {"type": "Point", "coordinates": [-78.13425, -0.099254]}}, {"type": "Feature", "properties": {"id": "{0223a662-c609-4f29-92e0-d717d507d570}", "cod_poligono": "1702521050006", "num_predio": 27, "codigo_final": "S-C-P027_3", "propietario": "SOPALO UMAQUINGA JOSE JOAQUIN", "parroquia": "CANGAHUA", "caudal_tipo": "Recibe la Comunidad", "tiene_reservorio": "Comunitario", "foto_predio": "DCIM/JPEG_20260521180913229.jpg", "creado_por": "u0_a504", "fecha_creacion": "2026-05-21T13:06:02.313Z", "apellidos": "SOPALO UMAQUINGA", "nombres": "JOSE JOAQUIN", "clave_catastral": "1702521050006", "telefono_celular": "0993054817", "hijos_hombres": 2, "hijos_mujeres": 1, "sector": "Guang-Porotog", "tenencia_predio": "Escritura", "nivel_instruccion": "Secundaria", "area_total": 2812.12, "org_riego": "Guanguilqui porotog", "sector_comunidad": "Larcachaca", "canal": "Guanguilqui porotog", "area_sin_riego": 2812.12, "frecuencia_riego": "Semanal", "metodo_aspersion_pct": 100, "dias_riego": 1, "horas_turno": 10, "valor_tarifa": 3.0, "tipo_tarifa": "fijo mensual", "cota_msnm": 3520.0, "conoce_presa": "Sí", "como_elige_dir": "Asamblea general", "nom_presidente": "Juaquin Tipanluisa ", "operador_sector": "Roberto Aigaje", "anios_sistema": 36, "km_canal": 63.0, "recibio_capacitacion": "Sí", "le_gustaria_cap": "Sí", "temas_capacitacion": "Sobre el riego", "cedula": "1712289949", "caudal_valor": 2860.0, "coord_x_utm": 820953.18, "coord_y_utm": 9989523.98, "act_productivas_pct": 100}, "geometry": {"type": "Point", "coordinates": [-78.116897, -0.094659]}}, {"type": "Feature", "properties": {"id": "{7ae08dd9-8bbf-4357-894d-b43b1bbba884}", "cod_poligono": "1702521450071", "num_predio": 28, "codigo_final": "S-C-P028_2", "propietario": "SOPALO UMAQUINGA JOSE JOAQUIN", "parroquia": "CANGAHUA", "caudal_tipo": "Recibe la Comunidad", "tiene_reservorio": "Comunitario", "foto_predio": "DCIM/JPEG_20260521181322125.jpg", "creado_por": "u0_a504", "fecha_creacion": "2026-05-21T13:10:12.870Z", "apellidos": "SOPALO UMAQUINGA", "nombres": "JOSE JOAQUIN", "clave_catastral": "1702521450071", "telefono_celular": "0993054817", "hijos_hombres": 2, "hijos_mujeres": 1, "sector": "Guang-Porotog", "tenencia_predio": "Sin Escritura", "nivel_instruccion": "Secundaria", "area_total": 1975.33, "org_riego": "Guanguilqui porotog", "sector_comunidad": "Larcachaca", "canal": "Guanguilqui porotog", "area_sin_riego": 1975.33, "frecuencia_riego": "Semanal", "metodo_aspersion_pct": 100, "dias_riego": 1, "horas_turno": 10, "valor_tarifa": 3.0, "tipo_tarifa": "fijo mensual", "cota_msnm": 3400.0, "conoce_presa": "Sí", "como_elige_dir": "Asamblea general", "nom_presidente": "Juaquin Tipanluisa ", "operador_sector": "Roberto Aigaje", "anios_sistema": 36, "km_canal": 63.0, "recibio_capacitacion": "Sí", "le_gustaria_cap": "Sí", "temas_capacitacion": "Sobre el riego", "caudal_valor": 2860.0, "coord_x_utm": 822030.43, "coord_y_utm": 9989128.35, "act_productivas_pct": 100, "actividad_productiva": "Particular", "observaciones": "Sin escrituras"}, "geometry": {"type": "Point", "coordinates": [-78.107228, -0.098233]}}, {"type": "Feature", "properties": {"id": "{f388862a-ce8d-4a43-832c-44b1d5fe9df1}", "cod_poligono": "1702521470028", "num_predio": 29, "codigo_final": "S-C-P029_3", "propietario": "IMBAQUINGO ULCUANGO FERNANDO", "parroquia": "CANGAHUA", "creado_por": "u0_a504", "fecha_creacion": "2026-05-21T15:49:42.953Z", "apellidos": "IMBAQUINGO ULCUANGO", "nombres": "FERNANDO", "clave_catastral": "1702521470028", "hijos_hombres": 4, "tenencia_predio": "Escritura", "area_total": 10348.24, "area_sin_riego": 10348.24, "cota_msnm": 3520.0, "cedula": "1704004140", "coord_x_utm": 820776.33, "coord_y_utm": 9989224.39}, "geometry": {"type": "Point", "coordinates": [-78.118484, -0.097366]}}, {"type": "Feature", "properties": {"id": "{f0069aa8-3820-4c9e-b4c3-7dc650ef07ef}", "cod_poligono": "1702521010016", "num_predio": 30, "codigo_final": "S-C-P030_3", "propietario": "AIGAJE QUINATOA IVAN GEOVANNY", "parroquia": "CANGAHUA", "caudal_tipo": "Recibe la Comunidad", "tiene_reservorio": "Comunitario", "foto_predio": "DCIM/JPEG_20260521213249681.jpg", "creado_por": "u0_a504", "fecha_creacion": "2026-05-21T16:22:59.292Z", "apellidos": "AIGAJE QUINATOA", "nombres": "IVAN GEOVANNY", "clave_catastral": "1702521010016", "telefono_celular": "0989635909", "sector": "Guang-Porotog", "tenencia_predio": "Escritura", "nivel_instruccion": "Primaria", "area_total": 3417.64, "org_riego": "Guanguilqui porotog", "sector_comunidad": "Larcachaca ", "canal": "Guanguilqui porotog", "area_sin_riego": 3417.64, "frecuencia_riego": "Semanal", "metodo_aspersion_pct": 100, "dias_riego": 2, "horas_turno": 12, "valor_tarifa": 3.0, "tipo_tarifa": "fijo mensual", "agua_consumo": 1, "energia_electrica": 1, "material_construccion": "BLOQUE", "cota_msnm": 3535.0, "conoce_presa": "Sí", "como_elige_dir": "Asamblea general", "nom_presidente": "Juaquin Tipanluisa", "operador_sector": "Roberto Aigaje", "anios_sistema": 15, "km_canal": 63.0, "recibio_capacitacion": "Sí", "le_gustaria_cap": "Sí", "temas_capacitacion": "De cultivo", "cedula": "1726801077", "caudal_valor": 28.6, "coord_x_utm": 818866.59, "coord_y_utm": 9989417.72, "soberania_aliment_pct": 50, "act_productivas_pct": 50, "actividad_productiva": "Particular"}, "geometry": {"type": "Point", "coordinates": [-78.135624, -0.095621]}}, {"type": "Feature", "properties": {"id": "{0cd1547f-c294-42af-b3ff-e33ddec0976e}", "cod_poligono": "1702521040019", "num_predio": 1, "codigo_final": "S-C-P001_6", "propietario": "ACERO IMBAQUINGO JOSE LEONARDO", "parroquia": "CANGAHUA", "caudal_tipo": "Recibe la Comunidad", "tiene_reservorio": "Comunitario", "foto_predio": "DCIM/JPEG_20260521133122203.jpg", "creado_por": "u0_a362", "fecha_creacion": "2026-05-21T08:11:26.436Z", "apellidos": "ACERO IMBAQUINGO", "nombres": "JOSE LEONARDO", "clave_catastral": "1702521040019", "telefono_celular": "0988521346", "hijos_hombres": 3, "hijos_mujeres": 4, "sector": "Guang-Porotog", "tenencia_predio": "Escritura", "nivel_instruccion": "Primaria", "area_total": 2991.43, "org_riego": "Larcachaca", "sector_comunidad": "Larcachaca", "canal": "Guanguilqui Porotog", "area_sin_riego": 2991.43, "frecuencia_riego": "Semanal", "metodo_aspersion_pct": 100, "dias_riego": 2, "horas_turno": 12, "valor_tarifa": 3.0, "tipo_tarifa": "fijo mensual", "agua_consumo": 1, "energia_electrica": 1, "material_construccion": "BLOQUE", "cota_msnm": 3560.0, "conoce_presa": "Sí", "como_elige_dir": "Asamblea general", "nom_presidente": "Joaquin Tipanluiza", "operador_sector": "Roberto Aigaje", "anios_sistema": 15, "km_canal": 63.0, "recibio_capacitacion": "Sí", "le_gustaria_cap": "Sí", "temas_capacitacion": "Mejoramiento del sistema de agua de riego ", "cedula": "1714058854", "caudal_valor": 28.6, "coord_x_utm": 819358.31, "coord_y_utm": 9989355.45, "soberania_aliment_pct": 50, "act_productivas_pct": 50, "actividad_productiva": "Particular", "observaciones": "Ninguna"}, "geometry": {"type": "Point", "coordinates": [-78.131211, -0.096183]}}, {"type": "Feature", "properties": {"id": "{4a7321dc-edbd-42c6-809d-794fa8505eaa}", "cod_poligono": "1702521010143", "num_predio": 204, "codigo_final": "S-C-P204", "propietario": "TIPANLUISA LANCHIMBA JOSE LINO", "parroquia": "CANGAHUA", "caudal_tipo": "Recibe la Comunidad", "tiene_reservorio": "No", "foto_predio": "DCIM/JPEG_20260521135149646.jpg", "creado_por": "u0_a362", "fecha_creacion": "2026-05-21T08:41:49.253Z", "apellidos": "TIPANLUISA LANCHIMBA", "nombres": "JOSE LINO", "clave_catastral": "1702521010143", "telefono_celular": "0968375850", "hijos_hombres": 3, "sector": "Guang-Porotog", "tenencia_predio": "Escritura", "nivel_instruccion": "Secundaria", "area_total": 2503.51, "org_riego": "La Arcachaca", "sector_comunidad": "La Arcacha ", "canal": "Guanguilqui Porotog", "area_sin_riego": 2503.51, "frecuencia_riego": "Semanal", "metodo_aspersion_pct": 100, "dias_riego": 2, "horas_turno": 12, "valor_tarifa": 3.0, "tipo_tarifa": "fijo mensual", "agua_consumo": 1, "energia_electrica": 1, "material_construccion": "HORMIGÓN ARMADO", "cota_msnm": 3590.0, "conoce_presa": "Sí", "como_elige_dir": "Asamblea general", "nom_presidente": "Joaquin Tipanluiza", "operador_sector": "Roberto Aigaje", "anios_sistema": 15, "km_canal": 63.0, "recibio_capacitacion": "Sí", "le_gustaria_cap": "Sí", "temas_capacitacion": "Mejoramiento del sistema de agua de riego ", "cedula": "1717275448", "caudal_valor": 286.0, "coord_x_utm": 819187.45, "coord_y_utm": 9989058.02, "soberania_aliment_pct": 50, "act_productivas_pct": 50, "actividad_productiva": "Particular"}, "geometry": {"type": "Point", "coordinates": [-78.132744, -0.098871]}}, {"type": "Feature", "properties": {"id": "{5eefe708-e55f-4cc4-be94-2a9f618d2600}", "cod_poligono": "1702521010143", "num_predio": 3, "codigo_final": "S-C-P003_6", "propietario": "TIPANLUISA LANCHIMBA JOSE LINO", "parroquia": "CANGAHUA", "caudal_tipo": "Recibe la Comunidad", "tiene_reservorio": "No", "foto_predio": "DCIM/JPEG_20260521140251077.jpg", "creado_por": "u0_a362", "fecha_creacion": "2026-05-21T08:56:33.246Z", "apellidos": "TIPANLUISA LANCHIMBA", "nombres": "JOSE LINO", "clave_catastral": "1702521010143", "telefono_celular": "0968375850", "hijos_hombres": 3, "sector": "Guang-Porotog", "tenencia_predio": "Escritura", "nivel_instruccion": "Secundaria", "area_total": 2503.51, "org_riego": "Larcachaca", "sector_comunidad": "Larcachaca", "canal": "Guanguilqui Porotog", "area_sin_riego": 2503.51, "frecuencia_riego": "Semanal", "metodo_aspersion_pct": 100, "dias_riego": 2, "horas_turno": 12, "valor_tarifa": 3.0, "tipo_tarifa": "fijo mensual", "agua_consumo": 1, "energia_electrica": 1, "material_construccion": "HORMIGÓN ARMADO", "cota_msnm": 3590.0, "conoce_presa": "Sí", "como_elige_dir": "Asamblea general", "nom_presidente": "Joaquin Tipanluiza", "operador_sector": "Roberto Aigaje", "anios_sistema": 15, "km_canal": 63.0, "recibio_capacitacion": "Sí", "le_gustaria_cap": "Sí", "temas_capacitacion": "Mejoramiento del sistema de agua de riego ", "cedula": "1717275448", "caudal_valor": 286.0, "coord_x_utm": 819188.4, "coord_y_utm": 9989078.71, "soberania_aliment_pct": 50, "act_productivas_pct": 50, "actividad_productiva": "Particular"}, "geometry": {"type": "Point", "coordinates": [-78.132736, -0.098684]}}, {"type": "Feature", "properties": {"id": "{2f060efb-8fdc-434f-9995-08e0486b9349}", "cod_poligono": "1702521010054", "num_predio": 4, "codigo_final": "S-C-P004_6", "propietario": "SOPALO UMAQUINGA PASCUAL", "parroquia": "CANGAHUA", "caudal_tipo": "Recibe la Comunidad", "tiene_reservorio": "Comunitario", "foto_predio": "DCIM/JPEG_20260521150413516.jpg", "creado_por": "u0_a362", "fecha_creacion": "2026-05-21T09:54:15.734Z", "apellidos": "SOPALO UMAQUINGA", "nombres": "PASCUAL", "clave_catastral": "1702521010054", "hijos_mujeres": 1, "sector": "Guang-Porotog", "tenencia_predio": "Escritura", "nivel_instruccion": "Primaria", "area_total": 6861.33, "org_riego": "Junta guanguilqui porotog", "sector_comunidad": "Larcachaca", "canal": "Guanguilqui Porotog", "area_sin_riego": 6861.33, "frecuencia_riego": "Semanal", "metodo_aspersion_pct": 100, "dias_riego": 2, "horas_turno": 12, "valor_tarifa": 3.0, "tipo_tarifa": "fijo mensual", "agua_consumo": 1, "energia_electrica": 1, "material_construccion": "Otros", "cota_msnm": 3590.0, "conoce_presa": "Sí", "como_elige_dir": "Asamblea general", "nom_presidente": "Joaquin tipanluisa", "operador_sector": "Roberto Aigaje", "anios_sistema": 15, "km_canal": 66.0, "recibio_capacitacion": "Sí", "le_gustaria_cap": "Sí", "temas_capacitacion": "Como manejar el sistema ", "cedula": "1707316046", "caudal_valor": 28.6, "coord_x_utm": 818965.19, "coord_y_utm": 9989106.19, "soberania_aliment_pct": 50, "act_productivas_pct": 50, "actividad_productiva": "Particular", "material_constr_otro": "Adobe"}, "geometry": {"type": "Point", "coordinates": [-78.134739, -0.098436]}}, {"type": "Feature", "properties": {"id": "{e62f71bb-ae36-4109-a103-6c70e397c27e}", "cod_poligono": "1702521010001", "num_predio": 5, "codigo_final": "S-C-P005_6", "propietario": "ACERO CHIQUIMBA JOSE TORIBIO", "parroquia": "CANGAHUA", "caudal_tipo": "Recibe la Comunidad", "tiene_reservorio": "Comunitario", "foto_predio": "DCIM/JPEG_20260521151212098.jpg", "creado_por": "u0_a362", "fecha_creacion": "2026-05-21T10:06:01.136Z", "apellidos": "ACERO CHIQUIMBA", "nombres": "JOSE TORIBIO", "clave_catastral": "1702521010001", "telefono_celular": "0979479227", "hijos_hombres": 3, "hijos_mujeres": 2, "sector": "Guang-Porotog", "tenencia_predio": "Escritura", "nivel_instruccion": "Primaria", "area_total": 6180.54, "org_riego": "Junta guanguilqui porotog", "sector_comunidad": "Larcachaca", "canal": "Guanguilqui Porotog", "area_sin_riego": 6180.54, "frecuencia_riego": "Semanal", "metodo_aspersion_pct": 100, "dias_riego": 2, "horas_turno": 12, "valor_tarifa": 3.0, "tipo_tarifa": "fijo mensual", "agua_consumo": 1, "energia_electrica": 1, "material_construccion": "HORMIGÓN ARMADO", "cota_msnm": 3475.0, "conoce_presa": "Sí", "como_elige_dir": "Asamblea general", "nom_presidente": "Joaquin tipanluisa", "operador_sector": "Roberto Aigaje", "anios_sistema": 15, "km_canal": 66.0, "recibio_capacitacion": "Sí", "le_gustaria_cap": "Sí", "temas_capacitacion": "Como manejar el sistema ", "cedula": "1709839813", "caudal_valor": 286.0, "coord_x_utm": 818664.39, "coord_y_utm": 9989740.12, "soberania_aliment_pct": 50, "act_productivas_pct": 50, "actividad_productiva": "Particular", "observaciones": "Ninguna"}, "geometry": {"type": "Point", "coordinates": [-78.13744, -0.092708]}}, {"type": "Feature", "properties": {"id": "{885d5169-fc16-4e95-90e3-0d011bee96a4}", "cod_poligono": "1702521040084", "num_predio": 6, "codigo_final": "S-C-P006_6", "propietario": "IMBAQUINGO ULCUANGO ESTHER AVELINA", "parroquia": "CANGAHUA", "caudal_tipo": "Recibe la Comunidad", "tiene_reservorio": "Comunitario", "foto_predio": "DCIM/JPEG_20260521152318746.jpg", "creado_por": "u0_a362", "fecha_creacion": "2026-05-21T10:16:57.108Z", "apellidos": "IMBAQUINGO ULCUANGO", "nombres": "ESTHER AVELINA", "clave_catastral": "1702521040084", "telefono_celular": "0979479227", "hijos_hombres": 3, "hijos_mujeres": 2, "sector": "Guang-Porotog", "tenencia_predio": "Escritura", "nivel_instruccion": "Primaria", "area_total": 3930.43, "org_riego": "Junta guanguilqui Porotg", "sector_comunidad": "Larcachaca", "canal": "Guanguilqui Porotog", "area_sin_riego": 3930.43, "metodo_aspersion_pct": 100, "dias_riego": 2, "horas_turno": 12, "valor_tarifa": 3.0, "tipo_tarifa": "fijo mensual", "agua_consumo": 1, "energia_electrica": 1, "material_construccion": "HORMIGÓN ARMADO", "cota_msnm": 3505.0, "conoce_presa": "Sí", "como_elige_dir": "Asamblea general", "nom_presidente": "Joaquin Tipanluisa", "operador_sector": "Roberto Aigaje", "anios_sistema": 15, "km_canal": 66.0, "recibio_capacitacion": "Sí", "le_gustaria_cap": "Sí", "temas_capacitacion": "Ninguno", "cedula": "1711223618", "caudal_valor": 28.6, "coord_x_utm": 819258.61, "coord_y_utm": 9989932.78, "soberania_aliment_pct": 50, "act_productivas_pct": 50, "actividad_productiva": "Particular", "observaciones": "Ninguna"}, "geometry": {"type": "Point", "coordinates": [-78.132106, -0.090966]}}, {"type": "Feature", "properties": {"id": "{c6b649e7-e684-4f84-b8b4-6c17c4c02fc2}", "cod_poligono": "1702521040054", "num_predio": 7, "codigo_final": "S-C-P007_6", "propietario": "IMBAQUINGO LANCHIMBA CARLOS", "parroquia": "CANGAHUA", "caudal_tipo": "Recibe la Comunidad", "tiene_reservorio": "Comunitario", "foto_predio": "DCIM/JPEG_20260521153206892.jpg", "creado_por": "u0_a362", "fecha_creacion": "2026-05-21T10:26:10.662Z", "apellidos": "IMBAQUINGO LANCHIMBA", "nombres": "CARLOS", "clave_catastral": "1702521040054", "telefono_celular": "0999378354", "hijos_hombres": 2, "sector": "Guang-Porotog", "nivel_instruccion": "Secundaria", "area_total": 5869.58, "org_riego": "Junta guanguilqui Porotog", "sector_comunidad": "Larcachaca", "canal": "Guangalqui Porotog ", "area_sin_riego": 5869.58, "frecuencia_riego": "Semanal", "metodo_aspersion_pct": 100, "dias_riego": 2, "horas_turno": 12, "valor_tarifa": 3.0, "tipo_tarifa": "fijo mensual", "agua_consumo": 1, "energia_electrica": 1, "material_construccion": "BLOQUE", "cota_msnm": 3560.0, "conoce_presa": "Sí", "como_elige_dir": "Asamblea general", "nom_presidente": "Joaquin Tipanluisa", "operador_sector": "Roberto Aigaje", "anios_sistema": 15, "km_canal": 66.0, "recibio_capacitacion": "Sí", "le_gustaria_cap": "Sí", "temas_capacitacion": "Manejo sedl sistema ", "cedula": "1708793490", "caudal_valor": 286.0, "coord_x_utm": 819262.37, "coord_y_utm": 9989359.3, "soberania_aliment_pct": 50, "act_productivas_pct": 50, "actividad_productiva": "Particular", "observaciones": "Todo bien "}, "geometry": {"type": "Point", "coordinates": [-78.132072, -0.096148]}}, {"type": "Feature", "properties": {"id": "{5552a947-cc82-42ce-a1e1-e71569c436fb}", "cod_poligono": "1702521470021", "num_predio": 8, "codigo_final": "S-C-P008_6", "propietario": "IMBAQUINGO LANCHIMBA CARLOS", "parroquia": "CANGAHUA", "caudal_tipo": "Recibe la Comunidad", "tiene_reservorio": "Comunitario", "foto_predio": "DCIM/JPEG_20260521154057454.jpg", "creado_por": "u0_a362", "fecha_creacion": "2026-05-21T10:35:33.487Z", "apellidos": "IMBAQUINGO LANCHIMBA", "nombres": "CARLOS", "clave_catastral": "1702521470021", "telefono_celular": "0999378354", "hijos_hombres": 2, "sector": "Guang-Porotog", "nivel_instruccion": "Secundaria", "area_total": 8864.51, "org_riego": "Junata Guanguilqui Porotog", "sector_comunidad": "larcachaca", "canal": "Guanguilqui Porotog", "area_sin_riego": 8864.51, "frecuencia_riego": "Semanal", "metodo_aspersion_pct": 100, "dias_riego": 2, "horas_turno": 12, "valor_tarifa": 3.0, "tipo_tarifa": "fijo mensual", "agua_consumo": 0, "energia_electrica": 0, "cota_msnm": 3520.0, "conoce_presa": "Sí", "como_elige_dir": "Asamblea general", "nom_presidente": "Joaquin Tipanluisa", "operador_sector": "Roberto Aigaje ", "anios_sistema": 15, "km_canal": 66.0, "recibio_capacitacion": "Sí", "le_gustaria_cap": "Sí", "temas_capacitacion": "Manejo del sistemau", "cedula": "1708793490", "caudal_valor": 28.6, "coord_x_utm": 820689.69, "coord_y_utm": 9989101.08, "act_productivas_pct": 100, "actividad_productiva": "Particular", "observaciones": "Niguna"}, "geometry": {"type": "Point", "coordinates": [-78.119261, -0.09848]}}, {"type": "Feature", "properties": {"id": "{a5576b71-b7e2-4658-a04a-b7b2415d5da7}", "cod_poligono": "1702521040081", "num_predio": 9, "codigo_final": "S-C-P009_6", "propietario": "IMBAQUINGO LANCHIMBA CARLOS", "parroquia": "CANGAHUA", "caudal_tipo": "Recibe la Comunidad", "tiene_reservorio": "Comunitario", "foto_predio": "DCIM/JPEG_20260521155411532.jpg", "creado_por": "u0_a362", "fecha_creacion": "2026-05-21T10:43:19.356Z", "apellidos": "IMBAQUINGO LANCHIMBA", "nombres": "CARLOS", "clave_catastral": "1702521040081", "telefono_celular": "0999378354", "hijos_hombres": 2, "sector": "Guang-Porotog", "tenencia_predio": "Escritura", "nivel_instruccion": "Secundaria", "area_total": 2139.22, "org_riego": "Junta guanguilqui Porotog", "sector_comunidad": "Larcachaca", "canal": "Guanguilqui Porotog", "area_sin_riego": 2139.22, "frecuencia_riego": "Permanente", "metodo_aspersion_pct": 100, "dias_riego": 2, "horas_turno": 12, "agua_consumo": 1, "energia_electrica": 1, "material_construccion": "MADERA", "cota_msnm": 3550.0, "conoce_presa": "Sí", "como_elige_dir": "Asamblea general", "nom_presidente": "Joaquin Tipanluisa ", "operador_sector": "Roberto Aigaje", "anios_sistema": 15, "km_canal": 66.0, "recibio_capacitacion": "Sí", "le_gustaria_cap": "Sí", "temas_capacitacion": "Sobre el riego", "cedula": "1708793490", "caudal_valor": 28.6, "coord_x_utm": 819186.26, "coord_y_utm": 9989433.01, "soberania_aliment_pct": 50, "act_productivas_pct": 50, "actividad_productiva": "Particular", "observaciones": "Ninguna "}, "geometry": {"type": "Point", "coordinates": [-78.132755, -0.095482]}}, {"type": "Feature", "properties": {"id": "{037d088a-2edf-47d6-9dda-e66b583ae3fd}", "cod_poligono": "1702521040018", "num_predio": 10, "codigo_final": "S-C-P010_6", "propietario": "ACERO IMBAQUINGO SEGUNDO RAMIRO", "parroquia": "CANGAHUA", "caudal_tipo": "Recibe la Comunidad", "tiene_reservorio": "Comunitario", "foto_predio": "DCIM/JPEG_20260521160400190.jpg", "creado_por": "u0_a362", "fecha_creacion": "2026-05-21T10:57:31.289Z", "apellidos": "ACERO IMBAQUINGO", "nombres": "SEGUNDO RAMIRO", "clave_catastral": "1702521040018", "telefono_celular": "0979998294", "hijos_hombres": 2, "hijos_mujeres": 1, "sector": "Guang-Porotog", "tenencia_predio": "Escritura", "nivel_instruccion": "Primaria", "area_total": 3120.31, "org_riego": "Guanguilqui Porotog", "sector_comunidad": "Larcachaca ", "canal": "Guanguilqui Porotog", "area_sin_riego": 3120.31, "metodo_aspersion_pct": 100, "dias_riego": 2, "horas_turno": 12, "valor_tarifa": 3.0, "tipo_tarifa": "fijo mensual", "agua_consumo": 0, "energia_electrica": 0, "material_construccion": "Otros", "cota_msnm": 3555.0, "conoce_presa": "Sí", "como_elige_dir": "Asamblea general", "nom_presidente": "Joaquin Tipanluisa", "operador_sector": "Roberto Aigaje", "anios_sistema": 15, "km_canal": 66.0, "recibio_capacitacion": "Sí", "le_gustaria_cap": "Sí", "temas_capacitacion": "Manejo de riego ", "cedula": "1716488489", "caudal_valor": 28.6, "coord_x_utm": 819508.41, "coord_y_utm": 9989597.78, "act_productivas_pct": 100, "actividad_productiva": "Particular", "observaciones": "Ninguna"}, "geometry": {"type": "Point", "coordinates": [-78.129864, -0.093993]}}, {"type": "Feature", "properties": {"id": "{7cbb3b8f-dd88-4cdd-b266-1521f1021651}", "cod_poligono": "1702521030022", "num_predio": 11, "codigo_final": "S-C-P011_6", "propietario": "QUINATOA MALDONADO GLORIA MARIA", "parroquia": "CANGAHUA", "caudal_tipo": "Recibe la Comunidad", "tiene_reservorio": "Comunitario", "foto_predio": "DCIM/JPEG_20260521162333701.jpg", "creado_por": "u0_a362", "fecha_creacion": "2026-05-21T11:16:44.361Z", "apellidos": "QUINATOA MALDONADO", "nombres": "GLORIA MARIA", "clave_catastral": "1702521030022", "telefono_celular": "0990883042", "hijos_hombres": 2, "hijos_mujeres": 1, "sector": "Guang-Porotog", "tenencia_predio": "Escritura", "nivel_instruccion": "Secundaria", "area_total": 1500.47, "org_riego": "Guanguilqui Porotog", "sector_comunidad": "Chambitola", "canal": "Guanguilqui Porotog", "area_sin_riego": 1500.47, "frecuencia_riego": "Semanal", "metodo_aspersion_pct": 100, "dias_riego": 2, "horas_turno": 12, "valor_tarifa": 3.0, "tipo_tarifa": "fijo mensual", "agua_consumo": 1, "energia_electrica": 1, "material_construccion": "HORMIGÓN ARMADO", "cota_msnm": 3495.0, "conoce_presa": "Sí", "como_elige_dir": "Asamblea general", "nom_presidente": "Joaquin Tipanluisa", "operador_sector": "Roberto Aigaje", "anios_sistema": 15, "km_canal": 66.0, "recibio_capacitacion": "Sí", "le_gustaria_cap": "Sí", "temas_capacitacion": "Manejo de riego ", "cedula": "1715514723", "caudal_valor": 28.6, "coord_x_utm": 818953.62, "coord_y_utm": 9990030.14, "soberania_aliment_pct": 50, "act_productivas_pct": 50, "actividad_productiva": "Particular", "observaciones": "El señor dice que la comunicada ya no le permiten el uso del canal de riego."}, "geometry": {"type": "Point", "coordinates": [-78.134844, -0.090087]}}, {"type": "Feature", "properties": {"id": "{7e5e1a47-b9f3-497c-8d18-a59ca724d783}", "cod_poligono": "1702521010007", "num_predio": 12, "codigo_final": "S-C-P012_6", "propietario": "IMBAQUINGO ULCUANGO ERCILIA", "parroquia": "CANGAHUA", "caudal_tipo": "Recibe la Comunidad", "tiene_reservorio": "Comunitario", "foto_predio": "DCIM/JPEG_20260521163239432.jpg", "creado_por": "u0_a362", "fecha_creacion": "2026-05-21T11:28:12.863Z", "apellidos": "SOPALO IMBAQUINGO", "nombres": "CLEVER MAURO", "clave_catastral": "1702521010007", "telefono_celular": "0969455256", "hijos_hombres": 1, "hijos_mujeres": 1, "sector": "Guang-Porotog", "tenencia_predio": "Sin Escritura", "nivel_instruccion": "Secundaria", "area_total": 4506.47, "org_riego": "Guanguilqui Porotog", "sector_comunidad": "Larcachaca ", "canal": "Guanguilqui Porotog", "area_sin_riego": 4506.47, "frecuencia_riego": "Semanal", "metodo_aspersion_pct": 100, "dias_riego": 2, "horas_turno": 12, "valor_tarifa": 3.0, "tipo_tarifa": "fijo mensual", "cota_msnm": 3490.0, "conoce_presa": "Sí", "como_elige_dir": "Asamblea general", "nom_presidente": "Joaquin Tipanluisa", "operador_sector": "Roberto Aigaje", "anios_sistema": 15, "km_canal": 66.0, "recibio_capacitacion": "Sí", "le_gustaria_cap": "Sí", "temas_capacitacion": "Manejo de riego ", "cedula": "1718585753", "caudal_valor": 28.6, "coord_x_utm": 818723.44, "coord_y_utm": 9989648.06, "soberania_aliment_pct": 50, "act_productivas_pct": 50, "actividad_productiva": "Particular", "observaciones": "La señora Imbaquingo Ulcuango Ercilia le vendió el terreno al señor Clever Sopalo  hace unos 6 años...y no tienen escrituras todavía "}, "geometry": {"type": "Point", "coordinates": [-78.136909, -0.09354]}}, {"type": "Feature", "properties": {"id": "{041a3a5e-6131-4425-85f3-84edbb3ce63a}", "cod_poligono": "1702521010064", "num_predio": 13, "codigo_final": "S-C-P013_6", "propietario": "INGA IMBAQUINGO MARIA MARTHA", "parroquia": "CANGAHUA", "caudal_tipo": "Recibe la Comunidad", "tiene_reservorio": "No", "creado_por": "u0_a362", "fecha_creacion": "2026-05-21T11:35:24.837Z", "apellidos": "INGA IMBAQUINGO", "nombres": "MARIA MARTHA", "clave_catastral": "1702521010064", "telefono_celular": "0969455256", "hijos_hombres": 1, "hijos_mujeres": 1, "sector": "Guang-Porotog", "tenencia_predio": "Escritura", "nivel_instruccion": "Primaria", "area_total": 1236.25, "org_riego": "Guanguilqui Porotog", "sector_comunidad": "Larcachaca ", "canal": "Guanguilqui Porotog", "area_sin_riego": 1236.25, "frecuencia_riego": "Semanal", "metodo_aspersion_pct": 100, "dias_riego": 2, "horas_turno": 24, "valor_tarifa": 3.0, "tipo_tarifa": "fijo mensual", "cota_msnm": 3580.0, "conoce_presa": "Sí", "como_elige_dir": "Asamblea general", "nom_presidente": "Joaquin Tipanluisa", "operador_sector": "Roberto Aigaje", "anios_sistema": 15, "km_canal": 66.0, "recibio_capacitacion": "Sí", "le_gustaria_cap": "Sí", "temas_capacitacion": "Manejo de riego ", "cedula": "1720582178", "caudal_valor": 286.0, "coord_x_utm": 819183.11, "coord_y_utm": 9989123.29}, "geometry": {"type": "Point", "coordinates": [-78.132783, -0.098281]}}, {"type": "Feature", "properties": {"id": "{c4506634-9c3b-48db-9aca-ccf8dfaa4e21}", "cod_poligono": "1702521050024", "num_predio": 14, "codigo_final": "S-C-P014_6", "propietario": "SOPALO TIPANLUISA FRANCISCO", "parroquia": "CANGAHUA", "caudal_tipo": "Recibe la Comunidad", "tiene_reservorio": "Comunitario", "foto_predio": "DCIM/JPEG_20260521165439591.jpg", "creado_por": "u0_a362", "fecha_creacion": "2026-05-21T11:38:42.397Z", "apellidos": "SOPALO TIPANLUISA", "nombres": "FRANCISCO", "clave_catastral": "1702521050024", "hijos_hombres": 5, "hijos_mujeres": 2, "sector": "Guang-Porotog", "tenencia_predio": "Escritura", "nivel_instruccion": "Primaria", "area_total": 12625.05, "org_riego": "Guanguilqui Porotog", "sector_comunidad": "Larcachaca moras ", "canal": "Guanguilqui Porotog", "area_sin_riego": 12625.05, "frecuencia_riego": "Semanal", "metodo_aspersion_pct": 100, "dias_riego": 2, "horas_turno": 12, "valor_tarifa": 3.0, "tipo_tarifa": "fijo mensual", "agua_consumo": 1, "material_construccion": "BLOQUE", "cota_msnm": 3520.0, "conoce_presa": "Sí", "como_elige_dir": "Asamblea general", "nom_presidente": "Joaquin Tipanluisa", "operador_sector": "Roberto Aigaje", "anios_sistema": 15, "km_canal": 66.0, "recibio_capacitacion": "Sí", "le_gustaria_cap": "Sí", "temas_capacitacion": "Manejo de riego ", "cedula": "1708457815", "caudal_valor": 28.6, "coord_x_utm": 820857.45, "coord_y_utm": 9989342.26, "soberania_aliment_pct": 50, "act_productivas_pct": 50, "actividad_productiva": "Particular", "observaciones": "El señor Sopalo Tipanluisa Francisco le vendió 4.000 metros a Clever Sopalo "}, "geometry": {"type": "Point", "coordinates": [-78.117756, -0.096301]}}, {"type": "Feature", "properties": {"id": "{7c1d7d99-e34c-4299-937e-d9e9d3026873}", "cod_poligono": "1702521050024", "num_predio": 15, "codigo_final": "S-C-P015", "propietario": "SOPALO TIPANLUISA FRANCISCO", "parroquia": "CANGAHUA", "caudal_tipo": "Recibe la Comunidad", "tiene_reservorio": "Comunitario", "foto_predio": "DCIM/JPEG_20260521165958863.jpg", "creado_por": "u0_a362", "fecha_creacion": "2026-05-21T11:56:16.562Z", "apellidos": "SOPALO IMBAQUINGO", "nombres": "CLEVER MAURO", "clave_catastral": "1702521050024", "telefono_celular": "0969455256", "hijos_hombres": 1, "hijos_mujeres": 1, "sector": "Guang-Porotog", "tenencia_predio": "Sin Escritura", "nivel_instruccion": "Secundaria", "area_total": 12625.05, "org_riego": "GUANGUILQUI POROTOG", "sector_comunidad": "LARCACHACA MORAS ", "canal": "GUANGUILQUI POROTOG", "area_sin_riego": 12625.05, "frecuencia_riego": "Semanal", "metodo_aspersion_pct": 100, "dias_riego": 2, "horas_turno": 12, "valor_tarifa": 3.0, "tipo_tarifa": "fijo mensual", "cota_msnm": 3520.0, "conoce_presa": "Sí", "como_elige_dir": "Asamblea general", "nom_presidente": "JOAQUIN TIPANLUISA", "operador_sector": "ROBERTO AIGAJE", "anios_sistema": 15, "km_canal": 66.0, "recibio_capacitacion": "Sí", "le_gustaria_cap": "Sí", "temas_capacitacion": "MANEJO DE RIEGO ", "cedula": "1718585753", "caudal_valor": 28.6, "coord_x_utm": 820831.44, "coord_y_utm": 9989378.87, "soberania_aliment_pct": 50, "act_productivas_pct": 50, "actividad_productiva": "Particular", "observaciones": "El señor Clever Sopalo no tiene escrituras  "}, "geometry": {"type": "Point", "coordinates": [-78.117989, -0.09597]}}, {"type": "Feature", "properties": {"id": "{79344b7f-daf9-4ba5-be44-949d4f275351}", "cod_poligono": "1702521010040", "num_predio": 16, "codigo_final": "S-C-P016_6", "propietario": "SOPALO IMBAQUINGO CLEVER MAURO", "parroquia": "CANGAHUA", "caudal_tipo": "Recibe la Comunidad", "tiene_reservorio": "No", "foto_predio": "DCIM/JPEG_20260521171327207.jpg", "creado_por": "u0_a362", "fecha_creacion": "2026-05-21T12:03:25.075Z", "apellidos": "SOPALO IMBAQUINGO", "nombres": "CLEVER MAURO", "clave_catastral": "1702521010040", "telefono_celular": "0969455256", "hijos_hombres": 1, "hijos_mujeres": 1, "sector": "Guang-Porotog", "tenencia_predio": "Escritura", "nivel_instruccion": "Secundaria", "area_total": 780.49, "org_riego": "Guanguilqui Porotog", "sector_comunidad": "Larcachaca", "canal": "Guanguilqui Porotog ", "area_sin_riego": 780.49, "frecuencia_riego": "Semanal", "metodo_aspersion_pct": 100, "dias_riego": 2, "horas_turno": 24, "valor_tarifa": 3.0, "tipo_tarifa": "fijo mensual", "agua_consumo": 1, "energia_electrica": 1, "material_construccion": "BLOQUE", "cota_msnm": 3540.0, "conoce_presa": "Sí", "como_elige_dir": "Asamblea general", "nom_presidente": "Joaquin Tipanluisa ", "operador_sector": "Roberto Aigaje", "anios_sistema": 15, "km_canal": 66.0, "recibio_capacitacion": "Sí", "le_gustaria_cap": "Sí", "temas_capacitacion": "Manejo de riego ", "cedula": "1718585753", "caudal_valor": 286.0, "coord_x_utm": 819112.0, "coord_y_utm": 9989441.66, "soberania_aliment_pct": 50, "act_productivas_pct": 50, "actividad_productiva": "Particular", "observaciones": "Ninguna "}, "geometry": {"type": "Point", "coordinates": [-78.133422, -0.095404]}}, {"type": "Feature", "properties": {"id": "{a534ec42-a849-4abc-a4b1-b0118b3a0160}", "cod_poligono": "1702521010084", "num_predio": 17, "codigo_final": "S-C-P017_5", "propietario": "SOPALO TIPANLUISA MARIA AVELINA", "parroquia": "CANGAHUA", "caudal_tipo": "Recibe la Comunidad", "tiene_reservorio": "Comunitario", "foto_predio": "DCIM/JPEG_20260521172700300.jpg", "creado_por": "u0_a362", "fecha_creacion": "2026-05-21T12:17:43.024Z", "apellidos": "SOPALO TIPANLUISA", "nombres": "MARIA AVELINA", "clave_catastral": "1702521010084", "telefono_celular": "0988503110", "hijos_hombres": 1, "hijos_mujeres": 1, "sector": "Guang-Porotog", "tenencia_predio": "Sin Escritura", "nivel_instruccion": "Primaria", "area_total": 4282.6, "org_riego": "Guanguilqui Porotog", "sector_comunidad": "Larcachaca ", "canal": "Guanguilqui Porotog ", "area_sin_riego": 4282.6, "frecuencia_riego": "Semanal", "metodo_aspersion_pct": 100, "dias_riego": 2, "horas_turno": 12, "valor_tarifa": 3.0, "tipo_tarifa": "fijo mensual", "cota_msnm": 3595.0, "conoce_presa": "Sí", "como_elige_dir": "Asamblea general", "nom_presidente": "Joaquin Tipanluisa", "operador_sector": "Roberto Aigaje", "anios_sistema": 15, "km_canal": 66.0, "recibio_capacitacion": "Sí", "le_gustaria_cap": "Sí", "temas_capacitacion": "Sobre el riego", "cedula": "1713627444", "caudal_valor": 28.6, "coord_x_utm": 819143.78, "coord_y_utm": 9988919.13, "soberania_aliment_pct": 50, "act_productivas_pct": 50, "actividad_productiva": "Particular", "observaciones": "Ninguna"}, "geometry": {"type": "Point", "coordinates": [-78.133136, -0.100126]}}, {"type": "Feature", "properties": {"id": "{3cbba515-e8a7-4307-ac96-a6543178f28b}", "cod_poligono": "1702521010034", "num_predio": 18, "codigo_final": "S-C-P018_6", "propietario": "SOPALO TIPANLUISA MARIA AVELINA", "parroquia": "CANGAHUA", "caudal_tipo": "Recibe la Comunidad", "tiene_reservorio": "Comunitario", "foto_predio": "DCIM/JPEG_20260521173316523.jpg", "creado_por": "u0_a362", "fecha_creacion": "2026-05-21T12:29:12.933Z", "apellidos": "SOPALO TIPANLUISA", "nombres": "MARIA AVELINA", "clave_catastral": "1702521010034", "telefono_celular": "0988503110", "hijos_hombres": 1, "hijos_mujeres": 1, "sector": "Guang-Porotog", "tenencia_predio": "Escritura", "nivel_instruccion": "Primaria", "area_total": 8096.09, "org_riego": "Guanguilqui Porotog", "sector_comunidad": "Larcachaca ", "canal": "Guanguilqui Porotog ", "area_sin_riego": 8096.09, "frecuencia_riego": "Semanal", "metodo_aspersion_pct": 100, "dias_riego": 2, "horas_turno": 12, "valor_tarifa": 3.0, "tipo_tarifa": "fijo mensual", "agua_consumo": 1, "energia_electrica": 1, "material_construccion": "BLOQUE", "cota_msnm": 3515.0, "conoce_presa": "Sí", "como_elige_dir": "Asamblea general", "nom_presidente": "Joaquin Tipanluisa", "operador_sector": "Roberto Aigaje", "anios_sistema": 15, "km_canal": 66.0, "recibio_capacitacion": "Sí", "le_gustaria_cap": "Sí", "temas_capacitacion": "Sobre el riego", "cedula": "1713627444", "caudal_valor": 28.6, "coord_x_utm": 818967.14, "coord_y_utm": 9989548.87, "soberania_aliment_pct": 50, "act_productivas_pct": 50, "actividad_productiva": "Particular", "observaciones": "Ninguna"}, "geometry": {"type": "Point", "coordinates": [-78.134722, -0.094436]}}, {"type": "Feature", "properties": {"id": "{c481f415-0576-41a3-8613-09c2cb5bcc71}", "cod_poligono": "1702521050022", "num_predio": 19, "codigo_final": "S-C-P019_6", "propietario": "SOPALO TIPANLUISA MARIA AVELINA", "parroquia": "CANGAHUA", "caudal_tipo": "Recibe la Comunidad", "tiene_reservorio": "Comunitario", "foto_predio": "DCIM/JPEG_20260521173858680.jpg", "creado_por": "u0_a362", "fecha_creacion": "2026-05-21T12:34:43.869Z", "apellidos": "SOPALO TIPANLUISA", "nombres": "MARIA AVELINA", "clave_catastral": "1702521050022", "telefono_celular": "0988503110", "hijos_hombres": 1, "hijos_mujeres": 1, "sector": "Guang-Porotog", "tenencia_predio": "Sin Escritura", "nivel_instruccion": "Primaria", "area_total": 3644.0, "org_riego": "Guanguilqui Porotog", "sector_comunidad": "Larcachaca ", "canal": "Guanguilqui Porotog ", "area_sin_riego": 3644.0, "frecuencia_riego": "Semanal", "metodo_aspersion_pct": 100, "dias_riego": 2, "horas_turno": 12, "valor_tarifa": 3.0, "tipo_tarifa": "fijo mensual", "cota_msnm": 3520.0, "conoce_presa": "Sí", "como_elige_dir": "Asamblea general", "nom_presidente": "Joaquin Tipanluisa", "operador_sector": "Roberto Aigaje", "anios_sistema": 15, "km_canal": 66.0, "recibio_capacitacion": "Sí", "le_gustaria_cap": "Sí", "temas_capacitacion": "Sobre el riego", "cedula": "1713627444", "caudal_valor": 28.6, "coord_x_utm": 820864.16, "coord_y_utm": 9989456.4, "soberania_aliment_pct": 50, "act_productivas_pct": 50, "actividad_productiva": "Particular", "observaciones": "No tienen escrituras \nAdjudicado el municipio\n"}, "geometry": {"type": "Point", "coordinates": [-78.117696, -0.09527]}}, {"type": "Feature", "properties": {"id": "{ed860472-89fb-4b79-9aa6-8a8323ff63d7}", "cod_poligono": "1702521040064", "num_predio": 20, "codigo_final": "S-C-P020_6", "propietario": "SOPALO TIPANLUISA MARIA AVELINA", "parroquia": "CANGAHUA", "caudal_tipo": "Recibe la Comunidad", "tiene_reservorio": "Comunitario", "foto_predio": "DCIM/JPEG_20260521174434442.jpg", "creado_por": "u0_a362", "fecha_creacion": "2026-05-21T12:41:22.008Z", "apellidos": "SOPALO TIPANLUISA", "nombres": "MARIA AVELINA", "clave_catastral": "1702521040064", "telefono_celular": "0988503110", "hijos_hombres": 1, "hijos_mujeres": 1, "sector": "Guang-Porotog", "tenencia_predio": "Escritura", "nivel_instruccion": "Primaria", "area_total": 4226.05, "org_riego": "Guanguilqui Porotog", "sector_comunidad": "Larcachaca ", "canal": "Guanguilqui Porotog ", "area_sin_riego": 4226.05, "frecuencia_riego": "Semanal", "metodo_aspersion_pct": 100, "dias_riego": 2, "horas_turno": 12, "valor_tarifa": 3.0, "tipo_tarifa": "fijo mensual", "cota_msnm": 3520.0, "conoce_presa": "Sí", "como_elige_dir": "Asamblea general", "nom_presidente": "Joaquin Tipanluisa", "operador_sector": "Roberto Aigaje", "anios_sistema": 15, "km_canal": 66.0, "recibio_capacitacion": "Sí", "le_gustaria_cap": "Sí", "temas_capacitacion": "Sobre el riego", "cedula": "1713627444", "caudal_valor": 28.6, "coord_x_utm": 819061.27, "coord_y_utm": 9989669.11, "soberania_aliment_pct": 50, "act_productivas_pct": 50, "actividad_productiva": "Particular", "observaciones": "Ninguna"}, "geometry": {"type": "Point", "coordinates": [-78.133877, -0.093349]}}, {"type": "Feature", "properties": {"id": "{4c23cca9-5079-4142-8fe8-48a52644f9f5}", "cod_poligono": "1702521450069", "num_predio": 21, "codigo_final": "S-C-P021_6", "propietario": "SOPALO UMAQUINGA JOSE JOAQUIN", "parroquia": "CANGAHUA", "caudal_tipo": "Recibe la Comunidad", "tiene_reservorio": "Comunitario", "foto_predio": "DCIM/JPEG_20260521181241140.jpg", "creado_por": "u0_a362", "fecha_creacion": "2026-05-21T13:06:30.619Z", "apellidos": "SOPALO UMAQUINGA", "nombres": "JOSE JOAQUIN", "clave_catastral": "1702521450069", "telefono_celular": "0993054817", "hijos_hombres": 2, "hijos_mujeres": 1, "sector": "Guang-Porotog", "tenencia_predio": "Sin Escritura", "nivel_instruccion": "Secundaria", "area_total": 5817.83, "org_riego": "Guanguilqui Porotog", "sector_comunidad": "Gualimburo ", "canal": "Guanguilqui Porotog ", "area_sin_riego": 5817.83, "frecuencia_riego": "Semanal", "metodo_aspersion_pct": 100, "dias_riego": 1, "horas_turno": 12, "valor_tarifa": 3.0, "tipo_tarifa": "fijo mensual", "cota_msnm": 3360.0, "conoce_presa": "Sí", "como_elige_dir": "Asamblea general", "nom_presidente": "Joaquin Tipanluisa", "operador_sector": "Roberto Aigaje", "anios_sistema": 15, "km_canal": 66.0, "recibio_capacitacion": "Sí", "le_gustaria_cap": "Sí", "temas_capacitacion": "Sobre el riego", "cedula": "1712289949", "caudal_valor": 286.0, "coord_x_utm": 822066.34, "coord_y_utm": 9989271.95, "soberania_aliment_pct": 50, "act_productivas_pct": 50, "actividad_productiva": "Particular", "observaciones": "No tiene escrituras "}, "geometry": {"type": "Point", "coordinates": [-78.106905, -0.096935]}}, {"type": "Feature", "properties": {"id": "{927b7d35-8deb-4627-bbee-846c571ebf98}", "cod_poligono": "1702521040089", "num_predio": 22, "codigo_final": "S-C-P022_6", "propietario": "SOPALO PILCA ANGEL OSWALDO", "parroquia": "CANGAHUA", "caudal_tipo": "Recibe la Comunidad", "tiene_reservorio": "Comunitario", "creado_por": "u0_a362", "fecha_creacion": "2026-05-21T14:46:44.767Z", "apellidos": "SOPALO PILCA", "nombres": "ANGEL OSWALDO", "clave_catastral": "1702521040089", "telefono_celular": "0990637814", "hijos_hombres": 1, "hijos_mujeres": 2, "sector": "Guang-Porotog", "tenencia_predio": "Escritura", "nivel_instruccion": "Primaria", "area_total": 3626.21, "org_riego": "Guanguilqui Porotog", "sector_comunidad": "Parcela ", "canal": "Guanguilqui Porotog ", "area_sin_riego": 3626.21, "frecuencia_riego": "Semanal", "metodo_aspersion_pct": 100, "dias_riego": 2, "horas_turno": 12, "valor_tarifa": 3.0, "tipo_tarifa": "fijo mensual", "agua_consumo": 1, "energia_electrica": 1, "material_construccion": "HORMIGÓN ARMADO", "cota_msnm": 3500.0, "conoce_presa": "Sí", "como_elige_dir": "Asamblea general", "nom_presidente": "Joaquin Tipanluisa", "operador_sector": "Roberto Aigaje", "anios_sistema": 15, "km_canal": 66.0, "recibio_capacitacion": "Sí", "le_gustaria_cap": "Sí", "temas_capacitacion": "Sobre el riego", "cedula": "1717937393", "caudal_valor": 28.6, "coord_x_utm": 819092.29, "coord_y_utm": 9990043.43, "act_productivas_pct": 100, "actividad_productiva": "Particular"}, "geometry": {"type": "Point", "coordinates": [-78.133599, -0.089967]}}, {"type": "Feature", "properties": {"id": "{5dea5cef-2cbb-4248-a524-464b15d6b873}", "cod_poligono": "1702521470028", "num_predio": 23, "codigo_final": "S-C-P023_6", "propietario": "IMBAQUINGO ULCUANGO FERNANDO", "parroquia": "CANGAHUA", "caudal_tipo": "Recibe la Comunidad", "tiene_reservorio": "Comunitario", "creado_por": "u0_a362", "fecha_creacion": "2026-05-21T15:39:38.561Z", "apellidos": "IMBAQUINGO ULCUANGO", "nombres": "FERNANDO", "clave_catastral": "1702521470028", "telefono_celular": "0991534307", "hijos_hombres": 1, "sector": "Guang-Porotog", "tenencia_predio": "Escritura", "nivel_instruccion": "Secundaria", "area_total": 10348.24, "org_riego": "Guanguilqui Porotog", "sector_comunidad": "Larcachaca ", "canal": "Guanguilqui Porotog", "area_sin_riego": 10348.24, "frecuencia_riego": "Semanal", "metodo_aspersion_pct": 100, "dias_riego": 2, "horas_turno": 12, "valor_tarifa": 3.0, "tipo_tarifa": "fijo mensual", "cota_msnm": 3520.0, "conoce_presa": "Sí", "como_elige_dir": "Asamblea general", "nom_presidente": "Joaquin Tipanluisa", "operador_sector": "Roberto Aigaje", "anios_sistema": 15, "km_canal": 66.0, "recibio_capacitacion": "Sí", "le_gustaria_cap": "Sí", "temas_capacitacion": "Sistemas de riego ", "cedula": "1704004140", "caudal_valor": 28.6, "coord_x_utm": 820730.32, "coord_y_utm": 9989169.9, "soberania_aliment_pct": 50, "act_productivas_pct": 50, "actividad_productiva": "Particular"}, "geometry": {"type": "Point", "coordinates": [-78.118897, -0.097859]}}, {"type": "Feature", "properties": {"id": "{5c9ee680-a386-4e62-854e-6f5b065d1db2}", "cod_poligono": "1702521470028", "num_predio": 24, "codigo_final": "S-C-P024_4", "propietario": "IMBAQUINGO ULCUANGO FERNANDO", "parroquia": "CANGAHUA", "caudal_tipo": "Recibe la Comunidad", "tiene_reservorio": "Comunitario", "creado_por": "u0_a362", "fecha_creacion": "2026-05-21T15:57:47.586Z", "apellidos": "IMBAQUINGO SOPALO", "nombres": "WILMER EFRAIN", "clave_catastral": "1702521470028", "telefono_celular": "0991534307", "hijos_hombres": 1, "sector": "Guang-Porotog", "tenencia_predio": "Sin Escritura", "nivel_instruccion": "Secundaria", "area_total": 10348.24, "org_riego": "Guanguilqui Porotog", "sector_comunidad": "Larcachaca", "canal": "Gualguonqui Porotog", "area_sin_riego": 10348.24, "frecuencia_riego": "Semanal", "metodo_aspersion_pct": 100, "dias_riego": 1, "horas_turno": 8, "valor_tarifa": 3.0, "tipo_tarifa": "fijo mensual", "cota_msnm": 3520.0, "conoce_presa": "Sí", "como_elige_dir": "Asamblea general", "nom_presidente": "Joaquin Tipanluisa", "operador_sector": "Roberto Aigaje", "anios_sistema": 15, "km_canal": 63.0, "recibio_capacitacion": "Sí", "le_gustaria_cap": "Sí", "temas_capacitacion": "Sistema de riego ", "cedula": "1725242620", "caudal_valor": 286.0, "coord_x_utm": 820758.18, "coord_y_utm": 9989206.78, "act_productivas_pct": 100, "actividad_productiva": "Particular", "observaciones": "Sin escritura"}, "geometry": {"type": "Point", "coordinates": [-78.118647, -0.097525]}}, {"type": "Feature", "properties": {"id": "{575c59c5-ccfe-4013-a274-cbca3aa23adc}", "cod_poligono": "1702521470028", "num_predio": 25, "codigo_final": "S-C-P025_4", "propietario": "IMBAQUINGO ULCUANGO FERNANDO", "parroquia": "CANGAHUA", "caudal_tipo": "Recibe la Comunidad", "tiene_reservorio": "Comunitario", "creado_por": "u0_a362", "fecha_creacion": "2026-05-21T16:03:59.968Z", "apellidos": "GUALAVISIIMBAQUINGO", "nombres": "CRISTIAN JEFERSON", "clave_catastral": "1702521470028", "telefono_celular": "0967675805", "hijos_mujeres": 2, "sector": "Guang-Porotog", "tenencia_predio": "Sin Escritura", "nivel_instruccion": "Secundaria", "area_total": 10348.24, "org_riego": "Guanguilqui Porotog", "sector_comunidad": "Larcachaca", "canal": "Gualguonqui Porotog", "area_sin_riego": 10348.24, "frecuencia_riego": "Semanal", "metodo_aspersion_pct": 100, "dias_riego": 1, "horas_turno": 8, "valor_tarifa": 3.0, "tipo_tarifa": "fijo mensual", "cota_msnm": 3520.0, "conoce_presa": "Sí", "como_elige_dir": "Asamblea general", "nom_presidente": "Joaquin Tipanluisa", "operador_sector": "Roberto Aigaje", "anios_sistema": 15, "km_canal": 63.0, "recibio_capacitacion": "Sí", "le_gustaria_cap": "Sí", "temas_capacitacion": "Sistema de riego ", "cedula": "1702593393", "caudal_valor": 286.0, "coord_x_utm": 820772.11, "coord_y_utm": 9989225.23, "act_productivas_pct": 100, "actividad_productiva": "Particular", "observaciones": "Sin escrituras"}, "geometry": {"type": "Point", "coordinates": [-78.118522, -0.097359]}}, {"type": "Feature", "properties": {"id": "{ec1b20d1-093c-4fac-a2e7-f5f4416a93a9}", "cod_poligono": "1702521470028", "num_predio": 26, "codigo_final": "S-C-P026_4", "propietario": "IMBAQUINGO ULCUANGO FERNANDO", "parroquia": "CANGAHUA", "caudal_tipo": "Recibe la Comunidad", "tiene_reservorio": "Comunitario", "creado_por": "u0_a362", "fecha_creacion": "2026-05-21T16:07:36.129Z", "apellidos": "INGA IMBAQUINGO", "nombres": "SEGUNDO SIMON", "clave_catastral": "1702521470028", "telefono_celular": "0959075870", "hijos_hombres": 2, "hijos_mujeres": 1, "sector": "Guang-Porotog", "tenencia_predio": "Sin Escritura", "nivel_instruccion": "Primaria", "area_total": 10348.24, "org_riego": "Guanguilqui Porotog", "sector_comunidad": "Larcachaca", "canal": "Gualguonqui Porotog", "area_sin_riego": 10348.24, "frecuencia_riego": "Semanal", "metodo_aspersion_pct": 100, "dias_riego": 1, "horas_turno": 8, "valor_tarifa": 3.0, "tipo_tarifa": "fijo mensual", "cota_msnm": 3520.0, "conoce_presa": "Sí", "como_elige_dir": "Asamblea general", "nom_presidente": "Joaquin Tipanluisa", "operador_sector": "Roberto Aigaje", "anios_sistema": 15, "km_canal": 63.0, "recibio_capacitacion": "Sí", "le_gustaria_cap": "Sí", "temas_capacitacion": "Sistema de riego ", "cedula": "1717934440", "caudal_valor": 286.0, "coord_x_utm": 820786.55, "coord_y_utm": 9989245.72, "act_productivas_pct": 100, "actividad_productiva": "Particular", "observaciones": "Sin Escrituras"}, "geometry": {"type": "Point", "coordinates": [-78.118392, -0.097173]}}, {"type": "Feature", "properties": {"id": "{d514ed68-9b67-4a8a-baa0-fb27be714e9c}", "cod_poligono": "1702521470028", "num_predio": 27, "codigo_final": "S-C-P027_4", "propietario": "IMBAQUINGO ULCUANGO FERNANDO", "parroquia": "CANGAHUA", "caudal_tipo": "Recibe la Comunidad", "tiene_reservorio": "Comunitario", "creado_por": "u0_a362", "fecha_creacion": "2026-05-21T16:11:01.107Z", "apellidos": "GUALAVISI IMBAQUINGO ", "nombres": "SEGUNDO MIGUEL", "clave_catastral": "1702521470028", "telefono_celular": "0967692976", "hijos_hombres": 2, "hijos_mujeres": 1, "sector": "Guang-Porotog", "tenencia_predio": "Sin Escritura", "nivel_instruccion": "Primaria", "area_total": 10348.24, "org_riego": "Guanguilqui Porotog", "sector_comunidad": "Larcachaca", "canal": "Gualguonqui Porotog", "area_sin_riego": 10348.24, "frecuencia_riego": "Semanal", "metodo_aspersion_pct": 100, "dias_riego": 1, "horas_turno": 8, "valor_tarifa": 3.0, "tipo_tarifa": "fijo mensual", "agua_consumo": 1, "energia_electrica": 1, "material_construccion": "BLOQUE", "cota_msnm": 3520.0, "conoce_presa": "Sí", "como_elige_dir": "Asamblea general", "nom_presidente": "Joaquin Tipanluisa", "operador_sector": "Roberto Aigaje", "anios_sistema": 15, "km_canal": 63.0, "recibio_capacitacion": "Sí", "le_gustaria_cap": "Sí", "temas_capacitacion": "Sistema de riego ", "cedula": "1714489455", "caudal_valor": 286.0, "coord_x_utm": 820802.03, "coord_y_utm": 9989259.04, "act_productivas_pct": 100, "actividad_productiva": "Particular", "observaciones": "Sin escrituras"}, "geometry": {"type": "Point", "coordinates": [-78.118253, -0.097053]}}, {"type": "Feature", "properties": {"id": "{b53f5c89-a193-4e7b-9bb2-2bacdd20c6dd}", "cod_poligono": "1702521450002", "num_predio": 28, "codigo_final": "S-C-P028_3", "propietario": "AIGAJE LANCHIMBA MARIA CLEMENCIA", "parroquia": "CANGAHUA", "caudal_tipo": "Recibe la Comunidad", "tiene_reservorio": "Comunitario", "creado_por": "u0_a362", "fecha_creacion": "2026-05-21T16:32:55.102Z", "apellidos": "TIPANLUISA LANCHIMBA", "nombres": "JOSE LINO", "clave_catastral": "1702521450002", "telefono_celular": "0968375850", "hijos_hombres": 3, "sector": "Guang-Porotog", "tenencia_predio": "Escritura", "nivel_instruccion": "Secundaria", "area_total": 10650.76, "org_riego": "Guanguilqui Porotog", "sector_comunidad": "Larcachaca moras", "canal": "Gualguonqui Porotog", "area_sin_riego": 10650.76, "frecuencia_riego": "Semanal", "metodo_aspersion_pct": 100, "dias_riego": 2, "horas_turno": 12, "valor_tarifa": 3.0, "tipo_tarifa": "fijo mensual", "agua_consumo": 1, "cota_msnm": 3495.0, "conoce_presa": "Sí", "como_elige_dir": "Asamblea general", "nom_presidente": "Joaquin Tipanluisa", "operador_sector": "Roberto Aigaje", "anios_sistema": 15, "km_canal": 63.0, "recibio_capacitacion": "Sí", "le_gustaria_cap": "Sí", "temas_capacitacion": "Sistema de riego ", "cedula": "1717276448", "caudal_valor": 28.6, "coord_x_utm": 821130.12, "coord_y_utm": 9989399.08, "act_productivas_pct": 100, "actividad_productiva": "Particular"}, "geometry": {"type": "Point", "coordinates": [-78.115308, -0.095787]}}, {"type": "Feature", "properties": {"id": "{6b37678f-38ad-4bfd-a2ac-5b1a3dceff98}", "cod_poligono": "1702521470024", "num_predio": 113, "codigo_final": "S-C-P113", "propietario": "SOPALO IMBAGO MARIA REGINA", "parroquia": "CANGAHUA", "caudal_tipo": "Recibe la Comunidad", "tiene_reservorio": "Comunitario", "creado_por": "u0_a302", "fecha_creacion": "2026-05-21T16:48:09.458Z", "apellidos": "SOPALO IMBAGO", "nombres": "MARIA REGINA", "clave_catastral": "1702521470024", "telefono_celular": "0990612774", "hijos_hombres": 4, "hijos_mujeres": 6, "sector": "Guang-Porotog", "tenencia_predio": "Sin Escritura", "nivel_instruccion": "Primaria", "area_total": 10462.8, "org_riego": "Guanguilqui porotog", "sector_comunidad": "Moras", "canal": "Guanguilqui porotog", "area_sin_riego": 10462.8, "frecuencia_riego": "Semanal", "metodo_aspersion_pct": 100, "dias_riego": 2, "horas_turno": 12, "valor_tarifa": 3.0, "tipo_tarifa": "fijo mensual", "cota_msnm": 3525.0, "conoce_presa": "Sí", "como_elige_dir": "Asamblea general", "nom_presidente": "Joaquin tipanluisa", "operador_sector": "Roberto Aigaje", "anios_sistema": 11, "km_canal": 63.0, "recibio_capacitacion": "Sí", "le_gustaria_cap": "Sí", "temas_capacitacion": "Riego", "cedula": "1703986842", "caudal_valor": 28.6, "coord_x_utm": 820858.83, "coord_y_utm": 9989057.68, "act_productivas_pct": 100}, "geometry": {"type": "Point", "coordinates": [-78.117743, -0.098873]}}, {"type": "Feature", "properties": {"id": "{8a6bc54f-df83-4b34-ad88-ba7bcf8a158b}", "cod_poligono": "1702521470024", "num_predio": 114, "codigo_final": "S-C-P114", "propietario": "SOPALO IMBAGO MARIA REGINA", "parroquia": "CANGAHUA", "caudal_tipo": "Recibe la Comunidad", "tiene_reservorio": "Comunitario", "creado_por": "u0_a302", "fecha_creacion": "2026-05-21T16:51:16.488Z", "apellidos": "AIGAJE IMBAQUINGO", "nombres": "CLEMENTE LEONARDO", "clave_catastral": "1702521470024", "telefono_celular": "0939888208", "hijos_hombres": 2, "sector": "Guang-Porotog", "tenencia_predio": "Sin Escritura", "nivel_instruccion": "Primaria", "area_total": 10462.8, "org_riego": "Guanguilqui porotog", "sector_comunidad": "Moras", "canal": "Guanguilqui porotog", "area_sin_riego": 10462.8, "frecuencia_riego": "Semanal", "metodo_aspersion_pct": 100, "dias_riego": 2, "horas_turno": 12, "valor_tarifa": 3.0, "tipo_tarifa": "fijo mensual", "cota_msnm": 3525.0, "conoce_presa": "Sí", "como_elige_dir": "Asamblea general", "nom_presidente": "Joaquin tipanluisa", "operador_sector": "Roberto Aigaje", "anios_sistema": 11, "km_canal": 63.0, "recibio_capacitacion": "Sí", "le_gustaria_cap": "Sí", "temas_capacitacion": "Riego", "cedula": "1717937344", "caudal_valor": 28.6, "coord_x_utm": 820856.35, "coord_y_utm": 9989092.76, "act_productivas_pct": 100}, "geometry": {"type": "Point", "coordinates": [-78.117765, -0.098556]}}, {"type": "Feature", "properties": {"id": "{2f3d8aae-55c0-4d87-b158-ec6113f33331}", "cod_poligono": "1702521470022", "num_predio": 88, "codigo_final": "S-C-P088", "propietario": "IMBAQUINGO FARINANGO RICARDO", "parroquia": "CANGAHUA", "creado_por": "u0_a330", "fecha_creacion": "2026-05-21T14:45:36.762Z", "apellidos": "IMBAQUINGO FARINANGO", "nombres": "RICARDO", "clave_catastral": "1702521470022", "telefono_celular": "0986506782", "sector": "Guang-Porotog", "area_total": 13168.17, "area_sin_riego": 13168.17, "cota_msnm": 3505.0, "cedula": "1701681841", "coord_x_utm": 820586.0, "coord_y_utm": 9989172.24, "observaciones": "Es fallecido"}, "geometry": {"type": "Point", "coordinates": [-78.120192, -0.097838]}}, {"type": "Feature", "properties": {"id": "{b5d391db-3eb7-402d-916a-a70be6f909a5}", "cod_poligono": "1702521040167", "num_predio": 89, "codigo_final": "S-C-P089", "propietario": "TIPANLUISA SOPALO JOSE LINO", "parroquia": "CANGAHUA", "tiene_reservorio": "Comunitario", "foto_predio": "DCIM/JPEG_20260521205254351.JPG", "creado_por": "u0_a330", "fecha_creacion": "2026-05-21T15:46:51.934Z", "apellidos": "TIPANLUISA SOPALO", "nombres": "JOSE LINO", "clave_catastral": "1702521040167", "telefono_celular": "0986309801", "hijos_hombres": 2, "hijos_mujeres": 1, "sector": "Guang-Porotog", "tenencia_predio": "Escritura", "nivel_instruccion": "Ninguno", "area_total": 1306.17, "area_sin_riego": 1306.17, "metodo_aspersion_pct": 100, "dias_riego": 2, "horas_turno": 12, "valor_tarifa": 3.0, "tipo_tarifa": "fijo mensual", "agua_consumo": 1, "energia_electrica": 1, "material_construccion": "BLOQUE", "cota_msnm": 3560.0, "conoce_presa": "Sí", "como_elige_dir": "Asamblea general", "recibio_capacitacion": "Sí", "le_gustaria_cap": "Sí", "temas_capacitacion": "Manejo e instalacion de riego", "cedula": "1703166809", "coord_x_utm": 819359.81, "coord_y_utm": 9989406.09, "soberania_aliment_pct": 50, "act_productivas_pct": 50, "observaciones": "Actualiza el nieto pero la comunera del predio numero 1702521040164, 1702521040166 son predios que se se unifican para formar el area total de 5000 Alulema tadayamo Ana Teresa ci. 1002458667"}, "geometry": {"type": "Point", "coordinates": [-78.131198, -0.095725]}}, {"type": "Feature", "properties": {"id": "{a2b421c7-8a8d-479d-9a84-f8d8df15c2c4}", "cod_poligono": "1702521450106", "num_predio": 90, "codigo_final": "S-C-P090_1", "propietario": "TIPANLUISA SOPALO JOSE LINO", "parroquia": "CANGAHUA", "caudal_tipo": "Recibe la Comunidad", "tiene_reservorio": "Comunitario", "foto_predio": "DCIM/JPEG_20260521212023836.JPG", "creado_por": "u0_a330", "fecha_creacion": "2026-05-21T16:14:08.631Z", "apellidos": "TIPANLUISA SOPALO", "nombres": "JOSE LINO", "clave_catastral": "1702521450106", "telefono_celular": "0986309801", "hijos_hombres": 2, "hijos_mujeres": 1, "sector": "Guang-Porotog", "tenencia_predio": "Escritura", "nivel_instruccion": "Ninguno", "area_total": 925.64, "area_sin_riego": 925.64, "frecuencia_riego": "Semanal", "metodo_aspersion_pct": 100, "dias_riego": 2, "valor_tarifa": 3.0, "tipo_tarifa": "fijo mensual", "cota_msnm": 3495.0, "conoce_presa": "Sí", "como_elige_dir": "Asamblea general", "recibio_capacitacion": "Sí", "le_gustaria_cap": "Sí", "temas_capacitacion": "Manejo e instalacion de riego", "cedula": "1703166809", "coord_x_utm": 821327.62, "coord_y_utm": 9989336.63, "soberania_aliment_pct": 50, "act_productivas_pct": 50, "observaciones": "Crean nueva clave catastral la comunera que queda a cargo es la sra Alulema Tandayamo ana teresa ci 1002458667 el area total conjuntamentees 3000 m2"}, "geometry": {"type": "Point", "coordinates": [-78.113536, -0.096352]}}, {"type": "Feature", "properties": {"id": "{debfa4d4-91b7-4c83-aaec-009aeef17ec6}", "cod_poligono": "1702521040009", "num_predio": 91, "codigo_final": "S-C-P091", "propietario": "SOPALO TIPANLUISA MARIA ESTHER", "parroquia": "CANGAHUA", "caudal_tipo": "Recibe la Comunidad", "tiene_reservorio": "Comunitario", "foto_predio": "DCIM/JPEG_20260521214324399.JPG", "creado_por": "u0_a330", "fecha_creacion": "2026-05-21T16:38:00.943Z", "apellidos": "SOPALO TIPANLUISA", "nombres": "MARIA ESTHER", "clave_catastral": "1702521040009", "telefono_celular": "0989310164", "hijos_hombres": 2, "sector": "Guang-Porotog", "tenencia_predio": "Escritura", "nivel_instruccion": "Primaria", "area_total": 720.54, "org_riego": "GUANGUILQUI POROTOG", "sector_comunidad": "LARCACHA", "canal": "GUANGUILQUI POROTOG", "area_sin_riego": 720.54, "frecuencia_riego": "Semanal", "metodo_aspersion_pct": 100, "dias_riego": 2, "horas_turno": 12, "valor_tarifa": 3.0, "tipo_tarifa": "fijo mensual", "cota_msnm": 3555.0, "conoce_presa": "Sí", "como_elige_dir": "Asamblea general", "recibio_capacitacion": "Sí", "le_gustaria_cap": "Sí", "temas_capacitacion": "MANEJO E INSTALACION DE RIEGO", "cedula": "1724674633", "caudal_valor": 28.6, "coord_x_utm": 819422.7, "coord_y_utm": 9989483.68, "act_productivas_pct": 100, "observaciones": "El que encabeza como regante es el marido Segundo Patricio imbaquingo Qinatoa ci 1720642220 "}, "geometry": {"type": "Point", "coordinates": [-78.130633, -0.095024]}}, {"type": "Feature", "properties": {"id": "{84e0077b-d37f-4d8c-b4bc-99f8212aa91f}", "cod_poligono": "1702521040052", "propietario": "IMBAQUINGO CABASCANGO BEATRIZ", "parroquia": "CANGAHUA", "caudal_tipo": "Recibe la Comunidad", "tiene_reservorio": "Comunitario", "creado_por": "u0_a314", "fecha_creacion": "2026-05-21T22:15:28.799Z", "apellidos": "IMBAQUINGO CABASCANGO", "nombres": "BEATRIZ", "clave_catastral": "1702521040052", "telefono_celular": "0980362594", "hijos_mujeres": 1, "sector": "Guang-Porotog", "tenencia_predio": "Escritura", "nivel_instruccion": "Primaria", "area_total": 734.04, "org_riego": "GUANGUILQUI POROTOG", "sector_comunidad": "LARCACHACA", "canal": "GUANGUILQUI POROTOG", "area_riego": 734.04, "area_sin_riego": 0.0, "frecuencia_riego": "Semanal", "metodo_aspersion_pct": 100, "dias_riego": 2, "horas_turno": 12, "valor_tarifa": 3.0, "tipo_tarifa": "fijo mensual", "agua_consumo": 1, "energia_electrica": 1, "material_construccion": "BLOQUE", "cota_msnm": 3550.0, "conoce_presa": "Sí", "como_elige_dir": "Asamblea general", "nom_presidente": "JOSÉ JOAQUÍN TIPANLUISA LANCHIMBA", "operador_sector": "ROBERTO AIGAJE", "anios_sistema": 11, "km_canal": 63.0, "recibio_capacitacion": "Sí", "le_gustaria_cap": "Sí", "temas_capacitacion": "MANEJO DE AGUA", "cedula": "1714128665", "caudal_valor": 28.6, "coord_x_utm": 819264.32, "coord_y_utm": 9989490.12, "soberania_aliment_pct": 100, "actividad_productiva": "PARTICULAR"}, "geometry": {"type": "Point", "coordinates": [-78.132055, -0.094966]}}, {"type": "Feature", "properties": {"id": "{79f1b2fc-e42a-44b7-90c5-d5412c8d36fa}", "cod_poligono": "1702521040028", "propietario": "IMBAQUINGO FARINANGUILLO ROGELIO", "parroquia": "CANGAHUA", "caudal_tipo": "Recibe la Comunidad", "tiene_reservorio": "Comunitario", "creado_por": "u0_a314", "fecha_creacion": "2026-05-21T22:29:46.594Z", "apellidos": "IMBAQUINGO CABASCANGO", "nombres": "SERGIO DAVID", "clave_catastral": "1702521040028", "telefono_celular": "0981621034", "hijos_hombres": 1, "sector": "Guang-Porotog", "tenencia_predio": "Sin Escritura", "nivel_instruccion": "Secundaria", "area_total": 2791.66, "org_riego": "GUANGUILQUI POROTOG", "sector_comunidad": "LARCACHACA", "canal": "GUANGUILQUI POROTOG", "area_riego": 2791.66, "area_sin_riego": 0.0, "frecuencia_riego": "Semanal", "metodo_aspersion_pct": 100, "dias_riego": 2, "horas_turno": 12, "valor_tarifa": 3.0, "tipo_tarifa": "fijo mensual", "agua_consumo": 1, "energia_electrica": 1, "material_construccion": "BLOQUE", "cota_msnm": 3535.0, "conoce_presa": "Sí", "como_elige_dir": "Asamblea general", "nom_presidente": "JOSÉ JOAQUÍN TIPANLUISA LANCHIMBA", "operador_sector": "ROBERTO AIGAJE", "anios_sistema": 11, "km_canal": 63.0, "recibio_capacitacion": "Sí", "le_gustaria_cap": "Sí", "temas_capacitacion": "MANEJO DE AGUA", "cedula": "1726101981", "caudal_valor": 28.6, "coord_x_utm": 819407.12, "coord_y_utm": 9989741.14, "act_productivas_pct": 100, "actividad_productiva": "Particular"}, "geometry": {"type": "Point", "coordinates": [-78.130773, -0.092698]}}, {"type": "Feature", "properties": {"id": "{d57f86ec-501b-46ba-bf20-94f89944c1f3}", "cod_poligono": "1702521040021", "num_predio": 2, "codigo_final": "S-C-P002_5", "propietario": "IMBAQUINGO SOPALO ROSA CRISTINA", "parroquia": "CANGAHUA", "creado_por": "u0_a314", "fecha_creacion": "2026-05-21T22:42:18.742Z", "apellidos": "IMBAQUINGO SOPALO", "nombres": "ROSA CRISTINA", "clave_catastral": "1702521040021", "area_total": 3019.88, "area_riego": 3019.88, "area_sin_riego": 0.0, "cota_msnm": 3545.0, "nom_presidente": "JOSÉ JOAQUÍN TIPANLUISA LANCHIMBA", "operador_sector": "ROBERTO AIGAJE", "anios_sistema": 11, "km_canal": 63.0, "temas_capacitacion": "MANEJO DE AGUA", "cedula": "1712952140", "coord_x_utm": 819420.16, "coord_y_utm": 9989641.35}, "geometry": {"type": "Point", "coordinates": [-78.130656, -0.0936]}}, {"type": "Feature", "properties": {"id": "{0208ffa1-7131-420e-9243-af426fb4e839}", "cod_poligono": "1702521040026", "propietario": "IMBAQUINGO CABASCANGO MARIA INES", "parroquia": "CANGAHUA", "caudal_tipo": "Recibe la Comunidad", "tiene_reservorio": "Comunitario", "creado_por": "u0_a314", "fecha_creacion": "2026-05-21T22:43:20.386Z", "apellidos": "IMBAQUINGO CABASCANGO", "nombres": "MARIA INES", "clave_catastral": "1702521040026", "telefono_celular": "0980735799", "hijos_hombres": 1, "hijos_mujeres": 1, "sector": "Guang-Porotog", "tenencia_predio": "Escritura", "nivel_instruccion": "Secundaria", "area_total": 1177.45, "org_riego": "GUANGUILQUI POROTOG", "sector_comunidad": "LARCACHACA PARCELA", "canal": "GUANGUILQUI POROTOG", "area_riego": 1177.45, "area_sin_riego": 0.0, "frecuencia_riego": "Semanal", "metodo_aspersion_pct": 100, "dias_riego": 2, "horas_turno": 12, "valor_tarifa": 3.0, "tipo_tarifa": "fijo mensual", "agua_consumo": 1, "energia_electrica": 1, "material_construccion": "BLOQUE", "cota_msnm": 3540.0, "conoce_presa": "Sí", "como_elige_dir": "Asamblea general", "nom_presidente": "JOSÉ JOAQUÍN TIPANLUISA LANCHIMBA", "operador_sector": "ROBERTO AIGAJE", "anios_sistema": 11, "km_canal": 63.0, "recibio_capacitacion": "Sí", "le_gustaria_cap": "Sí", "temas_capacitacion": "MANEJO DE AGUA", "cedula": "1719100354", "caudal_valor": 28.6, "coord_x_utm": 819401.31, "coord_y_utm": 9989678.9, "soberania_aliment_pct": 50, "act_productivas_pct": 50, "actividad_productiva": "Particular"}, "geometry": {"type": "Point", "coordinates": [-78.130825, -0.09326]}}, {"type": "Feature", "properties": {"id": "{4eae7114-4008-49f1-baf8-b90d8bdef927}", "cod_poligono": "1702521410001", "num_predio": 233, "codigo_final": "S-C-P233", "propietario": "LANCHIMBA TANDAYAMO JUAN CRUZ", "parroquia": "CANGAHUA", "caudal_tipo": "Recibe la Comunidad", "tiene_reservorio": "Comunitario", "foto_predio": "DCIM/fichas-predios_20260522085302257.jpg", "creado_por": "u0_a504", "fecha_creacion": "2026-05-22T08:07:46.066Z", "apellidos": "LANCHIMBA TANDAYAMO", "nombres": "JUAN CRUZ", "clave_catastral": "1702521410001", "telefono_celular": "0991856431", "hijos_hombres": 2, "sector": "Guang-Porotog", "tenencia_predio": "Escritura", "nivel_instruccion": "Alfabetizado", "area_total": 10457.89, "org_riego": "GUANGUILQUI POROTOG", "sector_comunidad": "CÓNDOR LOMA BAJO", "canal": "POROTOG", "area_riego": 10457.89, "area_sin_riego": 0.0, "frecuencia_riego": "Quincenal", "metodo_gravedad_pct": 100, "dias_riego": 1, "horas_turno": 24, "valor_tarifa": 5.0, "tipo_tarifa": "fijo mensual", "agua_consumo": 1, "energia_electrica": 1, "material_construccion": "HORMIGÓN ARMADO", "cota_msnm": 3545.0, "conoce_presa": "Sí", "como_elige_dir": "Asamblea general", "nom_presidente": "CESAR QUISHPE ", "operador_sector": "CLEMENTE QUINATOA ", "anios_sistema": 20, "km_canal": 73.0, "recibio_capacitacion": "Sí", "le_gustaria_cap": "Sí", "temas_capacitacion": "SISTEMA DE RIEGO", "cedula": "1711051290", "caudal_valor": 31.5, "coord_x_utm": 818601.02, "coord_y_utm": 9989044.54, "soberania_aliment_pct": 50, "act_productivas_pct": 50, "actividad_productiva": "Particular"}, "geometry": {"type": "Point", "coordinates": [-78.138008, -0.098993]}}, {"type": "Feature", "properties": {"id": "{7038b855-211d-4112-b72c-627eed51b30e}", "cod_poligono": "1702520510005", "num_predio": 231, "codigo_final": "S-C-P231", "propietario": "MALDONADO TIPANLUIZA ASCIENCIO", "parroquia": "CANGAHUA", "caudal_tipo": "Recibe la Comunidad", "tiene_reservorio": "Comunitario", "foto_predio": "DCIM/JPEG_20260522132952097.jpg", "creado_por": "u0_a362", "fecha_creacion": "2026-05-22T08:07:05.110Z", "apellidos": "MALDONADO TIPANLUIZA", "nombres": "ASCIENCIO", "clave_catastral": "1702520510005", "telefono_celular": "0969981269", "hijos_hombres": 3, "hijos_mujeres": 4, "sector": "Guang-Porotog", "tenencia_predio": "Escritura", "nivel_instruccion": "Primaria", "area_total": 17362.07, "org_riego": "GUANGUILQUI POROTOG", "sector_comunidad": "SAN  PEDRO SANTA INES ", "canal": "GUANGUILQUI POROTOG", "area_riego": 17362.07, "area_sin_riego": 0.0, "frecuencia_riego": "Semanal", "metodo_aspersion_pct": 100, "dias_riego": 1, "horas_turno": 10, "valor_tarifa": 2.5, "tipo_tarifa": "fijo mensual", "agua_consumo": 1, "energia_electrica": 1, "material_construccion": "BLOQUE", "cota_msnm": 3325.0, "conoce_presa": "Sí", "como_elige_dir": "Asamblea general", "nom_presidente": "JOAQUIN TIPANLUISA", "operador_sector": "CLEMENTE QUINATOA", "anios_sistema": 7, "km_canal": 5.0, "recibio_capacitacion": "Sí", "le_gustaria_cap": "Sí", "temas_capacitacion": "MANEJO DE RIEGO ", "cedula": "1710423532", "caudal_valor": 31.0, "coord_x_utm": 816724.06, "coord_y_utm": 9992833.36, "soberania_aliment_pct": 50, "act_productivas_pct": 50, "actividad_productiva": "Particular", "observaciones": "  Que traten de sistematizar el riego a los que faltan"}, "geometry": {"type": "Point", "coordinates": [-78.154857, -0.064758]}}, {"type": "Feature", "properties": {"id": "{7f71636c-e7db-4f29-a20d-ce5bb7492164}", "cod_poligono": "1702520530053", "num_predio": 1, "propietario": "LANCHIMBA TANDAYAMO NICOLASA", "parroquia": "CANGAHUA", "caudal_tipo": "Recibe la Comunidad", "tiene_reservorio": "Comunitario", "foto_predio": "DCIM/fichas-predios_20260522085452825.jpg", "creado_por": "u0_a314", "fecha_creacion": "2026-05-22T08:41:15.544Z", "apellidos": "LANCHIMBA TANDAYAMO", "nombres": "NICOLASA", "clave_catastral": "1702520530053", "telefono_celular": "0982872035", "hijos_hombres": 5, "hijos_mujeres": 4, "sector": "Guang-Porotog", "tenencia_predio": "Sin Escritura", "nivel_instruccion": "Ninguno", "area_total": 5415.18, "org_riego": "GUANGUILQUI POROTOG", "sector_comunidad": "LA LIBERTAD", "canal": "GUANGUILQUI POROTOG", "area_riego": 5415.18, "area_sin_riego": 0.0, "frecuencia_riego": "Semanal", "metodo_aspersion_pct": 100, "dias_riego": 1, "horas_turno": 12, "valor_tarifa": 2.5, "tipo_tarifa": "fijo mensual", "cota_msnm": 3385.0, "conoce_presa": "Sí", "como_elige_dir": "Asamblea general", "nom_presidente": "CESAR HUMBERTO QUISHPE ", "operador_sector": "CLEMENTE QUINATOA", "anios_sistema": 11, "km_canal": 73.0, "recibio_capacitacion": "No", "le_gustaria_cap": "Sí", "temas_capacitacion": "MÉTODOS DE RIEGO ", "cedula": "1000669877", "caudal_valor": 31.5, "coord_x_utm": 817163.87, "coord_y_utm": 9992216.62, "soberania_aliment_pct": 15, "act_productivas_pct": 85, "actividad_productiva": "Particular", "observaciones": "Aigaje Lanchinba Carmen Amelia 172596780 persona que se beneficia del agua de riego, sin embargo no es comunero (no cuenta registrado el nombre en la junta de agua)."}, "geometry": {"type": "Point", "coordinates": [-78.150909, -0.070331]}}, {"type": "Feature", "properties": {"id": "{308c3042-0143-4f80-8383-713d0e14489b}", "cod_poligono": "1702520530054", "num_predio": 1, "propietario": "LANCHIMBA TANDAYAMO NICOLASA", "parroquia": "CANGAHUA", "caudal_tipo": "Recibe la Comunidad", "tiene_reservorio": "Comunitario", "foto_predio": "DCIM/fichas-predios_20260522090703117.jpg", "creado_por": "u0_a314", "fecha_creacion": "2026-05-22T08:59:20.127Z", "apellidos": "LANCHIMBA TANDAYAMO", "nombres": "NICOLASA", "clave_catastral": "1702520530054", "telefono_celular": "0939994861", "hijos_hombres": 1, "hijos_mujeres": 2, "sector": "Guang-Porotog", "tenencia_predio": "Sin Escritura", "nivel_instruccion": "Primaria", "area_total": 10598.59, "org_riego": "GUANGUILQUI POROTOG", "sector_comunidad": "LA LIBERTAD", "canal": "GUANGUILQUI POROTOG", "area_riego": 10598.59, "area_sin_riego": 0.0, "frecuencia_riego": "Semanal", "metodo_aspersion_pct": 100, "dias_riego": 1, "horas_turno": 12, "valor_tarifa": 2.5, "tipo_tarifa": "fijo mensual", "agua_consumo": 1, "energia_electrica": 1, "material_construccion": "BLOQUE", "cota_msnm": 3375.0, "conoce_presa": "Sí", "como_elige_dir": "Asamblea general", "nom_presidente": "CESAR HUMBERTO QUISHPE ", "operador_sector": "CLEMENTE QUINATOA", "anios_sistema": 11, "km_canal": 73.0, "recibio_capacitacion": "No", "le_gustaria_cap": "Sí", "temas_capacitacion": "MÉTODOS DE RIEGO ", "cedula": "1722400403", "caudal_valor": 31.5, "coord_x_utm": 817102.13, "coord_y_utm": 9992306.12, "soberania_aliment_pct": 25, "act_productivas_pct": 75, "actividad_productiva": "Particular"}, "geometry": {"type": "Point", "coordinates": [-78.151463, -0.069522]}}, {"type": "Feature", "properties": {"id": "{28bbf38c-5591-4a96-8d5a-f14c86f7f68c}", "cod_poligono": "1702520530055", "num_predio": 1, "propietario": "LANCHIMBA TANDAYAMO NICOLASA", "parroquia": "CANGAHUA", "caudal_tipo": "Recibe la Comunidad", "tiene_reservorio": "Comunitario", "foto_predio": "DCIM/fichas-predios_20260522092009761.jpg", "creado_por": "u0_a314", "fecha_creacion": "2026-05-22T09:09:39.554Z", "apellidos": "LANCHIMBA TANDAYAMO", "nombres": "NICOLASA", "clave_catastral": "1702520530055", "telefono_celular": "0997021624", "hijos_hombres": 2, "hijos_mujeres": 1, "sector": "Guang-Porotog", "tenencia_predio": "Sin Escritura", "nivel_instruccion": "Primaria", "area_total": 5418.46, "org_riego": "GUANGUILQUI POROTOG", "sector_comunidad": "LA LIBERTAD", "canal": "GUANGUILQUI POROTOG", "area_riego": 5418.46, "area_sin_riego": 0.0, "frecuencia_riego": "Semanal", "metodo_aspersion_pct": 100, "dias_riego": 1, "horas_turno": 12, "valor_tarifa": 2.5, "tipo_tarifa": "fijo mensual", "energia_electrica": 1, "material_construccion": "HORMIGÓN ARMADO", "cota_msnm": 3380.0, "conoce_presa": "Sí", "como_elige_dir": "Asamblea general", "nom_presidente": "CESAR HUMBERTO QUISHPE ", "operador_sector": "CLEMENTE QUINATOA", "anios_sistema": 11, "km_canal": 73.0, "recibio_capacitacion": "No", "le_gustaria_cap": "Sí", "temas_capacitacion": "MÉTODOS DE RIEGO", "cedula": "1004103329", "caudal_valor": 31.5, "coord_x_utm": 817127.49, "coord_y_utm": 9992263.69, "soberania_aliment_pct": 50, "act_productivas_pct": 50, "actividad_productiva": "Particular"}, "geometry": {"type": "Point", "coordinates": [-78.151236, -0.069906]}}, {"type": "Feature", "properties": {"id": "{45973705-ec93-424d-bd32-d69419748d28}", "cod_poligono": "1702520540009", "num_predio": 1, "propietario": "QUINATOA MALDONADO VICTOR LEONIDAS", "parroquia": "CANGAHUA", "caudal_tipo": "Recibe la Comunidad", "tiene_reservorio": "Comunitario", "foto_predio": "DCIM/fichas-predios_20260522093018156.jpg", "creado_por": "u0_a314", "fecha_creacion": "2026-05-22T09:24:50.784Z", "apellidos": "QUINATOA MALDONADO", "nombres": "VICTOR LEONIDAS", "clave_catastral": "1702520540009", "telefono_celular": "0994469417", "hijos_mujeres": 1, "sector": "Guang-Porotog", "tenencia_predio": "Sin Escritura", "nivel_instruccion": "Secundaria", "area_total": 25283.3, "org_riego": "GUANGUILQUI POROTOG", "sector_comunidad": "LA LIBERTAD", "canal": "GUANGUILQUI POROTOG", "area_riego": 25283.3, "area_sin_riego": 0.0, "frecuencia_riego": "Semanal", "metodo_aspersion_pct": 100, "dias_riego": 2, "horas_turno": 12, "valor_tarifa": 2.5, "tipo_tarifa": "fijo mensual", "agua_consumo": 1, "cota_msnm": 3380.0, "conoce_presa": "Sí", "como_elige_dir": "Asamblea general", "nom_presidente": "CESAR HUMBERTO QUISHPE ", "operador_sector": "CLEMENTE QUINATOA", "anios_sistema": 11, "km_canal": 73.0, "recibio_capacitacion": "No", "le_gustaria_cap": "Sí", "temas_capacitacion": "MÉTODOS DE RIEGO, MANEJO DE AGUA", "cedula": "1729708998", "caudal_valor": 31.5, "coord_x_utm": 818272.87, "coord_y_utm": 9992178.74, "soberania_aliment_pct": 25, "act_productivas_pct": 75, "actividad_productiva": "Particular"}, "geometry": {"type": "Point", "coordinates": [-78.140955, -0.070673]}}, {"type": "Feature", "properties": {"id": "{734a764e-916c-49c3-8651-9a90e7307b8f}", "cod_poligono": "1702520530031", "num_predio": 1, "propietario": "ANDRANGO PILLAJO MARIANO ASIENCIO", "parroquia": "CANGAHUA", "caudal_tipo": "Recibe la Comunidad", "tiene_reservorio": "Comunitario", "foto_predio": "DCIM/fichas-predios_20260522095426430.jpg", "creado_por": "u0_a314", "fecha_creacion": "2026-05-22T09:44:55.796Z", "apellidos": "ANDRANGO PILLAJO", "nombres": "MARIANO ASIENCIO", "clave_catastral": "1702520530031", "telefono_celular": "0959422905", "hijos_hombres": 3, "hijos_mujeres": 6, "sector": "Guang-Porotog", "tenencia_predio": "Escritura", "nivel_instruccion": "Ninguno", "area_total": 16631.98, "org_riego": "GUANGUILQUI POROTOG", "sector_comunidad": "LA LIBERTAD", "canal": "GUANGUILQUI POROTOG", "area_riego": 16631.98, "area_sin_riego": 0.0, "frecuencia_riego": "Semanal", "metodo_aspersion_pct": 100, "dias_riego": 1, "horas_turno": 12, "valor_tarifa": 2.5, "tipo_tarifa": "fijo mensual", "agua_consumo": 1, "energia_electrica": 1, "material_construccion": "BLOQUE", "cota_msnm": 3400.0, "conoce_presa": "Sí", "como_elige_dir": "Asamblea general", "nom_presidente": "CESAR HUMBERTO QUISHPE ", "operador_sector": "CLEMENTE QUINATOA", "anios_sistema": 11, "km_canal": 73.0, "recibio_capacitacion": "Sí", "le_gustaria_cap": "Sí", "temas_capacitacion": "MÉTODOS DE RIEGO, MANEJO DE AGUA", "cedula": "1708268683", "caudal_valor": 31.5, "coord_x_utm": 817455.85, "coord_y_utm": 9992059.69, "soberania_aliment_pct": 25, "act_productivas_pct": 75, "actividad_productiva": "Particular"}, "geometry": {"type": "Point", "coordinates": [-78.148288, -0.071749]}}, {"type": "Feature", "properties": {"id": "{c3bf4da3-6977-4397-a792-10a468f7ab01}", "cod_poligono": "1702520530065", "num_predio": 1, "propietario": "ANDRANGO PILLAJO MARIANO ASIENCIO", "parroquia": "CANGAHUA", "caudal_tipo": "Recibe la Comunidad", "tiene_reservorio": "Comunitario", "creado_por": "u0_a314", "fecha_creacion": "2026-05-22T10:18:57.436Z", "apellidos": "ANDRANGO PILLAJO", "nombres": "MARIANO ASIENCIO", "clave_catastral": "1702520530068", "telefono_celular": "0959422905", "hijos_hombres": 3, "hijos_mujeres": 6, "sector": "Guang-Porotog", "tenencia_predio": "Escritura", "nivel_instruccion": "Ninguno", "area_total": 2576.77, "org_riego": "GUANGUILQUI POROTOG", "sector_comunidad": "LA LIBERTAD", "canal": "GUANGUILQUI POROTOG", "area_riego": 2576.77, "area_sin_riego": 0.0, "frecuencia_riego": "Semanal", "metodo_aspersion_pct": 100, "dias_riego": 1, "horas_turno": 12, "valor_tarifa": 2.5, "tipo_tarifa": "fijo mensual", "agua_consumo": 0, "energia_electrica": 1, "cota_msnm": 3370.0, "conoce_presa": "Sí", "como_elige_dir": "Asamblea general", "nom_presidente": "CESAR HUMBERTO QUISHPE", "operador_sector": "CLEMENTE QUINATOA", "anios_sistema": 11, "km_canal": 73.0, "recibio_capacitacion": "Sí", "le_gustaria_cap": "Sí", "temas_capacitacion": "MANEJO DE AGUA", "cedula": "1708268683", "caudal_valor": 31.5, "coord_x_utm": 817070.83, "coord_y_utm": 9992356.16, "act_productivas_pct": 100, "actividad_productiva": "Particular"}, "geometry": {"type": "Point", "coordinates": [-78.151744, -0.06907]}}, {"type": "Feature", "properties": {"id": "{f97f98de-43f8-4919-9c42-cefb4c8e2d2d}", "cod_poligono": "1702520530067", "num_predio": 1, "propietario": "ANDRANGO PILLAJO MARIANO ASIENCIO", "parroquia": "CANGAHUA", "caudal_tipo": "Recibe la Comunidad", "tiene_reservorio": "Comunitario", "foto_predio": "DCIM/fichas-predios_20260522102210523.jpg", "creado_por": "u0_a314", "fecha_creacion": "2026-05-22T10:21:58.461Z", "apellidos": "ANDRANGO PILLAJO", "nombres": "MARIANO ASIENCIO", "clave_catastral": "1702520530068", "telefono_celular": "0959422905", "hijos_hombres": 3, "hijos_mujeres": 6, "sector": "Guang-Porotog", "tenencia_predio": "Escritura", "nivel_instruccion": "Ninguno", "area_total": 2577.29, "org_riego": "GUANGUILQUI POROTOG", "sector_comunidad": "LA LIBERTAD", "canal": "GUANGUILQUI POROTOG", "area_riego": 2577.29, "area_sin_riego": 0.0, "frecuencia_riego": "Semanal", "metodo_aspersion_pct": 100, "dias_riego": 1, "horas_turno": 12, "valor_tarifa": 2.5, "tipo_tarifa": "fijo mensual", "material_construccion": "BLOQUE", "cota_msnm": 3370.0, "conoce_presa": "Sí", "como_elige_dir": "Asamblea general", "nom_presidente": "CESAR HUMBERTO QUISHPE", "operador_sector": "CLEMENTE QUINATOA ", "anios_sistema": 11, "km_canal": 73.0, "recibio_capacitacion": "Sí", "le_gustaria_cap": "Sí", "temas_capacitacion": "MANEJO DE AGUA", "cedula": "1708268683", "caudal_valor": 31.5, "coord_x_utm": 817122.12, "coord_y_utm": 9992373.98, "act_productivas_pct": 100, "actividad_productiva": "Particular"}, "geometry": {"type": "Point", "coordinates": [-78.151284, -0.068909]}}, {"type": "Feature", "properties": {"id": "{03e7e74b-24c9-4a80-8300-3965a807c442}", "cod_poligono": "1702520690036", "num_predio": 1, "propietario": "ANDRANGO PILLAJO MARIANO ASIENCIO", "parroquia": "CANGAHUA", "caudal_tipo": "Recibe la Comunidad", "tiene_reservorio": "Comunitario", "foto_predio": "DCIM/fichas-predios_20260522103606107.jpg", "creado_por": "u0_a314", "fecha_creacion": "2026-05-22T10:30:23.253Z", "apellidos": "ANDRANGO PILLAJO", "nombres": "MARIANO ASIENCIO", "clave_catastral": "1702520690036", "telefono_celular": "0959422905", "hijos_hombres": 3, "hijos_mujeres": 6, "sector": "Guang-Porotog", "tenencia_predio": "Escritura", "nivel_instruccion": "Ninguno", "area_total": 4595.97, "org_riego": "GUANGUILQUI POROTOG", "sector_comunidad": "LA LIBERTAD", "canal": "GUANGUILQUI POROTOG", "area_riego": 4595.97, "area_sin_riego": 0.0, "frecuencia_riego": "Semanal", "metodo_gravedad_pct": 100, "dias_riego": 1, "horas_turno": 12, "valor_tarifa": 5.0, "tipo_tarifa": "fijo anual", "agua_consumo": 1, "energia_electrica": 1, "material_construccion": "LADRILLO", "cota_msnm": 3440.0, "conoce_presa": "Sí", "como_elige_dir": "Asamblea general", "nom_presidente": "CESAR HUMBERTO QUISHPE", "operador_sector": "CLEMENTE QUINATOA", "anios_sistema": 11, "km_canal": 73.0, "recibio_capacitacion": "Sí", "le_gustaria_cap": "Sí", "temas_capacitacion": "MANEJO DE AGUA", "cedula": "1708268683", "caudal_valor": 31.5, "coord_x_utm": 818806.05, "coord_y_utm": 9990983.09, "act_productivas_pct": 100, "actividad_productiva": "Particular"}, "geometry": {"type": "Point", "coordinates": [-78.136169, -0.081476]}}, {"type": "Feature", "properties": {"id": "{c678767e-f8b4-439f-90cc-3fc77c41ae14}", "cod_poligono": "1702520530001", "num_predio": 1, "propietario": "LANCHIMBA TANDAYAMO ASIENCIO", "parroquia": "CANGAHUA", "caudal_tipo": "Recibe la Comunidad", "tiene_reservorio": "Comunitario", "foto_predio": "DCIM/fichas-predios_20260522110004171.jpg", "creado_por": "u0_a314", "fecha_creacion": "2026-05-22T10:50:43.700Z", "apellidos": "LANCHIMBA TANDAYAMO", "nombres": "ASIENCIO", "clave_catastral": "1702520530001", "telefono_celular": "0989343039", "hijos_hombres": 1, "hijos_mujeres": 3, "sector": "Guang-Porotog", "tenencia_predio": "Escritura", "nivel_instruccion": "Primaria", "area_total": 23029.22, "org_riego": "GUANGUILQUI POROTOG", "sector_comunidad": "LA LIBERTAD SAN PEDRO", "canal": "GUANGUILQUI POROTOG", "area_riego": 23029.22, "area_sin_riego": 0.0, "frecuencia_riego": "Semanal", "metodo_aspersion_pct": 100, "dias_riego": 2, "horas_turno": 12, "valor_tarifa": 2.5, "tipo_tarifa": "fijo mensual", "agua_consumo": 1, "energia_electrica": 1, "material_construccion": "BLOQUE", "cota_msnm": 3345.0, "conoce_presa": "Sí", "como_elige_dir": "Asamblea general", "nom_presidente": "CESAR HUMBERTO QUISHPE", "operador_sector": "CLEMENTE QUINATOA", "anios_sistema": 5, "km_canal": 73.0, "recibio_capacitacion": "Sí", "le_gustaria_cap": "Sí", "temas_capacitacion": "MANEJO DEL SISTEMA DE RIEGO", "cedula": "1704409695", "caudal_valor": 31.5, "coord_x_utm": 817015.22, "coord_y_utm": 9992652.49, "soberania_aliment_pct": 50, "act_productivas_pct": 50, "actividad_productiva": "Particular"}, "geometry": {"type": "Point", "coordinates": [-78.152244, -0.066393]}}, {"type": "Feature", "properties": {"id": "{40574b1a-646d-4bf9-be94-6fb99df75aee}", "cod_poligono": "1702521020023", "num_predio": 1, "propietario": "LANCHIMBA TANDAYAMO ASIENCIO", "parroquia": "CANGAHUA", "caudal_tipo": "Recibe la Comunidad", "tiene_reservorio": "Comunitario", "foto_predio": "DCIM/fichas-predios_20260522110533327.jpg", "creado_por": "u0_a314", "fecha_creacion": "2026-05-22T11:01:04.982Z", "apellidos": "LANCHIMBA TANDAYAMO", "nombres": "ASIENCIO", "clave_catastral": "1702520530001", "telefono_celular": "0989343039", "hijos_hombres": 1, "hijos_mujeres": 3, "sector": "Guang-Porotog", "tenencia_predio": "Escritura", "nivel_instruccion": "Primaria", "area_total": 1640.3, "org_riego": "GUANGUILQUI POROTOG", "sector_comunidad": "LA LIBERTAD", "canal": "GUANGUILQUI POROTOG", "area_riego": 1640.3, "area_sin_riego": 0.0, "frecuencia_riego": "Semanal", "metodo_gravedad_pct": 100, "dias_riego": 1, "horas_turno": 12, "valor_tarifa": 2.5, "tipo_tarifa": "fijo mensual", "agua_consumo": 1, "energia_electrica": 1, "cota_msnm": 3445.0, "conoce_presa": "Sí", "como_elige_dir": "Asamblea general", "nom_presidente": "CESAR HUMBERTO QUISHPE", "operador_sector": "CLEMENTE QUINATOA", "anios_sistema": 5, "km_canal": 73.0, "recibio_capacitacion": "Sí", "le_gustaria_cap": "Sí", "temas_capacitacion": "MANEJO DE AGUA", "cedula": "1704409695", "caudal_valor": 31.5, "coord_x_utm": 818712.8, "coord_y_utm": 9990818.49, "soberania_aliment_pct": 50, "act_productivas_pct": 50, "actividad_productiva": "Particular"}, "geometry": {"type": "Point", "coordinates": [-78.137006, -0.082964]}}, {"type": "Feature", "properties": {"id": "{983ca905-f1ab-42bc-99cc-8009c11053a5}", "cod_poligono": "1702521020034", "num_predio": 1, "propietario": "LANCHIMBA TANDAYAMO ASIENCIO", "parroquia": "CANGAHUA", "caudal_tipo": "Recibe la Comunidad", "tiene_reservorio": "Comunitario", "foto_predio": "DCIM/fichas-predios_20260522110858433.jpg", "creado_por": "u0_a314", "fecha_creacion": "2026-05-22T11:06:23.265Z", "apellidos": "LANCHIMBA TANDAYAMO", "nombres": "ASIENCIO", "clave_catastral": "1702520530001", "telefono_celular": "0989343039", "hijos_hombres": 1, "hijos_mujeres": 3, "sector": "Guang-Porotog", "tenencia_predio": "Escritura", "nivel_instruccion": "Primaria", "area_total": 6423.82, "org_riego": "GUANGUILQUI POROTOG", "sector_comunidad": "LA LIBERTAD SAN PEDRO", "canal": "GUANGUILQUI POROTOG", "area_riego": 6423.82, "area_sin_riego": 0.0, "frecuencia_riego": "Semanal", "metodo_aspersion_pct": 100, "dias_riego": 1, "horas_turno": 12, "valor_tarifa": 2.5, "tipo_tarifa": "fijo mensual", "agua_consumo": 1, "energia_electrica": 1, "cota_msnm": 3420.0, "conoce_presa": "Sí", "como_elige_dir": "Asamblea general", "nom_presidente": "CESAR HUMBERTO QUISHPE", "operador_sector": "CLEMENTE QUINATOA", "anios_sistema": 5, "km_canal": 73.0, "recibio_capacitacion": "Sí", "le_gustaria_cap": "Sí", "temas_capacitacion": "MANEJO DE AGUA", "cedula": "1704409695", "caudal_valor": 31.5, "coord_x_utm": 818592.76, "coord_y_utm": 9990836.44, "act_productivas_pct": 100, "actividad_productiva": "Particular"}, "geometry": {"type": "Point", "coordinates": [-78.138083, -0.082801]}}, {"type": "Feature", "properties": {"id": "{b98744e8-62f1-4181-9ba6-95c703a53198}", "cod_poligono": "1702521410004", "num_predio": 1, "propietario": "LANCHIMBA TANDAYAMO ASIENCIO", "parroquia": "CANGAHUA", "caudal_tipo": "Recibe la Comunidad", "tiene_reservorio": "Comunitario", "foto_predio": "DCIM/fichas-predios_20260522111241266.jpg", "creado_por": "u0_a314", "fecha_creacion": "2026-05-22T11:09:48.296Z", "apellidos": "LANCHIMBA TANDAYAMO", "nombres": "ASIENCIO", "clave_catastral": "1702520530001", "telefono_celular": "0989343039", "hijos_hombres": 1, "hijos_mujeres": 3, "sector": "Guang-Porotog", "tenencia_predio": "Escritura", "nivel_instruccion": "Primaria", "area_total": 12691.27, "org_riego": "GUANGUILQUI POROTOG", "sector_comunidad": "LA LIBERTAD SAN PEDRO", "canal": "GUANGUILQUI POROTOG", "area_riego": 12691.27, "area_sin_riego": 0.0, "frecuencia_riego": "Semanal", "metodo_gravedad_pct": 100, "dias_riego": 1, "horas_turno": 12, "valor_tarifa": 2.5, "tipo_tarifa": "fijo mensual", "cota_msnm": 3610.0, "conoce_presa": "Sí", "como_elige_dir": "Asamblea general", "nom_presidente": "CESAR HUMBERTO QUISHPE", "operador_sector": "CLEMENTE QUINATOA", "anios_sistema": 5, "km_canal": 73.0, "recibio_capacitacion": "Sí", "le_gustaria_cap": "Sí", "temas_capacitacion": "MANEJO DE AGUA", "cedula": "1704409695", "caudal_valor": 31.5, "coord_x_utm": 818922.71, "coord_y_utm": 9988564.21, "act_productivas_pct": 100, "actividad_productiva": "Particular"}, "geometry": {"type": "Point", "coordinates": [-78.13512, -0.103333]}}, {"type": "Feature", "properties": {"id": "{4a56a466-1f48-49de-ba15-4d0626cc8315}", "cod_poligono": "1702521010006", "num_predio": 1, "propietario": "SOPALO TIPANLUISA VICENTA", "parroquia": "CANGAHUA", "caudal_tipo": "Recibe la Comunidad", "tiene_reservorio": "Comunitario", "creado_por": "u0_a314", "fecha_creacion": "2026-05-22T11:18:22.655Z", "apellidos": "SOPALO TIPANLUISA", "nombres": "VICENTA", "clave_catastral": "1702521010006", "telefono_celular": "0991534307", "hijos_hombres": 1, "sector": "Guang-Porotog", "tenencia_predio": "Sin Escritura", "nivel_instruccion": "Secundaria", "area_total": 5093.64, "org_riego": "GUANGUILQUI POROTOG", "sector_comunidad": "LARCACHACA", "canal": "GUANGUILQUI POROTOG", "area_riego": 5093.64, "area_sin_riego": 0.0, "frecuencia_riego": "Semanal", "metodo_aspersion_pct": 100, "dias_riego": 2, "horas_turno": 12, "valor_tarifa": 3.0, "tipo_tarifa": "fijo mensual", "agua_consumo": 1, "energia_electrica": 1, "material_construccion": "LADRILLO", "cota_msnm": 3495.0, "conoce_presa": "Sí", "como_elige_dir": "Asamblea general", "nom_presidente": "JOSE JOAQUÍN TIPANLUISA LANCHIMBA", "operador_sector": "ROBERTO AIGAJE", "anios_sistema": 15, "km_canal": 63.0, "recibio_capacitacion": "Sí", "le_gustaria_cap": "Sí", "temas_capacitacion": "RIEGO", "cedula": "1725242620", "caudal_valor": 28.6, "coord_x_utm": 818726.1, "coord_y_utm": 9989609.04, "soberania_aliment_pct": 50, "act_productivas_pct": 50, "actividad_productiva": "Particular"}, "geometry": {"type": "Point", "coordinates": [-78.136886, -0.093892]}}, {"type": "Feature", "properties": {"id": "{15b70bcc-af20-40be-8bbf-1817e2de594f}", "cod_poligono": "1702521040002", "num_predio": 3, "propietario": "IMBAQUINGO FARINANGO RICARDO", "parroquia": "CANGAHUA", "caudal_tipo": "Recibe la Comunidad", "tiene_reservorio": "Comunitario", "creado_por": "u0_a314", "fecha_creacion": "2026-05-22T11:39:19.318Z", "apellidos": "IMBAQUINGO FARINANGO", "nombres": "RICARDO", "clave_catastral": "1702521040002", "telefono_celular": "0988172705", "hijos_hombres": 3, "hijos_mujeres": 3, "sector": "Guang-Porotog", "tenencia_predio": "Sin Escritura", "nivel_instruccion": "Primaria", "area_total": 9963.53, "org_riego": "GUANGUILQUI POROTOG", "sector_comunidad": "LARCACHACA", "canal": "GUANGUILQUI POROTOG", "area_riego": 9963.53, "area_sin_riego": 0.0, "frecuencia_riego": "Semanal", "metodo_aspersion_pct": 100, "dias_riego": 2, "horas_turno": 8, "valor_tarifa": 3.0, "tipo_tarifa": "fijo mensual", "agua_consumo": 1, "energia_electrica": 1, "cota_msnm": 3565.0, "conoce_presa": "Sí", "como_elige_dir": "Asamblea general", "nom_presidente": "JOSÉ JOAQUÍN TIPANLUISA LANCHIMBA ", "operador_sector": "ROBERTO AIGAJE", "anios_sistema": 15, "km_canal": 63.0, "recibio_capacitacion": "Sí", "le_gustaria_cap": "Sí", "temas_capacitacion": "RIEGO", "cedula": "1712474194", "caudal_valor": 28.6, "coord_x_utm": 819384.81, "coord_y_utm": 9989316.69, "act_productivas_pct": 100, "actividad_productiva": "Particular"}, "geometry": {"type": "Point", "coordinates": [-78.130973, -0.096533]}}, {"type": "Feature", "properties": {"id": "{ca820cd1-0ff6-48ae-af4d-eeec4b884e1a}", "cod_poligono": "1702521040002", "num_predio": 4, "propietario": "IMBAQUINGO FARINANGO RICARDO", "parroquia": "CANGAHUA", "caudal_tipo": "Recibe la Comunidad", "tiene_reservorio": "Comunitario", "creado_por": "u0_a314", "fecha_creacion": "2026-05-22T11:48:20.557Z", "apellidos": "IMBAQUINGO FARINANGO", "nombres": "RICARDO", "clave_catastral": "1702521040002", "telefono_celular": "0994469417", "hijos_mujeres": 2, "sector": "Guang-Porotog", "tenencia_predio": "Sin Escritura", "nivel_instruccion": "Primaria", "area_total": 9963.53, "org_riego": "GUANGUILQUI POROTOG", "sector_comunidad": "LARCACHACA", "canal": "GUANGUILQUI POROTOG", "area_riego": 9963.53, "area_sin_riego": 0.0, "frecuencia_riego": "Semanal", "metodo_aspersion_pct": 100, "dias_riego": 2, "horas_turno": 8, "valor_tarifa": 3.0, "tipo_tarifa": "fijo mensual", "agua_consumo": 1, "energia_electrica": 1, "material_construccion": "MIXTA", "cota_msnm": 3570.0, "conoce_presa": "Sí", "como_elige_dir": "Asamblea general", "nom_presidente": "JOSÉ JOAQUÍN TIPANLUISA LANCHIMBA ", "operador_sector": "ROBERTO AIGAJE ", "anios_sistema": 16, "km_canal": 63.0, "recibio_capacitacion": "Sí", "le_gustaria_cap": "Sí", "temas_capacitacion": "MANEJO DE AGUA", "cedula": "1002934832", "caudal_valor": 28.6, "coord_x_utm": 819364.59, "coord_y_utm": 9989298.09, "act_productivas_pct": 100, "actividad_productiva": "Particular"}, "geometry": {"type": "Point", "coordinates": [-78.131155, -0.096701]}}, {"type": "Feature", "properties": {"id": "{2650fddb-324e-4afd-b385-c53863c364a3}", "cod_poligono": "1702521020008", "num_predio": 1, "propietario": "MALDONADO LINCANGO RAUL JOAQUIN", "parroquia": "CANGAHUA", "caudal_tipo": "Recibe la Comunidad", "tiene_reservorio": "Comunitario", "foto_predio": "DCIM/fichas-predios_20260522125528014.jpg", "creado_por": "u0_a314", "fecha_creacion": "2026-05-22T12:48:14.616Z", "apellidos": "MALDONADO LINCANGO", "nombres": "RAUL JOAQUIN", "clave_catastral": "1702521020008", "telefono_celular": "0990675946", "hijos_mujeres": 2, "sector": "Guang-Porotog", "tenencia_predio": "Sin Escritura", "nivel_instruccion": "Secundaria", "area_total": 10388.11, "org_riego": "GUANGUILQUI POROTOG", "sector_comunidad": "LA LIBERTAD", "canal": "GUANGUILQUI POROTOG", "area_riego": 10388.11, "area_sin_riego": 0.0, "frecuencia_riego": "Semanal", "metodo_gravedad_pct": 100, "dias_riego": 1, "horas_turno": 12, "valor_tarifa": 30.0, "tipo_tarifa": "fijo anual", "agua_consumo": 1, "energia_electrica": 1, "material_construccion": "MADERA", "cota_msnm": 3430.0, "conoce_presa": "Sí", "como_elige_dir": "Asamblea general", "nom_presidente": "CESAR HUMBERTO QUISHPE", "operador_sector": "CLEMENTE QUINATOA", "anios_sistema": 7, "km_canal": 73.0, "recibio_capacitacion": "Sí", "le_gustaria_cap": "Sí", "temas_capacitacion": "RIEGO", "cedula": "1003026778", "caudal_valor": 31.5, "coord_x_utm": 818608.38, "coord_y_utm": 9990551.61, "soberania_aliment_pct": 50, "act_productivas_pct": 50, "actividad_productiva": "Particular", "observaciones": "Clave: 170252102005, Área de terreno: 1641.6 m², Área de riego: 1300 m²"}, "geometry": {"type": "Point", "coordinates": [-78.137943, -0.085375]}}, {"type": "Feature", "properties": {"id": "{650047a2-7c0a-478f-b1b2-b24580dfc1b4}", "cod_poligono": "1702520530049", "num_predio": 1, "propietario": "UMAQUINGA ANDRANGO VIRGILIO", "parroquia": "CANGAHUA", "caudal_tipo": "Recibe la Comunidad", "tiene_reservorio": "Comunitario", "foto_predio": "DCIM/fichas-predios_20260522132136161.jpg", "creado_por": "u0_a314", "fecha_creacion": "2026-05-22T13:11:26.933Z", "apellidos": "UMAQUINGA ANDRANGO", "nombres": "VIRGILIO", "clave_catastral": "1702521020109", "telefono_celular": "0997424927", "hijos_hombres": 4, "sector": "Guang-Porotog", "tenencia_predio": "Escritura", "nivel_instruccion": "Ninguno", "area_total": 13933.15, "org_riego": "GUANGUILQUI POROTOG", "sector_comunidad": "LA LIBERTAD LAGUNA", "canal": "GUANGUILQUI POROTOG", "area_riego": 13933.15, "area_sin_riego": 0.0, "frecuencia_riego": "Semanal", "metodo_aspersion_pct": 100, "dias_riego": 2, "horas_turno": 12, "valor_tarifa": 30.0, "tipo_tarifa": "fijo anual", "agua_consumo": 1, "energia_electrica": 1, "material_construccion": "BLOQUE", "cota_msnm": 3390.0, "conoce_presa": "Sí", "como_elige_dir": "Asamblea general", "nom_presidente": "CESAR HUMBERTO QUISHPE", "operador_sector": "CLEMENTE QUINATOA", "anios_sistema": 29, "km_canal": 73.0, "recibio_capacitacion": "Sí", "le_gustaria_cap": "Sí", "temas_capacitacion": "MANEJO DE AGUA", "cedula": "1710909969", "caudal_valor": 31.5, "coord_x_utm": 817620.8, "coord_y_utm": 9992315.76, "soberania_aliment_pct": 25, "act_productivas_pct": 75, "actividad_productiva": "Particular", "observaciones": "Clave: 1702521020109 Área Total: 1423.23 m² Área Riego: 1423.23m²"}, "geometry": {"type": "Point", "coordinates": [-78.146808, -0.069435]}}, {"type": "Feature", "properties": {"id": "{2ef24cb8-af30-465e-bd92-dc8d5748c6c5}", "cod_poligono": "1702520690031", "num_predio": 1, "propietario": "HEREDEROS DE TONTA AIGAJE MARIA ISABEL", "parroquia": "CANGAHUA", "caudal_tipo": "Recibe la Comunidad", "tiene_reservorio": "Comunitario", "foto_predio": "DCIM/fichas-predios_20260522140512916.jpg", "creado_por": "u0_a314", "fecha_creacion": "2026-05-22T13:56:05.264Z", "apellidos": "HEREDEROS DE TONTA AIGAJE", "nombres": "MARIA ISABEL", "clave_catastral": "1702520690031", "telefono_celular": "0992413561", "hijos_hombres": 1, "sector": "Guang-Porotog", "tenencia_predio": "Sin Escritura", "nivel_instruccion": "Primaria", "area_total": 30546.34, "org_riego": "GUANGUILQUI POROTOG", "sector_comunidad": "LA LIBERTAD MULA POTRERO", "canal": "GUANGUILQUI POROTOG", "area_riego": 30546.34, "area_sin_riego": 0.0, "frecuencia_riego": "Semanal", "metodo_gravedad_pct": 100, "dias_riego": 1, "horas_turno": 12, "valor_tarifa": 10.0, "tipo_tarifa": "fijo anual", "agua_consumo": 1, "energia_electrica": 1, "material_construccion": "BLOQUE", "cota_msnm": 3415.0, "conoce_presa": "Sí", "como_elige_dir": "Asamblea general", "nom_presidente": "CESAR HUMBERTO QUISHPE", "operador_sector": "CLEMENTE QUINATOA", "anios_sistema": 11, "km_canal": 73.0, "recibio_capacitacion": "Sí", "le_gustaria_cap": "Sí", "temas_capacitacion": "MANEJO DE AGUA", "cedula": "1716001688", "caudal_valor": 31.5, "coord_x_utm": 818579.88, "coord_y_utm": 9990979.83, "soberania_aliment_pct": 50, "act_productivas_pct": 50, "actividad_productiva": "Particular", "observaciones": "Clave: 1702520530045 Área Total: 24410.88 m² Área de Cultivo: 1500 m²\nClave: 1702521410035 Área Total: 10184.09 m² Área de Cultivo: 10184.09 m²"}, "geometry": {"type": "Point", "coordinates": [-78.138199, -0.081506]}}, {"type": "Feature", "properties": {"id": "{2a7e1ef5-aa80-4213-acda-75bfa3eccc36}", "cod_poligono": "1702520510123", "num_predio": 1, "propietario": "LANCHIMBA QUINATOA LUIS RODRIGO", "parroquia": "CANGAHUA", "caudal_tipo": "Recibe la Comunidad", "tiene_reservorio": "Comunitario", "foto_predio": "DCIM/fichas-predios_20260522152338831.jpg", "creado_por": "u0_a314", "fecha_creacion": "2026-05-22T15:16:51.231Z", "apellidos": "LANCHIMBA QUINATOA", "nombres": "LUIS RODRIGO", "clave_catastral": "1702520510123", "telefono_celular": "0994846086", "hijos_mujeres": 2, "sector": "Guang-Porotog", "tenencia_predio": "Escritura", "nivel_instruccion": "Primaria", "area_total": 9952.3, "org_riego": "GUANGUILQUI POROTOG", "sector_comunidad": "LA LIBERTAD", "canal": "GUANGUILQUI POROTOG", "area_riego": 9952.3, "area_sin_riego": 0.0, "frecuencia_riego": "Semanal", "metodo_aspersion_pct": 100, "dias_riego": 1, "horas_turno": 12, "valor_tarifa": 2.5, "tipo_tarifa": "fijo mensual", "agua_consumo": 1, "energia_electrica": 1, "cota_msnm": 3340.0, "conoce_presa": "Sí", "como_elige_dir": "Asamblea general", "nom_presidente": "CESAR HUMBERTO QUISHPE", "operador_sector": "CLEMENTE QUINATOA", "anios_sistema": 11, "km_canal": 73.0, "recibio_capacitacion": "Sí", "le_gustaria_cap": "Sí", "temas_capacitacion": "MANEJO DE AGUA", "cedula": "1002568119", "caudal_valor": 31.5, "coord_x_utm": 816756.18, "coord_y_utm": 9992711.45, "act_productivas_pct": 100, "actividad_productiva": "Particular"}, "geometry": {"type": "Point", "coordinates": [-78.154569, -0.06586]}}, {"type": "Feature", "properties": {"id": "{e227ae04-b2c9-4a94-ae07-2b26c1ff408e}", "cod_poligono": "1702520540032", "num_predio": 1, "propietario": "SALAZAR QUINATOA SEGUNDO RAMON", "parroquia": "CANGAHUA", "caudal_tipo": "Recibe la Comunidad", "tiene_reservorio": "Comunitario", "foto_predio": "DCIM/fichas-predios_20260522154143188.jpg", "creado_por": "u0_a314", "fecha_creacion": "2026-05-22T15:34:01.957Z", "apellidos": "SALAZAR QUINATOA", "nombres": "SEGUNDO RAMON", "clave_catastral": "1702520540032", "telefono_celular": "0982688520", "hijos_hombres": 1, "hijos_mujeres": 1, "sector": "Guang-Porotog", "tenencia_predio": "Escritura", "nivel_instruccion": "Primaria", "area_total": 11866.83, "org_riego": "GUANGUILQUI POROTOG", "sector_comunidad": "LA LIBERTAD CRUZ LOMA", "canal": "GUANGUILQUI POROTOG", "area_riego": 11866.83, "area_sin_riego": 0.0, "frecuencia_riego": "Semanal", "metodo_aspersion_pct": 100, "dias_riego": 1, "horas_turno": 12, "valor_tarifa": 36.0, "tipo_tarifa": "fijo anual", "agua_consumo": 1, "energia_electrica": 1, "material_construccion": "HORMIGÓN ARMADO", "cota_msnm": 3390.0, "conoce_presa": "No", "como_elige_dir": "Asamblea general", "nom_presidente": "CESAR HUMBERTO QUISPE ", "operador_sector": "CLEMENTE QUINATOA", "anios_sistema": 5, "km_canal": 73.0, "recibio_capacitacion": "No", "le_gustaria_cap": "Sí", "temas_capacitacion": "MANEJO DE AGUA", "cedula": "1712953742", "caudal_valor": 31.5, "coord_x_utm": 818176.74, "coord_y_utm": 9992425.16, "soberania_aliment_pct": 25, "act_productivas_pct": 75, "actividad_productiva": "Particular", "observaciones": "Clave: 1702521100078 Área Total: 5664.45 m² Área de Cultivo: 5664.45 m²"}, "geometry": {"type": "Point", "coordinates": [-78.141818, -0.068446]}}, {"type": "Feature", "properties": {"id": "{3840dc7e-6800-439f-9245-19938013bcc6}", "cod_poligono": "1702521020104", "num_predio": 1, "propietario": "QUINATOA ULCUANGO JOSE TOBIAS", "parroquia": "CANGAHUA", "caudal_tipo": "Recibe la Comunidad", "tiene_reservorio": "Comunitario", "foto_predio": "DCIM/fichas-predios_20260522160734965.jpg", "creado_por": "u0_a314", "fecha_creacion": "2026-05-22T16:00:26.804Z", "apellidos": "QUINATOA ULCUANGO", "nombres": "JOSE TOBIAS", "clave_catastral": "1702521020105", "telefono_celular": "0997684537", "hijos_hombres": 3, "sector": "Guang-Porotog", "tenencia_predio": "Escritura", "nivel_instruccion": "Ninguno", "area_total": 1337.0, "org_riego": "GUANGUILQUI POROTOG", "sector_comunidad": "LA LIBERTAD CENTRAL", "canal": "GUANGUILQUI POROTOG", "area_riego": 1337.0, "area_sin_riego": 0.0, "frecuencia_riego": "Semanal", "metodo_gravedad_pct": 100, "dias_riego": 1, "horas_turno": 12, "valor_tarifa": 5.0, "tipo_tarifa": "fijo anual", "agua_consumo": 1, "energia_electrica": 1, "material_construccion": "BLOQUE", "cota_msnm": 3475.0, "conoce_presa": "Sí", "como_elige_dir": "Asamblea general", "nom_presidente": "CESAR HUMBERTO QUISHPE", "operador_sector": "CLEMENTE QUINATOA", "anios_sistema": 22, "km_canal": 7.0, "recibio_capacitacion": "Sí", "le_gustaria_cap": "Sí", "temas_capacitacion": "MANEJO DE AGUA", "cedula": "1717317224", "caudal_valor": 31.5, "coord_x_utm": 818805.16, "coord_y_utm": 9990425.17, "soberania_aliment_pct": 25, "act_productivas_pct": 75, "actividad_productiva": "Particular"}, "geometry": {"type": "Point", "coordinates": [-78.136177, -0.086518]}}, {"type": "Feature", "properties": {"id": "{6cc8024b-28d8-4e99-9d59-51d7c861e26d}", "cod_poligono": "1702520510007", "num_predio": 1, "propietario": "MALDONADO ALBAN MANUEL ESPIRITU", "parroquia": "CANGAHUA", "caudal_tipo": "Recibe la Comunidad", "tiene_reservorio": "Comunitario", "foto_predio": "DCIM/fichas-predios_20260522163424069.jpg", "creado_por": "u0_a314", "fecha_creacion": "2026-05-22T16:26:58.957Z", "apellidos": "MALDONADO ALBAN", "nombres": "MANUEL ESPIRITU", "clave_catastral": "1702520510007", "telefono_celular": "0995185577", "hijos_hombres": 1, "hijos_mujeres": 1, "sector": "Guang-Porotog", "tenencia_predio": "Sin Escritura", "nivel_instruccion": "Secundaria", "area_total": 27557.02, "org_riego": "GUANGUILQUI POROTOG", "sector_comunidad": "LA LIBERTAD SANTA INÉS", "canal": "GUANGUILQUI POROTOG", "area_riego": 27557.02, "area_sin_riego": 0.0, "frecuencia_riego": "Semanal", "metodo_aspersion_pct": 100, "dias_riego": 1, "horas_turno": 12, "valor_tarifa": 2.5, "tipo_tarifa": "fijo mensual", "agua_consumo": 1, "energia_electrica": 1, "material_construccion": "BLOQUE", "cota_msnm": 3300.0, "conoce_presa": "Sí", "como_elige_dir": "Asamblea general", "nom_presidente": "CESAR HUMBERTO QUISHPE", "operador_sector": "CLEMENTE QUINATOA", "anios_sistema": 7, "km_canal": 7.0, "recibio_capacitacion": "Sí", "le_gustaria_cap": "Sí", "temas_capacitacion": "MANEJO DE AGUA", "cedula": "1722109780", "caudal_valor": 31.5, "coord_x_utm": 816578.03, "coord_y_utm": 9992938.93, "soberania_aliment_pct": 50, "act_productivas_pct": 50, "actividad_productiva": "Particular", "observaciones": "Clave: 1702521100088 Área Total: 11582.36m² Área de Cultivo: 11582.36m² "}, "geometry": {"type": "Point", "coordinates": [-78.156168, -0.063804]}}, {"type": "Feature", "properties": {"id": "{13887547-0497-425e-a8a0-6521b4266589}", "cod_poligono": "1702520510007", "num_predio": 2, "propietario": "MALDONADO ALBAN MANUEL ESPIRITU", "parroquia": "CANGAHUA", "caudal_tipo": "Recibe la Comunidad", "tiene_reservorio": "Comunitario", "foto_predio": "DCIM/fichas-predios_20260522170520927.jpg", "creado_por": "u0_a314", "fecha_creacion": "2026-05-22T16:44:51.065Z", "apellidos": "MALDONADO ALBAN", "nombres": "MANUEL ESPIRITU", "clave_catastral": "1702520510007", "telefono_celular": "0990022392", "hijos_hombres": 3, "hijos_mujeres": 2, "sector": "Guang-Porotog", "tenencia_predio": "Escritura", "nivel_instruccion": "Primaria", "area_total": 27557.02, "org_riego": "GUANGUILQUI POROTOG", "sector_comunidad": "LA LIBERTAD SANTA INÉS", "canal": "GUANGUILQUI POROTOG", "area_riego": 27557.02, "area_sin_riego": 0.0, "frecuencia_riego": "Mensual", "metodo_aspersion_pct": 100, "dias_riego": 1, "horas_turno": 12, "valor_tarifa": 2.5, "tipo_tarifa": "fijo mensual", "agua_consumo": 1, "energia_electrica": 1, "material_construccion": "BLOQUE", "cota_msnm": 3305.0, "conoce_presa": "Sí", "como_elige_dir": "Asamblea general", "nom_presidente": "CESAR HUMBERTO QUISHPE", "operador_sector": "CLEMENTE QUINATOA", "anios_sistema": 7, "km_canal": 7.0, "recibio_capacitacion": "Sí", "le_gustaria_cap": "Sí", "temas_capacitacion": "MANEJO DE AGUA", "cedula": "1705300380", "caudal_valor": 31.5, "coord_x_utm": 816570.11, "coord_y_utm": 9992866.18, "soberania_aliment_pct": 30, "act_productivas_pct": 70, "actividad_productiva": "Particular", "observaciones": "Clave: 1702521100088 Área Total: 11582.36m² Área de Cultivo: 11582.36m² \nClave: 1702520690015 Área Total: 17886.88m² Área de Cultivo: 5962m²"}, "geometry": {"type": "Point", "coordinates": [-78.156239, -0.064462]}}, {"type": "Feature", "properties": {"id": "{bd85f792-b3ab-421d-a9fc-4c1d39431cc2}", "cod_poligono": "1702520690020", "num_predio": 1, "propietario": "MALDONADO TIPANLUISA ROSA", "parroquia": "CANGAHUA", "caudal_tipo": "Recibe la Comunidad", "tiene_reservorio": "Comunitario", "foto_predio": "DCIM/fichas-predios_20260522171905857.jpg", "creado_por": "u0_a314", "fecha_creacion": "2026-05-22T17:12:33.928Z", "apellidos": "MALDONADO TIPANLUISA", "nombres": "ROSA", "clave_catastral": "1702520690020", "telefono_celular": "0995185577", "hijos_hombres": 3, "hijos_mujeres": 2, "sector": "Guang-Porotog", "tenencia_predio": "Escritura", "nivel_instruccion": "Primaria", "area_total": 5272.84, "org_riego": "GUANGUILQUI POROTOG", "sector_comunidad": "LA LIBERTAD CENTRAL", "canal": "GUANGUILQUI POROTOG", "area_riego": 5272.84, "area_sin_riego": 0.0, "frecuencia_riego": "Semanal", "metodo_gravedad_pct": 100, "dias_riego": 1, "horas_turno": 12, "valor_tarifa": 5.0, "tipo_tarifa": "fijo anual", "agua_consumo": 1, "energia_electrica": 1, "material_construccion": "BLOQUE", "cota_msnm": 3395.0, "conoce_presa": "Sí", "como_elige_dir": "Asamblea general", "nom_presidente": "CESAR HUMBERTO QUISHPE", "operador_sector": "CLEMENTE QUINATOA", "anios_sistema": 7, "km_canal": 7.0, "recibio_capacitacion": "Sí", "le_gustaria_cap": "Sí", "temas_capacitacion": "MANEJO DE AGUA", "cedula": "1707701841", "caudal_valor": 31.5, "coord_x_utm": 818530.43, "coord_y_utm": 9991353.91, "soberania_aliment_pct": 20, "act_productivas_pct": 80, "actividad_productiva": "Particular"}, "geometry": {"type": "Point", "coordinates": [-78.138643, -0.078126]}}, {"type": "Feature", "properties": {"id": "{2f8faec6-b390-4795-83b7-94b1d724a942}", "cod_poligono": "1702521020106", "num_predio": 1, "propietario": "AIGAJE QUINATOA SILVIA ESTHELA", "parroquia": "CANGAHUA", "caudal_tipo": "Recibe la Comunidad", "tiene_reservorio": "Comunitario", "foto_predio": "DCIM/fichas-predios_20260522084509538.jpg", "creado_por": "u0_a302", "fecha_creacion": "2026-05-22T08:32:14.137Z", "apellidos": "AIGAJE QUINATOA", "nombres": "SILVIA ESTHELA", "clave_catastral": "1702521020106", "telefono_celular": "0986927782", "hijos_mujeres": 1, "sector": "Guang-Porotog", "tenencia_predio": "Escritura", "nivel_instruccion": "Secundaria", "area_total": 3073.78, "org_riego": "GUANGUILQUI POROTOG", "sector_comunidad": "LA LIBERTAD", "canal": "GUANGUILQUI POROTOG", "area_riego": 3073.78, "area_sin_riego": 0.0, "frecuencia_riego": "Semanal", "metodo_gravedad_pct": 100, "dias_riego": 1, "horas_turno": 24, "valor_tarifa": 5.0, "tipo_tarifa": "fijo anual", "agua_consumo": 1, "energia_electrica": 1, "material_construccion": "BLOQUE", "cota_msnm": 3475.0, "conoce_presa": "Sí", "como_elige_dir": "Asamblea general", "nom_presidente": "JOAQUIN TIPANLUISA", "operador_sector": "CARLOS SALAZAR", "anios_sistema": 10, "km_canal": 63.0, "recibio_capacitacion": "No", "le_gustaria_cap": "Sí", "temas_capacitacion": "CULTIVO Y PRODUCCIÓN ", "cedula": "1726801069", "caudal_valor": 31.5, "coord_x_utm": 818866.85, "coord_y_utm": 9990439.42, "act_productivas_pct": 100, "actividad_productiva": "Particular"}, "geometry": {"type": "Point", "coordinates": [-78.135623, -0.086389]}}, {"type": "Feature", "properties": {"id": "{fa4970b3-bd19-428e-b47f-7cec734252d7}", "cod_poligono": "1702606901", "num_predio": 1, "parroquia": "CANGAHUA", "caudal_tipo": "Recibe la Comunidad", "tiene_reservorio": "Comunitario", "foto_predio": "DCIM/fichas-predios_20260522090649032.jpg", "creado_por": "u0_a302", "fecha_creacion": "2026-05-22T09:03:52.910Z", "apellidos": "AIGAJE QUINATOA", "nombres": "SILVIA ESTELA", "clave_catastral": "1702606901", "telefono_celular": "0986927782", "hijos_mujeres": 1, "sector": "Guang-Porotog", "tenencia_predio": "Sin Escritura", "nivel_instruccion": "Secundaria", "area_total": 3237394.0, "org_riego": "GUANGUILQUI POROTOG", "sector_comunidad": "LA LIBERTAD", "canal": "GUANGUILQUI POROTOG", "area_riego": 3237394.0, "area_sin_riego": 0.0, "frecuencia_riego": "Semanal", "metodo_gravedad_pct": 100, "dias_riego": 1, "horas_turno": 24, "valor_tarifa": 5.0, "tipo_tarifa": "fijo anual", "cota_msnm": 3740.0, "conoce_presa": "Sí", "como_elige_dir": "Asamblea general", "nom_presidente": "JOAQUIN TIPANLUISA", "operador_sector": "CARLOS SALAZAR", "anios_sistema": 10, "km_canal": 63.0, "recibio_capacitacion": "No", "le_gustaria_cap": "Sí", "temas_capacitacion": "CULTIVO Y PRODUCCIÓN ", "cedula": "1726801069", "caudal_valor": 31.5, "coord_x_utm": 818650.26, "coord_y_utm": 9987320.21, "act_productivas_pct": 100, "actividad_productiva": "Particular"}, "geometry": {"type": "Point", "coordinates": [-78.137564, -0.114574]}}, {"type": "Feature", "properties": {"id": "{d5b1aae8-6d1c-4517-856d-cab1f6769986}", "cod_poligono": "1702521410029", "num_predio": 1, "propietario": "MALDONADO LINCANGO DIEGO FRANCISCO", "parroquia": "CANGAHUA", "caudal_tipo": "Recibe la Comunidad", "tiene_reservorio": "Comunitario", "foto_predio": "DCIM/fichas-predios_20260522091622516.jpg", "creado_por": "u0_a302", "fecha_creacion": "2026-05-22T09:09:12.737Z", "apellidos": "MALDONADO LINCANGO", "nombres": "DIEGO FRANCISCO", "clave_catastral": "1702521410029", "telefono_celular": "0969447241", "hijos_hombres": 3, "hijos_mujeres": 3, "sector": "Guang-Porotog", "tenencia_predio": "Escritura", "nivel_instruccion": "Secundaria", "area_total": 10243.25, "org_riego": "GUANGUILQUI POROTOG", "sector_comunidad": "LA LIBERTAD", "canal": "GUANGUILQUI POROTOG", "area_riego": 10243.25, "area_sin_riego": 0.0, "frecuencia_riego": "Mensual", "dias_riego": 2, "horas_turno": 24, "valor_tarifa": 3.0, "tipo_tarifa": "fijo mensual", "agua_consumo": 1, "energia_electrica": 1, "material_construccion": "BLOQUE", "cota_msnm": 3495.0, "conoce_presa": "No", "como_elige_dir": "Asamblea general", "nom_presidente": "JOAQUIN TIPANLUISA", "operador_sector": "JUAN CHIMARRO", "anios_sistema": 20, "km_canal": 73.0, "recibio_capacitacion": "Sí", "le_gustaria_cap": "Sí", "temas_capacitacion": "CULTIVO Y PRODUCCIÓN ", "cedula": "1714589916", "caudal_valor": 31.5, "coord_x_utm": 818518.33, "coord_y_utm": 9989277.78, "act_productivas_pct": 100}, "geometry": {"type": "Point", "coordinates": [-78.13875, -0.096886]}}, {"type": "Feature", "properties": {"id": "{9d216965-0c9a-44f5-99d3-c7da5fbc7320}", "cod_poligono": "1702520690019", "num_predio": 1, "propietario": "QUINATOA CALUGUILLIN PASTORA", "parroquia": "CANGAHUA", "caudal_tipo": "Recibe la Comunidad", "tiene_reservorio": "Comunitario", "foto_predio": "DCIM/fichas-predios_20260522092634412.jpg", "creado_por": "u0_a302", "fecha_creacion": "2026-05-22T09:19:46.713Z", "apellidos": "QUINATOA CALUGUILLIN", "nombres": "PASTORA", "clave_catastral": "1702520690019", "telefono_celular": "0980712939", "hijos_hombres": 2, "hijos_mujeres": 1, "sector": "Guang-Porotog", "tenencia_predio": "Sin Escritura", "nivel_instruccion": "Primaria", "area_total": 5415.3, "org_riego": "GUANGUILQUI POROTOG", "sector_comunidad": "LA LIBERTAD", "canal": "GUANGUILQUI POROTOG", "area_riego": 5415.3, "area_sin_riego": 0.0, "frecuencia_riego": "Semanal", "metodo_gravedad_pct": 100, "dias_riego": 2, "horas_turno": 10, "valor_tarifa": 1.25, "tipo_tarifa": "fijo mensual", "agua_consumo": 1, "energia_electrica": 1, "material_construccion": "BLOQUE", "cota_msnm": 3425.0, "conoce_presa": "Sí", "como_elige_dir": "Asamblea general", "nom_presidente": "JOAQUIN TIPANLUISA", "operador_sector": "CLEMENTE QUINATOA", "anios_sistema": 20, "km_canal": 73.0, "recibio_capacitacion": "Sí", "le_gustaria_cap": "No", "cedula": "1713748216", "caudal_valor": 31.5, "coord_x_utm": 818750.68, "coord_y_utm": 9991160.86, "act_productivas_pct": 100, "actividad_productiva": "Particular"}, "geometry": {"type": "Point", "coordinates": [-78.136666, -0.07987]}}, {"type": "Feature", "properties": {"id": "{fead609e-f2b8-485a-b34c-527ddbe3e0fc}", "cod_poligono": "1702520540077", "num_predio": 1, "propietario": "CAIZA TOAPANTA JUAN ROGELIO", "parroquia": "CANGAHUA", "caudal_tipo": "Recibe la Comunidad", "tiene_reservorio": "Comunitario", "foto_predio": "DCIM/fichas-predios_20260522094313583.jpg", "creado_por": "u0_a302", "fecha_creacion": "2026-05-22T09:39:28.900Z", "apellidos": "CAIZA TOAPANTA", "nombres": "JUAN ROGELIO", "clave_catastral": "1702520540077", "telefono_celular": "0990582634", "hijos_hombres": 5, "hijos_mujeres": 4, "sector": "Guang-Porotog", "tenencia_predio": "Sin Escritura", "nivel_instruccion": "Primaria", "area_total": 3000.68, "org_riego": "GUANGUILQUI POROTOG", "sector_comunidad": "LA LIBERTAD", "canal": "GUANGUILQUI POROTOG", "area_riego": 3000.68, "area_sin_riego": 0.0, "frecuencia_riego": "Semanal", "metodo_gravedad_pct": 100, "dias_riego": 2, "horas_turno": 10, "valor_tarifa": 1.25, "tipo_tarifa": "fijo mensual", "agua_consumo": 1, "energia_electrica": 1, "material_construccion": "BLOQUE", "cota_msnm": 3390.0, "conoce_presa": "Sí", "como_elige_dir": "Asamblea general", "nom_presidente": "JOAQUIN TIPANLUISA", "operador_sector": "CLEMENTE QUINATOA", "anios_sistema": 30, "km_canal": 73.0, "recibio_capacitacion": "No", "le_gustaria_cap": "Sí", "temas_capacitacion": "RIEGO Y PRODUCCIÓN ", "cedula": "1709077968", "caudal_valor": 31.5, "coord_x_utm": 817992.64, "coord_y_utm": 9992300.43, "act_productivas_pct": 100, "actividad_productiva": "Particular"}, "geometry": {"type": "Point", "coordinates": [-78.14347, -0.069573]}}, {"type": "Feature", "properties": {"id": "{29ce4240-7e66-46e4-97f4-b4ff3e70c712}", "cod_poligono": "1702521100139", "num_predio": 1, "propietario": "CAIZA TOAPANTA JUAN ROGELIO", "parroquia": "CANGAHUA", "caudal_tipo": "Recibe la Comunidad", "tiene_reservorio": "Comunitario", "foto_predio": "DCIM/fichas-predios_20260522094729663.jpg", "creado_por": "u0_a302", "fecha_creacion": "2026-05-22T09:45:26.161Z", "apellidos": "CAIZA TOAPANTA", "nombres": "JUAN ROGELIO", "clave_catastral": "1702521100139", "telefono_celular": "0990582634", "hijos_hombres": 5, "hijos_mujeres": 4, "sector": "Guang-Porotog", "tenencia_predio": "Escritura", "nivel_instruccion": "Primaria", "area_total": 1774.25, "org_riego": "GUANGUILQUI POROTOG", "sector_comunidad": "LA LIBERTAD", "canal": "GUANGUILQUI POROTOG", "area_riego": 1774.25, "area_sin_riego": 0.0, "frecuencia_riego": "Semanal", "metodo_gravedad_pct": 100, "dias_riego": 2, "horas_turno": 10, "valor_tarifa": 1.25, "tipo_tarifa": "fijo mensual", "cota_msnm": 3580.0, "conoce_presa": "Sí", "como_elige_dir": "Asamblea general", "nom_presidente": "JOAQUIN TIPANLUISA", "operador_sector": "CLEMENTE QUINATOA", "anios_sistema": 30, "km_canal": 73.0, "recibio_capacitacion": "No", "le_gustaria_cap": "Sí", "temas_capacitacion": "RIEGO Y PRODUCCIÓN ", "cedula": "1709077968", "caudal_valor": 31.5, "coord_x_utm": 817932.98, "coord_y_utm": 9988504.81, "act_productivas_pct": 100, "actividad_productiva": "Particular"}, "geometry": {"type": "Point", "coordinates": [-78.144003, -0.103871]}}, {"type": "Feature", "properties": {"id": "{3bb25d51-466a-40da-8761-cd1db25f456b}", "cod_poligono": "1702520690047", "num_predio": 1, "propietario": "CAIZA TOAPANTA JUAN ROGELIO", "parroquia": "CANGAHUA", "caudal_tipo": "Recibe la Comunidad", "tiene_reservorio": "Comunitario", "foto_predio": "DCIM/fichas-predios_20260522095154461.jpg", "creado_por": "u0_a302", "fecha_creacion": "2026-05-22T09:49:02.585Z", "apellidos": "CAIZA TOAPANTA", "nombres": "JUAN ROGELIO", "clave_catastral": "1702520690047", "telefono_celular": "0990582634", "hijos_hombres": 5, "hijos_mujeres": 4, "sector": "Guang-Porotog", "tenencia_predio": "Escritura", "nivel_instruccion": "Primaria", "area_total": 4068.94, "org_riego": "GUANGUILQUI POROTOG", "sector_comunidad": "LA LIBERTAD", "canal": "GUANGUILQUI POROTOG", "area_riego": 4068.94, "area_sin_riego": 0.0, "frecuencia_riego": "Semanal", "metodo_gravedad_pct": 100, "dias_riego": 2, "horas_turno": 10, "valor_tarifa": 1.25, "tipo_tarifa": "fijo mensual", "agua_consumo": 1, "energia_electrica": 1, "material_construccion": "BLOQUE", "cota_msnm": 3405.0, "conoce_presa": "Sí", "como_elige_dir": "Asamblea general", "nom_presidente": "JOAQUIN TIPANLUISA", "operador_sector": "CLEMENTE QUINATOA", "anios_sistema": 30, "km_canal": 73.0, "recibio_capacitacion": "No", "le_gustaria_cap": "Sí", "temas_capacitacion": "RIEGO Y PRODUCCIÓN ", "cedula": "1709077968", "caudal_valor": 31.5, "coord_x_utm": 818509.58, "coord_y_utm": 9991124.8, "act_productivas_pct": 100, "actividad_productiva": "Particular"}, "geometry": {"type": "Point", "coordinates": [-78.13883, -0.080196]}}, {"type": "Feature", "properties": {"id": "{0c24ae89-0803-4e83-9eb6-932c5ef73f61}", "cod_poligono": "1702520690047", "num_predio": 2, "propietario": "CAIZA TOAPANTA JUAN ROGELIO", "parroquia": "CANGAHUA", "caudal_tipo": "Recibe la Comunidad", "tiene_reservorio": "Comunitario", "foto_predio": "DCIM/fichas-predios_20260522100101470.jpg", "creado_por": "u0_a302", "fecha_creacion": "2026-05-22T09:52:20.831Z", "apellidos": "CAIZA TOAPANTA", "nombres": "JUAN ROGELIO", "clave_catastral": "1702520690047", "telefono_celular": "0999345265", "hijos_hombres": 3, "sector": "Guang-Porotog", "tenencia_predio": "Sin Escritura", "nivel_instruccion": "Secundaria", "area_total": 4068.94, "org_riego": "GUANGUILQUI POROTOG", "sector_comunidad": "LA LIBERTAD", "canal": "GUANGUILQUI POROTOG", "area_riego": 4068.94, "area_sin_riego": 0.0, "frecuencia_riego": "Semanal", "metodo_gravedad_pct": 100, "dias_riego": 2, "horas_turno": 10, "valor_tarifa": 1.25, "tipo_tarifa": "fijo mensual", "cota_msnm": 3425.0, "conoce_presa": "Sí", "como_elige_dir": "Asamblea general", "nom_presidente": "JOAQUIN TIPANLUISA", "operador_sector": "CLEMENTE QUINATOA", "anios_sistema": 1, "km_canal": 73.0, "recibio_capacitacion": "Sí", "le_gustaria_cap": "Sí", "temas_capacitacion": "RIEGO, GANADERIA Y PRODUCCIÓN ", "cedula": "1725223802", "caudal_valor": 31.5, "coord_x_utm": 818611.26, "coord_y_utm": 9991142.32, "act_productivas_pct": 100, "actividad_productiva": "Particular"}, "geometry": {"type": "Point", "coordinates": [-78.137917, -0.080038]}}, {"type": "Feature", "properties": {"id": "{5e4b4df4-dcdc-422f-8796-c6300bcd7c92}", "cod_poligono": "1702520540077", "num_predio": 2, "propietario": "CAIZA TOAPANTA JUAN ROGELIO", "parroquia": "CANGAHUA", "caudal_tipo": "Recibe la Comunidad", "tiene_reservorio": "Comunitario", "creado_por": "u0_a302", "fecha_creacion": "2026-05-22T10:02:14.391Z", "apellidos": "CAIZA TOAPANTA", "nombres": "JUAN ROGELIO", "clave_catastral": "1702520540077", "telefono_celular": "0999345265", "hijos_hombres": 3, "sector": "Guang-Porotog", "tenencia_predio": "Sin Escritura", "nivel_instruccion": "Primaria", "area_total": 3000.68, "org_riego": "GUANGUILQUI POROTOG", "sector_comunidad": "LA LIBERTAD", "canal": "GUANGUILQUI POROTOG", "area_riego": 3000.68, "area_sin_riego": 0.0, "frecuencia_riego": "Semanal", "metodo_gravedad_pct": 100, "dias_riego": 2, "horas_turno": 10, "valor_tarifa": 1.25, "tipo_tarifa": "fijo mensual", "cota_msnm": 3390.0, "conoce_presa": "Sí", "como_elige_dir": "Asamblea general", "nom_presidente": "JOAQUIN TIPANLUISA", "operador_sector": "CLEMENTE QUINATOA", "anios_sistema": 30, "km_canal": 73.0, "recibio_capacitacion": "No", "le_gustaria_cap": "Sí", "temas_capacitacion": "RIEGO Y PRODUCCIÓN ", "cedula": "1725223802", "caudal_valor": 31.5, "coord_x_utm": 817987.64, "coord_y_utm": 9992319.1, "act_productivas_pct": 100, "actividad_productiva": "Particular"}, "geometry": {"type": "Point", "coordinates": [-78.143515, -0.069405]}}, {"type": "Feature", "properties": {"id": "{295d0668-9cb7-47f1-a5b1-cdb594552fa0}", "cod_poligono": "1702520690034", "num_predio": 1, "propietario": "ANDRANGO TUGULINAGO SEGUNDO PABLO", "parroquia": "CANGAHUA", "caudal_tipo": "Recibe la Comunidad", "tiene_reservorio": "Comunitario", "foto_predio": "DCIM/fichas-predios_20260522101403179.jpg", "creado_por": "u0_a302", "fecha_creacion": "2026-05-22T10:07:31.330Z", "apellidos": "ANDRANGO TUGULINAGO", "nombres": "SEGUNDO PABLO", "clave_catastral": "1702520690034", "telefono_celular": "0980098675", "hijos_hombres": 1, "hijos_mujeres": 2, "sector": "Guang-Porotog", "tenencia_predio": "Escritura", "nivel_instruccion": "Primaria", "area_total": 855.17, "org_riego": "GUANGUILQUI POROTOG", "sector_comunidad": "LA LIBERTAD", "canal": "GUANGUILQUI POROTOG", "area_riego": 855.17, "area_sin_riego": 0.0, "frecuencia_riego": "Semanal", "metodo_gravedad_pct": 100, "dias_riego": 1, "horas_turno": 12, "valor_tarifa": 5.0, "tipo_tarifa": "fijo anual", "agua_consumo": 1, "energia_electrica": 1, "material_construccion": "HORMIGÓN ARMADO", "cota_msnm": 3440.0, "conoce_presa": "Sí", "como_elige_dir": "Asamblea general", "nom_presidente": "JOAQUIN TIPANLUISA", "operador_sector": "CLEMENTE QUINATOA", "anios_sistema": 4, "km_canal": 73.0, "recibio_capacitacion": "Sí", "le_gustaria_cap": "Sí", "temas_capacitacion": "USO DEL AGUA Y CULTIVOS", "cedula": "1717416109", "caudal_valor": 31.5, "coord_x_utm": 818779.31, "coord_y_utm": 9991059.15, "act_productivas_pct": 100, "actividad_productiva": "Particular"}, "geometry": {"type": "Point", "coordinates": [-78.136409, -0.080789]}}, {"type": "Feature", "properties": {"id": "{b9a0fc80-ffb8-4765-9dac-7572a65826f1}", "cod_poligono": "1702521410027", "num_predio": 1, "propietario": "CHOLANGO AIGAJE MANUEL", "parroquia": "CANGAHUA", "caudal_tipo": "Recibe la Comunidad", "tiene_reservorio": "Comunitario", "foto_predio": "DCIM/fichas-predios_20260522102108229.jpg", "creado_por": "u0_a302", "fecha_creacion": "2026-05-22T10:17:33.013Z", "apellidos": "CHOLANGO AIGAJE", "nombres": "MANUEL", "clave_catastral": "1702521410027", "telefono_celular": "0985790468", "hijos_hombres": 1, "hijos_mujeres": 3, "sector": "Guang-Porotog", "tenencia_predio": "Escritura", "nivel_instruccion": "Ninguno", "area_total": 10737.27, "org_riego": "GUANGUILQUI POROTOG", "sector_comunidad": "LA LIBERTAD", "canal": "GUANGUILQUI POROTOG", "area_riego": 10737.27, "area_sin_riego": 0.0, "frecuencia_riego": "Mensual", "metodo_gravedad_pct": 100, "dias_riego": 1, "horas_turno": 12, "valor_tarifa": 5.0, "tipo_tarifa": "fijo anual", "cota_msnm": 3545.0, "conoce_presa": "Sí", "como_elige_dir": "Asamblea general", "nom_presidente": "JOAQUIN TIPANLUISA", "operador_sector": "CLEMENTE QUINATOA", "anios_sistema": 30, "km_canal": 73.0, "recibio_capacitacion": "Sí", "le_gustaria_cap": "Sí", "temas_capacitacion": "USO DEL AGUA,  CULTIVOS Y PRODUCCION", "cedula": "1707796080", "caudal_valor": 31.5, "coord_x_utm": 818627.41, "coord_y_utm": 9989113.48, "act_productivas_pct": 100, "actividad_productiva": "Particular"}, "geometry": {"type": "Point", "coordinates": [-78.137771, -0.09837]}}, {"type": "Feature", "properties": {"id": "{d3ccacd6-75e0-456a-9530-87b89b06825a}", "cod_poligono": "1702520690012", "num_predio": 1, "propietario": "CHOLANGO AIGAJE MANUEL", "parroquia": "CANGAHUA", "caudal_tipo": "Recibe la Comunidad", "tiene_reservorio": "Comunitario", "foto_predio": "DCIM/fichas-predios_20260522102742092.jpg", "creado_por": "u0_a302", "fecha_creacion": "2026-05-22T10:24:00.095Z", "apellidos": "CHOLANGO AIGAJE", "nombres": "MANUEL", "clave_catastral": "1702520690012", "telefono_celular": "0985790468", "hijos_hombres": 1, "hijos_mujeres": 3, "sector": "Guang-Porotog", "tenencia_predio": "Escritura", "nivel_instruccion": "Ninguno", "area_total": 3970.31, "org_riego": "GUANGUILQUI POROTOG", "sector_comunidad": "LA LIBERTAD", "canal": "GUANGUILQUI POROTOG", "area_riego": 3970.31, "area_sin_riego": 0.0, "frecuencia_riego": "Mensual", "metodo_gravedad_pct": 100, "dias_riego": 2, "horas_turno": 12, "valor_tarifa": 5.0, "tipo_tarifa": "fijo anual", "agua_consumo": 1, "energia_electrica": 1, "material_construccion": "Otros", "cota_msnm": 3405.0, "conoce_presa": "Sí", "como_elige_dir": "Asamblea general", "nom_presidente": "JOAQUIN TIPANLUISA", "operador_sector": "FRANCISCO SALAZAR", "anios_sistema": 30, "km_canal": 73.0, "recibio_capacitacion": "Sí", "le_gustaria_cap": "Sí", "temas_capacitacion": "RIEGO Y CULTIVO", "cedula": "1707796080", "caudal_valor": 315.0, "coord_x_utm": 818645.44, "coord_y_utm": 9991314.07, "act_productivas_pct": 100, "actividad_productiva": "Particular", "material_constr_otro": "ADOBE"}, "geometry": {"type": "Point", "coordinates": [-78.137611, -0.078486]}}, {"type": "Feature", "properties": {"id": "{968dfdd5-45e7-4e02-8daf-4ee9af32ea16}", "cod_poligono": "1702520530022", "num_predio": 1, "propietario": "CHOLANGO AIGAJE MANUEL", "parroquia": "CANGAHUA", "caudal_tipo": "Recibe la Comunidad", "tiene_reservorio": "Comunitario", "foto_predio": "DCIM/fichas-predios_20260522103305868.jpg", "creado_por": "u0_a302", "fecha_creacion": "2026-05-22T10:29:18.882Z", "apellidos": "CHOLANGO AIGAJE", "nombres": "MANUEL", "clave_catastral": "1702520530022", "telefono_celular": "0985790468", "hijos_hombres": 1, "hijos_mujeres": 3, "sector": "Guang-Porotog", "tenencia_predio": "Escritura", "nivel_instruccion": "Ninguno", "area_total": 25235.69, "org_riego": "GUANGUILQUI POROTOG", "sector_comunidad": "LA LIBERTAD", "canal": "GUANGUILQUI POROTOG", "area_riego": 25235.69, "area_sin_riego": 0.0, "frecuencia_riego": "Semanal", "metodo_gravedad_pct": 100, "dias_riego": 1, "horas_turno": 12, "valor_tarifa": 5.0, "tipo_tarifa": "fijo anual", "cota_msnm": 3380.0, "conoce_presa": "Sí", "como_elige_dir": "Asamblea general", "nom_presidente": "JOAQUIN TIPANLUISA", "operador_sector": "FRANCISCO SALAZAR", "anios_sistema": 30, "km_canal": 73.0, "recibio_capacitacion": "Sí", "le_gustaria_cap": "Sí", "temas_capacitacion": "RIEGO Y CULTIVO", "cedula": "1707796080", "caudal_valor": 31.5, "coord_x_utm": 817584.95, "coord_y_utm": 9992406.25, "act_productivas_pct": 100, "actividad_productiva": "Particular"}, "geometry": {"type": "Point", "coordinates": [-78.14713, -0.068617]}}, {"type": "Feature", "properties": {"id": "{3b2d306f-b365-4451-a946-53994291569c}", "cod_poligono": "1702520530023", "num_predio": 1, "propietario": "CHOLANGO AIGAJE MANUEL", "parroquia": "CANGAHUA", "caudal_tipo": "Recibe la Comunidad", "tiene_reservorio": "Comunitario", "foto_predio": "DCIM/fichas-predios_20260522103545654.jpg", "creado_por": "u0_a302", "fecha_creacion": "2026-05-22T10:34:27.665Z", "apellidos": "CHOLANGO AIGAJE", "nombres": "MANUEL", "clave_catastral": "1702520530023", "telefono_celular": "0985790468", "hijos_hombres": 1, "hijos_mujeres": 3, "sector": "Guang-Porotog", "tenencia_predio": "Escritura", "nivel_instruccion": "Ninguno", "area_total": 6058.87, "org_riego": "GUANGUILQUI POROTOG", "sector_comunidad": "LA LIBERTAD", "canal": "GUANGUILQUI POROTOG", "area_riego": 6058.87, "area_sin_riego": 0.0, "frecuencia_riego": "Semanal", "metodo_gravedad_pct": 100, "dias_riego": 1, "horas_turno": 12, "valor_tarifa": 5.0, "tipo_tarifa": "fijo anual", "cota_msnm": 3405.0, "conoce_presa": "Sí", "como_elige_dir": "Asamblea general", "nom_presidente": "JOAQUIN TIPANLUISA", "operador_sector": "FRANCISCO SALAZAR", "anios_sistema": 30, "km_canal": 73.0, "recibio_capacitacion": "Sí", "le_gustaria_cap": "Sí", "temas_capacitacion": "RIEGO Y CULTIVO", "cedula": "1707796080", "caudal_valor": 31.5, "coord_x_utm": 817600.69, "coord_y_utm": 9992104.31, "act_productivas_pct": 100, "actividad_productiva": "Particular"}, "geometry": {"type": "Point", "coordinates": [-78.146988, -0.071346]}}, {"type": "Feature", "properties": {"id": "{52eeec6a-43f7-4684-91b8-bf1f1b060578}", "cod_poligono": "1702521410024", "num_predio": 1, "propietario": "ULCUANGO SALAZAR MARIA ENCARNACION", "parroquia": "CANGAHUA", "caudal_tipo": "Recibe la Comunidad", "tiene_reservorio": "Comunitario", "foto_predio": "DCIM/fichas-predios_20260522105007926.jpg", "creado_por": "u0_a302", "fecha_creacion": "2026-05-22T10:45:07.072Z", "apellidos": "ULCUANGO SALAZAR", "nombres": "MARIA ENCARNACION", "clave_catastral": "1702521410024", "telefono_celular": "0967659899", "hijos_hombres": 1, "hijos_mujeres": 1, "sector": "Guang-Porotog", "tenencia_predio": "Sin Escritura", "nivel_instruccion": "Primaria", "area_total": 10758.17, "org_riego": "GUANGUILQUI POROTOG", "sector_comunidad": "LA LIBERTAD", "canal": "GUANGUILQUI POROTOG", "area_riego": 10758.17, "area_sin_riego": 0.0, "frecuencia_riego": "Mensual", "metodo_gravedad_pct": 100, "dias_riego": 1, "horas_turno": 12, "valor_tarifa": 5.0, "tipo_tarifa": "fijo anual", "agua_consumo": 1, "energia_electrica": 1, "material_construccion": "BLOQUE", "cota_msnm": 3575.0, "conoce_presa": "Sí", "como_elige_dir": "Asamblea general", "nom_presidente": "JOAQUIN TIPANLUISA", "operador_sector": "FRANCISCO SALAZAR", "anios_sistema": 15, "km_canal": 73.0, "recibio_capacitacion": "Sí", "le_gustaria_cap": "Sí", "temas_capacitacion": "RIEGO Y CULTIVO", "cedula": "1717858169", "caudal_valor": 31.5, "coord_x_utm": 818757.99, "coord_y_utm": 9989049.28, "act_productivas_pct": 100, "actividad_productiva": "Particular"}, "geometry": {"type": "Point", "coordinates": [-78.136599, -0.09895]}}, {"type": "Feature", "properties": {"id": "{9d4d951f-6073-404d-915c-ec9b04d7ec23}", "cod_poligono": "1702521020038", "num_predio": 1, "propietario": "QUINATOA MALDONADO SUSANA ESTHELA", "parroquia": "CANGAHUA", "caudal_tipo": "Recibe la Comunidad", "tiene_reservorio": "Comunitario", "foto_predio": "DCIM/fichas-predios_20260522105955678.jpg", "creado_por": "u0_a302", "fecha_creacion": "2026-05-22T10:55:08.728Z", "apellidos": "QUINATOA MALDONADO", "nombres": "SUSANA ESTHELA", "clave_catastral": "1702521020038", "telefono_celular": "0985772569", "hijos_hombres": 1, "hijos_mujeres": 4, "sector": "Guang-Porotog", "tenencia_predio": "Escritura", "nivel_instruccion": "Secundaria", "area_total": 2948.5, "org_riego": "GUANGUILQUI POROTOG", "sector_comunidad": "LA LIBERTAD", "canal": "GUANGUILQUI POROTOG", "area_riego": 2948.5, "area_sin_riego": 0.0, "frecuencia_riego": "Semanal", "metodo_gravedad_pct": 100, "dias_riego": 1, "horas_turno": 12, "valor_tarifa": 5.0, "tipo_tarifa": "fijo anual", "agua_consumo": 1, "energia_electrica": 1, "material_construccion": "BLOQUE", "cota_msnm": 3470.0, "conoce_presa": "Sí", "como_elige_dir": "Asamblea general", "nom_presidente": "JOAQUIN TIPANLUISA", "operador_sector": "FRANCISCO SALAZAR", "anios_sistema": 20, "km_canal": 73.0, "recibio_capacitacion": "Sí", "le_gustaria_cap": "Sí", "temas_capacitacion": "RIEGO Y CULTIVO", "cedula": "1721605861", "caudal_valor": 31.5, "coord_x_utm": 818791.96, "coord_y_utm": 9990459.63, "act_productivas_pct": 100, "actividad_productiva": "Particular"}, "geometry": {"type": "Point", "coordinates": [-78.136295, -0.086206]}}, {"type": "Feature", "properties": {"id": "{db430812-60ad-4141-ae35-f774be361271}", "cod_poligono": "1702520690018", "num_predio": 1, "propietario": "QUINATOA CALUGUILLIN PASTORA", "parroquia": "CANGAHUA", "caudal_tipo": "Recibe la Comunidad", "tiene_reservorio": "Comunitario", "foto_predio": "DCIM/fichas-predios_20260522112724294.jpg", "creado_por": "u0_a302", "fecha_creacion": "2026-05-22T11:12:49.890Z", "apellidos": "QUINATOA CALUGUILLIN", "nombres": "PASTORA", "clave_catastral": "1702520690018", "telefono_celular": "0981664430", "hijos_hombres": 2, "hijos_mujeres": 5, "sector": "Guang-Porotog", "tenencia_predio": "Escritura", "nivel_instruccion": "Alfabetizado", "area_total": 5463.39, "org_riego": "MULA POTRERO", "sector_comunidad": "LA LIBERTAD", "canal": "GUANGUILQUI POROTOG", "area_riego": 5463.39, "area_sin_riego": 0.0, "frecuencia_riego": "Semanal", "metodo_gravedad_pct": 100, "dias_riego": 1, "horas_turno": 11, "valor_tarifa": 1.5, "tipo_tarifa": "fijo mensual", "agua_consumo": 1, "energia_electrica": 1, "material_construccion": "Otros", "cota_msnm": 3420.0, "conoce_presa": "Sí", "como_elige_dir": "Asamblea general", "nom_presidente": "JOAQUIN TIPANLUISA", "operador_sector": "FRANCISCO SALAZAR", "anios_sistema": 11, "km_canal": 73.0, "recibio_capacitacion": "No", "le_gustaria_cap": "Sí", "temas_capacitacion": "RIEGO ", "cedula": "1000741452", "caudal_valor": 31.5, "coord_x_utm": 818735.05, "coord_y_utm": 9991187.05, "act_productivas_pct": 100, "actividad_productiva": "Particular", "observaciones": "Información por la hija ", "material_constr_otro": "ADOBE"}, "geometry": {"type": "Point", "coordinates": [-78.136806, -0.079633]}}, {"type": "Feature", "properties": {"id": "{1e69735e-3b54-48de-a1fe-efe03d057ded}", "cod_poligono": "1702521410016", "num_predio": 1, "propietario": "QUINATOA CALUGUILLIN PASTORA", "parroquia": "CANGAHUA", "caudal_tipo": "Recibe la Comunidad", "tiene_reservorio": "Comunitario", "foto_predio": "DCIM/fichas-predios_20260522113331025.jpg", "creado_por": "u0_a302", "fecha_creacion": "2026-05-22T11:29:29.112Z", "apellidos": "QUINATOA CALUGUILLIN", "nombres": "PASTORA", "clave_catastral": "1702521410016", "telefono_celular": "0981664430", "hijos_hombres": 2, "hijos_mujeres": 5, "sector": "Guang-Porotog", "tenencia_predio": "Escritura", "nivel_instruccion": "Alfabetizado", "area_total": 9869.36, "org_riego": "CONDOR LOMA BAJO", "sector_comunidad": "LA LIBERTAD", "canal": "GUANGUILQUI POROTOG", "area_riego": 9869.36, "area_sin_riego": 0.0, "frecuencia_riego": "Semanal", "metodo_gravedad_pct": 100, "dias_riego": 1, "horas_turno": 11, "valor_tarifa": 1.5, "tipo_tarifa": "fijo mensual", "cota_msnm": 3505.0, "conoce_presa": "Sí", "como_elige_dir": "Asamblea general", "nom_presidente": "JOAQUIN TIPANLUISA", "operador_sector": "JUAN JOSE CHIMARRO", "anios_sistema": 11, "km_canal": 73.0, "recibio_capacitacion": "No", "le_gustaria_cap": "Sí", "temas_capacitacion": "RIEGO ", "cedula": "1000741452", "caudal_valor": 31.5, "coord_x_utm": 818606.49, "coord_y_utm": 9989395.36, "act_productivas_pct": 100, "actividad_productiva": "Particular"}, "geometry": {"type": "Point", "coordinates": [-78.137959, -0.095823]}}, {"type": "Feature", "properties": {"id": "{1107299a-5294-4da6-935d-fe25fc2c728f}", "cod_poligono": "1702520530016", "num_predio": 1, "propietario": "IMBAQUINGO CHOLANGO JOSE PEDRO", "parroquia": "CANGAHUA", "caudal_tipo": "Recibe la Comunidad", "foto_predio": "DCIM/fichas-predios_20260522120934646.jpg", "creado_por": "u0_a302", "fecha_creacion": "2026-05-22T12:02:11.356Z", "apellidos": "IMBAQUINGO CHOLANGO", "nombres": "JOSE PEDRO", "clave_catastral": "1702520530016", "telefono_celular": "0993049172", "hijos_hombres": 1, "hijos_mujeres": 2, "sector": "Guang-Porotog", "tenencia_predio": "Sin Escritura", "nivel_instruccion": "Secundaria", "area_total": 32056.01, "org_riego": "GUANGUILQUI POROTOG", "sector_comunidad": "LA LIBERTAD", "canal": "GUANGUILQUI POROTOG", "area_riego": 32056.01, "area_sin_riego": 0.0, "frecuencia_riego": "Semanal", "metodo_aspersion_pct": 100, "dias_riego": 1, "horas_turno": 12, "agua_consumo": 1, "energia_electrica": 1, "material_construccion": "BLOQUE", "cota_msnm": 3360.0, "conoce_presa": "No", "como_elige_dir": "Asamblea general", "nom_presidente": "JOAQUIN TIPANLUISA", "operador_sector": "CLEMENTE QUINATOA", "anios_sistema": 4, "km_canal": 73.0, "recibio_capacitacion": "Sí", "le_gustaria_cap": "Sí", "temas_capacitacion": "RIEGO, MANTENER AGUA", "cedula": "1727461087", "caudal_valor": 31.5, "coord_x_utm": 817216.75, "coord_y_utm": 9992703.28, "soberania_aliment_pct": 50, "act_productivas_pct": 50, "actividad_productiva": "Particular", "observaciones": "Regante en terreno prestado"}, "geometry": {"type": "Point", "coordinates": [-78.150435, -0.065934]}}, {"type": "Feature", "properties": {"id": "{e535a7dd-9c01-4736-8800-b7d9c0dc7965}", "cod_poligono": "1702520540068", "num_predio": 1, "propietario": "ASCANTA QUINATOA OLGA NARCIZA", "parroquia": "CANGAHUA", "caudal_tipo": "Recibe la Comunidad", "tiene_reservorio": "Comunitario", "foto_predio": "DCIM/fichas-predios_20260522121537496.jpg", "creado_por": "u0_a302", "fecha_creacion": "2026-05-22T12:10:49.672Z", "apellidos": "ASCANTA QUINATOA", "nombres": "OLGA NARCIZA", "clave_catastral": "1702520540068", "telefono_celular": "0969876458", "hijos_hombres": 1, "sector": "Guang-Porotog", "tenencia_predio": "Escritura", "nivel_instruccion": "Secundaria", "area_total": 16433.0, "org_riego": "GUANGUILQUI POROTOG", "sector_comunidad": "LA LIBERTAD", "canal": "GUANGUILQUI POROTOG", "area_riego": 16433.0, "area_sin_riego": 0.0, "frecuencia_riego": "Semanal", "metodo_aspersion_pct": 100, "dias_riego": 1, "horas_turno": 12, "valor_tarifa": 36.0, "tipo_tarifa": "fijo anual", "agua_consumo": 1, "energia_electrica": 1, "material_construccion": "BLOQUE", "cota_msnm": 3360.0, "conoce_presa": "No", "como_elige_dir": "Asamblea general", "nom_presidente": "JOAQUIN TIPANLUISA", "operador_sector": "CLEMENTE QUINATOA", "anios_sistema": 10, "km_canal": 73.0, "recibio_capacitacion": "Sí", "le_gustaria_cap": "Sí", "temas_capacitacion": "CRIANZA DE ANIMALES", "cedula": "1727673152", "caudal_valor": 31.5, "coord_x_utm": 817812.52, "coord_y_utm": 9992659.14, "soberania_aliment_pct": 50, "act_productivas_pct": 50, "actividad_productiva": "Particular"}, "geometry": {"type": "Point", "coordinates": [-78.145087, -0.066332]}}, {"type": "Feature", "properties": {"id": "{d673450a-3075-41e7-8e19-fda161dd52bd}", "cod_poligono": "1702520540069", "num_predio": 1, "codigo_final": "S-C-P001_7", "propietario": "ASCANTA QUINATOA LUIS RAMIRO", "parroquia": "CANGAHUA", "caudal_tipo": "Recibe la Comunidad", "tiene_reservorio": "Comunitario", "foto_predio": "DCIM/fichas-predios_20260522122053409.jpg", "creado_por": "u0_a302", "fecha_creacion": "2026-05-22T12:16:22.817Z", "apellidos": "ASCANTA QUINATOA", "nombres": "LUIS RAMIRO", "clave_catastral": "1702520540069", "telefono_celular": "0969876458", "hijos_hombres": 2, "hijos_mujeres": 3, "sector": "Guang-Porotog", "tenencia_predio": "Sin Escritura", "nivel_instruccion": "Ninguno", "area_total": 4107.94, "org_riego": "GUANGUILQUI POROTOG", "sector_comunidad": "LA LIBERTAD", "canal": "GUANGUILQUI POROTOG", "area_riego": 4107.94, "area_sin_riego": 0.0, "frecuencia_riego": "Semanal", "metodo_aspersion_pct": 100, "dias_riego": 1, "horas_turno": 12, "valor_tarifa": 36.0, "tipo_tarifa": "fijo anual", "cota_msnm": 3360.0, "conoce_presa": "No", "como_elige_dir": "Asamblea general", "nom_presidente": "JOAQUIN TIPANLUISA", "operador_sector": "CLEMENTE QUINATOA", "anios_sistema": 10, "km_canal": 73.0, "recibio_capacitacion": "Sí", "le_gustaria_cap": "Sí", "temas_capacitacion": "CRIANZA DE ANIMALES", "cedula": "1704735321", "caudal_valor": 31.5, "coord_x_utm": 817825.22, "coord_y_utm": 9992594.87, "act_productivas_pct": 100, "actividad_productiva": "Particular", "observaciones": "Información por la hija"}, "geometry": {"type": "Point", "coordinates": [-78.144973, -0.066913]}}, {"type": "Feature", "properties": {"id": "{2ce4244c-d676-4d68-87d4-fbc5046861bc}", "cod_poligono": "1702521020045", "num_predio": 1, "propietario": "QUINATOA ULCUANGO JUAN CARLOS", "parroquia": "CANGAHUA", "caudal_tipo": "Recibe la Comunidad", "tiene_reservorio": "Comunitario", "foto_predio": "DCIM/fichas-predios_20260522130051632.jpg", "creado_por": "u0_a302", "fecha_creacion": "2026-05-22T12:54:16.419Z", "apellidos": "QUINATOA ULCUANGO", "nombres": "JUAN CARLOS", "clave_catastral": "1702521020045", "telefono_celular": "0993234831", "sector": "Guang-Porotog", "tenencia_predio": "Escritura", "area_total": 2709.12, "org_riego": "GUANGUILQUI POROTOG", "sector_comunidad": "LA LIBERTAD", "canal": "GUANGUILQUI POROTOG", "area_riego": 2709.12, "area_sin_riego": 0.0, "frecuencia_riego": "Mensual", "dias_riego": 3, "horas_turno": 12, "valor_tarifa": 15.0, "tipo_tarifa": "fijo anual", "material_construccion": "MADERA", "cota_msnm": 3475.0, "conoce_presa": "Sí", "como_elige_dir": "Asamblea general", "nom_presidente": "JOAQUIN TIPANLUISA", "operador_sector": "SILVIA AIGAJE.", "anios_sistema": 15, "km_canal": 73.0, "recibio_capacitacion": "Sí", "le_gustaria_cap": "Sí", "temas_capacitacion": "CUIDADO DEL AGUA ", "cedula": "1752908622", "caudal_valor": 31.5, "coord_x_utm": 818802.78, "coord_y_utm": 9990388.43, "act_productivas_pct": 100, "actividad_productiva": "Particular", "observaciones": "Riega en otros predios \n1702521410057"}, "geometry": {"type": "Point", "coordinates": [-78.136198, -0.08685]}}, {"type": "Feature", "properties": {"id": "{5472ccf0-9c6f-4d65-843e-3ea3940a0c93}", "cod_poligono": "1702521410010", "num_predio": 1, "propietario": "UMAQUINGA TONTAG MARIA LAURA", "parroquia": "CANGAHUA", "caudal_tipo": "Recibe la Comunidad", "tiene_reservorio": "Comunitario", "foto_predio": "DCIM/fichas-predios_20260522131008639.jpg", "creado_por": "u0_a302", "fecha_creacion": "2026-05-22T13:04:37.549Z", "apellidos": "UMAQUINGA TONTAG", "nombres": "MARIA LAURA", "clave_catastral": "1702521410010", "hijos_hombres": 2, "sector": "Guang-Porotog", "tenencia_predio": "Escritura", "nivel_instruccion": "Primaria", "area_total": 5440.9, "org_riego": "GUANGUILQUI POROTOG", "sector_comunidad": "LA LIBERTAD", "canal": "GUANGUILQUI POROTOG", "area_riego": 5440.9, "area_sin_riego": 0.0, "frecuencia_riego": "Semanal", "metodo_aspersion_pct": 100, "dias_riego": 1, "horas_turno": 12, "valor_tarifa": 2.5, "tipo_tarifa": "fijo mensual", "material_construccion": "MADERA", "cota_msnm": 3520.0, "conoce_presa": "No", "como_elige_dir": "Asamblea general", "nom_presidente": "JOAQUIN TIPANLUISA", "operador_sector": "CLEMENTE QUINATOA", "anios_sistema": 20, "km_canal": 73.0, "recibio_capacitacion": "Sí", "le_gustaria_cap": "Sí", "temas_capacitacion": "PRODUCCION AGRICOLA", "cedula": "1717419863", "caudal_valor": 31.5, "coord_x_utm": 818422.51, "coord_y_utm": 9988904.31, "soberania_aliment_pct": 50, "act_productivas_pct": 50, "actividad_productiva": "Particular", "observaciones": "Riega en 2 terrenos más."}, "geometry": {"type": "Point", "coordinates": [-78.13961, -0.10026]}}, {"type": "Feature", "properties": {"id": "{98f4aa5b-d87b-4b1b-8cc5-232491b2fca7}", "cod_poligono": "1702520690021", "num_predio": 1, "propietario": "SALAZAR AIGAJE SEGUNDO CAMILO", "parroquia": "CANGAHUA", "caudal_tipo": "Recibe la Comunidad", "tiene_reservorio": "Comunitario", "foto_predio": "DCIM/fichas-predios_20260522134449181.jpg", "creado_por": "u0_a302", "fecha_creacion": "2026-05-22T13:38:12.814Z", "apellidos": "SALAZAR AIGAJE", "nombres": "SEGUNDO CAMILO", "clave_catastral": "1702520690021", "telefono_celular": "0982661918", "hijos_hombres": 2, "hijos_mujeres": 1, "sector": "Guang-Porotog", "tenencia_predio": "Sin Escritura", "nivel_instruccion": "Primaria", "area_total": 8149.87, "org_riego": "GUANGUILQUI POROTOG", "sector_comunidad": "LA LIBERTAD", "canal": "GUANGUILQUI POROTOG", "area_riego": 8149.87, "area_sin_riego": 0.0, "frecuencia_riego": "Semanal", "metodo_gravedad_pct": 100, "dias_riego": 1, "horas_turno": 11, "valor_tarifa": 5.0, "tipo_tarifa": "fijo mensual", "agua_consumo": 1, "energia_electrica": 1, "material_construccion": "BLOQUE", "cota_msnm": 3415.0, "conoce_presa": "Sí", "como_elige_dir": "Asamblea general", "nom_presidente": "JOAQUIN TIPANLUISA", "operador_sector": "CLEMENTE QUINATOA", "anios_sistema": 4, "km_canal": 73.0, "recibio_capacitacion": "Sí", "le_gustaria_cap": "Sí", "temas_capacitacion": "CULTIVO, PRODUCCION ", "cedula": "1704701257", "caudal_valor": 31.5, "coord_x_utm": 818705.56, "coord_y_utm": 9991228.69, "soberania_aliment_pct": 20, "act_productivas_pct": 80, "actividad_productiva": "Particular", "observaciones": "La mujer del regante otorga la información "}, "geometry": {"type": "Point", "coordinates": [-78.137071, -0.079257]}}, {"type": "Feature", "properties": {"id": "{de0f31cc-0b56-41ec-9e37-2a6329ee3381}", "cod_poligono": "1702521100087", "num_predio": 1, "codigo_final": "S-C-P001_8", "propietario": "SALAZAR LINCANGO SEGUNDO RAMON", "parroquia": "CANGAHUA", "caudal_tipo": "Recibe la Comunidad", "tiene_reservorio": "Comunitario", "foto_predio": "DCIM/fichas-predios_20260522144723105.jpg", "creado_por": "u0_a302", "fecha_creacion": "2026-05-22T14:43:16.403Z", "apellidos": "SALAZAR LINCANGO", "nombres": "SEGUNDO RAMON", "clave_catastral": "1702521100087", "telefono_celular": "0990874777", "sector": "Guang-Porotog", "tenencia_predio": "Escritura", "nivel_instruccion": "Primaria", "area_total": 11160.77, "org_riego": "GUANGUILQUI POROTOG", "sector_comunidad": "LA LIBERTAD", "canal": "GUANGUILQUI POROTOG", "area_riego": 11160.77, "area_sin_riego": 0.0, "frecuencia_riego": "Semanal", "metodo_aspersion_pct": 100, "dias_riego": 2, "horas_turno": 6, "valor_tarifa": 2.5, "tipo_tarifa": "fijo mensual", "agua_consumo": 0, "energia_electrica": 0, "material_construccion": "Otros", "cota_msnm": 3555.0, "conoce_presa": "Sí", "como_elige_dir": "Asamblea general", "nom_presidente": "JOAQUIN TIPANLUISA", "operador_sector": "CLEMENTE QUINATOA", "anios_sistema": 8, "km_canal": 73.0, "recibio_capacitacion": "No", "le_gustaria_cap": "Sí", "temas_capacitacion": "CULTIVO, PRODUCCION Y RIEGO", "cedula": "1721581898", "caudal_valor": 31.5, "coord_x_utm": 818075.16, "coord_y_utm": 9988643.71, "soberania_aliment_pct": 20, "act_productivas_pct": 80, "actividad_productiva": "Particular", "observaciones": "En otros 3 predios tiene acceso al agua, poco flujo de agua.", "material_constr_otro": "NADA"}, "geometry": {"type": "Point", "coordinates": [-78.142727, -0.102615]}}, {"type": "Feature", "properties": {"id": "{4d7ed3a7-5b68-4a18-af8b-c40a8c5b0473}", "cod_poligono": "1702520540061", "num_predio": 1, "propietario": "UMAQUINGA TONTAG JOSE LINO", "parroquia": "CANGAHUA", "caudal_tipo": "Recibe la Comunidad", "tiene_reservorio": "Comunitario", "foto_predio": "DCIM/fichas-predios_20260522145318219.jpg", "creado_por": "u0_a302", "fecha_creacion": "2026-05-22T14:50:27.823Z", "apellidos": "UMAQUINGA TONTAG", "nombres": "JOSE LINO", "clave_catastral": "1702520540061", "telefono_celular": "0990874777", "hijos_hombres": 1, "hijos_mujeres": 1, "sector": "Guang-Porotog", "tenencia_predio": "Escritura", "nivel_instruccion": "Primaria", "area_total": 10857.7, "org_riego": "GUANGUILQUI POROTOG", "sector_comunidad": "LA LIBERTAD", "canal": "GUANGUILQUI POROTOG", "area_riego": 10857.7, "area_sin_riego": 0.0, "frecuencia_riego": "Semanal", "dias_riego": 1, "horas_turno": 5, "valor_tarifa": 2.5, "tipo_tarifa": "fijo mensual", "cota_msnm": 3365.0, "conoce_presa": "Sí", "como_elige_dir": "Asamblea general", "nom_presidente": "JOAQUIN TIPANLUISA", "operador_sector": "CLEMENTE QUINATOA", "anios_sistema": 8, "km_canal": 73.0, "recibio_capacitacion": "No", "le_gustaria_cap": "Sí", "temas_capacitacion": "CULTIVO, PRODUCCION Y RIEGO", "cedula": "1705300398", "caudal_valor": 31.5, "coord_x_utm": 817849.95, "coord_y_utm": 9992504.72, "act_productivas_pct": 100, "actividad_productiva": "Particular", "observaciones": "Tiene acceso al agua en 3 predios mas, pero no es suficiente agua.\nInformación por la hija"}, "geometry": {"type": "Point", "coordinates": [-78.144751, -0.067727]}}, {"type": "Feature", "properties": {"id": "{a00e749a-45f7-422b-a113-cdecb4aad253}", "cod_poligono": "1702521020037", "num_predio": 1, "propietario": "LANCHIMBA QUINATOA FAUSTO IVAN", "parroquia": "CANGAHUA", "caudal_tipo": "Recibe la Comunidad", "tiene_reservorio": "Comunitario", "foto_predio": "DCIM/fichas-predios_20260522151825814.jpg", "creado_por": "u0_a302", "fecha_creacion": "2026-05-22T15:10:21.378Z", "apellidos": "LANCHIMBA QUINATOA", "nombres": "FAUSTO IVAN", "clave_catastral": "1702521020037", "telefono_celular": "0990330714", "hijos_hombres": 1, "hijos_mujeres": 1, "sector": "Guang-Porotog", "tenencia_predio": "Escritura", "nivel_instruccion": "Secundaria", "area_total": 16803.53, "org_riego": "GUANGUILQUI POROTOG", "sector_comunidad": "LA LIBERTAD", "canal": "GUANGUILQUI POROTOG", "area_riego": 16803.53, "area_sin_riego": 0.0, "frecuencia_riego": "Semanal", "metodo_aspersion_pct": 100, "dias_riego": 2, "horas_turno": 12, "valor_tarifa": 30.0, "tipo_tarifa": "fijo anual", "agua_consumo": 1, "energia_electrica": 1, "material_construccion": "HORMIGÓN ARMADO", "cota_msnm": 3430.0, "conoce_presa": "Sí", "como_elige_dir": "Asamblea general", "nom_presidente": "JOAQUIN TIPANLUISA", "operador_sector": "CLEMENTE QUINATOA", "anios_sistema": 7, "km_canal": 73.0, "recibio_capacitacion": "Sí", "le_gustaria_cap": "Sí", "temas_capacitacion": "SISTEMAS DE IRRIGACION", "cedula": "1726104704", "caudal_valor": 31.5, "coord_x_utm": 818615.93, "coord_y_utm": 9990764.71, "act_productivas_pct": 100, "actividad_productiva": "Particular", "observaciones": "Información por el papa"}, "geometry": {"type": "Point", "coordinates": [-78.137875, -0.08345]}}, {"type": "Feature", "properties": {"id": "{b814ebda-e3b2-4c21-885a-1c8accafc39a}", "cod_poligono": "1702520510134", "num_predio": 1, "propietario": "LANCHIMBA QUINATOA FAUSTO IVAN", "parroquia": "CANGAHUA", "caudal_tipo": "Recibe la Comunidad", "tiene_reservorio": "Comunitario", "foto_predio": "DCIM/fichas-predios_20260522152320193.jpg", "creado_por": "u0_a302", "fecha_creacion": "2026-05-22T15:19:27.771Z", "apellidos": "LANCHIMBA QUINATOA", "nombres": "FAUSTO IVAN", "clave_catastral": "1702520510134", "telefono_celular": "0989314009", "hijos_hombres": 4, "hijos_mujeres": 3, "sector": "Guang-Porotog", "tenencia_predio": "Sin Escritura", "nivel_instruccion": "Primaria", "area_total": 999.98, "org_riego": "GUANGUILQUI POROTOG", "sector_comunidad": "LA LIBERTAD", "canal": "GUANGUILQUI POROTOG", "area_riego": 999.98, "area_sin_riego": 0.0, "frecuencia_riego": "Semanal", "dias_riego": 2, "horas_turno": 12, "valor_tarifa": 30.0, "tipo_tarifa": "fijo anual", "agua_consumo": 1, "energia_electrica": 1, "material_construccion": "HORMIGÓN ARMADO", "cota_msnm": 3335.0, "conoce_presa": "Sí", "como_elige_dir": "Asamblea general", "nom_presidente": "JOAQUIN TIPANLUISA", "operador_sector": "CLEMENTE QUINATOA", "anios_sistema": 15, "km_canal": 73.0, "recibio_capacitacion": "Sí", "le_gustaria_cap": "Sí", "temas_capacitacion": "SISTEMAS DE IRRIGACION", "cedula": "1001640372", "caudal_valor": 31.5, "coord_x_utm": 816671.79, "coord_y_utm": 9992656.67, "act_productivas_pct": 100, "actividad_productiva": "Particular"}, "geometry": {"type": "Point", "coordinates": [-78.155326, -0.066355]}}, {"type": "Feature", "properties": {"id": "{6b436f39-5bcb-47d6-9ee3-c36171cca075}", "cod_poligono": "1702521410007", "num_predio": 1, "propietario": "LINCANGO MALDONADO JORGE PATRICIO", "parroquia": "CANGAHUA", "caudal_tipo": "Recibe la Comunidad", "tiene_reservorio": "Comunitario", "foto_predio": "DCIM/fichas-predios_20260522153325915.jpg", "creado_por": "u0_a302", "fecha_creacion": "2026-05-22T15:28:03.592Z", "apellidos": "LINCANGO MALDONADO", "nombres": "JORGE PATRICIO", "clave_catastral": "1702521410007", "telefono_celular": "0959956333", "hijos_hombres": 1, "hijos_mujeres": 2, "sector": "Guang-Porotog", "tenencia_predio": "Sin Escritura", "nivel_instruccion": "Secundaria", "area_total": 10997.52, "org_riego": "GUANGUILQUI POROTOG", "sector_comunidad": "LA LIBERTAD", "canal": "GUANGUILQUI POROTOG", "area_riego": 10997.52, "area_sin_riego": 0.0, "frecuencia_riego": "Mensual", "metodo_gravedad_pct": 100, "dias_riego": 1, "horas_turno": 24, "valor_tarifa": 10.0, "tipo_tarifa": "fijo mensual", "agua_consumo": 1, "energia_electrica": 1, "material_construccion": "BLOQUE", "cota_msnm": 3505.0, "conoce_presa": "Sí", "como_elige_dir": "Asamblea general", "nom_presidente": "JOAQUIN TIPANLUISA", "anios_sistema": 12, "km_canal": 73.0, "recibio_capacitacion": "Sí", "le_gustaria_cap": "Sí", "temas_capacitacion": "SISTEMAS DE IRRIGACION", "cedula": "1724237720", "caudal_valor": 31.5, "coord_x_utm": 818489.33, "coord_y_utm": 9989232.22, "act_productivas_pct": 100, "actividad_productiva": "Particular"}, "geometry": {"type": "Point", "coordinates": [-78.13901, -0.097297]}}, {"type": "Feature", "properties": {"id": "{5526f7d3-799a-4e4c-9f47-92e656e6d010}", "cod_poligono": "1702520540009", "num_predio": 2, "propietario": "QUINATOA MALDONADO VICTOR LEONIDAS", "parroquia": "CANGAHUA", "caudal_tipo": "Recibe la Comunidad", "tiene_reservorio": "Comunitario", "foto_predio": "DCIM/fichas-predios_20260522154706594.jpg", "creado_por": "u0_a302", "fecha_creacion": "2026-05-22T15:37:52.591Z", "apellidos": "QUINATOA MALDONADO", "nombres": "VICTOR LEONIDAS", "clave_catastral": "1702520540009", "telefono_celular": "0988419150", "hijos_hombres": 2, "hijos_mujeres": 1, "sector": "Guang-Porotog", "tenencia_predio": "Escritura", "nivel_instruccion": "Secundaria", "area_total": 25283.3, "org_riego": "GUANGUILQUI POROTOG", "sector_comunidad": "LA LIBERTAD CRUZ LOM", "canal": "GUANGUILQUI POROTOG", "area_riego": 25283.3, "area_sin_riego": 0.0, "frecuencia_riego": "Semanal", "metodo_gravedad_pct": 100, "dias_riego": 2, "horas_turno": 12, "valor_tarifa": 5.0, "tipo_tarifa": "fijo anual", "agua_consumo": 1, "material_construccion": "BLOQUE", "cota_msnm": 3375.0, "conoce_presa": "Sí", "como_elige_dir": "Asamblea general", "nom_presidente": "JOAQUIN TIPANLUISA", "operador_sector": "CLEMENTE QUINATOA", "anios_sistema": 16, "km_canal": 73.0, "recibio_capacitacion": "Sí", "le_gustaria_cap": "Sí", "temas_capacitacion": "SISTEMAS DE IRRIGACION Y CULTIVOS", "cedula": "1720473121", "caudal_valor": 31.5, "coord_x_utm": 818313.12, "coord_y_utm": 9992151.64, "soberania_aliment_pct": 20, "act_productivas_pct": 80, "actividad_productiva": "Particular", "observaciones": "Mujer del titular"}, "geometry": {"type": "Point", "coordinates": [-78.140594, -0.070918]}}, {"type": "Feature", "properties": {"id": "{b72deb58-bc82-48f0-aaf7-8db412336601}", "cod_poligono": "1702520530027", "num_predio": 1, "propietario": "UMAQUINGA TONTAG JOSE CARLOS", "parroquia": "CANGAHUA", "caudal_tipo": "Recibe la Comunidad", "tiene_reservorio": "Comunitario", "foto_predio": "DCIM/fichas-predios_20260522160601647.jpg", "creado_por": "u0_a302", "fecha_creacion": "2026-05-22T15:57:44.184Z", "apellidos": "UMAQUINGA TONTAG", "nombres": "JOSE CARLOS", "clave_catastral": "1702520530027", "hijos_mujeres": 1, "sector": "Guang-Porotog", "tenencia_predio": "Sin Escritura", "nivel_instruccion": "Secundaria", "area_total": 17602.1, "org_riego": "GUANGUILQUI POROTOG", "sector_comunidad": "LA LIBERTAD CENTRO", "canal": "GUANGUILQUI POROTOG", "area_riego": 17602.1, "area_sin_riego": 0.0, "frecuencia_riego": "Mensual", "metodo_gravedad_pct": 100, "dias_riego": 3, "horas_turno": 12, "valor_tarifa": 2.0, "tipo_tarifa": "fijo mensual", "agua_consumo": 1, "energia_electrica": 1, "material_construccion": "BLOQUE", "cota_msnm": 3395.0, "conoce_presa": "Sí", "como_elige_dir": "Asamblea general", "nom_presidente": "JOAQUIN TIPANLUISA", "operador_sector": "CLEMENTE QUINATOA", "anios_sistema": 4, "km_canal": 7.0, "recibio_capacitacion": "Sí", "le_gustaria_cap": "Sí", "temas_capacitacion": "SISTEMAS DE IRRIGACION Y CULTIVOS", "cedula": "1725221871", "caudal_valor": 31.5, "coord_x_utm": 817419.16, "coord_y_utm": 9992151.88, "soberania_aliment_pct": 20, "act_productivas_pct": 80, "actividad_productiva": "Particular", "observaciones": "Información por la mujer "}, "geometry": {"type": "Point", "coordinates": [-78.148618, -0.070916]}}, {"type": "Feature", "properties": {"id": "{b39d9594-b8be-4329-aa23-25b2aa314016}", "cod_poligono": "1702521100075", "num_predio": 1, "codigo_final": "S-C-P001", "propietario": "MALDONADO ALBAN CARLOS LORENZO", "parroquia": "CANGAHUA", "caudal_tipo": "Recibe la Comunidad", "tiene_reservorio": "Comunitario", "foto_predio": "DCIM/fichas-predios_20260523145400396.jpg", "creado_por": "u0_a302", "fecha_creacion": "2026-05-22T16:23:01.915Z", "apellidos": "MALDONADO ALBAN", "nombres": "CARLOS LORENZO", "clave_catastral": "1702521100075", "telefono_celular": "0987896634", "hijos_hombres": 2, "hijos_mujeres": 1, "sector": "Guang-Porotog", "tenencia_predio": "Sin Escritura", "nivel_instruccion": "Primaria", "area_total": 10721.86, "org_riego": "GUANGUILQUI POROTOG", "sector_comunidad": "LA LIBERTAD", "canal": "GUANGUILQUI POROTOG", "area_riego": 10721.86, "area_sin_riego": 0.0, "frecuencia_riego": "Semanal", "metodo_aspersion_pct": 100, "dias_riego": 2, "horas_turno": 6, "valor_tarifa": 5.0, "tipo_tarifa": "fijo mensual", "agua_consumo": 1, "energia_electrica": 1, "material_construccion": "TAPIA", "cota_msnm": 3565.0, "conoce_presa": "No", "como_elige_dir": "Asamblea general", "nom_presidente": "JOAQUIN TIPANLUISA", "operador_sector": "CLEMENTE QUINATOA", "anios_sistema": 6, "km_canal": 73.0, "recibio_capacitacion": "Sí", "le_gustaria_cap": "Sí", "temas_capacitacion": "RIEGO CULTIVO PRODUCCION VENTA", "cedula": "1726577099", "caudal_valor": 31.5, "coord_x_utm": 818227.34, "coord_y_utm": 9988536.64, "soberania_aliment_pct": 100, "actividad_productiva": "Particular"}, "geometry": {"type": "Point", "coordinates": [-78.141361, -0.103583]}}, {"type": "Feature", "properties": {"id": "{6bbd7118-3c33-4aa0-825e-af793c017abd}", "cod_poligono": "1702521090034", "num_predio": 1, "propietario": "QUINATOA UMAQUINGA FERNANDO", "parroquia": "CANGAHUA", "caudal_tipo": "Recibe la Comunidad", "tiene_reservorio": "Comunitario", "foto_predio": "DCIM/fichas-predios_20260522165444738.jpg", "creado_por": "u0_a302", "fecha_creacion": "2026-05-22T16:50:11.359Z", "apellidos": "QUINATOA UMAQUINGA", "nombres": "FERNANDO", "clave_catastral": "1702521090034", "hijos_hombres": 5, "hijos_mujeres": 5, "sector": "Guang-Porotog", "tenencia_predio": "Sin Escritura", "nivel_instruccion": "Primaria", "area_total": 7950.36, "org_riego": "GUANGUILQUI POROTOG", "sector_comunidad": "LA LIBERTAD", "canal": "GUANGUILQUI POROTOG", "area_riego": 7950.36, "area_sin_riego": 0.0, "frecuencia_riego": "Semanal", "metodo_aspersion_pct": 100, "dias_riego": 3, "horas_turno": 9, "valor_tarifa": 5.0, "tipo_tarifa": "fijo anual", "cota_msnm": 3680.0, "conoce_presa": "No", "como_elige_dir": "Asamblea general", "nom_presidente": "JOAQUIN TIPANLUISA", "operador_sector": "CLEMENTE QUINATOA", "anios_sistema": 28, "km_canal": 7.0, "recibio_capacitacion": "No", "le_gustaria_cap": "Sí", "temas_capacitacion": "RIEGO CULTIVO PRODUCCION VENTA", "cedula": "1703987618", "caudal_valor": 31.5, "coord_x_utm": 820213.44, "coord_y_utm": 9988013.96, "soberania_aliment_pct": 100, "actividad_productiva": "Particular", "observaciones": "Los datos por la hija"}, "geometry": {"type": "Point", "coordinates": [-78.123535, -0.108304]}}, {"type": "Feature", "properties": {"id": "{c69f26a2-9a77-43af-b66e-30d147391a1c}", "cod_poligono": "1702521090034", "num_predio": 2, "propietario": "QUINATOA UMAQUINGA FERNANDO", "parroquia": "CANGAHUA", "caudal_tipo": "Recibe la Comunidad", "tiene_reservorio": "Comunitario", "foto_predio": "DCIM/fichas-predios_20260522165751497.jpg", "creado_por": "u0_a302", "fecha_creacion": "2026-05-22T16:55:07.285Z", "apellidos": "QUINATOA UMAQUINGA", "nombres": "FERNANDO", "clave_catastral": "1702521090034", "telefono_celular": "0999121031", "hijos_hombres": 3, "hijos_mujeres": 1, "sector": "Guang-Porotog", "tenencia_predio": "Sin Escritura", "nivel_instruccion": "Primaria", "area_total": 7950.36, "org_riego": "GUANGUILQUI POROTOG", "sector_comunidad": "LA LIBERTAD", "canal": "GUANGUILQUI POROTOG", "area_riego": 7950.36, "area_sin_riego": 0.0, "frecuencia_riego": "Semanal", "metodo_aspersion_pct": 100, "dias_riego": 3, "horas_turno": 9, "valor_tarifa": 5.0, "tipo_tarifa": "fijo anual", "cota_msnm": 3680.0, "conoce_presa": "No", "como_elige_dir": "Asamblea general", "nom_presidente": "JOAQUIN TIPANLUISA", "operador_sector": "CLEMENTE QUINATOA", "anios_sistema": 28, "km_canal": 7.0, "recibio_capacitacion": "No", "le_gustaria_cap": "Sí", "temas_capacitacion": "RIEGO CULTIVO PRODUCCION VENTA", "cedula": "1714068846", "caudal_valor": 31.5, "coord_x_utm": 820128.81, "coord_y_utm": 9988055.17, "soberania_aliment_pct": 100, "actividad_productiva": "Particular"}, "geometry": {"type": "Point", "coordinates": [-78.124294, -0.107932]}}, {"type": "Feature", "properties": {"id": "{8acf8da0-8f5c-4f9b-99df-f99db8dfa83e}", "cod_poligono": "1702520530061", "num_predio": 1, "propietario": "QUINATOA UMAQUINGA JUAN PEDRO", "parroquia": "CANGAHUA", "caudal_tipo": "Recibe la Comunidad", "tiene_reservorio": "Comunitario", "foto_predio": "DCIM/fichas-predios_20260522170412211.jpg", "creado_por": "u0_a302", "fecha_creacion": "2026-05-22T17:00:52.614Z", "apellidos": "QUINATOA UMAQUINGA", "nombres": "JUAN PEDRO", "clave_catastral": "1702520530061", "telefono_celular": "0999121031", "hijos_hombres": 1, "hijos_mujeres": 2, "sector": "Guang-Porotog", "tenencia_predio": "Sin Escritura", "nivel_instruccion": "Primaria", "area_total": 2970.03, "org_riego": "GUANGUILQUI POROTOG", "sector_comunidad": "LA LIBERTAD", "canal": "GUANGUILQUI POROTOG", "area_riego": 2970.03, "area_sin_riego": 0.0, "frecuencia_riego": "Semanal", "metodo_gravedad_pct": 50, "metodo_aspersion_pct": 50, "dias_riego": 1, "horas_turno": 12, "valor_tarifa": 2.5, "tipo_tarifa": "fijo mensual", "cota_msnm": 3405.0, "conoce_presa": "No", "como_elige_dir": "Asamblea general", "nom_presidente": "JOAQUIN TIPANLUISA", "operador_sector": "CLEMENTE QUINATOA", "anios_sistema": 7, "km_canal": 7.0, "recibio_capacitacion": "Sí", "le_gustaria_cap": "Sí", "temas_capacitacion": "RIEGO CULTIVO PRODUCCION VENTA", "cedula": "1710970458", "caudal_valor": 31.5, "coord_x_utm": 817611.47, "coord_y_utm": 9991990.3, "act_productivas_pct": 100, "actividad_productiva": "Particular", "observaciones": "Información por el hijo"}, "geometry": {"type": "Point", "coordinates": [-78.146891, -0.072376]}}, {"type": "Feature", "properties": {"id": "{340fbc64-0012-4f2c-a171-26d7ea2ac82a}", "cod_poligono": "1702521020040", "num_predio": 1, "propietario": "QUINATOA ULCUANGO MARIA CARMEN", "parroquia": "CANGAHUA", "caudal_tipo": "Recibe la Comunidad", "tiene_reservorio": "Comunitario", "foto_predio": "DCIM/fichas-predios_20260522173458038.jpg", "creado_por": "u0_a302", "fecha_creacion": "2026-05-22T17:31:18.595Z", "apellidos": "QUINATOA ULCUANGO", "nombres": "MARIA CARMEN", "clave_catastral": "1702521020040", "telefono_celular": "0999512389", "hijos_hombres": 3, "hijos_mujeres": 1, "sector": "Guang-Porotog", "tenencia_predio": "Escritura", "nivel_instruccion": "Primaria", "area_total": 2453.26, "org_riego": "GUANGUILQUI POROTOG", "sector_comunidad": "LA LIBERTAD", "canal": "GUANGUILQUI POROTOG", "area_riego": 2453.26, "area_sin_riego": 0.0, "frecuencia_riego": "Semanal", "dias_riego": 2, "horas_turno": 12, "valor_tarifa": 5.0, "tipo_tarifa": "fijo anual", "agua_consumo": 1, "cota_msnm": 3480.0, "conoce_presa": "Sí", "como_elige_dir": "Asamblea general", "nom_presidente": "DESCONOCE", "operador_sector": "DESCONOCE", "anios_sistema": 7, "km_canal": 73.0, "recibio_capacitacion": "Sí", "le_gustaria_cap": "Sí", "temas_capacitacion": "RIEGO ", "cedula": "1713827796", "caudal_valor": 31.5, "coord_x_utm": 818828.9, "coord_y_utm": 9990322.8, "act_productivas_pct": 100, "actividad_productiva": "Particular"}, "geometry": {"type": "Point", "coordinates": [-78.135963, -0.087443]}}, {"type": "Feature", "properties": {"id": "{30a682e6-eea1-416c-a0ff-16f10ae3e0d3}", "cod_poligono": "1702521020102", "num_predio": 1, "propietario": "LANCHIMBA TANDAYAMO JUAN CRUZ", "parroquia": "CANGAHUA", "caudal_tipo": "Recibe la Comunidad", "tiene_reservorio": "Comunitario", "foto_predio": "DCIM/fichas-predios_20260522090833172.jpg", "creado_por": "u0_a504", "fecha_creacion": "2026-05-22T08:56:35.195Z", "apellidos": "LANCHIMBA TANDAYAMO", "nombres": "JUAN CRUZ", "clave_catastral": "1702521020102", "telefono_celular": "0991856431", "hijos_hombres": 2, "sector": "Guang-Porotog", "tenencia_predio": "Escritura", "nivel_instruccion": "Alfabetizado", "area_total": 6798.17, "org_riego": "LA LIBERTAD", "sector_comunidad": "CENTRAL LIBERTAD", "canal": "POROTOG", "area_riego": 6798.17, "area_sin_riego": 0.0, "frecuencia_riego": "Quincenal", "metodo_gravedad_pct": 100, "dias_riego": 1, "horas_turno": 24, "valor_tarifa": 5.0, "tipo_tarifa": "fijo mensual", "agua_consumo": 1, "energia_electrica": 1, "material_construccion": "HORMIGÓN ARMADO", "cota_msnm": 3420.0, "conoce_presa": "Sí", "como_elige_dir": "Asamblea general", "nom_presidente": "CESAR QUISHPE", "operador_sector": "CLEMENTE QUINATOA ", "anios_sistema": 20, "km_canal": 73.0, "recibio_capacitacion": "Sí", "le_gustaria_cap": "Sí", "temas_capacitacion": "SISTEMA DE RIEGO ", "cedula": "1711051290", "caudal_valor": 31.5, "coord_x_utm": 818587.89, "coord_y_utm": 9990879.28, "soberania_aliment_pct": 50, "act_productivas_pct": 50, "actividad_productiva": "Particular"}, "geometry": {"type": "Point", "coordinates": [-78.138127, -0.082414]}}, {"type": "Feature", "properties": {"id": "{198d5aa6-329b-4e95-bc33-9e001223b35e}", "cod_poligono": "1702521410054", "num_predio": 1, "propietario": "ACERO ACERO SEGUNDO VIRGILIO", "parroquia": "CANGAHUA", "caudal_tipo": "Recibe la Comunidad", "tiene_reservorio": "Comunitario", "foto_predio": "DCIM/fichas-predios_20260522092049205.jpg", "creado_por": "u0_a504", "fecha_creacion": "2026-05-22T09:14:33.495Z", "apellidos": "ACERO ACERO", "nombres": "SEGUNDO VIRGILIO", "clave_catastral": "1702521410054", "telefono_celular": "0991856431", "hijos_hombres": 2, "sector": "Guang-Porotog", "tenencia_predio": "Sin Escritura", "nivel_instruccion": "Alfabetizado", "area_total": 4315.2, "org_riego": " CONDOR LOMA ALTO", "sector_comunidad": "CENTRAL LIBERTAD", "canal": "POROTOG", "area_riego": 4315.2, "area_sin_riego": 0.0, "frecuencia_riego": "Quincenal", "metodo_gravedad_pct": 100, "dias_riego": 1, "horas_turno": 24, "valor_tarifa": 5.0, "tipo_tarifa": "fijo mensual", "cota_msnm": 3600.0, "conoce_presa": "Sí", "como_elige_dir": "Asamblea general", "nom_presidente": "CESAR QUISHPE", "operador_sector": "CLEMENTE QUINATOA ", "anios_sistema": 20, "km_canal": 73.0, "recibio_capacitacion": "Sí", "le_gustaria_cap": "Sí", "temas_capacitacion": "SISTEMA DE RIEGO ", "cedula": "1711051290", "caudal_valor": 31.5, "coord_x_utm": 819023.48, "coord_y_utm": 9988773.24, "act_productivas_pct": 100, "actividad_productiva": "Particular", "observaciones": "Sin escrituras pero en proceso "}, "geometry": {"type": "Point", "coordinates": [-78.134216, -0.101444]}}, {"type": "Feature", "properties": {"id": "{29fc1d0f-3ff4-4c74-b696-3052c92117c7}", "cod_poligono": "1702521410003", "num_predio": 1, "propietario": "ACERO SALAZAR SEGUNDO JUAN CRUZ", "parroquia": "CANGAHUA", "caudal_tipo": "Recibe la Comunidad", "tiene_reservorio": "Comunitario", "creado_por": "u0_a504", "fecha_creacion": "2026-05-22T09:25:45.587Z", "apellidos": "ACERO SALAZAR", "nombres": "SEGUNDO JUAN CRUZ", "clave_catastral": "1702521410003", "telefono_celular": "0980166034", "hijos_hombres": 2, "hijos_mujeres": 2, "sector": "Guang-Porotog", "tenencia_predio": "Escritura", "nivel_instruccion": "Alfabetizado", "area_total": 12222.14, "org_riego": " CONDOR LOMA ALTO", "sector_comunidad": "CENTRAL LIBERTAD", "canal": "POROTOG", "area_riego": 12222.14, "area_sin_riego": 0.0, "frecuencia_riego": "Semanal", "metodo_gravedad_pct": 100, "dias_riego": 1, "horas_turno": 12, "valor_tarifa": 5.0, "tipo_tarifa": "fijo anual", "agua_consumo": 1, "energia_electrica": 1, "material_construccion": "BLOQUE", "cota_msnm": 3600.0, "conoce_presa": "Sí", "como_elige_dir": "Asamblea general", "nom_presidente": "CESAR QUISHPE", "operador_sector": "CARLOS SALAZAR ", "anios_sistema": 20, "km_canal": 73.0, "recibio_capacitacion": "Sí", "le_gustaria_cap": "Sí", "temas_capacitacion": "SISTEMA DE RIEGO ", "cedula": "1705543880", "caudal_valor": 31.5, "coord_x_utm": 818899.61, "coord_y_utm": 9988874.03, "soberania_aliment_pct": 50, "act_productivas_pct": 50, "actividad_productiva": "Particular"}, "geometry": {"type": "Point", "coordinates": [-78.135328, -0.100534]}}, {"type": "Feature", "properties": {"id": "{7e7b30af-c7bd-43e7-b994-d05162551b44}", "cod_poligono": "1702520530038", "num_predio": 1, "propietario": "LANCHIMBA ACERO JOSE LUIS", "parroquia": "CANGAHUA", "caudal_tipo": "Recibe la Comunidad", "tiene_reservorio": "Comunitario", "foto_predio": "DCIM/fichas-predios_20260522103338358.jpg", "creado_por": "u0_a504", "fecha_creacion": "2026-05-22T10:25:46.352Z", "apellidos": "LANCHIMBA ACERO", "nombres": "JOSE LUIS", "clave_catastral": "1702520530038", "telefono_celular": "0939887751", "hijos_hombres": 2, "hijos_mujeres": 4, "sector": "Guang-Porotog", "tenencia_predio": "Sin Escritura", "nivel_instruccion": "Secundaria", "area_total": 21524.91, "org_riego": " SAN PEDRO ", "sector_comunidad": "LA LIBERTAD SECTOR SAN PEDRO ", "canal": "POROTOG", "area_riego": 21524.91, "area_sin_riego": 0.0, "frecuencia_riego": "Semanal", "metodo_aspersion_pct": 100, "dias_riego": 1, "horas_turno": 12, "valor_tarifa": 2.5, "tipo_tarifa": "fijo mensual", "agua_consumo": 1, "energia_electrica": 1, "material_construccion": "BLOQUE", "cota_msnm": 3385.0, "conoce_presa": "Sí", "como_elige_dir": "Asamblea general", "nom_presidente": "CESAR QUISHPE", "operador_sector": "CLEMENTE QUINATOA ", "anios_sistema": 20, "km_canal": 73.0, "recibio_capacitacion": "Sí", "le_gustaria_cap": "Sí", "temas_capacitacion": "SISTEMA DE RIEGO ", "cedula": "1001970753", "caudal_valor": 31.5, "coord_x_utm": 817325.85, "coord_y_utm": 9992239.49, "soberania_aliment_pct": 50, "act_productivas_pct": 50, "actividad_productiva": "Particular", "observaciones": "Ninguna"}, "geometry": {"type": "Point", "coordinates": [-78.149455, -0.070124]}}, {"type": "Feature", "properties": {"id": "{8c01fc48-990a-446c-b73a-6fa0a0afbb32}", "cod_poligono": "1702520530040", "num_predio": 1, "propietario": "QUINATOA CALUGUILLIN PASTORA", "parroquia": "CANGAHUA", "caudal_tipo": "Recibe la Comunidad", "tiene_reservorio": "Comunitario", "foto_predio": "DCIM/fichas-predios_20260522105257495.jpg", "creado_por": "u0_a504", "fecha_creacion": "2026-05-22T10:43:43.965Z", "apellidos": "QUINATOA CALUGUILLIN", "nombres": "PASTORA", "clave_catastral": "1702520530040", "telefono_celular": "0982712544", "hijos_hombres": 2, "hijos_mujeres": 5, "sector": "Guang-Porotog", "tenencia_predio": "Escritura", "nivel_instruccion": "Alfabetizado", "area_total": 18951.31, "org_riego": " SAN PEDRO ", "sector_comunidad": "LA LIBERTAD ", "canal": "POROTOG", "area_riego": 18951.31, "area_sin_riego": 0.0, "frecuencia_riego": "Semanal", "metodo_aspersion_pct": 100, "dias_riego": 1, "horas_turno": 12, "valor_tarifa": 1.5, "tipo_tarifa": "fijo mensual", "cota_msnm": 3405.0, "conoce_presa": "Sí", "como_elige_dir": "Asamblea general", "nom_presidente": "CESAR QUISHPE", "operador_sector": "CLEMENTE QUINATOA ", "anios_sistema": 20, "km_canal": 73.0, "recibio_capacitacion": "Sí", "le_gustaria_cap": "Sí", "temas_capacitacion": "SISTEMA DE RIEGO ", "cedula": "1000741452", "caudal_valor": 31.5, "coord_x_utm": 817643.12, "coord_y_utm": 9991943.43, "act_productivas_pct": 100, "actividad_productiva": "Particular"}, "geometry": {"type": "Point", "coordinates": [-78.146607, -0.072799]}}, {"type": "Feature", "properties": {"id": "{50890ddf-a696-4d36-a53d-47f790a74901}", "cod_poligono": "1702520530040", "num_predio": 2, "propietario": "QUINATOA CALUGUILLIN PASTORA", "parroquia": "CANGAHUA", "caudal_tipo": "Recibe la Comunidad", "tiene_reservorio": "Comunitario", "foto_predio": "DCIM/fichas-predios_20260522105743571.jpg", "creado_por": "u0_a504", "fecha_creacion": "2026-05-22T10:53:20.174Z", "apellidos": "QUINATOA CALUGUILLIN", "nombres": "PASTORA", "clave_catastral": "1702520530040", "telefono_celular": "0981664430", "hijos_hombres": 1, "hijos_mujeres": 1, "sector": "Guang-Porotog", "tenencia_predio": "Sin Escritura", "nivel_instruccion": "Primaria", "area_total": 18951.31, "org_riego": " SAN PEDRO ", "sector_comunidad": "LA LIBERTAD ", "canal": "POROTOG", "area_riego": 18951.31, "area_sin_riego": 0.0, "frecuencia_riego": "Semanal", "metodo_aspersion_pct": 100, "dias_riego": 1, "horas_turno": 12, "valor_tarifa": 1.5, "tipo_tarifa": "fijo mensual", "cota_msnm": 3405.0, "conoce_presa": "Sí", "como_elige_dir": "Asamblea general", "nom_presidente": "CESAR QUISHPE", "operador_sector": "CLEMENTE QUINATOA ", "anios_sistema": 20, "km_canal": 73.0, "recibio_capacitacion": "Sí", "le_gustaria_cap": "Sí", "temas_capacitacion": "SISTEMA DE RIEGO ", "cedula": "1727590505", "caudal_valor": 31.5, "coord_x_utm": 817609.73, "coord_y_utm": 9991958.82, "act_productivas_pct": 100, "actividad_productiva": "Particular", "observaciones": "Proceso de escritura "}, "geometry": {"type": "Point", "coordinates": [-78.146907, -0.07266]}}, {"type": "Feature", "properties": {"id": "{d0600e9a-4a3f-46df-b426-53c9e543873d}", "cod_poligono": "1702520530040", "num_predio": 3, "propietario": "QUINATOA CALUGUILLIN PASTORA", "parroquia": "CANGAHUA", "caudal_tipo": "Recibe la Comunidad", "tiene_reservorio": "Comunitario", "foto_predio": "DCIM/fichas-predios_20260522110803644.jpg", "creado_por": "u0_a504", "fecha_creacion": "2026-05-22T11:04:58.765Z", "apellidos": "QUINATOA CALUGUILLIN", "nombres": "PASTORA", "clave_catastral": "1702520530040", "telefono_celular": "0986480209", "hijos_hombres": 3, "sector": "Guang-Porotog", "tenencia_predio": "Sin Escritura", "nivel_instruccion": "Primaria", "area_total": 18951.31, "org_riego": " SAN PEDRO ", "sector_comunidad": "LA LIBERTAD ", "canal": "POROTOG", "area_riego": 18951.31, "area_sin_riego": 0.0, "frecuencia_riego": "Semanal", "metodo_aspersion_pct": 100, "dias_riego": 1, "horas_turno": 12, "valor_tarifa": 1.5, "tipo_tarifa": "fijo mensual", "cota_msnm": 3405.0, "conoce_presa": "Sí", "como_elige_dir": "Asamblea general", "nom_presidente": "CESAR QUISHPE", "operador_sector": "CLEMENTE QUINATOA ", "anios_sistema": 20, "km_canal": 73.0, "recibio_capacitacion": "Sí", "le_gustaria_cap": "Sí", "temas_capacitacion": "SISTEMA DE RIEGO ", "cedula": "1713748208", "caudal_valor": 31.5, "coord_x_utm": 817660.24, "coord_y_utm": 9991940.63, "act_productivas_pct": 100, "actividad_productiva": "Particular", "observaciones": "En proceso de escritura  y la señora no pudo asistir y la hermana asistio"}, "geometry": {"type": "Point", "coordinates": [-78.146454, -0.072825]}}, {"type": "Feature", "properties": {"id": "{58bb88c2-de44-443d-8c74-4201fce36a96}", "cod_poligono": "1702520690019", "num_predio": 2, "propietario": "QUINATOA CALUGUILLIN PASTORA", "parroquia": "CANGAHUA", "caudal_tipo": "Recibe la Comunidad", "tiene_reservorio": "Comunitario", "foto_predio": "DCIM/fichas-predios_20260522112723071.jpg", "creado_por": "u0_a504", "fecha_creacion": "2026-05-22T11:11:57.040Z", "apellidos": "QUINATOA CALUGUILLIN", "nombres": "PASTORA", "clave_catastral": "1702520690019", "telefono_celular": "0981664430", "hijos_hombres": 2, "hijos_mujeres": 5, "sector": "Guang-Porotog", "tenencia_predio": "Escritura", "nivel_instruccion": "Alfabetizado", "area_total": 5415.3, "org_riego": "MULATO POTRERO", "sector_comunidad": "LA LIBERTAD ", "canal": "GUANGUIL POROTOG", "area_riego": 5415.3, "area_sin_riego": 0.0, "frecuencia_riego": "Semanal", "metodo_gravedad_pct": 100, "dias_riego": 1, "horas_turno": 11, "valor_tarifa": 1.5, "tipo_tarifa": "fijo mensual", "agua_consumo": 1, "energia_electrica": 1, "material_construccion": "Otros", "cota_msnm": 3420.0, "conoce_presa": "Sí", "como_elige_dir": "Asamblea general", "nom_presidente": "CESAR QUISHPE", "operador_sector": "FRANCISCO SALAZAR ", "anios_sistema": 20, "km_canal": 73.0, "recibio_capacitacion": "Sí", "le_gustaria_cap": "Sí", "temas_capacitacion": "SISTEMA DE RIEGO ", "cedula": "1000741452", "caudal_valor": 31.5, "coord_x_utm": 818753.16, "coord_y_utm": 9991164.39, "soberania_aliment_pct": 50, "act_productivas_pct": 50, "actividad_productiva": "Particular", "observaciones": "La información fue dada por la hija ", "material_constr_otro": "ADOBE "}, "geometry": {"type": "Point", "coordinates": [-78.136644, -0.079838]}}, {"type": "Feature", "properties": {"id": "{edb7299d-c0b1-43ec-8272-4aa4f6e28381}", "cod_poligono": "1702520530029", "num_predio": 1, "propietario": "QUINATOA CALUGUILLIN PASTORA", "parroquia": "CANGAHUA", "caudal_tipo": "Recibe la Comunidad", "tiene_reservorio": "Comunitario", "foto_predio": "DCIM/fichas-predios_20260522113257655.jpg", "creado_por": "u0_a504", "fecha_creacion": "2026-05-22T11:28:52.983Z", "apellidos": "QUINATOA CALUGUILLIN", "nombres": "PASTORA", "clave_catastral": "1702520530029", "telefono_celular": "0981664430", "hijos_hombres": 2, "hijos_mujeres": 5, "sector": "Guang-Porotog", "tenencia_predio": "Escritura", "nivel_instruccion": "Alfabetizado", "area_total": 5525.53, "org_riego": "LA LIBERTAD SAN PEDRO", "sector_comunidad": "LA LIBERTAD ", "canal": "GUANGUIL POROTOG", "area_riego": 5525.53, "area_sin_riego": 0.0, "frecuencia_riego": "Semanal", "metodo_aspersion_pct": 100, "dias_riego": 1, "horas_turno": 11, "valor_tarifa": 1.5, "tipo_tarifa": "fijo mensual", "cota_msnm": 3405.0, "conoce_presa": "Sí", "como_elige_dir": "Asamblea general", "nom_presidente": "CESAR QUISHPE", "operador_sector": "FRANCISCO SALAZAR ", "anios_sistema": 8, "km_canal": 73.0, "recibio_capacitacion": "Sí", "le_gustaria_cap": "Sí", "temas_capacitacion": "SISTEMA DE RIEGO ", "cedula": "1000741452", "caudal_valor": 31.5, "coord_x_utm": 817596.95, "coord_y_utm": 9992066.91, "act_productivas_pct": 100, "actividad_productiva": "Particular", "observaciones": "La información nos brindo la hija "}, "geometry": {"type": "Point", "coordinates": [-78.147022, -0.071684]}}, {"type": "Feature", "properties": {"id": "{f059ce0c-10c3-47d5-b6ad-ab51555f9794}", "cod_poligono": "1702520530020", "num_predio": 1, "propietario": "UMAQUINGA TONTAG REGINA", "parroquia": "CANGAHUA", "caudal_tipo": "Recibe la Comunidad", "tiene_reservorio": "Comunitario", "foto_predio": "DCIM/fichas-predios_20260522121322896.jpg", "creado_por": "u0_a504", "fecha_creacion": "2026-05-22T12:03:25.889Z", "apellidos": "UMAQUINGA TONTAG", "nombres": "REGINA", "clave_catastral": "1702520530020", "telefono_celular": "0917764016", "hijos_hombres": 2, "hijos_mujeres": 2, "sector": "Guang-Porotog", "tenencia_predio": "Escritura", "nivel_instruccion": "Ninguno", "area_total": 6343.52, "org_riego": "LA LIBERTAD SAN PEDRO", "sector_comunidad": "LA LIBERTAD ", "canal": "GUANGUIL POROTOG", "area_riego": 6343.52, "area_sin_riego": 0.0, "frecuencia_riego": "Semanal", "metodo_aspersion_pct": 100, "dias_riego": 1, "horas_turno": 11, "valor_tarifa": 2.5, "tipo_tarifa": "fijo mensual", "agua_consumo": 1, "energia_electrica": 1, "material_construccion": "Otros", "cota_msnm": 3360.0, "conoce_presa": "Sí", "como_elige_dir": "Asamblea general", "nom_presidente": "CESAR QUISHPE", "operador_sector": "CLEMENTE QUINATOA ", "anios_sistema": 8, "km_canal": 73.0, "recibio_capacitacion": "Sí", "le_gustaria_cap": "Sí", "temas_capacitacion": "SISTEMA DE RIEGO ", "cedula": "1709374704", "caudal_valor": 31.5, "coord_x_utm": 817222.95, "coord_y_utm": 9992621.6, "soberania_aliment_pct": 50, "act_productivas_pct": 50, "actividad_productiva": "Particular", "observaciones": " La señora ya esta registra y cuenta con otro terreno por lo cual anoto la clave catastral :1702521410008\nO\n", "material_constr_otro": "ADOBE "}, "geometry": {"type": "Point", "coordinates": [-78.150379, -0.066672]}}, {"type": "Feature", "properties": {"id": "{00716b30-1d7f-4939-8cae-f83edd16b62d}", "cod_poligono": "1702521100025", "num_predio": 1, "propietario": "QUISHPE SALAZAR MARIA SALVADORA", "parroquia": "CANGAHUA", "caudal_tipo": "Recibe la Comunidad", "tiene_reservorio": "Comunitario", "foto_predio": "DCIM/fichas-predios_20260522122933517.jpg", "creado_por": "u0_a504", "fecha_creacion": "2026-05-22T12:18:09.432Z", "apellidos": "QUISHPE SALAZAR", "nombres": "MARIA SALVADORA", "clave_catastral": "1702521100025", "telefono_celular": "0991305673", "hijos_hombres": 1, "hijos_mujeres": 1, "sector": "Guang-Porotog", "tenencia_predio": "Escritura", "nivel_instruccion": "Primaria", "area_total": 6975.3, "org_riego": "LA LIBERTAD TOTORAS ", "sector_comunidad": "LA LIBERTAD ", "canal": "GUANGUIL POROTOG", "area_riego": 6975.3, "area_sin_riego": 0.0, "frecuencia_riego": "Semanal", "metodo_gravedad_pct": 100, "dias_riego": 1, "horas_turno": 12, "valor_tarifa": 0.0, "tipo_tarifa": "fijo mensual", "cota_msnm": 3590.0, "conoce_presa": "Sí", "como_elige_dir": "Asamblea general", "nom_presidente": "CESAR QUISHPE", "anios_sistema": 8, "km_canal": 73.0, "recibio_capacitacion": "Sí", "le_gustaria_cap": "Sí", "temas_capacitacion": "SISTEMA DE RIEGO ", "cedula": "1004064281", "caudal_valor": 31.5, "coord_x_utm": 817977.06, "coord_y_utm": 9988369.58, "act_productivas_pct": 100, "actividad_productiva": "Particular", "observaciones": "No pagan el agua por que ellos se encargan de cuidar "}, "geometry": {"type": "Point", "coordinates": [-78.143608, -0.105092]}}, {"type": "Feature", "properties": {"id": "{db690e3c-bf2e-4756-86c7-77618b89f8e0}", "cod_poligono": "1702521410028", "num_predio": 1, "propietario": "AIGAJE MALDONADO JOSE ATANACIO", "parroquia": "CANGAHUA", "caudal_tipo": "Recibe la Comunidad", "tiene_reservorio": "Comunitario", "foto_predio": "DCIM/fichas-predios_20260522124125480.jpg", "creado_por": "u0_a504", "fecha_creacion": "2026-05-22T12:34:03.199Z", "apellidos": "AIGAJE MALDONADO", "nombres": "JOSE ATANACIO", "clave_catastral": "1702521410028", "hijos_hombres": 5, "hijos_mujeres": 2, "sector": "Guang-Porotog", "tenencia_predio": "Escritura", "nivel_instruccion": "Ninguno", "area_total": 11119.67, "org_riego": "CÓNDOR LOMA BAJO", "sector_comunidad": "LA LIBERTAD ", "canal": "GUANGUIL POROTOG", "area_riego": 11119.67, "area_sin_riego": 0.0, "frecuencia_riego": "Semanal", "metodo_gravedad_pct": 100, "dias_riego": 1, "horas_turno": 10, "valor_tarifa": 5.0, "tipo_tarifa": "fijo anual", "cota_msnm": 3555.0, "conoce_presa": "Sí", "como_elige_dir": "Asamblea general", "operador_sector": "CLEMENTE QUINATOA", "anios_sistema": 20, "km_canal": 73.0, "recibio_capacitacion": "Sí", "le_gustaria_cap": "Sí", "temas_capacitacion": "SISTEMA DE RIEGO ", "cedula": "1706592712", "caudal_valor": 31.5, "coord_x_utm": 818699.12, "coord_y_utm": 9989247.77, "act_productivas_pct": 100, "actividad_productiva": "Particular", "observaciones": "La señora cuenta con otra terreno anoto número de cédula: 1707887293 área de terreno: 10000 "}, "geometry": {"type": "Point", "coordinates": [-78.137127, -0.097157]}}, {"type": "Feature", "properties": {"id": "{b2accbc8-5702-4806-b158-154a6d3b0b7d}", "cod_poligono": "1702520530032", "num_predio": 1, "propietario": "AIGAJE MALDONADO JOSE ATANACIO", "parroquia": "CANGAHUA", "caudal_tipo": "Recibe la Comunidad", "tiene_reservorio": "Comunitario", "foto_predio": "DCIM/fichas-predios_20260522132042510.jpg", "creado_por": "u0_a504", "fecha_creacion": "2026-05-22T13:10:56.402Z", "apellidos": "AIGAJE MALDONADO", "nombres": "JOSE ATANACIO", "clave_catastral": "1702520530032", "telefono_celular": "0982043075", "sector": "Guang-Porotog", "tenencia_predio": "Sin Escritura", "nivel_instruccion": "Secundaria", "area_total": 23910.11, "org_riego": "LIBERTAD SAN PEDRO", "sector_comunidad": "LA LIBERTAD ", "canal": "GUANGUIL POROTOG", "area_riego": 23910.11, "area_sin_riego": 0.0, "frecuencia_riego": "Semanal", "metodo_aspersion_pct": 100, "dias_riego": 1, "horas_turno": 11, "valor_tarifa": 10.0, "tipo_tarifa": "fijo anual", "agua_consumo": 1, "material_construccion": "MADERA", "cota_msnm": 3400.0, "conoce_presa": "Sí", "como_elige_dir": "Asamblea general", "nom_presidente": "CESAR QUISHPE ", "operador_sector": "CLEMENTE QUINATOA", "anios_sistema": 20, "km_canal": 73.0, "recibio_capacitacion": "Sí", "le_gustaria_cap": "Sí", "temas_capacitacion": "SISTEMA DE RIEGO ", "cedula": "1726802984", "caudal_valor": 31.5, "coord_x_utm": 817538.12, "coord_y_utm": 9992141.86, "soberania_aliment_pct": 50, "act_productivas_pct": 50, "actividad_productiva": "Particular", "observaciones": "En proceso de escritura"}, "geometry": {"type": "Point", "coordinates": [-78.14755, -0.071006]}}, {"type": "Feature", "properties": {"id": "{b174a169-0777-4478-80b6-a460bbba08ae}", "cod_poligono": "1702520530030", "num_predio": 1, "propietario": "MALDONADO UMAQUINGA JUAN CESAR", "parroquia": "CANGAHUA", "caudal_tipo": "Recibe la Comunidad", "tiene_reservorio": "Comunitario", "foto_predio": "DCIM/fichas-predios_20260522150451510.jpg", "creado_por": "u0_a504", "fecha_creacion": "2026-05-22T14:54:51.166Z", "apellidos": "MALDONADO UMAQUINGA", "nombres": "JUAN CESAR", "clave_catastral": "1702520530030", "telefono_celular": "0959113658", "hijos_hombres": 3, "sector": "Guang-Porotog", "tenencia_predio": "Escritura", "nivel_instruccion": "Primaria", "area_total": 6137.29, "org_riego": "LA LIBERTAD SAN PEDRO", "sector_comunidad": "LA LIBERTAD ", "canal": "GUANGUILQUI  POROTOG ", "area_riego": 6137.29, "area_sin_riego": 0.0, "frecuencia_riego": "Semanal", "metodo_aspersion_pct": 100, "dias_riego": 1, "horas_turno": 8, "valor_tarifa": 2.5, "tipo_tarifa": "fijo mensual", "cota_msnm": 3335.0, "conoce_presa": "Sí", "como_elige_dir": "Asamblea general", "nom_presidente": "CESAR QUISHPE ", "operador_sector": "CLEMENTE QUINATOA ", "anios_sistema": 10, "km_canal": 73.0, "recibio_capacitacion": "Sí", "le_gustaria_cap": "Sí", "temas_capacitacion": "SISTEMA DE RIEGO ", "cedula": "1714177969", "caudal_valor": 31.5, "coord_x_utm": 817077.22, "coord_y_utm": 9992838.72, "act_productivas_pct": 100, "observaciones": "Clave catastral : 1702520690029\nAre de riego:1500 \nClave catastral : 1702521410009\nÁrea de riego : 3000\nClave catastral : 1702521020099\nÁrea de riego: 1000"}, "geometry": {"type": "Point", "coordinates": [-78.151687, -0.06471]}}, {"type": "Feature", "properties": {"id": "{d5f9e2a4-9f51-4fde-803f-996e4d2c9792}", "cod_poligono": "1702521020039", "num_predio": 1, "propietario": "QUINATOA ULCUANGO MARIA ENCARNACION", "parroquia": "CANGAHUA", "caudal_tipo": "Recibe la Comunidad", "tiene_reservorio": "Comunitario", "foto_predio": "DCIM/fichas-predios_20260522155657411.jpg", "creado_por": "u0_a504", "fecha_creacion": "2026-05-22T15:45:28.786Z", "apellidos": "QUINATOA ULCUANGO", "nombres": "MARIA ENCARNACION", "clave_catastral": "1702521020039", "telefono_celular": "0980429049", "hijos_hombres": 3, "sector": "Guang-Porotog", "tenencia_predio": "Escritura", "nivel_instruccion": "Ninguno", "area_total": 2540.63, "org_riego": "GUANGUILQUI  POROTOG", "sector_comunidad": "LA LIBERTAD ", "canal": "GUANGUILQUI POROTOG", "area_riego": 2540.63, "area_sin_riego": 0.0, "frecuencia_riego": "Quincenal", "metodo_gravedad_pct": 100, "dias_riego": 1, "horas_turno": 12, "valor_tarifa": 5.0, "tipo_tarifa": "fijo anual", "agua_consumo": 1, "energia_electrica": 1, "material_construccion": "BLOQUE", "cota_msnm": 3480.0, "conoce_presa": "Sí", "como_elige_dir": "Asamblea general", "nom_presidente": "CESAR QUISHPE", "operador_sector": "CLEMENTE QUINATOA ", "anios_sistema": 24, "km_canal": 7.0, "le_gustaria_cap": "Sí", "temas_capacitacion": "SISTEMA DE  RIEGO ", "cedula": "1715419956", "caudal_valor": 31.5, "coord_x_utm": 818815.88, "coord_y_utm": 9990354.97, "soberania_aliment_pct": 50, "act_productivas_pct": 50, "actividad_productiva": "Particular"}, "geometry": {"type": "Point", "coordinates": [-78.13608, -0.087152]}}, {"type": "Feature", "properties": {"id": "{ebae129e-9aac-435c-9baa-13a43c32e231}", "cod_poligono": "1702520540038", "num_predio": 1, "propietario": "MALDONADO LANCHIMBA JOSE CARLOS", "parroquia": "CANGAHUA", "caudal_tipo": "Recibe la Comunidad", "tiene_reservorio": "Comunitario", "foto_predio": "DCIM/fichas-predios_20260522165858145.jpg", "creado_por": "u0_a504", "fecha_creacion": "2026-05-22T16:51:33.932Z", "apellidos": "MALDONADO LANCHIMBA", "nombres": "JOSE CARLOS", "clave_catastral": "1702520540038", "telefono_celular": "0980228174", "hijos_hombres": 6, "hijos_mujeres": 4, "sector": "Guang-Porotog", "tenencia_predio": "Escritura", "nivel_instruccion": "Alfabetizado", "area_total": 6354.74, "org_riego": "GUANGUILQUI  POROTOG", "sector_comunidad": "CRUZ LOMA", "canal": "GUANGUILQUI POROTOG", "area_riego": 6354.74, "area_sin_riego": 0.0, "frecuencia_riego": "Quincenal", "metodo_aspersion_pct": 100, "dias_riego": 1, "horas_turno": 12, "valor_tarifa": 2.5, "tipo_tarifa": "fijo mensual", "agua_consumo": 1, "energia_electrica": 1, "material_construccion": "BLOQUE", "cota_msnm": 3395.0, "conoce_presa": "Sí", "como_elige_dir": "Asamblea general", "nom_presidente": "CESAR QUISHPE", "operador_sector": "CLEMENTE QUINATOA ", "anios_sistema": 7, "km_canal": 7.0, "recibio_capacitacion": "Sí", "le_gustaria_cap": "Sí", "temas_capacitacion": "SISTEMA DE  RIEGO ", "cedula": "1705689816", "caudal_valor": 31.5, "coord_x_utm": 818116.16, "coord_y_utm": 9992306.71, "soberania_aliment_pct": 50, "act_productivas_pct": 50, "actividad_productiva": "Particular", "observaciones": "Clave catstral: 1702520540037\nÁrea de riego: 22000\nClave catastral : 1702521100116\nArea: 11500"}, "geometry": {"type": "Point", "coordinates": [-78.142362, -0.069516]}}, {"type": "Feature", "properties": {"id": "{fbfa64a7-f6be-4a27-ada8-d090b7e30012}", "cod_poligono": "1702521100089", "num_predio": 1, "propietario": "MALDONADO TIPANLUIZA ASCIENCIO", "parroquia": "CANGAHUA", "caudal_tipo": "Recibe la Comunidad", "tiene_reservorio": "No", "foto_predio": "DCIM/fichas-predios_20260522085949521.jpg", "creado_por": "u0_a362", "fecha_creacion": "2026-05-22T08:50:51.084Z", "apellidos": "MALDONADO TIPANLUIZA", "nombres": "ASCIENCIO", "clave_catastral": "1702521100089", "telefono_celular": "0969981269", "hijos_hombres": 3, "hijos_mujeres": 4, "sector": "Guang-Porotog", "tenencia_predio": "Escritura", "nivel_instruccion": "Primaria", "area_total": 10363.39, "org_riego": "GUANGUILQUI POROTOG", "sector_comunidad": "LA LIBERTAD ", "canal": "POROTOG", "area_riego": 10363.39, "area_sin_riego": 0.0, "frecuencia_riego": "Mensual", "metodo_gravedad_pct": 100, "dias_riego": 1, "horas_turno": 24, "valor_tarifa": 5.0, "tipo_tarifa": "fijo anual", "agua_consumo": 1, "energia_electrica": 1, "cota_msnm": 3555.0, "conoce_presa": "Sí", "como_elige_dir": "Asamblea general", "nom_presidente": "CESAR QUISHPE", "operador_sector": "CLEMENTE QUINATOA ", "anios_sistema": 20, "km_canal": 73.0, "recibio_capacitacion": "Sí", "le_gustaria_cap": "Sí", "temas_capacitacion": "SOBRE EL SISTEMA DE RIEGO", "cedula": "1710423532", "caudal_valor": 31.5, "coord_x_utm": 818270.15, "coord_y_utm": 9988628.93, "act_productivas_pct": 100, "actividad_productiva": "Particular", "observaciones": "En este sector ellos mismo cuidan el riego no pagan consumo de agua de riego "}, "geometry": {"type": "Point", "coordinates": [-78.140977, -0.102749]}}, {"type": "Feature", "properties": {"id": "{e7c26dcb-226d-46a5-9ed4-4e27fbdf3bb0}", "cod_poligono": "1702520540078", "num_predio": 1, "propietario": "CAIZA TOAPANTA MARIA YOLANDA", "parroquia": "CANGAHUA", "tiene_reservorio": "Comunitario", "creado_por": "u0_a362", "fecha_creacion": "2026-05-22T09:09:58.365Z", "apellidos": "CAIZA TOAPANTA", "nombres": "MARIA YOLANDA", "clave_catastral": "1702520540078", "telefono_celular": "0993588023", "sector": "Guang-Porotog", "tenencia_predio": "Escritura", "nivel_instruccion": "Alfabetizado", "area_total": 3000.69, "org_riego": "GUANGUILQUI POROTOG", "sector_comunidad": "LA LIBERTAD ", "canal": "POROTOG", "area_riego": 3000.69, "area_sin_riego": 0.0, "frecuencia_riego": "Mensual", "metodo_gravedad_pct": 100, "dias_riego": 1, "horas_turno": 12, "valor_tarifa": 2.5, "tipo_tarifa": "fijo mensual", "agua_consumo": 1, "cota_msnm": 3380.0, "conoce_presa": "Sí", "como_elige_dir": "Asamblea general", "nom_presidente": "CESAR QUISHPE", "operador_sector": "CLEMENTE QUINATOA ", "anios_sistema": 20, "km_canal": 73.0, "recibio_capacitacion": "Sí", "le_gustaria_cap": "Sí", "temas_capacitacion": "SOBRE EL SISTEMA DE RIEGO", "cedula": "1717859050", "caudal_valor": 31.5, "coord_x_utm": 817909.2, "coord_y_utm": 9992281.45, "act_productivas_pct": 100, "actividad_productiva": "Particular"}, "geometry": {"type": "Point", "coordinates": [-78.144219, -0.069745]}}, {"type": "Feature", "properties": {"id": "{71c4d143-532d-4b80-923c-a76add47ab34}", "cod_poligono": "1702521100141", "num_predio": 1, "propietario": "REA CAIZA WASHINGTON LENIN", "parroquia": "CANGAHUA", "tiene_reservorio": "Comunitario", "foto_predio": "DCIM/fichas-predios_20260522092113348.jpg", "creado_por": "u0_a362", "fecha_creacion": "2026-05-22T09:16:59.418Z", "apellidos": "REA CAIZA", "nombres": "WASHINGTON LENIN", "clave_catastral": "1702521100141", "telefono_celular": "0993588023", "sector": "Guang-Porotog", "tenencia_predio": "Escritura", "nivel_instruccion": "Alfabetizado", "area_total": 1774.09, "org_riego": "GUANGUILQUI POROTOG", "sector_comunidad": "LA LIBERTAD ", "canal": "POROTOG", "area_riego": 1774.09, "area_sin_riego": 0.0, "frecuencia_riego": "Mensual", "metodo_gravedad_pct": 100, "dias_riego": 1, "horas_turno": 12, "valor_tarifa": 2.5, "tipo_tarifa": "fijo mensual", "cota_msnm": 3575.0, "conoce_presa": "Sí", "como_elige_dir": "Asamblea general", "nom_presidente": "CESAR QUISHPE", "operador_sector": "CLEMENTE QUINATOA ", "anios_sistema": 20, "km_canal": 73.0, "recibio_capacitacion": "Sí", "le_gustaria_cap": "Sí", "temas_capacitacion": "SOBRE EL SISTEMA DE RIEGO", "cedula": "1717859050", "caudal_valor": 31.5, "coord_x_utm": 817998.51, "coord_y_utm": 9988478.89, "act_productivas_pct": 100, "actividad_productiva": "Particular"}, "geometry": {"type": "Point", "coordinates": [-78.143415, -0.104105]}}, {"type": "Feature", "properties": {"id": "{ecb32e10-fd6b-4a17-8b21-e31eaa6a2eb7}", "cod_poligono": "1702520690046", "num_predio": 1, "propietario": "CAIZA TOAPANTA MARIA YOLANDA", "parroquia": "CANGAHUA", "tiene_reservorio": "Comunitario", "foto_predio": "DCIM/fichas-predios_20260522092456915.jpg", "creado_por": "u0_a362", "fecha_creacion": "2026-05-22T09:22:48.452Z", "apellidos": "CAIZA TOAPANTA", "nombres": "MARIA YOLANDA", "clave_catastral": "1702520690046", "telefono_celular": "0993588023", "sector": "Guang-Porotog", "tenencia_predio": "Escritura", "nivel_instruccion": "Alfabetizado", "area_total": 4075.94, "org_riego": "GUANGUILQUI POROTOG", "sector_comunidad": "LA LIBERTAD ", "canal": "POROTOG", "area_riego": 4075.94, "area_sin_riego": 0.0, "frecuencia_riego": "Mensual", "metodo_gravedad_pct": 100, "dias_riego": 1, "horas_turno": 12, "valor_tarifa": 2.5, "tipo_tarifa": "fijo mensual", "cota_msnm": 3420.0, "conoce_presa": "Sí", "como_elige_dir": "Asamblea general", "nom_presidente": "CESAR QUISHPE", "operador_sector": "CLEMENTE QUINATOA ", "anios_sistema": 20, "km_canal": 73.0, "recibio_capacitacion": "Sí", "le_gustaria_cap": "Sí", "temas_capacitacion": "SOBRE EL SISTEMA DE RIEGO", "cedula": "1717859050", "caudal_valor": 31.5, "coord_x_utm": 818588.82, "coord_y_utm": 9991071.94, "act_productivas_pct": 100, "actividad_productiva": "Particular", "observaciones": "Ninguna "}, "geometry": {"type": "Point", "coordinates": [-78.138119, -0.080674]}}, {"type": "Feature", "properties": {"id": "{915e51f1-7081-4393-9b59-05481e5ada8f}", "cod_poligono": "1702521410051", "num_predio": 1, "propietario": "QUINATOA UMAQUINGA MARIA ADELA", "parroquia": "CANGAHUA", "tiene_reservorio": "Comunitario", "foto_predio": "DCIM/fichas-predios_20260522093156960.jpg", "creado_por": "u0_a362", "fecha_creacion": "2026-05-22T09:26:46.899Z", "apellidos": "QUINATOA UMAQUINGA", "nombres": "MARIA ADELA", "clave_catastral": "1702521410051", "hijos_hombres": 2, "hijos_mujeres": 3, "sector": "Guang-Porotog", "tenencia_predio": "Escritura", "nivel_instruccion": "Ninguno", "area_total": 6340.58, "org_riego": "GUANGUILQUI POROTOG", "sector_comunidad": "LA LIBERTAD CÓNDOR LOMA ALTO", "canal": "POROTOG", "area_riego": 6340.58, "area_sin_riego": 0.0, "frecuencia_riego": "Mensual", "metodo_goteo_pct": 100, "dias_riego": 1, "horas_turno": 12, "valor_tarifa": 5.0, "tipo_tarifa": "fijo anual", "material_construccion": "Otros", "cota_msnm": 3595.0, "conoce_presa": "Sí", "como_elige_dir": "Asamblea general", "nom_presidente": "CESAR QUISHPE", "operador_sector": "CLEMENTE QUINATOA ", "anios_sistema": 20, "km_canal": 73.0, "recibio_capacitacion": "Sí", "le_gustaria_cap": "Sí", "temas_capacitacion": "SOBRE EL SISTEMA DE RIEGO", "cedula": "1703419844", "caudal_valor": 31.5, "coord_x_utm": 818768.94, "coord_y_utm": 9988711.08, "act_productivas_pct": 100, "actividad_productiva": "Particular"}, "geometry": {"type": "Point", "coordinates": [-78.1365, -0.102006]}}, {"type": "Feature", "properties": {"id": "{2d611b9a-bae5-497e-8af3-2f0901055b3f}", "cod_poligono": "1702521020028", "num_predio": 1, "propietario": "SALAZAR QUINATOA ESTHER SOLEDAD", "parroquia": "CANGAHUA", "caudal_tipo": "Recibe la Comunidad", "tiene_reservorio": "Comunitario", "foto_predio": "DCIM/fichas-predios_20260522093715208.jpg", "creado_por": "u0_a362", "fecha_creacion": "2026-05-22T09:32:49.846Z", "apellidos": "SALAZAR QUINATOA", "nombres": "ESTHER SOLEDAD", "clave_catastral": "1702521020028", "hijos_mujeres": 1, "sector": "Guang-Porotog", "tenencia_predio": "Escritura", "nivel_instruccion": "Secundaria", "area_total": 7082.94, "org_riego": "GUANGUILQUI POROTOG", "sector_comunidad": "LA LIBERTAD CÓNDOR LOMA ALTO", "canal": "POROTOG", "area_riego": 7082.94, "area_sin_riego": 0.0, "frecuencia_riego": "Semanal", "dias_riego": 1, "horas_turno": 12, "valor_tarifa": 5.0, "tipo_tarifa": "fijo anual", "agua_consumo": 1, "energia_electrica": 1, "material_construccion": "Otros", "cota_msnm": 3445.0, "conoce_presa": "Sí", "como_elige_dir": "Asamblea general", "nom_presidente": "CESAR QUISHPE", "operador_sector": "CARLOS SALAZAR ", "anios_sistema": 20, "km_canal": 73.0, "recibio_capacitacion": "Sí", "le_gustaria_cap": "Sí", "temas_capacitacion": "SOBRE EL SISTEMA DE RIEGO", "cedula": "1724402860", "caudal_valor": 31.5, "coord_x_utm": 818653.68, "coord_y_utm": 9990359.96, "soberania_aliment_pct": 50, "act_productivas_pct": 50, "actividad_productiva": "Particular", "material_constr_otro": "TAPIAL TIERRA "}, "geometry": {"type": "Point", "coordinates": [-78.137536, -0.087107]}}, {"type": "Feature", "properties": {"id": "{817821b6-17fd-429f-99e2-9e2dbc277390}", "cod_poligono": "1702520530039", "num_predio": 1, "propietario": "ACERO SALAZAR SEGUNDO JUAN CRUZ", "parroquia": "CANGAHUA", "caudal_tipo": "Recibe la Comunidad", "tiene_reservorio": "Comunitario", "foto_predio": "DCIM/fichas-predios_20260522102328337.jpg", "creado_por": "u0_a362", "fecha_creacion": "2026-05-22T10:16:58.125Z", "apellidos": "ACERO SALAZAR", "nombres": "SEGUNDO JUAN CRUZ", "clave_catastral": "1702520530039", "telefono_celular": "0980166034", "hijos_hombres": 2, "hijos_mujeres": 2, "sector": "Guang-Porotog", "tenencia_predio": "Escritura", "nivel_instruccion": "Alfabetizado", "area_total": 25426.55, "org_riego": "GUANGUILQUI POROTOG", "sector_comunidad": "LA LIBERTAD CÓNDOR LOMA ALTO", "canal": "POROTOG", "area_riego": 25426.55, "area_sin_riego": 0.0, "frecuencia_riego": "Semanal", "metodo_aspersion_pct": 100, "dias_riego": 1, "horas_turno": 12, "valor_tarifa": 2.5, "tipo_tarifa": "fijo mensual", "agua_consumo": 1, "material_construccion": "LADRILLO", "cota_msnm": 3395.0, "conoce_presa": "Sí", "como_elige_dir": "Asamblea general", "nom_presidente": "CESAR QUISHPE", "operador_sector": "CARLOS SALAZAR ", "anios_sistema": 20, "km_canal": 73.0, "recibio_capacitacion": "Sí", "le_gustaria_cap": "Sí", "temas_capacitacion": "SOBRE EL SISTEMA DE RIEGO", "cedula": "1705543880", "caudal_valor": 31.5, "coord_x_utm": 817614.74, "coord_y_utm": 9992256.76, "soberania_aliment_pct": 50, "act_productivas_pct": 50, "actividad_productiva": "Particular", "observaciones": "Ninguna "}, "geometry": {"type": "Point", "coordinates": [-78.146862, -0.069968]}}, {"type": "Feature", "properties": {"id": "{9c43e574-77d8-4ac2-a2ee-0f27230256f1}", "cod_poligono": "1702521410019", "num_predio": 1, "propietario": "ACERO SALAZAR SEGUNDO JUAN CRUZ", "parroquia": "CANGAHUA", "caudal_tipo": "Recibe la Comunidad", "tiene_reservorio": "No", "foto_predio": "DCIM/fichas-predios_20260522104542282.jpg", "creado_por": "u0_a362", "fecha_creacion": "2026-05-22T10:39:50.881Z", "apellidos": "ACERO SALAZAR", "nombres": "SEGUNDO JUAN CRUZ", "clave_catastral": "1702521410019", "telefono_celular": "0980166034", "hijos_hombres": 2, "hijos_mujeres": 2, "sector": "Guang-Porotog", "tenencia_predio": "Escritura", "nivel_instruccion": "Alfabetizado", "area_total": 11455.02, "org_riego": "GUANGUILQUI POROTOG", "sector_comunidad": "LA LIBERTAD CÓNDOR LOMA ALTO", "canal": "POROTOG", "area_riego": 11455.02, "area_sin_riego": 0.0, "frecuencia_riego": "Semanal", "metodo_gravedad_pct": 100, "dias_riego": 1, "horas_turno": 12, "valor_tarifa": 5.0, "tipo_tarifa": "fijo anual", "agua_consumo": 1, "material_construccion": "BLOQUE", "cota_msnm": 3575.0, "conoce_presa": "Sí", "como_elige_dir": "Asamblea general", "nom_presidente": "CESAR QUISHPE", "operador_sector": "JUAN JOSE CHIMARRO", "anios_sistema": 20, "km_canal": 73.0, "recibio_capacitacion": "Sí", "le_gustaria_cap": "Sí", "temas_capacitacion": "SOBRE EL SISTEMA DE RIEGO", "cedula": "1705543880", "caudal_valor": 31.5, "coord_x_utm": 818789.71, "coord_y_utm": 9989130.51, "soberania_aliment_pct": 50, "act_productivas_pct": 50, "actividad_productiva": "Particular", "observaciones": "Ninguna"}, "geometry": {"type": "Point", "coordinates": [-78.136314, -0.098216]}}, {"type": "Feature", "properties": {"id": "{25080524-97c3-41ba-acef-b7cc9277da31}", "cod_poligono": "1702521410003", "num_predio": 2, "propietario": "ACERO SALAZAR SEGUNDO JUAN CRUZ", "parroquia": "CANGAHUA", "caudal_tipo": "Recibe la Comunidad", "tiene_reservorio": "Comunitario", "foto_predio": "DCIM/fichas-predios_20260522105113421.jpg", "creado_por": "u0_a362", "fecha_creacion": "2026-05-22T10:46:21.961Z", "apellidos": "ACERO SALAZAR", "nombres": "SEGUNDO JUAN CRUZ", "clave_catastral": "1702521410003", "telefono_celular": "0980166034", "hijos_hombres": 2, "hijos_mujeres": 2, "sector": "Guang-Porotog", "tenencia_predio": "Escritura", "nivel_instruccion": "Alfabetizado", "area_total": 12222.14, "org_riego": "GUANGUILQUI POROTOG", "sector_comunidad": "LA LIBERTAD CÓNDOR LOMA ALTO", "canal": "POROTOG", "area_riego": 12222.14, "area_sin_riego": 0.0, "frecuencia_riego": "Semanal", "metodo_gravedad_pct": 100, "dias_riego": 1, "horas_turno": 12, "valor_tarifa": 5.0, "tipo_tarifa": "fijo anual", "cota_msnm": 3600.0, "conoce_presa": "Sí", "como_elige_dir": "Asamblea general", "nom_presidente": "CESAR QUISHPE", "operador_sector": "JUAN CRUZ LANCHIMBA", "anios_sistema": 20, "km_canal": 73.0, "recibio_capacitacion": "Sí", "le_gustaria_cap": "Sí", "temas_capacitacion": "SOBRE EL SISTEMA DE RIEGO", "cedula": "1705543880", "caudal_valor": 31.5, "coord_x_utm": 818883.45, "coord_y_utm": 9988886.46, "act_productivas_pct": 100, "actividad_productiva": "Particular"}, "geometry": {"type": "Point", "coordinates": [-78.135473, -0.100421]}}, {"type": "Feature", "properties": {"id": "{c5f382ff-ea08-4721-9840-914ee38f74b8}", "cod_poligono": "1702521410003", "num_predio": 3, "propietario": "ACERO SALAZAR SEGUNDO JUAN CRUZ", "parroquia": "CANGAHUA", "caudal_tipo": "Recibe la Comunidad", "tiene_reservorio": "Comunitario", "foto_predio": "DCIM/fichas-predios_20260522105502849.jpg", "creado_por": "u0_a362", "fecha_creacion": "2026-05-22T10:52:29.216Z", "apellidos": "ACERO SALAZAR", "nombres": "SEGUNDO JUAN CRUZ", "clave_catastral": "1702521410003", "telefono_celular": "0959528201", "hijos_hombres": 1, "sector": "Guang-Porotog", "tenencia_predio": "Sin Escritura", "nivel_instruccion": "Secundaria", "area_total": 12222.14, "org_riego": "GUANGUILQUI POROTOG", "sector_comunidad": "LA LIBERTAD CÓNDOR LOMA ALTO", "canal": "POROTOG", "area_riego": 12222.14, "area_sin_riego": 0.0, "frecuencia_riego": "Semanal", "dias_riego": 1, "horas_turno": 12, "valor_tarifa": 5.0, "tipo_tarifa": "fijo anual", "cota_msnm": 3600.0, "conoce_presa": "Sí", "como_elige_dir": "Asamblea general", "nom_presidente": "CESAR QUISHPE", "operador_sector": "JUAN CRUZ LANCHIMBA", "anios_sistema": 20, "km_canal": 73.0, "recibio_capacitacion": "Sí", "le_gustaria_cap": "Sí", "temas_capacitacion": "SOBRE EL SISTEMA DE RIEGO", "cedula": "1727690479", "caudal_valor": 31.5, "coord_x_utm": 818930.43, "coord_y_utm": 9988843.43, "act_productivas_pct": 100, "actividad_productiva": "Particular", "observaciones": "La hija tambien utiliza el predio para sembrar ...y no tienen escrituras "}, "geometry": {"type": "Point", "coordinates": [-78.135051, -0.10081]}}, {"type": "Feature", "properties": {"id": "{f6c9bbfc-a872-44fc-b1cd-635a4c726726}", "cod_poligono": "1702520540022", "num_predio": 1, "propietario": "QUINATOA ULCUANGO TEODORO", "parroquia": "CANGAHUA", "caudal_tipo": "Recibe la Comunidad", "tiene_reservorio": "Comunitario", "foto_predio": "DCIM/fichas-predios_20260522110543165.jpg", "creado_por": "u0_a362", "fecha_creacion": "2026-05-22T10:59:00.093Z", "apellidos": "QUINATOA ULCUANGO", "nombres": "TEODORO", "clave_catastral": "1702520540022", "telefono_celular": "0959169197", "hijos_hombres": 1, "hijos_mujeres": 5, "sector": "Guang-Porotog", "tenencia_predio": "Escritura", "nivel_instruccion": "Alfabetizado", "area_total": 23501.53, "org_riego": "GUANGUILQUI POROTOG", "sector_comunidad": "LA LIBERTAD CRUZ LOMA", "canal": "POROTOG", "area_riego": 23501.53, "area_sin_riego": 0.0, "frecuencia_riego": "Semanal", "metodo_aspersion_pct": 100, "dias_riego": 1, "horas_turno": 12, "valor_tarifa": 35.0, "tipo_tarifa": "fijo anual", "agua_consumo": 1, "energia_electrica": 1, "material_construccion": "BLOQUE", "cota_msnm": 3385.0, "conoce_presa": "Sí", "como_elige_dir": "Asamblea general", "nom_presidente": "CESAR QUISHPE", "operador_sector": "CLEMENTE QUINATOA ", "anios_sistema": 20, "km_canal": 73.0, "recibio_capacitacion": "Sí", "le_gustaria_cap": "Sí", "temas_capacitacion": "SOBRE EL SISTEMA DE RIEGO", "cedula": "1705306874", "caudal_valor": 31.5, "coord_x_utm": 817940.36, "coord_y_utm": 9992208.19, "soberania_aliment_pct": 50, "act_productivas_pct": 50, "actividad_productiva": "Particular", "observaciones": "La señora Susana Quinatoa hija del propietario tambien utiliza el terreno para cultivo...\n17025210220114 en este predio  de 2992m el señor es regante de este lote\n"}, "geometry": {"type": "Point", "coordinates": [-78.14394, -0.070407]}}, {"type": "Feature", "properties": {"id": "{fff6ac03-5609-4c94-943f-2d2f52278022}", "cod_poligono": "1702520540027", "num_predio": 1, "codigo_final": "S-C-P001_9", "propietario": "ULCUANGO IMBAQUINGO VASILIA", "parroquia": "CANGAHUA", "caudal_tipo": "Recibe la Comunidad", "tiene_reservorio": "Comunitario", "creado_por": "u0_a362", "fecha_creacion": "2026-05-22T11:13:15.280Z", "apellidos": "ULCUANGO IMBAQUINGO", "nombres": "VASILIA", "clave_catastral": "1702520540027", "sector": "Guang-Porotog", "area_total": 20893.37, "org_riego": "GUANGUILQUI POROTOG", "sector_comunidad": "LA LIBERTAD CRUZ LOMA", "canal": "POROTOG", "area_riego": 20893.37, "area_sin_riego": 0.0, "frecuencia_riego": "Semanal", "metodo_aspersion_pct": 100, "dias_riego": 1, "horas_turno": 12, "valor_tarifa": 35.0, "tipo_tarifa": "fijo anual", "cota_msnm": 3375.0, "conoce_presa": "Sí", "como_elige_dir": "Asamblea general", "nom_presidente": "CESAR QUISHPE", "operador_sector": "CLEMENTE QUINATOA ", "anios_sistema": 20, "km_canal": 73.0, "recibio_capacitacion": "Sí", "le_gustaria_cap": "Sí", "temas_capacitacion": "SOBRE EL SISTEMA DE RIEGO", "cedula": "1704001260", "caudal_valor": 31.5, "coord_x_utm": 817898.1, "coord_y_utm": 9992352.53, "soberania_aliment_pct": 50, "act_productivas_pct": 50, "actividad_productiva": "Particular"}, "geometry": {"type": "Point", "coordinates": [-78.144319, -0.069103]}}, {"type": "Feature", "properties": {"id": "{c6624888-7371-4117-873e-2c0348112c7d}", "cod_poligono": "1702521100024", "num_predio": 1, "codigo_final": "S-C-P001_10", "propietario": "QUINATOA ULCUANGO TEODORO", "parroquia": "CANGAHUA", "caudal_tipo": "Recibe la Comunidad", "tiene_reservorio": "No", "creado_por": "u0_a362", "fecha_creacion": "2026-05-22T11:25:48.544Z", "apellidos": "QUINATOA ULCUANGO", "nombres": "TEODORO", "clave_catastral": "1702521100024", "telefono_celular": "0959169197", "hijos_hombres": 1, "hijos_mujeres": 5, "sector": "Guang-Porotog", "tenencia_predio": "Escritura", "nivel_instruccion": "Alfabetizado", "area_total": 10964.84, "org_riego": "GUANGUILQUI POROTOG", "sector_comunidad": "LA LIBERTAD TOTORAS", "canal": "POROTOG", "area_riego": 10964.84, "area_sin_riego": 0.0, "frecuencia_riego": "Semanal", "metodo_gravedad_pct": 100, "dias_riego": 1, "horas_turno": 12, "valor_tarifa": 5.0, "tipo_tarifa": "fijo anual", "cota_msnm": 3595.0, "conoce_presa": "Sí", "como_elige_dir": "Asamblea general", "nom_presidente": "CESAR QUISHPE", "operador_sector": "CLEMENTE QUINATOA ", "anios_sistema": 20, "km_canal": 73.0, "recibio_capacitacion": "Sí", "le_gustaria_cap": "Sí", "temas_capacitacion": "SOBRE EL SISTEMA DE RIEGO", "cedula": "1705306874", "caudal_valor": 31.5, "coord_x_utm": 818122.11, "coord_y_utm": 9988296.47, "soberania_aliment_pct": 50, "act_productivas_pct": 50, "actividad_productiva": "Particular"}, "geometry": {"type": "Point", "coordinates": [-78.142306, -0.105753]}}, {"type": "Feature", "properties": {"id": "{4f527c13-8cd2-47b0-9a8e-bfae444d3de9}", "cod_poligono": "1702521100024", "num_predio": 2, "propietario": "QUINATOA ULCUANGO TEODORO", "parroquia": "CANGAHUA", "caudal_tipo": "Recibe la Comunidad", "tiene_reservorio": "No", "foto_predio": "DCIM/fichas-predios_20260522113218464.jpg", "creado_por": "u0_a362", "fecha_creacion": "2026-05-22T11:29:02.738Z", "apellidos": "QUINATOA ULCUANGO", "nombres": "TEODORO", "clave_catastral": "1702521100024", "telefono_celular": "0959169197", "hijos_hombres": 1, "hijos_mujeres": 5, "sector": "Guang-Porotog", "tenencia_predio": "Escritura", "nivel_instruccion": "Alfabetizado", "area_total": 10964.84, "org_riego": "GUANGUILQUI POROTOG", "sector_comunidad": "LA LIBERTAD TOTORAS", "canal": "POROTOG", "area_riego": 10964.84, "area_sin_riego": 0.0, "frecuencia_riego": "Semanal", "metodo_gravedad_pct": 100, "dias_riego": 1, "horas_turno": 12, "valor_tarifa": 5.0, "tipo_tarifa": "fijo anual", "cota_msnm": 3595.0, "conoce_presa": "Sí", "como_elige_dir": "Asamblea general", "nom_presidente": "CESAR QUISHPE", "operador_sector": "ASENCIO MALDONADO", "anios_sistema": 20, "km_canal": 73.0, "recibio_capacitacion": "Sí", "le_gustaria_cap": "Sí", "temas_capacitacion": "SOBRE EL SISTEMA DE RIEGO", "cedula": "1705306874", "caudal_valor": 31.5, "coord_x_utm": 818121.45, "coord_y_utm": 9988297.8, "act_productivas_pct": 100, "actividad_productiva": "Particular"}, "geometry": {"type": "Point", "coordinates": [-78.142312, -0.105741]}}, {"type": "Feature", "properties": {"id": "{8bf2c3c6-aafa-4a6a-8ed6-26455fe9f8d6}", "cod_poligono": "1702520540015", "num_predio": 1, "propietario": "SALAZAR PILCA DIEGO", "parroquia": "CANGAHUA", "caudal_tipo": "Recibe la Comunidad", "tiene_reservorio": "Comunitario", "foto_predio": "DCIM/fichas-predios_20260522114015009.jpg", "creado_por": "u0_a362", "fecha_creacion": "2026-05-22T11:35:32.062Z", "apellidos": "SALAZAR PILCA", "nombres": "DIEGO", "clave_catastral": "1702520540015", "telefono_celular": "0985822625", "hijos_hombres": 2, "hijos_mujeres": 2, "sector": "Guang-Porotog", "tenencia_predio": "Escritura", "nivel_instruccion": "Alfabetizado", "area_total": 25986.76, "org_riego": "GUANGUILQUI POROTOG", "sector_comunidad": "LA LIBERTAD CRUZ LOMA", "canal": "POROTOG", "area_riego": 25986.76, "area_sin_riego": 0.0, "frecuencia_riego": "Semanal", "metodo_aspersion_pct": 100, "dias_riego": 1, "horas_turno": 12, "valor_tarifa": 2.5, "tipo_tarifa": "fijo mensual", "cota_msnm": 3350.0, "conoce_presa": "Sí", "como_elige_dir": "Asamblea general", "nom_presidente": "CESAR QUISHPE", "operador_sector": "ASENCIO MALDONADO", "anios_sistema": 20, "km_canal": 73.0, "recibio_capacitacion": "Sí", "le_gustaria_cap": "Sí", "temas_capacitacion": "SOBRE EL SISTEMA DE RIEGO", "cedula": "1715694202", "caudal_valor": 31.5, "coord_x_utm": 817930.0, "coord_y_utm": 9992872.74, "act_productivas_pct": 100, "actividad_productiva": "Particular"}, "geometry": {"type": "Point", "coordinates": [-78.144033, -0.064402]}}, {"type": "Feature", "properties": {"id": "{a0820e22-120d-464b-86a2-3b77dd7e86ea}", "cod_poligono": "1702520530015", "num_predio": 1, "propietario": "UMAQUINGA TONTAC MARIA VICENTA", "parroquia": "CANGAHUA", "caudal_tipo": "Recibe la Comunidad", "tiene_reservorio": "Comunitario", "foto_predio": "DCIM/fichas-predios_20260522114604964.jpg", "creado_por": "u0_a362", "fecha_creacion": "2026-05-22T11:41:27.721Z", "apellidos": "UMAQUINGA TONTAC", "nombres": "MARIA VICENTA", "clave_catastral": "1702520530015", "telefono_celular": "0985822625", "hijos_hombres": 2, "hijos_mujeres": 2, "sector": "Guang-Porotog", "tenencia_predio": "Escritura", "nivel_instruccion": "Primaria", "area_total": 6425.82, "org_riego": "GUANGUILQUI POROTOG", "sector_comunidad": "LA LIBERTAD SAN PEDRO", "canal": "POROTOG", "area_riego": 6425.82, "area_sin_riego": 0.0, "frecuencia_riego": "Semanal", "metodo_aspersion_pct": 100, "dias_riego": 1, "horas_turno": 12, "valor_tarifa": 2.5, "tipo_tarifa": "fijo mensual", "agua_consumo": 1, "energia_electrica": 1, "material_construccion": "Otros", "cota_msnm": 3330.0, "conoce_presa": "Sí", "como_elige_dir": "Asamblea general", "nom_presidente": "CESAR QUISHPE", "operador_sector": "ASENCIO MALDONADO", "anios_sistema": 20, "km_canal": 73.0, "recibio_capacitacion": "Sí", "le_gustaria_cap": "Sí", "temas_capacitacion": "SOBRE EL SISTEMA DE RIEGO", "cedula": "1713644837", "caudal_valor": 31.5, "coord_x_utm": 817051.25, "coord_y_utm": 9992892.33, "act_productivas_pct": 100, "actividad_productiva": "Particular", "material_constr_otro": "ADOBE "}, "geometry": {"type": "Point", "coordinates": [-78.15192, -0.064225]}}, {"type": "Feature", "properties": {"id": "{8395f019-602b-416c-86f5-3de801709c3f}", "cod_poligono": "1702520690026", "num_predio": 1, "propietario": "SALAZAR GARCIA MANUEL", "parroquia": "CANGAHUA", "caudal_tipo": "Recibe la Comunidad", "tiene_reservorio": "Comunitario", "foto_predio": "DCIM/fichas-predios_20260522120926333.jpg", "creado_por": "u0_a362", "fecha_creacion": "2026-05-22T12:03:42.570Z", "apellidos": "SALAZAR GARCIA", "nombres": "MANUEL", "clave_catastral": "1702520690026", "telefono_celular": "0917764016", "hijos_hombres": 2, "hijos_mujeres": 2, "sector": "Guang-Porotog", "tenencia_predio": "Escritura", "nivel_instruccion": "Primaria", "area_total": 1813.59, "org_riego": "GUANGUILQUI POROTOG", "sector_comunidad": "LA LIBERTAD MULA PORTERO ", "canal": "POROTOG", "area_riego": 1813.59, "area_sin_riego": 0.0, "frecuencia_riego": "Semanal", "metodo_gravedad_pct": 100, "dias_riego": 1, "horas_turno": 12, "valor_tarifa": 2.5, "tipo_tarifa": "fijo mensual", "agua_consumo": 1, "energia_electrica": 1, "material_construccion": "HORMIGÓN ARMADO", "cota_msnm": 3440.0, "conoce_presa": "Sí", "como_elige_dir": "Asamblea general", "nom_presidente": "CESAR QUISHPE", "operador_sector": "CLEMENTE QUINATOA", "anios_sistema": 20, "km_canal": 73.0, "recibio_capacitacion": "Sí", "le_gustaria_cap": "Sí", "temas_capacitacion": "SOBRE EL SISTEMA DE RIEGO", "cedula": "1710366277", "caudal_valor": 31.5, "coord_x_utm": 818737.84, "coord_y_utm": 9991020.84, "soberania_aliment_pct": 50, "act_productivas_pct": 50, "actividad_productiva": "Particular"}, "geometry": {"type": "Point", "coordinates": [-78.136781, -0.081135]}}, {"type": "Feature", "properties": {"id": "{1723c788-8aba-47a1-b975-f7cabce81a65}", "cod_poligono": "1702520530027", "num_predio": 2, "propietario": "UMAQUINGA TONTAG JOSE CARLOS", "parroquia": "CANGAHUA", "caudal_tipo": "Recibe la Comunidad", "tiene_reservorio": "Comunitario", "foto_predio": "DCIM/fichas-predios_20260522122030464.jpg", "creado_por": "u0_a362", "fecha_creacion": "2026-05-22T12:12:34.078Z", "apellidos": "UMAQUINGA TONTAG", "nombres": "JOSE CARLOS", "clave_catastral": "1702520530027", "telefono_celular": "0979627637", "hijos_hombres": 4, "hijos_mujeres": 5, "sector": "Guang-Porotog", "tenencia_predio": "Escritura", "nivel_instruccion": "Primaria", "area_total": 17602.1, "org_riego": "GUANGUILQUI POROTOG", "sector_comunidad": "LA LIBERTAD SAN PEDRO", "canal": "POROTOG", "area_riego": 17602.1, "area_sin_riego": 0.0, "frecuencia_riego": "Semanal", "metodo_aspersion_pct": 100, "dias_riego": 1, "horas_turno": 12, "valor_tarifa": 30.0, "tipo_tarifa": "fijo anual", "agua_consumo": 1, "material_construccion": "Otros", "cota_msnm": 3390.0, "conoce_presa": "Sí", "como_elige_dir": "Asamblea general", "nom_presidente": "CESAR QUISHPE", "operador_sector": "CLEMENTE QUINATOA", "anios_sistema": 20, "km_canal": 73.0, "recibio_capacitacion": "Sí", "le_gustaria_cap": "Sí", "temas_capacitacion": "SOBRE EL SISTEMA DE RIEGO", "cedula": "1707451777", "caudal_valor": 31.5, "coord_x_utm": 817348.86, "coord_y_utm": 9992167.4, "soberania_aliment_pct": 50, "act_productivas_pct": 50, "actividad_productiva": "Particular", "observaciones": "El señor tambien tiene mas propiedades \n1702521410026 Cóndor Loma \n1702520530028 LIBERTAD San pedro \n1702520690027 Mula Portero\n1702520690030 Mula Portero\n\n", "material_constr_otro": "ADOBE "}, "geometry": {"type": "Point", "coordinates": [-78.149249, -0.070776]}}, {"type": "Feature", "properties": {"id": "{bba2b026-64a6-4d3e-9374-057004b423db}", "cod_poligono": "1702521020004", "num_predio": 1, "propietario": "MALDONADO LINCANGO SEGUNDO VIRGILIO", "parroquia": "CANGAHUA", "caudal_tipo": "Recibe la Comunidad", "tiene_reservorio": "Comunitario", "foto_predio": "DCIM/fichas-predios_20260522125255649.jpg", "creado_por": "u0_a362", "fecha_creacion": "2026-05-22T12:47:32.520Z", "apellidos": "MALDONADO LINCANGO", "nombres": "SEGUNDO VIRGILIO", "clave_catastral": "1702521020004", "telefono_celular": "0989762856", "hijos_hombres": 1, "hijos_mujeres": 2, "sector": "Guang-Porotog", "tenencia_predio": "Escritura", "nivel_instruccion": "Primaria", "area_total": 3875.63, "org_riego": "GUANGUILQUI POROTOG", "sector_comunidad": "LA LIBERTAD ", "canal": "POROTOG", "area_riego": 3875.63, "area_sin_riego": 0.0, "frecuencia_riego": "Semanal", "metodo_gravedad_pct": 100, "dias_riego": 1, "horas_turno": 12, "valor_tarifa": 5.0, "tipo_tarifa": "fijo anual", "agua_consumo": 1, "energia_electrica": 1, "material_construccion": "BLOQUE", "cota_msnm": 3450.0, "conoce_presa": "Sí", "como_elige_dir": "Asamblea general", "nom_presidente": "CESAR QUISHPE", "operador_sector": "CLEMENTE QUINATOA", "anios_sistema": 20, "km_canal": 73.0, "recibio_capacitacion": "Sí", "le_gustaria_cap": "Sí", "temas_capacitacion": "SOBRE EL SISTEMA DE RIEGO", "cedula": "1717271892", "caudal_valor": 31.5, "coord_x_utm": 818735.42, "coord_y_utm": 9990646.5, "soberania_aliment_pct": 50, "act_productivas_pct": 50, "actividad_productiva": "Particular", "observaciones": "El señor también tiene un terreno de una hectárea  \n1002521020007"}, "geometry": {"type": "Point", "coordinates": [-78.136803, -0.084518]}}, {"type": "Feature", "properties": {"id": "{258b9e12-1677-4e3e-8e14-8a18b8ba4205}", "cod_poligono": "1702520530064", "num_predio": 1, "propietario": "QUINATOA UMAQUINGA ROSA CARMEN", "parroquia": "CANGAHUA", "caudal_tipo": "Recibe la Comunidad", "tiene_reservorio": "Comunitario", "foto_predio": "DCIM/fichas-predios_20260522131746999.jpg", "creado_por": "u0_a362", "fecha_creacion": "2026-05-22T13:10:52.827Z", "apellidos": "QUINATOA UMAQUINGA", "nombres": "ROSA CARMEN", "clave_catastral": "1702520530064", "telefono_celular": "0984438636", "hijos_hombres": 5, "hijos_mujeres": 2, "sector": "Guang-Porotog", "tenencia_predio": "Escritura", "nivel_instruccion": "Alfabetizado", "area_total": 2857.52, "org_riego": "GUANGUILQUI POROTOG", "sector_comunidad": "LA LIBERTAD ", "canal": "POROTOG SAN PEDRO", "area_riego": 2857.52, "area_sin_riego": 0.0, "frecuencia_riego": "Semanal", "metodo_gravedad_pct": 50, "metodo_aspersion_pct": 50, "dias_riego": 1, "horas_turno": 12, "valor_tarifa": 10.0, "tipo_tarifa": "fijo anual", "agua_consumo": 1, "material_construccion": "BLOQUE", "cota_msnm": 3395.0, "conoce_presa": "Sí", "como_elige_dir": "Asamblea general", "nom_presidente": "CESAR QUISHPE", "operador_sector": "CLEMENTE QUINATOA", "anios_sistema": 20, "km_canal": 73.0, "recibio_capacitacion": "Sí", "le_gustaria_cap": "Sí", "temas_capacitacion": "SOBRE EL SISTEMA DE RIEGO", "cedula": "1707887293", "caudal_valor": 31.5, "coord_x_utm": 817772.07, "coord_y_utm": 9992039.57, "soberania_aliment_pct": 50, "act_productivas_pct": 50, "actividad_productiva": "Particular"}, "geometry": {"type": "Point", "coordinates": [-78.14545, -0.071931]}}, {"type": "Feature", "properties": {"id": "{c234ba0f-a6fc-4cbc-9adc-7c8a5d9ac7ab}", "cod_poligono": "1702520530064", "num_predio": 2, "propietario": "QUINATOA UMAQUINGA ROSA CARMEN", "parroquia": "CANGAHUA", "caudal_tipo": "Recibe la Comunidad", "tiene_reservorio": "Comunitario", "foto_predio": "DCIM/fichas-predios_20260522132445804.jpg", "creado_por": "u0_a362", "fecha_creacion": "2026-05-22T13:21:44.869Z", "apellidos": "QUINATOA UMAQUINGA", "nombres": "ROSA CARMEN", "clave_catastral": "1702520530064", "telefono_celular": "0984438636", "hijos_mujeres": 1, "sector": "Guang-Porotog", "tenencia_predio": "Sin Escritura", "nivel_instruccion": "Secundaria", "area_total": 2857.52, "org_riego": "GUANGUILQUI POROTOG", "sector_comunidad": "LA LIBERTAD SAN PEDRO", "canal": "POROTOG SAN PEDRO", "area_riego": 2857.52, "area_sin_riego": 0.0, "frecuencia_riego": "Semanal", "metodo_gravedad_pct": 50, "metodo_aspersion_pct": 50, "dias_riego": 1, "horas_turno": 12, "valor_tarifa": 10.0, "tipo_tarifa": "fijo anual", "cota_msnm": 3395.0, "conoce_presa": "Sí", "como_elige_dir": "Asamblea general", "nom_presidente": "CESAR QUISHPE", "operador_sector": "CLEMENTE QUINATOA", "anios_sistema": 20, "km_canal": 73.0, "recibio_capacitacion": "Sí", "le_gustaria_cap": "Sí", "temas_capacitacion": "SOBRE EL SISTEMA DE RIEGO", "cedula": "1002967592", "caudal_valor": 31.5, "coord_x_utm": 817761.19, "coord_y_utm": 9992048.34, "soberania_aliment_pct": 50, "act_productivas_pct": 50, "actividad_productiva": "Particular", "observaciones": "El señor es hijo \nY es comunero "}, "geometry": {"type": "Point", "coordinates": [-78.145548, -0.071851]}}, {"type": "Feature", "properties": {"id": "{2e0223ae-dcfb-4d4b-89f8-6612cc116126}", "num_predio": 1, "parroquia": "CANGAHUA", "caudal_tipo": "Recibe la Comunidad", "tiene_reservorio": "Comunitario", "foto_predio": "DCIM/fichas-predios_20260522140225293.jpg", "creado_por": "u0_a362", "fecha_creacion": "2026-05-22T13:55:02.786Z", "apellidos": "ULCUANGO IMBAGO", "nombres": "MELCHOR", "clave_catastral": "170252190010", "telefono_celular": "0959885574", "hijos_hombres": 5, "hijos_mujeres": 5, "sector": "Guang-Porotog", "tenencia_predio": "Escritura", "nivel_instruccion": "Primaria", "area_total": 22000.0, "org_riego": "GUANGUILQUI POROTOG", "sector_comunidad": "LA LIBERTAD SAN PEDRO", "canal": "GUANGUILQUI POROT", "area_riego": 22000.0, "area_sin_riego": 0.0, "frecuencia_riego": "Semanal", "metodo_aspersion_pct": 100, "dias_riego": 1, "horas_turno": 8, "valor_tarifa": 2.5, "tipo_tarifa": "fijo mensual", "agua_consumo": 1, "energia_electrica": 1, "material_construccion": "BLOQUE", "cota_msnm": 3185.0, "conoce_presa": "Sí", "como_elige_dir": "Asamblea general", "nom_presidente": "CESAR QUISHPE", "operador_sector": "CLEMENTE QUINATOA", "anios_sistema": 20, "km_canal": 73.0, "recibio_capacitacion": "Sí", "le_gustaria_cap": "Sí", "temas_capacitacion": "SOBRE EL SISTEMA DE RIEGO", "cedula": "1707837538", "caudal_valor": 31.5, "coord_x_utm": 815280.42, "coord_y_utm": 9993085.96, "soberania_aliment_pct": 50, "act_productivas_pct": 50, "actividad_productiva": "Particular"}, "geometry": {"type": "Point", "coordinates": [-78.167815, -0.062477]}}, {"type": "Feature", "properties": {"id": "{7d5ccf9c-fd3f-47d0-a68e-f7b2e4d091c0}", "cod_poligono": "1702521010096", "num_predio": 1, "propietario": "LANCHIMBA ULCUANGO MARIA MERCEDES", "parroquia": "CANGAHUA", "caudal_tipo": "Recibe la Comunidad", "tiene_reservorio": "Comunitario", "foto_predio": "DCIM/fichas-predios_20260522143842742.jpg", "creado_por": "u0_a362", "fecha_creacion": "2026-05-22T14:34:40Z", "apellidos": "LANCHIMBA ULCUANGO", "nombres": "MARIA MERCEDES", "clave_catastral": "1702521010096", "telefono_celular": "0991263461", "hijos_hombres": 1, "hijos_mujeres": 3, "sector": "Guang-Porotog", "tenencia_predio": "Escritura", "nivel_instruccion": "Primaria", "area_total": 7004.53, "org_riego": "GUANGUILQUI POROTOG", "sector_comunidad": "SAN ANTONIO ÑAVIPOGYO", "canal": "GUANGUILQUI POROT", "area_riego": 7004.53, "area_sin_riego": 0.0, "frecuencia_riego": "Quincenal", "metodo_gravedad_pct": 100, "dias_riego": 1, "horas_turno": 8, "valor_tarifa": 10.0, "tipo_tarifa": "fijo anual", "agua_consumo": 1, "energia_electrica": 1, "material_construccion": "HORMIGÓN ARMADO", "cota_msnm": 3485.0, "conoce_presa": "Sí", "como_elige_dir": "Asamblea general", "nom_presidente": "CESAR QUISHPE", "operador_sector": "CARLOS SALAZAR ", "anios_sistema": 20, "km_canal": 73.0, "recibio_capacitacion": "Sí", "le_gustaria_cap": "Sí", "temas_capacitacion": "SOBRE EL SISTEMA DE RIEGO", "cedula": "1714139902", "caudal_valor": 31.5, "coord_x_utm": 818811.23, "coord_y_utm": 9989768.45, "soberania_aliment_pct": 50, "act_productivas_pct": 50, "actividad_productiva": "Particular"}, "geometry": {"type": "Point", "coordinates": [-78.136122, -0.092452]}}, {"type": "Feature", "properties": {"id": "{85b98131-8f81-4b6b-bf20-635be2ccc618}", "cod_poligono": "1702520530016", "num_predio": 2, "propietario": "IMBAQUINGO CHOLANGO JOSE PEDRO", "parroquia": "CANGAHUA", "caudal_tipo": "Recibe la Comunidad", "tiene_reservorio": "Comunitario", "foto_predio": "DCIM/fichas-predios_20260522155523812.jpg", "creado_por": "u0_a362", "fecha_creacion": "2026-05-22T15:46:18.691Z", "apellidos": "IMBAQUINGO CHOLANGO", "nombres": "JOSE PEDRO", "clave_catastral": "1702520530016", "telefono_celular": "0967305059", "hijos_hombres": 1, "hijos_mujeres": 5, "tenencia_predio": "Escritura", "nivel_instruccion": "Primaria", "area_total": 32056.01, "org_riego": "GUANGUILQUI POROTOG", "sector_comunidad": "SAN PEDRO LA LIBERTAD ", "canal": "GUANGUILQUI POROTOG", "area_riego": 32056.01, "area_sin_riego": 0.0, "metodo_aspersion_pct": 100, "dias_riego": 1, "horas_turno": 12, "valor_tarifa": 2.5, "tipo_tarifa": "fijo mensual", "agua_consumo": 1, "energia_electrica": 1, "material_construccion": "BLOQUE", "cota_msnm": 3355.0, "conoce_presa": "Sí", "como_elige_dir": "Asamblea general", "nom_presidente": "CESAR QUISHPE", "operador_sector": "CLEMENTE QUINATOA ", "anios_sistema": 12, "km_canal": 7.0, "recibio_capacitacion": "Sí", "le_gustaria_cap": "Sí", "temas_capacitacion": "MANEJO DEL SISTEMA ", "cedula": "1711279305", "caudal_valor": 31.5, "coord_x_utm": 817161.97, "coord_y_utm": 9992742.92, "soberania_aliment_pct": 50, "act_productivas_pct": 50, "actividad_productiva": "Particular"}, "geometry": {"type": "Point", "coordinates": [-78.150926, -0.065575]}}, {"type": "Feature", "properties": {"id": "{dcf54571-eb66-40ca-bf00-645801875ace}", "cod_poligono": "1702520530016", "num_predio": 3, "propietario": "IMBAQUINGO CHOLANGO JOSE PEDRO", "parroquia": "CANGAHUA", "caudal_tipo": "Recibe la Comunidad", "tiene_reservorio": "Comunitario", "foto_predio": "DCIM/fichas-predios_20260522160158544.jpg", "creado_por": "u0_a362", "fecha_creacion": "2026-05-22T15:56:28.271Z", "apellidos": "IMBAQUINGO CHOLANGO", "nombres": "JOSE PEDRO", "clave_catastral": "1702520530016", "telefono_celular": "0980014165", "hijos_hombres": 2, "hijos_mujeres": 3, "sector": "Guang-Porotog", "tenencia_predio": "Sin Escritura", "nivel_instruccion": "Secundaria", "area_total": 32056.01, "org_riego": "GUANGUILQUI POROTOG", "sector_comunidad": "SAN PEDRO LA LIBERTAD ", "canal": "GUANGUILQUI POROTOG", "area_riego": 32056.01, "area_sin_riego": 0.0, "frecuencia_riego": "Semanal", "metodo_aspersion_pct": 100, "dias_riego": 1, "horas_turno": 12, "valor_tarifa": 2.5, "tipo_tarifa": "fijo mensual", "cota_msnm": 3355.0, "conoce_presa": "Sí", "como_elige_dir": "Asamblea general", "nom_presidente": "CESAR QUISHPE", "operador_sector": "CLEMENTE QUINATOA ", "anios_sistema": 12, "km_canal": 7.0, "recibio_capacitacion": "Sí", "le_gustaria_cap": "Sí", "temas_capacitacion": "MANEJO DEL SISTEMA ", "cedula": "1723254064", "caudal_valor": 31.5, "coord_x_utm": 817201.9, "coord_y_utm": 9992768.01, "soberania_aliment_pct": 50, "act_productivas_pct": 50, "actividad_productiva": "Particular", "observaciones": "El señor no tiene escritura \nPero si es comunero "}, "geometry": {"type": "Point", "coordinates": [-78.150568, -0.065349]}}, {"type": "Feature", "properties": {"id": "{d28c0fe0-ecff-4212-9bab-48a04f9d01c3}", "cod_poligono": "1702520540080", "num_predio": 1, "propietario": "REA CAIZA WASHINGTON LENIN", "parroquia": "CANGAHUA", "caudal_tipo": "Recibe la Comunidad", "tiene_reservorio": "Comunitario", "foto_predio": "DCIM/fichas-predios_20260522161251583.jpg", "creado_por": "u0_a362", "fecha_creacion": "2026-05-22T16:10:24.933Z", "apellidos": "REA CAIZA", "nombres": "WASHINGTON LENIN", "clave_catastral": "1702520540080", "hijos_hombres": 3, "hijos_mujeres": 1, "sector": "Guang-Porotog", "tenencia_predio": "Escritura", "nivel_instruccion": "Primaria", "area_total": 3000.69, "org_riego": "GUANGUILQUI POROTOG", "sector_comunidad": " LA LIBERTAD CRUZ LOMA", "canal": "GUANGUILQUI POROTOG", "area_riego": 3000.69, "area_sin_riego": 0.0, "frecuencia_riego": "Semanal", "metodo_gravedad_pct": 100, "dias_riego": 1, "horas_turno": 12, "valor_tarifa": 2.5, "tipo_tarifa": "fijo mensual", "cota_msnm": 3385.0, "conoce_presa": "Sí", "como_elige_dir": "Asamblea general", "nom_presidente": "CESAR QUISHPE", "operador_sector": "CLEMENTE QUINATOA ", "anios_sistema": 12, "km_canal": 7.0, "recibio_capacitacion": "Sí", "le_gustaria_cap": "Sí", "temas_capacitacion": "MANEJO DEL SISTEMA ", "cedula": "1720139276", "caudal_valor": 31.5, "coord_x_utm": 817950.96, "coord_y_utm": 9992291.91, "act_productivas_pct": 100, "actividad_productiva": "Particular", "observaciones": "1702521100141\nSuperficie de 170074\nSolo pasto\n"}, "geometry": {"type": "Point", "coordinates": [-78.143844, -0.06965]}}, {"type": "Feature", "properties": {"id": "{b3049f2c-792a-4a40-94af-62161004d753}", "cod_poligono": "1702521100141", "num_predio": 2, "codigo_final": "S-C-P002_6", "propietario": "REA CAIZA WASHINGTON LENIN", "parroquia": "CANGAHUA", "caudal_tipo": "Recibe la Comunidad", "tiene_reservorio": "Comunitario", "creado_por": "u0_a362", "fecha_creacion": "2026-05-22T16:13:42.648Z", "apellidos": "REA CAIZA", "nombres": "WASHINGTON LENIN", "clave_catastral": "1702521100141", "sector": "Guang-Porotog", "area_total": 1774.09, "org_riego": "GUANGUILQUI POROTOG", "sector_comunidad": " LA LIBERTAD CRUZ LOMA", "canal": "GUANGUILQUI POROTOG", "area_riego": 1774.09, "area_sin_riego": 0.0, "frecuencia_riego": "Semanal", "dias_riego": 1, "horas_turno": 12, "valor_tarifa": 2.5, "tipo_tarifa": "fijo mensual", "cota_msnm": 3575.0, "conoce_presa": "Sí", "como_elige_dir": "Asamblea general", "nom_presidente": "CESAR QUISHPE", "operador_sector": "CLEMENTE QUINATOA ", "anios_sistema": 12, "km_canal": 7.0, "recibio_capacitacion": "Sí", "le_gustaria_cap": "Sí", "temas_capacitacion": "MANEJO DEL SISTEMA ", "cedula": "1720139276", "caudal_valor": 31.5, "coord_x_utm": 817998.51, "coord_y_utm": 9988478.89, "act_productivas_pct": 100, "actividad_productiva": "Particular"}, "geometry": {"type": "Point", "coordinates": [-78.143415, -0.104105]}}, {"type": "Feature", "properties": {"id": "{1ae6b6f1-bc08-4ab4-8afb-0570cd2fefc4}", "cod_poligono": "1702521100138", "num_predio": 1, "propietario": "CAIZA TOAPANTA MARIA CELINDA", "parroquia": "CANGAHUA", "caudal_tipo": "Recibe la Comunidad", "tiene_reservorio": "Comunitario", "foto_predio": "DCIM/fichas-predios_20260522162302512.jpg", "creado_por": "u0_a362", "fecha_creacion": "2026-05-22T16:21:31.862Z", "apellidos": "CAIZA TOAPANTA", "nombres": "MARIA CELINDA", "clave_catastral": "1702521100138", "hijos_hombres": 1, "sector": "Guang-Porotog", "tenencia_predio": "Escritura", "nivel_instruccion": "Primaria", "area_total": 1774.02, "org_riego": "GUANGUILQUI POROTOG", "sector_comunidad": " LA LIBERTAD CRUZ LOMA", "canal": "GUANGUILQUI POROTOG", "area_riego": 1774.02, "area_sin_riego": 0.0, "frecuencia_riego": "Semanal", "metodo_gravedad_pct": 100, "dias_riego": 1, "horas_turno": 12, "valor_tarifa": 2.5, "tipo_tarifa": "fijo mensual", "cota_msnm": 3575.0, "conoce_presa": "Sí", "como_elige_dir": "Asamblea general", "nom_presidente": "CESAR QUISHPE", "operador_sector": "CLEMENTE QUINATOA ", "anios_sistema": 12, "km_canal": 7.0, "recibio_capacitacion": "Sí", "le_gustaria_cap": "Sí", "temas_capacitacion": "MANEJO DEL SISTEMA ", "cedula": "1714897897", "caudal_valor": 31.5, "coord_x_utm": 818054.64, "coord_y_utm": 9988457.37, "act_productivas_pct": 100, "actividad_productiva": "Particular", "observaciones": "1702520540076 área de 3000\n1702520690049 área de3000\nNo siembra solo hierba "}, "geometry": {"type": "Point", "coordinates": [-78.142911, -0.104299]}}, {"type": "Feature", "properties": {"id": "{4610142b-8083-40f0-a0eb-f106fa0cb1c4}", "cod_poligono": "1702520540019", "num_predio": 1, "propietario": "MALDONADO UMAQUINGA MARIA NARCISA", "parroquia": "CANGAHUA", "caudal_tipo": "Recibe la Comunidad", "tiene_reservorio": "Comunitario", "foto_predio": "DCIM/fichas-predios_20260522163848071.jpg", "creado_por": "u0_a362", "fecha_creacion": "2026-05-22T16:34:30.597Z", "apellidos": "MALDONADO UMAQUINGA", "nombres": "MARIA NARCISA", "clave_catastral": "1702520540019", "telefono_celular": "0993602576", "hijos_hombres": 1, "hijos_mujeres": 1, "sector": "Guang-Porotog", "tenencia_predio": "Escritura", "nivel_instruccion": "Primaria", "area_total": 4183.72, "org_riego": "GUANGUILQUI POROTOG", "sector_comunidad": " LA LIBERTAD CRUZ LOMA", "canal": "GUANGUILQUI POROTOG", "area_riego": 4183.72, "area_sin_riego": 0.0, "frecuencia_riego": "Semanal", "metodo_aspersion_pct": 100, "dias_riego": 1, "horas_turno": 12, "valor_tarifa": 5.0, "tipo_tarifa": "fijo anual", "cota_msnm": 3390.0, "conoce_presa": "Sí", "como_elige_dir": "Asamblea general", "nom_presidente": "CESAR QUISHPE", "operador_sector": "CLEMENTE QUINATOA ", "anios_sistema": 12, "km_canal": 7.0, "recibio_capacitacion": "Sí", "le_gustaria_cap": "Sí", "temas_capacitacion": "MANEJO DEL SISTEMA ", "cedula": "1721440517", "caudal_valor": 31.5, "coord_x_utm": 818196.24, "coord_y_utm": 9992299.61, "act_productivas_pct": 100, "actividad_productiva": "Particular"}, "geometry": {"type": "Point", "coordinates": [-78.141643, -0.069581]}}, {"type": "Feature", "properties": {"id": "{a4d37ec4-847a-4cac-8c4d-14e9b05b9339}", "cod_poligono": "1702521020020", "num_predio": 1, "propietario": "QUISHPE SALAZAR SEGUNDO VICTOR", "parroquia": "CANGAHUA", "caudal_tipo": "Recibe la Comunidad", "tiene_reservorio": "Comunitario", "foto_predio": "DCIM/fichas-predios_20260522165047293.jpg", "creado_por": "u0_a362", "fecha_creacion": "2026-05-22T16:42:43.663Z", "apellidos": "QUISHPE SALAZAR", "nombres": "SEGUNDO VICTOR", "clave_catastral": "1702521020020", "telefono_celular": "0959234320", "hijos_mujeres": 3, "sector": "Guang-Porotog", "tenencia_predio": "Escritura", "nivel_instruccion": "Primaria", "area_total": 3496.86, "org_riego": "GUANGUILQUI POROTOG", "sector_comunidad": " LA LIBERTAD CRUZ LOMA", "canal": "GUANGUILQUI POROTOG", "area_riego": 3496.86, "area_sin_riego": 0.0, "frecuencia_riego": "Semanal", "metodo_gravedad_pct": 100, "dias_riego": 1, "horas_turno": 12, "valor_tarifa": 5.0, "tipo_tarifa": "fijo anual", "agua_consumo": 1, "energia_electrica": 1, "material_construccion": "BLOQUE", "cota_msnm": 3450.0, "conoce_presa": "Sí", "como_elige_dir": "Asamblea general", "nom_presidente": "CESAR QUISHPE", "operador_sector": "CLEMENTE QUINATOA ", "anios_sistema": 12, "km_canal": 7.0, "recibio_capacitacion": "Sí", "le_gustaria_cap": "Sí", "temas_capacitacion": "MANEJO DEL SISTEMA ", "cedula": "1004002638", "caudal_valor": 31.5, "coord_x_utm": 818717.03, "coord_y_utm": 9990737.0, "soberania_aliment_pct": 50, "act_productivas_pct": 50, "actividad_productiva": "Particular", "observaciones": "El señor está hecho cargo en vez de la mamá "}, "geometry": {"type": "Point", "coordinates": [-78.136968, -0.0837]}}, {"type": "Feature", "properties": {"id": "{54dcd39c-9baf-4830-9975-876efb219f2a}", "cod_poligono": "1702520510008", "num_predio": 1, "propietario": "MALDONADO ULCUANGO CESAR", "parroquia": "CANGAHUA", "caudal_tipo": "Recibe la Comunidad", "tiene_reservorio": "Comunitario", "foto_predio": "DCIM/fichas-predios_20260522171049952.jpg", "creado_por": "u0_a362", "fecha_creacion": "2026-05-22T17:06:06.831Z", "apellidos": "MALDONADO ULCUANGO", "nombres": "CESAR", "clave_catastral": "1702520510008", "telefono_celular": "0981377541", "hijos_hombres": 2, "hijos_mujeres": 3, "sector": "Guang-Porotog", "tenencia_predio": "Escritura", "nivel_instruccion": "Primaria", "area_total": 24494.95, "org_riego": "GUANGUILQUI POROTOG", "sector_comunidad": " LA LIBERTAD SANTA INES", "canal": "GUANGUILQUI POROTOG", "area_riego": 24494.95, "area_sin_riego": 0.0, "frecuencia_riego": "Semanal", "metodo_aspersion_pct": 100, "dias_riego": 1, "horas_turno": 12, "valor_tarifa": 2.5, "tipo_tarifa": "fijo mensual", "agua_consumo": 1, "energia_electrica": 1, "material_construccion": "BLOQUE", "cota_msnm": 3340.0, "conoce_presa": "Sí", "como_elige_dir": "Asamblea general", "nom_presidente": "CESAR QUISHPE", "operador_sector": "CLEMENTE QUINATOA ", "anios_sistema": 12, "km_canal": 7.0, "recibio_capacitacion": "Sí", "le_gustaria_cap": "Sí", "temas_capacitacion": "MANEJO DEL SISTEMA ", "cedula": "1710423086", "caudal_valor": 31.5, "coord_x_utm": 816858.43, "coord_y_utm": 9992687.17, "soberania_aliment_pct": 50, "act_productivas_pct": 50, "actividad_productiva": "Particular", "observaciones": "Tiene mas terrenos\n1702520510122\nSuperficie 2689\n1702520510124\nSuperficie 9484\n1702521410036\nSuperficie 13669\nEn todo simbran hierba"}, "geometry": {"type": "Point", "coordinates": [-78.153651, -0.066079]}}, {"type": "Feature", "properties": {"id": "{0f7b9fd1-904a-4034-ac82-4eaeceef1221}", "cod_poligono": "1702520510008", "num_predio": 2, "propietario": "MALDONADO ULCUANGO CESAR", "parroquia": "CANGAHUA", "caudal_tipo": "Recibe la Comunidad", "tiene_reservorio": "Comunitario", "foto_predio": "DCIM/fichas-predios_20260522171722824.jpg", "creado_por": "u0_a362", "fecha_creacion": "2026-05-22T17:14:58.098Z", "apellidos": "MALDONADO ULCUANGO", "nombres": "CESAR", "clave_catastral": "1702520510008", "telefono_celular": "0992349050", "hijos_hombres": 1, "sector": "Guang-Porotog", "tenencia_predio": "Sin Escritura", "nivel_instruccion": "Primaria", "area_total": 24494.95, "org_riego": "GUANGUILQUI POROTOG", "sector_comunidad": " LA LIBERTAD SANTA INES", "canal": "GUANGUILQUI POROTOG", "area_riego": 24494.95, "area_sin_riego": 0.0, "frecuencia_riego": "Semanal", "metodo_aspersion_pct": 100, "dias_riego": 1, "horas_turno": 12, "valor_tarifa": 2.5, "tipo_tarifa": "fijo mensual", "cota_msnm": 3345.0, "conoce_presa": "Sí", "como_elige_dir": "Asamblea general", "nom_presidente": "CESAR QUISHPE", "operador_sector": "CLEMENTE QUINATOA ", "anios_sistema": 12, "km_canal": 7.0, "recibio_capacitacion": "Sí", "le_gustaria_cap": "Sí", "temas_capacitacion": "MANEJO DEL SISTEMA ", "cedula": "1723835649", "caudal_valor": 31.5, "coord_x_utm": 816896.17, "coord_y_utm": 9992648.52, "soberania_aliment_pct": 50, "act_productivas_pct": 50, "actividad_productiva": "Particular", "observaciones": "Hija del dueño \nSin escrituras "}, "geometry": {"type": "Point", "coordinates": [-78.153312, -0.066428]}}, {"type": "Feature", "properties": {"id": "{088ab39b-b1ce-4c2e-b1c0-2caf0117ff25}", "cod_poligono": "1702520510001", "num_predio": 1, "propietario": "ULCUANGO AIGAJE SEGUNDO JUAN", "parroquia": "CANGAHUA", "caudal_tipo": "Recibe la Comunidad", "tiene_reservorio": "Comunitario", "foto_predio": "DCIM/fichas-predios_20260522085115108.JPG", "creado_por": "u0_a330", "fecha_creacion": "2026-05-22T08:42:23.931Z", "apellidos": "ULCUANGO AIGAJE", "nombres": "SEGUNDO JUAN", "clave_catastral": "1702520510001", "telefono_celular": "0994566405", "hijos_hombres": 2, "hijos_mujeres": 4, "sector": "Guanguilqui", "tenencia_predio": "Escritura", "nivel_instruccion": "Alfabetizado", "area_total": 15350.78, "org_riego": "GUANGUILQUI POROTOG", "sector_comunidad": "LARCACHACA GUASIPUNGO", "canal": "GUANGUILQUI POROTOG", "area_riego": 15350.78, "area_sin_riego": 0.0, "frecuencia_riego": "Semanal", "metodo_aspersion_pct": 100, "dias_riego": 5, "horas_turno": 8, "valor_tarifa": 3.0, "tipo_tarifa": "fijo mensual", "agua_consumo": 1, "material_construccion": "BLOQUE", "cota_msnm": 3325.0, "conoce_presa": "No", "como_elige_dir": "Asamblea general", "nom_presidente": "JOAQUIN TIPAMLUISA", "operador_sector": "ROBERTO AIGAJE", "anios_sistema": 15, "recibio_capacitacion": "No", "le_gustaria_cap": "Sí", "temas_capacitacion": "SOBRE TRNAS DE RIEGO", "cedula": "1703989598", "caudal_valor": 28.6, "coord_x_utm": 816594.1, "coord_y_utm": 9992607.13, "soberania_aliment_pct": 50, "act_productivas_pct": 50}, "geometry": {"type": "Point", "coordinates": [-78.156023, -0.066803]}}, {"type": "Feature", "properties": {"id": "{4667986d-9fa0-43e3-b324-5f437dad6a88}", "cod_poligono": "1702520530044", "num_predio": 1, "propietario": "HEREDEROS DE LANCHIMBA JOSE CECILIO", "parroquia": "CANGAHUA", "caudal_tipo": "Recibe la Comunidad", "tiene_reservorio": "Comunitario", "foto_predio": "DCIM/fichas-predios_20260522094814522.JPG", "creado_por": "u0_a330", "fecha_creacion": "2026-05-22T09:40:25.257Z", "apellidos": "HEREDEROS DE LANCHIMBA", "nombres": "JOSE CECILIO", "clave_catastral": "1702520530044", "telefono_celular": "0985977494", "hijos_hombres": 2, "sector": "Guanguilqui", "tenencia_predio": "Escritura", "nivel_instruccion": "Primaria", "area_total": 21972.97, "org_riego": "GUANGUILQUI POROTOG", "sector_comunidad": "LARCACHACA GUASIPUNGO", "canal": "GUANGUILQUI POROTOG", "area_riego": 21972.97, "area_sin_riego": 0.0, "frecuencia_riego": "Semanal", "metodo_aspersion_pct": 100, "dias_riego": 5, "valor_tarifa": 3.0, "tipo_tarifa": "fijo mensual", "cota_msnm": 3365.0, "conoce_presa": "Sí", "como_elige_dir": "Asamblea general", "nom_presidente": "JUAN LINCANGO MALDONADO", "operador_sector": "CLEMENTE QUINATOA", "anios_sistema": 11, "km_canal": 7.0, "recibio_capacitacion": "Sí", "le_gustaria_cap": "Sí", "temas_capacitacion": "AGRICULTURA", "cedula": "1712626819", "caudal_valor": 28.6, "coord_x_utm": 817302.78, "coord_y_utm": 9992489.25, "act_productivas_pct": 100, "observaciones": "La señora es regante del predio"}, "geometry": {"type": "Point", "coordinates": [-78.149662, -0.067867]}}, {"type": "Feature", "properties": {"id": "{443f9a01-d7cc-41fd-b091-30a2559fd2b2}", "cod_poligono": "1702520510095", "num_predio": 1, "propietario": "GALLO AGUIRRE SARA JESSICA", "parroquia": "CANGAHUA", "caudal_tipo": "Recibe la Comunidad", "tiene_reservorio": "Privado", "foto_predio": "DCIM/fichas-predios_20260522101940088.JPG", "creado_por": "u0_a330", "fecha_creacion": "2026-05-22T10:14:52.545Z", "apellidos": "GALLO AGUIRRE", "nombres": "SARA JESSICA", "clave_catastral": "1702520510095", "telefono_celular": "0983625384", "hijos_hombres": 1, "hijos_mujeres": 1, "sector": "Guanguilqui", "tenencia_predio": "Escritura", "nivel_instruccion": "Superior", "area_total": 82147.0, "org_riego": "GUANGUILQUI POROTOG", "sector_comunidad": "LARCACHACA GUASIPUNGO", "canal": "GUANGUILQUI POROTOG", "area_riego": 82147.0, "area_sin_riego": 0.0, "frecuencia_riego": "Semanal", "metodo_goteo_pct": 100, "dias_riego": 5, "valor_tarifa": 3.0, "tipo_tarifa": "fijo mensual", "agua_consumo": 1, "material_construccion": "BLOQUE", "cota_msnm": 3265.0, "conoce_presa": "No", "como_elige_dir": "Asamblea general", "nom_presidente": "JUAN LINCANGO MALDONADO", "operador_sector": "CLEMENTE QUINATOA", "anios_sistema": 11, "km_canal": 63.0, "recibio_capacitacion": "No", "le_gustaria_cap": "Sí", "temas_capacitacion": "CAPACITACION FLORICULTURAA ", "cedula": "1003313812", "caudal_valor": 28.6, "coord_x_utm": 816010.15, "coord_y_utm": 9993132.93, "soberania_aliment_pct": 50, "act_productivas_pct": 50, "actividad_productiva": "Particular", "observaciones": "El señor es es el nuevo propietario del terreno y regante se deben actualizar datos del nuevo propietario"}, "geometry": {"type": "Point", "coordinates": [-78.161265, -0.062052]}}, {"type": "Feature", "properties": {"id": "{136e4301-56a2-4e1d-ae0f-0525d1c9339f}", "cod_poligono": "1702520510136", "num_predio": 1, "propietario": "BURGA FLORES LUIS ENRIQUE", "parroquia": "CANGAHUA", "caudal_tipo": "Recibe la Comunidad", "tiene_reservorio": "Privado", "foto_predio": "DCIM/fichas-predios_20260522102356603.JPG", "creado_por": "u0_a330", "fecha_creacion": "2026-05-22T10:21:41.516Z", "apellidos": "BURGA FLORES", "nombres": "LUIS ENRIQUE", "clave_catastral": "1702520510136", "telefono_celular": "0969536148", "hijos_hombres": 1, "sector": "Guanguilqui", "nivel_instruccion": "Superior", "area_total": 25927.49, "org_riego": "GUANGUILQUI POROTOG", "sector_comunidad": "LARCACHACA GUASIPUNGO", "canal": "GUANGUILQUI POROTOG", "area_riego": 25927.49, "area_sin_riego": 0.0, "frecuencia_riego": "Semanal", "metodo_goteo_pct": 100, "dias_riego": 1, "valor_tarifa": 3.0, "tipo_tarifa": "fijo mensual", "cota_msnm": 3280.0, "conoce_presa": "No", "como_elige_dir": "Asamblea general", "nom_presidente": "JUAN LINCANGO MALDONADO", "operador_sector": "CLEMENTE QUINATOA", "anios_sistema": 11, "km_canal": 63.0, "recibio_capacitacion": "No", "le_gustaria_cap": "Sí", "temas_capacitacion": "CAPACITACION FLORICULTURA ", "cedula": "1003197298", "caudal_valor": 28.6, "coord_x_utm": 816221.48, "coord_y_utm": 9993137.54, "act_productivas_pct": 100, "observaciones": "Actualiza datos el hermano del regante, tambien informa que posee otros 2 predios con las claves; 1702520510027,1702520510131"}, "geometry": {"type": "Point", "coordinates": [-78.159368, -0.06201]}}, {"type": "Feature", "properties": {"id": "{a8d7eb2a-c8cd-421f-9d48-3ab6218a8bb6}", "cod_poligono": "1702521410011", "num_predio": 1, "codigo_final": "S-C-P001_11", "propietario": "PILCA CHIQUIMBA MARIA CARMELA", "parroquia": "CANGAHUA", "caudal_tipo": "Recibe la Comunidad", "tiene_reservorio": "Privado", "creado_por": "u0_a330", "fecha_creacion": "2026-05-22T10:40:04.343Z", "apellidos": "PILCA CHIQUIMBA", "nombres": "MARIA CARMELA", "clave_catastral": "1702521410011", "sector": "Guanguilqui", "area_total": 10813.04, "org_riego": "GUANGUILQUI POROTOG", "sector_comunidad": "LARCACHACA GUASIPUNGO", "canal": "GUANGUILQUI POROTOG", "area_riego": 10813.04, "area_sin_riego": 0.0, "frecuencia_riego": "Semanal", "dias_riego": 1, "valor_tarifa": 3.0, "tipo_tarifa": "fijo mensual", "cota_msnm": 3515.0, "conoce_presa": "No", "como_elige_dir": "Asamblea general", "nom_presidente": "JUAN LINCANGO MALDONADO", "operador_sector": "CLEMENTE QUINATOA", "anios_sistema": 11, "km_canal": 63.0, "le_gustaria_cap": "Sí", "temas_capacitacion": "CAPACITACION FLORICULTURA ", "cedula": "1706327887", "caudal_valor": 28.6, "coord_x_utm": 818458.27, "coord_y_utm": 9989080.3, "act_productivas_pct": 100}, "geometry": {"type": "Point", "coordinates": [-78.139289, -0.09867]}}, {"type": "Feature", "properties": {"id": "{8130f6ea-8d19-4245-998e-f260a4810c35}", "cod_poligono": "1702521410011", "num_predio": 2, "propietario": "PILCA CHIQUIMBA MARIA CARMELA", "parroquia": "CANGAHUA", "caudal_tipo": "Recibe la Comunidad", "tiene_reservorio": "Comunitario", "foto_predio": "DCIM/fichas-predios_20260522104655666.JPG", "creado_por": "u0_a330", "fecha_creacion": "2026-05-22T10:41:04.412Z", "apellidos": "PILCA CHIQUIMBA", "nombres": "MARIA CARMELA", "clave_catastral": "1702521410011", "telefono_celular": "0959422971", "hijos_hombres": 2, "hijos_mujeres": 1, "sector": "Guanguilqui", "tenencia_predio": "Sin Escritura", "nivel_instruccion": "Primaria", "area_total": 10813.04, "org_riego": "GUANGUILQUI POROTOG", "sector_comunidad": "LARCACHACA GUASIPUNGO", "canal": "GUANGUILQUI POROTOG", "area_riego": 10813.04, "area_sin_riego": 0.0, "frecuencia_riego": "Mensual", "metodo_gravedad_pct": 100, "dias_riego": 1, "horas_turno": 12, "valor_tarifa": 3.0, "tipo_tarifa": "fijo mensual", "agua_consumo": 1, "energia_electrica": 1, "material_construccion": "BLOQUE", "cota_msnm": 3520.0, "conoce_presa": "Sí", "como_elige_dir": "Asamblea general", "nom_presidente": "JUAN LINCANGO MALDONADO", "operador_sector": "CLEMENTE QUINATOA", "anios_sistema": 11, "km_canal": 63.0, "recibio_capacitacion": "Sí", "le_gustaria_cap": "Sí", "temas_capacitacion": "SOBRE RIEGO", "cedula": "1724671738", "caudal_valor": 28.6, "coord_x_utm": 818501.05, "coord_y_utm": 9989075.61, "act_productivas_pct": 100, "observaciones": "Espos Actualiza datos del comunero del predio"}, "geometry": {"type": "Point", "coordinates": [-78.138905, -0.098712]}}, {"type": "Feature", "properties": {"id": "{5710110e-18e4-4163-a90e-8f3ad3553dfe}", "cod_poligono": "1702520530069", "num_predio": 1, "propietario": "ANDRANGO TUGULINAGO MARIA AURORA", "parroquia": "CANGAHUA", "caudal_tipo": "Recibe la Comunidad", "tiene_reservorio": "Comunitario", "foto_predio": "DCIM/fichas-predios_20260522105446695.JPG", "creado_por": "u0_a330", "fecha_creacion": "2026-05-22T10:48:41.730Z", "apellidos": "ANDRANGO TUGULINAGO", "nombres": "MARIA AURORA", "clave_catastral": "1702520530069", "telefono_celular": "0991762932", "hijos_mujeres": 1, "sector": "Guanguilqui", "tenencia_predio": "Escritura", "nivel_instruccion": "Secundaria", "area_total": 8166.45, "org_riego": "GUANGUILQUI POROTOG", "sector_comunidad": "LARCACHACA GUASIPUNGO", "canal": "GUANGUILQUI POROTOG", "area_riego": 8166.45, "area_sin_riego": 0.0, "frecuencia_riego": "Semanal", "metodo_aspersion_pct": 100, "dias_riego": 1, "horas_turno": 12, "valor_tarifa": 3.0, "tipo_tarifa": "fijo mensual", "agua_consumo": 0, "energia_electrica": 0, "material_construccion": "Otros", "cota_msnm": 3365.0, "conoce_presa": "Sí", "como_elige_dir": "Asamblea general", "nom_presidente": "CESAR HUMBERTO QUISHPE", "operador_sector": "CLEMENTE QUINATOA", "anios_sistema": 11, "km_canal": 63.0, "recibio_capacitacion": "Sí", "le_gustaria_cap": "Sí", "temas_capacitacion": "ANALISIS DEL SUELO", "cedula": "1719737403", "caudal_valor": 28.6, "coord_x_utm": 816960.7, "coord_y_utm": 9992363.47, "soberania_aliment_pct": 50, "act_productivas_pct": 50}, "geometry": {"type": "Point", "coordinates": [-78.152733, -0.069004]}}, {"type": "Feature", "properties": {"id": "{2ac9b548-a011-48e0-8280-a0fe06ccaff9}", "cod_poligono": "1702520690035", "num_predio": 1, "propietario": "ANDRANGO TUGULINAGO MARIA AURORA", "parroquia": "CANGAHUA", "caudal_tipo": "Recibe la Comunidad", "tiene_reservorio": "Comunitario", "foto_predio": "DCIM/fichas-predios_20260522110024917.JPG", "creado_por": "u0_a330", "fecha_creacion": "2026-05-22T10:58:21.693Z", "apellidos": "ANDRANGO TUGULINAGO", "nombres": "MARIA AURORA", "clave_catastral": "1702520690035", "telefono_celular": "0991762932", "hijos_mujeres": 1, "sector": "Guanguilqui", "tenencia_predio": "Escritura", "nivel_instruccion": "Secundaria", "area_total": 833.85, "org_riego": "GUANGUILQUI POROTOG", "sector_comunidad": "LARCACHACA GUASIPUNGO", "canal": "GUANGUILQUI POROTOG", "area_riego": 833.85, "area_sin_riego": 0.0, "frecuencia_riego": "Semanal", "metodo_gravedad_pct": 100, "dias_riego": 1, "valor_tarifa": 3.0, "tipo_tarifa": "fijo mensual", "agua_consumo": 1, "energia_electrica": 1, "material_construccion": "BLOQUE", "cota_msnm": 3435.0, "conoce_presa": "Sí", "como_elige_dir": "Asamblea general", "nom_presidente": "CESAR HUMBERTO QUISHPE", "operador_sector": "CLEMENTE QUINATOA", "anios_sistema": 11, "km_canal": 63.0, "recibio_capacitacion": "Sí", "le_gustaria_cap": "Sí", "temas_capacitacion": "ANALISIS DEL SUELO", "cedula": "1719737403", "caudal_valor": 28.6, "coord_x_utm": 818814.99, "coord_y_utm": 9991053.58, "soberania_aliment_pct": 50, "act_productivas_pct": 50}, "geometry": {"type": "Point", "coordinates": [-78.136089, -0.080839]}}, {"type": "Feature", "properties": {"id": "{c73c1e8a-457c-49c6-8866-55d82bd1f7fc}", "cod_poligono": "1702521020003", "num_predio": 1, "propietario": "MALDONADO LINCANGO SEGUNDO RENE", "parroquia": "CANGAHUA", "tiene_reservorio": "Comunitario", "foto_predio": "DCIM/fichas-predios_20260522113704762.JPG", "creado_por": "u0_a330", "fecha_creacion": "2026-05-22T11:29:11.614Z", "apellidos": "MALDONADO LINCANGO", "nombres": "SEGUNDO RENE", "clave_catastral": "1702521020003", "telefono_celular": "0999641993", "hijos_hombres": 2, "hijos_mujeres": 1, "sector": "Guanguilqui", "tenencia_predio": "Sin Escritura", "nivel_instruccion": "Primaria", "area_total": 3268.17, "org_riego": "GUANGUILQUI POROTOG", "sector_comunidad": "LA LIBERTAD", "area_riego": 3268.17, "area_sin_riego": 0.0, "frecuencia_riego": "Quincenal", "metodo_gravedad_pct": 100, "dias_riego": 1, "horas_turno": 12, "valor_tarifa": 50.0, "tipo_tarifa": "fijo anual", "agua_consumo": 1, "energia_electrica": 1, "material_construccion": "BLOQUE", "cota_msnm": 3450.0, "conoce_presa": "No", "como_elige_dir": "Asamblea general", "nom_presidente": "CESAR HUMBERTO QUISHPE", "operador_sector": "CLEMENTE QUINATOA", "recibio_capacitacion": "No", "le_gustaria_cap": "Sí", "temas_capacitacion": "SISTEMA DE RIEGO", "cedula": "1002781530", "coord_x_utm": 818725.97, "coord_y_utm": 9990693.51, "soberania_aliment_pct": 50, "act_productivas_pct": 50, "actividad_productiva": "Particular"}, "geometry": {"type": "Point", "coordinates": [-78.136887, -0.084093]}}, {"type": "Feature", "properties": {"id": "{7faabc80-85ed-444c-a660-b5eb311372d7}", "cod_poligono": "1702521020006", "num_predio": 1, "propietario": "MALDONADO LINCANGO SEGUNDO RENE", "parroquia": "CANGAHUA", "caudal_tipo": "Recibe la Comunidad", "tiene_reservorio": "Comunitario", "foto_predio": "DCIM/fichas-predios_20260522114049066.JPG", "creado_por": "u0_a330", "fecha_creacion": "2026-05-22T11:38:20.787Z", "apellidos": "MALDONADO LINCANGO", "nombres": "SEGUNDO RENE", "clave_catastral": "1702521020006", "telefono_celular": "0999641993", "hijos_hombres": 2, "hijos_mujeres": 1, "sector": "Guanguilqui", "tenencia_predio": "Sin Escritura", "nivel_instruccion": "Primaria", "area_total": 8676.67, "org_riego": "GUANGUILQUI POROTOG", "sector_comunidad": "LA LIBERTAD", "canal": "GUANGUILQUI POROTOG", "area_riego": 8676.67, "area_sin_riego": 0.0, "frecuencia_riego": "Quincenal", "metodo_gravedad_pct": 100, "dias_riego": 1, "valor_tarifa": 50.0, "tipo_tarifa": "fijo anual", "cota_msnm": 3425.0, "conoce_presa": "No", "como_elige_dir": "Asamblea general", "nom_presidente": "CESAR HUMBERTO QUISHPE", "operador_sector": "CLEMENTE QUINATOA", "anios_sistema": 11, "km_canal": 63.0, "recibio_capacitacion": "No", "le_gustaria_cap": "Sí", "temas_capacitacion": "SISTEMA DE RIEGO", "cedula": "1002781530", "caudal_valor": 28.6, "coord_x_utm": 818585.7, "coord_y_utm": 9990682.52, "act_productivas_pct": 100}, "geometry": {"type": "Point", "coordinates": [-78.138146, -0.084192]}}, {"type": "Feature", "properties": {"id": "{b9279f38-f3a1-4534-a627-b52602b2ffec}", "cod_poligono": "1702521100086", "num_predio": 2, "propietario": "HEREDEROS DE ASCANTA SALAZAR JOSE MIGUEL", "parroquia": "CANGAHUA", "caudal_tipo": "Recibe la Comunidad", "tiene_reservorio": "Comunitario", "foto_predio": "DCIM/fichas-predios_20260522120345409.JPG", "creado_por": "u0_a330", "fecha_creacion": "2026-05-22T11:57:02.333Z", "apellidos": "HEREDEROS DE ASCANTA SALAZAR", "nombres": "JOSE MIGUEL", "clave_catastral": "1702521100086", "telefono_celular": "0985682528", "hijos_hombres": 1, "sector": "Guanguilqui", "tenencia_predio": "Sin Escritura", "nivel_instruccion": "Primaria", "area_total": 2500.0, "org_riego": "GUANGUILQUI POROTOG", "sector_comunidad": "LA LIBERTAD", "canal": "GUANGUILQUI POROTOG", "area_riego": 10998.89, "area_sin_riego": -8498.89, "frecuencia_riego": "Mensual", "metodo_gravedad_pct": 100, "dias_riego": 1, "horas_turno": 24, "valor_tarifa": 3.0, "tipo_tarifa": "fijo mensual", "cota_msnm": 3560.0, "conoce_presa": "Sí", "como_elige_dir": "Asamblea general", "nom_presidente": "CESAR HUMBERTO QUISHPE", "operador_sector": "CLEMENTE QUINATOA", "anios_sistema": 11, "km_canal": 72.0, "recibio_capacitacion": "Sí", "le_gustaria_cap": "Sí", "temas_capacitacion": "SISTEMA DE RIEGO", "cedula": "1003993134", "caudal_valor": 28.6, "coord_x_utm": 818053.84, "coord_y_utm": 9988577.54, "act_productivas_pct": 100, "observaciones": "Este predio esta dividido para los 4 hermanos  Maria Mercede ascanta casco, jusn carlos ascanta casco , efrain ascanta, clave catastral del terreno ubicado Cruz Loma: 1702520540065 el area del terreno es 20.000 metros "}, "geometry": {"type": "Point", "coordinates": [-78.142919, -0.103213]}}, {"type": "Feature", "properties": {"id": "{bdbeb8ac-8140-445a-ace5-7a94ce7cb6d8}", "cod_poligono": "1702521410025", "num_predio": 1, "propietario": "MALDONADO LANCHIMBA AMBROCIO", "parroquia": "CANGAHUA", "caudal_tipo": "Recibe la Comunidad", "tiene_reservorio": "Comunitario", "foto_predio": "DCIM/fichas-predios_20260522121802870.JPG", "creado_por": "u0_a330", "fecha_creacion": "2026-05-22T12:13:47.829Z", "apellidos": "MALDONADO LANCHIMBA", "nombres": "AMBROCIO", "clave_catastral": "1702521410025", "telefono_celular": "0980701185", "hijos_hombres": 4, "hijos_mujeres": 1, "sector": "Guanguilqui", "tenencia_predio": "Escritura", "nivel_instruccion": "Ninguno", "area_total": 10576.15, "org_riego": "GUANGUILQUI POROTOG", "sector_comunidad": "LA LIBERTAD", "canal": "GUANGUILQUI POROTOG", "area_riego": 10576.15, "area_sin_riego": 0.0, "frecuencia_riego": "Mensual", "metodo_gravedad_pct": 100, "dias_riego": 1, "horas_turno": 12, "valor_tarifa": 3.0, "tipo_tarifa": "fijo mensual", "agua_consumo": 1, "energia_electrica": 1, "material_construccion": "BLOQUE", "cota_msnm": 3535.0, "conoce_presa": "Sí", "como_elige_dir": "Asamblea general", "nom_presidente": "CESAR HUMBERTO QUISHPE", "operador_sector": "CLEMENTE QUINATOA", "anios_sistema": 11, "km_canal": 72.0, "recibio_capacitacion": "Sí", "le_gustaria_cap": "Sí", "temas_capacitacion": "SISTEMA DE RIEGO", "cedula": "1707793632", "caudal_valor": 28.6, "coord_x_utm": 818566.94, "coord_y_utm": 9988982.36, "soberania_aliment_pct": 50, "act_productivas_pct": 50, "actividad_productiva": "Particular", "observaciones": "Le actualiza datos la nuera del propietario"}, "geometry": {"type": "Point", "coordinates": [-78.138314, -0.099555]}}, {"type": "Feature", "properties": {"id": "{e42a6b84-b03a-43a5-a228-9d7b40c53ff4}", "cod_poligono": "1702520530010", "num_predio": 1, "propietario": "SALAZAR AIGAJE SEGUNDO CAMILO", "parroquia": "CANGAHUA", "caudal_tipo": "Recibe la Comunidad", "tiene_reservorio": "Comunitario", "foto_predio": "DCIM/fichas-predios_20260522131111780.JPG", "creado_por": "u0_a330", "fecha_creacion": "2026-05-22T13:07:06.604Z", "apellidos": "SALAZAR AIGAJE", "nombres": "SEGUNDO CAMILO", "clave_catastral": "1702520530010", "hijos_hombres": 7, "hijos_mujeres": 4, "sector": "Guanguilqui", "tenencia_predio": "Escritura", "nivel_instruccion": "Alfabetizado", "area_total": 6935.66, "org_riego": "GUANGUILQUI POROTOG", "sector_comunidad": "LA LIBERTAD", "canal": "GUANGUILQUI POROTOG", "area_riego": 6935.66, "area_sin_riego": 0.0, "frecuencia_riego": "Semanal", "metodo_aspersion_pct": 100, "dias_riego": 1, "horas_turno": 12, "valor_tarifa": 3.0, "tipo_tarifa": "fijo mensual", "cota_msnm": 3390.0, "conoce_presa": "Sí", "como_elige_dir": "Asamblea general", "nom_presidente": "CESAR HUMBERTO QUISHPE", "operador_sector": "CLEMENTE QUINATOA", "anios_sistema": 11, "km_canal": 72.0, "recibio_capacitacion": "Sí", "le_gustaria_cap": "Sí", "temas_capacitacion": "SISTEMA DE RIEGO", "cedula": "1704701257", "caudal_valor": 28.6, "coord_x_utm": 817741.67, "coord_y_utm": 9992088.47, "act_productivas_pct": 100, "actividad_productiva": "Particular", "observaciones": "El señor es el regante de mas terrenos con la clave catastral 1702520690021,1702521110147,1702521100023,1702520540089,1702520540084"}, "geometry": {"type": "Point", "coordinates": [-78.145723, -0.071489]}}, {"type": "Feature", "properties": {"id": "{f9377eef-04aa-4b09-a0bf-4b568e7d8eee}", "cod_poligono": "1702521100026", "num_predio": 1, "propietario": "QUISHPE SALAZAR SEGUNDO VINICIO", "parroquia": "CANGAHUA", "caudal_tipo": "Recibe la Comunidad", "tiene_reservorio": "Comunitario", "foto_predio": "DCIM/fichas-predios_20260522134511832.JPG", "creado_por": "u0_a330", "fecha_creacion": "2026-05-22T13:37:54.617Z", "apellidos": "QUISHPE SALAZAR", "nombres": "SEGUNDO VINICIO", "clave_catastral": "1702521100026", "telefono_celular": "0980751395", "hijos_hombres": 2, "hijos_mujeres": 2, "sector": "Guanguilqui", "tenencia_predio": "Escritura", "nivel_instruccion": "Primaria", "area_total": 7309.59, "org_riego": "GUANGUILQUI POROTOG", "sector_comunidad": "TOTORAS", "canal": "GUANGUILQUI POROTOG", "area_riego": 7309.59, "area_sin_riego": 0.0, "frecuencia_riego": "Semanal", "metodo_gravedad_pct": 100, "dias_riego": 1, "valor_tarifa": 3.0, "tipo_tarifa": "fijo mensual", "agua_consumo": 1, "material_construccion": "BLOQUE", "cota_msnm": 3595.0, "conoce_presa": "No", "como_elige_dir": "Asamblea general", "nom_presidente": "CESAR HUMBERTO QUISHPE", "operador_sector": "CLEMENTE QUINATOA", "anios_sistema": 11, "km_canal": 72.0, "recibio_capacitacion": "No", "le_gustaria_cap": "Sí", "temas_capacitacion": "CAPACITACION SOBRE SUELO", "cedula": "1722917083", "caudal_valor": 28.6, "coord_x_utm": 817982.69, "coord_y_utm": 9988321.81, "soberania_aliment_pct": 50, "act_productivas_pct": 50, "observaciones": "Actualiza la ficha la esposa del propietario "}, "geometry": {"type": "Point", "coordinates": [-78.143557, -0.105524]}}, {"type": "Feature", "properties": {"id": "{ba947638-f5f7-4a22-8a73-2b3c32116eff}", "cod_poligono": "1702521070039", "num_predio": 1, "propietario": "LANCHIMBA TANDAYAMO JOSE MARIA", "parroquia": "CANGAHUA", "tiene_reservorio": "Comunitario", "foto_predio": "DCIM/fichas-predios_20260522143652423.JPG", "creado_por": "u0_a330", "fecha_creacion": "2026-05-22T14:31:18.320Z", "apellidos": "LANCHIMBA TANDAYAMO", "nombres": "JOSE MARIA", "clave_catastral": "1702521070039", "telefono_celular": "0983696910", "hijos_hombres": 1, "hijos_mujeres": 3, "sector": "Guang-Porotog", "tenencia_predio": "Escritura", "nivel_instruccion": "Ninguno", "area_total": 2910.44, "area_riego": 2910.44, "area_sin_riego": 0.0, "frecuencia_riego": "Semanal", "metodo_aspersion_pct": 100, "dias_riego": 5, "horas_turno": 8, "valor_tarifa": 3.0, "tipo_tarifa": "fijo mensual", "agua_consumo": 1, "material_construccion": "Otros", "cota_msnm": 3280.0, "conoce_presa": "Sí", "como_elige_dir": "Asamblea general", "operador_sector": "CLEMENTE QUINATOA", "anios_sistema": 11, "km_canal": 72.0, "recibio_capacitacion": "Sí", "le_gustaria_cap": "Sí", "temas_capacitacion": "SOBRE RIEGO", "cedula": "1753480530", "coord_x_utm": 816912.09, "coord_y_utm": 9994899.36, "soberania_aliment_pct": 50, "act_productivas_pct": 50, "actividad_productiva": "Particular", "material_constr_otro": "CASA DE ADOBE "}, "geometry": {"type": "Point", "coordinates": [-78.15317, -0.04609]}}, {"type": "Feature", "properties": {"id": "{c80dfb0d-513c-41bd-a8bd-0fb21f8430fd}", "cod_poligono": "1702520510008", "num_predio": 3, "propietario": "MALDONADO ULCUANGO CESAR", "parroquia": "CANGAHUA", "caudal_tipo": "Recibe la Comunidad", "tiene_reservorio": "Comunitario", "foto_predio": "DCIM/fichas-predios_20260522150706965.JPG", "creado_por": "u0_a330", "fecha_creacion": "2026-05-22T14:55:49.460Z", "apellidos": "MALDONADO ULCUANGO", "nombres": "CESAR", "clave_catastral": "1702520510008", "telefono_celular": "0981377541", "hijos_hombres": 2, "hijos_mujeres": 3, "sector": "Guang-Porotog", "tenencia_predio": "Escritura", "nivel_instruccion": "Primaria", "area_total": 24494.95, "org_riego": "GUANGUILQUI POROTOG", "sector_comunidad": "LA LIBERTAD", "canal": "GUANGUILQUI POROTOG", "area_riego": 24494.95, "area_sin_riego": 0.0, "frecuencia_riego": "Semanal", "metodo_aspersion_pct": 100, "dias_riego": 5, "horas_turno": 12, "valor_tarifa": 3.0, "tipo_tarifa": "fijo mensual", "agua_consumo": 1, "energia_electrica": 1, "material_construccion": "BLOQUE", "cota_msnm": 3340.0, "conoce_presa": "Sí", "como_elige_dir": "Asamblea general", "nom_presidente": "CESAR HUMBERTO QUISHPE", "operador_sector": "CLEMENTE QUUNATOA", "anios_sistema": 7, "km_canal": 72.0, "recibio_capacitacion": "No", "le_gustaria_cap": "Sí", "temas_capacitacion": "SOBRE EL USO DE AGUA, RIEGO Y CULTIVO", "cedula": "1710423086", "caudal_valor": 26.8, "coord_x_utm": 816863.73, "coord_y_utm": 9992673.05, "soberania_aliment_pct": 50, "act_productivas_pct": 50, "actividad_productiva": "Particular", "observaciones": "El señor es comunero de otros predios con clave: 1702520510122, 1702520510124, 1702520690038, 1702521410036"}, "geometry": {"type": "Point", "coordinates": [-78.153603, -0.066207]}}, {"type": "Feature", "properties": {"id": "{b1751878-81d1-4015-a671-c6ac6fa56d6c}", "cod_poligono": "1702520540027", "num_predio": 2, "propietario": "ULCUANGO IMBAQUINGO VASILIA", "parroquia": "CANGAHUA", "tiene_reservorio": "Comunitario", "foto_predio": "DCIM/fichas-predios_20260522153053053.JPG", "creado_por": "u0_a330", "fecha_creacion": "2026-05-22T15:21:32.145Z", "apellidos": "ULCUANGO IMBAQUINGO", "nombres": "VASILIA", "clave_catastral": "1702520540027", "telefono_celular": "0983600995", "hijos_mujeres": 2, "sector": "Guang-Porotog", "tenencia_predio": "Sin Escritura", "nivel_instruccion": "Superior", "area_total": 20893.37, "org_riego": "GUANGUILQUI POROTOG", "sector_comunidad": "LA LIBERTAD", "area_riego": 20893.37, "area_sin_riego": 0.0, "frecuencia_riego": "Semanal", "metodo_aspersion_pct": 100, "dias_riego": 5, "horas_turno": 12, "valor_tarifa": 3.0, "tipo_tarifa": "fijo mensual", "agua_consumo": 1, "energia_electrica": 1, "material_construccion": "BLOQUE", "cota_msnm": 3380.0, "conoce_presa": "Sí", "como_elige_dir": "Asamblea general", "nom_presidente": "CESAR HUMBERTO QUISHPE", "operador_sector": "CLEMENTE QUINATOA", "anios_sistema": 11, "km_canal": 72.0, "recibio_capacitacion": "Sí", "le_gustaria_cap": "Sí", "temas_capacitacion": "SUELO,RIEGO", "cedula": "1723625214", "coord_x_utm": 817933.61, "coord_y_utm": 9992356.07, "soberania_aliment_pct": 50, "act_productivas_pct": 50, "actividad_productiva": "Particular", "observaciones": "La anterior propietaria es fallecida ,el regante es el Señor Juan Maldonado actualiza datos el papá tambien es regante del predio : 1702521100030 pertenecientea Chiquimba Aules segundo"}, "geometry": {"type": "Point", "coordinates": [-78.144, -0.069071]}}, {"type": "Feature", "properties": {"id": "{c535bfd7-e2eb-4254-b724-99d9a082ac09}", "cod_poligono": "1702521020026", "num_predio": 1, "propietario": "SALAZAR MALDONADO ROSA MARIA", "parroquia": "CANGAHUA", "caudal_tipo": "Recibe la Comunidad", "tiene_reservorio": "Comunitario", "foto_predio": "DCIM/fichas-predios_20260522161534041.JPG", "creado_por": "u0_a330", "fecha_creacion": "2026-05-22T16:09:43.276Z", "apellidos": "SALAZAR MALDONADO", "nombres": "ROSA MARIA", "clave_catastral": "1702521020026", "telefono_celular": "0969893612", "hijos_mujeres": 1, "sector": "Guang-Porotog", "tenencia_predio": "Escritura", "nivel_instruccion": "Alfabetizado", "area_total": 7680.13, "org_riego": "GUANGUILQUI POROTOG", "sector_comunidad": "MULA POTRERO", "canal": "GUANGUILQUI POROTOG", "area_riego": 7680.13, "area_sin_riego": 0.0, "frecuencia_riego": "Semanal", "metodo_gravedad_pct": 100, "dias_riego": 1, "horas_turno": 12, "valor_tarifa": 2.5, "tipo_tarifa": "fijo mensual", "agua_consumo": 1, "energia_electrica": 1, "material_construccion": "BLOQUE", "cota_msnm": 3445.0, "conoce_presa": "Sí", "como_elige_dir": "Asamblea general", "nom_presidente": "CESAR HUMBERTO QUISHPE", "operador_sector": "CLEMENTE QUINATOA", "anios_sistema": 11, "km_canal": 72.0, "recibio_capacitacion": "Sí", "le_gustaria_cap": "Sí", "temas_capacitacion": "COMO MEJORAR EL SISTEMA DE RIEGO", "cedula": "1711061836", "coord_x_utm": 818666.12, "coord_y_utm": 9990442.17, "soberania_aliment_pct": 50, "act_productivas_pct": 50, "actividad_productiva": "Particular", "observaciones": "Actualiza la ficha la hermana de la propietaria"}, "geometry": {"type": "Point", "coordinates": [-78.137424, -0.086364]}}, {"type": "Feature", "properties": {"id": "{34395bbf-8878-431d-a98b-4738bfdd0da9}", "cod_poligono": "1702520510004", "num_predio": 1, "propietario": "AIGAJE IMBAQUINGO MARIA ENCARNACION", "parroquia": "CANGAHUA", "caudal_tipo": "Recibe la Comunidad", "tiene_reservorio": "Comunitario", "foto_predio": "DCIM/fichas-predios_20260522164004432.JPG", "creado_por": "u0_a330", "fecha_creacion": "2026-05-22T16:31:32.851Z", "apellidos": "AIGAJE IMBAQUINGO", "nombres": "MARIA ENCARNACION", "clave_catastral": "1702520510004", "telefono_celular": "0982603798", "hijos_hombres": 1, "hijos_mujeres": 1, "sector": "Guang-Porotog", "tenencia_predio": "Sin Escritura", "nivel_instruccion": "Secundaria", "area_total": 7345.42, "org_riego": "GUANGUILQUI POROTOG", "sector_comunidad": "LA LIBERTAD Y SAN PEDRO", "canal": "GUANGUILQUI POROTOG", "area_riego": 7345.42, "area_sin_riego": 0.0, "frecuencia_riego": "Semanal", "metodo_aspersion_pct": 100, "dias_riego": 1, "horas_turno": 12, "valor_tarifa": 30.0, "tipo_tarifa": "fijo anual", "agua_consumo": 1, "energia_electrica": 1, "material_construccion": "BLOQUE", "cota_msnm": 3360.0, "conoce_presa": "No", "como_elige_dir": "Asamblea general", "nom_presidente": "CESAR HUMBERTO QUISHPE", "operador_sector": "CLEMENTE QUINATOA", "anios_sistema": 11, "km_canal": 72.0, "recibio_capacitacion": "No", "le_gustaria_cap": "Sí", "temas_capacitacion": "COMO MEJORAR EL SISTEMA DE RIEGO", "cedula": "1722734884", "caudal_valor": 28.6, "coord_x_utm": 816813.08, "coord_y_utm": 9992432.74, "soberania_aliment_pct": 50, "act_productivas_pct": 50, "observaciones": "Actualiza la propieraria del terreno datos del regante que es el esposo"}, "geometry": {"type": "Point", "coordinates": [-78.154058, -0.068378]}}, {"type": "Feature", "properties": {"id": "{0b9c6769-2d36-4ef0-9cb2-340d3b76de4f}", "cod_poligono": "1702520530049", "num_predio": 2, "propietario": "UMAQUINGA ANDRANGO VIRGILIO", "parroquia": "CANGAHUA", "caudal_tipo": "Recibe la Comunidad", "tiene_reservorio": "Comunitario", "foto_predio": "DCIM/fichas-predios_20260522170139434.JPG", "creado_por": "u0_a330", "fecha_creacion": "2026-05-22T16:53:40.334Z", "apellidos": "UMAQUINGA ANDRANGO", "nombres": "VIRGILIO", "clave_catastral": "1702520530049", "telefono_celular": "0988037181", "hijos_hombres": 2, "sector": "Guang-Porotog", "tenencia_predio": "Sin Escritura", "nivel_instruccion": "Primaria", "area_total": 13933.15, "org_riego": "GUANGUILQUI POROTOG", "sector_comunidad": "LA LIBERTAD SAN PEDRO", "canal": "GUANGUILQUI POROTOG", "area_riego": 13933.15, "area_sin_riego": 0.0, "frecuencia_riego": "Semanal", "metodo_gravedad_pct": 100, "dias_riego": 1, "horas_turno": 8, "valor_tarifa": 2.5, "tipo_tarifa": "fijo mensual", "agua_consumo": 1, "material_construccion": "BLOQUE", "cota_msnm": 3395.0, "conoce_presa": "No", "como_elige_dir": "Asamblea general", "nom_presidente": "CESAR HUMBERTO QUISHPE", "operador_sector": "CLEMENTE QUINATOA", "anios_sistema": 11, "km_canal": 7.0, "recibio_capacitacion": "Sí", "le_gustaria_cap": "Sí", "temas_capacitacion": "MEJORAR EL SISTEMA DE RIEGO PARA AUMENTAR EL CAUDAL", "cedula": "1756308274", "coord_x_utm": 817603.14, "coord_y_utm": 9992319.7, "soberania_aliment_pct": 70, "act_productivas_pct": 30, "actividad_productiva": "Particular", "observaciones": "El terreno esta divido para 5 hermanos cada uno tiene 3000 y el señor es el regante"}, "geometry": {"type": "Point", "coordinates": [-78.146966, -0.069399]}}, {"type": "Feature", "properties": {"id": "{6104f134-92e5-4598-8533-bf58c224232c}", "cod_poligono": "1702520510130", "num_predio": 1, "propietario": "LANCHIMBA QUINATOA SEGUNDO FERMIN", "parroquia": "CANGAHUA", "caudal_tipo": "Recibe la Comunidad", "tiene_reservorio": "Comunitario", "foto_predio": "DCIM/fichas-predios_20260522092411051.jpg", "creado_por": "u0_a70", "fecha_creacion": "2026-05-22T09:08:00.771Z", "apellidos": "LANCHIMBA QUINATOA", "nombres": "SEGUNDO FERMIN", "clave_catastral": "1702520510130", "telefono_celular": "0985915758", "hijos_hombres": 1, "hijos_mujeres": 4, "sector": "Guang-Porotog", "tenencia_predio": "Escritura", "nivel_instruccion": "Secundaria", "area_total": 5739.66, "org_riego": "GUANG-POROTOG ", "sector_comunidad": "SAN PEDRO ", "canal": "GUANG-POROTOG ", "area_riego": 5739.66, "area_sin_riego": 0.0, "frecuencia_riego": "Semanal", "metodo_gravedad_pct": 30, "metodo_aspersion_pct": 70, "dias_riego": 1, "horas_turno": 12, "valor_tarifa": 2.5, "tipo_tarifa": "fijo mensual", "agua_consumo": 1, "energia_electrica": 1, "material_construccion": "MIXTA", "cota_msnm": 3340.0, "conoce_presa": "Sí", "como_elige_dir": "Asamblea general", "nom_presidente": "CÉSAR HUMBERTO QUISHPE", "operador_sector": "CLEMENTE QUILOTOA", "anios_sistema": 11, "km_canal": 72.0, "recibio_capacitacion": "Sí", "le_gustaria_cap": "Sí", "temas_capacitacion": "MEJORAMIENTO DE RIEGO", "cedula": "1722776844", "caudal_valor": 28.6, "coord_x_utm": 816542.8, "coord_y_utm": 9992445.7, "soberania_aliment_pct": 50, "act_productivas_pct": 50, "actividad_productiva": "Particular"}, "geometry": {"type": "Point", "coordinates": [-78.156484, -0.068261]}}, {"type": "Feature", "properties": {"id": "{893cb8f5-5362-4892-af34-5aee823242a5}", "cod_poligono": "1702520700073", "num_predio": 1, "propietario": "LANCHIMBA SALAZAR IRENE BANESA", "parroquia": "CANGAHUA", "caudal_tipo": "Recibe la Comunidad", "tiene_reservorio": "Comunitario", "foto_predio": "DCIM/fichas-predios_20260522093856700.jpg", "creado_por": "u0_a70", "fecha_creacion": "2026-05-22T09:28:33.975Z", "apellidos": "LANCHIMBA SALAZAR", "nombres": "IRENE BANESA", "clave_catastral": "1702520510130", "telefono_celular": "0985915758", "hijos_mujeres": 2, "sector": "Guang-Porotog", "tenencia_predio": "Escritura", "nivel_instruccion": "Secundaria", "area_total": 2886.53, "org_riego": "GUANG-POROTOG ", "sector_comunidad": "IZACATA", "canal": "GUANG-POROTOG ", "area_riego": 2886.53, "area_sin_riego": 0.0, "frecuencia_riego": "Semanal", "metodo_aspersion_pct": 100, "dias_riego": 3, "horas_turno": 36, "valor_tarifa": 2.5, "tipo_tarifa": "fijo mensual", "agua_consumo": 1, "energia_electrica": 0, "material_construccion": "MIXTA", "cota_msnm": 3450.0, "conoce_presa": "Sí", "como_elige_dir": "Asamblea general", "nom_presidente": "CÉSAR HUMBERTO QUISHPE ", "operador_sector": "CLEMENTE QUILOTOA ", "anios_sistema": 11, "km_canal": 72.0, "cedula": "1722086046", "caudal_valor": 28.6, "coord_x_utm": 817897.31, "coord_y_utm": 9990660.42, "soberania_aliment_pct": 50, "act_productivas_pct": 50, "actividad_productiva": "Particular"}, "geometry": {"type": "Point", "coordinates": [-78.144325, -0.084393]}}, {"type": "Feature", "properties": {"id": "{1871b8e1-a098-4bfa-88ce-ad56317b0fde}", "cod_poligono": "1702520700052", "num_predio": 1, "propietario": "LANCHIMBA QUINATOA SEGUNDO FERMIN", "parroquia": "CANGAHUA", "caudal_tipo": "Recibe la Comunidad", "tiene_reservorio": "Comunitario", "foto_predio": "DCIM/fichas-predios_20260522094558798.jpg", "creado_por": "u0_a70", "fecha_creacion": "2026-05-22T09:39:28.786Z", "apellidos": "LANCHIMBA QUINATOA", "nombres": "SEGUNDO FERMIN", "clave_catastral": "1702520510130", "telefono_celular": "0985915758", "hijos_hombres": 1, "hijos_mujeres": 4, "sector": "Guang-Porotog", "tenencia_predio": "Escritura", "nivel_instruccion": "Secundaria", "area_total": 8566.54, "org_riego": "GUANG-POROTOG ", "sector_comunidad": "IZACATA", "canal": "GUANG-POROTOG ", "area_riego": 8566.54, "area_sin_riego": 0.0, "frecuencia_riego": "Semanal", "metodo_gravedad_pct": 30, "metodo_aspersion_pct": 70, "dias_riego": 1, "horas_turno": 12, "valor_tarifa": 2.5, "tipo_tarifa": "fijo mensual", "agua_consumo": 1, "energia_electrica": 0, "material_construccion": "MIXTA", "cota_msnm": 3435.0, "conoce_presa": "Sí", "como_elige_dir": "Asamblea general", "nom_presidente": "CÉSAR HUMBERTO QUISHPE ", "operador_sector": "CLEMENTE QUILOTOA ", "anios_sistema": 11, "km_canal": 72.0, "recibio_capacitacion": "Sí", "le_gustaria_cap": "Sí", "temas_capacitacion": "MEJORAMIENTO DE RIEGO ", "cedula": "1722776844", "caudal_valor": 28.6, "coord_x_utm": 818215.96, "coord_y_utm": 9990633.21, "soberania_aliment_pct": 50, "act_productivas_pct": 50, "actividad_productiva": "Particular"}, "geometry": {"type": "Point", "coordinates": [-78.141465, -0.084638]}}, {"type": "Feature", "properties": {"id": "{752a487c-94a1-49ed-9704-793c66a6dc91}", "cod_poligono": "1702521580014", "num_predio": 1, "codigo_final": "S-C-P001_13", "propietario": "AULES TUTILLO ESTEBAN", "parroquia": "CANGAHUA", "caudal_tipo": "Recibe la Comunidad", "tiene_reservorio": "Comunitario", "creado_por": "u0_a70", "fecha_creacion": "2026-05-22T09:48:40.179Z", "apellidos": "AULES TUTILLO", "nombres": "ESTEBAN", "clave_catastral": "1702520510130", "sector": "Guang-Porotog", "tenencia_predio": "Escritura", "area_total": 12362.87, "org_riego": "GUANG-POROTOG ", "canal": "GUANG-POROTOG ", "area_riego": 12362.87, "area_sin_riego": 0.0, "frecuencia_riego": "Semanal", "metodo_gravedad_pct": 30, "metodo_aspersion_pct": 70, "valor_tarifa": 2.5, "tipo_tarifa": "fijo mensual", "agua_consumo": 1, "energia_electrica": 0, "material_construccion": "MIXTA", "cota_msnm": 3790.0, "conoce_presa": "Sí", "como_elige_dir": "Asamblea general", "nom_presidente": "CÉSAR HUMBERTO QUISHPE ", "operador_sector": "CLEMENTE QUILOTOA ", "anios_sistema": 11, "km_canal": 72.0, "cedula": "1708978315", "caudal_valor": 28.6, "coord_x_utm": 816695.99, "coord_y_utm": 9987782.36, "soberania_aliment_pct": 50, "act_productivas_pct": 50, "actividad_productiva": "Particular"}, "geometry": {"type": "Point", "coordinates": [-78.155105, -0.1104]}}, {"type": "Feature", "properties": {"id": "{ce312110-225c-46f2-9fa3-1a1a64efaad2}", "cod_poligono": "1702521580174", "num_predio": 1, "propietario": "LANCHIMBA SALAZAR IRENE BANESA", "parroquia": "CANGAHUA", "caudal_tipo": "Recibe la Comunidad", "tiene_reservorio": "Comunitario", "foto_predio": "DCIM/fichas-predios_20260522095916014.jpg", "creado_por": "u0_a70", "fecha_creacion": "2026-05-22T09:51:26.579Z", "apellidos": "LANCHIMBA SALAZAR", "nombres": "IRENE BANESA", "clave_catastral": "1702520510130", "telefono_celular": "0985915758", "hijos_mujeres": 2, "sector": "Guang-Porotog", "tenencia_predio": "Escritura", "nivel_instruccion": "Secundaria", "area_total": 10214.27, "org_riego": "GUANG-POROTOG ", "sector_comunidad": "IZACATA ", "canal": "GUANG-POROTOG ", "area_riego": 10214.27, "area_sin_riego": 0.0, "frecuencia_riego": "Semanal", "tipo_tarifa": "fijo mensual", "agua_consumo": 0, "energia_electrica": 1, "material_construccion": "Otros", "cota_msnm": 3745.0, "conoce_presa": "Sí", "como_elige_dir": "Asamblea general", "nom_presidente": "CÉSAR HUMBERTO QUISHPE ", "operador_sector": "CLEMENTE QUILOTOA ", "anios_sistema": 11, "km_canal": 72.0, "recibio_capacitacion": "Sí", "le_gustaria_cap": "Sí", "temas_capacitacion": "MEJORAMIENTO DE RIEGO ", "cedula": "1722086046", "caudal_valor": 28.6, "coord_x_utm": 816930.25, "coord_y_utm": 9987826.67, "soberania_aliment_pct": 50, "act_productivas_pct": 50, "actividad_productiva": "Particular"}, "geometry": {"type": "Point", "coordinates": [-78.153003, -0.109999]}}, {"type": "Feature", "properties": {"id": "{13bf2509-4dac-4812-ae3f-5cb764c939ae}", "cod_poligono": "1702521580174", "num_predio": 2, "codigo_final": "S-C-P002_7", "propietario": "LANCHIMBA SALAZAR IRENE BANESA", "parroquia": "CANGAHUA", "creado_por": "u0_a70", "fecha_creacion": "2026-05-22T10:19:30.626Z", "apellidos": "LANCHIMBA SALAZAR", "nombres": "IRENE BANESA", "clave_catastral": "1702521580174", "area_total": 10214.27, "area_riego": 10214.27, "area_sin_riego": 0.0, "cota_msnm": 3745.0, "cedula": "1722086046", "coord_x_utm": 816930.78, "coord_y_utm": 9987830.84}, "geometry": {"type": "Point", "coordinates": [-78.152998, -0.109961]}}, {"type": "Feature", "properties": {"id": "{c7ba661c-703a-47f2-823e-eb8f2236b46c}", "cod_poligono": "1702521020025", "num_predio": 1, "propietario": "SALAZAR MALDONADO LORENZO", "parroquia": "CANGAHUA", "caudal_tipo": "Recibe la Comunidad", "tiene_reservorio": "Comunitario", "creado_por": "u0_a70", "fecha_creacion": "2026-05-22T10:46:42.715Z", "apellidos": "SALAZAR MALDONADO", "nombres": "LORENZO", "clave_catastral": "1702521020025", "telefono_celular": "0977858907", "hijos_hombres": 5, "hijos_mujeres": 2, "sector": "Guang-Porotog", "tenencia_predio": "Escritura", "nivel_instruccion": "Primaria", "area_total": 8140.37, "org_riego": "GUANG-POROTOG ", "sector_comunidad": "LA LIBERTAD", "canal": "GUANG-POROTOG ", "area_riego": 8140.37, "area_sin_riego": 0.0, "frecuencia_riego": "Semanal", "metodo_gravedad_pct": 100, "dias_riego": 1, "horas_turno": 12, "valor_tarifa": 2.5, "tipo_tarifa": "fijo mensual", "agua_consumo": 1, "energia_electrica": 1, "material_construccion": "Otros", "cota_msnm": 3440.0, "cedula": "1707216758", "caudal_valor": 28.3, "coord_x_utm": 818659.86, "coord_y_utm": 9990479.69, "soberania_aliment_pct": 50, "act_productivas_pct": 50, "material_constr_otro": "ADOBE"}, "geometry": {"type": "Point", "coordinates": [-78.137481, -0.086025]}}, {"type": "Feature", "properties": {"id": "{28461365-39c9-4997-86ed-ceb29786de05}", "cod_poligono": "1702521020025", "num_predio": 2, "codigo_final": "S-C-P002_8", "propietario": "SALAZAR MALDONADO LORENZO", "parroquia": "CANGAHUA", "caudal_tipo": "Recibe la Comunidad", "tiene_reservorio": "Comunitario", "creado_por": "u0_a70", "fecha_creacion": "2026-05-22T10:57:36.392Z", "apellidos": "SALAZAR MALDONADO", "nombres": "LORENZO", "clave_catastral": "1702521020025", "sector": "Guang-Porotog", "tenencia_predio": "Escritura", "area_total": 8140.37, "org_riego": "GUANG-POROTOG ", "sector_comunidad": "LA LIBERTAD", "canal": "GUANG-POROTOG ", "area_riego": 8140.37, "area_sin_riego": 0.0, "frecuencia_riego": "Semanal", "valor_tarifa": 2.5, "tipo_tarifa": "fijo mensual", "agua_consumo": 1, "energia_electrica": 1, "cota_msnm": 3440.0, "cedula": "1707216758", "caudal_valor": 28.3, "coord_x_utm": 818659.86, "coord_y_utm": 9990479.69, "soberania_aliment_pct": 50, "act_productivas_pct": 50}, "geometry": {"type": "Point", "coordinates": [-78.137481, -0.086025]}}, {"type": "Feature", "properties": {"id": "{e47bd8d3-bf9e-4387-9696-46d70bd0aeeb}", "cod_poligono": "1702521020025", "num_predio": 3, "propietario": "SALAZAR MALDONADO LORENZO", "parroquia": "CANGAHUA", "caudal_tipo": "Recibe la Comunidad", "tiene_reservorio": "Comunitario", "foto_predio": "DCIM/fichas-predios_20260522111314708.jpg", "creado_por": "u0_a70", "fecha_creacion": "2026-05-22T10:58:19.575Z", "apellidos": "SALAZAR MALDONADO", "nombres": "LORENZO", "clave_catastral": "1702521020025", "telefono_celular": "0967858907", "hijos_hombres": 5, "hijos_mujeres": 2, "sector": "Guang-Porotog", "tenencia_predio": "Escritura", "nivel_instruccion": "Primaria", "area_total": 8140.37, "org_riego": "GUANG-POROTOG ", "sector_comunidad": "LA LIBERTAD", "canal": "GUANG-POROTOG ", "area_riego": 8140.37, "area_sin_riego": 0.0, "frecuencia_riego": "Semanal", "metodo_gravedad_pct": 100, "dias_riego": 1, "horas_turno": 12, "valor_tarifa": 2.5, "tipo_tarifa": "fijo mensual", "agua_consumo": 1, "energia_electrica": 1, "material_construccion": "Otros", "cota_msnm": 3440.0, "conoce_presa": "Sí", "como_elige_dir": "Asamblea general", "nom_presidente": "CÉSAR HUMBERTO QUISHPE ", "operador_sector": "CLEMENTE QUILOTOA ", "anios_sistema": 11, "km_canal": 73.0, "recibio_capacitacion": "Sí", "le_gustaria_cap": "Sí", "temas_capacitacion": "MEJORAMIENTO DE RIEGO ", "cedula": "1707216758", "caudal_valor": 28.3, "coord_x_utm": 818650.81, "coord_y_utm": 9990480.74, "soberania_aliment_pct": 50, "act_productivas_pct": 50, "material_constr_otro": "ADOBE"}, "geometry": {"type": "Point", "coordinates": [-78.137562, -0.086016]}}, {"type": "Feature", "properties": {"id": "{f4b8a49a-db1f-47ae-b96f-3e08e77126cd}", "cod_poligono": "1702521410037", "num_predio": 1, "propietario": "SALAZAR MALDONADO LORENZO", "parroquia": "CANGAHUA", "caudal_tipo": "Recibe la Comunidad", "tiene_reservorio": "Comunitario", "foto_predio": "DCIM/fichas-predios_20260522112228193.jpg", "creado_por": "u0_a70", "fecha_creacion": "2026-05-22T11:15:03.063Z", "apellidos": "SALAZAR MALDONADO", "nombres": "LORENZO", "clave_catastral": "1702521020025", "telefono_celular": "0967858907", "hijos_hombres": 5, "hijos_mujeres": 2, "sector": "Guang-Porotog", "tenencia_predio": "Escritura", "nivel_instruccion": "Primaria", "area_total": 13011.09, "org_riego": "GUANG-POROTOG ", "sector_comunidad": "LA LIBERTAD", "canal": "GUANG-POROTOG ", "area_riego": 13011.09, "area_sin_riego": 0.0, "frecuencia_riego": "Semanal", "metodo_gravedad_pct": 100, "dias_riego": 1, "horas_turno": 12, "valor_tarifa": 2.5, "tipo_tarifa": "fijo mensual", "agua_consumo": 0, "energia_electrica": 0, "cota_msnm": 3600.0, "conoce_presa": "Sí", "como_elige_dir": "Asamblea general", "nom_presidente": "CÉSAR HUMBERTO QUISHPE ", "operador_sector": "CLEMENTE QUILOTOA ", "anios_sistema": 11, "km_canal": 72.0, "cedula": "1707216758", "caudal_valor": 28.3, "coord_x_utm": 818831.93, "coord_y_utm": 9988793.17, "soberania_aliment_pct": 100}, "geometry": {"type": "Point", "coordinates": [-78.135935, -0.101264]}}, {"type": "Feature", "properties": {"id": "{b5dcad43-eed4-4c35-b89f-de3499cc4909}", "cod_poligono": "1702520540020", "num_predio": 1, "propietario": "MALDONADO CUASCOTA MARIA LIVIA", "parroquia": "CANGAHUA", "caudal_tipo": "Recibe la Comunidad", "tiene_reservorio": "Comunitario", "foto_predio": "DCIM/fichas-predios_20260522122100114.jpg", "creado_por": "u0_a70", "fecha_creacion": "2026-05-22T12:04:35.361Z", "apellidos": "MALDONADO CUASCOTA", "nombres": "MARIA LIVIA", "clave_catastral": "1702520540020", "telefono_celular": "0986068881", "hijos_hombres": 2, "sector": "Guang-Porotog", "tenencia_predio": "Escritura", "nivel_instruccion": "Primaria", "area_total": 22134.09, "org_riego": "GUANG-POROTOG ", "sector_comunidad": "CRUZLOMA", "canal": "GUANG-POROTOG ", "area_riego": 22134.09, "area_sin_riego": 0.0, "frecuencia_riego": "Semanal", "metodo_aspersion_pct": 100, "dias_riego": 1, "horas_turno": 12, "valor_tarifa": 2.5, "tipo_tarifa": "fijo mensual", "agua_consumo": 1, "material_construccion": "MADERA", "cota_msnm": 3385.0, "conoce_presa": "Sí", "como_elige_dir": "Asamblea general", "nom_presidente": "CÉSAR HUMBERTO QUISHPE ", "operador_sector": "CLEMENTE QUILOTOA ", "anios_sistema": 11, "km_canal": 72.0, "recibio_capacitacion": "Sí", "le_gustaria_cap": "Sí", "temas_capacitacion": "MEJORAMIENTO DE RIEGO ", "cedula": "1714917646", "caudal_valor": 28.6, "coord_x_utm": 818237.81, "coord_y_utm": 9992231.1, "soberania_aliment_pct": 50, "act_productivas_pct": 50, "actividad_productiva": "Particular"}, "geometry": {"type": "Point", "coordinates": [-78.14127, -0.0702]}}, {"type": "Feature", "properties": {"id": "{d60048d0-a16b-47eb-ac6e-b18382d63531}", "cod_poligono": "1702521100079", "num_predio": 1, "propietario": "SALAZAR QUINATOA LUIS ENRIQUE", "parroquia": "CANGAHUA", "caudal_tipo": "Recibe la Comunidad", "tiene_reservorio": "Comunitario", "foto_predio": "DCIM/fichas-predios_20260522123312087.jpg", "creado_por": "u0_a70", "fecha_creacion": "2026-05-22T12:26:18.687Z", "apellidos": "SALAZAR QUINATOA", "nombres": "LUIS ENRIQUE", "clave_catastral": "1702520540020", "telefono_celular": "0986068881", "hijos_hombres": 2, "sector": "Guang-Porotog", "tenencia_predio": "Escritura", "nivel_instruccion": "Primaria", "area_total": 5785.68, "org_riego": "GUANG-POROTOG ", "sector_comunidad": "TOTORA", "canal": "GUANG-POROTOG ", "area_riego": 5785.68, "area_sin_riego": 0.0, "frecuencia_riego": "Semanal", "metodo_gravedad_pct": 100, "dias_riego": 1, "horas_turno": 12, "valor_tarifa": 2.5, "tipo_tarifa": "fijo mensual", "agua_consumo": 0, "cota_msnm": 3585.0, "conoce_presa": "Sí", "como_elige_dir": "Asamblea general", "nom_presidente": "CÉSAR HUMBERTO QUISHPE ", "operador_sector": "CLEMENTE QUILOTOA ", "anios_sistema": 11, "km_canal": 72.0, "recibio_capacitacion": "Sí", "le_gustaria_cap": "Sí", "temas_capacitacion": "MEJORAMIENTO DE RIEGO ", "cedula": "1714950324", "caudal_valor": 28.6, "coord_x_utm": 817984.63, "coord_y_utm": 9988436.59, "soberania_aliment_pct": 50, "act_productivas_pct": 50, "actividad_productiva": "Particular"}, "geometry": {"type": "Point", "coordinates": [-78.14354, -0.104487]}}, {"type": "Feature", "properties": {"id": "{65e6b200-b402-4f91-977a-a8fd96012cf5}", "cod_poligono": "1702520690001", "num_predio": 1, "propietario": "SALAZAR QUINATOA LUIS ENRIQUE", "parroquia": "CANGAHUA", "caudal_tipo": "Recibe la Comunidad", "tiene_reservorio": "Comunitario", "foto_predio": "DCIM/fichas-predios_20260522124036255.jpg", "creado_por": "u0_a70", "fecha_creacion": "2026-05-22T12:34:34.982Z", "apellidos": "SALAZAR QUINATOA", "nombres": "LUIS ENRIQUE", "clave_catastral": "1702520540020", "telefono_celular": "0986068881", "hijos_hombres": 2, "sector": "Guang-Porotog", "tenencia_predio": "Escritura", "area_total": 2542.08, "org_riego": "GUANG-POROTOG ", "sector_comunidad": "TOTORA", "canal": "GUANG-POROTOG ", "area_riego": 2542.08, "area_sin_riego": 0.0, "frecuencia_riego": "Semanal", "metodo_gravedad_pct": 100, "dias_riego": 1, "horas_turno": 12, "valor_tarifa": 2.5, "tipo_tarifa": "fijo mensual", "agua_consumo": 1, "energia_electrica": 1, "material_construccion": "BLOQUE", "cota_msnm": 3370.0, "conoce_presa": "Sí", "como_elige_dir": "Asamblea general", "nom_presidente": "CÉSAR HUMBERTO QUISHPE ", "operador_sector": "CLEMENTE QUILOTOA ", "anios_sistema": 11, "km_canal": 72.0, "recibio_capacitacion": "Sí", "le_gustaria_cap": "Sí", "temas_capacitacion": "MEJORAMIENTO DE RIEGO ", "cedula": "1714950324", "caudal_valor": 28.6, "coord_x_utm": 818514.62, "coord_y_utm": 9991475.18, "soberania_aliment_pct": 50, "act_productivas_pct": 50, "actividad_productiva": "Particular"}, "geometry": {"type": "Point", "coordinates": [-78.138785, -0.07703]}}, {"type": "Feature", "properties": {"id": "{592f6fd0-ecf0-4e6b-908e-b29ef5e99aa5}", "cod_poligono": "1702520540031", "num_predio": 1, "propietario": "SALAZAR QUINATOA LUIS ENRIQUE", "parroquia": "CANGAHUA", "caudal_tipo": "Recibe la Comunidad", "tiene_reservorio": "Comunitario", "foto_predio": "DCIM/fichas-predios_20260522125225127.jpg", "creado_por": "u0_a70", "fecha_creacion": "2026-05-22T12:46:29.104Z", "apellidos": "SALAZAR QUINATOA", "nombres": "LUIS ENRIQUE", "clave_catastral": "1702520540020", "sector": "Guang-Porotog", "tenencia_predio": "Escritura", "area_total": 10921.16, "org_riego": "GUANG-POROTOG ", "sector_comunidad": "CRUZ LOMA", "canal": "GUANG-POROTOG ", "area_riego": 10921.16, "area_sin_riego": 0.0, "frecuencia_riego": "Semanal", "metodo_aspersion_pct": 100, "dias_riego": 1, "horas_turno": 12, "valor_tarifa": 2.5, "tipo_tarifa": "fijo mensual", "agua_consumo": 1, "energia_electrica": 1, "material_construccion": "MIXTA", "cota_msnm": 3390.0, "conoce_presa": "Sí", "como_elige_dir": "Asamblea general", "nom_presidente": "CÉSAR HUMBERTO QUISHPE ", "operador_sector": "CLEMENTE QUILOTOA ", "anios_sistema": 11, "km_canal": 72.0, "recibio_capacitacion": "Sí", "le_gustaria_cap": "Sí", "temas_capacitacion": "MEJORAMIENTO DE RIEGO ", "cedula": "1714950324", "caudal_valor": 28.6, "coord_x_utm": 818142.15, "coord_y_utm": 9992463.36, "soberania_aliment_pct": 50, "act_productivas_pct": 50, "actividad_productiva": "Particular", "observaciones": "Actualizó la ficha la mamá del regante del terreno Salazar Maldonado Boris Eduardo con cédula 1726101825"}, "geometry": {"type": "Point", "coordinates": [-78.142129, -0.068101]}}, {"type": "Feature", "properties": {"id": "{e7f32332-330e-4b94-8380-b36e1cded925}", "cod_poligono": "1702520540081", "num_predio": 1, "propietario": "CAIZA TOAPANTA EDISON PATRICIO", "parroquia": "CANGAHUA", "caudal_tipo": "Recibe la Comunidad", "tiene_reservorio": "Comunitario", "foto_predio": "DCIM/fichas-predios_20260522132620124.jpg", "creado_por": "u0_a70", "fecha_creacion": "2026-05-22T13:16:37.807Z", "apellidos": "CAIZA TOAPANTA", "nombres": "EDISON PATRICIO", "clave_catastral": "1702520540081", "telefono_celular": "0989077292", "hijos_hombres": 3, "sector": "Guang-Porotog", "tenencia_predio": "Escritura", "nivel_instruccion": "Primaria", "area_total": 3111.07, "org_riego": "GUANG-POROTOG ", "sector_comunidad": "MULAPOTERO", "canal": "GUANG-POROTOG ", "area_riego": 3111.07, "area_sin_riego": 0.0, "frecuencia_riego": "Semanal", "metodo_gravedad_pct": 100, "dias_riego": 2, "horas_turno": 24, "valor_tarifa": 2.5, "tipo_tarifa": "fijo mensual", "cota_msnm": 3370.0, "conoce_presa": "Sí", "como_elige_dir": "Asamblea general", "nom_presidente": "CÉSAR HUMBERTO QUISHPE ", "operador_sector": "CLEMENTE QUILOTOA ", "anios_sistema": 11, "km_canal": 72.0, "recibio_capacitacion": "Sí", "le_gustaria_cap": "Sí", "temas_capacitacion": "MEJORAMIENTO DE RIEGO", "cedula": "1717937278", "caudal_valor": 28.6, "coord_x_utm": 817825.48, "coord_y_utm": 9992258.13, "soberania_aliment_pct": 50, "act_productivas_pct": 50, "actividad_productiva": "Particular"}, "geometry": {"type": "Point", "coordinates": [-78.144971, -0.069956]}}, {"type": "Feature", "properties": {"id": "{ed70f3ea-cc13-4445-8a8e-1007bcbc8b72}", "cod_poligono": "1702520690050", "num_predio": 1, "propietario": "CAIZA TOAPANTA EDISON PATRICIO", "parroquia": "CANGAHUA", "caudal_tipo": "Recibe la Comunidad", "tiene_reservorio": "Comunitario", "foto_predio": "DCIM/fichas-predios_20260522133305362.jpg", "creado_por": "u0_a70", "fecha_creacion": "2026-05-22T13:27:35.320Z", "apellidos": "CAIZA TOAPANTA", "nombres": "EDISON PATRICIO", "clave_catastral": "1702520540081", "telefono_celular": "0989077292", "hijos_hombres": 3, "sector": "Guang-Porotog", "tenencia_predio": "Escritura", "nivel_instruccion": "Primaria", "area_total": 8147.94, "org_riego": "GUANG-POROTOG ", "sector_comunidad": "LA LIBERTAD", "canal": "GUANG-POROTOG ", "area_riego": 8147.94, "area_sin_riego": 0.0, "frecuencia_riego": "Semanal", "metodo_aspersion_pct": 100, "dias_riego": 1, "horas_turno": 12, "valor_tarifa": 2.5, "tipo_tarifa": "fijo mensual", "cota_msnm": 3425.0, "conoce_presa": "Sí", "como_elige_dir": "Asamblea general", "nom_presidente": "CÉSAR HUMBERTO QUISHPE ", "operador_sector": "CLEMENTE QUILOTOA ", "anios_sistema": 11, "km_canal": 72.0, "recibio_capacitacion": "Sí", "le_gustaria_cap": "Sí", "temas_capacitacion": "MEJORAMIENTO DE RIEGO", "cedula": "1717937278", "caudal_valor": 28.6, "coord_x_utm": 818595.14, "coord_y_utm": 9991107.17, "soberania_aliment_pct": 50, "act_productivas_pct": 50, "actividad_productiva": "Particular"}, "geometry": {"type": "Point", "coordinates": [-78.138062, -0.080355]}}, {"type": "Feature", "properties": {"id": "{bd67c51f-392d-45dd-8b49-944aa991c647}", "cod_poligono": "1702521100140", "num_predio": 1, "propietario": "CAIZA TOAPANTA EDISON PATRICIO", "parroquia": "CANGAHUA", "caudal_tipo": "Recibe la Comunidad", "tiene_reservorio": "Comunitario", "foto_predio": "DCIM/fichas-predios_20260522133808074.jpg", "creado_por": "u0_a70", "fecha_creacion": "2026-05-22T13:33:58.490Z", "apellidos": "CAIZA TOAPANTA", "nombres": "EDISON PATRICIO", "clave_catastral": "1702520540081", "telefono_celular": "0989077292", "hijos_hombres": 3, "sector": "Guang-Porotog", "tenencia_predio": "Escritura", "nivel_instruccion": "Primaria", "area_total": 1774.09, "org_riego": "GUANG-POROTOG ", "sector_comunidad": "TOTORA", "canal": "GUANG-POROTOG ", "area_riego": 1774.09, "area_sin_riego": 0.0, "frecuencia_riego": "Semanal", "metodo_gravedad_pct": 100, "dias_riego": 1, "horas_turno": 12, "valor_tarifa": 2.5, "tipo_tarifa": "fijo mensual", "cota_msnm": 3575.0, "conoce_presa": "Sí", "como_elige_dir": "Asamblea general", "nom_presidente": "CÉSAR HUMBERTO QUISHPE ", "operador_sector": "CLEMENTE QUILOTOA ", "anios_sistema": 11, "km_canal": 72.0, "recibio_capacitacion": "Sí", "le_gustaria_cap": "Sí", "temas_capacitacion": "MEJORAMIENTO DE RIEGO", "cedula": "1717937278", "caudal_valor": 28.6, "coord_x_utm": 818085.06, "coord_y_utm": 9988452.48, "soberania_aliment_pct": 50, "act_productivas_pct": 50, "actividad_productiva": "Particular"}, "geometry": {"type": "Point", "coordinates": [-78.142638, -0.104343]}}, {"type": "Feature", "properties": {"id": "{fd93f4c7-e860-4da2-b50f-25d74f6ccab6}", "cod_poligono": "1702520530021", "num_predio": 1, "propietario": "SALAZAR SALAZAR ALEX FRANCISCO", "parroquia": "CANGAHUA", "caudal_tipo": "Recibe la Comunidad", "tiene_reservorio": "Comunitario", "foto_predio": "DCIM/fichas-predios_20260522144756564.jpg", "creado_por": "u0_a70", "fecha_creacion": "2026-05-22T14:29:49.972Z", "apellidos": "SALAZAR SALAZAR", "nombres": "ALEX FRANCISCO", "clave_catastral": "1702520530021", "telefono_celular": "0939602003", "hijos_hombres": 3, "hijos_mujeres": 1, "sector": "Guang-Porotog", "tenencia_predio": "Escritura", "nivel_instruccion": "Primaria", "area_total": 6240.04, "org_riego": "GUANG-POROTOG ", "sector_comunidad": "SAN PEDRO ", "canal": "GUANG-POROTOG ", "area_riego": 6240.04, "area_sin_riego": 0.0, "frecuencia_riego": "Semanal", "metodo_aspersion_pct": 100, "dias_riego": 2, "horas_turno": 24, "valor_tarifa": 2.5, "tipo_tarifa": "fijo mensual", "cota_msnm": 3360.0, "conoce_presa": "Sí", "como_elige_dir": "Asamblea general", "nom_presidente": "CÉSAR HUMBERTO QUISHPE ", "operador_sector": "CLEMENTE QUILOTOA ", "anios_sistema": 11, "km_canal": 72.0, "recibio_capacitacion": "Sí", "le_gustaria_cap": "Sí", "temas_capacitacion": "MEJORAMIENTO DEL RIEGO", "cedula": "1726101791", "caudal_valor": 28.6, "coord_x_utm": 817210.36, "coord_y_utm": 9992593.21, "soberania_aliment_pct": 50, "act_productivas_pct": 50, "actividad_productiva": "Particular"}, "geometry": {"type": "Point", "coordinates": [-78.150492, -0.066928]}}, {"type": "Feature", "properties": {"id": "{4a485b5a-3f3e-4aa8-99ad-79bc09b46f48}", "cod_poligono": "1702520530011", "num_predio": 1, "propietario": "SALAZAR GARCIA SEGUNDO FRANCISCO", "parroquia": "CANGAHUA", "caudal_tipo": "Recibe la Comunidad", "tiene_reservorio": "Comunitario", "foto_predio": "DCIM/fichas-predios_20260522145506134.jpg", "creado_por": "u0_a70", "fecha_creacion": "2026-05-22T14:48:39.901Z", "apellidos": "SALAZAR GARCIA", "nombres": "SEGUNDO FRANCISCO", "clave_catastral": "1702520530021", "telefono_celular": "0939602003", "hijos_hombres": 3, "hijos_mujeres": 1, "sector": "Guang-Porotog", "tenencia_predio": "Escritura", "nivel_instruccion": "Primaria", "area_total": 6394.0, "org_riego": "GUANG-POROTOG ", "sector_comunidad": "SAN PEDRO ", "canal": "GUANG-POROTOG ", "area_riego": 6394.0, "area_sin_riego": 0.0, "frecuencia_riego": "Semanal", "metodo_aspersion_pct": 100, "dias_riego": 2, "horas_turno": 24, "valor_tarifa": 2.5, "tipo_tarifa": "fijo mensual", "agua_consumo": 1, "energia_electrica": 1, "cota_msnm": 3360.0, "conoce_presa": "Sí", "como_elige_dir": "Asamblea general", "nom_presidente": "CÉSAR HUMBERTO QUISHPE ", "operador_sector": "CLEMENTE QUILOTOA ", "anios_sistema": 11, "km_canal": 72.0, "recibio_capacitacion": "Sí", "le_gustaria_cap": "Sí", "temas_capacitacion": "MEJORAMIENTO DEL RIEGO", "cedula": "1714022017", "caudal_valor": 28.6, "coord_x_utm": 817222.89, "coord_y_utm": 9992570.66, "soberania_aliment_pct": 50, "act_productivas_pct": 50, "actividad_productiva": "Particular"}, "geometry": {"type": "Point", "coordinates": [-78.150379, -0.067132]}}, {"type": "Feature", "properties": {"id": "{d0382bb8-3e8f-4acc-a34b-467e90ac98b4}", "cod_poligono": "1702520530042", "num_predio": 1, "propietario": "HEREDEROS DE SALAZAR MERCEDES", "parroquia": "CANGAHUA", "caudal_tipo": "Recibe la Comunidad", "tiene_reservorio": "Comunitario", "foto_predio": "DCIM/fichas-predios_20260522150047324.jpg", "creado_por": "u0_a70", "fecha_creacion": "2026-05-22T14:55:45.996Z", "apellidos": "HEREDEROS DE SALAZAR", "nombres": "MERCEDES", "clave_catastral": "1702520530021", "telefono_celular": "0939602003", "hijos_hombres": 3, "hijos_mujeres": 1, "sector": "Guang-Porotog", "tenencia_predio": "Escritura", "nivel_instruccion": "Primaria", "area_total": 6236.23, "org_riego": "GUANG-POROTOG ", "sector_comunidad": "SAN PEDRO ", "canal": "GUANG-POROTOG ", "area_riego": 6236.23, "area_sin_riego": 0.0, "frecuencia_riego": "Semanal", "metodo_aspersion_pct": 100, "dias_riego": 2, "horas_turno": 24, "valor_tarifa": 2.5, "tipo_tarifa": "fijo mensual", "agua_consumo": 1, "energia_electrica": 1, "material_construccion": "MIXTA", "cota_msnm": 3360.0, "conoce_presa": "Sí", "como_elige_dir": "Asamblea general", "nom_presidente": "CÉSAR HUMBERTO QUISHPE ", "operador_sector": "CLEMENTE QUILOTOA ", "anios_sistema": 11, "km_canal": 72.0, "recibio_capacitacion": "Sí", "le_gustaria_cap": "Sí", "temas_capacitacion": "MEJORAMIENTO DEL RIEGO", "caudal_valor": 28.6, "coord_x_utm": 817240.72, "coord_y_utm": 9992547.2, "soberania_aliment_pct": 50, "act_productivas_pct": 50, "actividad_productiva": "Particular", "observaciones": "El hermano Francisco Salazar de la dueña del predio, fallecida hace uso del terreno "}, "geometry": {"type": "Point", "coordinates": [-78.150219, -0.067344]}}, {"type": "Feature", "properties": {"id": "{ab660d6d-a818-40fd-a444-3c10e5f7922c}", "cod_poligono": "1702520690021", "num_predio": 2, "propietario": "SALAZAR AIGAJE SEGUNDO CAMILO", "parroquia": "CANGAHUA", "caudal_tipo": "Recibe la Comunidad", "tiene_reservorio": "Comunitario", "foto_predio": "DCIM/fichas-predios_20260522151208493.jpg", "creado_por": "u0_a70", "fecha_creacion": "2026-05-22T15:03:18.675Z", "apellidos": "SALAZAR AIGAJE", "nombres": "SEGUNDO CAMILO", "clave_catastral": "1702520530021", "telefono_celular": "0939602003", "hijos_hombres": 3, "hijos_mujeres": 1, "sector": "Guang-Porotog", "tenencia_predio": "Escritura", "nivel_instruccion": "Primaria", "area_total": 8149.87, "org_riego": "GUANG-POROTOG ", "sector_comunidad": "MULAPOTERO ", "canal": "GUANG-POROTOG ", "area_riego": 8149.87, "area_sin_riego": 0.0, "frecuencia_riego": "Semanal", "metodo_gravedad_pct": 100, "dias_riego": 1, "horas_turno": 12, "valor_tarifa": 2.5, "tipo_tarifa": "fijo mensual", "agua_consumo": 1, "energia_electrica": 1, "material_construccion": "HORMIGÓN ARMADO", "cota_msnm": 3415.0, "conoce_presa": "Sí", "como_elige_dir": "Asamblea general", "nom_presidente": "CÉSAR HUMBERTO QUISHPE ", "operador_sector": "CLEMENTE QUILOTOA ", "anios_sistema": 11, "km_canal": 72.0, "recibio_capacitacion": "Sí", "le_gustaria_cap": "Sí", "temas_capacitacion": "MEJORAMIENTO DEL RIEGO", "cedula": "1704701257", "caudal_valor": 28.6, "coord_x_utm": 818702.02, "coord_y_utm": 9991226.42, "soberania_aliment_pct": 50, "act_productivas_pct": 50, "actividad_productiva": "Particular", "observaciones": "El señor Francisco Salazar maneja 2000 m de este terreno y manifiesta que en el mismo lote realizó su compra, pero no refleja en el sistema "}, "geometry": {"type": "Point", "coordinates": [-78.137103, -0.079278]}}, {"type": "Feature", "properties": {"id": "{6be80492-3e8e-4a7e-b358-6c3faa6fee09}", "cod_poligono": "1702521020113", "num_predio": 1, "propietario": "MALDONADO TIPANLUIZA CLARA", "parroquia": "CANGAHUA", "caudal_tipo": "Recibe la Comunidad", "tiene_reservorio": "Comunitario", "foto_predio": "DCIM/fichas-predios_20260522154526819.jpg", "creado_por": "u0_a70", "fecha_creacion": "2026-05-22T15:27:57.213Z", "apellidos": "MALDONADO TIPANLUIZA", "nombres": "CLARA", "clave_catastral": "1702521020113", "telefono_celular": "0993153931", "hijos_hombres": 1, "hijos_mujeres": 3, "sector": "Guang-Porotog", "tenencia_predio": "Escritura", "nivel_instruccion": "Ninguno", "area_total": 6060.33, "org_riego": "GUANG-POROTOG ", "sector_comunidad": "MULAPOTERO ", "canal": "GUANG-POROTOG ", "area_riego": 6060.33, "area_sin_riego": 0.0, "frecuencia_riego": "Semanal", "metodo_gravedad_pct": 100, "dias_riego": 1, "horas_turno": 12, "valor_tarifa": 2.5, "tipo_tarifa": "fijo mensual", "agua_consumo": 1, "energia_electrica": 1, "material_construccion": "BLOQUE", "cota_msnm": 3460.0, "conoce_presa": "Sí", "como_elige_dir": "Asamblea general", "nom_presidente": "CÉSAR HUMBERTO QUISHPE ", "operador_sector": "CLEMENTE QUILOTOA ", "anios_sistema": 11, "km_canal": 72.0, "recibio_capacitacion": "Sí", "le_gustaria_cap": "Sí", "temas_capacitacion": "MEJORAMIENTO DEL RIEGO ", "cedula": "1702660117", "caudal_valor": 26.8, "coord_x_utm": 818764.24, "coord_y_utm": 9990543.59, "soberania_aliment_pct": 50, "act_productivas_pct": 50, "actividad_productiva": "Particular", "observaciones": "Actualizó la ficha la hija de la señora que es regante del predio también es regante de predio con la clave :1702520540017 "}, "geometry": {"type": "Point", "coordinates": [-78.136544, -0.085448]}}, {"type": "Feature", "properties": {"id": "{f829f21a-c0fe-4ea9-8632-63af7e7a167d}", "cod_poligono": "1702521020112", "num_predio": 1, "codigo_final": "S-C-P001_14", "propietario": "MALDONADO TIPANLUIZA ASCIENCIO", "parroquia": "CANGAHUA", "creado_por": "u0_a70", "fecha_creacion": "2026-05-22T16:25:07.791Z", "apellidos": "MALDONADO TIPANLUIZA", "nombres": "ASCIENCIO", "clave_catastral": "1702521020112", "area_total": 3082.59, "area_riego": 3082.59, "area_sin_riego": 0.0, "cota_msnm": 3455.0, "cedula": "1710423532", "coord_x_utm": 818748.49, "coord_y_utm": 9990594.61}, "geometry": {"type": "Point", "coordinates": [-78.136685, -0.084987]}}, {"type": "Feature", "properties": {"id": "{df35f0d1-b6bf-4183-9421-a0495f124c75}", "cod_poligono": "1702520690014", "num_predio": 1, "propietario": "IMBAQUINGO CHOLANGO MARIA NICOLASA", "parroquia": "CANGAHUA", "caudal_tipo": "Recibe la Comunidad", "tiene_reservorio": "Comunitario", "foto_predio": "DCIM/fichas-predios_20260522090759607.jpg", "creado_por": "u0_a279", "fecha_creacion": "2026-05-22T08:50:35.732Z", "apellidos": "IMBAQUINGO CHOLANGO", "nombres": "MARIA NICOLASA", "clave_catastral": "1702520690014", "telefono_celular": "0986003548", "hijos_hombres": 3, "hijos_mujeres": 2, "sector": "Guang-Porotog", "tenencia_predio": "Escritura", "nivel_instruccion": "Primaria", "area_total": 2777.67, "org_riego": "GUANGUILQUI-POROTOG", "sector_comunidad": "LA LIBERTAD ", "canal": "GUANGUILQUI--POROTOG", "area_riego": 2777.67, "area_sin_riego": 0.0, "frecuencia_riego": "Semanal", "metodo_aspersion_pct": 100, "dias_riego": 1, "horas_turno": 12, "valor_tarifa": 2.5, "tipo_tarifa": "fijo mensual", "agua_consumo": 1, "energia_electrica": 1, "material_construccion": "BLOQUE", "cota_msnm": 3415.0, "conoce_presa": "Sí", "como_elige_dir": "Asamblea general", "nom_presidente": "CESAR HUMBERTO QUISHPE", "operador_sector": "CLEMENTE QUINOTOA", "anios_sistema": 8, "km_canal": 72.0, "recibio_capacitacion": "No", "le_gustaria_cap": "Sí", "temas_capacitacion": "MANEJO DE RIEGO PARA NUEVOS CULTIVOS ", "cedula": "1706751425", "caudal_valor": 28.3, "coord_x_utm": 818655.21, "coord_y_utm": 9991248.56, "soberania_aliment_pct": 50, "act_productivas_pct": 50}, "geometry": {"type": "Point", "coordinates": [-78.137523, -0.079078]}}, {"type": "Feature", "properties": {"id": "{81fbfb3e-d223-497d-8448-15ee2e1aaca2}", "cod_poligono": "1702520530002", "num_predio": 1, "propietario": "IMBAQUINGO CHOLANGO MARIA NICOLASA", "parroquia": "CANGAHUA", "caudal_tipo": "Recibe la Comunidad", "tiene_reservorio": "Comunitario", "foto_predio": "DCIM/fichas-predios_20260522092152737.jpg", "creado_por": "u0_a279", "fecha_creacion": "2026-05-22T09:13:03.825Z", "apellidos": "IMBAQUINGO CHOLANGO", "nombres": "MARIA NICOLASA", "clave_catastral": "1702520530002", "telefono_celular": "0986003548", "hijos_hombres": 3, "hijos_mujeres": 2, "sector": "Guang-Porotog", "tenencia_predio": "Escritura", "nivel_instruccion": "Primaria", "area_total": 22554.8, "org_riego": "GUANGUILQUI-POROTOG", "sector_comunidad": "LA LIBERTAD ", "canal": "GUANGUILQUI--POROTOG", "area_riego": 22554.8, "area_sin_riego": 0.0, "frecuencia_riego": "Semanal", "metodo_aspersion_pct": 100, "dias_riego": 1, "horas_turno": 12, "valor_tarifa": 2.5, "tipo_tarifa": "fijo mensual", "agua_consumo": 1, "energia_electrica": 1, "material_construccion": "BLOQUE", "cota_msnm": 3355.0, "conoce_presa": "Sí", "como_elige_dir": "Asamblea general", "nom_presidente": "CESAR HUMBERTO QUISHPE ", "operador_sector": "CLEMENTE QUINOTOA", "anios_sistema": 11, "km_canal": 7.0, "recibio_capacitacion": "No", "le_gustaria_cap": "Sí", "temas_capacitacion": "MEJORA DEL SISTEMA DE RIEGO PARA NUEVOS CULTIVOS.", "cedula": "1706751425", "caudal_valor": 28.3, "coord_x_utm": 817010.71, "coord_y_utm": 9992506.83, "soberania_aliment_pct": 20, "act_productivas_pct": 80, "actividad_productiva": "Particular"}, "geometry": {"type": "Point", "coordinates": [-78.152284, -0.067709]}}, {"type": "Feature", "properties": {"id": "{5f9adba2-e535-45c6-a44e-cf233297ce49}", "cod_poligono": "1702521410017", "num_predio": 1, "propietario": "IMBAQUINGO CHOLANGO MARIA NICOLASA", "parroquia": "CANGAHUA", "caudal_tipo": "Recibe la Comunidad", "tiene_reservorio": "Comunitario", "foto_predio": "DCIM/fichas-predios_20260522094434957.jpg", "creado_por": "u0_a279", "fecha_creacion": "2026-05-22T09:34:06.827Z", "apellidos": "IMBAQUINGO CHOLANGO", "nombres": "MARIA NICOLASA", "clave_catastral": "1702521410017", "telefono_celular": "0986003548", "hijos_hombres": 3, "hijos_mujeres": 2, "sector": "Guang-Porotog", "tenencia_predio": "Escritura", "nivel_instruccion": "Primaria", "area_total": 12684.46, "org_riego": "GUANGUILQUI-POROTOG", "sector_comunidad": "LA LIBERTAD CONDOR LOMA", "canal": "GUANGUILQUI--POROTOG", "area_riego": 12684.46, "area_sin_riego": 0.0, "frecuencia_riego": "Semanal", "metodo_gravedad_pct": 100, "dias_riego": 1, "horas_turno": 12, "valor_tarifa": 5.0, "tipo_tarifa": "fijo anual", "material_construccion": "MADERA", "cota_msnm": 3605.0, "conoce_presa": "Sí", "como_elige_dir": "Asamblea general", "nom_presidente": "JOSE JOAQUIN TIPANLUISA", "operador_sector": "CLEMENTE QUINOTOA", "anios_sistema": 20, "km_canal": 63.0, "recibio_capacitacion": "No", "le_gustaria_cap": "Sí", "temas_capacitacion": "MANEJO DEL SISTEMA DE RIEGO PARA NUEVOS CULTIVOS.", "cedula": "1706751425", "caudal_valor": 28.3, "coord_x_utm": 818945.72, "coord_y_utm": 9988684.62, "soberania_aliment_pct": 50, "act_productivas_pct": 50, "actividad_productiva": "Particular"}, "geometry": {"type": "Point", "coordinates": [-78.134914, -0.102245]}}, {"type": "Feature", "properties": {"id": "{53d1ed52-2c6c-406b-bbcc-80c59e44a43c}", "cod_poligono": "1702520520039", "num_predio": 1, "propietario": "AVELLANEDA ACOSTA MARCELO WALTER", "parroquia": "CANGAHUA", "caudal_tipo": "Recibe la Comunidad", "tiene_reservorio": "Comunitario", "foto_predio": "DCIM/fichas-predios_20260522100137880.jpg", "creado_por": "u0_a279", "fecha_creacion": "2026-05-22T09:48:26.672Z", "apellidos": "AVELLANEDA ACOSTA", "nombres": "MARCELO WALTER", "clave_catastral": "1702520520039", "telefono_celular": "0960020227", "hijos_hombres": 2, "hijos_mujeres": 1, "sector": "Guang-Porotog", "tenencia_predio": "Escritura", "nivel_instruccion": "Primaria", "area_total": 186322.82, "org_riego": "GUANGUILQUI-POROTOG", "sector_comunidad": "SAN PEDRO-LA LIBERTAD ", "canal": "GUANGUILQUI--POROTOG", "area_riego": 186322.82, "area_sin_riego": 0.0, "frecuencia_riego": "Semanal", "metodo_aspersion_pct": 100, "dias_riego": 2, "horas_turno": 12, "valor_tarifa": 5.0, "tipo_tarifa": "fijo mensual", "agua_consumo": 1, "energia_electrica": 1, "material_construccion": "LADRILLO", "cota_msnm": 3350.0, "conoce_presa": "Sí", "como_elige_dir": "Asamblea general", "nom_presidente": "CÉSAR HUMBERTO QUISHPE", "operador_sector": "CLEMENTE QUINOTOA ", "anios_sistema": 12, "km_canal": 72.0, "recibio_capacitacion": "Sí", "le_gustaria_cap": "Sí", "temas_capacitacion": "CONOCIMIENTO SOBRE EL MANEJI DE SUELOS PARA LA PRODUCCION DE NUEVOS CULTIVOS ", "cedula": "1705680500", "caudal_valor": 28.3, "coord_x_utm": 817287.41, "coord_y_utm": 9992962.62, "soberania_aliment_pct": 30, "act_productivas_pct": 70, "actividad_productiva": "Particular"}, "geometry": {"type": "Point", "coordinates": [-78.149801, -0.06359]}}, {"type": "Feature", "properties": {"id": "{716d6de5-a80e-4430-863b-1680a3ca7175}", "cod_poligono": "1702520510132", "num_predio": 1, "propietario": "LANCHIMBA QUINATOA WILMER ORLANDO", "parroquia": "CANGAHUA", "caudal_tipo": "Recibe la Comunidad", "tiene_reservorio": "Comunitario", "foto_predio": "DCIM/fichas-predios_20260522110302768.jpg", "creado_por": "u0_a279", "fecha_creacion": "2026-05-22T10:52:02.539Z", "apellidos": "LANCHIMBA QUINATOA", "nombres": "WILMER ORLANDO", "clave_catastral": "1702520510132", "telefono_celular": "0991384893", "hijos_hombres": 1, "hijos_mujeres": 1, "sector": "Guang-Porotog", "tenencia_predio": "Escritura", "nivel_instruccion": "Superior", "area_total": 5742.79, "org_riego": "GUANGUILQUI-POROTOG", "sector_comunidad": "SAN PEDRO- LA LIBERTAD", "canal": "GUANGUILQUI-POROTOG", "area_riego": 5742.79, "area_sin_riego": 0.0, "frecuencia_riego": "Quincenal", "metodo_aspersion_pct": 100, "dias_riego": 3, "horas_turno": 12, "valor_tarifa": 5.0, "tipo_tarifa": "fijo mensual", "cota_msnm": 3340.0, "conoce_presa": "No", "como_elige_dir": "Asamblea general", "nom_presidente": "CÉSAR HUMBERTO QUISHPE", "operador_sector": "CLEMENTE QUINOTOA", "anios_sistema": 13, "km_canal": 72.0, "recibio_capacitacion": "No", "le_gustaria_cap": "Sí", "temas_capacitacion": "MANEJO DE SUELOS PARA LA PRODUCCION DE NUEVOS CULTIVOS.", "cedula": "1726104712", "caudal_valor": 28.3, "coord_x_utm": 816605.93, "coord_y_utm": 9992498.71, "soberania_aliment_pct": 50, "act_productivas_pct": 50, "actividad_productiva": "Particular"}, "geometry": {"type": "Point", "coordinates": [-78.155917, -0.067782]}}, {"type": "Feature", "properties": {"id": "{55b6257e-c139-4699-9a4f-b01d40a6acd7}", "cod_poligono": "1702520540065", "num_predio": 1, "propietario": "ASCANTA CASCO JANETH ALEXANDRA", "parroquia": "CANGAHUA", "caudal_tipo": "Recibe la Comunidad", "tiene_reservorio": "Comunitario", "foto_predio": "DCIM/fichas-predios_20260522112208712.jpg", "creado_por": "u0_a279", "fecha_creacion": "2026-05-22T11:14:07.702Z", "apellidos": "ASCANTA CASCO", "nombres": "JANETH ALEXANDRA", "clave_catastral": "1702520540065", "telefono_celular": "0985682528", "hijos_hombres": 1, "sector": "Guang-Porotog", "tenencia_predio": "Escritura", "nivel_instruccion": "Primaria", "area_total": 5575.98, "org_riego": "GUANGUILQUI-POROTOG", "sector_comunidad": "CRUZ LOMA- LA LIBERTAD", "canal": "GUANGUILQUI POROTOG", "area_riego": 5575.98, "area_sin_riego": 0.0, "frecuencia_riego": "Semanal", "metodo_aspersion_pct": 100, "dias_riego": 4, "horas_turno": 12, "valor_tarifa": 3.0, "tipo_tarifa": "fijo mensual", "agua_consumo": 1, "energia_electrica": 1, "material_construccion": "BLOQUE", "cota_msnm": 3380.0, "conoce_presa": "Sí", "como_elige_dir": "Asamblea general", "nom_presidente": "CESAR HUMBERTO QUISHPE", "operador_sector": "CLEMENTE QUINATOA", "anios_sistema": 11, "km_canal": 72.0, "recibio_capacitacion": "No", "le_gustaria_cap": "Sí", "temas_capacitacion": "SISTEMA DE RIEGO", "cedula": "1003993134", "caudal_valor": 28.3, "coord_x_utm": 818269.96, "coord_y_utm": 9992380.15}, "geometry": {"type": "Point", "coordinates": [-78.140981, -0.068853]}}, {"type": "Feature", "properties": {"id": "{b6ff6529-8928-4371-a3be-d4b5edeb4ed9}", "cod_poligono": "1702520530072", "num_predio": 1, "propietario": "SALAZAR MALDONADO LUZ MARIA", "parroquia": "CANGAHUA", "caudal_tipo": "Recibe la Comunidad", "tiene_reservorio": "Comunitario", "foto_predio": "DCIM/fichas-predios_20260522120815281.jpg", "creado_por": "u0_a279", "fecha_creacion": "2026-05-22T11:58:38.378Z", "apellidos": "SALAZAR MALDONADO", "nombres": "LUZ MARIA", "clave_catastral": "1702520530072", "telefono_celular": "0992340754", "hijos_hombres": 1, "hijos_mujeres": 4, "sector": "Guang-Porotog", "tenencia_predio": "Escritura", "nivel_instruccion": "Alfabetizado", "area_total": 13586.68, "org_riego": "GUANGUILQUI-POROTOG", "sector_comunidad": "LA LIBERTAD", "canal": "GUANGUILQUI-POROTOG", "area_riego": 13586.68, "area_sin_riego": 0.0, "frecuencia_riego": "Semanal", "metodo_aspersion_pct": 100, "dias_riego": 1, "horas_turno": 12, "valor_tarifa": 2.5, "tipo_tarifa": "fijo mensual", "agua_consumo": 1, "material_construccion": "Otros", "cota_msnm": 3355.0, "como_elige_dir": "Asamblea general", "nom_presidente": "CESAR HUMBERTO QUISHPE", "operador_sector": "CLEMENTE QUINATOA", "anios_sistema": 11, "km_canal": 72.0, "recibio_capacitacion": "No", "le_gustaria_cap": "Sí", "temas_capacitacion": "MANEJO DEL SISTEMA DE RIEGO PARA NUEVOS CULTIVOS.", "cedula": "1711778611", "caudal_valor": 28.3, "coord_x_utm": 817569.38, "coord_y_utm": 9992812.08, "soberania_aliment_pct": 5, "act_productivas_pct": 95, "actividad_productiva": "Particular", "observaciones": "El señor es regante de otras propiedades cuyas claves son las siguientes para que pinten:\n1702520530073, 170252053074, 1702521410062, 1702521100150, 1702521100149, 1702521100151", "material_constr_otro": "ADOBE"}, "geometry": {"type": "Point", "coordinates": [-78.14727, -0.06495]}}, {"type": "Feature", "properties": {"id": "{2558b81a-2a41-46db-8a75-f15f19860034}", "cod_poligono": "1702521100148", "num_predio": 1, "propietario": "IMBAQUINGO SOPALO JOSE MIGUEL", "parroquia": "CANGAHUA", "caudal_tipo": "Recibe la Comunidad", "tiene_reservorio": "Comunitario", "foto_predio": "DCIM/fichas-predios_20260522130219237.jpg", "creado_por": "u0_a279", "fecha_creacion": "2026-05-22T12:52:54.122Z", "apellidos": "IMBAQUINGO SOPALO", "nombres": "JOSE MIGUEL", "clave_catastral": "1702521100148", "telefono_celular": "0992340754", "hijos_mujeres": 2, "sector": "Guang-Porotog", "tenencia_predio": "Sin Escritura", "area_total": 645.21, "org_riego": "GUANGUILQUI-POROTOG", "sector_comunidad": "LA LIBERTAD", "canal": "GUANGUILQUI-POROTOG", "area_riego": 645.21, "area_sin_riego": 0.0, "frecuencia_riego": "Semanal", "metodo_gravedad_pct": 100, "dias_riego": 1, "horas_turno": 12, "valor_tarifa": 2.5, "tipo_tarifa": "fijo mensual", "agua_consumo": 1, "energia_electrica": 1, "material_construccion": "LADRILLO", "cota_msnm": 3520.0, "conoce_presa": "Sí", "como_elige_dir": "Asamblea general", "nom_presidente": "CESAR HUMBERTO QUISHPE", "operador_sector": "CLEMENTE QUINOTOA", "anios_sistema": 11, "km_canal": 72.0, "recibio_capacitacion": "Sí", "le_gustaria_cap": "Sí", "temas_capacitacion": "MANEJO DE RIEGO PARA NUEVOS CULTIVOS. ", "cedula": "1726111790", "caudal_valor": 28.6, "coord_x_utm": 818482.97, "coord_y_utm": 9988904.62, "soberania_aliment_pct": 20, "act_productivas_pct": 80, "actividad_productiva": "Particular", "observaciones": "NO POSEE ESCRITURAS Y EL PREDIO SIGUE A NOMBRE DEL SEÑOR JOSE MIGUEL IMBAQUIBGO SOPALO"}, "geometry": {"type": "Point", "coordinates": [-78.139067, -0.100257]}}, {"type": "Feature", "properties": {"id": "{ad688211-67e4-4497-b152-fd6444385ed3}", "cod_poligono": "1702521410063", "num_predio": 1, "propietario": "SALAZAR MALDONADO LUZ MARIA", "parroquia": "CANGAHUA", "caudal_tipo": "Recibe la Comunidad", "tiene_reservorio": "Comunitario", "foto_predio": "DCIM/fichas-predios_20260522131015088.jpg", "creado_por": "u0_a279", "fecha_creacion": "2026-05-22T13:05:27.331Z", "apellidos": "SALAZAR MALDONADO", "nombres": "LUZ MARIA", "clave_catastral": "1702521410063", "telefono_celular": "0992340754", "sector": "Guang-Porotog", "tenencia_predio": "Sin Escritura", "nivel_instruccion": "Secundaria", "area_total": 7245.91, "org_riego": "GUANGUILQUI-POROTOG", "sector_comunidad": "LA LIBERTAD", "canal": "GUANGUILQUI-POROTOG", "area_riego": 7245.91, "area_sin_riego": 0.0, "frecuencia_riego": "Semanal", "metodo_gravedad_pct": 100, "dias_riego": 1, "horas_turno": 12, "valor_tarifa": 2.5, "tipo_tarifa": "fijo mensual", "agua_consumo": 1, "energia_electrica": 1, "material_construccion": "BLOQUE", "cota_msnm": 3525.0, "conoce_presa": "Sí", "como_elige_dir": "Asamblea general", "nom_presidente": "CESAR HUMBERTO QUISHPE", "operador_sector": "CLEMENTE QUINOTOA", "anios_sistema": 11, "km_canal": 72.0, "recibio_capacitacion": "Sí", "le_gustaria_cap": "Sí", "temas_capacitacion": "MANEJO DE RIEGO PARA NUEVOS CULTIVOS. ", "cedula": "1709018319", "caudal_valor": 28.6, "coord_x_utm": 818521.46, "coord_y_utm": 9988936.19, "soberania_aliment_pct": 50, "act_productivas_pct": 50, "actividad_productiva": "Particular", "observaciones": "NO POSEE ESCRITURAS Y EL PREDIO ESTA A NOMBRE DE LA SRA DE NOMBRE LUZ MARIA SALAZAR MALDONADO"}, "geometry": {"type": "Point", "coordinates": [-78.138722, -0.099972]}}, {"type": "Feature", "properties": {"id": "{5218b801-ef15-4dd1-b0cc-8c142e8eecfb}", "cod_poligono": "1702520690011", "num_predio": 1, "propietario": "TOAPANTA TOAPANTA JORGE ALBERTO", "parroquia": "CANGAHUA", "caudal_tipo": "Recibe la Comunidad", "tiene_reservorio": "Comunitario", "foto_predio": "DCIM/fichas-predios_20260522134133477.jpg", "creado_por": "u0_a279", "fecha_creacion": "2026-05-22T13:32:04.349Z", "apellidos": "TOAPANTA TOAPANTA", "nombres": "JORGE ALBERTO", "clave_catastral": "1702520690011", "telefono_celular": "0967440506", "hijos_hombres": 2, "hijos_mujeres": 1, "sector": "Guang-Porotog", "tenencia_predio": "Escritura", "nivel_instruccion": "Ninguno", "area_total": 5338.55, "org_riego": "GUALQUILQUI-POROTOG", "sector_comunidad": "LA LIBERTAD ", "canal": "GANGUILQUI-POROTOG", "area_riego": 5338.55, "area_sin_riego": 0.0, "frecuencia_riego": "Quincenal", "metodo_gravedad_pct": 100, "dias_riego": 1, "horas_turno": 4, "valor_tarifa": 5.0, "tipo_tarifa": "fijo mensual", "agua_consumo": 1, "energia_electrica": 1, "material_construccion": "BLOQUE", "cota_msnm": 3410.0, "conoce_presa": "Sí", "como_elige_dir": "Asamblea general", "nom_presidente": "CESAR HUMBERTO QUISHPE", "operador_sector": "CLEMENTE QUINOTOA", "anios_sistema": 18, "km_canal": 72.0, "recibio_capacitacion": "Sí", "le_gustaria_cap": "Sí", "temas_capacitacion": "MANEJO DE SUELOS PARA LA PRODUCCION DE NUEVOS CULTIVOS. ", "cedula": "1718678475", "caudal_valor": 28.6, "coord_x_utm": 818561.23, "coord_y_utm": 9991276.98, "soberania_aliment_pct": 50, "act_productivas_pct": 50, "actividad_productiva": "Particular"}, "geometry": {"type": "Point", "coordinates": [-78.138366, -0.078821]}}, {"type": "Feature", "properties": {"id": "{6affb2ca-518f-4404-bc0f-a6e78d39deca}", "cod_poligono": "1702520530070", "num_predio": 1, "propietario": "ANDRANGO PILLAJO MARIANO ASIENCIO", "parroquia": "CANGAHUA", "caudal_tipo": "Recibe la Comunidad", "tiene_reservorio": "Comunitario", "foto_predio": "DCIM/fichas-predios_20260522144543835.jpg", "creado_por": "u0_a279", "fecha_creacion": "2026-05-22T14:31:18.276Z", "apellidos": "ANDRANGO PILLAJO", "nombres": "MARIANO ASIENCIO", "clave_catastral": "1702520530070", "telefono_celular": "0997573713", "hijos_hombres": 2, "sector": "Guang-Porotog", "tenencia_predio": "Sin Escritura", "nivel_instruccion": "Primaria", "area_total": 5565.0, "org_riego": "GUANGUILQUI-POROTOG", "sector_comunidad": "LA LIBERTAD ", "canal": "GUANGUILQUI-POROTOG", "area_riego": 5565.0, "area_sin_riego": 0.0, "frecuencia_riego": "Mensual", "metodo_aspersion_pct": 100, "dias_riego": 1, "horas_turno": 12, "valor_tarifa": 5.0, "tipo_tarifa": "por turno", "agua_consumo": 1, "energia_electrica": 1, "material_construccion": "Otros", "cota_msnm": 3365.0, "conoce_presa": "Sí", "como_elige_dir": "Asamblea general", "nom_presidente": "CESAR HUMBERTO QUISHPE", "operador_sector": "CLEMENTE QUINOTOA", "anios_sistema": 7, "km_canal": 7.0, "recibio_capacitacion": "Sí", "le_gustaria_cap": "Sí", "temas_capacitacion": "MEJOR CONOCIMIENTO SOBRE MANEJO SUELOS PARA LA PRODUCCIÓN DE NUEVOS CULTIVOS.", "cedula": "1717181158", "caudal_valor": 28.6, "coord_x_utm": 817060.1, "coord_y_utm": 9992412.68, "soberania_aliment_pct": 10, "act_productivas_pct": 90, "actividad_productiva": "Particular", "observaciones": "NO POSEE ESCRITURAS Y CONSTA COMO REGENTE DE OTROS 4 PREDIOS: 1702520530068, 1702520540037, 1702521100114, 1702520690033", "material_constr_otro": "ADOBE"}, "geometry": {"type": "Point", "coordinates": [-78.151841, -0.068559]}}, {"type": "Feature", "properties": {"id": "{2c61759c-a314-463e-8254-8c1f73cf7f61}", "cod_poligono": "1702520530025", "num_predio": 1, "propietario": "SALAZAR MALDONADO JAIME ALEJANDRO", "parroquia": "CANGAHUA", "caudal_tipo": "Recibe la Comunidad", "tiene_reservorio": "Comunitario", "foto_predio": "DCIM/fichas-predios_20260522161858169.jpg", "creado_por": "u0_a279", "fecha_creacion": "2026-05-22T16:10:51.439Z", "apellidos": "SALAZAR MALDONADO", "nombres": "JAIME ALEJANDRO", "clave_catastral": "1702520530025", "telefono_celular": "0991190615", "hijos_hombres": 1, "hijos_mujeres": 2, "sector": "Guang-Porotog", "tenencia_predio": "Escritura", "nivel_instruccion": "Primaria", "area_total": 10458.49, "org_riego": "GUANQUILQUI-POROTOG", "sector_comunidad": "LA LIBERTAD ", "canal": "GUANGUILQUI-POROTOG", "area_riego": 10458.49, "area_sin_riego": 0.0, "frecuencia_riego": "Quincenal", "metodo_aspersion_pct": 100, "dias_riego": 1, "horas_turno": 12, "valor_tarifa": 2.5, "tipo_tarifa": "fijo mensual", "agua_consumo": 1, "material_construccion": "BLOQUE", "cota_msnm": 3375.0, "conoce_presa": "Sí", "como_elige_dir": "Asamblea general", "nom_presidente": "CESAR HUMBERTO QUISHPE", "operador_sector": "CLEMENTE QUINOTOA", "anios_sistema": 7, "km_canal": 7.0, "recibio_capacitacion": "Sí", "le_gustaria_cap": "Sí", "temas_capacitacion": "MEJOR CONOCIMIENTO SOBRE MANEJO SUELOS PARA LA PRODUCCIÓN DE NUEVOS CULTIVOS.", "cedula": "1717271991", "caudal_valor": 28.6, "coord_x_utm": 817209.0, "coord_y_utm": 9992317.69, "soberania_aliment_pct": 50, "act_productivas_pct": 50, "actividad_productiva": "Particular", "observaciones": "EL SEÑOR ES REGANTE DE OTROS PREDIOS CUYAS CLAVES CATASTRALES SON: 1702521100072, 1702521100073"}, "geometry": {"type": "Point", "coordinates": [-78.150504, -0.069418]}}, {"type": "Feature", "properties": {"id": "{e6911808-6dd5-4491-aaa6-0f5ae8b91b49}", "cod_poligono": "1702520530051", "num_predio": 1, "propietario": "MALDONADO ALBAN MARIA HORTENCIA", "parroquia": "CANGAHUA", "caudal_tipo": "Recibe la Comunidad", "tiene_reservorio": "Comunitario", "foto_predio": "DCIM/fichas-predios_20260522164237456.jpg", "creado_por": "u0_a279", "fecha_creacion": "2026-05-22T16:35:20.931Z", "apellidos": "MALDONADO ALBAN", "nombres": "MARIA HORTENCIA", "clave_catastral": "1702520530051", "telefono_celular": "0968139116", "hijos_hombres": 4, "hijos_mujeres": 1, "sector": "Guang-Porotog", "tenencia_predio": "Escritura", "nivel_instruccion": "Ninguno", "area_total": 10974.8, "org_riego": "GUANQUILQUI-POROTOG", "sector_comunidad": "LA LIBERTAD ", "canal": "GUANGUILQUI-POROTOG", "area_riego": 10974.8, "area_sin_riego": 0.0, "frecuencia_riego": "Quincenal", "metodo_aspersion_pct": 100, "dias_riego": 1, "horas_turno": 12, "valor_tarifa": 2.5, "tipo_tarifa": "fijo mensual", "agua_consumo": 1, "energia_electrica": 1, "material_construccion": "Otros", "cota_msnm": 3365.0, "conoce_presa": "Sí", "como_elige_dir": "Asamblea general", "nom_presidente": "CESAR HUMBERTO QUISHPE", "operador_sector": "CLEMENTE QUINOTOA", "anios_sistema": 7, "km_canal": 7.0, "recibio_capacitacion": "Sí", "le_gustaria_cap": "Sí", "temas_capacitacion": "MEJOR CONOCIMIENTO SOBRE MANEJO SUELOS PARA LA PRODUCCIÓN DE NUEVOS CULTIVOS.", "cedula": "1703534329", "caudal_valor": 28.6, "coord_x_utm": 817208.29, "coord_y_utm": 9992412.23, "soberania_aliment_pct": 50, "act_productivas_pct": 50, "actividad_productiva": "Particular", "observaciones": "LA SEÑORA ES REGANTE DE OTROS PREDIOS CUYAS CLAVES SON: 1702520530052, 1702520690015", "material_constr_otro": "ADOBE"}, "geometry": {"type": "Point", "coordinates": [-78.15051, -0.068563]}}, {"type": "Feature", "properties": {"id": "{459e630b-09cd-40e4-99f2-d78c63c06573}", "cod_poligono": "1702521410061", "num_predio": 1, "propietario": "ULCUANGO CHOLANGO ROSA CRISTINA", "parroquia": "CANGAHUA", "caudal_tipo": "Recibe la Comunidad", "tiene_reservorio": "Comunitario", "foto_predio": "DCIM/fichas-predios_20260522203338741.jpg", "creado_por": "u0_a279", "fecha_creacion": "2026-05-22T20:26:14.790Z", "apellidos": "ULCUANGO CHOLANGO", "nombres": "ROSA CRISTINA", "clave_catastral": "1702521410061", "telefono_celular": "0981025477", "hijos_hombres": 2, "sector": "Guang-Porotog", "tenencia_predio": "Sin Escritura", "nivel_instruccion": "Primaria", "area_total": 332.73, "org_riego": "GUANGUILQUI-POROTOG ", "sector_comunidad": "LA LIBERTAD", "canal": "GUANGUILQUI-POROTOG", "area_riego": 332.73, "area_sin_riego": 0.0, "frecuencia_riego": "Semanal", "metodo_gravedad_pct": 100, "dias_riego": 1, "horas_turno": 12, "valor_tarifa": 2.5, "tipo_tarifa": "fijo mensual", "cota_msnm": 3590.0, "conoce_presa": "Sí", "como_elige_dir": "Asamblea general", "nom_presidente": "CESAR HUMBERTO QUISHPE", "operador_sector": "CLEMENTE QUINOTOA", "anios_sistema": 11, "km_canal": 7.0, "recibio_capacitacion": "Sí", "le_gustaria_cap": "Sí", "temas_capacitacion": "MANEJO DE RIEGO PARA LA PRODUCCIÓN DE NUEVOS CULTIVOS. ", "cedula": "1724763477", "caudal_valor": 28.6, "coord_x_utm": 818859.25, "coord_y_utm": 9989059.38, "soberania_aliment_pct": 50, "act_productivas_pct": 50, "actividad_productiva": "Particular", "observaciones": "NO POSEE ESCRITURAS Y ES REGANTE DE OTRO PREDIO CUYA CLAVE CATASTRAL ES 1702520510139"}, "geometry": {"type": "Point", "coordinates": [-78.13569, -0.098859]}}, {"type": "Feature", "properties": {"id": "{bd86ba47-7a6e-44e8-bcf7-6d54a242a0dd}", "cod_poligono": "1702521020016", "num_predio": 1, "codigo_final": "S-C-P001", "propietario": "ASCANTA LANCHIMBA MANUEL FRANCISCO", "parroquia": "CANGAHUA", "caudal_tipo": "Recibe la Comunidad", "tiene_reservorio": "Comunitario", "foto_predio": "DCIM/fichas-predios_20260523070211258.jpg", "creado_por": "u0_a302", "fecha_creacion": "2026-05-23T06:56:35.608Z", "apellidos": "ASCANTA LANCHIMBA", "nombres": "MANUEL FRANCISCO", "clave_catastral": "1702521020016", "telefono_celular": "0988098434", "hijos_hombres": 1, "hijos_mujeres": 1, "sector": "Guang-Porotog", "tenencia_predio": "Escritura", "nivel_instruccion": "Superior", "area_total": 3308.65, "org_riego": "GUANGUILQUI POROTOG", "sector_comunidad": "SAN ANTONIO", "canal": "GUANGUILQUI POROTOG", "area_riego": 3308.65, "area_sin_riego": 0.0, "frecuencia_riego": "Mensual", "metodo_goteo_pct": 100, "dias_riego": 6, "horas_turno": 12, "valor_tarifa": 7.0, "tipo_tarifa": "por turno", "cota_msnm": 3445.0, "conoce_presa": "Sí", "como_elige_dir": "Asamblea general", "nom_presidente": "CESAR HUMBERTO QUISHPE", "operador_sector": "SERGIO ASCANTA", "anios_sistema": 50, "km_canal": 35.0, "recibio_capacitacion": "Sí", "le_gustaria_cap": "Sí", "temas_capacitacion": "SISTEMAS DE IRRIGACION", "cedula": "1711274330", "caudal_valor": 33.0, "coord_x_utm": 818713.9, "coord_y_utm": 9990887.29, "act_productivas_pct": 100, "actividad_productiva": "Particular", "observaciones": "Área del lote numero 2\n13407.78\nÁreas lote número 44\n4552.05\nLote madre\n1702521540014\n"}, "geometry": {"type": "Point", "coordinates": [-78.136996, -0.082342]}}, {"type": "Feature", "properties": {"id": "{24bb6353-775c-4f5d-8ad2-aa21a4645a18}", "cod_poligono": "1702520680018", "num_predio": 1, "codigo_final": "S-C-P001", "propietario": "IMBAQUINGO SOPALO MARIA MARTINA", "parroquia": "CANGAHUA", "caudal_tipo": "Recibe la Comunidad", "tiene_reservorio": "Comunitario", "creado_por": "u0_a70", "fecha_creacion": "2026-05-23T06:58:36.426Z", "apellidos": "IMBAQUINGO SOPALO", "nombres": "MARIA MARTINA", "clave_catastral": "1702520680018", "telefono_celular": "0992159957", "hijos_mujeres": 2, "sector": "Guang-Porotog", "tenencia_predio": "Sin Escritura", "nivel_instruccion": "Alfabetizado", "area_total": 12890.54, "org_riego": "GUANG-POROTOG ", "sector_comunidad": "NINARUMI", "canal": "GUANG-POROTOG ", "area_riego": 12890.54, "area_sin_riego": 0.0, "frecuencia_riego": "Semanal", "metodo_aspersion_pct": 100, "dias_riego": 3, "horas_turno": 36, "valor_tarifa": 21.0, "tipo_tarifa": "fijo anual", "agua_consumo": 1, "energia_electrica": 1, "material_construccion": "BLOQUE", "cota_msnm": 3405.0, "conoce_presa": "Sí", "como_elige_dir": "Asamblea general", "anios_sistema": 11, "km_canal": 7.0, "caudal_valor": 28.6, "coord_x_utm": 818811.59, "coord_y_utm": 9991579.37}, "geometry": {"type": "Point", "coordinates": [-78.136119, -0.076088]}}, {"type": "Feature", "properties": {"id": "{518003c3-3f86-47bf-947a-7d5e996a1ede}", "cod_poligono": "1702520680050", "num_predio": 1, "codigo_final": "S-C-P001", "propietario": "ASERO CHIMARRO LUIS ALBERTO", "parroquia": "CANGAHUA", "caudal_tipo": "Recibe la Comunidad", "tiene_reservorio": "Comunitario", "foto_predio": "DCIM/fichas-predios_20260523074056487.jpg", "creado_por": "u0_a302", "fecha_creacion": "2026-05-23T07:31:13.029Z", "apellidos": "ASERO CHIMARRO", "nombres": "LUIS ALBERTO", "clave_catastral": "1702520680050", "telefono_celular": "0991991470", "hijos_hombres": 2, "hijos_mujeres": 1, "sector": "Guang-Porotog", "tenencia_predio": "Escritura", "nivel_instruccion": "Primaria", "area_total": 4442.58, "org_riego": "GUANGUILQUI POROTOG", "sector_comunidad": "SAN ANTONIO", "canal": "GUANGUILQUI POROTOG", "area_riego": 4442.58, "area_sin_riego": 0.0, "frecuencia_riego": "Semanal", "metodo_goteo_pct": 100, "dias_riego": 2, "horas_turno": 8, "valor_tarifa": 7.0, "tipo_tarifa": "fijo anual", "agua_consumo": 1, "energia_electrica": 1, "material_construccion": "HORMIGÓN ARMADO", "cota_msnm": 3410.0, "conoce_presa": "Sí", "como_elige_dir": "Asamblea general", "nom_presidente": "JOAQUIN TIPANLUISA", "operador_sector": "SERGIO ASCANTA", "anios_sistema": 60, "km_canal": 73.0, "recibio_capacitacion": "Sí", "le_gustaria_cap": "Sí", "temas_capacitacion": "MANEJO DE AGUA", "cedula": "1715844021", "caudal_valor": 34.32, "coord_x_utm": 818989.41, "coord_y_utm": 9991721.14, "soberania_aliment_pct": 50, "act_productivas_pct": 50, "actividad_productiva": "Particular", "observaciones": "Lote comunal\nLote 18 8872m\nLote 52 5340m"}, "geometry": {"type": "Point", "coordinates": [-78.134524, -0.074807]}}, {"type": "Feature", "properties": {"id": "{1958c318-5e9b-4ab6-95e7-72e48563ca00}", "cod_poligono": "1702520680079", "num_predio": 1, "codigo_final": "S-C-P001", "propietario": "PILCA ULCUANGO MARIA ESTERLIA", "parroquia": "CANGAHUA", "caudal_tipo": "Recibe la Comunidad", "tiene_reservorio": "Comunitario", "foto_predio": "DCIM/fichas-predios_20260523075335180.jpg", "creado_por": "u0_a302", "fecha_creacion": "2026-05-23T07:48:59.735Z", "apellidos": "PILCA ULCUANGO", "nombres": "MARIA ESTERLIA", "clave_catastral": "1702520680079", "telefono_celular": "0930032485", "hijos_hombres": 3, "hijos_mujeres": 1, "sector": "Guang-Porotog", "tenencia_predio": "Escritura", "nivel_instruccion": "Ninguno", "area_total": 11950.19, "org_riego": "GUANGUILQUI POROTOG", "sector_comunidad": "SAN ANTONIO", "canal": "GUANGUILQUI POROTOG", "area_riego": 11950.19, "area_sin_riego": 0.0, "frecuencia_riego": "Semanal", "dias_riego": 3, "horas_turno": 12, "valor_tarifa": 20.0, "tipo_tarifa": "fijo anual", "agua_consumo": 1, "energia_electrica": 1, "material_construccion": "BLOQUE", "cota_msnm": 3400.0, "conoce_presa": "Sí", "como_elige_dir": "Asamblea general", "nom_presidente": "JOAQUIN TIPANLUISA", "operador_sector": "SERGIO ASCANTA", "anios_sistema": 60, "km_canal": 73.0, "recibio_capacitacion": "Sí", "le_gustaria_cap": "Sí", "temas_capacitacion": "MANEJO DE AGUA", "cedula": "1716562424", "caudal_valor": 34.32, "coord_x_utm": 819257.83, "coord_y_utm": 9991990.18, "soberania_aliment_pct": 50, "act_productivas_pct": 50, "actividad_productiva": "Particular"}, "geometry": {"type": "Point", "coordinates": [-78.132115, -0.072376]}}, {"type": "Feature", "properties": {"id": "{a7754eae-526c-4a31-ba35-9beb428f5131}", "cod_poligono": "1702520540029", "num_predio": 1, "codigo_final": "S-C-P001", "propietario": "PILCA LANCHIMBA SEGUNDO JUAN MARIA", "parroquia": "CANGAHUA", "caudal_tipo": "Recibe la Comunidad", "tiene_reservorio": "Comunitario", "foto_predio": "DCIM/fichas-predios_20260523080236749.jpg", "creado_por": "u0_a302", "fecha_creacion": "2026-05-23T07:56:06.524Z", "apellidos": "PILCA LANCHIMBA", "nombres": "SEGUNDO JUAN MARIA", "clave_catastral": "1702520540029", "telefono_celular": "0939458316", "hijos_hombres": 1, "hijos_mujeres": 2, "sector": "Guang-Porotog", "tenencia_predio": "Escritura", "nivel_instruccion": "Primaria", "area_total": 55757.53, "org_riego": "GUANGUILQUI POROTOG", "sector_comunidad": "SAN ANTONIO", "canal": "GUANGUILQUI POROTOG", "area_riego": 55757.53, "area_sin_riego": 0.0, "frecuencia_riego": "Semanal", "metodo_aspersion_pct": 100, "dias_riego": 2, "horas_turno": 12, "valor_tarifa": 7.0, "tipo_tarifa": "fijo anual", "cota_msnm": 3365.0, "conoce_presa": "Sí", "como_elige_dir": "Asamblea general", "nom_presidente": "JOAQUIN TIPANLUISA", "operador_sector": "SERGIO ASCANTA", "anios_sistema": 60, "km_canal": 73.0, "recibio_capacitacion": "Sí", "le_gustaria_cap": "Sí", "temas_capacitacion": "MANEJO DE AGUA", "cedula": "1711492239", "caudal_valor": 34.32, "coord_x_utm": 818304.69, "coord_y_utm": 9992806.81, "act_productivas_pct": 100, "actividad_productiva": "Particular", "observaciones": "1702521540014\nLote 12 12167.115m (todo riego)\n"}, "geometry": {"type": "Point", "coordinates": [-78.14067, -0.064997]}}, {"type": "Feature", "properties": {"id": "{effca747-3ebe-4a85-acb5-721de8a0da88}", "cod_poligono": "1702520490010", "num_predio": 1, "codigo_final": "S-C-P001", "propietario": "ACERO QUIMBIULCO MARIA ROSA", "parroquia": "CANGAHUA", "caudal_tipo": "Recibe la Comunidad", "tiene_reservorio": "Comunitario", "foto_predio": "DCIM/fichas-predios_20260523081038852.jpg", "creado_por": "u0_a302", "fecha_creacion": "2026-05-23T08:04:59.448Z", "apellidos": "ACERO QUIMBIULCO", "nombres": "MARIA ROSA", "clave_catastral": "1702520490010", "telefono_celular": "0990443044", "hijos_hombres": 2, "hijos_mujeres": 1, "sector": "Guang-Porotog", "tenencia_predio": "Sin Escritura", "nivel_instruccion": "Primaria", "area_total": 8026.29, "org_riego": "GUANGUILQUI POROTOG", "sector_comunidad": "SAN ANTONIO", "canal": "GUANGUILQUI POROTOG", "area_riego": 8026.29, "area_sin_riego": 0.0, "frecuencia_riego": "Semanal", "metodo_goteo_pct": 100, "dias_riego": 1, "horas_turno": 12, "valor_tarifa": 14.0, "tipo_tarifa": "fijo anual", "agua_consumo": 1, "energia_electrica": 1, "material_construccion": "BLOQUE", "cota_msnm": 3350.0, "conoce_presa": "Sí", "como_elige_dir": "Asamblea general", "nom_presidente": "JOAQUIN TIPANLUISA", "operador_sector": "JOAQUIN TIPANLUISA", "anios_sistema": 60, "km_canal": 73.0, "recibio_capacitacion": "Sí", "le_gustaria_cap": "Sí", "temas_capacitacion": "MANEJO DE AGUA", "cedula": "1726884313", "caudal_valor": 34.32, "coord_x_utm": 818071.78, "coord_y_utm": 9993050.48, "act_productivas_pct": 100, "actividad_productiva": "Particular", "observaciones": "Lote comunal 1702521540014 moras\nLote 30  2327.85 (todo riego)\nLote 65  2000 (todo riego)\n"}, "geometry": {"type": "Point", "coordinates": [-78.14276, -0.062796]}}, {"type": "Feature", "properties": {"id": "{c5a4b1c1-06fc-4e55-b465-06d9b790a502}", "cod_poligono": "1702521020048", "num_predio": 1, "codigo_final": "S-C-P001", "propietario": "ACERO SOPALO SEGUNDO ALEJO", "parroquia": "CANGAHUA", "caudal_tipo": "Recibe la Comunidad", "tiene_reservorio": "Comunitario", "foto_predio": "DCIM/fichas-predios_20260523082828302.jpg", "creado_por": "u0_a302", "fecha_creacion": "2026-05-23T08:19:23.129Z", "apellidos": "ACERO SOPALO", "nombres": "SEGUNDO ALEJO", "clave_catastral": "1702521020048", "telefono_celular": "0959657988", "hijos_hombres": 2, "hijos_mujeres": 1, "sector": "Guang-Porotog", "tenencia_predio": "Sin Escritura", "nivel_instruccion": "Primaria", "area_total": 5883.16, "org_riego": "GUANGUILQUI POROTOG", "sector_comunidad": "SAN ANTONIO", "canal": "GUANGUILQUI POROTOG", "area_riego": 5883.16, "area_sin_riego": 0.0, "frecuencia_riego": "Semanal", "metodo_aspersion_pct": 70, "metodo_goteo_pct": 30, "dias_riego": 1, "horas_turno": 12, "valor_tarifa": 14.0, "tipo_tarifa": "fijo anual", "agua_consumo": 1, "energia_electrica": 1, "material_construccion": "BLOQUE", "cota_msnm": 3485.0, "conoce_presa": "Sí", "como_elige_dir": "Asamblea general", "nom_presidente": "JOAQUIN TIPANLUISA", "operador_sector": "MARIANO TIPANLUISA", "anios_sistema": 60, "km_canal": 73.0, "recibio_capacitacion": "Sí", "le_gustaria_cap": "Sí", "temas_capacitacion": "SISTEMAS DE IRRIGACION Y SUELOS", "cedula": "1711492155", "caudal_valor": 34.32, "coord_x_utm": 818761.53, "coord_y_utm": 9990002.52, "act_productivas_pct": 100, "actividad_productiva": "Particular", "observaciones": "Lote comunal\n1702521540014\nLote 26  9031.83m riego todo\nLote 63 4871m sin riego\nLote 38 1600m todo riego"}, "geometry": {"type": "Point", "coordinates": [-78.136568, -0.090337]}}, {"type": "Feature", "properties": {"id": "{64517f52-6bbf-4c48-91d2-717d9b42ae34}", "cod_poligono": "1702521020085", "num_predio": 1, "codigo_final": "S-C-P001", "propietario": "ASCANTA ULCUANGO LUIS ABEL", "parroquia": "CANGAHUA", "caudal_tipo": "Recibe la Comunidad", "tiene_reservorio": "Comunitario", "foto_predio": "DCIM/fichas-predios_20260523083657365.jpg", "creado_por": "u0_a302", "fecha_creacion": "2026-05-23T08:30:08.399Z", "apellidos": "ASCANTA ULCUANGO", "nombres": "LUIS ABEL", "clave_catastral": "1702521020085", "telefono_celular": "0969579742", "hijos_hombres": 3, "hijos_mujeres": 2, "sector": "Guang-Porotog", "tenencia_predio": "Escritura", "nivel_instruccion": "Primaria", "area_total": 6191.68, "org_riego": "GUANGUILQUI POROTOG", "sector_comunidad": "SAN ANTONIO", "canal": "GUANGUILQUI POROTOG", "area_riego": 6191.68, "area_sin_riego": 0.0, "frecuencia_riego": "Mensual", "metodo_aspersion_pct": 100, "dias_riego": 6, "horas_turno": 12, "valor_tarifa": 7.0, "tipo_tarifa": "fijo anual", "agua_consumo": 1, "energia_electrica": 1, "material_construccion": "BLOQUE", "cota_msnm": 3455.0, "conoce_presa": "Sí", "como_elige_dir": "Asamblea general", "nom_presidente": "JOAQUIN TIPANLUISA", "operador_sector": "SERGIO ASCANTA", "anios_sistema": 60, "km_canal": 73.0, "recibio_capacitacion": "Sí", "le_gustaria_cap": "Sí", "temas_capacitacion": "SISTEMAS DE IRRIGACION Y SUELOS", "cedula": "1711438182", "caudal_valor": 34.32, "coord_x_utm": 818826.87, "coord_y_utm": 9990761.8, "act_productivas_pct": 100, "actividad_productiva": "Particular", "observaciones": "Terreno comunal\n1702521540014\nLote 18 13294.578 (todo riego)"}, "geometry": {"type": "Point", "coordinates": [-78.135982, -0.083476]}}, {"type": "Feature", "properties": {"id": "{47483484-a062-4163-ad94-5d55f2c17d0b}", "cod_poligono": "1702520490061", "num_predio": 1, "codigo_final": "S-C-P001", "propietario": "ULCUANGO TIPANLUIZA JUAN CRUZ", "parroquia": "CANGAHUA", "caudal_tipo": "Recibe la Comunidad", "tiene_reservorio": "Comunitario", "foto_predio": "DCIM/fichas-predios_20260523110643722.jpg", "creado_por": "u0_a302", "fecha_creacion": "2026-05-23T08:38:40.999Z", "apellidos": "ULCUANGO TIPANLUIZA", "nombres": "JUAN CRUZ", "clave_catastral": "1702520490061", "hijos_hombres": 2, "hijos_mujeres": 3, "sector": "Guang-Porotog", "tenencia_predio": "Escritura", "nivel_instruccion": "Ninguno", "area_total": 11608.6, "org_riego": "GUANGUILQUI POROTOG", "sector_comunidad": "SAN ANTONIO", "canal": "GUANGUILQUI POROTOG", "area_riego": 11608.6, "area_sin_riego": 0.0, "frecuencia_riego": "Semanal", "metodo_aspersion_pct": 100, "dias_riego": 1, "horas_turno": 12, "valor_tarifa": 7.0, "tipo_tarifa": "fijo anual", "cota_msnm": 3330.0, "conoce_presa": "Sí", "como_elige_dir": "Asamblea general", "nom_presidente": "JOAQUIN TIPANLUISA", "operador_sector": "SERGIO ASCANTA", "anios_sistema": 60, "km_canal": 73.0, "recibio_capacitacion": "Sí", "le_gustaria_cap": "Sí", "temas_capacitacion": "SISTEMAS DE IRRIGACION Y SUELOS", "cedula": "1707106397", "caudal_valor": 34.32, "coord_x_utm": 818424.54, "coord_y_utm": 9993534.89, "act_productivas_pct": 100, "actividad_productiva": "Particular"}, "geometry": {"type": "Point", "coordinates": [-78.139595, -0.058419]}}, {"type": "Feature", "properties": {"id": "{e346e964-1682-49f1-abe5-fef39c525a8b}", "cod_poligono": "1702520690037", "num_predio": 1, "codigo_final": "S-C-P001", "propietario": "MALDONADO ULCUANGO LUZ MARIA", "parroquia": "CANGAHUA", "caudal_tipo": "Recibe la Comunidad", "tiene_reservorio": "Comunitario", "foto_predio": "DCIM/fichas-predios_20260523085906620.jpg", "creado_por": "u0_a302", "fecha_creacion": "2026-05-23T08:53:03.358Z", "apellidos": "MALDONADO ULCUANGO", "nombres": "LUZ MARIA", "clave_catastral": "1702520690037", "hijos_hombres": 1, "hijos_mujeres": 6, "sector": "Guang-Porotog", "tenencia_predio": "Sin Escritura", "nivel_instruccion": "Primaria", "area_total": 1462.08, "org_riego": "GUANGUILQUI POROTOG", "sector_comunidad": "SAN ANTONIO ", "canal": "GUANGUILQUI POROTOG", "area_riego": 1462.08, "area_sin_riego": 0.0, "frecuencia_riego": "Semanal", "metodo_aspersion_pct": 100, "dias_riego": 1, "horas_turno": 12, "valor_tarifa": 3.0, "tipo_tarifa": "fijo mensual", "agua_consumo": 1, "energia_electrica": 1, "material_construccion": "BLOQUE", "cota_msnm": 3420.0, "conoce_presa": "Sí", "como_elige_dir": "Asamblea general", "nom_presidente": "JOAQUIN TIPANLUISA", "operador_sector": "SERGIO ASCANTA", "anios_sistema": 60, "km_canal": 73.0, "recibio_capacitacion": "Sí", "le_gustaria_cap": "No", "cedula": "1710842814", "caudal_valor": 34.32, "coord_x_utm": 818871.68, "coord_y_utm": 9991117.65, "act_productivas_pct": 100, "actividad_productiva": "Particular"}, "geometry": {"type": "Point", "coordinates": [-78.13558, -0.08026]}}, {"type": "Feature", "properties": {"id": "{299c16f5-d5ee-4a0e-ae38-5f727a555af4}", "cod_poligono": "1702520680104", "num_predio": 1, "codigo_final": "S-C-P001", "propietario": "ANDRANGO ASCANTA JUAN OSWALDO", "parroquia": "CANGAHUA", "caudal_tipo": "Recibe la Comunidad", "tiene_reservorio": "Comunitario", "foto_predio": "DCIM/fichas-predios_20260523090626684.jpg", "creado_por": "u0_a302", "fecha_creacion": "2026-05-23T09:01:42.536Z", "apellidos": "ANDRANGO ASCANTA", "nombres": "JUAN OSWALDO", "clave_catastral": "1702520680104", "telefono_celular": "0985434547", "hijos_mujeres": 2, "sector": "Guang-Porotog", "tenencia_predio": "Escritura", "nivel_instruccion": "Secundaria", "area_total": 4189.73, "org_riego": "GUANGUILQUI POROTOG", "sector_comunidad": "SAN ANTONIO ", "canal": "GUANGUILQUI POROTOG", "area_riego": 4189.73, "area_sin_riego": 0.0, "frecuencia_riego": "Semanal", "metodo_aspersion_pct": 100, "dias_riego": 3, "horas_turno": 12, "valor_tarifa": 5.0, "tipo_tarifa": "fijo mensual", "agua_consumo": 1, "energia_electrica": 1, "material_construccion": "BLOQUE", "cota_msnm": 3365.0, "conoce_presa": "Sí", "como_elige_dir": "Asamblea general", "nom_presidente": "JOAQUIN TIPANLUISA", "operador_sector": "SERGIO ASCANTA", "anios_sistema": 60, "km_canal": 73.0, "recibio_capacitacion": "Sí", "le_gustaria_cap": "Sí", "temas_capacitacion": "CULTIVO, ANIMALES MENORES", "cedula": "1003051123", "caudal_valor": 34.32, "coord_x_utm": 818606.81, "coord_y_utm": 9991573.34, "act_productivas_pct": 100, "actividad_productiva": "Particular", "observaciones": "Lote comunal 1702521540014\nLote 67 moras 2270m sin riego\nLote 14 páramo chico 7672m todo riego"}, "geometry": {"type": "Point", "coordinates": [-78.137958, -0.076143]}}, {"type": "Feature", "properties": {"id": "{b8dda10a-66f9-46c1-9edf-621a9a291c9c}", "cod_poligono": "1702520680051", "num_predio": 1, "codigo_final": "S-C-P001", "propietario": "LANCHIMBA ULCUANGO JOSE TELMO", "parroquia": "CANGAHUA", "caudal_tipo": "Recibe la Comunidad", "tiene_reservorio": "Comunitario", "foto_predio": "DCIM/fichas-predios_20260523091804197.jpg", "creado_por": "u0_a302", "fecha_creacion": "2026-05-23T09:09:07.743Z", "apellidos": "LANCHIMBA ULCUANGO", "nombres": "JOSE TELMO", "clave_catastral": "1702520680051", "telefono_celular": "0997263734", "hijos_hombres": 2, "hijos_mujeres": 3, "sector": "Guang-Porotog", "tenencia_predio": "Escritura", "nivel_instruccion": "Secundaria", "area_total": 4318.01, "org_riego": "GUANGUILQUI POROTOG", "sector_comunidad": "SAN ANTONIO ", "canal": "GUANGUILQUI POROTOG", "area_riego": 4318.01, "area_sin_riego": 0.0, "frecuencia_riego": "Mensual", "metodo_aspersion_pct": 100, "dias_riego": 2, "horas_turno": 12, "valor_tarifa": 7.0, "tipo_tarifa": "fijo anual", "agua_consumo": 1, "energia_electrica": 1, "material_construccion": "MIXTA", "cota_msnm": 3410.0, "conoce_presa": "Sí", "como_elige_dir": "Asamblea general", "nom_presidente": "JOAQUIN TIPANLUISA", "operador_sector": "SERGIO ASCANTA", "anios_sistema": 60, "km_canal": 73.0, "recibio_capacitacion": "Sí", "le_gustaria_cap": "Sí", "temas_capacitacion": "MEJORAMIENTO DE AGUA", "cedula": "1712919511", "caudal_valor": 34.32, "coord_x_utm": 818991.87, "coord_y_utm": 9991768.68, "soberania_aliment_pct": 20, "act_productivas_pct": 80, "actividad_productiva": "Particular", "observaciones": "Lote comunal 1702521540014\nLote 36 moras 11077m todo riego\nLote 45 moras 3821m sin riego\nLote 29 páramo chico 1600 sin riego"}, "geometry": {"type": "Point", "coordinates": [-78.134502, -0.074378]}}, {"type": "Feature", "properties": {"id": "{e9bd97aa-d4ff-4089-aec4-6e0e0f9f21cf}", "cod_poligono": "1702520490073", "num_predio": 1, "codigo_final": "S-C-P001", "propietario": "ASCANTA ULCUANGO JOSE", "parroquia": "CANGAHUA", "caudal_tipo": "Recibe la Comunidad", "tiene_reservorio": "Comunitario", "foto_predio": "DCIM/fichas-predios_20260523092900752.jpg", "creado_por": "u0_a302", "fecha_creacion": "2026-05-23T09:20:24.690Z", "apellidos": "ASCANTA ULCUANGO", "nombres": "JOSE", "clave_catastral": "1702520490073", "telefono_celular": "0994087103", "hijos_hombres": 4, "hijos_mujeres": 1, "sector": "Guang-Porotog", "tenencia_predio": "Escritura", "nivel_instruccion": "Primaria", "area_total": 27716.21, "org_riego": "GUANGUILQUI POROTOG", "sector_comunidad": "SAN ANTONIO ", "canal": "GUANGUILQUI POROTOG", "area_riego": 27716.21, "area_sin_riego": 0.0, "frecuencia_riego": "Semanal", "metodo_aspersion_pct": 90, "metodo_goteo_pct": 10, "dias_riego": 1, "horas_turno": 12, "valor_tarifa": 7.0, "tipo_tarifa": "fijo anual", "agua_consumo": 1, "energia_electrica": 1, "material_construccion": "HORMIGÓN ARMADO", "cota_msnm": 3325.0, "conoce_presa": "Sí", "como_elige_dir": "Asamblea general", "nom_presidente": "JOAQUIN TIPANLUISA", "operador_sector": "SERGIO ASCANTA", "anios_sistema": 60, "km_canal": 73.0, "recibio_capacitacion": "Sí", "le_gustaria_cap": "Sí", "temas_capacitacion": "MEJORAMIENTO DE AGUA", "cedula": "1709923187", "caudal_valor": 34.32, "coord_x_utm": 817821.18, "coord_y_utm": 9993464.02, "act_productivas_pct": 100, "actividad_productiva": "Particular", "observaciones": "Lote comunal 1702521540014\nLote 41 moras 13000m todo riego\n"}, "geometry": {"type": "Point", "coordinates": [-78.14501, -0.059059]}}, {"type": "Feature", "properties": {"id": "{4198776b-026a-4a91-8bd3-40c359d24741}", "cod_poligono": "1702520680119", "num_predio": 1, "codigo_final": "S-C-P001", "propietario": "PILCA LANCHIMBA SEGUNDO ENRIQUE", "parroquia": "CANGAHUA", "caudal_tipo": "Recibe la Comunidad", "tiene_reservorio": "Comunitario", "foto_predio": "DCIM/fichas-predios_20260523093948079.jpg", "creado_por": "u0_a302", "fecha_creacion": "2026-05-23T09:30:58.666Z", "apellidos": "PILCA LANCHIMBA", "nombres": "SEGUNDO ENRIQUE", "clave_catastral": "1702520680119", "telefono_celular": "0980617731", "hijos_hombres": 2, "hijos_mujeres": 1, "sector": "Guang-Porotog", "tenencia_predio": "Escritura", "nivel_instruccion": "Superior", "area_total": 632.41, "org_riego": "GUANGUILQUI POROTOG", "sector_comunidad": "SAN ANTONIO ", "canal": "GUANGUILQUI POROTOG", "area_riego": 632.41, "area_sin_riego": 0.0, "frecuencia_riego": "Mensual", "metodo_goteo_pct": 100, "dias_riego": 3, "horas_turno": 12, "valor_tarifa": 7.0, "tipo_tarifa": "fijo anual", "agua_consumo": 1, "energia_electrica": 1, "material_construccion": "BLOQUE", "cota_msnm": 3365.0, "conoce_presa": "Sí", "como_elige_dir": "Asamblea general", "nom_presidente": "JOAQUIN TIPANLUISA", "operador_sector": "SERGIO ASCANTA", "anios_sistema": 60, "km_canal": 73.0, "recibio_capacitacion": "Sí", "le_gustaria_cap": "Sí", "temas_capacitacion": "MEJORAMIENTO DE AGUA", "cedula": "1714336896", "caudal_valor": 34.32, "coord_x_utm": 818595.66, "coord_y_utm": 9991863.3, "act_productivas_pct": 100, "actividad_productiva": "Particular", "observaciones": "Lote comunal 1702521540014\nLote 36 10484.202m todo riego\nLote 54 5188.874m todo riego"}, "geometry": {"type": "Point", "coordinates": [-78.138058, -0.073523]}}, {"type": "Feature", "properties": {"id": "{3eb7010e-f29c-44ef-95cb-fabd440b1c9a}", "cod_poligono": "1702520560058", "num_predio": 1, "codigo_final": "S-C-P001", "propietario": "ACERO LINCANGO MARIA MERCEDES", "parroquia": "CANGAHUA", "caudal_tipo": "Recibe la Comunidad", "tiene_reservorio": "Comunitario", "foto_predio": "DCIM/fichas-predios_20260523094405664.jpg", "creado_por": "u0_a302", "fecha_creacion": "2026-05-23T09:41:44.119Z", "apellidos": "ACERO LINCANGO", "nombres": "MARIA MERCEDES", "clave_catastral": "1702520560058", "telefono_celular": "0980617731", "hijos_hombres": 3, "hijos_mujeres": 2, "sector": "Guang-Porotog", "tenencia_predio": "Escritura", "nivel_instruccion": "Ninguno", "area_total": 6778.79, "org_riego": "GUANGUILQUI POROTOG", "sector_comunidad": "SAN ANTONIO ", "canal": "GUANGUILQUI POROTOG", "area_riego": 6778.79, "area_sin_riego": 0.0, "frecuencia_riego": "Mensual", "dias_riego": 3, "horas_turno": 12, "valor_tarifa": 7.0, "tipo_tarifa": "fijo anual", "agua_consumo": 1, "energia_electrica": 1, "material_construccion": "BLOQUE", "cota_msnm": 3405.0, "conoce_presa": "Sí", "como_elige_dir": "Asamblea general", "nom_presidente": "JOAQUIN TIPANLUISA", "operador_sector": "SERGIO ASCANTA", "anios_sistema": 60, "km_canal": 73.0, "recibio_capacitacion": "Sí", "le_gustaria_cap": "Sí", "temas_capacitacion": "MEJORAMIENTO DE AGUA", "cedula": "1708098619", "caudal_valor": 34.32, "coord_x_utm": 818942.79, "coord_y_utm": 9991950.04, "act_productivas_pct": 100, "actividad_productiva": "Particular"}, "geometry": {"type": "Point", "coordinates": [-78.134942, -0.072739]}}, {"type": "Feature", "properties": {"id": "{a8d151bb-cbb5-4877-97c3-67a5bf8d5e06}", "cod_poligono": "1702520680036", "num_predio": 1, "codigo_final": "S-C-P001", "propietario": "ACERO CUMBAL MARIA JOSEFINA", "parroquia": "CANGAHUA", "caudal_tipo": "Recibe la Comunidad", "tiene_reservorio": "Comunitario", "foto_predio": "DCIM/fichas-predios_20260523095442285.jpg", "creado_por": "u0_a302", "fecha_creacion": "2026-05-23T09:46:58.102Z", "apellidos": "ACERO CUMBAL", "nombres": "MARIA JOSEFINA", "clave_catastral": "1702520680036", "telefono_celular": "0980380474", "hijos_hombres": 2, "hijos_mujeres": 1, "sector": "Guang-Porotog", "tenencia_predio": "Escritura", "nivel_instruccion": "Ninguno", "area_total": 3039.45, "org_riego": "GUANGUILQUI POROTOG", "sector_comunidad": "SAN ANTONIO ", "canal": "GUANGUILQUI POROTOG", "area_riego": 3039.45, "area_sin_riego": 0.0, "frecuencia_riego": "Mensual", "metodo_aspersion_pct": 100, "dias_riego": 3, "horas_turno": 12, "valor_tarifa": 7.0, "tipo_tarifa": "fijo anual", "agua_consumo": 1, "energia_electrica": 1, "material_construccion": "BLOQUE", "cota_msnm": 3420.0, "conoce_presa": "Sí", "como_elige_dir": "Asamblea general", "nom_presidente": "JOAQUIN TIPANLUISA", "operador_sector": "SERGIO ASCANTA", "anios_sistema": 60, "km_canal": 73.0, "recibio_capacitacion": "Sí", "le_gustaria_cap": "Sí", "temas_capacitacion": "SISTEMAS DE IRRIGACION", "cedula": "1715283162", "caudal_valor": 34.32, "coord_x_utm": 818983.85, "coord_y_utm": 9991294.02, "act_productivas_pct": 100, "actividad_productiva": "Particular", "observaciones": "Lote comunal 1702521540014\nLote 39 páramo chico 1600m sin riego"}, "geometry": {"type": "Point", "coordinates": [-78.134573, -0.078667]}}, {"type": "Feature", "properties": {"id": "{1ca0f6e9-fd3e-4f99-8b2b-0bc729c2443e}", "cod_poligono": "1702520510025", "num_predio": 1, "codigo_final": "S-C-P001", "propietario": "ASCANTA ULCUANGO JUAN MELCHOR", "parroquia": "CANGAHUA", "caudal_tipo": "Recibe la Comunidad", "tiene_reservorio": "Comunitario", "foto_predio": "DCIM/fichas-predios_20260523080701479.jpg", "creado_por": "u0_a319", "fecha_creacion": "2026-05-23T07:52:49.803Z", "apellidos": "ASCANTA ULCUANGO", "nombres": "JUAN MELCHOR", "clave_catastral": "1702520510025", "telefono_celular": "0991382713", "hijos_hombres": 3, "hijos_mujeres": 3, "sector": "Guang-Porotog", "tenencia_predio": "Sin Escritura", "nivel_instruccion": "Primaria", "area_total": 10147.47, "org_riego": "GUANGUILQUI POROTOG", "sector_comunidad": "SAN ANTONIO DE PAILLACHO", "canal": "GUANGUILQUI POROTOG", "area_riego": 10147.47, "area_sin_riego": 0.0, "frecuencia_riego": "Mensual", "metodo_aspersion_pct": 100, "dias_riego": 6, "horas_turno": 12, "valor_tarifa": 21.0, "tipo_tarifa": "fijo anual", "cota_msnm": 3315.0, "conoce_presa": "Sí", "como_elige_dir": "Asamblea general", "nom_presidente": "JOSÉ JOAQUÍN TIPANLUISA LANCHIMBA", "operador_sector": "SERGIO ASCANTA", "anios_sistema": 45, "km_canal": 73.0, "recibio_capacitacion": "Sí", "le_gustaria_cap": "Sí", "temas_capacitacion": "RIEGO", "cedula": "1707616270", "caudal_valor": 34.2, "coord_x_utm": 816903.49, "coord_y_utm": 9993020.4, "soberania_aliment_pct": 20, "act_productivas_pct": 80, "actividad_productiva": "Particular", "observaciones": "Lote Comunal: 1702521540014 Sector: Moras \nLote: 33 Área Total: 1758 m² Área Riego: 1758 m²\nLote: 48 Área Total: 2213 m² Área Riego: 2213m²"}, "geometry": {"type": "Point", "coordinates": [-78.153247, -0.063068]}}, {"type": "Feature", "properties": {"id": "{52b763b6-7008-4ebd-a674-20c936ce8ee4}", "cod_poligono": "1702520490071", "num_predio": 1, "codigo_final": "S-C-P001", "propietario": "ASCANTA AIGAJE TEODORO", "parroquia": "CANGAHUA", "caudal_tipo": "Recibe la Comunidad", "tiene_reservorio": "Comunitario", "foto_predio": "DCIM/fichas-predios_20260523083031039.jpg", "creado_por": "u0_a319", "fecha_creacion": "2026-05-23T08:22:59.017Z", "apellidos": "ASCANTA AIGAJE", "nombres": "TEODORO", "clave_catastral": "1702520490071", "telefono_celular": "0983388618", "hijos_hombres": 2, "hijos_mujeres": 3, "sector": "Guang-Porotog", "tenencia_predio": "Escritura", "nivel_instruccion": "Superior", "area_total": 26320.39, "org_riego": "GUANGUILQUI POROTOG", "sector_comunidad": "SAN ANTONIO CALIXTO", "canal": "GUANGUILQUI POROTOG", "area_riego": 26320.39, "area_sin_riego": 0.0, "frecuencia_riego": "Semanal", "metodo_aspersion_pct": 100, "dias_riego": 1, "horas_turno": 12, "valor_tarifa": 7.0, "tipo_tarifa": "fijo anual", "cota_msnm": 3330.0, "conoce_presa": "Sí", "como_elige_dir": "Asamblea general", "nom_presidente": "JOSÉ JOAQUÍN TIPANLUISA LANCHIMBA", "operador_sector": "SERGIO ASCANTA", "anios_sistema": 45, "km_canal": 73.0, "recibio_capacitacion": "No", "le_gustaria_cap": "Sí", "temas_capacitacion": "RIEGO", "cedula": "1703472769", "caudal_valor": 34.2, "coord_x_utm": 817802.85, "coord_y_utm": 9993338.07, "act_productivas_pct": 100, "actividad_productiva": "Particular"}, "geometry": {"type": "Point", "coordinates": [-78.145174, -0.060197]}}, {"type": "Feature", "properties": {"id": "{a2908a3b-ebe5-4425-82a3-387551c403e9}", "cod_poligono": "1702520510030", "num_predio": 1, "codigo_final": "S-C-P001", "propietario": "PILCA ULCUANGO JUAN MANUEL", "parroquia": "CANGAHUA", "caudal_tipo": "Recibe la Comunidad", "tiene_reservorio": "Comunitario", "foto_predio": "DCIM/fichas-predios_20260523083941557.jpg", "creado_por": "u0_a319", "fecha_creacion": "2026-05-23T08:35:33.313Z", "apellidos": "PILCA ULCUANGO", "nombres": "JUAN MANUEL", "clave_catastral": "1702520510030", "telefono_celular": "0981391127", "hijos_hombres": 2, "hijos_mujeres": 2, "sector": "Guang-Porotog", "tenencia_predio": "Escritura", "nivel_instruccion": "Superior", "area_total": 10048.47, "org_riego": "GUANGUILQUI POROTOG", "sector_comunidad": "SAN ANTONIO PAILLACHO", "canal": "GUANGUILQUI POROTOG", "area_riego": 10048.47, "area_sin_riego": 0.0, "frecuencia_riego": "Semanal", "metodo_aspersion_pct": 100, "dias_riego": 1, "horas_turno": 8, "valor_tarifa": 1.0, "tipo_tarifa": "fijo anual", "cota_msnm": 3275.0, "conoce_presa": "Sí", "como_elige_dir": "Asamblea general", "nom_presidente": "JOSÉ JOAQUÍN TIPANLUISA LANCHIMBA", "operador_sector": "MANUEL URCUAGO", "anios_sistema": 45, "km_canal": 73.0, "recibio_capacitacion": "Sí", "le_gustaria_cap": "Sí", "temas_capacitacion": "RIEGO", "cedula": "1714122569", "caudal_valor": 34.2, "coord_x_utm": 816661.99, "coord_y_utm": 9993292.47, "soberania_aliment_pct": 50, "act_productivas_pct": 50, "actividad_productiva": "Particular", "observaciones": "Lote Comunal: 1702521540014 Sector: Páramo Chico\nLote: 33 Área Total: 25886.44 m² Área Riego: 25886.44 m²"}, "geometry": {"type": "Point", "coordinates": [-78.155414, -0.06061]}}, {"type": "Feature", "properties": {"id": "{6d630e5a-d819-4652-97d2-ac8d7ae66b69}", "cod_poligono": "1702520980044", "num_predio": 1, "codigo_final": "S-C-P001", "propietario": "LANCHIMBA LANCHIMBA SEGUNDO RAMON", "parroquia": "CANGAHUA", "caudal_tipo": "Recibe la Comunidad", "tiene_reservorio": "Comunitario", "foto_predio": "DCIM/fichas-predios_20260523092554320.jpg", "creado_por": "u0_a319", "fecha_creacion": "2026-05-23T09:09:32.144Z", "apellidos": "LANCHIMBA LANCHIMBA", "nombres": "SEGUNDO RAMON", "clave_catastral": "1702520980044", "telefono_celular": "0986356369", "hijos_hombres": 1, "hijos_mujeres": 1, "sector": "Guang-Porotog", "tenencia_predio": "Escritura", "nivel_instruccion": "Secundaria", "area_total": 17238.09, "org_riego": "GUANGUILQUI POROTOG", "sector_comunidad": "SAN ANTONIO NINA RUMI", "canal": "GUANGUILQUI POROTOG", "area_riego": 17238.09, "area_sin_riego": 0.0, "frecuencia_riego": "Semanal", "metodo_aspersion_pct": 100, "dias_riego": 1, "horas_turno": 12, "valor_tarifa": 7.0, "tipo_tarifa": "fijo anual", "agua_consumo": 1, "energia_electrica": 1, "material_construccion": "BLOQUE", "cota_msnm": 3480.0, "conoce_presa": "Sí", "como_elige_dir": "Asamblea general", "nom_presidente": "CESAR HUMBERTO QUISHPE", "operador_sector": "SERGIO ASCANTA", "anios_sistema": 45, "km_canal": 73.0, "recibio_capacitacion": "Sí", "le_gustaria_cap": "Sí", "temas_capacitacion": "RIEGO", "cedula": "1712031622", "caudal_valor": 34.2, "coord_x_utm": 818068.29, "coord_y_utm": 9989806.04, "soberania_aliment_pct": 20, "act_productivas_pct": 80, "actividad_productiva": "Particular", "observaciones": "Clave: 1702520510012 Regante el Sr. del Predio María Hortencia \nClave: 1702520560057 Regante el Sr. del Predio María Hortencia\nLote Comunal: 1702521540014 Sector: Moras \nLote: 34 Área Total: 13669.36 m² Área Riego: 13669.36 m² \nLote: 46 Área Total: 3284.33 m² Área Riego: 3284.33 m²"}, "geometry": {"type": "Point", "coordinates": [-78.14279, -0.092113]}}, {"type": "Feature", "properties": {"id": "{209f3040-39df-4277-b491-1d60d5f4c434}", "cod_poligono": "1702521540014", "num_predio": 1, "codigo_final": "S-C-P001", "parroquia": "CANGAHUA", "caudal_tipo": "Recibe la Comunidad", "tiene_reservorio": "Comunitario", "foto_predio": "DCIM/fichas-predios_20260523095952783.jpg", "creado_por": "u0_a319", "fecha_creacion": "2026-05-23T09:49:03.755Z", "apellidos": "COMUNA SAN ANTONIO", "nombres": "SEGUNDO JOSÉ MANUEL ", "clave_catastral": "1702521540014", "telefono_celular": "0969628869", "hijos_hombres": 4, "hijos_mujeres": 4, "sector": "Guang-Porotog", "tenencia_predio": "Sin Escritura", "nivel_instruccion": "Ninguno", "area_total": 5565.54, "org_riego": "GUANGUILQUI POROTOG", "sector_comunidad": "COMUNA SAN ANTONIO PARAMO CHICO", "canal": "GUANGUILQUI POROTOG", "area_riego": 5565.54, "area_sin_riego": 0.0, "frecuencia_riego": "Quincenal", "metodo_aspersion_pct": 100, "dias_riego": 1, "horas_turno": 24, "valor_tarifa": 10.0, "tipo_tarifa": "fijo anual", "energia_electrica": 1, "cota_msnm": 3615.0, "conoce_presa": "Sí", "como_elige_dir": "Asamblea general", "nom_presidente": "JOSÉ JOAQUÍN TIPANLUISA LANCHIMBA", "operador_sector": "MANUEL URCUAGO", "anios_sistema": 45, "km_canal": 73.0, "recibio_capacitacion": "No", "le_gustaria_cap": "Sí", "temas_capacitacion": "RIEGO", "cedula": "1707701080", "caudal_valor": 34.2, "coord_x_utm": 818603.78, "coord_y_utm": 9988278.02, "soberania_aliment_pct": 25, "act_productivas_pct": 75, "actividad_productiva": "Particular", "observaciones": "Lote Comunal: 1702521540014 Sector: Páramo Chico\nLote: 8 Área Total: 5552.81 m² Área Riego: 5552.81 m²\nLote: 21 (creado en la ficha) Área Total: 5565.54m² Área Riego: 5565.54m²"}, "geometry": {"type": "Point", "coordinates": [-78.137982, -0.105919]}}, {"type": "Feature", "properties": {"id": "{30ec22ac-4c4e-42d4-a01f-ecdc31583d70}", "cod_poligono": "1702520510022", "num_predio": 1, "codigo_final": "S-C-P001", "propietario": "ULCUANGO ULCUANGO MARIA ROSALIA", "parroquia": "CANGAHUA", "caudal_tipo": "Recibe la Comunidad", "tiene_reservorio": "Comunitario", "foto_predio": "DCIM/fichas-predios_20260523101615463.jpg", "creado_por": "u0_a319", "fecha_creacion": "2026-05-23T10:09:56.400Z", "apellidos": "ULCUANGO ULCUANGO", "nombres": "MARIA ROSALIA", "clave_catastral": "1702520510022", "hijos_hombres": 2, "hijos_mujeres": 6, "sector": "Guang-Porotog", "tenencia_predio": "Escritura", "nivel_instruccion": "Primaria", "area_total": 10186.46, "org_riego": "GUANGUILQUI POROTOG", "sector_comunidad": "SAN ANTONIO PAILLACHO", "canal": "GUANGUILQUI POROTOG", "area_riego": 10186.46, "area_sin_riego": 0.0, "frecuencia_riego": "Semanal", "metodo_aspersion_pct": 100, "dias_riego": 1, "horas_turno": 12, "valor_tarifa": 7.0, "tipo_tarifa": "fijo anual", "cota_msnm": 3285.0, "conoce_presa": "Sí", "como_elige_dir": "Asamblea general", "nom_presidente": "JOSÉ JOAQUÍN TIPANLUISA LANCHIMBA", "operador_sector": "MANUEL URCUAGO", "anios_sistema": 45, "km_canal": 73.0, "recibio_capacitacion": "Sí", "le_gustaria_cap": "Sí", "temas_capacitacion": "AGRICULTURA", "cedula": "1708337579", "caudal_valor": 34.2, "coord_x_utm": 816648.2, "coord_y_utm": 9993194.61, "act_productivas_pct": 100, "actividad_productiva": "Particular", "observaciones": "Lote Comunal: 1702521540014 Sector: Moras \nLote: 16 Área Total: 15404.568 m² Área Riego: 15404.568 m²"}, "geometry": {"type": "Point", "coordinates": [-78.155538, -0.061494]}}, {"type": "Feature", "properties": {"id": "{65a8399e-d1f4-438d-9f1a-83c0a299b9f5}", "cod_poligono": "1702521380012", "num_predio": 1, "codigo_final": "S-C-P001", "propietario": "TUTILLO TIPANLUISA SEGUNDO JESUS", "parroquia": "CANGAHUA", "creado_por": "u0_a200", "fecha_creacion": "2026-05-23T05:26:19.730Z", "apellidos": "TUTILLO TIPANLUISA", "nombres": "SEGUNDO JESUS", "clave_catastral": "1702521380012", "area_total": 16800.55, "area_riego": 16800.55, "area_sin_riego": 0.0, "cota_msnm": 3395.0, "cedula": "1708803729", "coord_x_utm": 818126.31, "coord_y_utm": 9991555.62}, "geometry": {"type": "Point", "coordinates": [-78.14227, -0.076303]}}, {"type": "Feature", "properties": {"id": "{05ee2c12-9f32-4d25-899d-6e6c4fca5ce0}", "cod_poligono": "1702520680004", "num_predio": 1, "codigo_final": "S-C-P001", "propietario": "ANDRANGO PILCA SEGUNDO ACIENCIO", "parroquia": "CANGAHUA", "caudal_tipo": "Recibe la Comunidad", "tiene_reservorio": "Comunitario", "foto_predio": "DCIM/fichas-predios_20260523073328914.jpg", "creado_por": "u0_a200", "fecha_creacion": "2026-05-23T06:56:45.042Z", "apellidos": "ANDRANGO PILCA", "nombres": "SEGUNDO ACIENCIO", "clave_catastral": "1702520680004", "telefono_celular": "0999510602", "hijos_mujeres": 3, "sector": "Guang-Porotog", "tenencia_predio": "Sin Escritura", "nivel_instruccion": "Primaria", "area_total": 380.13, "org_riego": "GUANGULQUI-POROTOG", "sector_comunidad": "SAN ANTONIO NUNA RUMI", "canal": "GUANGUILQUI-POROTOG", "area_riego": 380.13, "area_sin_riego": 0.0, "frecuencia_riego": "Mensual", "metodo_aspersion_pct": 100, "dias_riego": 6, "horas_turno": 12, "valor_tarifa": 21.0, "tipo_tarifa": "fijo mensual", "agua_consumo": 1, "energia_electrica": 1, "material_construccion": "ADOBE", "cota_msnm": 3415.0, "conoce_presa": "Sí", "como_elige_dir": "Asamblea general", "nom_presidente": "JOSÉ JOAQUÍN TIPANLUISA", "operador_sector": "SERGIO ASCANTA", "anios_sistema": 45, "km_canal": 73.0, "recibio_capacitacion": "Sí", "cedula": "1715281257", "caudal_valor": 34.2, "coord_x_utm": 818936.25, "coord_y_utm": 9991287.46, "act_productivas_pct": 100, "actividad_productiva": "Particular", "observaciones": "Área comunal 1265056.07\nLote7 6991.1.129\nLote50 6789.78,13\nLote4 3720.048"}, "geometry": {"type": "Point", "coordinates": [-78.135, -0.078726]}}, {"type": "Feature", "properties": {"id": "{577f28a7-d471-406a-8ae2-d47c06d9230b}", "cod_poligono": "1702520510035", "num_predio": 1, "codigo_final": "S-C-P001", "propietario": "SOPALO SOPALO MARTINA", "parroquia": "CANGAHUA", "caudal_tipo": "Recibe la Comunidad", "tiene_reservorio": "Comunitario", "foto_predio": "DCIM/fichas-predios_20260523075606829.jpg", "creado_por": "u0_a200", "fecha_creacion": "2026-05-23T07:45:53.684Z", "apellidos": "SOPALO SOPALO", "nombres": "MARTINA", "clave_catastral": "1702520510035", "hijos_hombres": 3, "hijos_mujeres": 4, "sector": "Guang-Porotog", "tenencia_predio": "Escritura", "nivel_instruccion": "Alfabetizado", "area_total": 10473.16, "org_riego": "GUANGILQUI-POROTOG", "sector_comunidad": "SAM ANTONIO DE PAILLACO ", "canal": "GUANGUILQUI-POROTOG", "area_riego": 10473.16, "area_sin_riego": 0.0, "frecuencia_riego": "Semanal", "metodo_aspersion_pct": 100, "dias_riego": 1, "horas_turno": 12, "valor_tarifa": 7.0, "tipo_tarifa": "fijo anual", "material_construccion": "BLOQUE", "cota_msnm": 3305.0, "conoce_presa": "Sí", "como_elige_dir": "Asamblea general", "nom_presidente": "JUAN MARÍA ACERO", "operador_sector": "SERGIO ASCANTA", "anios_sistema": 45, "km_canal": 73.0, "recibio_capacitacion": "No", "le_gustaria_cap": "Sí", "temas_capacitacion": "EXPLICACIÓN DEL RIEGO", "cedula": "1709372211", "caudal_valor": 34.32, "coord_x_utm": 816869.01, "coord_y_utm": 9993155.37, "act_productivas_pct": 100, "actividad_productiva": "Particular", "observaciones": "Área comunal 1265056.07\nLote 34 10568,594\nLote57 9.564\nLote40 Valle hermoso 1600 (nada)"}, "geometry": {"type": "Point", "coordinates": [-78.153556, -0.061849]}}, {"type": "Feature", "properties": {"id": "{e2674918-2021-48bd-8833-9bb1e2b5969f}", "cod_poligono": "1702520490021", "num_predio": 1, "codigo_final": "S-C-P001", "propietario": "TIPANLUISA TANDAYAMO MARIANO", "parroquia": "CANGAHUA", "caudal_tipo": "Recibe la Comunidad", "tiene_reservorio": "Comunitario", "foto_predio": "DCIM/fichas-predios_20260523081519024.jpg", "creado_por": "u0_a200", "fecha_creacion": "2026-05-23T08:07:02.500Z", "apellidos": "TIPANLUISA TANDAYAMO", "nombres": "MARIANO", "clave_catastral": "1702520490021", "telefono_celular": "0991503054", "sector": "Guang-Porotog", "tenencia_predio": "Escritura", "nivel_instruccion": "Primaria", "area_total": 19009.56, "org_riego": "GUANG-POROTG", "sector_comunidad": "CALDERA", "canal": "GUANG- PORTOG", "area_riego": 19009.56, "area_sin_riego": 0.0, "frecuencia_riego": "Semanal", "metodo_aspersion_pct": 100, "dias_riego": 1, "horas_turno": 12, "valor_tarifa": 7.0, "tipo_tarifa": "fijo anual", "agua_consumo": 1, "energia_electrica": 1, "material_construccion": "TAPIA", "cota_msnm": 3360.0, "conoce_presa": "Sí", "como_elige_dir": "Asamblea general", "nom_presidente": "JOAQUÍN TIPANLUIZA", "operador_sector": "JOAQUÍN TIPANLUISA TOGOLINAGO ", "anios_sistema": 45, "km_canal": 73.0, "recibio_capacitacion": "No", "le_gustaria_cap": "Sí", "temas_capacitacion": "RIEGO ", "cedula": "1721192886", "caudal_valor": 34.2, "coord_x_utm": 818316.66, "coord_y_utm": 9993024.15, "observaciones": "Área comunal 1265056.07\nLote 15 8900,395 (todo riego)"}, "geometry": {"type": "Point", "coordinates": [-78.140563, -0.063034]}}, {"type": "Feature", "properties": {"id": "{868326b0-ba41-4677-90be-3dc9df2f30a7}", "cod_poligono": "1702520540006", "num_predio": 1, "codigo_final": "S-C-P001", "propietario": "ASCANTA QUINATOA NANCY SUSANA", "parroquia": "CANGAHUA", "caudal_tipo": "Recibe la Comunidad", "tiene_reservorio": "Privado", "foto_predio": "DCIM/fichas-predios_20260523083030123.jpg", "creado_por": "u0_a200", "fecha_creacion": "2026-05-23T08:20:14.465Z", "apellidos": "ASCANTA QUINATOA", "nombres": "NANCY SUSANA", "clave_catastral": "1702520540006", "hijos_hombres": 2, "hijos_mujeres": 3, "sector": "Guang-Porotog", "tenencia_predio": "Escritura", "nivel_instruccion": "Primaria", "area_total": 15948.36, "org_riego": "GUANG- POROTG", "sector_comunidad": "CRUZ LOMA", "canal": "GUANG- PORTOG", "area_riego": 15948.36, "area_sin_riego": 0.0, "frecuencia_riego": "Semanal", "metodo_aspersion_pct": 100, "dias_riego": 8, "horas_turno": 11, "valor_tarifa": 35.0, "tipo_tarifa": "fijo anual", "agua_consumo": 1, "energia_electrica": 1, "material_construccion": "BLOQUE", "cota_msnm": 3370.0, "conoce_presa": "Sí", "como_elige_dir": "Asamblea general", "nom_presidente": "JUAQUIN TIPANLUISA ", "operador_sector": "SERGIO ASCANTA ", "anios_sistema": 45, "km_canal": 73.0, "recibio_capacitacion": "Sí", "cedula": "1725967044", "caudal_valor": 34.2, "coord_x_utm": 818273.59, "coord_y_utm": 9992551.89, "soberania_aliment_pct": 50, "act_productivas_pct": 50, "actividad_productiva": "Particular", "observaciones": "Área comunal 1265056.07\nLote 22 10600,481 (0,5)\nLote62 6114,939 (todo)\nLote 15 1600 (todo)"}, "geometry": {"type": "Point", "coordinates": [-78.140949, -0.067301]}}, {"type": "Feature", "properties": {"id": "{0e99eec2-81d0-45b7-9db1-7d6f4e0a0e0d}", "cod_poligono": "1702520540006", "num_predio": 2, "codigo_final": "S-C-P002", "propietario": "ASCANTA QUINATOA NANCY SUSANA", "parroquia": "CANGAHUA", "creado_por": "u0_a200", "fecha_creacion": "2026-05-23T08:28:56.361Z", "apellidos": "ASCANTA QUINATOA", "nombres": "NANCY SUSANA", "clave_catastral": "1702520540006", "area_total": 15948.36, "area_riego": 15948.36, "area_sin_riego": 0.0, "cota_msnm": 3370.0, "cedula": "1725967044_1", "coord_x_utm": 818273.59, "coord_y_utm": 9992551.89}, "geometry": {"type": "Point", "coordinates": [-78.140949, -0.067301]}}, {"type": "Feature", "properties": {"id": "{ce3b1fd1-4138-4ff8-a1fe-d1429c72df97}", "cod_poligono": "1702521020088", "num_predio": 1, "codigo_final": "S-C-P001", "propietario": "ASCANTA QUISHPE WILLIAM ALEXANDER", "parroquia": "CANGAHUA", "caudal_tipo": "Recibe la Comunidad", "tiene_reservorio": "Comunitario", "foto_predio": "DCIM/fichas-predios_20260523085403383.jpg", "creado_por": "u0_a200", "fecha_creacion": "2026-05-23T08:41:15.236Z", "apellidos": "ASCANTA QUISHPE", "nombres": "WILLIAM ALEXANDER", "clave_catastral": "1702521020088", "telefono_celular": "0983408503", "hijos_hombres": 2, "sector": "Guang-Porotog", "tenencia_predio": "Escritura", "nivel_instruccion": "Secundaria", "area_total": 4231.45, "org_riego": "GUANG-POROTOG", "sector_comunidad": "CANGAHUA ", "canal": "GUANG-POROTG", "area_riego": 4231.45, "area_sin_riego": 0.0, "frecuencia_riego": "Semanal", "metodo_aspersion_pct": 100, "dias_riego": 10, "horas_turno": 5, "valor_tarifa": 3.0, "tipo_tarifa": "fijo mensual", "agua_consumo": 0, "energia_electrica": 0, "cota_msnm": 3450.0, "conoce_presa": "Sí", "como_elige_dir": "Asamblea general", "nom_presidente": "HUMBERTO QUISHPE", "operador_sector": "SERGIO ASCANTA", "anios_sistema": 45, "km_canal": 73.0, "recibio_capacitacion": "Sí", "cedula": "2722828975", "caudal_valor": 342.0, "coord_x_utm": 818780.34, "coord_y_utm": 9990812.23, "soberania_aliment_pct": 50, "act_productivas_pct": 50, "actividad_productiva": "Particular", "observaciones": "1702521540014\nLote17 8777,554 (todo)\nLote 49 6986,73 (nada)"}, "geometry": {"type": "Point", "coordinates": [-78.1364, -0.08302]}}, {"type": "Feature", "properties": {"id": "{2cae0c7b-4324-4277-b282-b702e313fa51}", "cod_poligono": "1702520680038", "num_predio": 1, "codigo_final": "S-C-P001", "propietario": "ACERO CUMBAL SEGUNDO ROGELIO", "parroquia": "CANGAHUA", "caudal_tipo": "Recibe la Comunidad", "tiene_reservorio": "Comunitario", "foto_predio": "DCIM/fichas-predios_20260523091000911.jpg", "creado_por": "u0_a200", "fecha_creacion": "2026-05-23T09:02:19.365Z", "apellidos": "ACERO CUMBAL", "nombres": "SEGUNDO ROGELIO", "clave_catastral": "1702520680038", "telefono_celular": "0959726642", "hijos_hombres": 1, "hijos_mujeres": 2, "sector": "Guang-Porotog", "tenencia_predio": "Escritura", "nivel_instruccion": "Primaria", "area_total": 2972.6, "org_riego": "GUANG-POROTOG", "sector_comunidad": "SAN ANTONIO NUNA RUMI", "canal": "GUANG-POROTOG", "area_riego": 2972.6, "area_sin_riego": 0.0, "frecuencia_riego": "Quincenal", "metodo_aspersion_pct": 100, "dias_riego": 15, "horas_turno": 12, "valor_tarifa": 14.0, "tipo_tarifa": "fijo anual", "agua_consumo": 1, "energia_electrica": 1, "material_construccion": "MIXTA", "cota_msnm": 3420.0, "conoce_presa": "Sí", "como_elige_dir": "Asamblea general", "nom_presidente": "JOSÉ JUAQUIN TIPANLUISA", "operador_sector": "SERGIO ENCANTA ", "anios_sistema": 45, "km_canal": 73.0, "recibio_capacitacion": "Sí", "cedula": "1711535441", "caudal_valor": 342.0, "coord_x_utm": 818993.65, "coord_y_utm": 9991377.75, "soberania_aliment_pct": 50, "act_productivas_pct": 50, "actividad_productiva": "Particular", "observaciones": "1702521540014\nLote 39 13142,383 (todo) "}, "geometry": {"type": "Point", "coordinates": [-78.134485, -0.07791]}}, {"type": "Feature", "properties": {"id": "{63d64fb9-198b-436d-a5dc-9196610b01cb}", "cod_poligono": "1702521020080", "num_predio": 1, "codigo_final": "S-C-P001", "propietario": "LANCHIMBA TANDAYAMO MARIA MARCELA", "parroquia": "CANGAHUA", "caudal_tipo": "Recibe la Comunidad", "tiene_reservorio": "Comunitario", "foto_predio": "DCIM/fichas-predios_20260523092112782.jpg", "creado_por": "u0_a200", "fecha_creacion": "2026-05-23T09:12:48.584Z", "apellidos": "LANCHIMBA TANDAYAMO", "nombres": "MARIA MARCELA", "clave_catastral": "1702521020080", "telefono_celular": "0968436712", "hijos_mujeres": 3, "sector": "Guang-Porotog", "tenencia_predio": "Escritura", "nivel_instruccion": "Primaria", "area_total": 8356.04, "org_riego": "GUANG-POROTOG", "sector_comunidad": "ÑAVIPOGYO", "canal": "GUANG-POROTOG", "area_riego": 8356.04, "area_sin_riego": 0.0, "frecuencia_riego": "Semanal", "metodo_aspersion_pct": 100, "dias_riego": 1, "horas_turno": 12, "valor_tarifa": 7.0, "tipo_tarifa": "fijo anual", "agua_consumo": 1, "energia_electrica": 1, "material_construccion": "BLOQUE", "cota_msnm": 3450.0, "conoce_presa": "Sí", "como_elige_dir": "Asamblea general", "nom_presidente": "JORGE HUMBERTO QUISHPE ", "operador_sector": "SEGUNDO TIPANLUISA ", "anios_sistema": 45, "km_canal": 73.0, "recibio_capacitacion": "No", "le_gustaria_cap": "Sí", "cedula": "1716454176", "caudal_valor": 342.0, "coord_x_utm": 818622.16, "coord_y_utm": 9990041.41, "soberania_aliment_pct": 50, "act_productivas_pct": 50, "actividad_productiva": "Particular", "observaciones": "1702521540014\nLote 20 4163,149(nada)"}, "geometry": {"type": "Point", "coordinates": [-78.137819, -0.089985]}}, {"type": "Feature", "properties": {"id": "{87fa7b24-444c-495a-b01e-97565ef76c7f}", "cod_poligono": "1702521020058", "num_predio": 1, "codigo_final": "S-C-P001", "propietario": "TANGUILA HUATATOCA CARLOS PAULINO", "parroquia": "CANGAHUA", "caudal_tipo": "Recibe la Comunidad", "tiene_reservorio": "Comunitario", "foto_predio": "DCIM/fichas-predios_20260523093237492.jpg", "creado_por": "u0_a200", "fecha_creacion": "2026-05-23T09:25:10.367Z", "apellidos": "TANGUILA HUATATOCA", "nombres": "CARLOS PAULINO", "clave_catastral": "1702521020058", "telefono_celular": "0967616401", "hijos_hombres": 1, "hijos_mujeres": 1, "sector": "Guang-Porotog", "tenencia_predio": "Escritura", "nivel_instruccion": "Primaria", "area_total": 2850.89, "org_riego": "GUANG-POROTOG", "sector_comunidad": "ÑAVIPOGYO", "canal": "GUANG-POROTG", "area_riego": 2850.89, "area_sin_riego": 0.0, "frecuencia_riego": "Semanal", "metodo_aspersion_pct": 100, "dias_riego": 1, "horas_turno": 12, "valor_tarifa": 6.0, "tipo_tarifa": "fijo anual", "cota_msnm": 3445.0, "conoce_presa": "Sí", "como_elige_dir": "Asamblea general", "nom_presidente": "JUAQUIN TIPANLUISA ", "operador_sector": "SEGUNDO TIPANLUISA ", "anios_sistema": 45, "km_canal": 73.0, "recibio_capacitacion": "Sí", "cedula": "1500501331_1", "caudal_valor": 342.0, "coord_x_utm": 818567.07, "coord_y_utm": 9990071.63, "soberania_aliment_pct": 50, "act_productivas_pct": 50, "actividad_productiva": "Particular", "observaciones": "1702521540014\nLote 02. 3500(todo)"}, "geometry": {"type": "Point", "coordinates": [-78.138313, -0.089712]}}, {"type": "Feature", "properties": {"id": "{98f1fb3d-54c2-4abc-b60c-73ba024f7c76}", "cod_poligono": "1702520490006", "num_predio": 1, "codigo_final": "S-C-P001", "propietario": "ACERO SALAZAR JOSE JOAQUIN SEGUNDO", "parroquia": "CANGAHUA", "caudal_tipo": "Recibe la Comunidad", "tiene_reservorio": "Comunitario", "foto_predio": "DCIM/fichas-predios_20260523094554643.jpg", "creado_por": "u0_a200", "fecha_creacion": "2026-05-23T09:38:59.865Z", "apellidos": "ACERO SALAZAR", "nombres": "JOSE JOAQUIN SEGUNDO", "clave_catastral": "1702520490006", "telefono_celular": "0968314046", "hijos_hombres": 1, "hijos_mujeres": 1, "sector": "Guang-Porotog", "tenencia_predio": "Escritura", "nivel_instruccion": "Primaria", "area_total": 7828.88, "org_riego": "GUANG-POROTG", "sector_comunidad": "SAN ANTONIO ", "canal": "GUANG -POROTG", "area_riego": 7828.88, "area_sin_riego": 0.0, "frecuencia_riego": "Semanal", "metodo_aspersion_pct": 100, "dias_riego": 1, "horas_turno": 12, "valor_tarifa": 21.0, "tipo_tarifa": "fijo anual", "agua_consumo": 1, "energia_electrica": 1, "material_construccion": "BLOQUE", "cota_msnm": 3360.0, "conoce_presa": "Sí", "como_elige_dir": "Asamblea general", "nom_presidente": "CESAR HUMBERTO QUISHPE", "operador_sector": "JAIME URCUANGO", "anios_sistema": 45, "km_canal": 73.0, "recibio_capacitacion": "Sí", "cedula": "1709063018", "caudal_valor": 342.0, "coord_x_utm": 818340.88, "coord_y_utm": 9992957.58, "soberania_aliment_pct": 75, "act_productivas_pct": 25, "actividad_productiva": "Particular", "observaciones": "1702521540014\nLote 11 9230,184 (todo)\nLote 58 3167,156 (todo)"}, "geometry": {"type": "Point", "coordinates": [-78.140345, -0.063635]}}, {"type": "Feature", "properties": {"id": "{d7af62d3-3241-4ea5-b6b1-344a2ebefc19}", "cod_poligono": "1702520680101", "num_predio": 1, "codigo_final": "S-C-P001", "propietario": "PILCA ASERO ROSA MARIA", "parroquia": "CANGAHUA", "caudal_tipo": "Recibe la Comunidad", "tiene_reservorio": "Comunitario", "foto_predio": "DCIM/fichas-predios_20260523095744544.jpg", "creado_por": "u0_a200", "fecha_creacion": "2026-05-23T09:48:39.579Z", "apellidos": "PILCA ASERO", "nombres": "ROSA MARIA", "clave_catastral": "1702520680101", "hijos_mujeres": 2, "sector": "Guang-Porotog", "tenencia_predio": "Escritura", "nivel_instruccion": "Ninguno", "area_total": 12819.44, "org_riego": "GUANG-POROTOG", "sector_comunidad": "SAN ANTONIO NUNA RUN", "canal": "GUANG-POROTG", "area_riego": 12819.44, "area_sin_riego": 0.0, "frecuencia_riego": "Semanal", "metodo_aspersion_pct": 100, "dias_riego": 8, "horas_turno": 2, "valor_tarifa": 20.0, "tipo_tarifa": "fijo anual", "agua_consumo": 1, "energia_electrica": 1, "material_construccion": "MIXTA", "cota_msnm": 3410.0, "conoce_presa": "Sí", "como_elige_dir": "Asamblea general", "nom_presidente": "HUMBERTO QUISHPE ", "operador_sector": "SERGIO ASCANTA ", "anios_sistema": 45, "km_canal": 73.0, "recibio_capacitacion": "Sí", "cedula": "1705419610", "caudal_valor": 342.0, "coord_x_utm": 819207.69, "coord_y_utm": 9991683.22, "soberania_aliment_pct": 50, "act_productivas_pct": 50, "actividad_productiva": "Particular", "observaciones": "1702521540014\nLote 48 (900),largo (todo)\n(600) Ladera (nada)\n,(600) Valle hermosa( nada ) \n"}, "geometry": {"type": "Point", "coordinates": [-78.132564, -0.07515]}}, {"type": "Feature", "properties": {"id": "{df80cd40-5100-4869-9c3f-30fa482f6622}", "cod_poligono": "1702520680022", "num_predio": 1, "codigo_final": "S-C-P001", "propietario": "AULES SIETE MELCHORA", "parroquia": "CANGAHUA", "caudal_tipo": "Recibe la Comunidad", "tiene_reservorio": "Comunitario", "foto_predio": "DCIM/fichas-predios_20260523101851957.jpg", "creado_por": "u0_a200", "fecha_creacion": "2026-05-23T10:10:32.480Z", "apellidos": "AULES SIETE", "nombres": "MELCHORA", "clave_catastral": "1702520680022", "telefono_celular": "0987692091", "hijos_hombres": 1, "hijos_mujeres": 2, "sector": "Guang-Porotog", "tenencia_predio": "Escritura", "nivel_instruccion": "Primaria", "area_total": 7506.3, "org_riego": "GUANG-POROTOG", "sector_comunidad": "SAN ANTONIO NUNA RUMI", "canal": "GUANG-POROTG", "area_riego": 7506.3, "area_sin_riego": 0.0, "frecuencia_riego": "Semanal", "metodo_aspersion_pct": 100, "dias_riego": 10, "horas_turno": 12, "valor_tarifa": 7.0, "tipo_tarifa": "fijo anual", "agua_consumo": 1, "energia_electrica": 1, "material_construccion": "HORMIGÓN ARMADO", "cota_msnm": 3375.0, "conoce_presa": "Sí", "como_elige_dir": "Asamblea general", "nom_presidente": "JUAQUIN TIPANLUISA ", "operador_sector": "SERGIO ASCANTA ", "anios_sistema": 45, "km_canal": 73.0, "recibio_capacitacion": "No", "le_gustaria_cap": "Sí", "temas_capacitacion": "SISTEMA DE RIEGO", "cedula": "1715843403", "caudal_valor": 342.0, "coord_x_utm": 818681.66, "coord_y_utm": 9991608.94, "soberania_aliment_pct": 50, "act_productivas_pct": 50, "actividad_productiva": "Particular", "observaciones": "2802521540014\nLote 25 9578.659 (todo)\nLote 52 4384,382 (nada)\nLote 23 1600 (tampoco) "}, "geometry": {"type": "Point", "coordinates": [-78.137286, -0.075821]}}, {"type": "Feature", "properties": {"id": "{529ae0a2-c594-408e-9cfb-744c2f3d717e}", "cod_poligono": "1702520680049", "num_predio": 1, "codigo_final": "S-C-P001", "propietario": "QUINATOA ULCUANGO JUAN CRUZ", "parroquia": "CANGAHUA", "caudal_tipo": "Recibe la Comunidad", "tiene_reservorio": "Comunitario", "foto_predio": "DCIM/fichas-predios_20260523101139016.jpg", "creado_por": "u0_a302", "fecha_creacion": "2026-05-23T09:59:14.653Z", "apellidos": "QUINATOA ULCUANGO", "nombres": "JUAN CRUZ", "clave_catastral": "1702520680049", "telefono_celular": "0982649957", "hijos_hombres": 1, "hijos_mujeres": 1, "sector": "Guang-Porotog", "tenencia_predio": "Escritura", "nivel_instruccion": "Secundaria", "area_total": 3273.03, "org_riego": "GUANGUILQUI POROTOG", "sector_comunidad": "SAN ANTONIO", "canal": "GUANGUILQUI POROTOG", "area_riego": 3273.03, "area_sin_riego": 0.0, "frecuencia_riego": "Mensual", "metodo_aspersion_pct": 100, "dias_riego": 3, "horas_turno": 12, "valor_tarifa": 7.0, "tipo_tarifa": "fijo anual", "agua_consumo": 1, "energia_electrica": 1, "material_construccion": "BLOQUE", "cota_msnm": 3415.0, "conoce_presa": "Sí", "como_elige_dir": "Asamblea general", "nom_presidente": "JOAQUIN TIPANLUISA", "operador_sector": "SERGIO ASCANTA ", "anios_sistema": 60, "km_canal": 73.0, "recibio_capacitacion": "Sí", "le_gustaria_cap": "Sí", "temas_capacitacion": "TURISMO, MANEJO DE RIEGO POR GOTEO", "cedula": "1710973007", "caudal_valor": 34.32, "coord_x_utm": 818950.58, "coord_y_utm": 9991557.14, "soberania_aliment_pct": 50, "act_productivas_pct": 50, "actividad_productiva": "Particular", "observaciones": "Lote comunal 1702521540014\nLote 42 13000m todo "}, "geometry": {"type": "Point", "coordinates": [-78.134872, -0.076289]}}, {"type": "Feature", "properties": {"id": "{16d4eb8d-e12f-4ae8-ac4a-e77fcc344b18}", "cod_poligono": "1702520510031", "num_predio": 1, "codigo_final": "S-C-P001", "propietario": "ULCUANGO QUINATOA MARIA JUANA", "parroquia": "CANGAHUA", "caudal_tipo": "Recibe la Comunidad", "tiene_reservorio": "Comunitario", "foto_predio": "DCIM/fichas-predios_20260523102217776.jpg", "creado_por": "u0_a302", "fecha_creacion": "2026-05-23T10:15:19.689Z", "apellidos": "ULCUANGO QUINATOA", "nombres": "MARIA JUANA", "clave_catastral": "1702520510031", "hijos_hombres": 4, "hijos_mujeres": 4, "sector": "Guang-Porotog", "tenencia_predio": "Escritura", "nivel_instruccion": "Ninguno", "area_total": 9567.61, "org_riego": "GUANGUILQUI POROTOG", "sector_comunidad": "SAN ANTONIO", "canal": "GUANGUILQUI POROTOG", "area_riego": 9567.61, "area_sin_riego": 0.0, "frecuencia_riego": "Semanal", "dias_riego": 3, "horas_turno": 12, "valor_tarifa": 7.0, "tipo_tarifa": "fijo anual", "agua_consumo": 1, "energia_electrica": 1, "material_construccion": "LADRILLO", "cota_msnm": 3320.0, "conoce_presa": "No", "como_elige_dir": "Asamblea general", "nom_presidente": "JOAQUIN TIPANLUISA", "operador_sector": "SERGIO ASCANTA", "anios_sistema": 60, "km_canal": 73.0, "recibio_capacitacion": "No", "le_gustaria_cap": "No", "cedula": "1704001971", "caudal_valor": 34.32, "coord_x_utm": 816871.51, "coord_y_utm": 9992954.86, "soberania_aliment_pct": 50, "act_productivas_pct": 50}, "geometry": {"type": "Point", "coordinates": [-78.153534, -0.06366]}}, {"type": "Feature", "properties": {"id": "{ff47aecd-80b9-48b3-9db8-44cfc0273214}", "cod_poligono": "1702520490039", "num_predio": 1, "codigo_final": "S-C-P001", "propietario": "TIPANLUISA TIPANLUISA JOSE LUIS", "parroquia": "CANGAHUA", "caudal_tipo": "Recibe la Comunidad", "tiene_reservorio": "Comunitario", "foto_predio": "DCIM/fichas-predios_20260523103249314.jpg", "creado_por": "u0_a302", "fecha_creacion": "2026-05-23T10:24:52.201Z", "apellidos": "TIPANLUISA TIPANLUISA", "nombres": "JOSE LUIS", "clave_catastral": "1702520490039", "telefono_celular": "0959866605", "hijos_hombres": 2, "hijos_mujeres": 1, "sector": "Guang-Porotog", "tenencia_predio": "Escritura", "nivel_instruccion": "Secundaria", "area_total": 10650.52, "org_riego": "GUANGUILQUI POROTOG", "sector_comunidad": "SAN ANTONIO", "canal": "GUANGUILQUI POROTOG", "area_riego": 10650.52, "area_sin_riego": 0.0, "frecuencia_riego": "Mensual", "metodo_aspersion_pct": 100, "dias_riego": 4, "horas_turno": 12, "valor_tarifa": 7.0, "tipo_tarifa": "fijo anual", "cota_msnm": 3355.0, "conoce_presa": "Sí", "como_elige_dir": "Asamblea general", "nom_presidente": "JOAQUIN TIPANLUISA", "operador_sector": "SERGIO ASCANTA", "anios_sistema": 60, "km_canal": 73.0, "recibio_capacitacion": "Sí", "le_gustaria_cap": "Sí", "temas_capacitacion": "BENEFICIO DE LA COMUNIDAD", "cedula": "1712220811", "caudal_valor": 34.32, "coord_x_utm": 818159.07, "coord_y_utm": 9993326.18, "soberania_aliment_pct": 50, "act_productivas_pct": 50, "actividad_productiva": "Particular"}, "geometry": {"type": "Point", "coordinates": [-78.141977, -0.060305]}}, {"type": "Feature", "properties": {"id": "{63d8966c-142f-4ffc-802e-b9d6e0b3514c}", "cod_poligono": "1702520490039", "num_predio": 2, "codigo_final": "S-C-P002", "propietario": "TIPANLUISA TIPANLUISA JOSE LUIS", "parroquia": "CANGAHUA", "caudal_tipo": "Recibe la Comunidad", "tiene_reservorio": "Comunitario", "foto_predio": "DCIM/fichas-predios_20260523103837409.jpg", "creado_por": "u0_a302", "fecha_creacion": "2026-05-23T10:34:22.604Z", "apellidos": "TIPANLUISA TIPANLUISA", "nombres": "JOSE LUIS", "clave_catastral": "1702520490039", "telefono_celular": "0959866605", "hijos_hombres": 2, "sector": "Guang-Porotog", "tenencia_predio": "Sin Escritura", "nivel_instruccion": "Ninguno", "area_total": 10650.52, "org_riego": "GUANGUILQUI POROTOG", "sector_comunidad": "SAN ANTONIO", "canal": "GUANGUILQUI POROTOG", "area_riego": 10650.52, "area_sin_riego": 0.0, "frecuencia_riego": "Mensual", "dias_riego": 4, "horas_turno": 12, "valor_tarifa": 7.0, "tipo_tarifa": "fijo anual", "cota_msnm": 3355.0, "conoce_presa": "Sí", "como_elige_dir": "Asamblea general", "nom_presidente": "JOAQUIN TIPANLUISA", "operador_sector": "SERGIO ASCANTA", "anios_sistema": 60, "km_canal": 73.0, "recibio_capacitacion": "Sí", "le_gustaria_cap": "Sí", "temas_capacitacion": "BENEFICIO DE LA COMUNIDAD", "cedula": "1703817963", "caudal_valor": 34.32, "coord_x_utm": 818128.51, "coord_y_utm": 9993338.19, "soberania_aliment_pct": 50, "act_productivas_pct": 50, "actividad_productiva": "Particular"}, "geometry": {"type": "Point", "coordinates": [-78.142251, -0.060196]}}, {"type": "Feature", "properties": {"id": "{fdc21531-f0f5-4f21-b3b9-0a4db190c503}", "cod_poligono": "1702520490079", "num_predio": 1, "codigo_final": "S-C-P001", "propietario": "ACERO FARINANGO BARTOLO", "parroquia": "CANGAHUA", "caudal_tipo": "Recibe la Comunidad", "tiene_reservorio": "Comunitario", "foto_predio": "DCIM/fichas-predios_20260523104722252.jpg", "creado_por": "u0_a302", "fecha_creacion": "2026-05-23T10:40:14.947Z", "apellidos": "ACERO FARINANGO", "nombres": "BARTOLO", "clave_catastral": "1702520490079", "hijos_hombres": 3, "hijos_mujeres": 4, "sector": "Guang-Porotog", "tenencia_predio": "Escritura", "nivel_instruccion": "Ninguno", "area_total": 8195.45, "org_riego": "GUANGUILQUI POROTOG", "sector_comunidad": "SAN ANTONIO", "canal": "GUANGUILQUI POROTOG", "area_riego": 8195.45, "area_sin_riego": 0.0, "frecuencia_riego": "Semanal", "metodo_aspersion_pct": 100, "dias_riego": 1, "horas_turno": 12, "valor_tarifa": 7.0, "tipo_tarifa": "fijo anual", "agua_consumo": 1, "energia_electrica": 1, "material_construccion": "BLOQUE", "cota_msnm": 3355.0, "conoce_presa": "Sí", "como_elige_dir": "Asamblea general", "nom_presidente": "JOAQUIN TIPANLUISA", "operador_sector": "SERGIO ASCANTA", "anios_sistema": 60, "km_canal": 73.0, "recibio_capacitacion": "Sí", "le_gustaria_cap": "Sí", "temas_capacitacion": "BENEFICIO DE LA COMUNIDAD", "cedula": "1704764099", "caudal_valor": 34.32, "coord_x_utm": 818149.82, "coord_y_utm": 9993453.67, "soberania_aliment_pct": 50, "act_productivas_pct": 50, "actividad_productiva": "Particular", "observaciones": "Lote comunal 1702521540014\nLote 24 8675m todo riego"}, "geometry": {"type": "Point", "coordinates": [-78.14206, -0.059153]}}, {"type": "Feature", "properties": {"id": "{544d251a-6ff3-48a1-89b4-ba51b3ca7c28}", "cod_poligono": "1702520490070", "num_predio": 1, "codigo_final": "S-C-P001", "propietario": "QUINATOA ULCUANGO TOBIAS", "parroquia": "CANGAHUA", "caudal_tipo": "Recibe la Comunidad", "tiene_reservorio": "Comunitario", "foto_predio": "DCIM/fichas-predios_20260523110143520.jpg", "creado_por": "u0_a302", "fecha_creacion": "2026-05-23T10:51:38.093Z", "apellidos": "QUINATOA ULCUANGO", "nombres": "TOBIAS", "clave_catastral": "1702520490070", "telefono_celular": "0997158769", "hijos_hombres": 1, "hijos_mujeres": 1, "sector": "Guang-Porotog", "tenencia_predio": "Escritura", "nivel_instruccion": "Primaria", "area_total": 26094.5, "org_riego": "GUANGUILQUI POROTOG", "sector_comunidad": "SAN ANTONIO", "canal": "GUANGUILQUI POROTOG", "area_riego": 26094.5, "area_sin_riego": 0.0, "frecuencia_riego": "Semanal", "dias_riego": 1, "horas_turno": 12, "valor_tarifa": 7.0, "tipo_tarifa": "fijo anual", "agua_consumo": 1, "energia_electrica": 1, "material_construccion": "HORMIGÓN ARMADO", "cota_msnm": 3335.0, "conoce_presa": "Sí", "como_elige_dir": "Asamblea general", "nom_presidente": "JOAQUIN TIPANLUISA", "operador_sector": "JOAQUIN TIPANLUISA", "anios_sistema": 60, "km_canal": 73.0, "recibio_capacitacion": "No", "le_gustaria_cap": "Sí", "temas_capacitacion": "MANEJO AGUA DE RIEGO", "cedula": "1705059689", "caudal_valor": 34.32, "coord_x_utm": 817729.45, "coord_y_utm": 9993323.7, "soberania_aliment_pct": 50, "act_productivas_pct": 50, "actividad_productiva": "Particular"}, "geometry": {"type": "Point", "coordinates": [-78.145833, -0.060327]}}, {"type": "Feature", "properties": {"id": "{d6989db0-dbca-4dbd-90b5-7d3b73b81b64}", "cod_poligono": "1702521040094", "num_predio": 1, "codigo_final": "S-C-P001", "propietario": "ULCUANGO TIPANLUIZA JUAN CRUZ", "parroquia": "CANGAHUA", "caudal_tipo": "Recibe la Comunidad", "tiene_reservorio": "Comunitario", "foto_predio": "DCIM/fichas-predios_20260523111330188.jpg", "creado_por": "u0_a302", "fecha_creacion": "2026-05-23T11:08:25.573Z", "apellidos": "ULCUANGO TIPANLUIZA", "nombres": "JUAN CRUZ", "clave_catastral": "1702521040094", "telefono_celular": "0988604213", "hijos_mujeres": 1, "sector": "Guang-Porotog", "tenencia_predio": "Sin Escritura", "nivel_instruccion": "Secundaria", "area_total": 9559.91, "org_riego": "GUANGUILQUI POROTOG", "sector_comunidad": "SAN ANTONIO", "canal": "GUANGUILQUI POROTOG", "area_riego": 9559.91, "area_sin_riego": 0.0, "frecuencia_riego": "Semanal", "metodo_aspersion_pct": 100, "dias_riego": 2, "horas_turno": 12, "valor_tarifa": 7.0, "tipo_tarifa": "fijo anual", "agua_consumo": 1, "energia_electrica": 1, "material_construccion": "HORMIGÓN ARMADO", "cota_msnm": 3500.0, "conoce_presa": "Sí", "como_elige_dir": "Asamblea general", "nom_presidente": "JOAQUIN TIPANLUISA", "operador_sector": "MARIANO TIPANLUISA", "anios_sistema": 60, "km_canal": 73.0, "recibio_capacitacion": "Sí", "le_gustaria_cap": "Sí", "temas_capacitacion": "MANEJO AGUA DE RIEGO Y SISTEMAS DE IRRIGACION", "cedula": "1003757786", "caudal_valor": 34.32, "coord_x_utm": 818941.28, "coord_y_utm": 9989858.61, "soberania_aliment_pct": 50, "act_productivas_pct": 50, "actividad_productiva": "Particular", "observaciones": "Lote comunal 1702521540014\nLote 4 paramo chico 8400m todo riego"}, "geometry": {"type": "Point", "coordinates": [-78.134954, -0.091637]}}, {"type": "Feature", "properties": {"id": "{cf678a6f-6942-428a-896f-7dc5207d9d26}", "cod_poligono": "1702520680033", "num_predio": 1, "codigo_final": "S-C-P001", "propietario": "ULCUANGO ACERO JOSE DOMINGO", "parroquia": "CANGAHUA", "caudal_tipo": "Recibe la Comunidad", "tiene_reservorio": "Comunitario", "foto_predio": "DCIM/fichas-predios_20260523112846511.jpg", "creado_por": "u0_a302", "fecha_creacion": "2026-05-23T11:21:20.271Z", "apellidos": "ULCUANGO ACERO", "nombres": "JOSE DOMINGO", "clave_catastral": "1702520680033", "hijos_hombres": 10, "sector": "Guang-Porotog", "area_total": 7593.33, "org_riego": "GUANGUILQUI POROTOG", "sector_comunidad": "SAN ANTONIO", "canal": "GUANGUILQUI POROTOG", "area_riego": 7593.33, "area_sin_riego": 0.0, "frecuencia_riego": "Semanal", "metodo_gravedad_pct": 100, "dias_riego": 2, "horas_turno": 12, "valor_tarifa": 7.0, "tipo_tarifa": "fijo anual", "cota_msnm": 3405.0, "conoce_presa": "Sí", "como_elige_dir": "Asamblea general", "nom_presidente": "JOAQUIN TIPANLUISA", "operador_sector": "JAIME ULCUANGO", "anios_sistema": 60, "km_canal": 73.0, "recibio_capacitacion": "No", "le_gustaria_cap": "No", "cedula": "1702667880", "caudal_valor": 34.32, "coord_x_utm": 818891.55, "coord_y_utm": 9991854.95, "soberania_aliment_pct": 50, "act_productivas_pct": 50, "actividad_productiva": "Particular", "observaciones": "Terreno comunal 1702521540014\nLote 58 1600m todo riego"}, "geometry": {"type": "Point", "coordinates": [-78.135402, -0.073598]}}, {"type": "Feature", "properties": {"id": "{53d0f56f-2a38-4657-937c-6272579bdd08}", "cod_poligono": "1702521030021", "num_predio": 1, "codigo_final": "S-C-P001", "propietario": "TANDAYAMO IMBAQUINGO MARIA MERCEDES", "parroquia": "CANGAHUA", "creado_por": "u0_a319", "fecha_creacion": "2026-05-23T10:50:57.995Z", "apellidos": "TANDAYAMO IMBAQUINGO", "nombres": "MARIA MERCEDES", "clave_catastral": "1702521030021", "area_total": 455.71, "area_riego": 455.71, "area_sin_riego": 0.0, "cota_msnm": 3495.0, "cedula": "1711583854", "coord_x_utm": 818949.5, "coord_y_utm": 9990061.78}, "geometry": {"type": "Point", "coordinates": [-78.134881, -0.089801]}}, {"type": "Feature", "properties": {"id": "{073107d2-44b6-4b64-9087-1ff507ae77e1}", "cod_poligono": "1702521030059", "num_predio": 1, "codigo_final": "S-C-P001", "propietario": "TANDAYAMO IMBAQUINGO MARIA MERCEDES", "parroquia": "CANGAHUA", "creado_por": "u0_a319", "fecha_creacion": "2026-05-23T10:51:17.440Z", "apellidos": "TANDAYAMO IMBAQUINGO", "nombres": "MARIA MERCEDES", "clave_catastral": "1702521030059", "area_total": 448.71, "area_riego": 448.71, "area_sin_riego": 0.0, "cota_msnm": 3495.0, "coord_x_utm": 818946.59, "coord_y_utm": 9990077.1}, "geometry": {"type": "Point", "coordinates": [-78.134907, -0.089663]}}, {"type": "Feature", "properties": {"id": "{12071618-6362-4e28-93f0-d79009968464}", "cod_poligono": "1702521020050", "num_predio": 1, "codigo_final": "S-C-P001", "propietario": "AIGAJE QUINATOA BLANCA NIEVES", "parroquia": "CANGAHUA", "caudal_tipo": "Recibe la Comunidad", "tiene_reservorio": "Comunitario", "foto_predio": "DCIM/fichas-predios_20260523110342310.jpg", "creado_por": "u0_a319", "fecha_creacion": "2026-05-23T10:53:03.248Z", "apellidos": "AIGAJE QUINATOA", "nombres": "BLANCA NIEVES", "clave_catastral": "1702521020050", "telefono_celular": "0982870689", "hijos_hombres": 2, "hijos_mujeres": 2, "sector": "Guang-Porotog", "tenencia_predio": "Escritura", "nivel_instruccion": "Ninguno", "area_total": 8169.54, "org_riego": "GUANGUILQUI POROTOG", "sector_comunidad": "SAN ANTONIO ÑAVIPOGYO ", "canal": "GUANGUILQUI POROTOG", "area_riego": 8169.54, "area_sin_riego": 0.0, "frecuencia_riego": "Semanal", "metodo_aspersion_pct": 100, "dias_riego": 1, "horas_turno": 12, "valor_tarifa": 7.0, "tipo_tarifa": "fijo anual", "agua_consumo": 1, "energia_electrica": 1, "material_construccion": "BLOQUE", "cota_msnm": 3475.0, "conoce_presa": "Sí", "como_elige_dir": "Asamblea general", "nom_presidente": "JOSÉ JOAQUÍN TIPANLUISA LANCHIMBA", "operador_sector": "SEGUNDO TIPANLUISA", "anios_sistema": 45, "km_canal": 73.0, "recibio_capacitacion": "Sí", "le_gustaria_cap": "Sí", "temas_capacitacion": "RIEGO", "cedula": "1708157654", "caudal_valor": 34.2, "coord_x_utm": 818698.23, "coord_y_utm": 9990020.57, "soberania_aliment_pct": 20, "act_productivas_pct": 80, "actividad_productiva": "Particular", "observaciones": "Lote Comunal: 1702521540014 \nSector: Páramo Chico\nLote: 29 Área Total: 12696.693 m² Área Riego: 12696.693 m² \nLote: 47 Área Total: 5120.926 m² Área Riego: 5120.926 m²"}, "geometry": {"type": "Point", "coordinates": [-78.137136, -0.090174]}}, {"type": "Feature", "properties": {"id": "{5de068f7-5fec-4458-8032-db92db3a023e}", "cod_poligono": "1702521010106", "num_predio": 1, "codigo_final": "S-C-P001", "propietario": "ACERO SALAZAR JOSE ANDRES", "parroquia": "CANGAHUA", "caudal_tipo": "Recibe la Comunidad", "tiene_reservorio": "Comunitario", "foto_predio": "DCIM/fichas-predios_20260523112141498.jpg", "creado_por": "u0_a319", "fecha_creacion": "2026-05-23T11:17:25.739Z", "apellidos": "ACERO SALAZAR", "nombres": "JOSE ANDRES", "clave_catastral": "1702521010106", "telefono_celular": "0989200239", "hijos_hombres": 3, "sector": "Guang-Porotog", "tenencia_predio": "Escritura", "nivel_instruccion": "Primaria", "area_total": 4543.15, "org_riego": "GUANGUILQUI POROTOG", "sector_comunidad": "SAN ANTONIO ÑAVIPOGYO", "canal": "GUANGUILQUI POROTOG", "area_riego": 4543.15, "area_sin_riego": 0.0, "frecuencia_riego": "Semanal", "metodo_aspersion_pct": 100, "dias_riego": 1, "horas_turno": 12, "valor_tarifa": 7.0, "tipo_tarifa": "fijo anual", "cota_msnm": 3470.0, "conoce_presa": "Sí", "como_elige_dir": "Asamblea general", "nom_presidente": "JOSÉ JOAQUÍN TIPANLUISA LANCHIMBA", "operador_sector": "MARIANO TIPANLUISA", "anios_sistema": 45, "km_canal": 73.0, "recibio_capacitacion": "Sí", "le_gustaria_cap": "Sí", "temas_capacitacion": "RIEGO", "cedula": "1003051198", "caudal_valor": 34.2, "coord_x_utm": 818672.44, "coord_y_utm": 9989860.78, "soberania_aliment_pct": 50, "act_productivas_pct": 50, "actividad_productiva": "Particular", "observaciones": "Lote Comunal: 1702521540014 Sector: Moras \nLote: 58 Área Total: 5053.755 m² Área de Riego: 5053.755 m²"}, "geometry": {"type": "Point", "coordinates": [-78.137367, -0.091617]}}, {"type": "Feature", "properties": {"id": "{ff7f62de-d90c-4a2b-888e-ab1b4c9c8ee8}", "cod_poligono": "1702520680024", "num_predio": 1, "codigo_final": "S-C-P001", "propietario": "ANDRANGO MERA LUIS ALFONSO", "parroquia": "CANGAHUA", "caudal_tipo": "Recibe la Comunidad", "tiene_reservorio": "Comunitario", "foto_predio": "DCIM/fichas-predios_20260523114121197.jpg", "creado_por": "u0_a319", "fecha_creacion": "2026-05-23T11:31:32.519Z", "apellidos": "ANDRANGO MERA", "nombres": "LUIS ALFONSO", "clave_catastral": "1702520680024", "telefono_celular": "0979540080", "hijos_hombres": 3, "hijos_mujeres": 1, "sector": "Guang-Porotog", "tenencia_predio": "Sin Escritura", "nivel_instruccion": "Ninguno", "area_total": 3662.57, "org_riego": "GUANGUILQUI POROTOG", "sector_comunidad": "SAN ANTONIO NINA RUMI", "canal": "GUANGUILQUI POROTOG", "area_riego": 3662.57, "area_sin_riego": 0.0, "frecuencia_riego": "Semanal", "metodo_aspersion_pct": 100, "dias_riego": 2, "horas_turno": 12, "valor_tarifa": 7.0, "tipo_tarifa": "fijo anual", "agua_consumo": 1, "energia_electrica": 1, "material_construccion": "TAPIA", "cota_msnm": 3410.0, "conoce_presa": "Sí", "como_elige_dir": "Asamblea general", "nom_presidente": "HUMBERTO QUISHPE", "operador_sector": "SERGIO ASCANTA", "anios_sistema": 45, "km_canal": 73.0, "recibio_capacitacion": "Sí", "le_gustaria_cap": "Sí", "temas_capacitacion": "RIEGO", "cedula": "1704670734", "caudal_valor": 34.2, "coord_x_utm": 818899.26, "coord_y_utm": 9991721.69, "soberania_aliment_pct": 15, "act_productivas_pct": 85, "actividad_productiva": "Particular", "observaciones": "Lote Comunal: 1702521540014 Sector: Páramo Chico\nLote: 23 Área Total: 13000 m² Área Riego: 13000 m²"}, "geometry": {"type": "Point", "coordinates": [-78.135333, -0.074802]}}, {"type": "Feature", "properties": {"id": "{192338da-e88a-466a-9445-31e35caa2421}", "cod_poligono": "1702520570003", "num_predio": 1, "codigo_final": "S-C-P001", "propietario": "TIPANLUISA AIGAJE ZOILA REGINA", "parroquia": "CANGAHUA", "caudal_tipo": "Recibe la Comunidad", "tiene_reservorio": "Comunitario", "foto_predio": "DCIM/fichas-predios_20260523074123608.JPG", "creado_por": "u0_a330", "fecha_creacion": "2026-05-23T07:33:07.632Z", "apellidos": "TIPANLUISA AIGAJE", "nombres": "ZOILA REGINA", "clave_catastral": "1702520570003", "telefono_celular": "0980871478", "hijos_hombres": 1, "hijos_mujeres": 4, "sector": "Guang-Porotog", "tenencia_predio": "Sin Escritura", "nivel_instruccion": "Alfabetizado", "area_total": 2849.28, "org_riego": "GUANGUILQUI POROTOG", "sector_comunidad": "SAN ANTONIO", "canal": "GUANGUILQUI POROTOG ", "area_riego": 2849.28, "area_sin_riego": 0.0, "frecuencia_riego": "Semanal", "metodo_aspersion_pct": 100, "dias_riego": 2, "horas_turno": 12, "valor_tarifa": 7.0, "tipo_tarifa": "fijo anual", "agua_consumo": 1, "energia_electrica": 1, "material_construccion": "MIXTA", "cota_msnm": 3400.0, "conoce_presa": "Sí", "como_elige_dir": "Asamblea general", "nom_presidente": "JOAQUIN TIPANLUISA", "operador_sector": "SERGIO AIGAJE", "anios_sistema": 45, "km_canal": 7.0, "recibio_capacitacion": "Sí", "le_gustaria_cap": "Sí", "temas_capacitacion": "SISTEMA DE RIEGO", "cedula": "1708900897", "caudal_valor": 34.32, "coord_x_utm": 819161.19, "coord_y_utm": 9992032.29, "soberania_aliment_pct": 50, "act_productivas_pct": 50, "actividad_productiva": "Particular", "observaciones": "Actualiza datos la propietari sobre el señor esposo que es el regante, la otro predio tiene sembrafo flores 1200  y potrero , tiene un lote en paramo chico clave 1702521540014  lote 15 area 100061,352  es potrero  9000m y el lote # 50 area 4190,852 siembra papas 1000 m y lote sin numero de 1600 y  siembra papas la totalidad"}, "geometry": {"type": "Point", "coordinates": [-78.132982, -0.071996]}}, {"type": "Feature", "properties": {"id": "{027f6585-9d1a-42a7-afbb-e3ab714608d7}", "cod_poligono": "1702520510010", "num_predio": 1, "codigo_final": "S-C-P001", "propietario": "ANDRANGO PILCA LUIS ALFREDO", "parroquia": "CANGAHUA", "caudal_tipo": "Recibe la Comunidad", "tiene_reservorio": "Comunitario", "foto_predio": "DCIM/fichas-predios_20260523080010227.JPG", "creado_por": "u0_a330", "fecha_creacion": "2026-05-23T07:53:46.746Z", "apellidos": "ANDRANGO PILCA", "nombres": "LUIS ALFREDO", "clave_catastral": "1702520510010", "telefono_celular": "0985418541", "hijos_hombres": 1, "hijos_mujeres": 1, "sector": "Guang-Porotog", "tenencia_predio": "Escritura", "nivel_instruccion": "Primaria", "area_total": 10168.77, "org_riego": "GUANGUILQUI POROTOG", "sector_comunidad": "SAN ANTONIO", "canal": "GUANGUILQUI POROTOG ", "area_riego": 10168.77, "area_sin_riego": 0.0, "frecuencia_riego": "Semanal", "metodo_aspersion_pct": 100, "dias_riego": 2, "horas_turno": 12, "valor_tarifa": 7.0, "tipo_tarifa": "fijo anual", "agua_consumo": 1, "energia_electrica": 1, "material_construccion": "BLOQUE", "cota_msnm": 3305.0, "conoce_presa": "Sí", "como_elige_dir": "Asamblea general", "nom_presidente": "JOAQUIN TIPANLUISA", "operador_sector": "SERGIO AIGAJE", "anios_sistema": 45, "km_canal": 7.0, "recibio_capacitacion": "Sí", "le_gustaria_cap": "Sí", "temas_capacitacion": "SISTEMA DE RIEGO", "cedula": "1711445138", "caudal_valor": 34.32, "coord_x_utm": 816623.29, "coord_y_utm": 9992972.2, "soberania_aliment_pct": 50, "act_productivas_pct": 50, "observaciones": "El ex marido es el propietario , la regante es la señor . \nEn el predio clave 170251540014 area 13.000 m es sector lotizado"}, "geometry": {"type": "Point", "coordinates": [-78.155761, -0.063504]}}, {"type": "Feature", "properties": {"id": "{0cea8513-925c-4f6b-9bab-7ac72b485262}", "cod_poligono": "1702521020060", "num_predio": 1, "codigo_final": "S-C-P001", "propietario": "ACERO SOPALO MARIA CARMEN", "parroquia": "CANGAHUA", "caudal_tipo": "Recibe la Comunidad", "tiene_reservorio": "Comunitario", "foto_predio": "DCIM/fichas-predios_20260523082744500.JPG", "creado_por": "u0_a330", "fecha_creacion": "2026-05-23T08:20:13.227Z", "apellidos": "ACERO SOPALO", "nombres": "MARIA CARMEN", "clave_catastral": "1702521020060", "telefono_celular": "0981749143", "hijos_hombres": 1, "hijos_mujeres": 2, "sector": "Guang-Porotog", "tenencia_predio": "Escritura", "nivel_instruccion": "Primaria", "area_total": 5761.07, "org_riego": "GUANGUILQUI POROTOG", "sector_comunidad": "SAN ANTONIO", "canal": "GUANGUILQUI POROTOG ", "area_riego": 5761.07, "area_sin_riego": 0.0, "frecuencia_riego": "Semanal", "metodo_goteo_pct": 100, "dias_riego": 1, "horas_turno": 8, "valor_tarifa": 7.0, "tipo_tarifa": "fijo anual", "agua_consumo": 1, "energia_electrica": 1, "material_construccion": "BLOQUE", "cota_msnm": 3495.0, "conoce_presa": "Sí", "como_elige_dir": "Asamblea general", "nom_presidente": "JOAQUIN TIPANLUISA", "operador_sector": "MARIANO TIPAMLUISA", "anios_sistema": 45, "km_canal": 7.0, "recibio_capacitacion": "Sí", "le_gustaria_cap": "Sí", "temas_capacitacion": "SISTEMA DE RIEGO", "cedula": "1712077468", "caudal_valor": 34.32, "coord_x_utm": 818889.69, "coord_y_utm": 9990018.79, "soberania_aliment_pct": 50, "act_productivas_pct": 50, "actividad_productiva": "Particular", "observaciones": "Tambien es propietaria de una lotizacion en el sector Moras clave 1702521540014  lote # 54 4549,45 m tiene pasto totalidad y tambien en paramo chico area 8952,605m  en el mismo sector lote # 8 area 1600m  siiembra papas en la totalidad. "}, "geometry": {"type": "Point", "coordinates": [-78.135418, -0.09019]}}, {"type": "Feature", "properties": {"id": "{ada32ae7-0f52-4955-9df8-0b4088e52232}", "cod_poligono": "1702521010095", "num_predio": 1, "codigo_final": "S-C-P001", "propietario": "ACERO ULCUANGO SERGIO LENIN", "parroquia": "CANGAHUA", "caudal_tipo": "Recibe la Comunidad", "tiene_reservorio": "Comunitario", "foto_predio": "DCIM/fichas-predios_20260523084842327.JPG", "creado_por": "u0_a330", "fecha_creacion": "2026-05-23T08:42:04.163Z", "apellidos": "ACERO ULCUANGO", "nombres": "SERGIO LENIN", "clave_catastral": "1702521010095", "hijos_hombres": 4, "hijos_mujeres": 1, "sector": "Guang-Porotog", "tenencia_predio": "Sin Escritura", "nivel_instruccion": "Ninguno", "area_total": 11759.16, "org_riego": "GUANGUILQUI POROTOG", "sector_comunidad": "SAN ANTONIO", "canal": "GUANGUILQUI POROTOG ", "area_riego": 11759.16, "area_sin_riego": 0.0, "frecuencia_riego": "Semanal", "metodo_aspersion_pct": 100, "dias_riego": 1, "horas_turno": 12, "valor_tarifa": 7.0, "tipo_tarifa": "fijo anual", "agua_consumo": 1, "energia_electrica": 1, "material_construccion": "BLOQUE", "cota_msnm": 3485.0, "conoce_presa": "No", "como_elige_dir": "Asamblea general", "nom_presidente": "JOAQUIN TIPANLUISA", "operador_sector": "MARIANO TIPAMLUISA", "anios_sistema": 45, "km_canal": 7.0, "recibio_capacitacion": "Sí", "le_gustaria_cap": "Sí", "temas_capacitacion": "SISTEMA DE RIEGO", "cedula": "1707048359", "caudal_valor": 34.32, "coord_x_utm": 818804.37, "coord_y_utm": 9989814.71, "soberania_aliment_pct": 50, "act_productivas_pct": 50, "actividad_productiva": "Particular", "observaciones": "El dueño del predio es el hijo, la señora es la regante y tiene otro predios tambien tiene predio en cruz loma clave 1702521540014 lote #10 area 9505,297; lote #44 area 3950,034"}, "geometry": {"type": "Point", "coordinates": [-78.136183, -0.092034]}}, {"type": "Feature", "properties": {"id": "{7c83f11b-5eb5-4209-aa11-ec60dad504a8}", "cod_poligono": "1702520680035", "num_predio": 1, "codigo_final": "S-C-P001", "propietario": "ACERO CUMBAL SEGUNDO TEODORO", "parroquia": "CANGAHUA", "caudal_tipo": "Recibe la Comunidad", "tiene_reservorio": "Comunitario", "foto_predio": "DCIM/fichas-predios_20260523090958468.JPG", "creado_por": "u0_a330", "fecha_creacion": "2026-05-23T09:02:21.496Z", "apellidos": "ACERO CUMBAL", "nombres": "SEGUNDO TEODORO", "clave_catastral": "1702520680035", "telefono_celular": "0980945470", "hijos_hombres": 1, "sector": "Guang-Porotog", "tenencia_predio": "Escritura", "nivel_instruccion": "Primaria", "area_total": 191.64, "org_riego": "GUANGUILQUI POROTOG", "sector_comunidad": "SAN ANTONIO", "canal": "GUANGUILQUI POROTOG ", "area_riego": 191.64, "area_sin_riego": 0.0, "frecuencia_riego": "Semanal", "metodo_aspersion_pct": 100, "dias_riego": 2, "horas_turno": 12, "valor_tarifa": 7.0, "tipo_tarifa": "fijo anual", "agua_consumo": 1, "energia_electrica": 1, "material_construccion": "BLOQUE", "cota_msnm": 3425.0, "conoce_presa": "Sí", "como_elige_dir": "Asamblea general", "nom_presidente": "JOAQUIN TIPANLUISA", "operador_sector": "MARIANO TIPAMLUISA", "anios_sistema": 45, "km_canal": 7.0, "recibio_capacitacion": "Sí", "le_gustaria_cap": "Sí", "temas_capacitacion": "SISTEMA DE RIEGO", "cedula": "1709504334", "caudal_valor": 34.32, "coord_x_utm": 818978.97, "coord_y_utm": 9991255.29, "soberania_aliment_pct": 50, "act_productivas_pct": 50, "actividad_productiva": "Particular", "observaciones": "Clave general 1702521540014 Tiene un lote #22 en el sector tabero area 7720,962 potero y y lote # 2;  1600m pasto"}, "geometry": {"type": "Point", "coordinates": [-78.134617, -0.079017]}}, {"type": "Feature", "properties": {"id": "{b722580f-e5e3-4bc0-833f-26f26f71d620}", "cod_poligono": "1702521020049", "num_predio": 1, "codigo_final": "S-C-P001", "propietario": "ACERO SOPALO BENEDICTO", "parroquia": "CANGAHUA", "caudal_tipo": "Recibe la Comunidad", "tiene_reservorio": "Comunitario", "foto_predio": "DCIM/fichas-predios_20260523093552151.JPG", "creado_por": "u0_a330", "fecha_creacion": "2026-05-23T09:30:30.757Z", "apellidos": "ACERO SOPALO", "nombres": "BENEDICTO", "clave_catastral": "1702521020049", "telefono_celular": "0989677328", "hijos_hombres": 6, "hijos_mujeres": 4, "sector": "Guang-Porotog", "tenencia_predio": "Sin Escritura", "nivel_instruccion": "Primaria", "area_total": 5933.7, "org_riego": "GUANGUILQUI POROTOG", "sector_comunidad": "SAN ANTONIO", "canal": "GUANGUILQUI POROTOG ", "area_riego": 5933.7, "area_sin_riego": 0.0, "frecuencia_riego": "Semanal", "metodo_aspersion_pct": 100, "dias_riego": 1, "horas_turno": 12, "valor_tarifa": 7.0, "tipo_tarifa": "fijo anual", "agua_consumo": 1, "energia_electrica": 1, "material_construccion": "BLOQUE", "cota_msnm": 3465.0, "conoce_presa": "Sí", "como_elige_dir": "Asamblea general", "nom_presidente": "JOAQUIN TIPANLUISA", "operador_sector": "MARIANO TIPAMLUISA", "anios_sistema": 45, "km_canal": 7.0, "recibio_capacitacion": "Sí", "le_gustaria_cap": "Sí", "temas_capacitacion": "SISTEMA DE RIEGO", "cedula": "1708846074", "caudal_valor": 34.32, "coord_x_utm": 818659.38, "coord_y_utm": 9989957.28, "soberania_aliment_pct": 50, "act_productivas_pct": 50, "actividad_productiva": "Particular", "observaciones": "Tiene un lote # 28 el sector moras clave 1702521540014 area 12438.472 siembra 5000m de cebolla y potrero 5000m papas 5000 , habas 2000m"}, "geometry": {"type": "Point", "coordinates": [-78.137485, -0.090745]}}, {"type": "Feature", "properties": {"id": "{d6180a9a-1159-4340-bca8-95fdb2c47dbf}", "cod_poligono": "1702520680014", "num_predio": 1, "codigo_final": "S-C-P001", "propietario": "ASCANTA TIPANLUISA SEGUNDO FRANCISCO", "parroquia": "CANGAHUA", "caudal_tipo": "Recibe la Comunidad", "tiene_reservorio": "Comunitario", "foto_predio": "DCIM/fichas-predios_20260523100627885.JPG", "creado_por": "u0_a330", "fecha_creacion": "2026-05-23T10:00:54.473Z", "apellidos": "ASCANTA TIPANLUISA", "nombres": "SEGUNDO FRANCISCO", "clave_catastral": "1702520680014", "telefono_celular": "0979565985", "hijos_hombres": 1, "hijos_mujeres": 2, "sector": "Guang-Porotog", "tenencia_predio": "Escritura", "nivel_instruccion": "Primaria", "area_total": 3335.86, "org_riego": "GUANGUILQUI POROTOG", "sector_comunidad": "SAN ANTONIO", "canal": "GUANGUILQUI POROTOG ", "area_riego": 3335.86, "area_sin_riego": 0.0, "frecuencia_riego": "Mensual", "metodo_aspersion_pct": 100, "dias_riego": 6, "horas_turno": 24, "valor_tarifa": 7.0, "tipo_tarifa": "fijo anual", "agua_consumo": 1, "energia_electrica": 1, "material_construccion": "BLOQUE", "cota_msnm": 3410.0, "conoce_presa": "Sí", "como_elige_dir": "Asamblea general", "nom_presidente": "JOAQUIN TIPANLUISA", "operador_sector": "SERGIO ASCANTA", "anios_sistema": 45, "km_canal": 7.0, "recibio_capacitacion": "No", "le_gustaria_cap": "Sí", "temas_capacitacion": "SISTEMA DE RIEGO", "cedula": "1003050612", "caudal_valor": 34.32, "coord_x_utm": 818888.45, "coord_y_utm": 9991488.78, "soberania_aliment_pct": 50, "act_productivas_pct": 50, "actividad_productiva": "Particular", "observaciones": "Actualiza el padre del regante. Tiene lote en sector moras clave 1702521540014 ,# lote 57 area 6183.13  "}, "geometry": {"type": "Point", "coordinates": [-78.13543, -0.076907]}}, {"type": "Feature", "properties": {"id": "{b6be42cc-68cb-4080-8a94-7d0e403d2c79}", "cod_poligono": "1702520680045", "num_predio": 1, "codigo_final": "S-C-P001", "propietario": "ASCANTA TIPANLUISA JUAN MELCHOR", "parroquia": "CANGAHUA", "caudal_tipo": "Recibe la Comunidad", "tiene_reservorio": "Comunitario", "foto_predio": "DCIM/fichas-predios_20260523102351187.JPG", "creado_por": "u0_a330", "fecha_creacion": "2026-05-23T10:20:34.331Z", "apellidos": "ASCANTA TIPANLUISA", "nombres": "JUAN MELCHOR", "clave_catastral": "1702520680045", "telefono_celular": "0990616633", "hijos_mujeres": 2, "sector": "Guang-Porotog", "tenencia_predio": "Escritura", "nivel_instruccion": "Secundaria", "area_total": 2399.6, "org_riego": "GUANGUILQUI POROTOG", "sector_comunidad": "SAN ANTONIO", "canal": "GUANGUILQUI POROTOG ", "area_riego": 2399.6, "area_sin_riego": 0.0, "frecuencia_riego": "Mensual", "metodo_aspersion_pct": 100, "dias_riego": 6, "horas_turno": 24, "valor_tarifa": 7.0, "tipo_tarifa": "fijo anual", "agua_consumo": 1, "energia_electrica": 1, "material_construccion": "HORMIGÓN ARMADO", "cota_msnm": 3410.0, "conoce_presa": "Sí", "como_elige_dir": "Asamblea general", "nom_presidente": "JOAQUIN TIPANLUISA", "operador_sector": "SERGIO ASCANTA", "anios_sistema": 45, "km_canal": 7.0, "recibio_capacitacion": "No", "le_gustaria_cap": "Sí", "temas_capacitacion": "SISTEMA DE RIEGO", "cedula": "1723280267", "caudal_valor": 34.32, "coord_x_utm": 819090.38, "coord_y_utm": 9991649.72, "soberania_aliment_pct": 50, "act_productivas_pct": 50, "actividad_productiva": "Particular", "observaciones": "Actualiza datos el papá"}, "geometry": {"type": "Point", "coordinates": [-78.133617, -0.075452]}}, {"type": "Feature", "properties": {"id": "{56a69006-d8ef-447e-9cfe-05a87889b364}", "cod_poligono": "1702521010115", "num_predio": 1, "codigo_final": "S-C-P001", "propietario": "TANDAYAMO ULCUANGO RAUL PATRICIO", "parroquia": "CANGAHUA", "caudal_tipo": "Recibe la Comunidad", "tiene_reservorio": "Comunitario", "foto_predio": "DCIM/fichas-predios_20260523103604970.JPG", "creado_por": "u0_a330", "fecha_creacion": "2026-05-23T10:30:25.536Z", "apellidos": "TANDAYAMO ULCUANGO", "nombres": "RAUL PATRICIO", "clave_catastral": "1702521010115", "telefono_celular": "0993902255", "hijos_mujeres": 1, "sector": "Guang-Porotog", "tenencia_predio": "Escritura", "nivel_instruccion": "Superior", "area_total": 615.64, "org_riego": "GUANGUILQUI POROTOG", "sector_comunidad": "SAN ANTONIO", "canal": "GUANGUILQUI POROTOG ", "area_riego": 615.64, "area_sin_riego": 0.0, "frecuencia_riego": "Semanal", "metodo_aspersion_pct": 100, "dias_riego": 1, "horas_turno": 12, "valor_tarifa": 7.0, "tipo_tarifa": "fijo anual", "agua_consumo": 1, "material_construccion": "BLOQUE", "cota_msnm": 3495.0, "conoce_presa": "No", "como_elige_dir": "Asamblea general", "nom_presidente": "JOAQUIN TIPANLUISA", "operador_sector": "SERGIO ASCANTA", "anios_sistema": 45, "km_canal": 7.0, "recibio_capacitacion": "No", "le_gustaria_cap": "Sí", "temas_capacitacion": "MANEJO DE RECURSOS HIDRICOS", "cedula": "1003051586", "caudal_valor": 34.32, "coord_x_utm": 818900.82, "coord_y_utm": 9989920.0, "soberania_aliment_pct": 50, "act_productivas_pct": 50, "actividad_productiva": "Particular", "observaciones": "En el otro predio tiene potrero, tiene predio en tabiro clave 1702521540014 lote # 6 area 5000m  y valle hermosa # 42 area 1600m"}, "geometry": {"type": "Point", "coordinates": [-78.135318, -0.091082]}}, {"type": "Feature", "properties": {"id": "{3d0414f2-a160-4494-b863-c0e6783c66cf}", "cod_poligono": "1702520680091", "num_predio": 1, "codigo_final": "S-C-P001", "propietario": "LANCHIMBA SALAZAR MARIA BARTOLA", "parroquia": "CANGAHUA", "caudal_tipo": "Recibe la Comunidad", "tiene_reservorio": "Comunitario", "foto_predio": "DCIM/fichas-predios_20260523110501908.JPG", "creado_por": "u0_a330", "fecha_creacion": "2026-05-23T11:00:55.287Z", "apellidos": "LANCHIMBA SALAZAR", "nombres": "MARIA BARTOLA", "clave_catastral": "1702520680091", "telefono_celular": "0993798170", "hijos_hombres": 2, "hijos_mujeres": 1, "sector": "Guang-Porotog", "tenencia_predio": "Escritura", "nivel_instruccion": "Ninguno", "area_total": 1562.98, "org_riego": "GUANGUILQUI POROTOG", "sector_comunidad": "SAN ANTONIO", "canal": "GUANGUILQUI POROTOG ", "area_riego": 1562.98, "area_sin_riego": 0.0, "frecuencia_riego": "Semanal", "metodo_aspersion_pct": 100, "dias_riego": 1, "horas_turno": 12, "valor_tarifa": 7.0, "tipo_tarifa": "fijo anual", "agua_consumo": 1, "energia_electrica": 1, "material_construccion": "BLOQUE", "cota_msnm": 3405.0, "conoce_presa": "Sí", "como_elige_dir": "Asamblea general", "nom_presidente": "JOAQUIN TIPANLUISA", "operador_sector": "SERGIO ASCANTA", "anios_sistema": 45, "km_canal": 7.0, "recibio_capacitacion": "Sí", "le_gustaria_cap": "Sí", "temas_capacitacion": "SISTEMA DE RIEGO", "cedula": "1717032542", "caudal_valor": 34.32, "coord_x_utm": 819160.08, "coord_y_utm": 9991728.41, "soberania_aliment_pct": 50, "act_productivas_pct": 50, "observaciones": "Actualiza datos la nuera de la señora regante"}, "geometry": {"type": "Point", "coordinates": [-78.132992, -0.074741]}}, {"type": "Feature", "properties": {"id": "{ae307573-70d2-40be-9093-b4379d8fec8a}", "cod_poligono": "1702520680093", "num_predio": 1, "codigo_final": "S-C-P001", "propietario": "LANCHIMBA LANCHIMBA SEGUNDO EDWIN", "parroquia": "CANGAHUA", "caudal_tipo": "Recibe la Comunidad", "tiene_reservorio": "Comunitario", "foto_predio": "DCIM/fichas-predios_20260523111040936.JPG", "creado_por": "u0_a330", "fecha_creacion": "2026-05-23T11:06:30.188Z", "apellidos": "LANCHIMBA LANCHIMBA", "nombres": "SEGUNDO EDWIN", "clave_catastral": "1702520680093", "telefono_celular": "0997643343", "hijos_hombres": 1, "hijos_mujeres": 1, "sector": "Guang-Porotog", "tenencia_predio": "Escritura", "nivel_instruccion": "Secundaria", "area_total": 2889.99, "org_riego": "GUANGUILQUI POROTOG", "sector_comunidad": "SAN ANTONIO", "canal": "GUANGUILQUI POROTOG ", "area_riego": 2889.99, "area_sin_riego": 0.0, "frecuencia_riego": "Semanal", "metodo_aspersion_pct": 100, "dias_riego": 1, "horas_turno": 12, "valor_tarifa": 7.0, "tipo_tarifa": "fijo anual", "agua_consumo": 1, "energia_electrica": 1, "material_construccion": "BLOQUE", "cota_msnm": 3405.0, "conoce_presa": "Sí", "como_elige_dir": "Asamblea general", "nom_presidente": "JOAQUIN TIPANLUISA", "operador_sector": "SERGIO ASCANTA", "anios_sistema": 45, "km_canal": 7.0, "recibio_capacitacion": "Sí", "le_gustaria_cap": "Sí", "temas_capacitacion": "SISTEMA DE RIEGO", "cedula": "1726102427", "caudal_valor": 34.32, "coord_x_utm": 819270.48, "coord_y_utm": 9991765.12, "soberania_aliment_pct": 50, "act_productivas_pct": 50, "actividad_productiva": "Particular", "observaciones": "Actualiza datos la esposa del propietario"}, "geometry": {"type": "Point", "coordinates": [-78.132001, -0.07441]}}, {"type": "Feature", "properties": {"id": "{86099e9b-3a56-4cc3-9674-6c088ac81af3}", "cod_poligono": "1702521010103", "num_predio": 1, "codigo_final": "S-C-P001", "propietario": "ULCUANGO IMBAQUINGO JOSE ROBERTO", "parroquia": "CANGAHUA", "caudal_tipo": "Recibe la Comunidad", "tiene_reservorio": "Comunitario", "foto_predio": "DCIM/fichas-predios_20260523111803116.JPG", "creado_por": "u0_a330", "fecha_creacion": "2026-05-23T11:13:05.530Z", "apellidos": "ULCUANGO IMBAQUINGO", "nombres": "JOSE ROBERTO", "clave_catastral": "1702521010103", "hijos_hombres": 2, "hijos_mujeres": 1, "sector": "Guang-Porotog", "tenencia_predio": "Sin Escritura", "nivel_instruccion": "Primaria", "area_total": 6227.28, "org_riego": "GUANGUILQUI POROTOG", "sector_comunidad": "SAN ANTONIO", "canal": "GUANGUILQUI POROTOG ", "area_riego": 6227.28, "area_sin_riego": 0.0, "frecuencia_riego": "Semanal", "metodo_aspersion_pct": 100, "dias_riego": 1, "horas_turno": 12, "valor_tarifa": 7.0, "tipo_tarifa": "fijo anual", "agua_consumo": 1, "energia_electrica": 1, "material_construccion": "BLOQUE", "cota_msnm": 3480.0, "conoce_presa": "Sí", "como_elige_dir": "Asamblea general", "nom_presidente": "JOAQUIN TIPANLUISA", "operador_sector": "SERGIO ASCANTA", "anios_sistema": 45, "km_canal": 7.0, "recibio_capacitacion": "Sí", "le_gustaria_cap": "Sí", "temas_capacitacion": "SISTEMA DE RIEGO", "cedula": "1003050422", "caudal_valor": 34.32, "coord_x_utm": 818738.14, "coord_y_utm": 9989915.49, "soberania_aliment_pct": 50, "act_productivas_pct": 50, "actividad_productiva": "Particular", "observaciones": "Actualiza datos la esposa del propietario, el en predio  17025215400014 lote # 44  area 1600m y #39 5800"}, "geometry": {"type": "Point", "coordinates": [-78.136778, -0.091123]}}, {"type": "Feature", "properties": {"id": "{ade2d88a-c6ef-4ab0-b8ab-71f11e82170d}", "cod_poligono": "1702520680037", "num_predio": 1, "codigo_final": "S-C-P001", "propietario": "ASERO CUMBAL ASCIENCIO", "parroquia": "CANGAHUA", "caudal_tipo": "Recibe la Comunidad", "tiene_reservorio": "Comunitario", "foto_predio": "DCIM/fichas-predios_20260523113752509.JPG", "creado_por": "u0_a330", "fecha_creacion": "2026-05-23T11:36:05.762Z", "apellidos": "ASERO CUMBAL", "nombres": "ASCIENCIO", "clave_catastral": "1702520680037", "hijos_mujeres": 1, "sector": "Guang-Porotog", "tenencia_predio": "Escritura", "area_total": 2071.8, "org_riego": "GUANGUILQUI POROTOG", "sector_comunidad": "SAN ANTONIO", "canal": "GUANGUILQUI POROTOG ", "area_riego": 2071.8, "area_sin_riego": 0.0, "frecuencia_riego": "Quincenal", "metodo_aspersion_pct": 100, "dias_riego": 2, "horas_turno": 12, "valor_tarifa": 7.0, "tipo_tarifa": "fijo anual", "cota_msnm": 3420.0, "conoce_presa": "Sí", "como_elige_dir": "Asamblea general", "nom_presidente": "JOAQUIN TIPANLUISA", "operador_sector": "SERGIO ASCANTA", "anios_sistema": 45, "km_canal": 7.0, "recibio_capacitacion": "Sí", "le_gustaria_cap": "Sí", "temas_capacitacion": "SISTEMA DE RIEGO", "cedula": "1704001245", "caudal_valor": 34.32, "coord_x_utm": 818993.25, "coord_y_utm": 9991345.69, "soberania_aliment_pct": 50, "act_productivas_pct": 50, "observaciones": "Lote Comunal: 1702521540014 Sector: Moras \nLote: 17 Área Total: 8872.851 m² Área Riego: 8872.851 m²"}, "geometry": {"type": "Point", "coordinates": [-78.134489, -0.0782]}}, {"type": "Feature", "properties": {"id": "{092354e4-27a3-4fc9-97ed-316476471edb}", "cod_poligono": "1702521010118", "num_predio": 1, "codigo_final": "S-C-P001", "propietario": "LANCHIMBA ULCUANGO LUIS RAMIRO", "parroquia": "CANGAHUA", "caudal_tipo": "Recibe la Comunidad", "tiene_reservorio": "Comunitario", "foto_predio": "DCIM/fichas-predios_20260523111141789.jpg", "creado_por": "u0_a200", "fecha_creacion": "2026-05-23T11:03:27.414Z", "apellidos": "LANCHIMBA ULCUANGO", "nombres": "LUIS RAMIRO", "clave_catastral": "1702521010118", "telefono_celular": "0982590143", "hijos_hombres": 2, "hijos_mujeres": 2, "sector": "Guang-Porotog", "tenencia_predio": "Escritura", "nivel_instruccion": "Primaria", "area_total": 7369.2, "org_riego": "GUANGA-POROTOG", "sector_comunidad": "ÑAWIPUKYU", "canal": "GUANGA-POROTOG", "area_riego": 7369.2, "area_sin_riego": 0.0, "frecuencia_riego": "Semanal", "metodo_aspersion_pct": 100, "dias_riego": 1, "horas_turno": 12, "valor_tarifa": 7.0, "tipo_tarifa": "fijo anual", "agua_consumo": 1, "energia_electrica": 1, "material_construccion": "BLOQUE", "cota_msnm": 3490.0, "conoce_presa": "Sí", "como_elige_dir": "Asamblea general", "nom_presidente": "HUMBERTO QUISHPE", "operador_sector": "SEGUNDO TIPANLUISA ", "anios_sistema": 45, "km_canal": 73.0, "recibio_capacitacion": "Sí", "cedula": "1717117004", "caudal_valor": 342.0, "coord_x_utm": 818847.61, "coord_y_utm": 9989727.21, "soberania_aliment_pct": 25, "act_productivas_pct": 75, "actividad_productiva": "Particular", "observaciones": "1702521540014\nLote 8 1300( todo) "}, "geometry": {"type": "Point", "coordinates": [-78.135795, -0.092824]}}, {"type": "Feature", "properties": {"id": "{a6320c6e-73bb-4874-8bcc-e64453ba7d03}", "cod_poligono": "1702520680018", "num_predio": 2, "codigo_final": "S-C-P002", "propietario": "IMBAQUINGO SOPALO MARIA MARTINA", "parroquia": "CANGAHUA", "caudal_tipo": "Recibe la Comunidad", "tiene_reservorio": "Comunitario", "foto_predio": "DCIM/fichas-predios_20260523073712929.jpg", "creado_por": "u0_a70", "fecha_creacion": "2026-05-23T07:28:12.955Z", "apellidos": "IMBAQUINGO SOPALO", "nombres": "MARIA MARTINA", "clave_catastral": "1702520680018", "telefono_celular": "0992159957", "hijos_hombres": 2, "sector": "Guang-Porotog", "tenencia_predio": "Sin Escritura", "nivel_instruccion": "Alfabetizado", "area_total": 12890.54, "org_riego": "GUANG-POROTOG ", "sector_comunidad": "NINARUMI", "canal": "GUANGUILQUI-POROTOG ", "area_riego": 12890.54, "area_sin_riego": 0.0, "frecuencia_riego": "Mensual", "metodo_aspersion_pct": 100, "dias_riego": 3, "horas_turno": 36, "valor_tarifa": 21.0, "tipo_tarifa": "fijo anual", "agua_consumo": 1, "energia_electrica": 1, "material_construccion": "BLOQUE", "cota_msnm": 3405.0, "conoce_presa": "Sí", "como_elige_dir": "Asamblea general", "nom_presidente": "JOAQUÍN TIPANLUISA ", "operador_sector": "SERIO ASCANA", "anios_sistema": 45, "km_canal": 7.0, "recibio_capacitacion": "Sí", "le_gustaria_cap": "Sí", "temas_capacitacion": "MEJORAMIENTO DE RIEGO ", "caudal_valor": 34.32, "coord_x_utm": 818811.6, "coord_y_utm": 9991579.37, "soberania_aliment_pct": 50, "act_productivas_pct": 50, "observaciones": "El número de cédula del propietario es 1714112339"}, "geometry": {"type": "Point", "coordinates": [-78.136119, -0.076088]}}, {"type": "Feature", "properties": {"id": "{cc341d5b-f995-4442-a947-56d001a30a80}", "cod_poligono": "1702520680002", "num_predio": 1, "codigo_final": "S-C-P001", "propietario": "IMBAQUINGO SOPALO MARIA MARTINA", "parroquia": "CANGAHUA", "caudal_tipo": "Recibe la Comunidad", "tiene_reservorio": "Comunitario", "foto_predio": "DCIM/fichas-predios_20260523074350407.jpg", "creado_por": "u0_a70", "fecha_creacion": "2026-05-23T07:39:33.187Z", "apellidos": "IMBAQUINGO SOPALO", "nombres": "MARIA MARTINA", "clave_catastral": "1702520680002", "telefono_celular": "0992159957", "hijos_hombres": 2, "sector": "Guang-Porotog", "tenencia_predio": "Sin Escritura", "nivel_instruccion": "Alfabetizado", "area_total": 424.69, "org_riego": "GUANG-POROTOG ", "sector_comunidad": "NINARUMI", "canal": "GUANGUILQUI-POROTOG ", "area_riego": 424.69, "area_sin_riego": 0.0, "frecuencia_riego": "Semanal", "metodo_aspersion_pct": 100, "dias_riego": 1, "horas_turno": 12, "valor_tarifa": 7.0, "tipo_tarifa": "fijo anual", "agua_consumo": 1, "energia_electrica": 1, "material_construccion": "BLOQUE", "cota_msnm": 3415.0, "conoce_presa": "Sí", "como_elige_dir": "Asamblea general", "nom_presidente": "JOAQUÍN TIPANLUISA ", "operador_sector": "SERIO ASCANA", "anios_sistema": 45, "km_canal": 7.0, "recibio_capacitacion": "Sí", "le_gustaria_cap": "Sí", "temas_capacitacion": "MEJORAMIENTO DE RIEGO ", "caudal_valor": 34.32, "coord_x_utm": 818926.89, "coord_y_utm": 9991248.64, "soberania_aliment_pct": 50, "act_productivas_pct": 50, "observaciones": "El número de cédula de la propietaria es 1714112339.\nEl lote 6 área de 3.721,77\nLote 43 área de 4.606\nLote23 área de 9.875,472. Esto es en el sector Moras.\nEn Valle hermoso un lote de 1.600 m. "}, "geometry": {"type": "Point", "coordinates": [-78.135084, -0.079077]}}, {"type": "Feature", "properties": {"id": "{93509db0-4b46-47b2-b813-b704675712bc}", "cod_poligono": "1702520680008", "num_predio": 1, "codigo_final": "S-C-P001", "propietario": "ASCANTA IMBAQUINGO MERY PAULINA", "parroquia": "CANGAHUA", "caudal_tipo": "Recibe la Comunidad", "tiene_reservorio": "Comunitario", "foto_predio": "DCIM/fichas-predios_20260523081206032.jpg", "creado_por": "u0_a70", "fecha_creacion": "2026-05-23T08:05:30.319Z", "apellidos": "ASCANTA IMBAQUINGO", "nombres": "MERY PAULINA", "clave_catastral": "1702520680002", "telefono_celular": "0992471485", "hijos_hombres": 1, "hijos_mujeres": 1, "sector": "Guang-Porotog", "tenencia_predio": "Sin Escritura", "nivel_instruccion": "Secundaria", "area_total": 653.21, "org_riego": "GUANG-POROTOG ", "sector_comunidad": "NINARUMI", "canal": "GUANGUILQUI-POROTOG ", "area_riego": 653.21, "area_sin_riego": 0.0, "frecuencia_riego": "Semanal", "metodo_aspersion_pct": 100, "dias_riego": 1, "horas_turno": 12, "valor_tarifa": 7.0, "tipo_tarifa": "fijo anual", "agua_consumo": 1, "energia_electrica": 1, "material_construccion": "BLOQUE", "cota_msnm": 3410.0, "conoce_presa": "Sí", "como_elige_dir": "Asamblea general", "nom_presidente": "JOAQUÍN TIPANLUISA ", "operador_sector": "SERIO ASCANA", "anios_sistema": 45, "km_canal": 7.0, "recibio_capacitacion": "Sí", "le_gustaria_cap": "Sí", "temas_capacitacion": "MEJORAMIENTO DE RIEGO ", "cedula": "1751603240", "caudal_valor": 34.32, "coord_x_utm": 818872.8, "coord_y_utm": 9991283.39, "soberania_aliment_pct": 50, "act_productivas_pct": 50}, "geometry": {"type": "Point", "coordinates": [-78.13557, -0.078763]}}, {"type": "Feature", "properties": {"id": "{ea17b148-46ee-49cc-8506-964953369f90}", "cod_poligono": "1702520680129", "num_predio": 1, "codigo_final": "S-C-P001", "propietario": "ASCANTA AIGAJE JUAN VICENTE", "parroquia": "CANGAHUA", "caudal_tipo": "Recibe la Comunidad", "tiene_reservorio": "Comunitario", "foto_predio": "DCIM/fichas-predios_20260523081906874.jpg", "creado_por": "u0_a70", "fecha_creacion": "2026-05-23T08:13:12.178Z", "apellidos": "ASCANTA AIGAJE", "nombres": "JUAN VICENTE", "clave_catastral": "1702520680002", "telefono_celular": "0992471485", "hijos_hombres": 3, "hijos_mujeres": 2, "sector": "Guang-Porotog", "tenencia_predio": "Escritura", "nivel_instruccion": "Ninguno", "area_total": 10111.24, "org_riego": "GUANG-POROTOG ", "sector_comunidad": "NINARUMI", "canal": "GUANGUILQUI-POROTOG ", "area_riego": 10111.24, "area_sin_riego": 0.0, "frecuencia_riego": "Semanal", "metodo_aspersion_pct": 100, "dias_riego": 1, "horas_turno": 12, "valor_tarifa": 7.0, "tipo_tarifa": "fijo anual", "agua_consumo": 1, "energia_electrica": 1, "material_construccion": "BLOQUE", "cota_msnm": 3405.0, "conoce_presa": "Sí", "como_elige_dir": "Asamblea general", "nom_presidente": "JOAQUÍN TIPANLUISA ", "operador_sector": "SERIO ASCANA", "anios_sistema": 45, "km_canal": 7.0, "recibio_capacitacion": "Sí", "le_gustaria_cap": "Sí", "temas_capacitacion": "MEJORAMIENTO DE RIEGO ", "cedula": "1703987931", "caudal_valor": 34.32, "coord_x_utm": 818832.28, "coord_y_utm": 9991479.87, "soberania_aliment_pct": 50, "act_productivas_pct": 50, "actividad_productiva": "Particular"}, "geometry": {"type": "Point", "coordinates": [-78.135934, -0.076987]}}, {"type": "Feature", "properties": {"id": "{3015f03d-edd8-435c-9c66-e0fc80bf29ed}", "cod_poligono": "1702520680128", "num_predio": 1, "codigo_final": "S-C-P001", "propietario": "ASCANTA AIGAJE JUAN VICENTE", "parroquia": "CANGAHUA", "caudal_tipo": "Recibe la Comunidad", "tiene_reservorio": "Comunitario", "foto_predio": "DCIM/fichas-predios_20260523082634718.jpg", "creado_por": "u0_a70", "fecha_creacion": "2026-05-23T08:20:54.187Z", "apellidos": "ASCANTA AIGAJE", "nombres": "JUAN VICENTE", "clave_catastral": "1702520680002", "hijos_hombres": 3, "hijos_mujeres": 2, "sector": "Guang-Porotog", "tenencia_predio": "Escritura", "nivel_instruccion": "Ninguno", "area_total": 10949.78, "org_riego": "GUANG-POROTOG ", "sector_comunidad": "NINARUMI", "canal": "GUANGUILQUI-POROTOG ", "area_riego": 10949.78, "area_sin_riego": 0.0, "frecuencia_riego": "Semanal", "metodo_aspersion_pct": 100, "dias_riego": 1, "horas_turno": 12, "valor_tarifa": 7.0, "tipo_tarifa": "fijo anual", "agua_consumo": 0, "energia_electrica": 0, "cota_msnm": 3390.0, "conoce_presa": "Sí", "como_elige_dir": "Asamblea general", "nom_presidente": "JOAQUÍN TIPANLUISA ", "operador_sector": "SERIO ASCANA", "anios_sistema": 45, "km_canal": 7.0, "recibio_capacitacion": "Sí", "le_gustaria_cap": "Sí", "temas_capacitacion": "MEJORAMIENTO DE RIEGO ", "caudal_valor": 34.32, "coord_x_utm": 818723.35, "coord_y_utm": 9991501.82, "soberania_aliment_pct": 50, "act_productivas_pct": 50, "actividad_productiva": "Particular"}, "geometry": {"type": "Point", "coordinates": [-78.136912, -0.076789]}}, {"type": "Feature", "properties": {"id": "{66d24dc9-6233-45ef-b460-06f3cc16086e}", "cod_poligono": "1702520680021", "num_predio": 1, "codigo_final": "S-C-P001", "propietario": "ASCANTA AIGAJE JUAN VICENTE", "parroquia": "CANGAHUA", "caudal_tipo": "Recibe la Comunidad", "tiene_reservorio": "Comunitario", "foto_predio": "DCIM/fichas-predios_20260523083132791.jpg", "creado_por": "u0_a70", "fecha_creacion": "2026-05-23T08:27:32.108Z", "apellidos": "ASCANTA AIGAJE", "nombres": "JUAN VICENTE", "clave_catastral": "1702520680002", "hijos_hombres": 3, "hijos_mujeres": 2, "sector": "Guang-Porotog", "tenencia_predio": "Escritura", "nivel_instruccion": "Ninguno", "area_total": 3013.55, "org_riego": "GUANG-POROTOG ", "sector_comunidad": "NINARUMI", "canal": "GUANGUILQUI-POROTOG ", "area_riego": 3013.55, "area_sin_riego": 0.0, "frecuencia_riego": "Semanal", "metodo_aspersion_pct": 100, "dias_riego": 1, "horas_turno": 12, "valor_tarifa": 7.0, "tipo_tarifa": "fijo anual", "agua_consumo": 0, "energia_electrica": 0, "cota_msnm": 3405.0, "conoce_presa": "Sí", "como_elige_dir": "Asamblea general", "nom_presidente": "JOAQUÍN TIPANLUISA ", "operador_sector": "SERIO ASCANA", "anios_sistema": 45, "km_canal": 7.0, "recibio_capacitacion": "Sí", "le_gustaria_cap": "Sí", "temas_capacitacion": "MEJORAMIENTO DE RIEGO ", "caudal_valor": 34.32, "coord_x_utm": 818810.95, "coord_y_utm": 9991242.41, "soberania_aliment_pct": 50, "act_productivas_pct": 50, "actividad_productiva": "Particular"}, "geometry": {"type": "Point", "coordinates": [-78.136125, -0.079133]}}, {"type": "Feature", "properties": {"id": "{d83ef1be-08fe-4647-9784-c50ee063b530}", "cod_poligono": "1702520510049", "num_predio": 1, "codigo_final": "S-C-P001", "propietario": "ASCANTA AIGAJE JUAN VICENTE", "parroquia": "CANGAHUA", "caudal_tipo": "Recibe la Comunidad", "tiene_reservorio": "Comunitario", "foto_predio": "DCIM/fichas-predios_20260523083904863.jpg", "creado_por": "u0_a70", "fecha_creacion": "2026-05-23T08:32:41.500Z", "apellidos": "ASCANTA AIGAJE", "nombres": "JUAN VICENTE", "clave_catastral": "1702520680002", "hijos_hombres": 3, "hijos_mujeres": 2, "sector": "Guang-Porotog", "tenencia_predio": "Escritura", "nivel_instruccion": "Ninguno", "area_total": 824.26, "org_riego": "GUANG-POROTOG ", "sector_comunidad": "PAILLACHO", "canal": "GUANGUILQUI-POROTOG ", "area_riego": 824.26, "area_sin_riego": 0.0, "frecuencia_riego": "Semanal", "metodo_aspersion_pct": 100, "dias_riego": 1, "horas_turno": 12, "valor_tarifa": 7.0, "tipo_tarifa": "fijo anual", "agua_consumo": 0, "energia_electrica": 0, "cota_msnm": 3275.0, "conoce_presa": "Sí", "como_elige_dir": "Asamblea general", "nom_presidente": "JOAQUÍN TIPANLUISA ", "operador_sector": "SERIO ASCANA", "anios_sistema": 45, "km_canal": 7.0, "recibio_capacitacion": "Sí", "le_gustaria_cap": "Sí", "temas_capacitacion": "MEJORAMIENTO DE RIEGO ", "caudal_valor": 34.32, "coord_x_utm": 816885.22, "coord_y_utm": 9993388.65, "soberania_aliment_pct": 50, "act_productivas_pct": 50, "actividad_productiva": "Particular"}, "geometry": {"type": "Point", "coordinates": [-78.153411, -0.059741]}}, {"type": "Feature", "properties": {"id": "{8777a2b6-2846-4404-9691-226979eadd32}", "cod_poligono": "1702520510026", "num_predio": 1, "codigo_final": "S-C-P001", "propietario": "ASCANTA AIGAJE JUAN VICENTE", "parroquia": "CANGAHUA", "caudal_tipo": "Recibe la Comunidad", "tiene_reservorio": "Comunitario", "creado_por": "u0_a70", "fecha_creacion": "2026-05-23T08:40:09.401Z", "apellidos": "ASCANTA AIGAJE", "nombres": "JUAN VICENTE", "clave_catastral": "1702520680002", "hijos_hombres": 3, "hijos_mujeres": 2, "sector": "Guang-Porotog", "tenencia_predio": "Escritura", "nivel_instruccion": "Ninguno", "area_total": 10648.51, "org_riego": "GUANG-POROTOG ", "sector_comunidad": "NINARUMI", "canal": "GUANGUILQUI-POROTOG ", "area_riego": 10648.51, "area_sin_riego": 0.0, "frecuencia_riego": "Semanal", "metodo_aspersion_pct": 100, "dias_riego": 1, "horas_turno": 12, "valor_tarifa": 7.0, "tipo_tarifa": "fijo anual", "agua_consumo": 0, "energia_electrica": 0, "cota_msnm": 3315.0, "conoce_presa": "Sí", "como_elige_dir": "Asamblea general", "nom_presidente": "JOAQUÍN TIPANLUISA ", "operador_sector": "SERIO ASCANA", "anios_sistema": 45, "km_canal": 7.0, "temas_capacitacion": "MEJORAMIENTO DE RIEGO ", "caudal_valor": 34.32, "coord_x_utm": 816871.47, "coord_y_utm": 9993073.13, "soberania_aliment_pct": 50, "act_productivas_pct": 50, "actividad_productiva": "Particular"}, "geometry": {"type": "Point", "coordinates": [-78.153534, -0.062592]}}, {"type": "Feature", "properties": {"id": "{30c12c6a-bc61-42be-88f2-1ec67d063138}", "cod_poligono": "1702520510024", "num_predio": 1, "codigo_final": "S-C-P001", "propietario": "ASCANTA AIGAJE JUAN VICENTE", "parroquia": "CANGAHUA", "caudal_tipo": "Recibe la Comunidad", "tiene_reservorio": "Comunitario", "foto_predio": "DCIM/fichas-predios_20260523085701919.jpg", "creado_por": "u0_a70", "fecha_creacion": "2026-05-23T08:50:09.665Z", "apellidos": "ASCANTA AIGAJE", "nombres": "JUAN VICENTE", "clave_catastral": "1702520510024", "hijos_hombres": 3, "hijos_mujeres": 2, "tenencia_predio": "Escritura", "nivel_instruccion": "Ninguno", "area_total": 9643.1, "org_riego": "GUANG-POROTOG ", "sector_comunidad": "PAILLACHO", "canal": "GUANG-POROTOG ", "area_riego": 9643.1, "area_sin_riego": 0.0, "frecuencia_riego": "Semanal", "metodo_aspersion_pct": 100, "dias_riego": 1, "horas_turno": 12, "valor_tarifa": 7.0, "tipo_tarifa": "fijo anual", "agua_consumo": 1, "energia_electrica": 1, "material_construccion": "BLOQUE", "cota_msnm": 3320.0, "conoce_presa": "Sí", "como_elige_dir": "Asamblea general", "nom_presidente": "JOAQUÍN TIPANLUISA ", "operador_sector": "SERGIO ASCANA", "anios_sistema": 45, "km_canal": 7.0, "recibio_capacitacion": "Sí", "le_gustaria_cap": "Sí", "temas_capacitacion": "MEJORAMIENTO DE RIEGO ", "caudal_valor": 3432.0, "coord_x_utm": 816872.67, "coord_y_utm": 9992995.45}, "geometry": {"type": "Point", "coordinates": [-78.153523, -0.063294]}}, {"type": "Feature", "properties": {"id": "{8c6cc0ae-fb11-4ab7-80fa-3fbd551f2e68}", "cod_poligono": "1702520510026", "num_predio": 2, "codigo_final": "S-C-P002", "propietario": "ASCANTA AIGAJE JUAN VICENTE", "parroquia": "CANGAHUA", "caudal_tipo": "Recibe la Comunidad", "tiene_reservorio": "Comunitario", "creado_por": "u0_a70", "fecha_creacion": "2026-05-23T09:01:31.541Z", "apellidos": "ASCANTA AIGAJE", "nombres": "JUAN VICENTE", "clave_catastral": "1702520510024", "hijos_hombres": 3, "hijos_mujeres": 2, "sector": "Guang-Porotog", "tenencia_predio": "Escritura", "nivel_instruccion": "Ninguno", "area_total": 10648.51, "org_riego": "GUANG-POROTOG ", "sector_comunidad": "PAILLACHO", "canal": "GUANG-POROTOG ", "area_riego": 10648.51, "area_sin_riego": 0.0, "frecuencia_riego": "Semanal", "metodo_aspersion_pct": 100, "dias_riego": 1, "horas_turno": 12, "valor_tarifa": 7.0, "tipo_tarifa": "fijo anual", "agua_consumo": 0, "energia_electrica": 0, "cota_msnm": 3315.0, "conoce_presa": "Sí", "como_elige_dir": "Asamblea general", "nom_presidente": "JOAQUÍN TIPANLUISA ", "operador_sector": "SERGIO ASCANA", "anios_sistema": 45, "km_canal": 7.0, "temas_capacitacion": "MEJORAMIENTO DE RIEGO ", "caudal_valor": 3432.0, "coord_x_utm": 816905.32, "coord_y_utm": 9993055.83}, "geometry": {"type": "Point", "coordinates": [-78.15323, -0.062748]}}, {"type": "Feature", "properties": {"id": "{035d3559-5e42-4fb5-b719-b39d5d1efb03}", "cod_poligono": "1702521010116", "num_predio": 1, "codigo_final": "S-C-P001", "propietario": "TANDAYAMO TANDAYAMO SEGUNDO CARLOS", "parroquia": "CANGAHUA", "caudal_tipo": "Recibe la Comunidad", "tiene_reservorio": "Comunitario", "foto_predio": "DCIM/fichas-predios_20260523091955195.jpg", "creado_por": "u0_a70", "fecha_creacion": "2026-05-23T09:11:00.929Z", "apellidos": "TANDAYAMO TANDAYAMO", "nombres": "SEGUNDO CARLOS", "clave_catastral": "1702520510024", "telefono_celular": "0993686843", "hijos_hombres": 3, "hijos_mujeres": 2, "sector": "Guang-Porotog", "tenencia_predio": "Escritura", "nivel_instruccion": "Primaria", "area_total": 8902.37, "org_riego": "GUANG-POROTOG ", "sector_comunidad": "ÑAVIPOGYO", "canal": "GUANG-POROTOG ", "area_riego": 8902.37, "area_sin_riego": 0.0, "frecuencia_riego": "Semanal", "metodo_aspersion_pct": 100, "dias_riego": 1, "horas_turno": 12, "valor_tarifa": 7.0, "tipo_tarifa": "fijo anual", "agua_consumo": 1, "energia_electrica": 1, "material_construccion": "BLOQUE", "cota_msnm": 3480.0, "conoce_presa": "Sí", "como_elige_dir": "Asamblea general", "nom_presidente": "JOAQUÍN TIPANLUISA ", "operador_sector": "SERGIO ASCANA", "anios_sistema": 45, "km_canal": 7.0, "recibio_capacitacion": "Sí", "le_gustaria_cap": "Sí", "temas_capacitacion": "MEJORAMIENTO DE RIEGO ", "cedula": "1705510384", "caudal_valor": 3432.0, "coord_x_utm": 818744.23, "coord_y_utm": 9989862.79, "soberania_aliment_pct": 50, "act_productivas_pct": 50, "actividad_productiva": "Particular"}, "geometry": {"type": "Point", "coordinates": [-78.136723, -0.091599]}}, {"type": "Feature", "properties": {"id": "{7e402165-c7c2-4abd-a5bb-3af970ea087b}", "cod_poligono": "1702520490059", "num_predio": 1, "codigo_final": "S-C-P001", "propietario": "TANDAYAMO TANDAYAMO SEGUNDO CARLOS", "parroquia": "CANGAHUA", "caudal_tipo": "Recibe la Comunidad", "tiene_reservorio": "Comunitario", "creado_por": "u0_a70", "fecha_creacion": "2026-05-23T09:22:13.704Z", "apellidos": "TANDAYAMO TANDAYAMO", "nombres": "SEGUNDO CARLOS", "clave_catastral": "1702520510024", "sector": "Guang-Porotog", "tenencia_predio": "Escritura", "area_total": 8717.89, "org_riego": "GUANG-POROTOG ", "sector_comunidad": "ÑAVIPOGYO", "canal": "GUANG-POROTOG ", "area_riego": 8717.89, "area_sin_riego": 0.0, "frecuencia_riego": "Semanal", "metodo_aspersion_pct": 100, "valor_tarifa": 7.0, "tipo_tarifa": "fijo anual", "agua_consumo": 1, "energia_electrica": 1, "cota_msnm": 3340.0, "conoce_presa": "Sí", "como_elige_dir": "Asamblea general", "nom_presidente": "JOAQUÍN TIPANLUISA ", "operador_sector": "SERGIO ASCANA", "anios_sistema": 45, "km_canal": 7.0, "temas_capacitacion": "MEJORAMIENTO DE RIEGO ", "caudal_valor": 3432.0, "coord_x_utm": 818407.91, "coord_y_utm": 9993433.92, "soberania_aliment_pct": 50, "act_productivas_pct": 50, "actividad_productiva": "Particular", "observaciones": "1802521540014 \nTiene el lote 5 de área 10239,65 m. En el sector Moras.\nEl lote 66 de 5.124,73 en Valle hermoso \nLote 41 de 1700 Valle hermoso \n\n"}, "geometry": {"type": "Point", "coordinates": [-78.139744, -0.059331]}}, {"type": "Feature", "properties": {"id": "{284de796-f3e0-4d22-a11c-f9378f0a7ff0}", "cod_poligono": "1702520490059", "num_predio": 2, "codigo_final": "S-C-P002", "propietario": "TANDAYAMO TANDAYAMO SEGUNDO CARLOS", "parroquia": "CANGAHUA", "caudal_tipo": "Recibe la Comunidad", "tiene_reservorio": "Comunitario", "foto_predio": "DCIM/fichas-predios_20260523093345454.jpg", "creado_por": "u0_a70", "fecha_creacion": "2026-05-23T09:28:30.267Z", "apellidos": "TANDAYAMO TANDAYAMO", "nombres": "SEGUNDO CARLOS", "clave_catastral": "1702520510024", "telefono_celular": "0993686843", "hijos_hombres": 3, "hijos_mujeres": 2, "sector": "Guang-Porotog", "tenencia_predio": "Escritura", "nivel_instruccion": "Primaria", "area_total": 8717.89, "org_riego": "GUANG-POROTOG ", "sector_comunidad": "ÑAVIPOGYO", "canal": "GUANG-POROTOG ", "area_riego": 8717.89, "area_sin_riego": 0.0, "frecuencia_riego": "Semanal", "metodo_aspersion_pct": 100, "dias_riego": 1, "horas_turno": 12, "valor_tarifa": 7.0, "tipo_tarifa": "fijo anual", "agua_consumo": 0, "energia_electrica": 0, "cota_msnm": 3340.0, "conoce_presa": "Sí", "como_elige_dir": "Asamblea general", "nom_presidente": "JOAQUÍN TIPANLUISA ", "operador_sector": "SERGIO ASCANA", "anios_sistema": 45, "km_canal": 7.0, "recibio_capacitacion": "Sí", "le_gustaria_cap": "Sí", "temas_capacitacion": "MEJORAMIENTO DE RIEGO ", "caudal_valor": 3432.0, "coord_x_utm": 818389.37, "coord_y_utm": 9993445.83, "soberania_aliment_pct": 50, "act_productivas_pct": 50, "actividad_productiva": "Particular"}, "geometry": {"type": "Point", "coordinates": [-78.13991, -0.059223]}}, {"type": "Feature", "properties": {"id": "{ddbc733a-1d0e-4d63-8a0a-8e3cb0c1b973}", "cod_poligono": "1702521020030", "num_predio": 1, "codigo_final": "S-C-P001", "propietario": "ACERO SALAZAR MARIA JUANA", "parroquia": "CANGAHUA", "caudal_tipo": "Recibe la Comunidad", "tiene_reservorio": "Comunitario", "foto_predio": "DCIM/fichas-predios_20260523101911549.jpg", "creado_por": "u0_a70", "fecha_creacion": "2026-05-23T10:08:40.683Z", "apellidos": "ACERO SALAZAR", "nombres": "MARIA JUANA", "clave_catastral": "1702521020030", "telefono_celular": "0994544987", "hijos_hombres": 1, "sector": "Guang-Porotog", "tenencia_predio": "Escritura", "nivel_instruccion": "Primaria", "area_total": 7002.18, "org_riego": "GUANG-POROTOG ", "sector_comunidad": "MULAPOTERO ", "canal": "GUANG-POROTOG ", "area_riego": 7002.18, "area_sin_riego": 0.0, "frecuencia_riego": "Semanal", "metodo_aspersion_pct": 100, "dias_riego": 1, "horas_turno": 12, "valor_tarifa": 7.0, "tipo_tarifa": "fijo anual", "agua_consumo": 1, "energia_electrica": 1, "material_construccion": "BLOQUE", "cota_msnm": 3455.0, "conoce_presa": "No", "como_elige_dir": "Asamblea general", "nom_presidente": "JOAQUÍN TIPANLUISA ", "operador_sector": "CÉSAR HUMBERTO QUISHPE ", "anios_sistema": 45, "km_canal": 7.0, "recibio_capacitacion": "Sí", "le_gustaria_cap": "Sí", "temas_capacitacion": "MEJORAMIENTO DE RIEGO", "cedula": "1711589687", "caudal_valor": 3432.0, "coord_x_utm": 818682.69, "coord_y_utm": 9990307.69, "soberania_aliment_pct": 50, "act_productivas_pct": 50, "actividad_productiva": "Particular"}, "geometry": {"type": "Point", "coordinates": [-78.137276, -0.087579]}}, {"type": "Feature", "properties": {"id": "{19102935-7a25-4413-becc-0492f05d0955}", "cod_poligono": "1702521020056", "num_predio": 1, "codigo_final": "S-C-P001", "propietario": "ACERO SALAZAR MARIA JUANA", "parroquia": "CANGAHUA", "caudal_tipo": "Recibe la Comunidad", "tiene_reservorio": "Comunitario", "foto_predio": "DCIM/fichas-predios_20260523103218911.jpg", "creado_por": "u0_a70", "fecha_creacion": "2026-05-23T10:23:23.492Z", "apellidos": "ACERO SALAZAR", "nombres": "MARIA JUANA", "clave_catastral": "1702521020030", "telefono_celular": "0994544987", "hijos_hombres": 1, "sector": "Guang-Porotog", "tenencia_predio": "Escritura", "nivel_instruccion": "Primaria", "area_total": 13512.16, "org_riego": "GUANG-POROTOG ", "sector_comunidad": "ÑAVIPUYO", "canal": "GUANG-POROTOG ", "area_riego": 13512.16, "area_sin_riego": 0.0, "frecuencia_riego": "Semanal", "metodo_aspersion_pct": 100, "dias_riego": 1, "horas_turno": 12, "valor_tarifa": 7.0, "tipo_tarifa": "fijo anual", "agua_consumo": 1, "energia_electrica": 1, "material_construccion": "BLOQUE", "cota_msnm": 3445.0, "conoce_presa": "No", "como_elige_dir": "Asamblea general", "nom_presidente": "JOAQUÍN TIPANLUISA ", "operador_sector": "CÉSAR HUMBERTO QUISHPE ", "anios_sistema": 45, "km_canal": 7.0, "temas_capacitacion": "MEJORAMIENTO DE RIEGO", "caudal_valor": 3432.0, "coord_x_utm": 818581.64, "coord_y_utm": 9990138.44, "soberania_aliment_pct": 50, "act_productivas_pct": 50, "actividad_productiva": "Particular"}, "geometry": {"type": "Point", "coordinates": [-78.138182, -0.089109]}}, {"type": "Feature", "properties": {"id": "{1a7ce578-5097-4073-9833-96cc07613210}", "cod_poligono": "1702520680078", "num_predio": 1, "codigo_final": "S-C-P001", "propietario": "ULCUANGO LANCHIMBA MARIA ESTEFA", "parroquia": "CANGAHUA", "caudal_tipo": "Recibe la Comunidad", "tiene_reservorio": "Comunitario", "foto_predio": "DCIM/fichas-predios_20260523104618404.jpg", "creado_por": "u0_a70", "fecha_creacion": "2026-05-23T10:37:04.197Z", "apellidos": "ULCUANGO LANCHIMBA", "nombres": "MARIA ESTEFA", "clave_catastral": "1702521020030", "telefono_celular": "0993922274", "hijos_hombres": 3, "hijos_mujeres": 2, "sector": "Guang-Porotog", "tenencia_predio": "Escritura", "nivel_instruccion": "Ninguno", "area_total": 2480.64, "org_riego": "GUANG-POROTOG ", "sector_comunidad": "ÑAVIPUYO", "canal": "GUANG-POROTOG ", "area_riego": 2480.64, "area_sin_riego": 0.0, "frecuencia_riego": "Semanal", "metodo_aspersion_pct": 100, "dias_riego": 1, "horas_turno": 12, "valor_tarifa": 7.0, "tipo_tarifa": "fijo anual", "agua_consumo": 1, "energia_electrica": 1, "material_construccion": "BLOQUE", "cota_msnm": 3405.0, "conoce_presa": "No", "como_elige_dir": "Asamblea general", "nom_presidente": "JOAQUÍN TIPANLUISA ", "operador_sector": "CÉSAR HUMBERTO QUISHPE ", "anios_sistema": 45, "km_canal": 7.0, "recibio_capacitacion": "Sí", "le_gustaria_cap": "Sí", "temas_capacitacion": "MEJORAMIENTO DE RIEGO", "caudal_valor": 3432.0, "coord_x_utm": 819173.86, "coord_y_utm": 9991893.03, "soberania_aliment_pct": 50, "act_productivas_pct": 50, "actividad_productiva": "Particular", "observaciones": "Ñavipuyo tiene un lote de 2000 m\nNinacuy tiene otro lote 2000"}, "geometry": {"type": "Point", "coordinates": [-78.132868, -0.073254]}}, {"type": "Feature", "properties": {"id": "{6be8ccdf-b49b-480a-8250-1c7b8a3f8878}", "cod_poligono": "1702520680054", "num_predio": 2, "codigo_final": "S-C-P002", "propietario": "ASERO CHIMARRO ESTHER MARIA", "parroquia": "CANGAHUA", "caudal_tipo": "Recibe la Comunidad", "tiene_reservorio": "Comunitario", "foto_predio": "DCIM/fichas-predios_20260523111352625.jpg", "creado_por": "u0_a70", "fecha_creacion": "2026-05-23T11:08:53.816Z", "apellidos": "ASERO CHIMARRO", "nombres": "ESTHER MARIA", "clave_catastral": "1702520680054", "hijos_hombres": 1, "sector": "Guang-Porotog", "tenencia_predio": "Escritura", "area_total": 4353.98, "org_riego": "GUANG-POROTOG ", "sector_comunidad": "NINARUMI", "canal": "GUANG-POROTOG ", "area_riego": 4353.98, "area_sin_riego": 0.0, "agua_consumo": 1, "energia_electrica": 1, "material_construccion": "BLOQUE", "cota_msnm": 3405.0, "conoce_presa": "Sí", "como_elige_dir": "Asamblea general", "nom_presidente": "JOAQUÍN TIPANLUISA ", "operador_sector": "SERGIO ASCANA ", "anios_sistema": 45, "km_canal": 7.0, "recibio_capacitacion": "Sí", "le_gustaria_cap": "Sí", "temas_capacitacion": "MEJORAMIENTO DE RIEGO ", "caudal_valor": 34.32, "coord_x_utm": 819086.14, "coord_y_utm": 9991866.65, "soberania_aliment_pct": 50, "act_productivas_pct": 50, "actividad_productiva": "Particular", "observaciones": "La señora se encuentra en la zona de riego dice que por falta de tubería no utiliza"}, "geometry": {"type": "Point", "coordinates": [-78.133655, -0.073492]}}, {"type": "Feature", "properties": {"id": "{f18e5287-4ff2-41dd-871d-a194da468ea6}", "cod_poligono": "1702520490095", "num_predio": 1, "codigo_final": "S-C-P001", "propietario": "TIPANLUISA TUGULINAGO SEGUNDO JOSE JOAQUIN", "parroquia": "CANGAHUA", "caudal_tipo": "Recibe la Comunidad", "tiene_reservorio": "Comunitario", "foto_predio": "DCIM/fichas-predios_20260523074153045.jpg", "creado_por": "u0_a279", "fecha_creacion": "2026-05-23T07:22:22.629Z", "apellidos": "TIPANLUISA TUGULINAGO", "nombres": "SEGUNDO JOSE JOAQUIN", "clave_catastral": "1702520490095", "telefono_celular": "0993550931", "hijos_hombres": 2, "hijos_mujeres": 4, "sector": "Guang-Porotog", "tenencia_predio": "Escritura", "nivel_instruccion": "Primaria", "area_total": 2523.49, "org_riego": "GUANGUILQUI-POROTOG", "sector_comunidad": "SAN ANTONIO DE CALDERA", "canal": "GUALQUILQUI-POROTOG ", "area_riego": 2523.49, "area_sin_riego": 0.0, "frecuencia_riego": "Semanal", "metodo_aspersion_pct": 100, "dias_riego": 1, "horas_turno": 12, "valor_tarifa": 7.0, "tipo_tarifa": "fijo anual", "agua_consumo": 1, "energia_electrica": 1, "material_construccion": "TAPIA", "cota_msnm": 3335.0, "conoce_presa": "Sí", "como_elige_dir": "Asamblea general", "nom_presidente": "JOSE JOAQUIN TIPANLUISA", "operador_sector": "SEGUNDO JOAQUIN TIPANLUISA", "anios_sistema": 40, "km_canal": 7.0, "recibio_capacitacion": "Sí", "le_gustaria_cap": "Sí", "temas_capacitacion": "MANEJO DE SUELOS PARA LA PRODUCCION DE NUEVOS CULTIVOS.", "cedula": "1710424787", "caudal_valor": 27.8, "coord_x_utm": 818001.11, "coord_y_utm": 9993111.16, "soberania_aliment_pct": 50, "act_productivas_pct": 50, "actividad_productiva": "Particular"}, "geometry": {"type": "Point", "coordinates": [-78.143395, -0.062247]}}, {"type": "Feature", "properties": {"id": "{2e079fc0-bfac-44d1-abbe-5c07b65ff4d0}", "cod_poligono": "1702521020054", "num_predio": 1, "codigo_final": "S-C-P001", "propietario": "PILCA TANDAYAMO SEGUNDO FRANCISCO", "parroquia": "CANGAHUA", "caudal_tipo": "Recibe la Comunidad", "tiene_reservorio": "Comunitario", "creado_por": "u0_a279", "fecha_creacion": "2026-05-23T07:56:10.578Z", "apellidos": "PILCA TANDAYAMO", "nombres": "SEGUNDO FRANCISCO", "clave_catastral": "1702521020054", "telefono_celular": "0991707266", "hijos_hombres": 2, "hijos_mujeres": 1, "sector": "Guang-Porotog", "tenencia_predio": "Escritura", "nivel_instruccion": "Superior", "area_total": 4427.95, "org_riego": "GUANGUILQUI-POROTOG", "sector_comunidad": "SAN ANTONIO-ÑAVIPOGO", "canal": "GUALQUILQUI-POROTOG ", "area_riego": 4427.95, "area_sin_riego": 0.0, "frecuencia_riego": "Semanal", "metodo_aspersion_pct": 100, "dias_riego": 2, "horas_turno": 12, "valor_tarifa": 7.0, "tipo_tarifa": "fijo anual", "cota_msnm": 3475.0, "como_elige_dir": "Asamblea general", "nom_presidente": "JOSE JOAQUIN TIPANLUISA", "operador_sector": "SEGUNDO JOAQUIN TIPANLUISA", "anios_sistema": 40, "km_canal": 7.0, "temas_capacitacion": "MANEJO DE SUELOS PARA LA PRODUCCION DE NUEVOS CULTIVOS.", "cedula": "1713613774", "caudal_valor": 27.8, "coord_x_utm": 818743.0, "coord_y_utm": 9990154.83}, "geometry": {"type": "Point", "coordinates": [-78.136734, -0.08896]}}, {"type": "Feature", "properties": {"id": "{b9f0872c-31c4-4997-8e49-b5df35efe623}", "cod_poligono": "1702520540014", "num_predio": 1, "codigo_final": "S-C-P001", "propietario": "MALDONADO CHIMARRO CIPRIANO", "parroquia": "CANGAHUA", "caudal_tipo": "Recibe la Comunidad", "tiene_reservorio": "Comunitario", "foto_predio": "DCIM/fichas-predios_20260523083746008.jpg", "creado_por": "u0_a279", "fecha_creacion": "2026-05-23T08:29:37.325Z", "apellidos": "MALDONADO CHIMARRO", "nombres": "CIPRIANO", "clave_catastral": "1702520540014", "telefono_celular": "0990224410", "hijos_hombres": 1, "hijos_mujeres": 1, "sector": "Guang-Porotog", "tenencia_predio": "Escritura", "nivel_instruccion": "Primaria", "area_total": 21631.02, "org_riego": "GUANGUILQUI-POROTOG", "sector_comunidad": "SAN ANTONIO-ÑAVIPOGO", "canal": "GUALQUILQUI-POROTOG ", "area_riego": 21631.02, "area_sin_riego": 0.0, "frecuencia_riego": "Semanal", "metodo_aspersion_pct": 100, "dias_riego": 2, "horas_turno": 12, "valor_tarifa": 7.0, "tipo_tarifa": "fijo anual", "agua_consumo": 1, "energia_electrica": 1, "material_construccion": "BLOQUE", "cota_msnm": 3360.0, "conoce_presa": "Sí", "como_elige_dir": "Asamblea general", "nom_presidente": "JOSE JOAQUIN TIPANLUISA", "operador_sector": "SEGUNDO MARIANO TIPANLUISA", "anios_sistema": 40, "km_canal": 7.0, "recibio_capacitacion": "No", "le_gustaria_cap": "Sí", "temas_capacitacion": "MANEJO DE SUELOS PARA LA PRODUCCION DE NUEVOS CULTIVOS.", "cedula": "1721253639", "caudal_valor": 27.8, "coord_x_utm": 817887.7, "coord_y_utm": 9992793.0, "soberania_aliment_pct": 50, "act_productivas_pct": 50, "actividad_productiva": "Particular", "observaciones": "Posee un predio en un lote comunal # 24"}, "geometry": {"type": "Point", "coordinates": [-78.144413, -0.065122]}}, {"type": "Feature", "properties": {"id": "{c6e0e184-4c58-4906-9d0c-7bcce0b1a07e}", "cod_poligono": "1702521100076", "num_predio": 1, "codigo_final": "S-C-P001", "propietario": "ACERO MALDONADO WILLIAN FAUSTO", "parroquia": "CANGAHUA", "caudal_tipo": "Recibe la Comunidad", "tiene_reservorio": "Comunitario", "foto_predio": "DCIM/fichas-predios_20260523084408864.jpg", "creado_por": "u0_a279", "fecha_creacion": "2026-05-23T08:43:23.772Z", "apellidos": "ACERO MALDONADO", "nombres": "WILLIAN FAUSTO", "clave_catastral": "1702521100076", "telefono_celular": "0985064620", "hijos_hombres": 2, "hijos_mujeres": 1, "sector": "Guang-Porotog", "tenencia_predio": "Escritura", "nivel_instruccion": "Primaria", "area_total": 10971.1, "org_riego": "GUANGUILQUI-POROTOG", "sector_comunidad": "SAN ANTONIO-ÑAVIPOGO", "canal": "GUALQUILQUI-POROTOG ", "area_riego": 10971.1, "area_sin_riego": 0.0, "frecuencia_riego": "Semanal", "metodo_aspersion_pct": 100, "dias_riego": 1, "horas_turno": 12, "valor_tarifa": 7.0, "tipo_tarifa": "fijo anual", "agua_consumo": 1, "energia_electrica": 1, "material_construccion": "HORMIGÓN ARMADO", "cota_msnm": 3580.0, "conoce_presa": "Sí", "como_elige_dir": "Asamblea general", "nom_presidente": "JOSE JOAQUIN TIPANLUISA", "operador_sector": "SEGUNDO JOAQUIN TIPANLUISA", "anios_sistema": 45, "km_canal": 63.0, "recibio_capacitacion": "Sí", "le_gustaria_cap": "Sí", "temas_capacitacion": "MANEJO DE RIEGO PARA LA PRODUCCION DE NUEVOS CULTIVOS.", "cedula": "1711492148", "caudal_valor": 34.32, "coord_x_utm": 818145.84, "coord_y_utm": 9988376.37, "act_productivas_pct": 100, "actividad_productiva": "Particular", "observaciones": "EL REGANTE POSEE OTROS PREDIOS CUYAS CLAVES SON: 1702521100076 lote #3 EN SECTOR TOTORAS\n1702521540014 AREA 10316 SECTOR PARAMO CHICO LOTE # 3\n1702521540014 CON UN AREA DE 5963 LOTE # 43 EN SECTOR PARAMO CHICO "}, "geometry": {"type": "Point", "coordinates": [-78.142093, -0.105031]}}, {"type": "Feature", "properties": {"id": "{56631568-3717-42bb-ac8e-b61450f9c757}", "cod_poligono": "1702521020055", "num_predio": 1, "codigo_final": "S-C-P001", "propietario": "PILCA ANDRANGO HILARIO", "parroquia": "CANGAHUA", "caudal_tipo": "Recibe la Comunidad", "tiene_reservorio": "Comunitario", "foto_predio": "DCIM/fichas-predios_20260523090219204.jpg", "creado_por": "u0_a279", "fecha_creacion": "2026-05-23T08:58:35.452Z", "apellidos": "PILCA ANDRANGO", "nombres": "HILARIO", "clave_catastral": "1702521020055", "hijos_hombres": 4, "hijos_mujeres": 5, "sector": "Guang-Porotog", "tenencia_predio": "Escritura", "nivel_instruccion": "Ninguno", "area_total": 10547.14, "org_riego": "GUANGUILQUI-POROTOG", "sector_comunidad": "SAN ANTONIO-ÑAVIPOGO", "canal": "SISTEMA DE RIEGO TUBERIA", "area_riego": 10547.14, "area_sin_riego": 0.0, "frecuencia_riego": "Semanal", "metodo_gravedad_pct": 100, "dias_riego": 1, "horas_turno": 12, "valor_tarifa": 7.0, "tipo_tarifa": "fijo anual", "agua_consumo": 1, "energia_electrica": 1, "material_construccion": "HORMIGÓN ARMADO", "cota_msnm": 3470.0, "conoce_presa": "Sí", "como_elige_dir": "Asamblea general", "nom_presidente": "JOSE JOAQUIN TIPANLUISA", "operador_sector": "SEGUNDO MARIA TIPANLUISA", "anios_sistema": 45, "km_canal": 63.0, "recibio_capacitacion": "Sí", "le_gustaria_cap": "Sí", "temas_capacitacion": "MANEJO DE RIEGO PARA LA PRODUCCION DE NUEVOS CULTIVOS.", "cedula": "1707837561", "caudal_valor": 34.32, "coord_x_utm": 818742.47, "coord_y_utm": 9990226.85, "act_productivas_pct": 100, "actividad_productiva": "Particular", "observaciones": "EL REGENTE POSEE OTRO PREDIO SIN CLAVE CATASTRAL EN EL SECTOR DE VALLE HERMOSO LOTE #10 CON UN AREA TOTAL DE RIEGO DE 1600MTS CUADRADOS."}, "geometry": {"type": "Point", "coordinates": [-78.136739, -0.08831]}}, {"type": "Feature", "properties": {"id": "{faa703df-f8d3-4e9b-adfb-76715e0874ed}", "cod_poligono": "1702520690010", "num_predio": 1, "codigo_final": "S-C-P001", "propietario": "SALAZAR TUGULINAGO MARIA REGINA", "parroquia": "CANGAHUA", "caudal_tipo": "Recibe la Comunidad", "tiene_reservorio": "Comunitario", "foto_predio": "DCIM/fichas-predios_20260523091902129.jpg", "creado_por": "u0_a279", "fecha_creacion": "2026-05-23T09:18:13.214Z", "apellidos": "SALAZAR TUGULINAGO", "nombres": "MARIA REGINA", "clave_catastral": "1702520690010", "telefono_celular": "0989045093", "hijos_hombres": 3, "hijos_mujeres": 1, "sector": "Guang-Porotog", "tenencia_predio": "Escritura", "nivel_instruccion": "Ninguno", "area_total": 4480.5, "org_riego": "GUANGUILQUI-POROTOG", "sector_comunidad": "SAN ANTONIO-ÑAVIPOGYO", "canal": "SISTEMA DE RIEGO TUBERIA", "area_riego": 4480.5, "area_sin_riego": 0.0, "frecuencia_riego": "Semanal", "metodo_aspersion_pct": 100, "dias_riego": 1, "horas_turno": 12, "valor_tarifa": 7.0, "tipo_tarifa": "fijo anual", "agua_consumo": 1, "energia_electrica": 1, "material_construccion": "BLOQUE", "cota_msnm": 3400.0, "conoce_presa": "Sí", "como_elige_dir": "Asamblea general", "nom_presidente": "JOSE JOAQUIN TIPANLUISA", "operador_sector": "SERGIO ASCANTA", "anios_sistema": 45, "km_canal": 7.0, "recibio_capacitacion": "Sí", "le_gustaria_cap": "Sí", "temas_capacitacion": "MANEJO DE RIEGO PARA LA PRODUCCION DE NUEVOS CULTIVOS.", "cedula": "1718241027", "caudal_valor": 27.8, "coord_x_utm": 818523.3, "coord_y_utm": 9991303.79, "act_productivas_pct": 100, "actividad_productiva": "Particular"}, "geometry": {"type": "Point", "coordinates": [-78.138707, -0.078579]}}, {"type": "Feature", "properties": {"id": "{68399ea4-0b37-4043-85e7-00405d7cb21f}", "cod_poligono": "1702520680085", "num_predio": 1, "codigo_final": "S-C-P001", "propietario": "ULCUANGO ULCUANGO JOSE", "parroquia": "CANGAHUA", "caudal_tipo": "Recibe la Comunidad", "tiene_reservorio": "Comunitario", "foto_predio": "DCIM/fichas-predios_20260523093529901.jpg", "creado_por": "u0_a279", "fecha_creacion": "2026-05-23T09:28:41.404Z", "apellidos": "ULCUANGO ULCUANGO", "nombres": "JOSE", "clave_catastral": "1702520680085", "telefono_celular": "0989045093", "hijos_hombres": 3, "hijos_mujeres": 1, "sector": "Guang-Porotog", "tenencia_predio": "Escritura", "nivel_instruccion": "Ninguno", "area_total": 4106.11, "org_riego": "GUANGUILQUI-POROTOG", "sector_comunidad": "SAN ANTONIO- NINA RUMI", "canal": "GUALQUILQUI-POROTOG ", "area_riego": 4106.11, "area_sin_riego": 0.0, "frecuencia_riego": "Semanal", "metodo_aspersion_pct": 100, "dias_riego": 1, "horas_turno": 12, "valor_tarifa": 7.0, "tipo_tarifa": "fijo anual", "agua_consumo": 1, "energia_electrica": 1, "material_construccion": "TAPIA", "cota_msnm": 3405.0, "conoce_presa": "Sí", "como_elige_dir": "Asamblea general", "nom_presidente": "JOSE JOAQUIN TIPANLUISA", "operador_sector": "SERGIO ASCANTA", "anios_sistema": 45, "km_canal": 7.0, "recibio_capacitacion": "Sí", "temas_capacitacion": "MANEJO DE RIEGO PARA LA PRODUCCION DE NUEVOS CULTIVOS.", "cedula": "1712692415", "caudal_valor": 27.8, "coord_x_utm": 819388.71, "coord_y_utm": 9991887.17, "soberania_aliment_pct": 50, "act_productivas_pct": 50, "actividad_productiva": "Particular", "observaciones": "EL REGANTE POSEE UN LOTE EN EL SECTOR DE MORAS LOTE # 12 CON UN AREA TOTAL DE RIEGO DE 7992.06 MYS CUADRADOS \nY OTRO  LOTE EN EL SECTOR DE VALLE HERMOSO  LOTE #36 CON UNA ÁREA  TOTAL DE RIEGO DE 1600  MTS CUADRADOS. "}, "geometry": {"type": "Point", "coordinates": [-78.13094, -0.073307]}}, {"type": "Feature", "properties": {"id": "{8c8368e4-2bd9-4a56-b6e8-37d4db6f8ad9}", "cod_poligono": "1702520510059", "num_predio": 1, "codigo_final": "S-C-P001", "propietario": "ULCUANGO QUILUMBAQUIN JOSE MANUEL", "parroquia": "CANGAHUA", "caudal_tipo": "Recibe la Comunidad", "tiene_reservorio": "Comunitario", "foto_predio": "DCIM/fichas-predios_20260523094728103.jpg", "creado_por": "u0_a279", "fecha_creacion": "2026-05-23T09:42:10.581Z", "apellidos": "ULCUANGO QUILUMBAQUIN", "nombres": "JOSE MANUEL", "clave_catastral": "1702520510059", "telefono_celular": "0996889962", "hijos_hombres": 2, "hijos_mujeres": 6, "sector": "Guang-Porotog", "tenencia_predio": "Escritura", "nivel_instruccion": "Primaria", "area_total": 891.79, "org_riego": "GUANGUILQUI-POROTOG", "sector_comunidad": "SAN ANTONIO- PAILLACHU", "canal": "GUALQUILQUI-POROTOG ", "area_riego": 891.79, "area_sin_riego": 0.0, "frecuencia_riego": "Semanal", "metodo_aspersion_pct": 100, "dias_riego": 2, "horas_turno": 12, "valor_tarifa": 7.0, "tipo_tarifa": "fijo anual", "cota_msnm": 3275.0, "conoce_presa": "Sí", "como_elige_dir": "Asamblea general", "nom_presidente": "JOSE JOAQUIN TIPANLUISA", "operador_sector": "MANUEL ULCUANGO", "anios_sistema": 45, "km_canal": 7.0, "recibio_capacitacion": "Sí", "le_gustaria_cap": "Sí", "temas_capacitacion": "MANEJO DE RIEGO PARA LA PRODUCCION DE NUEVOS CULTIVOS.", "cedula": "1708039183", "caudal_valor": 27.8, "coord_x_utm": 816918.55, "coord_y_utm": 9993409.33, "act_productivas_pct": 100, "actividad_productiva": "Particular", "observaciones": "EL REGANTE POSEE UN PREDIO QUE ESTA EN TRAMITE DE ESCRITURAS Y CLAVE CATASTRAL EN EL SECTOR DE MORAS CON  UN AREA TOTAL 5510.417 MTS CUADRADOS DE RIEGO LOTE # 55 Y OTRO PREDIO EN EL SECTOR DE VALLE HERMOSO LOTE # 46 CON UN AREA TOTAL DE RIEGO DE 1600 MTS CUADRADO."}, "geometry": {"type": "Point", "coordinates": [-78.153112, -0.059554]}}, {"type": "Feature", "properties": {"id": "{81766cdc-2643-47d1-a0ef-b09c5e1fdcd0}", "cod_poligono": "1702520680048", "num_predio": 1, "codigo_final": "S-C-P001", "propietario": "QUILUMBAQUIN LANCHIMBA SALVADORA", "parroquia": "CANGAHUA", "caudal_tipo": "Recibe la Comunidad", "tiene_reservorio": "Comunitario", "creado_por": "u0_a279", "fecha_creacion": "2026-05-23T10:06:01.671Z", "apellidos": "QUILUMBAQUIN LANCHIMBA", "nombres": "SALVADORA", "clave_catastral": "1702520680048", "telefono_celular": "0996889962", "hijos_hombres": 5, "hijos_mujeres": 1, "sector": "Guang-Porotog", "tenencia_predio": "Escritura", "nivel_instruccion": "Alfabetizado", "area_total": 13942.88, "org_riego": "GUANGUILQUI-POROTOG", "sector_comunidad": "SAN ANTONIO- NINA RUMI", "canal": "GUALQUILQUI-POROTOG ", "area_riego": 13942.88, "area_sin_riego": 0.0, "frecuencia_riego": "Quincenal", "metodo_aspersion_pct": 100, "dias_riego": 2, "horas_turno": 12, "valor_tarifa": 7.0, "tipo_tarifa": "fijo anual", "cota_msnm": 3410.0, "como_elige_dir": "Asamblea general", "nom_presidente": "JOSE JOAQUIN TIPANLUISA", "operador_sector": "MANUEL ULCUANGO", "anios_sistema": 45, "km_canal": 7.0, "temas_capacitacion": "MANEJO DE RIEGO PARA LA PRODUCCION DE NUEVOS CULTIVOS.", "cedula": "1705237855", "caudal_valor": 27.8, "coord_x_utm": 819007.26, "coord_y_utm": 9991667.54}, "geometry": {"type": "Point", "coordinates": [-78.134363, -0.075291]}}, {"type": "Feature", "properties": {"id": "{a32bf31c-94a7-4dad-a77b-8b7fbd162bd1}", "cod_poligono": "1702521020084", "num_predio": 1, "codigo_final": "S-C-P001", "propietario": "ASCANTA ULCUANGO SEGUNDO SERGIO", "parroquia": "CANGAHUA", "caudal_tipo": "Recibe la Comunidad", "tiene_reservorio": "Comunitario", "foto_predio": "DCIM/fichas-predios_20260523103545155.jpg", "creado_por": "u0_a279", "fecha_creacion": "2026-05-23T10:26:11.351Z", "apellidos": "ASCANTA ULCUANGO", "nombres": "SEGUNDO SERGIO", "clave_catastral": "1702521020084", "telefono_celular": "0962988896", "hijos_hombres": 2, "sector": "Guang-Porotog", "tenencia_predio": "Sin Escritura", "nivel_instruccion": "Primaria", "area_total": 390.47, "org_riego": "GUANGUILQUI-POROTOG", "sector_comunidad": "LA LIBERTAD-NINA RUMI", "canal": "GUALQUILQUI-POROTOG ", "area_riego": 390.47, "area_sin_riego": 0.0, "frecuencia_riego": "Semanal", "metodo_aspersion_pct": 100, "dias_riego": 1, "horas_turno": 12, "valor_tarifa": 14.0, "tipo_tarifa": "fijo anual", "agua_consumo": 1, "energia_electrica": 1, "material_construccion": "BLOQUE", "cota_msnm": 3460.0, "conoce_presa": "Sí", "como_elige_dir": "Asamblea general", "nom_presidente": "JOSE JOAQUIN TIPANLUISA ", "operador_sector": "SERGIO ASCANTA", "anios_sistema": 45, "km_canal": 7.0, "recibio_capacitacion": "Sí", "le_gustaria_cap": "Sí", "temas_capacitacion": "MANEJO DE RIEGO PARA LA PRODUCCION DE NUEVOS CULTIVOS. ", "cedula": "1711492486", "caudal_valor": 27.8, "coord_x_utm": 818870.55, "coord_y_utm": 9990738.36, "soberania_aliment_pct": 100, "actividad_productiva": "Particular", "observaciones": "El REGENTE NO POSEE ESCRITURAS DEL PREDIO CENSADO Y POSEE OTRA PROPIEDAD EN EL SECTOR DE PARAMO CHICO LOTE # 20 CON UN AREA TOTAL DE RIEGO DE 13155 MTS CUADRADOS."}, "geometry": {"type": "Point", "coordinates": [-78.13559, -0.083688]}}, {"type": "Feature", "properties": {"id": "{ccd90569-5eba-41f9-a8b9-46c2dbab7e8d}", "cod_poligono": "1702520530014", "num_predio": 1, "codigo_final": "S-C-P001", "propietario": "QUISHPE QUISHPE MANUEL MARIA", "parroquia": "CANGAHUA", "caudal_tipo": "Recibe la Comunidad", "tiene_reservorio": "Comunitario", "foto_predio": "DCIM/fichas-predios_20260523110553825.jpg", "creado_por": "u0_a279", "fecha_creacion": "2026-05-23T10:54:57.401Z", "apellidos": "QUISHPE QUISHPE", "nombres": "MANUEL MARIA", "clave_catastral": "1702520530014", "telefono_celular": "0981225276", "hijos_hombres": 2, "hijos_mujeres": 4, "sector": "Guang-Porotog", "tenencia_predio": "Escritura", "nivel_instruccion": "Alfabetizado", "area_total": 22239.62, "org_riego": "GUALQUILQUI-POROTOG ", "sector_comunidad": "LA LIBERTAD", "canal": "GUALQUILQUI-POROTOG ", "area_riego": 22239.62, "area_sin_riego": 0.0, "frecuencia_riego": "Semanal", "metodo_aspersion_pct": 100, "dias_riego": 1, "horas_turno": 12, "valor_tarifa": 5.0, "tipo_tarifa": "fijo mensual", "agua_consumo": 1, "energia_electrica": 1, "material_construccion": "TAPIA", "cota_msnm": 3360.0, "conoce_presa": "No", "como_elige_dir": "Asamblea general", "nom_presidente": "CESAR HUMBERTO QUISHPE", "operador_sector": "CLEMENTE QUINOTOA", "anios_sistema": 14, "km_canal": 73.0, "recibio_capacitacion": "Sí", "le_gustaria_cap": "Sí", "temas_capacitacion": "MEJORA SOBRE EL RIEGO PARA PRODUCCION DE NUEVOS CULTIVOS.", "cedula": "1708546179", "caudal_valor": 28.6, "coord_x_utm": 817551.71, "coord_y_utm": 9992699.02, "soberania_aliment_pct": 50, "act_productivas_pct": 50, "actividad_productiva": "Particular"}, "geometry": {"type": "Point", "coordinates": [-78.147428, -0.065972]}}, {"type": "Feature", "properties": {"id": "{99b5f231-c50c-432e-a60a-631d51e9c5cf}", "cod_poligono": "1702521010104", "num_predio": 1, "codigo_final": "S-C-P001", "propietario": "ULCUANGO IMBAQUINGO MARIA GLADYS", "parroquia": "CANGAHUA", "caudal_tipo": "Recibe la Comunidad", "tiene_reservorio": "Comunitario", "foto_predio": "DCIM/fichas-predios_20260523112332644.jpg", "creado_por": "u0_a279", "fecha_creacion": "2026-05-23T11:16:11.715Z", "apellidos": "ULCUANGO IMBAQUINGO", "nombres": "MARIA GLADYS", "clave_catastral": "1702521010104", "telefono_celular": "0939146276", "sector": "Guang-Porotog", "tenencia_predio": "Sin Escritura", "nivel_instruccion": "Primaria", "area_total": 6108.28, "org_riego": "GUALQUILQUI-POROTOG ", "sector_comunidad": "SAN ANTONIO-NAVIPOGYO", "canal": "GUALQUILQUI-POROTOG ", "area_riego": 6108.28, "area_sin_riego": 0.0, "frecuencia_riego": "Semanal", "metodo_aspersion_pct": 100, "dias_riego": 1, "horas_turno": 12, "valor_tarifa": 7.0, "tipo_tarifa": "fijo anual", "agua_consumo": 1, "energia_electrica": 1, "material_construccion": "BLOQUE", "cota_msnm": 3475.0, "conoce_presa": "Sí", "como_elige_dir": "Asamblea general", "nom_presidente": "CESAR HUMBERTO QUISHPE", "operador_sector": "SEGUNDO MARIANO TIPANLUISA ", "anios_sistema": 17, "km_canal": 73.0, "recibio_capacitacion": "Sí", "le_gustaria_cap": "Sí", "temas_capacitacion": "MEJORA SOBRE EL RIEGO PARA PRODUCCION DE NUEVOS CULTIVOS.", "cedula": "1003050448", "caudal_valor": 27.8, "coord_x_utm": 818715.39, "coord_y_utm": 9989931.07, "soberania_aliment_pct": 50, "act_productivas_pct": 50, "actividad_productiva": "Particular", "observaciones": "LA REGANTE POSEE UN PREDIO EN EL SECTOR DE VALLE HERMOSO LOTE # 45 CON UN AREA TOTAL DE RIEGO 1600 MTS CUADRADOS.\nY DOS PREDIOS EN EL SECTOR DE PÁRAMO CHICO LOTE # 40 CON UN AREA  TOTAL DE RIEGO DE 5082.189 MTS CUADRADOS Y LOTE #45 CON UN AREA TOTAL DE RIEGO DE 5270.771 MTS CUADRADOS. "}, "geometry": {"type": "Point", "coordinates": [-78.136982, -0.090982]}}, {"type": "Feature", "properties": {"id": "{25db2eff-75c2-49c6-93d5-9c6c4c3933b6}", "cod_poligono": "1702520540033", "num_predio": 1, "codigo_final": "S-C-P001", "propietario": "ASCANTA SOPALO FRANCISCO", "parroquia": "CANGAHUA", "caudal_tipo": "Recibe la Comunidad", "tiene_reservorio": "Comunitario", "foto_predio": "DCIM/fichas-predios_20260523120837337.jpg", "creado_por": "u0_a279", "fecha_creacion": "2026-05-23T11:59:06.407Z", "apellidos": "ASCANTA SOPALO", "nombres": "FRANCISCO", "clave_catastral": "1702520540033", "telefono_celular": "0993809779", "hijos_hombres": 5, "hijos_mujeres": 3, "sector": "Guang-Porotog", "tenencia_predio": "Escritura", "nivel_instruccion": "Primaria", "area_total": 4283.0, "org_riego": "GUANGUILQUI-POROTOG", "sector_comunidad": "SAN ANTONIO-CALDERA", "canal": "GUANGUILQUI-POROTOG", "area_riego": 4283.0, "area_sin_riego": 0.0, "frecuencia_riego": "Semanal", "metodo_aspersion_pct": 100, "dias_riego": 1, "horas_turno": 12, "valor_tarifa": 10.0, "tipo_tarifa": "fijo anual", "agua_consumo": 1, "material_construccion": "LADRILLO", "cota_msnm": 3355.0, "conoce_presa": "Sí", "como_elige_dir": "Asamblea general", "nom_presidente": "JOSE JOAQUIN TIPANLUISA ", "operador_sector": "SEGUNDO JOAQUIN TIPANLUISA", "anios_sistema": 30, "km_canal": 73.0, "recibio_capacitacion": "Sí", "le_gustaria_cap": "Sí", "temas_capacitacion": "MANEJO SOBRE LA CRIANZA DE ANIMALES MENORES.", "cedula": "1703633378", "caudal_valor": 27.8, "coord_x_utm": 818093.55, "coord_y_utm": 9992857.47, "soberania_aliment_pct": 50, "act_productivas_pct": 50, "actividad_productiva": "Particular"}, "geometry": {"type": "Point", "coordinates": [-78.142565, -0.06454]}}, {"type": "Feature", "properties": {"id": "{df65d978-ff39-4e61-a791-8827f3f0b5f3}", "cod_poligono": "1702520680015", "num_predio": 1, "codigo_final": "S-C-P001", "propietario": "ASCANTA AIGAJE SEGUNDO MIGUEL", "parroquia": "CANGAHUA", "caudal_tipo": "Recibe la Comunidad", "tiene_reservorio": "Comunitario", "foto_predio": "DCIM/fichas-predios_20260523115945759.jpg", "creado_por": "u0_a302", "fecha_creacion": "2026-05-23T11:45:15.005Z", "apellidos": "ASCANTA AIGAJE", "nombres": "SEGUNDO MIGUEL", "clave_catastral": "1702520680015", "telefono_celular": "0988747941", "hijos_hombres": 4, "hijos_mujeres": 3, "sector": "Guang-Porotog", "tenencia_predio": "Escritura", "nivel_instruccion": "Secundaria", "area_total": 37846.14, "org_riego": "GUANGUILQUI POROTOG", "sector_comunidad": "SAN ANTONIO", "canal": "GUANGUILQUI POROTOG", "area_riego": 37846.14, "area_sin_riego": 0.0, "frecuencia_riego": "Mensual", "metodo_aspersion_pct": 100, "dias_riego": 6, "horas_turno": 12, "valor_tarifa": 7.0, "tipo_tarifa": "fijo anual", "agua_consumo": 1, "energia_electrica": 1, "material_construccion": "MIXTA", "cota_msnm": 3405.0, "conoce_presa": "Sí", "como_elige_dir": "Asamblea general", "nom_presidente": "JOAQUIN TIPANLUISA ", "operador_sector": "SERGIO ASCANTA", "anios_sistema": 60, "km_canal": 73.0, "recibio_capacitacion": "Sí", "le_gustaria_cap": "Sí", "temas_capacitacion": "GANADERIA", "cedula": "1701487546", "caudal_valor": 34.32, "coord_x_utm": 818821.88, "coord_y_utm": 9991377.45, "soberania_aliment_pct": 50, "act_productivas_pct": 50, "actividad_productiva": "Particular", "observaciones": "Lote comunal 1702521540014\nLote 16 20996m todo riego\nValle hermoso 1600m sin riego\n"}, "geometry": {"type": "Point", "coordinates": [-78.136027, -0.077913]}}, {"type": "Feature", "properties": {"id": "{5c562a21-0bad-4cbc-b017-fe385ce4e8d0}", "cod_poligono": "1702520680015", "num_predio": 2, "codigo_final": "S-C-P002", "propietario": "ASCANTA AIGAJE SEGUNDO MIGUEL", "parroquia": "CANGAHUA", "caudal_tipo": "Recibe la Comunidad", "tiene_reservorio": "Comunitario", "foto_predio": "DCIM/fichas-predios_20260523121132473.jpg", "creado_por": "u0_a302", "fecha_creacion": "2026-05-23T12:06:31.583Z", "apellidos": "ASCANTA AIGAJE", "nombres": "SEGUNDO MIGUEL", "clave_catastral": "1702520680015", "telefono_celular": "0988747941", "hijos_hombres": 4, "hijos_mujeres": 2, "sector": "Guang-Porotog", "tenencia_predio": "Sin Escritura", "nivel_instruccion": "Secundaria", "area_total": 37846.14, "org_riego": "GUANGUILQUI POROTOG", "sector_comunidad": "SAN ANTONIO", "canal": "GUANGUILQUI POROTOG", "area_riego": 37846.14, "area_sin_riego": 0.0, "frecuencia_riego": "Mensual", "metodo_aspersion_pct": 100, "dias_riego": 6, "horas_turno": 12, "valor_tarifa": 7.0, "tipo_tarifa": "fijo anual", "agua_consumo": 1, "energia_electrica": 0, "material_construccion": "HORMIGÓN ARMADO", "cota_msnm": 3410.0, "conoce_presa": "Sí", "como_elige_dir": "Asamblea general", "nom_presidente": "JOAQUIN TIPANLUISA ", "operador_sector": "SERGIO ASCANTA", "anios_sistema": 60, "km_canal": 73.0, "recibio_capacitacion": "Sí", "le_gustaria_cap": "Sí", "temas_capacitacion": "GANADERIA", "cedula": "1716997877", "caudal_valor": 34.32, "coord_x_utm": 818871.54, "coord_y_utm": 9991307.6, "soberania_aliment_pct": 50, "act_productivas_pct": 50, "actividad_productiva": "Particular"}, "geometry": {"type": "Point", "coordinates": [-78.135581, -0.078544]}}, {"type": "Feature", "properties": {"id": "{ac7fb54d-f79a-480f-a7d1-b9c79a19377d}", "cod_poligono": "1702520490069", "num_predio": 1, "codigo_final": "S-C-P001", "propietario": "ASCANTA PILLAJO MELCHOR", "parroquia": "CANGAHUA", "caudal_tipo": "Recibe la Comunidad", "tiene_reservorio": "Comunitario", "foto_predio": "DCIM/fichas-predios_20260523122057923.jpg", "creado_por": "u0_a302", "fecha_creacion": "2026-05-23T12:14:09.265Z", "apellidos": "ASCANTA PILLAJO", "nombres": "MELCHOR", "clave_catastral": "1702520490069", "telefono_celular": "0993647484", "hijos_hombres": 2, "hijos_mujeres": 3, "sector": "Guang-Porotog", "tenencia_predio": "Escritura", "nivel_instruccion": "Primaria", "area_total": 15760.06, "org_riego": "GUANGUILQUI POROTOG", "sector_comunidad": "SAN ANTONIO", "canal": "GUANGUILQUI POROTOG", "area_riego": 15760.06, "area_sin_riego": 0.0, "frecuencia_riego": "Semanal", "dias_riego": 2, "horas_turno": 12, "valor_tarifa": 7.0, "tipo_tarifa": "fijo anual", "agua_consumo": 1, "energia_electrica": 1, "material_construccion": "TAPIA", "cota_msnm": 3340.0, "conoce_presa": "Sí", "como_elige_dir": "Asamblea general", "nom_presidente": "JOAQUIN TIPANLUISA ", "operador_sector": "JOAQUIN TIPANLUISA", "anios_sistema": 60, "km_canal": 73.0, "recibio_capacitacion": "No", "le_gustaria_cap": "No", "cedula": "1703817831", "caudal_valor": 34.32, "coord_x_utm": 817659.21, "coord_y_utm": 9993316.56, "soberania_aliment_pct": 50, "act_productivas_pct": 50, "actividad_productiva": "Particular", "observaciones": "Terreno comunal 1702521540014\nTerreno en moras\n15000m 10000m riego"}, "geometry": {"type": "Point", "coordinates": [-78.146464, -0.060392]}}, {"type": "Feature", "properties": {"id": "{b0211ab4-5ea5-49d5-9800-7575eb80c08a}", "cod_poligono": "1702520680088", "num_predio": 1, "codigo_final": "S-C-P001", "propietario": "ASCANTA AIGAJE FRANCISCO", "parroquia": "CANGAHUA", "caudal_tipo": "Recibe la Comunidad", "tiene_reservorio": "Comunitario", "foto_predio": "DCIM/fichas-predios_20260523125822513.jpg", "creado_por": "u0_a302", "fecha_creacion": "2026-05-23T12:48:44.102Z", "apellidos": "ASCANTA AIGAJE", "nombres": "FRANCISCO", "clave_catastral": "1702520680088", "hijos_hombres": 3, "hijos_mujeres": 1, "sector": "Guang-Porotog", "tenencia_predio": "Escritura", "nivel_instruccion": "Primaria", "area_total": 8957.15, "org_riego": "GUANGUILQUI POROTOG", "sector_comunidad": "SAN ANTONIO", "canal": "GUANGUILQUI POROTOG", "area_riego": 8957.15, "area_sin_riego": 0.0, "frecuencia_riego": "Semanal", "metodo_aspersion_pct": 100, "dias_riego": 1, "horas_turno": 12, "valor_tarifa": 7.0, "tipo_tarifa": "fijo anual", "cota_msnm": 3405.0, "conoce_presa": "Sí", "como_elige_dir": "Asamblea general", "nom_presidente": "HUMBERTO QUISHPE", "operador_sector": "SERGIO ASCANTA", "anios_sistema": 60, "km_canal": 73.0, "recibio_capacitacion": "No", "le_gustaria_cap": "Sí", "temas_capacitacion": "RIEGO Y SIEMBRA", "cedula": "1702662147", "caudal_valor": 34.32, "coord_x_utm": 819252.89, "coord_y_utm": 9991851.27, "soberania_aliment_pct": 50, "act_productivas_pct": 50, "actividad_productiva": "Particular", "observaciones": "Lote comunal 1702521540014\nLote  13199m todo riego"}, "geometry": {"type": "Point", "coordinates": [-78.132159, -0.073631]}}, {"type": "Feature", "properties": {"id": "{dcba67cd-3aa1-4009-a38f-ff9474ff9f2c}", "cod_poligono": "1702520680100", "num_predio": 1, "codigo_final": "S-C-P001", "propietario": "QUINATOA ULCUANGO TEODORO", "parroquia": "CANGAHUA", "caudal_tipo": "Recibe la Comunidad", "tiene_reservorio": "Comunitario", "foto_predio": "DCIM/fichas-predios_20260523120722647.jpg", "creado_por": "u0_a319", "fecha_creacion": "2026-05-23T11:57:19.978Z", "apellidos": "QUINATOA ULCUANGO", "nombres": "TEODORO", "clave_catastral": "1702520680100", "telefono_celular": "0986945791", "hijos_hombres": 1, "hijos_mujeres": 3, "sector": "Guang-Porotog", "tenencia_predio": "Escritura", "nivel_instruccion": "Ninguno", "area_total": 11323.17, "org_riego": "GUANGUILQUI POROTOG", "sector_comunidad": "SAN ANTONIO NINA RUMI", "canal": "GUANGUILQUI POROTOG", "area_riego": 11323.17, "area_sin_riego": 0.0, "frecuencia_riego": "Semanal", "metodo_aspersion_pct": 100, "dias_riego": 1, "horas_turno": 12, "valor_tarifa": 7.0, "tipo_tarifa": "fijo anual", "agua_consumo": 1, "energia_electrica": 1, "material_construccion": "TAPIA", "cota_msnm": 3415.0, "conoce_presa": "Sí", "como_elige_dir": "Asamblea general", "nom_presidente": "JOSÉ JOAQUÍN TIPANLUISA LANCHIMBA", "operador_sector": "SERGIO ASCANTA", "anios_sistema": 45, "km_canal": 73.0, "recibio_capacitacion": "No", "le_gustaria_cap": "Sí", "temas_capacitacion": "RIEGO", "cedula": "1711537520", "caudal_valor": 34.2, "coord_x_utm": 819199.36, "coord_y_utm": 9991606.91, "soberania_aliment_pct": 15, "act_productivas_pct": 85, "actividad_productiva": "Particular", "observaciones": "Lote Comunal: 1702521540014 Sector: Moras \nLote: 38 Área Total: 9834.75 m² Área Riego: 9834.75 m²"}, "geometry": {"type": "Point", "coordinates": [-78.132639, -0.075839]}}, {"type": "Feature", "properties": {"id": "{06f93973-92c3-4545-a579-1d45fe7b7068}", "cod_poligono": "1702520680027", "num_predio": 1, "codigo_final": "S-C-P001", "propietario": "ULCUANGO PILLAJO RAMIRO EFRAIN", "parroquia": "CANGAHUA", "caudal_tipo": "Recibe la Comunidad", "tiene_reservorio": "Comunitario", "foto_predio": "DCIM/fichas-predios_20260523125044505.jpg", "creado_por": "u0_a319", "fecha_creacion": "2026-05-23T12:44:39.100Z", "apellidos": "ULCUANGO PILLAJO", "nombres": "RAMIRO EFRAIN", "clave_catastral": "1702520680027", "hijos_hombres": 1, "hijos_mujeres": 0, "sector": "Guang-Porotog", "tenencia_predio": "Escritura", "nivel_instruccion": "Primaria", "area_total": 6019.21, "org_riego": "GUANGUILQUI POROTOG", "sector_comunidad": "SAN ANTONIO NINA RUMI", "canal": "GUANGUILQUI POROTOG", "area_riego": 6019.21, "area_sin_riego": 0.0, "frecuencia_riego": "Semanal", "metodo_aspersion_pct": 100, "dias_riego": 1, "horas_turno": 12, "valor_tarifa": 7.0, "tipo_tarifa": "fijo anual", "agua_consumo": 1, "energia_electrica": 0, "material_construccion": "BLOQUE", "cota_msnm": 3410.0, "conoce_presa": "Sí", "como_elige_dir": "Asamblea general", "nom_presidente": "HUMBERTO QUISHPE", "operador_sector": "SERGIO ASCANTA", "anios_sistema": 45, "km_canal": 73.0, "recibio_capacitacion": "Sí", "le_gustaria_cap": "Sí", "temas_capacitacion": "RIEGO", "cedula": "1717938474", "caudal_valor": 34.2, "coord_x_utm": 818911.22, "coord_y_utm": 9991770.74, "soberania_aliment_pct": 50, "act_productivas_pct": 50, "actividad_productiva": "Particular", "observaciones": "Lote Comunal: 1702521540014 Sector: Páramo Chico\nLote: 38 Área Total: 6100.052 m² Área Riego: 6100.052 m²"}, "geometry": {"type": "Point", "coordinates": [-78.135225, -0.074359]}}, {"type": "Feature", "properties": {"id": "{efad75c8-12a2-4d13-a172-88633cf61caa}", "cod_poligono": "1702520680046", "num_predio": 1, "codigo_final": "S-C-P001", "propietario": "ULCUANGO QUINATOA MARIA ASUNCION", "parroquia": "CANGAHUA", "creado_por": "u0_a200", "fecha_creacion": "2026-05-23T12:28:41.349Z", "apellidos": "ULCUANGO QUINATOA", "nombres": "MARIA ASUNCION", "clave_catastral": "1702520680046", "hijos_hombres": 4, "hijos_mujeres": 4, "sector": "Guang-Porotog", "tenencia_predio": "Escritura", "area_total": 21135.55, "area_riego": 21135.55, "area_sin_riego": 0.0, "cota_msnm": 3425.0, "cedula": "1704001963", "coord_x_utm": 819111.53, "coord_y_utm": 9991458.31}, "geometry": {"type": "Point", "coordinates": [-78.133427, -0.077182]}}, {"type": "Feature", "properties": {"id": "{efa74f10-ac6f-4ef9-96b9-7aa2da727952}", "cod_poligono": "1702520680046", "num_predio": 2, "codigo_final": "S-C-P002", "propietario": "ULCUANGO QUINATOA MARIA ASUNCION", "parroquia": "CANGAHUA", "caudal_tipo": "Recibe la Comunidad", "tiene_reservorio": "Comunitario", "foto_predio": "DCIM/fichas-predios_20260523123723653.jpg", "creado_por": "u0_a200", "fecha_creacion": "2026-05-23T12:29:16.261Z", "apellidos": "ULCUANGO QUINATOA", "nombres": "MARIA ASUNCION", "clave_catastral": "1702520680046", "hijos_hombres": 4, "hijos_mujeres": 4, "sector": "Guang-Porotog", "tenencia_predio": "Escritura", "nivel_instruccion": "Alfabetizado", "area_total": 21135.55, "org_riego": "GUANG-POROTOG", "sector_comunidad": "NINA RUMI", "canal": "GUANG-POROTOG", "area_riego": 21135.55, "area_sin_riego": 0.0, "frecuencia_riego": "Quincenal", "metodo_aspersion_pct": 100, "dias_riego": 2, "horas_turno": 12, "valor_tarifa": 18.0, "tipo_tarifa": "fijo anual", "agua_consumo": 1, "energia_electrica": 1, "material_construccion": "BLOQUE", "cota_msnm": 3425.0, "conoce_presa": "Sí", "como_elige_dir": "Asamblea general", "nom_presidente": "JUAQUIN TIPANLUISA", "operador_sector": "SERGIO ASCANTA ", "anios_sistema": 45, "km_canal": 73.0, "recibio_capacitacion": "Sí", "caudal_valor": 342.0, "coord_x_utm": 819111.53, "coord_y_utm": 9991458.31, "soberania_aliment_pct": 25, "act_productivas_pct": 75, "actividad_productiva": "Particular", "observaciones": "172521540014\nLote 28 :9504,173(todo)"}, "geometry": {"type": "Point", "coordinates": [-78.133427, -0.077182]}}, {"type": "Feature", "properties": {"id": "{f9e90564-308b-454d-ba71-dfb3eb63df0e}", "cod_poligono": "1702520680082", "num_predio": 1, "codigo_final": "S-C-P001", "propietario": "PILCA TIPANLUISA JOSE JOAQUIN", "parroquia": "CANGAHUA", "tiene_reservorio": "Comunitario", "creado_por": "u0_a200", "fecha_creacion": "2026-05-23T13:04:50.566Z", "apellidos": "PILCA TIPANLUISA", "nombres": "JOSE JOAQUIN", "clave_catastral": "1702520680082", "sector": "Guang-Porotog", "tenencia_predio": "Escritura", "nivel_instruccion": "Alfabetizado", "area_total": 5356.77, "area_riego": 5356.77, "area_sin_riego": 0.0, "frecuencia_riego": "Semanal", "metodo_aspersion_pct": 100, "dias_riego": 1, "horas_turno": 12, "valor_tarifa": 7.0, "tipo_tarifa": "fijo anual", "cota_msnm": 3400.0, "conoce_presa": "Sí", "como_elige_dir": "Asamblea general", "nom_presidente": "JUAQUIN TIPANLUISA ", "operador_sector": "SERGIO ASCANTA ", "anios_sistema": 45, "km_canal": 73.0, "recibio_capacitacion": "Sí", "cedula": "1709986473", "coord_x_utm": 819384.99, "coord_y_utm": 9992029.96, "act_productivas_pct": 100, "actividad_productiva": "Particular"}, "geometry": {"type": "Point", "coordinates": [-78.130973, -0.072016]}}, {"type": "Feature", "properties": {"id": "{737a7d81-a751-452b-a2e7-0ed88d1f6ec3}", "cod_poligono": "1702520540063", "num_predio": 1, "codigo_final": "S-C-P001", "propietario": "ASCANTA ANDRANGO SEGUNDO MIGUEL", "parroquia": "CANGAHUA", "caudal_tipo": "Recibe la Comunidad", "tiene_reservorio": "Privado", "foto_predio": "DCIM/fichas-predios_20260523131931065.jpg", "creado_por": "u0_a200", "fecha_creacion": "2026-05-23T13:11:49.409Z", "apellidos": "ASCANTA ANDRANGO", "nombres": "SEGUNDO MIGUEL", "clave_catastral": "1702520540063", "telefono_celular": "0988691046", "hijos_mujeres": 4, "sector": "Guang-Porotog", "tenencia_predio": "Escritura", "nivel_instruccion": "Secundaria", "area_total": 9510.04, "org_riego": "GANGA POROTOG", "sector_comunidad": "CALDERA", "canal": "GANGA POROTG", "area_riego": 9510.04, "area_sin_riego": 0.0, "frecuencia_riego": "Semanal", "metodo_aspersion_pct": 50, "metodo_goteo_pct": 50, "dias_riego": 1, "horas_turno": 12, "valor_tarifa": 7.0, "tipo_tarifa": "fijo anual", "agua_consumo": 1, "energia_electrica": 1, "material_construccion": "HORMIGÓN ARMADO", "cota_msnm": 3360.0, "conoce_presa": "Sí", "como_elige_dir": "Asamblea general", "nom_presidente": "HUMBERTO QUISHPE ", "operador_sector": "JUAQUIN TIPANLUISA", "anios_sistema": 45, "km_canal": 73.0, "recibio_capacitacion": "No", "le_gustaria_cap": "Sí", "temas_capacitacion": "RIEGO", "cedula": "1717099111", "caudal_valor": 34.2, "coord_x_utm": 818088.92, "coord_y_utm": 9992772.1, "act_productivas_pct": 100, "actividad_productiva": "Particular", "observaciones": "1702521540014\nCaldera 15000 (todo)"}, "geometry": {"type": "Point", "coordinates": [-78.142607, -0.065311]}}, {"type": "Feature", "properties": {"id": "{ed3e8eed-df50-4d97-b24a-153d79ae7d36}", "cod_poligono": "1702520680046", "num_predio": 3, "codigo_final": "S-C-P003", "propietario": "ULCUANGO QUINATOA MARIA ASUNCION", "parroquia": "CANGAHUA", "caudal_tipo": "Recibe la Comunidad", "tiene_reservorio": "Comunitario", "foto_predio": "DCIM/fichas-predios_20260523133639700.jpg", "creado_por": "u0_a302", "fecha_creacion": "2026-05-23T13:31:06.239Z", "apellidos": "ULCUANGO QUINATOA", "nombres": "MARIA ASUNCION", "clave_catastral": "1702520680046", "telefono_celular": "0989857295", "hijos_hombres": 1, "hijos_mujeres": 1, "sector": "Guang-Porotog", "tenencia_predio": "Sin Escritura", "nivel_instruccion": "Primaria", "area_total": 21135.55, "org_riego": "GUANGUILQUI POROTOG", "sector_comunidad": "SAN ANTONIO", "canal": "GUANGUILQUI POROTOG", "area_riego": 21135.55, "area_sin_riego": 0.0, "frecuencia_riego": "Quincenal", "metodo_aspersion_pct": 100, "dias_riego": 4, "horas_turno": 15, "valor_tarifa": 7.0, "tipo_tarifa": "fijo anual", "cota_msnm": 3430.0, "conoce_presa": "Sí", "como_elige_dir": "Asamblea general", "nom_presidente": "JOAQUIN TIPANLUISA", "operador_sector": "SERGIO ASCANTA", "anios_sistema": 60, "km_canal": 73.0, "recibio_capacitacion": "No", "le_gustaria_cap": "Sí", "temas_capacitacion": "RIEGO ", "cedula": "1726800806", "caudal_valor": 34.32, "coord_x_utm": 819118.91, "coord_y_utm": 9991374.33, "soberania_aliment_pct": 50, "act_productivas_pct": 50, "actividad_productiva": "Particular", "observaciones": "Lote en páramo chico\n8958.877m riego total"}, "geometry": {"type": "Point", "coordinates": [-78.133361, -0.077941]}}, {"type": "Feature", "properties": {"id": "{045c1f54-277d-4759-8579-0eeb2ae83b09}", "cod_poligono": "1702520680046", "num_predio": 4, "codigo_final": "S-C-P004", "propietario": "ULCUANGO QUINATOA MARIA ASUNCION", "parroquia": "CANGAHUA", "caudal_tipo": "Recibe la Comunidad", "tiene_reservorio": "Comunitario", "foto_predio": "DCIM/fichas-predios_20260523134011447.jpg", "creado_por": "u0_a302", "fecha_creacion": "2026-05-23T13:36:54.723Z", "apellidos": "ULCUANGO QUINATOA", "nombres": "MARIA ASUNCION", "clave_catastral": "1702520680046", "telefono_celular": "0982565972", "hijos_hombres": 2, "sector": "Guang-Porotog", "tenencia_predio": "Sin Escritura", "nivel_instruccion": "Primaria", "area_total": 21135.55, "org_riego": "GUANGUILQUI POROTOG", "sector_comunidad": "SAN ANTONIO", "canal": "GUANGUILQUI POROTOG", "area_riego": 21135.55, "area_sin_riego": 0.0, "frecuencia_riego": "Mensual", "dias_riego": 4, "horas_turno": 12, "valor_tarifa": 7.0, "tipo_tarifa": "fijo anual", "agua_consumo": 1, "energia_electrica": 0, "material_construccion": "HORMIGÓN ARMADO", "cota_msnm": 3430.0, "conoce_presa": "Sí", "como_elige_dir": "Asamblea general", "nom_presidente": "JOAQUIN TIPANLUISA", "operador_sector": "SERGIO ASCANTA", "anios_sistema": 60, "km_canal": 73.0, "recibio_capacitacion": "Sí", "le_gustaria_cap": "Sí", "temas_capacitacion": "SISTEMA DE RIEGO ", "cedula": "1003050059", "caudal_valor": 34.32, "coord_x_utm": 819137.44, "coord_y_utm": 9991378.74, "soberania_aliment_pct": 50, "act_productivas_pct": 50, "actividad_productiva": "Particular", "observaciones": "Lote en páramo chico \n5401.191m todo riego"}, "geometry": {"type": "Point", "coordinates": [-78.133195, -0.077901]}}, {"type": "Feature", "properties": {"id": "{a3111893-4fa3-43a2-b4a5-2459a4a0d35b}", "cod_poligono": "1702520540007", "num_predio": 1, "codigo_final": "S-C-P001", "propietario": "QUILUMBAQUIN PACHECO SEGUNDO MANUEL", "parroquia": "CANGAHUA", "caudal_tipo": "Recibe la Comunidad", "tiene_reservorio": "Comunitario", "foto_predio": "DCIM/fichas-predios_20260523135831422.jpg", "creado_por": "u0_a302", "fecha_creacion": "2026-05-23T13:53:06.938Z", "apellidos": "QUILUMBAQUIN PACHECO", "nombres": "SEGUNDO MANUEL", "clave_catastral": "1702520540007", "hijos_hombres": 1, "hijos_mujeres": 1, "sector": "Guang-Porotog", "tenencia_predio": "Escritura", "nivel_instruccion": "Primaria", "area_total": 13314.4, "org_riego": "GUANGUILQUI POROTOG", "sector_comunidad": "SAN ANTONIO", "canal": "GUANGUILQUI POROTOG", "area_riego": 13314.4, "area_sin_riego": 0.0, "frecuencia_riego": "Semanal", "metodo_aspersion_pct": 100, "dias_riego": 2, "horas_turno": 12, "valor_tarifa": 7.0, "tipo_tarifa": "fijo anual", "agua_consumo": 1, "energia_electrica": 1, "material_construccion": "BLOQUE", "cota_msnm": 3370.0, "conoce_presa": "Sí", "como_elige_dir": "Asamblea general", "nom_presidente": "JOAQUIN TIPANLUISA ", "operador_sector": "JOAQUIN TIPANLUISA", "anios_sistema": 60, "km_canal": 73.0, "recibio_capacitacion": "No", "le_gustaria_cap": "Sí", "temas_capacitacion": "MANEJO DE AGUA", "cedula": "1713691887", "caudal_valor": 34.32, "coord_x_utm": 818288.93, "coord_y_utm": 9992640.48, "soberania_aliment_pct": 50, "act_productivas_pct": 50, "actividad_productiva": "Particular", "observaciones": "Información por la cuñada "}, "geometry": {"type": "Point", "coordinates": [-78.140811, -0.0665]}}, {"type": "Feature", "properties": {"id": "{9d723738-8c0a-40bc-b1c4-716ef108d36c}", "cod_poligono": "1702520510013", "num_predio": 1, "codigo_final": "S-C-P001", "propietario": "ULCUANGO ACERO MARIA NATIVIDAD", "parroquia": "CANGAHUA", "caudal_tipo": "Recibe la Comunidad", "tiene_reservorio": "Comunitario", "foto_predio": "DCIM/fichas-predios_20260523142819125.jpg", "creado_por": "u0_a302", "fecha_creacion": "2026-05-23T14:21:12.807Z", "apellidos": "ULCUANGO ACERO", "nombres": "MARIA NATIVIDAD", "clave_catastral": "1702520510013", "telefono_celular": "0986009214", "hijos_hombres": 1, "hijos_mujeres": 1, "sector": "Guang-Porotog", "tenencia_predio": "Escritura", "nivel_instruccion": "Primaria", "area_total": 19094.08, "org_riego": "GUANGUILQUI POROTOG", "sector_comunidad": "SAN ANTONIO", "canal": "GUANGUILQUI POROTOG", "area_riego": 19094.08, "area_sin_riego": 0.0, "frecuencia_riego": "Semanal", "dias_riego": 4, "horas_turno": 12, "valor_tarifa": 7.0, "tipo_tarifa": "fijo anual", "material_construccion": "TAPIA", "cota_msnm": 3295.0, "conoce_presa": "Sí", "como_elige_dir": "Asamblea general", "nom_presidente": "JOAQUIN TIPANLUISA", "operador_sector": "MANUEL ULCUANGO", "anios_sistema": 60, "km_canal": 73.0, "recibio_capacitacion": "Sí", "le_gustaria_cap": "Sí", "temas_capacitacion": "PRIMEROS AUXILIO Y VETERINARIA", "cedula": "1711657534", "caudal_valor": 34.32, "coord_x_utm": 816632.03, "coord_y_utm": 9993079.86, "soberania_aliment_pct": 50, "act_productivas_pct": 50, "actividad_productiva": "Particular"}, "geometry": {"type": "Point", "coordinates": [-78.155683, -0.062531]}}, {"type": "Feature", "properties": {"id": "{99bf5dfc-e29b-4d6a-b4bb-d5f18af650d3}", "cod_poligono": "1702520490014", "num_predio": 1, "codigo_final": "S-C-P001", "propietario": "ACERO ACERO CESAR RAUL", "parroquia": "CANGAHUA", "caudal_tipo": "Recibe la Comunidad", "tiene_reservorio": "Comunitario", "foto_predio": "DCIM/fichas-predios_20260523141916716.jpg", "creado_por": "u0_a200", "fecha_creacion": "2026-05-23T14:09:15.777Z", "apellidos": "ACERO ACERO", "nombres": "CESAR RAUL", "clave_catastral": "1702520490014", "telefono_celular": "0988445128", "hijos_hombres": 1, "hijos_mujeres": 1, "sector": "Guang-Porotog", "tenencia_predio": "Escritura", "nivel_instruccion": "Primaria", "area_total": 6473.37, "org_riego": "GUANG-POROTOG", "sector_comunidad": "CALDERA", "canal": "GUANG-POROTOG", "area_riego": 6473.37, "area_sin_riego": 0.0, "frecuencia_riego": "Semanal", "metodo_aspersion_pct": 100, "dias_riego": 1, "horas_turno": 12, "valor_tarifa": 7.0, "tipo_tarifa": "fijo anual", "agua_consumo": 1, "energia_electrica": 1, "material_construccion": "BLOQUE", "cota_msnm": 3350.0, "conoce_presa": "Sí", "como_elige_dir": "Asamblea general", "nom_presidente": "JUAQUIN TIPANLUISA ", "operador_sector": "JUAQUIN TIPANLUISA ", "anios_sistema": 45, "km_canal": 73.0, "recibio_capacitacion": "No", "le_gustaria_cap": "Sí", "cedula": "1717858268", "caudal_valor": 34.2, "coord_x_utm": 818080.29, "coord_y_utm": 9993128.86, "soberania_aliment_pct": 50, "act_productivas_pct": 50, "actividad_productiva": "Particular"}, "geometry": {"type": "Point", "coordinates": [-78.142684, -0.062088]}}, {"type": "Feature", "properties": {"id": "{4cdd004a-155a-40c0-ba31-da538e74c124}", "cod_poligono": "1702520680080", "num_predio": 1, "codigo_final": "S-C-P001", "propietario": "ANDRANGO ULCUANGO FATIMA SOLEDAD", "parroquia": "CANGAHUA", "caudal_tipo": "Recibe la Comunidad", "tiene_reservorio": "Comunitario", "foto_predio": "DCIM/fichas-predios_20260523140602863.jpg", "creado_por": "u0_a319", "fecha_creacion": "2026-05-23T14:00:25.318Z", "apellidos": "ANDRANGO ULCUANGO", "nombres": "FATIMA SOLEDAD", "clave_catastral": "1702520680080", "telefono_celular": "0989086800", "hijos_mujeres": 1, "sector": "Guang-Porotog", "tenencia_predio": "Escritura", "nivel_instruccion": "Superior", "area_total": 720.1, "org_riego": "GUANGUILQUI POROTOG", "sector_comunidad": "SAN ANTONIO NINA RUMI", "canal": "GUANGUILQUI POROTOG", "area_riego": 720.1, "area_sin_riego": 0.0, "frecuencia_riego": "Semanal", "metodo_aspersion_pct": 100, "dias_riego": 1, "horas_turno": 12, "valor_tarifa": 7.0, "tipo_tarifa": "fijo anual", "agua_consumo": 1, "energia_electrica": 1, "material_construccion": "HORMIGÓN ARMADO", "cota_msnm": 3400.0, "conoce_presa": "Sí", "como_elige_dir": "Asamblea general", "nom_presidente": "JOSÉ JOAQUÍN TIPANLUISA LANCHIMBA", "operador_sector": "SERGIO ASCANTA", "anios_sistema": 45, "km_canal": 73.0, "recibio_capacitacion": "Sí", "le_gustaria_cap": "Sí", "temas_capacitacion": "RIEGO, TRATAMIENTO DE AGUA", "cedula": "1003050588", "caudal_valor": 34.2, "coord_x_utm": 819173.72, "coord_y_utm": 9991931.17, "act_productivas_pct": 100, "actividad_productiva": "Particular", "observaciones": "Lote Comunal: 1702521540014 Sector: Páramo Chico\nLote: 41 Área Total: 5261.225 m² Área Riego: 1758m²"}, "geometry": {"type": "Point", "coordinates": [-78.132869, -0.072909]}}, {"type": "Feature", "properties": {"id": "{64953011-317d-4ab3-9865-f38887f9634e}", "cod_poligono": "1702520680074", "num_predio": 1, "codigo_final": "S-C-P001", "propietario": "ULCUANGO LANCHIMBA MANUEL", "parroquia": "CANGAHUA", "caudal_tipo": "Recibe la Comunidad", "tiene_reservorio": "Comunitario", "foto_predio": "DCIM/fichas-predios_20260523145324405.jpg", "creado_por": "u0_a200", "fecha_creacion": "2026-05-23T14:46:08.371Z", "apellidos": "ULCUANGO LANCHIMBA", "nombres": "MANUEL", "clave_catastral": "1702520680074", "telefono_celular": "0968348759", "hijos_hombres": 2, "hijos_mujeres": 1, "sector": "Guang-Porotog", "tenencia_predio": "Escritura", "nivel_instruccion": "Alfabetizado", "area_total": 2607.6, "org_riego": "GUANG-POROTOG", "sector_comunidad": "SAN ANTONIO NUNA RUMI", "canal": "GUANG-POROTOG", "area_riego": 2607.6, "area_sin_riego": 0.0, "frecuencia_riego": "Permanente", "metodo_aspersion_pct": 100, "dias_riego": 15, "horas_turno": 12, "valor_tarifa": 7.0, "tipo_tarifa": "fijo anual", "agua_consumo": 1, "energia_electrica": 1, "material_construccion": "HORMIGÓN ARMADO", "cota_msnm": 3400.0, "conoce_presa": "Sí", "como_elige_dir": "Asamblea general", "nom_presidente": "HUMBERTO QUISHPE ", "operador_sector": "SERGIO ASCANTA ", "anios_sistema": 45, "km_canal": 73.0, "recibio_capacitacion": "No", "le_gustaria_cap": "Sí", "temas_capacitacion": "RIEGO", "cedula": "1707835128", "caudal_valor": 34.2, "coord_x_utm": 819280.17, "coord_y_utm": 9991931.24, "soberania_aliment_pct": 75, "act_productivas_pct": 25, "actividad_productiva": "Particular", "observaciones": "1702521540014\nLote 26 (4757,412)(todo)"}, "geometry": {"type": "Point", "coordinates": [-78.131914, -0.072909]}}, {"type": "Feature", "properties": {"id": "{fc4356e2-5af2-451a-8201-d361639713f3}", "cod_poligono": "1702520680087", "num_predio": 1, "codigo_final": "S-C-P001", "propietario": "ASCANTA ULCUANGO JOSE MANUEL", "parroquia": "CANGAHUA", "tiene_reservorio": "Comunitario", "foto_predio": "DCIM/fichas-predios_20260523130748279.jpg", "creado_por": "u0_a279", "fecha_creacion": "2026-05-23T13:01:11.416Z", "apellidos": "ASCANTA ULCUANGO", "nombres": "JOSE MANUEL", "clave_catastral": "1702520680087", "telefono_celular": "0959508878", "hijos_hombres": 1, "hijos_mujeres": 2, "sector": "Guang-Porotog", "tenencia_predio": "Escritura", "nivel_instruccion": "Superior", "area_total": 1074.97, "org_riego": "GUALQUILQUI-POROTOG ", "sector_comunidad": "SAN ANTONIO-NINA RUMI", "canal": "GUALQUILQUI-POROTOG ", "area_riego": 1074.97, "area_sin_riego": 0.0, "frecuencia_riego": "Semanal", "metodo_aspersion_pct": 100, "dias_riego": 1, "horas_turno": 12, "valor_tarifa": 7.0, "tipo_tarifa": "fijo anual", "agua_consumo": 1, "energia_electrica": 1, "material_construccion": "BLOQUE", "cota_msnm": 3405.0, "conoce_presa": "Sí", "como_elige_dir": "Asamblea general", "nom_presidente": "JOSE JOAQUIN TIPANLUISA ", "operador_sector": "SERGIO ASCANTA", "anios_sistema": 25, "km_canal": 73.0, "recibio_capacitacion": "Sí", "le_gustaria_cap": "Sí", "temas_capacitacion": "MANEJO DE RIEGO PARA PRODUCCIÓN DE NUEVOS CULTIVOS ", "cedula": "1714483631", "caudal_valor": 27.8, "coord_x_utm": 819177.95, "coord_y_utm": 9991768.17, "soberania_aliment_pct": 50, "act_productivas_pct": 50, "actividad_productiva": "Particular", "observaciones": "EL REGANTE POSEE UN PREDIO EN SECTOR  DE PÁRAMO  CHICO LOTE # 26 CON UN AREA TOTAL DE RIEGO DE 4710.344 MTS CUADRADOS Y UN LOTE EN EL SECTOR DE CALLE HERMOSO DE 1600 MTS CUADROS DE RIEGO."}, "geometry": {"type": "Point", "coordinates": [-78.132831, -0.074382]}}, {"type": "Feature", "properties": {"id": "{37aa3459-9d12-4979-8433-25a90a6e3bcb}", "cod_poligono": "1702520680007", "num_predio": 1, "codigo_final": "S-C-P001", "propietario": "ASCANTA LANCHIMBA JUAN VICENTE", "parroquia": "CANGAHUA", "caudal_tipo": "Recibe la Comunidad", "tiene_reservorio": "Comunitario", "foto_predio": "DCIM/fichas-predios_20260523150224815.jpg", "creado_por": "u0_a279", "fecha_creacion": "2026-05-23T14:54:49.983Z", "apellidos": "ASCANTA LANCHIMBA", "nombres": "JUAN VICENTE", "clave_catastral": "1702520680007", "telefono_celular": "0993626108 ", "sector": "Guang-Porotog", "tenencia_predio": "Sin Escritura", "nivel_instruccion": "Primaria", "area_total": 595.29, "org_riego": "GUALQUILQUI-POROTOG ", "sector_comunidad": "SAN ANTONIO-NINA RUMI", "canal": "GUALQUILQUI-POROTOG ", "area_riego": 595.29, "area_sin_riego": 0.0, "frecuencia_riego": "Semanal", "metodo_aspersion_pct": 100, "dias_riego": 2, "horas_turno": 12, "valor_tarifa": 7.0, "tipo_tarifa": "fijo anual", "agua_consumo": 1, "energia_electrica": 1, "material_construccion": "BLOQUE", "cota_msnm": 3410.0, "conoce_presa": "Sí", "como_elige_dir": "Asamblea general", "nom_presidente": "CESAR HUMBERTO QUISHPE", "operador_sector": "SERGIO ASCANTA", "anios_sistema": 30, "km_canal": 7.0, "recibio_capacitacion": "No", "le_gustaria_cap": "Sí", "temas_capacitacion": "MANEJO DE RIEGO PARA LA PRODUCCION DE NUEVOS CULTIVOS ", "cedula": "1003051115", "caudal_valor": 27.8, "coord_x_utm": 818879.08, "coord_y_utm": 9991272.73, "soberania_aliment_pct": 50, "act_productivas_pct": 50, "actividad_productiva": "Particular", "observaciones": "EL REGANTE POSEE DOS PREDIOS EN EL SECTOE DE MORAS LOTE # 3 CON UN AREA TOTAL DE RIEGO DE 3720.044 MTS CUADRADOS; OTRO LOTE # 11 CON UN TOTAL DE RIEGO DE 9143.963 METROS CUADRADOS Y UN LOTE EN EL SECTOR DE VALLE HERMOSO CON UN AREA TOTAL DE RIEGO DE 1600 MTS CUADRADOS. "}, "geometry": {"type": "Point", "coordinates": [-78.135514, -0.078859]}}, {"type": "Feature", "properties": {"id": "{80eb2fce-f9b6-4859-833c-79cf14bfbd69}", "cod_poligono": "1702520680040", "num_predio": 1, "codigo_final": "S-C-P001", "propietario": "ACERO CUMBAL MARIA MERCEDES", "parroquia": "CANGAHUA", "caudal_tipo": "Recibe la Comunidad", "tiene_reservorio": "Comunitario", "foto_predio": "DCIM/fichas-predios_20260523120232926.JPG", "creado_por": "u0_a330", "fecha_creacion": "2026-05-23T11:52:01.135Z", "apellidos": "ACERO CUMBAL", "nombres": "MARIA MERCEDES", "clave_catastral": "1702520680040", "telefono_celular": "0994706916", "hijos_mujeres": 3, "sector": "Guang-Porotog", "tenencia_predio": "Escritura", "nivel_instruccion": "Alfabetizado", "area_total": 3061.79, "org_riego": "GUANGUILQUI POROTOG", "sector_comunidad": "SAN ANTONIO", "canal": "GUSNGUILQUI POROTOG", "area_riego": 3061.79, "area_sin_riego": 0.0, "frecuencia_riego": "Semanal", "metodo_aspersion_pct": 100, "dias_riego": 1, "horas_turno": 12, "valor_tarifa": 7.0, "tipo_tarifa": "fijo mensual", "agua_consumo": 1, "energia_electrica": 1, "material_construccion": "BLOQUE", "cota_msnm": 3415.0, "conoce_presa": "Sí", "como_elige_dir": "Asamblea general", "nom_presidente": "JOAQUIN TIPANLUISA", "operador_sector": "SERGIO ASCANTA", "anios_sistema": 11, "km_canal": 7.0, "recibio_capacitacion": "Sí", "le_gustaria_cap": "Sí", "temas_capacitacion": "RIEGO", "cedula": "1715123426", "caudal_valor": 34.32, "coord_x_utm": 818965.44, "coord_y_utm": 9991466.56, "observaciones": "Tiene predio en el area comunal 1702521540014 lote # 21 area 4000"}, "geometry": {"type": "Point", "coordinates": [-78.134739, -0.077108]}}, {"type": "Feature", "properties": {"id": "{90274951-2fc9-4f75-b817-038121371b8c}", "cod_poligono": "1702520680072", "num_predio": 1, "codigo_final": "S-C-P001", "propietario": "SALAZAR UMAQUINGA ROSA CARMEN", "parroquia": "CANGAHUA", "caudal_tipo": "Recibe la Comunidad", "tiene_reservorio": "Comunitario", "foto_predio": "DCIM/fichas-predios_20260523125423951.JPG", "creado_por": "u0_a330", "fecha_creacion": "2026-05-23T12:47:04.953Z", "apellidos": "SALAZAR UMAQUINGA", "nombres": "ROSA CARMEN", "clave_catastral": "1702520680072", "telefono_celular": "0988278202", "hijos_hombres": 1, "hijos_mujeres": 2, "sector": "Guang-Porotog", "tenencia_predio": "Escritura", "nivel_instruccion": "Superior", "area_total": 7313.91, "org_riego": "GUANGUILQUI POROTOG", "sector_comunidad": "SAN ANTONIO", "canal": "GUANGUILQUI POROTOG", "area_riego": 7313.91, "area_sin_riego": 0.0, "frecuencia_riego": "Semanal", "metodo_aspersion_pct": 100, "dias_riego": 2, "horas_turno": 24, "valor_tarifa": 7.0, "tipo_tarifa": "fijo anual", "agua_consumo": 1, "energia_electrica": 1, "material_construccion": "ADOBE", "cota_msnm": 3405.0, "conoce_presa": "Sí", "como_elige_dir": "Asamblea general", "nom_presidente": "JOAQUIN TIPANLUISA", "operador_sector": "ASCANTAR SERGIO", "recibio_capacitacion": "Sí", "le_gustaria_cap": "Sí", "temas_capacitacion": "SISTEMS DE RIEGO", "cedula": "1712027968", "coord_x_utm": 818854.51, "coord_y_utm": 9991606.61, "soberania_aliment_pct": 30, "act_productivas_pct": 70, "observaciones": "Tiene lote eb el predio 1702521540014 lote # 34 area 9658.836  siembra papay lote # 47 area 3203.458 pasto natural y en el predio 1702520700087 pasto mejorado"}, "geometry": {"type": "Point", "coordinates": [-78.135734, -0.075842]}}, {"type": "Feature", "properties": {"id": "{7e9c8932-604e-4d04-8692-6bfe9f8c9d75}", "cod_poligono": "1702520490068", "num_predio": 1, "codigo_final": "S-C-P001", "propietario": "ASCANTA MALDONADO CESAR HUGO", "parroquia": "CANGAHUA", "caudal_tipo": "Recibe la Comunidad", "tiene_reservorio": "Comunitario", "foto_predio": "DCIM/fichas-predios_20260523135008132.JPG", "creado_por": "u0_a330", "fecha_creacion": "2026-05-23T13:41:13.212Z", "apellidos": "ASCANTA MALDONADO", "nombres": "CESAR HUGO", "clave_catastral": "1702520490068", "telefono_celular": "0967193449", "hijos_hombres": 2, "hijos_mujeres": 1, "sector": "Guang-Porotog", "tenencia_predio": "Escritura", "nivel_instruccion": "Superior", "area_total": 14809.83, "org_riego": "GUANGUILQUI POROTOG", "sector_comunidad": "SAN ANTONIO", "canal": "GUANGUILQUI POROTOG", "area_riego": 14809.83, "area_sin_riego": 0.0, "frecuencia_riego": "Quincenal", "metodo_aspersion_pct": 100, "dias_riego": 2, "horas_turno": 12, "valor_tarifa": 7.0, "tipo_tarifa": "fijo anual", "agua_consumo": 1, "energia_electrica": 1, "material_construccion": "BLOQUE", "cota_msnm": 3325.0, "conoce_presa": "Sí", "como_elige_dir": "Asamblea general", "nom_presidente": "JOAQUIN TIPANLUISA ", "operador_sector": "JOAQUIN TIPANLUISA TUGULINAGO", "anios_sistema": 45, "km_canal": 7.0, "recibio_capacitacion": "No", "le_gustaria_cap": "Sí", "temas_capacitacion": "COMO PRODUCIR CULTIVOS", "cedula": "1714959671", "caudal_valor": 34.32, "coord_x_utm": 817863.7, "coord_y_utm": 9993162.36, "soberania_aliment_pct": 50, "act_productivas_pct": 50, "observaciones": "Tiene predio en sector moras 1702521540014 area 6043,695 lote #56 "}, "geometry": {"type": "Point", "coordinates": [-78.144628, -0.061785]}}, {"type": "Feature", "properties": {"id": "{ccbe9437-f390-4a9f-8e39-3bedc88d234f}", "cod_poligono": "1702520490069", "num_predio": 2, "codigo_final": "S-C-P002", "propietario": "ASCANTA PILLAJO MELCHOR", "parroquia": "CANGAHUA", "caudal_tipo": "Recibe la Comunidad", "tiene_reservorio": "Comunitario", "foto_predio": "DCIM/fichas-predios_20260523140557045.JPG", "creado_por": "u0_a330", "fecha_creacion": "2026-05-23T14:01:28.512Z", "apellidos": "ASCANTA PILLAJO", "nombres": "MELCHOR", "clave_catastral": "1702520490069", "telefono_celular": "0993791362", "hijos_hombres": 2, "hijos_mujeres": 3, "sector": "Guang-Porotog", "tenencia_predio": "Escritura", "nivel_instruccion": "Alfabetizado", "area_total": 15760.06, "org_riego": "GUANGUILQUI POROTOG", "sector_comunidad": "SAN ANTONIO", "canal": "GUANGUILQUI POROTOG", "area_riego": 15760.06, "area_sin_riego": 0.0, "frecuencia_riego": "Quincenal", "metodo_aspersion_pct": 100, "dias_riego": 2, "horas_turno": 12, "valor_tarifa": 7.0, "tipo_tarifa": "fijo anual", "agua_consumo": 1, "energia_electrica": 1, "material_construccion": "BLOQUE", "cota_msnm": 3340.0, "conoce_presa": "Sí", "como_elige_dir": "Asamblea general", "nom_presidente": "JOAQUIN TIPANLUISA ", "operador_sector": "JOAQUIN TIPANLUISA TUGULINAGO", "anios_sistema": 45, "km_canal": 7.0, "recibio_capacitacion": "Sí", "le_gustaria_cap": "Sí", "temas_capacitacion": "COMO PRODUCIR CULTIVOS", "cedula": "1703817831_1", "caudal_valor": 34.32, "coord_x_utm": 817669.86, "coord_y_utm": 9993300.93, "soberania_aliment_pct": 50, "act_productivas_pct": 50, "actividad_productiva": "Particular", "observaciones": "Actualiza datos el hijo del propietario, Predio en el sector  Moras clave 1702521540014 lote #40 area 3553,765 habas , meyoco 2000 y  #27 area 8905,966 cebolla 2000 lo demas es potrero"}, "geometry": {"type": "Point", "coordinates": [-78.146368, -0.060533]}}, {"type": "Feature", "properties": {"id": "{24c3b2a8-3c49-402d-a74d-ebba0bc2c3bd}", "cod_poligono": "1702520510036", "num_predio": 1, "codigo_final": "S-C-P001", "propietario": "ANDRANGO ASCANTA SEGUNDO JORGE", "parroquia": "CANGAHUA", "caudal_tipo": "Recibe la Comunidad", "tiene_reservorio": "Privado", "foto_predio": "DCIM/fichas-predios_20260523122516030.jpg", "creado_por": "u0_a70", "fecha_creacion": "2026-05-23T12:00:04.690Z", "apellidos": "ANDRANGO ASCANTA", "nombres": "SEGUNDO JORGE", "clave_catastral": "1702520510036", "telefono_celular": "0994589972", "hijos_hombres": 3, "hijos_mujeres": 3, "sector": "Guang-Porotog", "tenencia_predio": "Escritura", "nivel_instruccion": "Primaria", "area_total": 9417.93, "org_riego": "GUANG-POROTOG ", "sector_comunidad": "PAYLLACHO", "canal": "GUANG-POROTOG ", "area_riego": 9417.93, "area_sin_riego": 0.0, "frecuencia_riego": "Semanal", "metodo_aspersion_pct": 70, "metodo_goteo_pct": 30, "dias_riego": 1, "horas_turno": 12, "valor_tarifa": 7.0, "tipo_tarifa": "fijo anual", "agua_consumo": 0, "energia_electrica": 0, "material_construccion": "MIXTA", "cota_msnm": 3290.0, "conoce_presa": "Sí", "como_elige_dir": "Asamblea general", "nom_presidente": "JOAQUÍN TIPANLUISA ", "operador_sector": "SERGIO ASCANTA", "anios_sistema": 45, "km_canal": 7.0, "recibio_capacitacion": "Sí", "le_gustaria_cap": "Sí", "temas_capacitacion": "MANEJO DE RIEGO ", "cedula": "1710628049", "caudal_valor": 34.32, "coord_x_utm": 816846.32, "coord_y_utm": 9993240.68, "soberania_aliment_pct": 50, "act_productivas_pct": 50, "actividad_productiva": "Particular", "observaciones": "El propietario tiene además los siguientes terrenos que hace uso del riego.\n1702520680003 de 1000 con pasto y vivienda\nOtro terreno en el sector Tabiro de 13.400 está en proceso de legalización.\nSector Valle hermoso 1700 que está en proceso de legalización .\nSector Paramochico 2500 terreno que también usa riego "}, "geometry": {"type": "Point", "coordinates": [-78.15376, -0.061078]}}, {"type": "Feature", "properties": {"id": "{d12d86e1-11d3-432c-a207-a7dd45deed7a}", "cod_poligono": "1702520540066", "num_predio": 1, "codigo_final": "S-C-P001", "propietario": "ASCANTA CASCO MARIA MERCEDES", "parroquia": "CANGAHUA", "caudal_tipo": "Recibe la Comunidad", "tiene_reservorio": "Comunitario", "foto_predio": "DCIM/fichas-predios_20260523142905675.jpg", "creado_por": "u0_a70", "fecha_creacion": "2026-05-23T13:59:27.391Z", "apellidos": "ASCANTA CASCO", "nombres": "MARIA MERCEDES", "clave_catastral": "1702520540066", "hijos_hombres": 1, "hijos_mujeres": 2, "sector": "Guang-Porotog", "tenencia_predio": "Escritura", "nivel_instruccion": "Primaria", "area_total": 5490.83, "org_riego": "GUANG-POROTOG ", "sector_comunidad": "CRUZLOMA", "canal": "GUANG-POROTOG ", "area_riego": 5490.83, "area_sin_riego": 0.0, "frecuencia_riego": "Semanal", "metodo_gravedad_pct": 40, "metodo_aspersion_pct": 60, "dias_riego": 2, "horas_turno": 24, "valor_tarifa": 2.5, "tipo_tarifa": "fijo mensual", "cota_msnm": 3380.0, "conoce_presa": "Sí", "como_elige_dir": "Asamblea general", "nom_presidente": "CÉSAR HUMBERTO QUISHPE ", "operador_sector": "CLEMENTE QUILOTOA ", "anios_sistema": 11, "km_canal": 73.0, "recibio_capacitacion": "Sí", "le_gustaria_cap": "Sí", "temas_capacitacion": "MEJORAMIENTO DEL RIEGO", "cedula": "1715033013", "caudal_valor": 28.6, "coord_x_utm": 818250.0, "coord_y_utm": 9992350.96, "observaciones": "En Mulapotero tiene otro lote de 2000 m. Dedicado a especies menores, ganado .\nEn el sector San Pedro tiene 28000 que es del suegro, Maldonado Lanchimba Ambrocio,\nde la señora que da la información "}, "geometry": {"type": "Point", "coordinates": [-78.141161, -0.069117]}}]}